2025-11-14 12:40:32.880 [31mWARN [0;39m [] [HikariPool-1 housekeeper] com.zaxxer.hikari.pool.HikariPool - HikariPool-1 - Thread starvation or clock leap detected (housekeeper delta=12h50m41s406ms552µs800ns).
2025-11-14 12:40:58.009 [34mINFO [0;39m [ed8a33e2-eb00-4341-aa74-03ded5e41753] [http-nio-8081-exec-1] c.b.config.logging.HttpLoggingFilter - GET /store/d91b2c68-c343-4387-86b4-3b201263b90e -> 404 (19 ms)
2025-11-14 12:40:58.009 [34mINFO [0;39m [ed8a33e2-eb00-4341-aa74-03ded5e41753] [http-nio-8081-exec-1] c.b.config.logging.HttpLoggingFilter - Headers: auth=absent content-type=null accept=text/html,application/xhtml+xml,application/xml;q=0.9,image/avif,image/webp,image/apng,*/*;q=0.8,application/signed-exchange;v=b3;q=0.7
2025-11-14 12:44:05.569 [34mINFO [0;39m [ce1d9ea3-47f5-4fa9-8e46-14ad41b98cee] [http-nio-8081-exec-3] c.b.config.logging.HttpLoggingFilter - GET /store/d91b2c68-c343-4387-86b4-3b201263b90e -> 404 (13 ms)
2025-11-14 12:44:05.569 [34mINFO [0;39m [ce1d9ea3-47f5-4fa9-8e46-14ad41b98cee] [http-nio-8081-exec-3] c.b.config.logging.HttpLoggingFilter - Headers: auth=absent content-type=null accept=text/html,application/xhtml+xml,application/xml;q=0.9,image/avif,image/webp,image/apng,*/*;q=0.8,application/signed-exchange;v=b3;q=0.7
2025-11-14 12:44:13.303 [34mINFO [0;39m [1f6b6b27-b5e6-4f06-b3a6-fb1166f7ee49] [http-nio-8081-exec-4] com.bharatshop.web.CartController - Get cart: userId=guest
2025-11-14 12:44:13.320 [34mINFO [0;39m [1f6b6b27-b5e6-4f06-b3a6-fb1166f7ee49] [http-nio-8081-exec-4] c.b.config.logging.HttpLoggingFilter - GET /store/cart -> 200 (21 ms)
2025-11-14 12:44:13.322 [34mINFO [0;39m [1f6b6b27-b5e6-4f06-b3a6-fb1166f7ee49] [http-nio-8081-exec-4] c.b.config.logging.HttpLoggingFilter - Headers: auth=absent content-type=null accept=application/json, text/plain, */*
2025-11-14 12:44:13.328 [34mINFO [0;39m [1f6b6b27-b5e6-4f06-b3a6-fb1166f7ee49] [http-nio-8081-exec-4] c.b.config.logging.HttpLoggingFilter - Response payload: []
2025-11-14 12:44:13.343 [34mINFO [0;39m [fc9b99f9-3038-4802-9fcb-37c28b7d2c8a] [http-nio-8081-exec-5] com.bharatshop.web.CartController - Get cart: userId=guest
2025-11-14 12:44:13.343 [34mINFO [0;39m [fc9b99f9-3038-4802-9fcb-37c28b7d2c8a] [http-nio-8081-exec-5] c.b.config.logging.HttpLoggingFilter - GET /store/cart -> 200 (3 ms)
2025-11-14 12:44:13.343 [34mINFO [0;39m [fc9b99f9-3038-4802-9fcb-37c28b7d2c8a] [http-nio-8081-exec-5] c.b.config.logging.HttpLoggingFilter - Headers: auth=absent content-type=null accept=application/json, text/plain, */*
2025-11-14 12:44:13.343 [34mINFO [0;39m [fc9b99f9-3038-4802-9fcb-37c28b7d2c8a] [http-nio-8081-exec-5] c.b.config.logging.HttpLoggingFilter - Response payload: []
2025-11-14 12:44:13.423 [34mINFO [0;39m [0be63195-1e91-4a90-993b-00e1aa9769d1] [http-nio-8081-exec-6] c.b.web.StoreDiscoveryController - Discover stores: tenant=demo-store search=null category=null
2025-11-14 12:44:13.509 [34mINFO [0;39m [0be63195-1e91-4a90-993b-00e1aa9769d1] [http-nio-8081-exec-6] c.b.config.logging.HttpLoggingFilter - GET /api/stores -> 200 (92 ms)
2025-11-14 12:44:13.509 [34mINFO [0;39m [0be63195-1e91-4a90-993b-00e1aa9769d1] [http-nio-8081-exec-6] c.b.config.logging.HttpLoggingFilter - Headers: auth=absent content-type=null accept=application/json, text/plain, */*
2025-11-14 12:44:13.510 [34mINFO [0;39m [0be63195-1e91-4a90-993b-00e1aa9769d1] [http-nio-8081-exec-6] c.b.config.logging.HttpLoggingFilter - Response payload: [{"id":"86a8ebc8-b1bb-4ef7-8c3e-05aea997e2b8","name":"City Pharmacy","area":"Brigade","category":"pharmacy","status":"open","orderingDisabled":false,"updatedAt":"2025-11-13T18:15:29.906785Z"},{"id":"4ff4da78-416c-4c42-a2bf-2f4e1a2ca426","name":"Fresh Mart","area":"MG Road","category":"grocery","status":"open","orderingDisabled":false,"updatedAt":"2025-11-13T18:15:29.814666Z"},{"id":"d91b2c68-c343-4387-86b4-3b201263b90e","name":"Sunrise Hotel","area":"Beach","category":"hospitality","status":"open","orderingDisabled":false,"updatedAt":"2025-11-13T18:15:29.908771Z"}]
2025-11-14 23:25:16.351 [34mINFO [0;39m [] [main] c.bharatshop.BharatshopApplication - Starting BharatshopApplication using Java 17.0.12 with PID 73024 (C:\Users\Adarsh\Downloads\bharatshop-backend\target\bharatshop-backend-0.0.1-SNAPSHOT.jar started by Adarsh in C:\Users\Adarsh\Downloads\bharatshop-backend)
2025-11-14 23:25:16.354 [39mDEBUG[0;39m [] [main] c.bharatshop.BharatshopApplication - Running with Spring Boot v3.3.4, Spring v6.1.13
2025-11-14 23:25:16.354 [34mINFO [0;39m [] [main] c.bharatshop.BharatshopApplication - No active profile set, falling back to 1 default profile: "default"
2025-11-14 23:25:18.102 [34mINFO [0;39m [] [main] o.s.d.r.c.RepositoryConfigurationDelegate - Bootstrapping Spring Data JPA repositories in DEFAULT mode.
2025-11-14 23:25:18.190 [34mINFO [0;39m [] [main] o.s.d.r.c.RepositoryConfigurationDelegate - Finished Spring Data repository scanning in 75 ms. Found 6 JPA repository interfaces.
2025-11-14 23:25:19.344 [34mINFO [0;39m [] [main] o.s.b.w.e.tomcat.TomcatWebServer - Tomcat initialized with port 8080 (http)
2025-11-14 23:25:19.366 [34mINFO [0;39m [] [main] o.a.coyote.http11.Http11NioProtocol - Initializing ProtocolHandler ["http-nio-8080"]
2025-11-14 23:25:19.372 [34mINFO [0;39m [] [main] o.a.catalina.core.StandardService - Starting service [Tomcat]
2025-11-14 23:25:19.372 [34mINFO [0;39m [] [main] o.a.catalina.core.StandardEngine - Starting Servlet engine: [Apache Tomcat/10.1.30]
2025-11-14 23:25:19.436 [34mINFO [0;39m [] [main] o.a.c.c.C.[Tomcat].[localhost].[/] - Initializing Spring embedded WebApplicationContext
2025-11-14 23:25:19.436 [34mINFO [0;39m [] [main] o.s.b.w.s.c.ServletWebServerApplicationContext - Root WebApplicationContext: initialization completed in 2996 ms
2025-11-14 23:25:19.665 [34mINFO [0;39m [] [main] com.zaxxer.hikari.HikariDataSource - HikariPool-1 - Starting...
2025-11-14 23:25:19.925 [34mINFO [0;39m [] [main] com.zaxxer.hikari.pool.HikariPool - HikariPool-1 - Added connection conn0: url=jdbc:h2:mem:bharatshop user=SA
2025-11-14 23:25:19.925 [34mINFO [0;39m [] [main] com.zaxxer.hikari.HikariDataSource - HikariPool-1 - Start completed.
2025-11-14 23:25:19.945 [34mINFO [0;39m [] [main] o.s.b.a.h.H2ConsoleAutoConfiguration - H2 console available at '/h2-console'. Database available at 'jdbc:h2:mem:bharatshop'
2025-11-14 23:25:20.715 [34mINFO [0;39m [] [main] o.s.o.j.p.SpringPersistenceUnitInfo - No LoadTimeWeaver setup: ignoring JPA class transformer
2025-11-14 23:25:22.221 [34mINFO [0;39m [] [main] o.s.o.j.LocalContainerEntityManagerFactoryBean - Initialized JPA EntityManagerFactory for persistence unit 'default'
2025-11-14 23:25:22.692 [34mINFO [0;39m [] [main] c.b.config.NotificationConfig - SMS provider: LOG (fallback)
2025-11-14 23:25:22.692 [34mINFO [0;39m [] [main] c.b.config.NotificationConfig - Email provider: LOG (fallback)
2025-11-14 23:25:22.785 [39mDEBUG[0;39m [] [main] c.b.c.logging.CorrelationIdFilter - Filter 'correlationIdFilter' configured for use
2025-11-14 23:25:22.786 [39mDEBUG[0;39m [] [main] c.b.config.logging.HttpLoggingFilter - Filter 'httpLoggingFilter' configured for use
2025-11-14 23:25:22.789 [39mDEBUG[0;39m [] [main] com.bharatshop.config.TenantFilter - Filter 'tenantFilter' configured for use
2025-11-14 23:25:22.790 [39mDEBUG[0;39m [] [main] c.b.security.TokenAuthFilter - Filter 'tokenAuthFilter' configured for use
2025-11-14 23:25:22.793 [39mDEBUG[0;39m [] [main] c.b.config.IdempotencyFilter - Filter 'idempotencyFilter' configured for use
2025-11-14 23:25:23.259 [31mWARN [0;39m [] [main] o.s.b.a.o.j.JpaBaseConfiguration$JpaWebConfiguration - spring.jpa.open-in-view is enabled by default. Therefore, database queries may be performed during view rendering. Explicitly configure spring.jpa.open-in-view to disable this warning
2025-11-14 23:25:23.309 [31mWARN [0;39m [] [main] o.s.b.a.s.s.UserDetailsServiceAutoConfiguration - 

Using generated security password: ee215779-c455-418e-ac92-67dbb8c0c9b9

This generated password is for development use only. Your security configuration must be updated before running your application in production.

2025-11-14 23:25:23.317 [34mINFO [0;39m [] [main] o.s.s.c.a.a.c.InitializeUserDetailsBeanManagerConfigurer$InitializeUserDetailsManagerConfigurer - Global AuthenticationManager configured with UserDetailsService bean with name inMemoryUserDetailsManager
2025-11-14 23:25:23.933 [34mINFO [0;39m [] [main] o.s.b.a.e.web.EndpointLinksResolver - Exposing 4 endpoints beneath base path '/actuator'
2025-11-14 23:25:24.653 [34mINFO [0;39m [] [main] o.a.coyote.http11.Http11NioProtocol - Starting ProtocolHandler ["http-nio-8080"]
2025-11-14 23:25:24.695 [34mINFO [0;39m [] [main] o.s.b.w.e.tomcat.TomcatWebServer - Tomcat started on port 8080 (http) with context path '/'
2025-11-14 23:25:24.715 [34mINFO [0;39m [] [main] c.bharatshop.BharatshopApplication - Started BharatshopApplication in 9.565 seconds (process running for 10.503)
2025-11-14 23:25:29.705 [34mINFO [0;39m [] [http-nio-8080-exec-1] o.a.c.c.C.[Tomcat].[localhost].[/] - Initializing Spring DispatcherServlet 'dispatcherServlet'
2025-11-14 23:25:29.707 [34mINFO [0;39m [] [http-nio-8080-exec-1] o.s.web.servlet.DispatcherServlet - Initializing Servlet 'dispatcherServlet'
2025-11-14 23:25:29.710 [34mINFO [0;39m [] [http-nio-8080-exec-1] o.s.web.servlet.DispatcherServlet - Completed initialization in 3 ms
2025-11-14 23:25:29.911 [31mWARN [0;39m [d12d9653-ed7c-4b54-bcd3-bc1528723455] [http-nio-8080-exec-1] o.s.b.a.mail.MailHealthIndicator - Mail health check failed
jakarta.mail.AuthenticationFailedException: failed to connect, no password specified?
	at jakarta.mail.Service.connect(Service.java:379)
	at org.springframework.mail.javamail.JavaMailSenderImpl.connectTransport(JavaMailSenderImpl.java:480)
	at org.springframework.mail.javamail.JavaMailSenderImpl.testConnection(JavaMailSenderImpl.java:360)
	at org.springframework.boot.actuate.mail.MailHealthIndicator.doHealthCheck(MailHealthIndicator.java:52)
	at org.springframework.boot.actuate.health.AbstractHealthIndicator.health(AbstractHealthIndicator.java:82)
	at org.springframework.boot.actuate.health.HealthIndicator.getHealth(HealthIndicator.java:37)
	at org.springframework.boot.actuate.health.HealthEndpointWebExtension.getHealth(HealthEndpointWebExtension.java:94)
	at org.springframework.boot.actuate.health.HealthEndpointWebExtension.getHealth(HealthEndpointWebExtension.java:47)
	at org.springframework.boot.actuate.health.HealthEndpointSupport.getLoggedHealth(HealthEndpointSupport.java:172)
	at org.springframework.boot.actuate.health.HealthEndpointSupport.getContribution(HealthEndpointSupport.java:145)
	at org.springframework.boot.actuate.health.HealthEndpointSupport.getAggregateContribution(HealthEndpointSupport.java:156)
	at org.springframework.boot.actuate.health.HealthEndpointSupport.getContribution(HealthEndpointSupport.java:141)
	at org.springframework.boot.actuate.health.HealthEndpointSupport.getHealth(HealthEndpointSupport.java:110)
	at org.springframework.boot.actuate.health.HealthEndpointSupport.getHealth(HealthEndpointSupport.java:81)
	at org.springframework.boot.actuate.health.HealthEndpointWebExtension.health(HealthEndpointWebExtension.java:80)
	at org.springframework.boot.actuate.health.HealthEndpointWebExtension.health(HealthEndpointWebExtension.java:69)
	at java.base/jdk.internal.reflect.NativeMethodAccessorImpl.invoke0(Native Method)
	at java.base/jdk.internal.reflect.NativeMethodAccessorImpl.invoke(NativeMethodAccessorImpl.java:77)
	at java.base/jdk.internal.reflect.DelegatingMethodAccessorImpl.invoke(DelegatingMethodAccessorImpl.java:43)
	at java.base/java.lang.reflect.Method.invoke(Method.java:568)
	at org.springframework.util.ReflectionUtils.invokeMethod(ReflectionUtils.java:281)
	at org.springframework.boot.actuate.endpoint.invoke.reflect.ReflectiveOperationInvoker.invoke(ReflectiveOperationInvoker.java:74)
	at org.springframework.boot.actuate.endpoint.annotation.AbstractDiscoveredOperation.invoke(AbstractDiscoveredOperation.java:60)
	at org.springframework.boot.actuate.endpoint.web.servlet.AbstractWebMvcEndpointHandlerMapping$ServletWebOperationAdapter.handle(AbstractWebMvcEndpointHandlerMapping.java:327)
	at org.springframework.boot.actuate.endpoint.web.servlet.AbstractWebMvcEndpointHandlerMapping$OperationHandler.handle(AbstractWebMvcEndpointHandlerMapping.java:434)
	at java.base/jdk.internal.reflect.NativeMethodAccessorImpl.invoke0(Native Method)
	at java.base/jdk.internal.reflect.NativeMethodAccessorImpl.invoke(NativeMethodAccessorImpl.java:77)
	at java.base/jdk.internal.reflect.DelegatingMethodAccessorImpl.invoke(DelegatingMethodAccessorImpl.java:43)
	at java.base/java.lang.reflect.Method.invoke(Method.java:568)
	at org.springframework.web.method.support.InvocableHandlerMethod.doInvoke(InvocableHandlerMethod.java:255)
	at org.springframework.web.method.support.InvocableHandlerMethod.invokeForRequest(InvocableHandlerMethod.java:188)
	at org.springframework.web.servlet.mvc.method.annotation.ServletInvocableHandlerMethod.invokeAndHandle(ServletInvocableHandlerMethod.java:118)
	at org.springframework.web.servlet.mvc.method.annotation.RequestMappingHandlerAdapter.invokeHandlerMethod(RequestMappingHandlerAdapter.java:926)
	at org.springframework.web.servlet.mvc.method.annotation.RequestMappingHandlerAdapter.handleInternal(RequestMappingHandlerAdapter.java:831)
	at org.springframework.web.servlet.mvc.method.AbstractHandlerMethodAdapter.handle(AbstractHandlerMethodAdapter.java:87)
	at org.springframework.web.servlet.DispatcherServlet.doDispatch(DispatcherServlet.java:1089)
	at org.springframework.web.servlet.DispatcherServlet.doService(DispatcherServlet.java:979)
	at org.springframework.web.servlet.FrameworkServlet.processRequest(FrameworkServlet.java:1014)
	at org.springframework.web.servlet.FrameworkServlet.doGet(FrameworkServlet.java:903)
	at jakarta.servlet.http.HttpServlet.service(HttpServlet.java:564)
	at org.springframework.web.servlet.FrameworkServlet.service(FrameworkServlet.java:885)
	at jakarta.servlet.http.HttpServlet.service(HttpServlet.java:658)
	at org.apache.catalina.core.ApplicationFilterChain.internalDoFilter(ApplicationFilterChain.java:195)
	at org.apache.catalina.core.ApplicationFilterChain.doFilter(ApplicationFilterChain.java:140)
	at org.apache.tomcat.websocket.server.WsFilter.doFilter(WsFilter.java:51)
	at org.apache.catalina.core.ApplicationFilterChain.internalDoFilter(ApplicationFilterChain.java:164)
	at org.apache.catalina.core.ApplicationFilterChain.doFilter(ApplicationFilterChain.java:140)
	at org.springframework.web.filter.OncePerRequestFilter.doFilter(OncePerRequestFilter.java:110)
	at org.apache.catalina.core.ApplicationFilterChain.internalDoFilter(ApplicationFilterChain.java:164)
	at org.apache.catalina.core.ApplicationFilterChain.doFilter(ApplicationFilterChain.java:140)
	at com.bharatshop.config.TenantFilter.doFilterInternal(TenantFilter.java:35)
	at org.springframework.web.filter.OncePerRequestFilter.doFilter(OncePerRequestFilter.java:116)
	at org.apache.catalina.core.ApplicationFilterChain.internalDoFilter(ApplicationFilterChain.java:164)
	at org.apache.catalina.core.ApplicationFilterChain.doFilter(ApplicationFilterChain.java:140)
	at com.bharatshop.config.IdempotencyFilter.doFilterInternal(IdempotencyFilter.java:54)
	at org.springframework.web.filter.OncePerRequestFilter.doFilter(OncePerRequestFilter.java:116)
	at org.apache.catalina.core.ApplicationFilterChain.internalDoFilter(ApplicationFilterChain.java:164)
	at org.apache.catalina.core.ApplicationFilterChain.doFilter(ApplicationFilterChain.java:140)
	at com.bharatshop.config.logging.HttpLoggingFilter.doFilterInternal(HttpLoggingFilter.java:32)
	at org.springframework.web.filter.OncePerRequestFilter.doFilter(OncePerRequestFilter.java:116)
	at org.apache.catalina.core.ApplicationFilterChain.internalDoFilter(ApplicationFilterChain.java:164)
	at org.apache.catalina.core.ApplicationFilterChain.doFilter(ApplicationFilterChain.java:140)
	at com.bharatshop.config.logging.CorrelationIdFilter.doFilterInternal(CorrelationIdFilter.java:29)
	at org.springframework.web.filter.OncePerRequestFilter.doFilter(OncePerRequestFilter.java:116)
	at org.apache.catalina.core.ApplicationFilterChain.internalDoFilter(ApplicationFilterChain.java:164)
	at org.apache.catalina.core.ApplicationFilterChain.doFilter(ApplicationFilterChain.java:140)
	at org.springframework.web.filter.CompositeFilter$VirtualFilterChain.doFilter(CompositeFilter.java:108)
	at org.springframework.security.web.FilterChainProxy.lambda$doFilterInternal$3(FilterChainProxy.java:231)
	at org.springframework.security.web.ObservationFilterChainDecorator$FilterObservation$SimpleFilterObservation.lambda$wrap$1(ObservationFilterChainDecorator.java:479)
	at org.springframework.security.web.ObservationFilterChainDecorator$AroundFilterObservation$SimpleAroundFilterObservation.lambda$wrap$1(ObservationFilterChainDecorator.java:340)
	at org.springframework.security.web.ObservationFilterChainDecorator.lambda$wrapSecured$0(ObservationFilterChainDecorator.java:82)
	at org.springframework.security.web.ObservationFilterChainDecorator$VirtualFilterChain.doFilter(ObservationFilterChainDecorator.java:128)
	at org.springframework.security.web.access.intercept.AuthorizationFilter.doFilter(AuthorizationFilter.java:100)
	at org.springframework.security.web.ObservationFilterChainDecorator$ObservationFilter.wrapFilter(ObservationFilterChainDecorator.java:240)
	at org.springframework.security.web.ObservationFilterChainDecorator$ObservationFilter.doFilter(ObservationFilterChainDecorator.java:227)
	at org.springframework.security.web.ObservationFilterChainDecorator$VirtualFilterChain.doFilter(ObservationFilterChainDecorator.java:137)
	at org.springframework.security.web.access.ExceptionTranslationFilter.doFilter(ExceptionTranslationFilter.java:126)
	at org.springframework.security.web.access.ExceptionTranslationFilter.doFilter(ExceptionTranslationFilter.java:120)
	at org.springframework.security.web.ObservationFilterChainDecorator$ObservationFilter.wrapFilter(ObservationFilterChainDecorator.java:240)
	at org.springframework.security.web.ObservationFilterChainDecorator$ObservationFilter.doFilter(ObservationFilterChainDecorator.java:227)
	at org.springframework.security.web.ObservationFilterChainDecorator$VirtualFilterChain.doFilter(ObservationFilterChainDecorator.java:137)
	at org.springframework.security.web.authentication.AnonymousAuthenticationFilter.doFilter(AnonymousAuthenticationFilter.java:100)
	at org.springframework.security.web.ObservationFilterChainDecorator$ObservationFilter.wrapFilter(ObservationFilterChainDecorator.java:240)
	at org.springframework.security.web.ObservationFilterChainDecorator$ObservationFilter.doFilter(ObservationFilterChainDecorator.java:227)
	at org.springframework.security.web.ObservationFilterChainDecorator$VirtualFilterChain.doFilter(ObservationFilterChainDecorator.java:137)
	at org.springframework.security.web.servletapi.SecurityContextHolderAwareRequestFilter.doFilter(SecurityContextHolderAwareRequestFilter.java:179)
	at org.springframework.security.web.ObservationFilterChainDecorator$ObservationFilter.wrapFilter(ObservationFilterChainDecorator.java:240)
	at org.springframework.security.web.ObservationFilterChainDecorator$ObservationFilter.doFilter(ObservationFilterChainDecorator.java:227)
	at org.springframework.security.web.ObservationFilterChainDecorator$VirtualFilterChain.doFilter(ObservationFilterChainDecorator.java:137)
	at org.springframework.security.web.savedrequest.RequestCacheAwareFilter.doFilter(RequestCacheAwareFilter.java:63)
	at org.springframework.security.web.ObservationFilterChainDecorator$ObservationFilter.wrapFilter(ObservationFilterChainDecorator.java:240)
	at org.springframework.security.web.ObservationFilterChainDecorator$ObservationFilter.doFilter(ObservationFilterChainDecorator.java:227)
	at org.springframework.security.web.ObservationFilterChainDecorator$VirtualFilterChain.doFilter(ObservationFilterChainDecorator.java:137)
	at com.bharatshop.security.TokenAuthFilter.doFilterInternal(TokenAuthFilter.java:47)
	at org.springframework.web.filter.OncePerRequestFilter.doFilter(OncePerRequestFilter.java:116)
	at org.springframework.security.web.ObservationFilterChainDecorator$ObservationFilter.wrapFilter(ObservationFilterChainDecorator.java:240)
	at org.springframework.security.web.ObservationFilterChainDecorator$ObservationFilter.doFilter(ObservationFilterChainDecorator.java:227)
	at org.springframework.security.web.ObservationFilterChainDecorator$VirtualFilterChain.doFilter(ObservationFilterChainDecorator.java:137)
	at org.springframework.security.web.authentication.logout.LogoutFilter.doFilter(LogoutFilter.java:107)
	at org.springframework.security.web.authentication.logout.LogoutFilter.doFilter(LogoutFilter.java:93)
	at org.springframework.security.web.ObservationFilterChainDecorator$ObservationFilter.wrapFilter(ObservationFilterChainDecorator.java:240)
	at org.springframework.security.web.ObservationFilterChainDecorator$ObservationFilter.doFilter(ObservationFilterChainDecorator.java:227)
	at org.springframework.security.web.ObservationFilterChainDecorator$VirtualFilterChain.doFilter(ObservationFilterChainDecorator.java:137)
	at org.springframework.web.filter.CorsFilter.doFilterInternal(CorsFilter.java:91)
	at org.springframework.web.filter.OncePerRequestFilter.doFilter(OncePerRequestFilter.java:116)
	at org.springframework.security.web.ObservationFilterChainDecorator$ObservationFilter.wrapFilter(ObservationFilterChainDecorator.java:240)
	at org.springframework.security.web.ObservationFilterChainDecorator$ObservationFilter.doFilter(ObservationFilterChainDecorator.java:227)
	at org.springframework.security.web.ObservationFilterChainDecorator$VirtualFilterChain.doFilter(ObservationFilterChainDecorator.java:137)
	at org.springframework.security.web.header.HeaderWriterFilter.doHeadersAfter(HeaderWriterFilter.java:90)
	at org.springframework.security.web.header.HeaderWriterFilter.doFilterInternal(HeaderWriterFilter.java:75)
	at org.springframework.web.filter.OncePerRequestFilter.doFilter(OncePerRequestFilter.java:116)
	at org.springframework.security.web.ObservationFilterChainDecorator$ObservationFilter.wrapFilter(ObservationFilterChainDecorator.java:240)
	at org.springframework.security.web.ObservationFilterChainDecorator$ObservationFilter.doFilter(ObservationFilterChainDecorator.java:227)
	at org.springframework.security.web.ObservationFilterChainDecorator$VirtualFilterChain.doFilter(ObservationFilterChainDecorator.java:137)
	at org.springframework.security.web.context.SecurityContextHolderFilter.doFilter(SecurityContextHolderFilter.java:82)
	at org.springframework.security.web.context.SecurityContextHolderFilter.doFilter(SecurityContextHolderFilter.java:69)
	at org.springframework.security.web.ObservationFilterChainDecorator$ObservationFilter.wrapFilter(ObservationFilterChainDecorator.java:240)
	at org.springframework.security.web.ObservationFilterChainDecorator$ObservationFilter.doFilter(ObservationFilterChainDecorator.java:227)
	at org.springframework.security.web.ObservationFilterChainDecorator$VirtualFilterChain.doFilter(ObservationFilterChainDecorator.java:137)
	at org.springframework.security.web.context.request.async.WebAsyncManagerIntegrationFilter.doFilterInternal(WebAsyncManagerIntegrationFilter.java:62)
	at org.springframework.web.filter.OncePerRequestFilter.doFilter(OncePerRequestFilter.java:116)
	at org.springframework.security.web.ObservationFilterChainDecorator$ObservationFilter.wrapFilter(ObservationFilterChainDecorator.java:240)
	at org.springframework.security.web.ObservationFilterChainDecorator$ObservationFilter.doFilter(ObservationFilterChainDecorator.java:227)
	at org.springframework.security.web.ObservationFilterChainDecorator$VirtualFilterChain.doFilter(ObservationFilterChainDecorator.java:137)
	at org.springframework.security.web.session.DisableEncodeUrlFilter.doFilterInternal(DisableEncodeUrlFilter.java:42)
	at org.springframework.web.filter.OncePerRequestFilter.doFilter(OncePerRequestFilter.java:116)
	at org.springframework.security.web.ObservationFilterChainDecorator$ObservationFilter.wrapFilter(ObservationFilterChainDecorator.java:240)
	at org.springframework.security.web.ObservationFilterChainDecorator$AroundFilterObservation$SimpleAroundFilterObservation.lambda$wrap$0(ObservationFilterChainDecorator.java:323)
	at org.springframework.security.web.ObservationFilterChainDecorator$ObservationFilter.doFilter(ObservationFilterChainDecorator.java:224)
	at org.springframework.security.web.ObservationFilterChainDecorator$VirtualFilterChain.doFilter(ObservationFilterChainDecorator.java:137)
	at org.springframework.security.web.FilterChainProxy.doFilterInternal(FilterChainProxy.java:233)
	at org.springframework.security.web.FilterChainProxy.doFilter(FilterChainProxy.java:191)
	at org.springframework.web.filter.CompositeFilter$VirtualFilterChain.doFilter(CompositeFilter.java:113)
	at org.springframework.web.servlet.handler.HandlerMappingIntrospector.lambda$createCacheFilter$3(HandlerMappingIntrospector.java:195)
	at org.springframework.web.filter.CompositeFilter$VirtualFilterChain.doFilter(CompositeFilter.java:113)
	at org.springframework.web.filter.CompositeFilter.doFilter(CompositeFilter.java:74)
	at org.springframework.security.config.annotation.web.configuration.WebMvcSecurityConfiguration$CompositeFilterChainProxy.doFilter(WebMvcSecurityConfiguration.java:230)
	at org.springframework.web.filter.DelegatingFilterProxy.invokeDelegate(DelegatingFilterProxy.java:352)
	at org.springframework.web.filter.DelegatingFilterProxy.doFilter(DelegatingFilterProxy.java:268)
	at org.apache.catalina.core.ApplicationFilterChain.internalDoFilter(ApplicationFilterChain.java:164)
	at org.apache.catalina.core.ApplicationFilterChain.doFilter(ApplicationFilterChain.java:140)
	at org.springframework.web.filter.RequestContextFilter.doFilterInternal(RequestContextFilter.java:100)
	at org.springframework.web.filter.OncePerRequestFilter.doFilter(OncePerRequestFilter.java:116)
	at org.apache.catalina.core.ApplicationFilterChain.internalDoFilter(ApplicationFilterChain.java:164)
	at org.apache.catalina.core.ApplicationFilterChain.doFilter(ApplicationFilterChain.java:140)
	at org.springframework.web.filter.FormContentFilter.doFilterInternal(FormContentFilter.java:93)
	at org.springframework.web.filter.OncePerRequestFilter.doFilter(OncePerRequestFilter.java:116)
	at org.apache.catalina.core.ApplicationFilterChain.internalDoFilter(ApplicationFilterChain.java:164)
	at org.apache.catalina.core.ApplicationFilterChain.doFilter(ApplicationFilterChain.java:140)
	at org.springframework.web.filter.ServerHttpObservationFilter.doFilterInternal(ServerHttpObservationFilter.java:113)
	at org.springframework.web.filter.OncePerRequestFilter.doFilter(OncePerRequestFilter.java:116)
	at org.apache.catalina.core.ApplicationFilterChain.internalDoFilter(ApplicationFilterChain.java:164)
	at org.apache.catalina.core.ApplicationFilterChain.doFilter(ApplicationFilterChain.java:140)
	at org.springframework.web.filter.CharacterEncodingFilter.doFilterInternal(CharacterEncodingFilter.java:201)
	at org.springframework.web.filter.OncePerRequestFilter.doFilter(OncePerRequestFilter.java:116)
	at org.apache.catalina.core.ApplicationFilterChain.internalDoFilter(ApplicationFilterChain.java:164)
	at org.apache.catalina.core.ApplicationFilterChain.doFilter(ApplicationFilterChain.java:140)
	at org.apache.catalina.core.StandardWrapperValve.invoke(StandardWrapperValve.java:167)
	at org.apache.catalina.core.StandardContextValve.invoke(StandardContextValve.java:90)
	at org.apache.catalina.authenticator.AuthenticatorBase.invoke(AuthenticatorBase.java:483)
	at org.apache.catalina.core.StandardHostValve.invoke(StandardHostValve.java:115)
	at org.apache.catalina.valves.ErrorReportValve.invoke(ErrorReportValve.java:93)
	at org.apache.catalina.core.StandardEngineValve.invoke(StandardEngineValve.java:74)
	at org.apache.catalina.valves.AbstractAccessLogValve.invoke(AbstractAccessLogValve.java:663)
	at org.apache.catalina.connector.CoyoteAdapter.service(CoyoteAdapter.java:344)
	at org.apache.coyote.http11.Http11Processor.service(Http11Processor.java:384)
	at org.apache.coyote.AbstractProcessorLight.process(AbstractProcessorLight.java:63)
	at org.apache.coyote.AbstractProtocol$ConnectionHandler.process(AbstractProtocol.java:905)
	at org.apache.tomcat.util.net.NioEndpoint$SocketProcessor.doRun(NioEndpoint.java:1741)
	at org.apache.tomcat.util.net.SocketProcessorBase.run(SocketProcessorBase.java:52)
	at org.apache.tomcat.util.threads.ThreadPoolExecutor.runWorker(ThreadPoolExecutor.java:1190)
	at org.apache.tomcat.util.threads.ThreadPoolExecutor$Worker.run(ThreadPoolExecutor.java:659)
	at org.apache.tomcat.util.threads.TaskThread$WrappingRunnable.run(TaskThread.java:63)
	at java.base/java.lang.Thread.run(Thread.java:842)
2025-11-14 23:25:30.050 [34mINFO [0;39m [d12d9653-ed7c-4b54-bcd3-bc1528723455] [http-nio-8080-exec-1] c.b.config.logging.HttpLoggingFilter - GET /actuator/health -> 503 (266 ms)
2025-11-14 23:25:30.050 [34mINFO [0;39m [d12d9653-ed7c-4b54-bcd3-bc1528723455] [http-nio-8080-exec-1] c.b.config.logging.HttpLoggingFilter - Headers: auth=absent content-type=null accept=null
2025-11-14 23:25:30.054 [34mINFO [0;39m [d12d9653-ed7c-4b54-bcd3-bc1528723455] [http-nio-8080-exec-1] c.b.config.logging.HttpLoggingFilter - Response payload: {"status":"DOWN","components":{"db":{"status":"UP","details":{"database":"H2","validationQuery":"isValid()"}},"diskSpace":{"status":"UP","details":{"total":511023509504,"free":237227171840,"threshold":10485760,"path":"C:\\Users\\Adarsh\\Downloads\\bharatshop-backend\\.","exists":true}},"mail":{"status":"DOWN","details":{"location":":587","error":"jakarta.mail.AuthenticationFailedException: failed to connect, no password specified?"}},"ping":{"status":"UP"}}}
2025-11-14 23:25:31.637 [34mINFO [0;39m [41528ebc-f483-41e7-83ce-9fa1fc5e8e7f] [http-nio-8080-exec-2] o.s.api.AbstractOpenApiResource - Init duration for springdoc-openapi is: 1306 ms
2025-11-14 23:25:31.700 [34mINFO [0;39m [41528ebc-f483-41e7-83ce-9fa1fc5e8e7f] [http-nio-8080-exec-2] c.b.config.logging.HttpLoggingFilter - GET /v3/api-docs -> 200 (1397 ms)
2025-11-14 23:25:31.700 [34mINFO [0;39m [41528ebc-f483-41e7-83ce-9fa1fc5e8e7f] [http-nio-8080-exec-2] c.b.config.logging.HttpLoggingFilter - Headers: auth=absent content-type=null accept=null
2025-11-14 23:25:31.700 [34mINFO [0;39m [41528ebc-f483-41e7-83ce-9fa1fc5e8e7f] [http-nio-8080-exec-2] c.b.config.logging.HttpLoggingFilter - Response payload: {"openapi":"3.0.1","info":{"title":"OpenAPI definition","version":"v0"},"servers":[{"url":"http://localhost:8080","description":"Generated server url"}],"paths":{"/store/payments/webhook":{"post":{"tags":["store-payments-controller"],"operationId":"webhook","requestBody":{"content":{"application/json":{"schema":{"type":"object","additionalProperties":{"type":"object"}}}},"required":true},"responses":{"200":{"description":"OK","content":{"*/*":{"schema":{"type":"object"}}}}}}},"/store/payments/verify":{"post":{"tags":["store-payments-controller"],"operationId":"verify","parameters":[{"name":"X-Tenant-Domain","in":"header","required":false,"schema":{"type":"string"}}],"requestBody":{"content":{"application/json":{"schema":{"type":"object","additionalProperties":{"type":"object"}}}},"required":true},"responses":{"200":{"description":"OK","content":{"*/*":{"schema":{"type":"object"}}}}}}},"/store/payments/initiate":{"post":{"tags":["store-payments-controller"],"operationId":"initiate","parameters":[{"name":"X-Tenant-Domain","in":"header","required":false,"schema":{"type":"string"}}],"requestBody":{"content":{"application/json":{"schema":{"type":"object","additionalProperties":{"type":"object"}}}},"required":true},"responses":{"200":{"description":"OK","content":{"*/*":{"schema":{"type":"object"}}}}}}},"/store/checkout":{"post":{"tags":["store-legacy-controller"],"operationId":"checkout","parameters":[{"name":"X-Tenant-Domain","in":"header","required":false,"schema":{"type":"string"}}],"requestBody":{"content":{"application/json":{"schema":{"$ref":"#/components/schemas/CheckoutRequest"}}},"required":true},"responses":{"200":{"description":"OK","content":{"*/*":{"schema":{"type":"object"}}}}}}},"/store/cart/add":{"post":{"tags":["cart-controller"],"operationId":"add","parameters":[{"name":"X-Guest-Id","in":"header","required":false,"schema":{"type":"string"}}],"requestBody":{"content":{"application/json":{"schema":{"$ref":"#/components/schemas/CartItem"}}},"required":true},"responses":{"200":{"description":"OK","content":{"*/*":{"schema":{"type":"array","items":{"$ref":"#/components/schemas/CartItem"}}}}}}}},"/api/stores":{"get":{"tags":["store-discovery-controller"],"operationId":"stores","parameters":[{"name":"X-Tenant-Domain","in":"header","required":false,"schema":{"type":"string"}},{"name":"search","in":"query","required":false,"schema":{"type":"string"}},{"name":"category","in":"query","required":false,"schema":{"type":"string"}}],"responses":{"200":{"description":"OK","content":{"*/*":{"schema":{"type":"array","items":{"$ref":"#/components/schemas/Store"}}}}}}},"post":{"tags":["store-discovery-controller"],"operationId":"addStore","parameters":[{"name":"X-Tenant-Domain","in":"header","required":false,"schema":{"type":"string"}}],"requestBody":{"content":{"application/json":{"schema":{"$ref":"#/components/schemas/Store"}}},"required":true},"responses":{"200":{"description":"OK","content":{"*/*":{"schema":{"type":"object"}}}}}}},"/api/storefront/payments/verify":{"post":{"tags":["payment-controller"],"operationId":"verify_1","parameters":[{"name":"X-Tenant-Domain","in":"header","required":true,"schema":{"type":"string"}}],"requestBody":{"content":{"application/json":{"schema":{"type":"object","additionalProperties":{"type":"object"}}}},"required":true},"responses":{"200":{"description":"OK","content":{"*/*":{"schema":{"type":"object"}}}}}}},"/api/storefront/payments/create-order":{"post":{"tags":["payment-controller"],"operationId":"createOrder","parameters":[{"name":"X-Tenant-Domain","in":"header","required":true,"schema":{"type":"string"}}],"requestBody":{"content":{"application/json":{"schema":{"type":"object","additionalProperties":{"type":"object"}}}},"required":true},"responses":{"200":{"description":"OK","content":{"*/*":{"schema":{"type":"object"}}}}}}},"/api/storefront/i18n/preferences":{"get":{"tags":["i-18n-controller"],"operationId":"getPreferences","parameters":[{"name":"Authorization","in":"header","required":false,"schema":{"type":"string"}}],"responses":{"200":{"description":"OK","content":{"*/*":{"schema"... (truncated)
2025-11-14 23:25:31.887 [34mINFO [0;39m [2b15e2b8-430b-4654-be14-6828feeaa370] [http-nio-8080-exec-3] c.b.config.logging.HttpLoggingFilter - POST /api/storefront/auth/login -> 400 (0 ms)
2025-11-14 23:25:31.889 [34mINFO [0;39m [2b15e2b8-430b-4654-be14-6828feeaa370] [http-nio-8080-exec-3] c.b.config.logging.HttpLoggingFilter - Headers: auth=absent content-type=application/json accept=null
2025-11-14 23:25:31.889 [34mINFO [0;39m [2b15e2b8-430b-4654-be14-6828feeaa370] [http-nio-8080-exec-3] c.b.config.logging.HttpLoggingFilter - Response payload: {"code":"VALIDATION_ERROR","message":"Missing X-Tenant-Domain header","details":{"header":"X-Tenant-Domain"}}
2025-11-14 23:25:32.196 [34mINFO [0;39m [76ba0e19-dab6-4ce8-9c90-5efa0c9a705f] [http-nio-8080-exec-5] c.b.web.StorefrontProductController - Storefront list products: tenant=local category=null search=null 
2025-11-14 23:25:32.310 [34mINFO [0;39m [76ba0e19-dab6-4ce8-9c90-5efa0c9a705f] [http-nio-8080-exec-5] c.b.config.logging.HttpLoggingFilter - GET /api/storefront/products -> 200 (118 ms)
2025-11-14 23:25:32.313 [34mINFO [0;39m [76ba0e19-dab6-4ce8-9c90-5efa0c9a705f] [http-nio-8080-exec-5] c.b.config.logging.HttpLoggingFilter - Headers: auth=absent content-type=null accept=null
2025-11-14 23:25:32.313 [34mINFO [0;39m [76ba0e19-dab6-4ce8-9c90-5efa0c9a705f] [http-nio-8080-exec-5] c.b.config.logging.HttpLoggingFilter - Response payload: [{"id":"882082d2-2aae-43d7-8e20-740829db5cc6","name":"Apples","price":120.0,"category":"fruits","storeId":"53b72aca-dd11-4e62-9584-8089eb622b19","active":true},{"id":"4af2ecb1-6433-4435-b667-6c4588f9a6b5","name":"Milk","price":60.0,"category":"dairy","storeId":"53b72aca-dd11-4e62-9584-8089eb622b19","active":true},{"id":"a6a46eff-c88c-4031-b463-1e64548f737f","name":"Paracetamol","price":35.0,"category":"medicine","storeId":"13371b6b-61b8-4500-b5c0-bcd8d5f2a661","active":true},{"id":"1790c6c5-eea8-41e6-81c1-d08911a6ce68","name":"Room Deluxe","price":2500.0,"category":"room","storeId":"8d14f43d-6432-4fe6-a399-aa5c39b34cd2","active":true}]
2025-11-14 23:25:32.346 [34mINFO [0;39m [150f0f0b-d41a-4c4e-9dd0-a035cbd6dd87] [http-nio-8080-exec-6] c.b.web.StorefrontProductController - Storefront list categories: tenant=local
2025-11-14 23:25:32.352 [34mINFO [0;39m [150f0f0b-d41a-4c4e-9dd0-a035cbd6dd87] [http-nio-8080-exec-6] c.b.config.logging.HttpLoggingFilter - GET /api/storefront/categories -> 200 (6 ms)
2025-11-14 23:25:32.354 [34mINFO [0;39m [150f0f0b-d41a-4c4e-9dd0-a035cbd6dd87] [http-nio-8080-exec-6] c.b.config.logging.HttpLoggingFilter - Headers: auth=absent content-type=null accept=null
2025-11-14 23:25:32.354 [34mINFO [0;39m [150f0f0b-d41a-4c4e-9dd0-a035cbd6dd87] [http-nio-8080-exec-6] c.b.config.logging.HttpLoggingFilter - Response payload: ["dairy","fruits","medicine","room"]
2025-11-14 23:25:32.466 [34mINFO [0;39m [dc4a38a2-1fc3-4586-8357-08ba33b2da7a] [http-nio-8080-exec-4] c.b.web.SellerAuthController - Register seller: email=seller_20251114232529@example.com
2025-11-14 23:25:32.466 [34mINFO [0;39m [dc4a38a2-1fc3-4586-8357-08ba33b2da7a] [http-nio-8080-exec-4] com.bharatshop.service.AuthService - Registering seller: name=Seller Smoke, email=seller_20251114232529@example.com
2025-11-14 23:25:32.670 [34mINFO [0;39m [dc4a38a2-1fc3-4586-8357-08ba33b2da7a] [http-nio-8080-exec-4] com.bharatshop.service.AuthService - Session created: userId=4cfd666b-d0d2-4e9f-9c0c-deac5009239a role=SELLER
2025-11-14 23:25:32.672 [34mINFO [0;39m [dc4a38a2-1fc3-4586-8357-08ba33b2da7a] [http-nio-8080-exec-4] com.bharatshop.service.AuthService - Seller registered: id=4cfd666b-d0d2-4e9f-9c0c-deac5009239a, token=eyJhbGciOiJIUzI1NiIsInR5cCI6IkpXVCJ9.eyJzdWIiOiI0Y2ZkNjY2Yi1kMGQyLTRlOWYtOWMwYy1kZWFjNTAwOTIzOWEiLCJuYW1lIjoiU2VsbGVyIFNtb2tlIiwicm9sZSI6IlNFTExFUiIsImlhdCI6MTc2MzE0MjkzMiwiZXhwIjoxNzYzMTQ2NTMyfQ.1ipMU1-54TfRIdRd1kqE-FWx8HL5rBXWHDvXb5zwyfQ
2025-11-14 23:25:32.708 [34mINFO [0;39m [dc4a38a2-1fc3-4586-8357-08ba33b2da7a] [http-nio-8080-exec-4] c.b.web.SellerAuthController - Seller register success: userId=4cfd666b-d0d2-4e9f-9c0c-deac5009239a tokenPresent=true
2025-11-14 23:25:32.712 [34mINFO [0;39m [dc4a38a2-1fc3-4586-8357-08ba33b2da7a] [http-nio-8080-exec-4] c.b.config.logging.HttpLoggingFilter - POST /api/auth/seller/register -> 200 (334 ms)
2025-11-14 23:25:32.712 [34mINFO [0;39m [dc4a38a2-1fc3-4586-8357-08ba33b2da7a] [http-nio-8080-exec-4] c.b.config.logging.HttpLoggingFilter - Headers: auth=absent content-type=application/json accept=null
2025-11-14 23:25:32.712 [34mINFO [0;39m [dc4a38a2-1fc3-4586-8357-08ba33b2da7a] [http-nio-8080-exec-4] c.b.config.logging.HttpLoggingFilter - Request payload: {
    "email":  "seller_20251114232529@example.com",
    "name":  "Seller Smoke",
    "password":  "Passw0rd!"
}
2025-11-14 23:25:32.712 [34mINFO [0;39m [dc4a38a2-1fc3-4586-8357-08ba33b2da7a] [http-nio-8080-exec-4] c.b.config.logging.HttpLoggingFilter - Response payload: {"user":{"id":"4cfd666b-d0d2-4e9f-9c0c-deac5009239a","name":"Seller Smoke","email":"seller_20251114232529@example.com","role":"SELLER"},"token":"eyJhbGciOiJIUzI1NiIsInR5cCI6IkpXVCJ9.eyJzdWIiOiI0Y2ZkNjY2Yi1kMGQyLTRlOWYtOWMwYy1kZWFjNTAwOTIzOWEiLCJuYW1lIjoiU2VsbGVyIFNtb2tlIiwicm9sZSI6IlNFTExFUiIsImlhdCI6MTc2MzE0MjkzMiwiZXhwIjoxNzYzMTQ2NTMyfQ.1ipMU1-54TfRIdRd1kqE-FWx8HL5rBXWHDvXb5zwyfQ"}
2025-11-14 23:25:32.748 [34mINFO [0;39m [137b0556-a37a-4d74-a201-d246e2acc190] [http-nio-8080-exec-7] c.b.web.SellerAuthController - Login seller: email=seller_20251114232529@example.com
2025-11-14 23:25:32.748 [34mINFO [0;39m [137b0556-a37a-4d74-a201-d246e2acc190] [http-nio-8080-exec-7] com.bharatshop.service.AuthService - Login (seller) attempt: email=seller_20251114232529@example.com
2025-11-14 23:25:32.853 [34mINFO [0;39m [137b0556-a37a-4d74-a201-d246e2acc190] [http-nio-8080-exec-7] com.bharatshop.service.AuthService - Session created: userId=4cfd666b-d0d2-4e9f-9c0c-deac5009239a role=SELLER
2025-11-14 23:25:32.853 [34mINFO [0;39m [137b0556-a37a-4d74-a201-d246e2acc190] [http-nio-8080-exec-7] com.bharatshop.service.AuthService - Login (seller) success: userId=4cfd666b-d0d2-4e9f-9c0c-deac5009239a token=eyJhbGciOiJIUzI1NiIsInR5cCI6IkpXVCJ9.eyJzdWIiOiI0Y2ZkNjY2Yi1kMGQyLTRlOWYtOWMwYy1kZWFjNTAwOTIzOWEiLCJuYW1lIjoiU2VsbGVyIFNtb2tlIiwicm9sZSI6IlNFTExFUiIsImlhdCI6MTc2MzE0MjkzMiwiZXhwIjoxNzYzMTQ2NTMyfQ.1ipMU1-54TfRIdRd1kqE-FWx8HL5rBXWHDvXb5zwyfQ role=SELLER 
2025-11-14 23:25:32.853 [34mINFO [0;39m [137b0556-a37a-4d74-a201-d246e2acc190] [http-nio-8080-exec-7] c.b.web.SellerAuthController - Seller login success: userId=4cfd666b-d0d2-4e9f-9c0c-deac5009239a
2025-11-14 23:25:32.860 [34mINFO [0;39m [137b0556-a37a-4d74-a201-d246e2acc190] [http-nio-8080-exec-7] c.b.config.logging.HttpLoggingFilter - POST /api/auth/seller/login -> 200 (120 ms)
2025-11-14 23:25:32.860 [34mINFO [0;39m [137b0556-a37a-4d74-a201-d246e2acc190] [http-nio-8080-exec-7] c.b.config.logging.HttpLoggingFilter - Headers: auth=absent content-type=application/json accept=null
2025-11-14 23:25:32.860 [34mINFO [0;39m [137b0556-a37a-4d74-a201-d246e2acc190] [http-nio-8080-exec-7] c.b.config.logging.HttpLoggingFilter - Request payload: {
    "password":  "Passw0rd!",
    "email":  "seller_20251114232529@example.com"
}
2025-11-14 23:25:32.860 [34mINFO [0;39m [137b0556-a37a-4d74-a201-d246e2acc190] [http-nio-8080-exec-7] c.b.config.logging.HttpLoggingFilter - Response payload: {"user":{"id":"4cfd666b-d0d2-4e9f-9c0c-deac5009239a","name":"Seller Smoke","email":"seller_20251114232529@example.com","role":"SELLER"},"token":"eyJhbGciOiJIUzI1NiIsInR5cCI6IkpXVCJ9.eyJzdWIiOiI0Y2ZkNjY2Yi1kMGQyLTRlOWYtOWMwYy1kZWFjNTAwOTIzOWEiLCJuYW1lIjoiU2VsbGVyIFNtb2tlIiwicm9sZSI6IlNFTExFUiIsImlhdCI6MTc2MzE0MjkzMiwiZXhwIjoxNzYzMTQ2NTMyfQ.1ipMU1-54TfRIdRd1kqE-FWx8HL5rBXWHDvXb5zwyfQ"}
2025-11-14 23:25:32.912 [34mINFO [0;39m [91dceee6-c121-4044-9e52-023bb0ceb7a5] [http-nio-8080-exec-8] c.b.web.seller.SellerStoreController - Seller create store requested: name=null city=null area=null category=null imagePresent=false
2025-11-14 23:25:32.917 [34mINFO [0;39m [91dceee6-c121-4044-9e52-023bb0ceb7a5] [http-nio-8080-exec-8] c.b.web.seller.SellerStoreController - Seller create store success: id=03658cd4-87a2-461e-84c5-93aa2c82c9a0 name=Smoke Store 
2025-11-14 23:25:32.923 [34mINFO [0;39m [91dceee6-c121-4044-9e52-023bb0ceb7a5] [http-nio-8080-exec-8] c.b.config.logging.HttpLoggingFilter - POST /api/seller/stores -> 200 (32 ms)
2025-11-14 23:25:32.923 [34mINFO [0;39m [91dceee6-c121-4044-9e52-023bb0ceb7a5] [http-nio-8080-exec-8] c.b.config.logging.HttpLoggingFilter - Headers: auth=present content-type=application/json accept=null
2025-11-14 23:25:32.923 [34mINFO [0;39m [91dceee6-c121-4044-9e52-023bb0ceb7a5] [http-nio-8080-exec-8] c.b.config.logging.HttpLoggingFilter - Request payload: {
    "area":  "Area",
    "category":  "General",
    "name":  "Smoke Store",
    "city":  "City"
}
2025-11-14 23:25:32.923 [34mINFO [0;39m [91dceee6-c121-4044-9e52-023bb0ceb7a5] [http-nio-8080-exec-8] c.b.config.logging.HttpLoggingFilter - Response payload: {"id":"03658cd4-87a2-461e-84c5-93aa2c82c9a0","name":"Smoke Store","area":"Area","category":"General","status":"open","orderingDisabled":false,"updatedAt":"2025-11-14T17:55:32.913451500Z"}
2025-11-14 23:25:32.956 [34mINFO [0;39m [b708a803-211f-44f4-a61c-fe5d154f3568] [http-nio-8080-exec-9] c.b.w.seller.SellerProductController - Seller list products: storeId=03658cd4-87a2-461e-84c5-93aa2c82c9a0 search=null category=null active=null page=null limit=null tenant=local
2025-11-14 23:25:32.964 [34mINFO [0;39m [b708a803-211f-44f4-a61c-fe5d154f3568] [http-nio-8080-exec-9] c.b.w.seller.SellerProductController - Seller list products success: count=0
2025-11-14 23:25:32.967 [34mINFO [0;39m [b708a803-211f-44f4-a61c-fe5d154f3568] [http-nio-8080-exec-9] c.b.config.logging.HttpLoggingFilter - GET /api/seller/stores/03658cd4-87a2-461e-84c5-93aa2c82c9a0/products -> 200 (11 ms)
2025-11-14 23:25:32.967 [34mINFO [0;39m [b708a803-211f-44f4-a61c-fe5d154f3568] [http-nio-8080-exec-9] c.b.config.logging.HttpLoggingFilter - Headers: auth=present content-type=null accept=null
2025-11-14 23:25:32.967 [34mINFO [0;39m [b708a803-211f-44f4-a61c-fe5d154f3568] [http-nio-8080-exec-9] c.b.config.logging.HttpLoggingFilter - Response payload: []
2025-11-14 23:25:32.995 [34mINFO [0;39m [346fd287-405f-440e-8598-dd731ebf2916] [http-nio-8080-exec-10] c.b.web.StoreLegacyController - Legacy list products: tenant=local category=null search=null
2025-11-14 23:25:33.006 [34mINFO [0;39m [346fd287-405f-440e-8598-dd731ebf2916] [http-nio-8080-exec-10] c.b.config.logging.HttpLoggingFilter - GET /store/products -> 200 (11 ms)
2025-11-14 23:25:33.006 [34mINFO [0;39m [346fd287-405f-440e-8598-dd731ebf2916] [http-nio-8080-exec-10] c.b.config.logging.HttpLoggingFilter - Headers: auth=present content-type=null accept=null
2025-11-14 23:25:33.006 [34mINFO [0;39m [346fd287-405f-440e-8598-dd731ebf2916] [http-nio-8080-exec-10] c.b.config.logging.HttpLoggingFilter - Response payload: [{"id":"882082d2-2aae-43d7-8e20-740829db5cc6","name":"Apples","price":120.0,"category":"fruits","storeId":"53b72aca-dd11-4e62-9584-8089eb622b19","active":true},{"id":"4af2ecb1-6433-4435-b667-6c4588f9a6b5","name":"Milk","price":60.0,"category":"dairy","storeId":"53b72aca-dd11-4e62-9584-8089eb622b19","active":true},{"id":"a6a46eff-c88c-4031-b463-1e64548f737f","name":"Paracetamol","price":35.0,"category":"medicine","storeId":"13371b6b-61b8-4500-b5c0-bcd8d5f2a661","active":true},{"id":"1790c6c5-eea8-41e6-81c1-d08911a6ce68","name":"Room Deluxe","price":2500.0,"category":"room","storeId":"8d14f43d-6432-4fe6-a399-aa5c39b34cd2","active":true}]
2025-11-14 23:25:33.036 [34mINFO [0;39m [cb47932e-bb7a-484b-a0ca-6a33a5417010] [http-nio-8080-exec-1] c.b.web.StoreLegacyController - Legacy list categories: tenant=local
2025-11-14 23:25:33.040 [34mINFO [0;39m [cb47932e-bb7a-484b-a0ca-6a33a5417010] [http-nio-8080-exec-1] c.b.config.logging.HttpLoggingFilter - GET /store/categories -> 200 (4 ms)
2025-11-14 23:25:33.043 [34mINFO [0;39m [cb47932e-bb7a-484b-a0ca-6a33a5417010] [http-nio-8080-exec-1] c.b.config.logging.HttpLoggingFilter - Headers: auth=present content-type=null accept=null
2025-11-14 23:25:33.044 [34mINFO [0;39m [cb47932e-bb7a-484b-a0ca-6a33a5417010] [http-nio-8080-exec-1] c.b.config.logging.HttpLoggingFilter - Response payload: ["dairy","fruits","medicine","room"]
2025-11-14 23:25:33.070 [34mINFO [0;39m [09a28da7-a135-4fbe-bf6b-b6b77f6c52f9] [http-nio-8080-exec-2] c.b.web.StoreLegacyController - Legacy list orders: tenant=local userId=4cfd666b-d0d2-4e9f-9c0c-deac5009239a
2025-11-14 23:25:33.076 [34mINFO [0;39m [09a28da7-a135-4fbe-bf6b-b6b77f6c52f9] [http-nio-8080-exec-2] c.b.web.StoreLegacyController - Legacy orders fetched: count=0
2025-11-14 23:25:33.076 [34mINFO [0;39m [09a28da7-a135-4fbe-bf6b-b6b77f6c52f9] [http-nio-8080-exec-2] c.b.config.logging.HttpLoggingFilter - GET /store/orders -> 200 (6 ms)
2025-11-14 23:25:33.076 [34mINFO [0;39m [09a28da7-a135-4fbe-bf6b-b6b77f6c52f9] [http-nio-8080-exec-2] c.b.config.logging.HttpLoggingFilter - Headers: auth=present content-type=null accept=null
2025-11-14 23:25:33.083 [34mINFO [0;39m [09a28da7-a135-4fbe-bf6b-b6b77f6c52f9] [http-nio-8080-exec-2] c.b.config.logging.HttpLoggingFilter - Response payload: []
2025-11-14 23:25:33.123 [34mINFO [0;39m [47b6ca36-7593-4051-a8ff-b7976b089346] [http-nio-8080-exec-3] c.b.config.logging.HttpLoggingFilter - GET /store/order/1 -> 404 (15 ms)
2025-11-14 23:25:33.123 [34mINFO [0;39m [47b6ca36-7593-4051-a8ff-b7976b089346] [http-nio-8080-exec-3] c.b.config.logging.HttpLoggingFilter - Headers: auth=present content-type=null accept=null
2025-11-14 23:25:33.157 [34mINFO [0;39m [5c008202-3dab-49a8-a92c-29dd7714f81a] [http-nio-8080-exec-5] c.b.web.StoreLegacyController - Legacy checkout: tenant=local userId=4cfd666b-d0d2-4e9f-9c0c-deac5009239a items=1 paymentMethod=COD
2025-11-14 23:25:33.191 [34mINFO [0;39m [5c008202-3dab-49a8-a92c-29dd7714f81a] [http-nio-8080-exec-5] c.b.web.StoreLegacyController - Legacy checkout success: orderId=b9acbc0f-d3b0-47cd-914f-48f5bb54e82f reference=REF-b9acbc0f userId=4cfd666b-d0d2-4e9f-9c0c-deac5009239a
2025-11-14 23:25:33.192 [34mINFO [0;39m [5c008202-3dab-49a8-a92c-29dd7714f81a] [http-nio-8080-exec-5] c.b.config.logging.HttpLoggingFilter - POST /store/checkout -> 200 (42 ms)
2025-11-14 23:25:33.192 [34mINFO [0;39m [5c008202-3dab-49a8-a92c-29dd7714f81a] [http-nio-8080-exec-5] c.b.config.logging.HttpLoggingFilter - Headers: auth=present content-type=application/json accept=null
2025-11-14 23:25:33.192 [34mINFO [0;39m [5c008202-3dab-49a8-a92c-29dd7714f81a] [http-nio-8080-exec-5] c.b.config.logging.HttpLoggingFilter - Request payload: {
    "paymentMethod":  "COD",
    "items":  [
                  {
                      "productId":  1,
                      "qty":  1
                  }
              ],
    "address":  {
                    "area":  "Area",
                    "city":  "City",
                    "pin":  "000000",
                    "line1":  "Smoke Address"
                }
}
2025-11-14 23:25:33.192 [34mINFO [0;39m [5c008202-3dab-49a8-a92c-29dd7714f81a] [http-nio-8080-exec-5] c.b.config.logging.HttpLoggingFilter - Response payload: {"reference":"REF-b9acbc0f","order":{"id":"b9acbc0f-d3b0-47cd-914f-48f5bb54e82f","reference":"REF-b9acbc0f","status":"placed","total":0.0,"items":[{"price":0.0,"quantity":0}],"paymentMethod":"COD","address":{"line1":"Smoke Address","city":"City"},"type":"order","createdAt":"2025-11-14T17:55:33.165816800Z","sellerResponseDeadline":"2025-11-14T18:10:33.165816800Z"}}
2025-11-14 23:25:33.223 [34mINFO [0;39m [cd985e63-ada8-45cc-8dcc-70f23692c777] [http-nio-8080-exec-6] c.b.web.StorePaymentsController - Legacy initiate: userId=4cfd666b-d0d2-4e9f-9c0c-deac5009239a tenant=local amount=100 currency=INR
2025-11-14 23:25:33.227 [34mINFO [0;39m [cd985e63-ada8-45cc-8dcc-70f23692c777] [http-nio-8080-exec-6] c.b.web.StorePaymentsController - Legacy initiate success: orderId=114ac37a-b73b-4e2e-9f28-a5118f28f84c amount=100
2025-11-14 23:25:33.227 [34mINFO [0;39m [cd985e63-ada8-45cc-8dcc-70f23692c777] [http-nio-8080-exec-6] c.b.config.logging.HttpLoggingFilter - POST /store/payments/initiate -> 200 (4 ms)
2025-11-14 23:25:33.227 [34mINFO [0;39m [cd985e63-ada8-45cc-8dcc-70f23692c777] [http-nio-8080-exec-6] c.b.config.logging.HttpLoggingFilter - Headers: auth=present content-type=application/json accept=null
2025-11-14 23:25:33.227 [34mINFO [0;39m [cd985e63-ada8-45cc-8dcc-70f23692c777] [http-nio-8080-exec-6] c.b.config.logging.HttpLoggingFilter - Request payload: {
    "currency":  "INR",
    "amount":  100
}
2025-11-14 23:25:33.227 [34mINFO [0;39m [cd985e63-ada8-45cc-8dcc-70f23692c777] [http-nio-8080-exec-6] c.b.config.logging.HttpLoggingFilter - Response payload: {"id":"114ac37a-b73b-4e2e-9f28-a5118f28f84c","amount":100}
2025-11-14 23:25:33.263 [34mINFO [0;39m [7b9eb631-c4e7-423a-a019-b65c6238a160] [http-nio-8080-exec-4] c.b.config.logging.HttpLoggingFilter - POST /store/payments/webhook -> 200 (5 ms)
2025-11-14 23:25:33.263 [34mINFO [0;39m [7b9eb631-c4e7-423a-a019-b65c6238a160] [http-nio-8080-exec-4] c.b.config.logging.HttpLoggingFilter - Headers: auth=present content-type=application/json accept=null
2025-11-14 23:25:33.265 [34mINFO [0;39m [7b9eb631-c4e7-423a-a019-b65c6238a160] [http-nio-8080-exec-4] c.b.config.logging.HttpLoggingFilter - Request payload: {
    "event":  "payment.captured",
    "payload":  {
                    "id":  "pay_123"
                }
}
2025-11-14 23:25:33.266 [34mINFO [0;39m [7b9eb631-c4e7-423a-a019-b65c6238a160] [http-nio-8080-exec-4] c.b.config.logging.HttpLoggingFilter - Response payload: {"received":"payment.captured","status":"ok"}
2025-11-14 23:25:33.296 [34mINFO [0;39m [d657a100-9edc-48fa-8c22-788113278f31] [http-nio-8080-exec-7] c.bharatshop.web.PaymentController - Create-order: userId=4cfd666b-d0d2-4e9f-9c0c-deac5009239a tenant=local amount=100 currency=INR
2025-11-14 23:25:33.296 [34mINFO [0;39m [d657a100-9edc-48fa-8c22-788113278f31] [http-nio-8080-exec-7] c.bharatshop.web.PaymentController - Create-order success: orderId=79016804-9bef-4256-9c68-a4e9d3e80e5a amount=100
2025-11-14 23:25:33.298 [34mINFO [0;39m [d657a100-9edc-48fa-8c22-788113278f31] [http-nio-8080-exec-7] c.b.config.logging.HttpLoggingFilter - POST /api/storefront/payments/create-order -> 200 (4 ms)
2025-11-14 23:25:33.298 [34mINFO [0;39m [d657a100-9edc-48fa-8c22-788113278f31] [http-nio-8080-exec-7] c.b.config.logging.HttpLoggingFilter - Headers: auth=present content-type=application/json accept=null
2025-11-14 23:25:33.298 [34mINFO [0;39m [d657a100-9edc-48fa-8c22-788113278f31] [http-nio-8080-exec-7] c.b.config.logging.HttpLoggingFilter - Request payload: {
    "currency":  "INR",
    "amount":  100
}
2025-11-14 23:25:33.298 [34mINFO [0;39m [d657a100-9edc-48fa-8c22-788113278f31] [http-nio-8080-exec-7] c.b.config.logging.HttpLoggingFilter - Response payload: {"id":"79016804-9bef-4256-9c68-a4e9d3e80e5a","amount":100}
2025-11-14 23:25:33.328 [34mINFO [0;39m [081918ba-c068-4f34-9d16-cbfe873a9a6f] [http-nio-8080-exec-8] c.bharatshop.web.PaymentController - Verify payment: userId=4cfd666b-d0d2-4e9f-9c0c-deac5009239a tenant=local orderId=order_123 paymentId=pay_123 signaturePresent=true
2025-11-14 23:25:33.328 [34mINFO [0;39m [081918ba-c068-4f34-9d16-cbfe873a9a6f] [http-nio-8080-exec-8] c.bharatshop.web.PaymentController - Verify result: status=error message=secret_not_configured
2025-11-14 23:25:33.331 [34mINFO [0;39m [081918ba-c068-4f34-9d16-cbfe873a9a6f] [http-nio-8080-exec-8] c.b.config.logging.HttpLoggingFilter - POST /api/storefront/payments/verify -> 200 (5 ms)
2025-11-14 23:25:33.331 [34mINFO [0;39m [081918ba-c068-4f34-9d16-cbfe873a9a6f] [http-nio-8080-exec-8] c.b.config.logging.HttpLoggingFilter - Headers: auth=present content-type=application/json accept=null
2025-11-14 23:25:33.331 [34mINFO [0;39m [081918ba-c068-4f34-9d16-cbfe873a9a6f] [http-nio-8080-exec-8] c.b.config.logging.HttpLoggingFilter - Request payload: {
    "orderId":  "order_123",
    "signature":  "sig_abc",
    "paymentId":  "pay_123"
}
2025-11-14 23:25:33.331 [34mINFO [0;39m [081918ba-c068-4f34-9d16-cbfe873a9a6f] [http-nio-8080-exec-8] c.b.config.logging.HttpLoggingFilter - Response payload: {"status":"error","message":"secret_not_configured"}
2025-11-14 23:35:15.356 [34mINFO [0;39m [] [main] c.bharatshop.BharatshopApplication - Starting BharatshopApplication using Java 17.0.12 with PID 55112 (C:\Users\Adarsh\Downloads\bharatshop-backend\target\bharatshop-backend-0.0.1-SNAPSHOT.jar started by Adarsh in C:\Users\Adarsh\Downloads\bharatshop-backend)
2025-11-14 23:35:15.360 [39mDEBUG[0;39m [] [main] c.bharatshop.BharatshopApplication - Running with Spring Boot v3.3.4, Spring v6.1.13
2025-11-14 23:35:15.362 [34mINFO [0;39m [] [main] c.bharatshop.BharatshopApplication - No active profile set, falling back to 1 default profile: "default"
2025-11-14 23:35:17.542 [34mINFO [0;39m [] [main] o.s.d.r.c.RepositoryConfigurationDelegate - Bootstrapping Spring Data JPA repositories in DEFAULT mode.
2025-11-14 23:35:17.636 [34mINFO [0;39m [] [main] o.s.d.r.c.RepositoryConfigurationDelegate - Finished Spring Data repository scanning in 79 ms. Found 6 JPA repository interfaces.
2025-11-14 23:35:18.994 [34mINFO [0;39m [] [main] o.s.b.w.e.tomcat.TomcatWebServer - Tomcat initialized with port 8080 (http)
2025-11-14 23:35:19.009 [34mINFO [0;39m [] [main] o.a.coyote.http11.Http11NioProtocol - Initializing ProtocolHandler ["http-nio-8080"]
2025-11-14 23:35:19.015 [34mINFO [0;39m [] [main] o.a.catalina.core.StandardService - Starting service [Tomcat]
2025-11-14 23:35:19.015 [34mINFO [0;39m [] [main] o.a.catalina.core.StandardEngine - Starting Servlet engine: [Apache Tomcat/10.1.30]
2025-11-14 23:35:19.080 [34mINFO [0;39m [] [main] o.a.c.c.C.[Tomcat].[localhost].[/] - Initializing Spring embedded WebApplicationContext
2025-11-14 23:35:19.080 [34mINFO [0;39m [] [main] o.s.b.w.s.c.ServletWebServerApplicationContext - Root WebApplicationContext: initialization completed in 3620 ms
2025-11-14 23:35:19.330 [34mINFO [0;39m [] [main] com.zaxxer.hikari.HikariDataSource - HikariPool-1 - Starting...
2025-11-14 23:35:19.576 [34mINFO [0;39m [] [main] com.zaxxer.hikari.pool.HikariPool - HikariPool-1 - Added connection conn0: url=jdbc:h2:mem:bharatshop user=SA
2025-11-14 23:35:19.576 [34mINFO [0;39m [] [main] com.zaxxer.hikari.HikariDataSource - HikariPool-1 - Start completed.
2025-11-14 23:35:19.591 [34mINFO [0;39m [] [main] o.s.b.a.h.H2ConsoleAutoConfiguration - H2 console available at '/h2-console'. Database available at 'jdbc:h2:mem:bharatshop'
2025-11-14 23:35:20.343 [34mINFO [0;39m [] [main] o.s.o.j.p.SpringPersistenceUnitInfo - No LoadTimeWeaver setup: ignoring JPA class transformer
2025-11-14 23:35:21.635 [34mINFO [0;39m [] [main] o.s.o.j.LocalContainerEntityManagerFactoryBean - Initialized JPA EntityManagerFactory for persistence unit 'default'
2025-11-14 23:35:22.059 [34mINFO [0;39m [] [main] c.b.config.NotificationConfig - SMS provider: LOG (fallback)
2025-11-14 23:35:22.059 [34mINFO [0;39m [] [main] c.b.config.NotificationConfig - Email provider: LOG (fallback)
2025-11-14 23:35:22.135 [39mDEBUG[0;39m [] [main] c.b.c.logging.CorrelationIdFilter - Filter 'correlationIdFilter' configured for use
2025-11-14 23:35:22.135 [39mDEBUG[0;39m [] [main] c.b.config.logging.HttpLoggingFilter - Filter 'httpLoggingFilter' configured for use
2025-11-14 23:35:22.137 [39mDEBUG[0;39m [] [main] com.bharatshop.config.TenantFilter - Filter 'tenantFilter' configured for use
2025-11-14 23:35:22.139 [39mDEBUG[0;39m [] [main] c.b.security.TokenAuthFilter - Filter 'tokenAuthFilter' configured for use
2025-11-14 23:35:22.140 [39mDEBUG[0;39m [] [main] c.b.config.IdempotencyFilter - Filter 'idempotencyFilter' configured for use
2025-11-14 23:35:22.505 [31mWARN [0;39m [] [main] o.s.b.a.o.j.JpaBaseConfiguration$JpaWebConfiguration - spring.jpa.open-in-view is enabled by default. Therefore, database queries may be performed during view rendering. Explicitly configure spring.jpa.open-in-view to disable this warning
2025-11-14 23:35:22.560 [31mWARN [0;39m [] [main] o.s.b.a.s.s.UserDetailsServiceAutoConfiguration - 

Using generated security password: 3be1d818-2acb-41a2-8bb0-937fee8c031f

This generated password is for development use only. Your security configuration must be updated before running your application in production.

2025-11-14 23:35:22.590 [34mINFO [0;39m [] [main] o.s.s.c.a.a.c.InitializeUserDetailsBeanManagerConfigurer$InitializeUserDetailsManagerConfigurer - Global AuthenticationManager configured with UserDetailsService bean with name inMemoryUserDetailsManager
2025-11-14 23:35:22.780 [31mWARN [0;39m [] [main] o.s.b.w.s.c.AnnotationConfigServletWebServerApplicationContext - Exception encountered during context initialization - cancelling refresh attempt: org.springframework.beans.factory.BeanCreationException: Error creating bean with name 'org.springframework.security.config.annotation.web.configuration.WebSecurityConfiguration': Injection of autowired dependencies failed
2025-11-14 23:35:22.785 [34mINFO [0;39m [] [main] o.s.o.j.LocalContainerEntityManagerFactoryBean - Closing JPA EntityManagerFactory for persistence unit 'default'
2025-11-14 23:35:22.785 [34mINFO [0;39m [] [main] com.zaxxer.hikari.HikariDataSource - HikariPool-1 - Shutdown initiated...
2025-11-14 23:35:22.790 [34mINFO [0;39m [] [main] com.zaxxer.hikari.HikariDataSource - HikariPool-1 - Shutdown completed.
2025-11-14 23:35:22.793 [34mINFO [0;39m [] [main] o.a.catalina.core.StandardService - Stopping service [Tomcat]
2025-11-14 23:35:22.850 [34mINFO [0;39m [] [main] o.s.b.a.l.ConditionEvaluationReportLogger - 

Error starting ApplicationContext. To display the condition evaluation report re-run your application with 'debug' enabled.
2025-11-14 23:35:22.877 [1;31mERROR[0;39m [] [main] o.s.boot.SpringApplication - Application run failed
org.springframework.beans.factory.BeanCreationException: Error creating bean with name 'org.springframework.security.config.annotation.web.configuration.WebSecurityConfiguration': Injection of autowired dependencies failed
	at org.springframework.beans.factory.annotation.AutowiredAnnotationBeanPostProcessor.postProcessProperties(AutowiredAnnotationBeanPostProcessor.java:515)
	at org.springframework.beans.factory.support.AbstractAutowireCapableBeanFactory.populateBean(AbstractAutowireCapableBeanFactory.java:1439)
	at org.springframework.beans.factory.support.AbstractAutowireCapableBeanFactory.doCreateBean(AbstractAutowireCapableBeanFactory.java:599)
	at org.springframework.beans.factory.support.AbstractAutowireCapableBeanFactory.createBean(AbstractAutowireCapableBeanFactory.java:522)
	at org.springframework.beans.factory.support.AbstractBeanFactory.lambda$doGetBean$0(AbstractBeanFactory.java:337)
	at org.springframework.beans.factory.support.DefaultSingletonBeanRegistry.getSingleton(DefaultSingletonBeanRegistry.java:234)
	at org.springframework.beans.factory.support.AbstractBeanFactory.doGetBean(AbstractBeanFactory.java:335)
	at org.springframework.beans.factory.support.AbstractBeanFactory.getBean(AbstractBeanFactory.java:200)
	at org.springframework.beans.factory.support.DefaultListableBeanFactory.preInstantiateSingletons(DefaultListableBeanFactory.java:975)
	at org.springframework.context.support.AbstractApplicationContext.finishBeanFactoryInitialization(AbstractApplicationContext.java:971)
	at org.springframework.context.support.AbstractApplicationContext.refresh(AbstractApplicationContext.java:625)
	at org.springframework.boot.web.servlet.context.ServletWebServerApplicationContext.refresh(ServletWebServerApplicationContext.java:146)
	at org.springframework.boot.SpringApplication.refresh(SpringApplication.java:754)
	at org.springframework.boot.SpringApplication.refreshContext(SpringApplication.java:456)
	at org.springframework.boot.SpringApplication.run(SpringApplication.java:335)
	at org.springframework.boot.SpringApplication.run(SpringApplication.java:1363)
	at org.springframework.boot.SpringApplication.run(SpringApplication.java:1352)
	at com.bharatshop.BharatshopApplication.main(BharatshopApplication.java:9)
	at java.base/jdk.internal.reflect.NativeMethodAccessorImpl.invoke0(Native Method)
	at java.base/jdk.internal.reflect.NativeMethodAccessorImpl.invoke(NativeMethodAccessorImpl.java:77)
	at java.base/jdk.internal.reflect.DelegatingMethodAccessorImpl.invoke(DelegatingMethodAccessorImpl.java:43)
	at java.base/java.lang.reflect.Method.invoke(Method.java:568)
	at org.springframework.boot.loader.launch.Launcher.launch(Launcher.java:106)
	at org.springframework.boot.loader.launch.Launcher.launch(Launcher.java:64)
	at org.springframework.boot.loader.launch.JarLauncher.main(JarLauncher.java:40)
Caused by: java.lang.RuntimeException: Could not postProcess org.springframework.security.config.annotation.web.builders.WebSecurity@2116e9cf of type class org.springframework.security.config.annotation.web.builders.WebSecurity
	at org.springframework.security.config.annotation.configuration.AutowireBeanFactoryObjectPostProcessor.postProcess(AutowireBeanFactoryObjectPostProcessor.java:71)
	at org.springframework.security.config.annotation.web.configuration.WebSecurityConfiguration.setFilterChainProxySecurityConfigurer(WebSecurityConfiguration.java:148)
	at java.base/jdk.internal.reflect.NativeMethodAccessorImpl.invoke0(Native Method)
	at java.base/jdk.internal.reflect.NativeMethodAccessorImpl.invoke(NativeMethodAccessorImpl.java:77)
	at java.base/jdk.internal.reflect.DelegatingMethodAccessorImpl.invoke(DelegatingMethodAccessorImpl.java:43)
	at java.base/java.lang.reflect.Method.invoke(Method.java:568)
	at org.springframework.beans.factory.annotation.AutowiredAnnotationBeanPostProcessor$AutowiredMethodElement.inject(AutowiredAnnotationBeanPostProcessor.java:854)
	at org.springframework.beans.factory.annotation.InjectionMetadata.inject(InjectionMetadata.java:145)
	at org.springframework.beans.factory.annotation.AutowiredAnnotationBeanPostProcessor.postProcessProperties(AutowiredAnnotationBeanPostProcessor.java:509)
	... 24 common frames omitted
Caused by: org.springframework.beans.factory.BeanCreationException: Error creating bean with name 'mvcHandlerMappingIntrospectorRequestTransformer': Cannot resolve reference to bean 'mvcHandlerMappingIntrospector' while setting constructor argument
	at org.springframework.beans.factory.support.BeanDefinitionValueResolver.resolveReference(BeanDefinitionValueResolver.java:377)
	at org.springframework.beans.factory.support.BeanDefinitionValueResolver.resolveValueIfNecessary(BeanDefinitionValueResolver.java:135)
	at org.springframework.beans.factory.support.ConstructorResolver.resolveConstructorArguments(ConstructorResolver.java:682)
	at org.springframework.beans.factory.support.ConstructorResolver.autowireConstructor(ConstructorResolver.java:203)
	at org.springframework.beans.factory.support.AbstractAutowireCapableBeanFactory.autowireConstructor(AbstractAutowireCapableBeanFactory.java:1375)
	at org.springframework.beans.factory.support.AbstractAutowireCapableBeanFactory.createBeanInstance(AbstractAutowireCapableBeanFactory.java:1212)
	at org.springframework.beans.factory.support.AbstractAutowireCapableBeanFactory.doCreateBean(AbstractAutowireCapableBeanFactory.java:562)
	at org.springframework.beans.factory.support.AbstractAutowireCapableBeanFactory.createBean(AbstractAutowireCapableBeanFactory.java:522)
	at org.springframework.beans.factory.support.AbstractBeanFactory.lambda$doGetBean$0(AbstractBeanFactory.java:337)
	at org.springframework.beans.factory.support.DefaultSingletonBeanRegistry.getSingleton(DefaultSingletonBeanRegistry.java:234)
	at org.springframework.beans.factory.support.AbstractBeanFactory.doGetBean(AbstractBeanFactory.java:335)
	at org.springframework.beans.factory.support.AbstractBeanFactory.getBean(AbstractBeanFactory.java:225)
	at org.springframework.beans.factory.support.DefaultListableBeanFactory.resolveNamedBean(DefaultListableBeanFactory.java:1323)
	at org.springframework.beans.factory.support.DefaultListableBeanFactory.resolveNamedBean(DefaultListableBeanFactory.java:1284)
	at org.springframework.beans.factory.support.DefaultListableBeanFactory.resolveBean(DefaultListableBeanFactory.java:486)
	at org.springframework.beans.factory.support.DefaultListableBeanFactory$1.getIfUnique(DefaultListableBeanFactory.java:438)
	at org.springframework.security.config.annotation.web.builders.WebSecurity.setApplicationContext(WebSecurity.java:397)
	at org.springframework.context.support.ApplicationContextAwareProcessor.invokeAwareInterfaces(ApplicationContextAwareProcessor.java:110)
	at org.springframework.context.support.ApplicationContextAwareProcessor.postProcessBeforeInitialization(ApplicationContextAwareProcessor.java:85)
	at org.springframework.beans.factory.support.AbstractAutowireCapableBeanFactory.applyBeanPostProcessorsBeforeInitialization(AbstractAutowireCapableBeanFactory.java:422)
	at org.springframework.beans.factory.support.AbstractAutowireCapableBeanFactory.initializeBean(AbstractAutowireCapableBeanFactory.java:1798)
	at org.springframework.beans.factory.support.AbstractAutowireCapableBeanFactory.initializeBean(AbstractAutowireCapableBeanFactory.java:412)
	at org.springframework.security.config.annotation.configuration.AutowireBeanFactoryObjectPostProcessor.initializeBeanIfNeeded(AutowireBeanFactoryObjectPostProcessor.java:98)
	at org.springframework.security.config.annotation.configuration.AutowireBeanFactoryObjectPostProcessor.postProcess(AutowireBeanFactoryObjectPostProcessor.java:67)
	... 32 common frames omitted
Caused by: org.springframework.beans.factory.BeanCreationException: Error creating bean with name 'mvcHandlerMappingIntrospector' defined in class path resource [org/springframework/boot/autoconfigure/web/servlet/WebMvcAutoConfiguration$EnableWebMvcConfiguration.class]: Error creating bean with name 'requestMappingHandlerMapping' defined in class path resource [org/springframework/boot/autoconfigure/web/servlet/WebMvcAutoConfiguration$EnableWebMvcConfiguration.class]: Ambiguous mapping. Cannot map 'eventsController' method 
com.bharatshop.web.EventsController#ingest(String, Map)
to {POST [/api/events]}: There is already 'eventController' bean method
com.bharatshop.web.EventController#ingest(String, Map, HttpServletRequest) mapped.
	at org.springframework.beans.factory.support.AbstractAutowireCapableBeanFactory.initializeBean(AbstractAutowireCapableBeanFactory.java:1806)
	at org.springframework.beans.factory.support.AbstractAutowireCapableBeanFactory.doCreateBean(AbstractAutowireCapableBeanFactory.java:600)
	at org.springframework.beans.factory.support.AbstractAutowireCapableBeanFactory.createBean(AbstractAutowireCapableBeanFactory.java:522)
	at org.springframework.beans.factory.support.AbstractBeanFactory.lambda$doGetBean$0(AbstractBeanFactory.java:337)
	at org.springframework.beans.factory.support.DefaultSingletonBeanRegistry.getSingleton(DefaultSingletonBeanRegistry.java:234)
	at org.springframework.beans.factory.support.AbstractBeanFactory.doGetBean(AbstractBeanFactory.java:335)
	at org.springframework.beans.factory.support.AbstractBeanFactory.getBean(AbstractBeanFactory.java:200)
	at org.springframework.beans.factory.support.BeanDefinitionValueResolver.resolveReference(BeanDefinitionValueResolver.java:365)
	... 55 common frames omitted
Caused by: org.springframework.beans.factory.BeanCreationException: Error creating bean with name 'requestMappingHandlerMapping' defined in class path resource [org/springframework/boot/autoconfigure/web/servlet/WebMvcAutoConfiguration$EnableWebMvcConfiguration.class]: Ambiguous mapping. Cannot map 'eventsController' method 
com.bharatshop.web.EventsController#ingest(String, Map)
to {POST [/api/events]}: There is already 'eventController' bean method
com.bharatshop.web.EventController#ingest(String, Map, HttpServletRequest) mapped.
	at org.springframework.beans.factory.support.AbstractAutowireCapableBeanFactory.initializeBean(AbstractAutowireCapableBeanFactory.java:1806)
	at org.springframework.beans.factory.support.AbstractAutowireCapableBeanFactory.doCreateBean(AbstractAutowireCapableBeanFactory.java:600)
	at org.springframework.beans.factory.support.AbstractAutowireCapableBeanFactory.createBean(AbstractAutowireCapableBeanFactory.java:522)
	at org.springframework.beans.factory.support.AbstractBeanFactory.lambda$doGetBean$0(AbstractBeanFactory.java:337)
	at org.springframework.beans.factory.support.DefaultSingletonBeanRegistry.getSingleton(DefaultSingletonBeanRegistry.java:234)
	at org.springframework.beans.factory.support.AbstractBeanFactory.doGetBean(AbstractBeanFactory.java:335)
	at org.springframework.beans.factory.support.AbstractBeanFactory.getBean(AbstractBeanFactory.java:200)
	at org.springframework.beans.factory.support.DefaultListableBeanFactory.getBeansOfType(DefaultListableBeanFactory.java:665)
	at org.springframework.context.support.AbstractApplicationContext.getBeansOfType(AbstractApplicationContext.java:1397)
	at org.springframework.beans.factory.BeanFactoryUtils.beansOfTypeIncludingAncestors(BeanFactoryUtils.java:368)
	at org.springframework.web.servlet.handler.HandlerMappingIntrospector.initHandlerMappings(HandlerMappingIntrospector.java:130)
	at org.springframework.web.servlet.handler.HandlerMappingIntrospector.afterPropertiesSet(HandlerMappingIntrospector.java:118)
	at org.springframework.beans.factory.support.AbstractAutowireCapableBeanFactory.invokeInitMethods(AbstractAutowireCapableBeanFactory.java:1853)
	at org.springframework.beans.factory.support.AbstractAutowireCapableBeanFactory.initializeBean(AbstractAutowireCapableBeanFactory.java:1802)
	... 62 common frames omitted
Caused by: java.lang.IllegalStateException: Ambiguous mapping. Cannot map 'eventsController' method 
com.bharatshop.web.EventsController#ingest(String, Map)
to {POST [/api/events]}: There is already 'eventController' bean method
com.bharatshop.web.EventController#ingest(String, Map, HttpServletRequest) mapped.
	at org.springframework.web.servlet.handler.AbstractHandlerMethodMapping$MappingRegistry.validateMethodMapping(AbstractHandlerMethodMapping.java:674)
	at org.springframework.web.servlet.handler.AbstractHandlerMethodMapping$MappingRegistry.register(AbstractHandlerMethodMapping.java:636)
	at org.springframework.web.servlet.handler.AbstractHandlerMethodMapping.registerHandlerMethod(AbstractHandlerMethodMapping.java:331)
	at org.springframework.web.servlet.mvc.method.annotation.RequestMappingHandlerMapping.registerHandlerMethod(RequestMappingHandlerMapping.java:508)
	at org.springframework.web.servlet.mvc.method.annotation.RequestMappingHandlerMapping.registerHandlerMethod(RequestMappingHandlerMapping.java:84)
	at org.springframework.web.servlet.handler.AbstractHandlerMethodMapping.lambda$detectHandlerMethods$2(AbstractHandlerMethodMapping.java:298)
	at java.base/java.util.LinkedHashMap.forEach(LinkedHashMap.java:721)
	at org.springframework.web.servlet.handler.AbstractHandlerMethodMapping.detectHandlerMethods(AbstractHandlerMethodMapping.java:296)
	at org.springframework.web.servlet.handler.AbstractHandlerMethodMapping.processCandidateBean(AbstractHandlerMethodMapping.java:265)
	at org.springframework.web.servlet.handler.AbstractHandlerMethodMapping.initHandlerMethods(AbstractHandlerMethodMapping.java:224)
	at org.springframework.web.servlet.handler.AbstractHandlerMethodMapping.afterPropertiesSet(AbstractHandlerMethodMapping.java:212)
	at org.springframework.web.servlet.mvc.method.annotation.RequestMappingHandlerMapping.afterPropertiesSet(RequestMappingHandlerMapping.java:239)
	at org.springframework.beans.factory.support.AbstractAutowireCapableBeanFactory.invokeInitMethods(AbstractAutowireCapableBeanFactory.java:1853)
	at org.springframework.beans.factory.support.AbstractAutowireCapableBeanFactory.initializeBean(AbstractAutowireCapableBeanFactory.java:1802)
	... 75 common frames omitted
2025-11-14 23:36:53.815 [34mINFO [0;39m [] [main] c.bharatshop.BharatshopApplication - Starting BharatshopApplication using Java 17.0.12 with PID 81728 (C:\Users\Adarsh\Downloads\bharatshop-backend\target\bharatshop-backend-0.0.1-SNAPSHOT.jar started by Adarsh in C:\Users\Adarsh\Downloads\bharatshop-backend)
2025-11-14 23:36:53.817 [39mDEBUG[0;39m [] [main] c.bharatshop.BharatshopApplication - Running with Spring Boot v3.3.4, Spring v6.1.13
2025-11-14 23:36:53.817 [34mINFO [0;39m [] [main] c.bharatshop.BharatshopApplication - No active profile set, falling back to 1 default profile: "default"
2025-11-14 23:36:55.386 [34mINFO [0;39m [] [main] o.s.d.r.c.RepositoryConfigurationDelegate - Bootstrapping Spring Data JPA repositories in DEFAULT mode.
2025-11-14 23:36:55.467 [34mINFO [0;39m [] [main] o.s.d.r.c.RepositoryConfigurationDelegate - Finished Spring Data repository scanning in 69 ms. Found 6 JPA repository interfaces.
2025-11-14 23:36:56.590 [34mINFO [0;39m [] [main] o.s.b.w.e.tomcat.TomcatWebServer - Tomcat initialized with port 8080 (http)
2025-11-14 23:36:56.605 [34mINFO [0;39m [] [main] o.a.coyote.http11.Http11NioProtocol - Initializing ProtocolHandler ["http-nio-8080"]
2025-11-14 23:36:56.610 [34mINFO [0;39m [] [main] o.a.catalina.core.StandardService - Starting service [Tomcat]
2025-11-14 23:36:56.612 [34mINFO [0;39m [] [main] o.a.catalina.core.StandardEngine - Starting Servlet engine: [Apache Tomcat/10.1.30]
2025-11-14 23:36:56.674 [34mINFO [0;39m [] [main] o.a.c.c.C.[Tomcat].[localhost].[/] - Initializing Spring embedded WebApplicationContext
2025-11-14 23:36:56.674 [34mINFO [0;39m [] [main] o.s.b.w.s.c.ServletWebServerApplicationContext - Root WebApplicationContext: initialization completed in 2781 ms
2025-11-14 23:36:56.898 [34mINFO [0;39m [] [main] com.zaxxer.hikari.HikariDataSource - HikariPool-1 - Starting...
2025-11-14 23:36:57.152 [34mINFO [0;39m [] [main] com.zaxxer.hikari.pool.HikariPool - HikariPool-1 - Added connection conn0: url=jdbc:h2:mem:bharatshop user=SA
2025-11-14 23:36:57.152 [34mINFO [0;39m [] [main] com.zaxxer.hikari.HikariDataSource - HikariPool-1 - Start completed.
2025-11-14 23:36:57.169 [34mINFO [0;39m [] [main] o.s.b.a.h.H2ConsoleAutoConfiguration - H2 console available at '/h2-console'. Database available at 'jdbc:h2:mem:bharatshop'
2025-11-14 23:36:57.909 [34mINFO [0;39m [] [main] o.s.o.j.p.SpringPersistenceUnitInfo - No LoadTimeWeaver setup: ignoring JPA class transformer
2025-11-14 23:36:59.484 [34mINFO [0;39m [] [main] o.s.o.j.LocalContainerEntityManagerFactoryBean - Initialized JPA EntityManagerFactory for persistence unit 'default'
2025-11-14 23:36:59.912 [34mINFO [0;39m [] [main] c.b.config.NotificationConfig - SMS provider: LOG (fallback)
2025-11-14 23:36:59.912 [34mINFO [0;39m [] [main] c.b.config.NotificationConfig - Email provider: LOG (fallback)
2025-11-14 23:36:59.995 [39mDEBUG[0;39m [] [main] c.b.c.logging.CorrelationIdFilter - Filter 'correlationIdFilter' configured for use
2025-11-14 23:36:59.995 [39mDEBUG[0;39m [] [main] c.b.config.logging.HttpLoggingFilter - Filter 'httpLoggingFilter' configured for use
2025-11-14 23:36:59.997 [39mDEBUG[0;39m [] [main] com.bharatshop.config.TenantFilter - Filter 'tenantFilter' configured for use
2025-11-14 23:36:59.998 [39mDEBUG[0;39m [] [main] c.b.security.TokenAuthFilter - Filter 'tokenAuthFilter' configured for use
2025-11-14 23:37:00.002 [39mDEBUG[0;39m [] [main] c.b.config.IdempotencyFilter - Filter 'idempotencyFilter' configured for use
2025-11-14 23:37:00.383 [31mWARN [0;39m [] [main] o.s.b.a.o.j.JpaBaseConfiguration$JpaWebConfiguration - spring.jpa.open-in-view is enabled by default. Therefore, database queries may be performed during view rendering. Explicitly configure spring.jpa.open-in-view to disable this warning
2025-11-14 23:37:00.426 [31mWARN [0;39m [] [main] o.s.b.a.s.s.UserDetailsServiceAutoConfiguration - 

Using generated security password: 28353a8e-c67d-4792-a59b-e397ca0d744f

This generated password is for development use only. Your security configuration must be updated before running your application in production.

2025-11-14 23:37:00.440 [34mINFO [0;39m [] [main] o.s.s.c.a.a.c.InitializeUserDetailsBeanManagerConfigurer$InitializeUserDetailsManagerConfigurer - Global AuthenticationManager configured with UserDetailsService bean with name inMemoryUserDetailsManager
2025-11-14 23:37:01.049 [34mINFO [0;39m [] [main] o.s.b.a.e.web.EndpointLinksResolver - Exposing 4 endpoints beneath base path '/actuator'
2025-11-14 23:37:01.671 [34mINFO [0;39m [] [main] o.a.coyote.http11.Http11NioProtocol - Starting ProtocolHandler ["http-nio-8080"]
2025-11-14 23:37:01.709 [34mINFO [0;39m [] [main] o.s.b.w.e.tomcat.TomcatWebServer - Tomcat started on port 8080 (http) with context path '/'
2025-11-14 23:37:01.722 [34mINFO [0;39m [] [main] c.bharatshop.BharatshopApplication - Started BharatshopApplication in 8.859 seconds (process running for 9.56)
2025-11-14 23:37:13.777 [34mINFO [0;39m [] [SpringApplicationShutdownHook] o.s.o.j.LocalContainerEntityManagerFactoryBean - Closing JPA EntityManagerFactory for persistence unit 'default'
2025-11-14 23:37:13.785 [34mINFO [0;39m [] [SpringApplicationShutdownHook] com.zaxxer.hikari.HikariDataSource - HikariPool-1 - Shutdown initiated...
2025-11-14 23:37:13.806 [34mINFO [0;39m [] [SpringApplicationShutdownHook] com.zaxxer.hikari.HikariDataSource - HikariPool-1 - Shutdown completed.
2025-11-14 23:37:40.603 [34mINFO [0;39m [] [main] c.bharatshop.BharatshopApplication - Starting BharatshopApplication using Java 17.0.12 with PID 60576 (C:\Users\Adarsh\Downloads\bharatshop-backend\target\bharatshop-backend-0.0.1-SNAPSHOT.jar started by Adarsh in C:\Users\Adarsh\Downloads\bharatshop-backend)
2025-11-14 23:37:40.606 [39mDEBUG[0;39m [] [main] c.bharatshop.BharatshopApplication - Running with Spring Boot v3.3.4, Spring v6.1.13
2025-11-14 23:37:40.608 [34mINFO [0;39m [] [main] c.bharatshop.BharatshopApplication - No active profile set, falling back to 1 default profile: "default"
2025-11-14 23:37:42.152 [34mINFO [0;39m [] [main] o.s.d.r.c.RepositoryConfigurationDelegate - Bootstrapping Spring Data JPA repositories in DEFAULT mode.
2025-11-14 23:37:42.252 [34mINFO [0;39m [] [main] o.s.d.r.c.RepositoryConfigurationDelegate - Finished Spring Data repository scanning in 83 ms. Found 6 JPA repository interfaces.
2025-11-14 23:37:43.309 [34mINFO [0;39m [] [main] o.s.b.w.e.tomcat.TomcatWebServer - Tomcat initialized with port 8080 (http)
2025-11-14 23:37:43.324 [34mINFO [0;39m [] [main] o.a.coyote.http11.Http11NioProtocol - Initializing ProtocolHandler ["http-nio-8080"]
2025-11-14 23:37:43.331 [34mINFO [0;39m [] [main] o.a.catalina.core.StandardService - Starting service [Tomcat]
2025-11-14 23:37:43.331 [34mINFO [0;39m [] [main] o.a.catalina.core.StandardEngine - Starting Servlet engine: [Apache Tomcat/10.1.30]
2025-11-14 23:37:43.400 [34mINFO [0;39m [] [main] o.a.c.c.C.[Tomcat].[localhost].[/] - Initializing Spring embedded WebApplicationContext
2025-11-14 23:37:43.401 [34mINFO [0;39m [] [main] o.s.b.w.s.c.ServletWebServerApplicationContext - Root WebApplicationContext: initialization completed in 2720 ms
2025-11-14 23:37:43.684 [34mINFO [0;39m [] [main] com.zaxxer.hikari.HikariDataSource - HikariPool-1 - Starting...
2025-11-14 23:37:44.009 [34mINFO [0;39m [] [main] com.zaxxer.hikari.pool.HikariPool - HikariPool-1 - Added connection conn0: url=jdbc:h2:mem:bharatshop user=SA
2025-11-14 23:37:44.009 [34mINFO [0;39m [] [main] com.zaxxer.hikari.HikariDataSource - HikariPool-1 - Start completed.
2025-11-14 23:37:44.036 [34mINFO [0;39m [] [main] o.s.b.a.h.H2ConsoleAutoConfiguration - H2 console available at '/h2-console'. Database available at 'jdbc:h2:mem:bharatshop'
2025-11-14 23:37:44.821 [34mINFO [0;39m [] [main] o.s.o.j.p.SpringPersistenceUnitInfo - No LoadTimeWeaver setup: ignoring JPA class transformer
2025-11-14 23:37:46.344 [34mINFO [0;39m [] [main] o.s.o.j.LocalContainerEntityManagerFactoryBean - Initialized JPA EntityManagerFactory for persistence unit 'default'
2025-11-14 23:37:46.774 [34mINFO [0;39m [] [main] c.b.config.NotificationConfig - SMS provider: LOG (fallback)
2025-11-14 23:37:46.774 [34mINFO [0;39m [] [main] c.b.config.NotificationConfig - Email provider: LOG (fallback)
2025-11-14 23:37:46.858 [39mDEBUG[0;39m [] [main] c.b.c.logging.CorrelationIdFilter - Filter 'correlationIdFilter' configured for use
2025-11-14 23:37:46.859 [39mDEBUG[0;39m [] [main] c.b.config.logging.HttpLoggingFilter - Filter 'httpLoggingFilter' configured for use
2025-11-14 23:37:46.861 [39mDEBUG[0;39m [] [main] com.bharatshop.config.TenantFilter - Filter 'tenantFilter' configured for use
2025-11-14 23:37:46.861 [39mDEBUG[0;39m [] [main] c.b.security.TokenAuthFilter - Filter 'tokenAuthFilter' configured for use
2025-11-14 23:37:46.865 [39mDEBUG[0;39m [] [main] c.b.config.IdempotencyFilter - Filter 'idempotencyFilter' configured for use
2025-11-14 23:37:47.275 [31mWARN [0;39m [] [main] o.s.b.a.o.j.JpaBaseConfiguration$JpaWebConfiguration - spring.jpa.open-in-view is enabled by default. Therefore, database queries may be performed during view rendering. Explicitly configure spring.jpa.open-in-view to disable this warning
2025-11-14 23:37:47.310 [31mWARN [0;39m [] [main] o.s.b.a.s.s.UserDetailsServiceAutoConfiguration - 

Using generated security password: 4f5c80f5-eb30-4af4-af0b-66d8d5aed8ec

This generated password is for development use only. Your security configuration must be updated before running your application in production.

2025-11-14 23:37:47.323 [34mINFO [0;39m [] [main] o.s.s.c.a.a.c.InitializeUserDetailsBeanManagerConfigurer$InitializeUserDetailsManagerConfigurer - Global AuthenticationManager configured with UserDetailsService bean with name inMemoryUserDetailsManager
2025-11-14 23:37:47.906 [34mINFO [0;39m [] [main] o.s.b.a.e.web.EndpointLinksResolver - Exposing 4 endpoints beneath base path '/actuator'
2025-11-14 23:37:48.514 [34mINFO [0;39m [] [main] o.a.coyote.http11.Http11NioProtocol - Starting ProtocolHandler ["http-nio-8080"]
2025-11-14 23:37:48.556 [34mINFO [0;39m [] [main] o.s.b.w.e.tomcat.TomcatWebServer - Tomcat started on port 8080 (http) with context path '/'
2025-11-14 23:37:48.581 [34mINFO [0;39m [] [main] c.bharatshop.BharatshopApplication - Started BharatshopApplication in 9.053 seconds (process running for 9.968)
2025-11-14 23:38:14.627 [34mINFO [0;39m [] [http-nio-8080-exec-1] o.a.c.c.C.[Tomcat].[localhost].[/] - Initializing Spring DispatcherServlet 'dispatcherServlet'
2025-11-14 23:38:14.627 [34mINFO [0;39m [] [http-nio-8080-exec-1] o.s.web.servlet.DispatcherServlet - Initializing Servlet 'dispatcherServlet'
2025-11-14 23:38:14.627 [34mINFO [0;39m [] [http-nio-8080-exec-1] o.s.web.servlet.DispatcherServlet - Completed initialization in 0 ms
2025-11-14 23:38:14.831 [34mINFO [0;39m [e825defd-27b2-4eb9-92be-528e2b934608] [http-nio-8080-exec-1] com.bharatshop.web.EventController - Event ingested: id=evt_7561c1b4-8136-4d5f-9d10-4dbfb4f3d606 name=page_view tenant=demo.shop userId=null role=null ip=0:0:0:0:0:0:0:1 ua=Mozilla/5.0 (Windows NT; Windows NT 10.0; en-IN) WindowsPowerShell/5.1.26100.6584 ts=1731600000000 payloadPresent=true
2025-11-14 23:38:14.876 [34mINFO [0;39m [e825defd-27b2-4eb9-92be-528e2b934608] [http-nio-8080-exec-1] c.b.config.logging.HttpLoggingFilter - POST /api/events -> 200 (171 ms)
2025-11-14 23:38:14.876 [34mINFO [0;39m [e825defd-27b2-4eb9-92be-528e2b934608] [http-nio-8080-exec-1] c.b.config.logging.HttpLoggingFilter - Headers: auth=absent content-type=application/json accept=null
2025-11-14 23:38:14.876 [34mINFO [0;39m [e825defd-27b2-4eb9-92be-528e2b934608] [http-nio-8080-exec-1] c.b.config.logging.HttpLoggingFilter - Request payload: {"name":"page_view","payload":{"path":"/home"},"timestamp":1731600000000}
2025-11-14 23:38:14.876 [34mINFO [0;39m [e825defd-27b2-4eb9-92be-528e2b934608] [http-nio-8080-exec-1] c.b.config.logging.HttpLoggingFilter - Response payload: {"ok":true,"id":"evt_7561c1b4-8136-4d5f-9d10-4dbfb4f3d606"}
2025-11-14 23:39:12.799 [34mINFO [0;39m [] [main] c.bharatshop.BharatshopApplication - Starting BharatshopApplication using Java 17.0.12 with PID 44312 (C:\Users\Adarsh\Downloads\bharatshop-backend\target\bharatshop-backend-0.0.1-SNAPSHOT.jar started by Adarsh in C:\Users\Adarsh\Downloads\bharatshop-backend)
2025-11-14 23:39:12.802 [39mDEBUG[0;39m [] [main] c.bharatshop.BharatshopApplication - Running with Spring Boot v3.3.4, Spring v6.1.13
2025-11-14 23:39:12.805 [34mINFO [0;39m [] [main] c.bharatshop.BharatshopApplication - No active profile set, falling back to 1 default profile: "default"
2025-11-14 23:39:14.984 [34mINFO [0;39m [] [main] o.s.d.r.c.RepositoryConfigurationDelegate - Bootstrapping Spring Data JPA repositories in DEFAULT mode.
2025-11-14 23:39:15.077 [34mINFO [0;39m [] [main] o.s.d.r.c.RepositoryConfigurationDelegate - Finished Spring Data repository scanning in 82 ms. Found 6 JPA repository interfaces.
2025-11-14 23:39:16.183 [34mINFO [0;39m [] [main] o.s.b.w.e.tomcat.TomcatWebServer - Tomcat initialized with port 8081 (http)
2025-11-14 23:39:16.186 [34mINFO [0;39m [] [main] o.a.coyote.http11.Http11NioProtocol - Initializing ProtocolHandler ["http-nio-8081"]
2025-11-14 23:39:16.204 [34mINFO [0;39m [] [main] o.a.catalina.core.StandardService - Starting service [Tomcat]
2025-11-14 23:39:16.204 [34mINFO [0;39m [] [main] o.a.catalina.core.StandardEngine - Starting Servlet engine: [Apache Tomcat/10.1.30]
2025-11-14 23:39:16.288 [34mINFO [0;39m [] [main] o.a.c.c.C.[Tomcat].[localhost].[/] - Initializing Spring embedded WebApplicationContext
2025-11-14 23:39:16.289 [34mINFO [0;39m [] [main] o.s.b.w.s.c.ServletWebServerApplicationContext - Root WebApplicationContext: initialization completed in 3394 ms
2025-11-14 23:39:16.537 [34mINFO [0;39m [] [main] com.zaxxer.hikari.HikariDataSource - HikariPool-1 - Starting...
2025-11-14 23:39:16.799 [34mINFO [0;39m [] [main] com.zaxxer.hikari.pool.HikariPool - HikariPool-1 - Added connection conn0: url=jdbc:h2:mem:bharatshop user=SA
2025-11-14 23:39:16.801 [34mINFO [0;39m [] [main] com.zaxxer.hikari.HikariDataSource - HikariPool-1 - Start completed.
2025-11-14 23:39:16.814 [34mINFO [0;39m [] [main] o.s.b.a.h.H2ConsoleAutoConfiguration - H2 console available at '/h2-console'. Database available at 'jdbc:h2:mem:bharatshop'
2025-11-14 23:39:17.631 [34mINFO [0;39m [] [main] o.s.o.j.p.SpringPersistenceUnitInfo - No LoadTimeWeaver setup: ignoring JPA class transformer
2025-11-14 23:39:19.126 [34mINFO [0;39m [] [main] o.s.o.j.LocalContainerEntityManagerFactoryBean - Initialized JPA EntityManagerFactory for persistence unit 'default'
2025-11-14 23:39:19.606 [34mINFO [0;39m [] [main] c.b.config.NotificationConfig - SMS provider: LOG (fallback)
2025-11-14 23:39:19.606 [34mINFO [0;39m [] [main] c.b.config.NotificationConfig - Email provider: LOG (fallback)
2025-11-14 23:39:19.694 [39mDEBUG[0;39m [] [main] c.b.c.logging.CorrelationIdFilter - Filter 'correlationIdFilter' configured for use
2025-11-14 23:39:19.694 [39mDEBUG[0;39m [] [main] c.b.config.logging.HttpLoggingFilter - Filter 'httpLoggingFilter' configured for use
2025-11-14 23:39:19.699 [39mDEBUG[0;39m [] [main] com.bharatshop.config.TenantFilter - Filter 'tenantFilter' configured for use
2025-11-14 23:39:19.701 [39mDEBUG[0;39m [] [main] c.b.security.TokenAuthFilter - Filter 'tokenAuthFilter' configured for use
2025-11-14 23:39:19.704 [39mDEBUG[0;39m [] [main] c.b.config.IdempotencyFilter - Filter 'idempotencyFilter' configured for use
2025-11-14 23:39:20.240 [31mWARN [0;39m [] [main] o.s.b.a.o.j.JpaBaseConfiguration$JpaWebConfiguration - spring.jpa.open-in-view is enabled by default. Therefore, database queries may be performed during view rendering. Explicitly configure spring.jpa.open-in-view to disable this warning
2025-11-14 23:39:20.294 [31mWARN [0;39m [] [main] o.s.b.a.s.s.UserDetailsServiceAutoConfiguration - 

Using generated security password: e49d5baa-d6f6-4c55-b418-0ebf56ec44f2

This generated password is for development use only. Your security configuration must be updated before running your application in production.

2025-11-14 23:39:20.308 [34mINFO [0;39m [] [main] o.s.s.c.a.a.c.InitializeUserDetailsBeanManagerConfigurer$InitializeUserDetailsManagerConfigurer - Global AuthenticationManager configured with UserDetailsService bean with name inMemoryUserDetailsManager
2025-11-14 23:39:21.046 [34mINFO [0;39m [] [main] o.s.b.a.e.web.EndpointLinksResolver - Exposing 4 endpoints beneath base path '/actuator'
2025-11-14 23:39:21.776 [34mINFO [0;39m [] [main] o.a.coyote.http11.Http11NioProtocol - Starting ProtocolHandler ["http-nio-8081"]
2025-11-14 23:39:21.842 [34mINFO [0;39m [] [main] o.s.b.w.e.tomcat.TomcatWebServer - Tomcat started on port 8081 (http) with context path '/'
2025-11-14 23:39:21.861 [34mINFO [0;39m [] [main] c.bharatshop.BharatshopApplication - Started BharatshopApplication in 10.214 seconds (process running for 11.114)
2025-11-14 23:39:30.131 [34mINFO [0;39m [] [http-nio-8081-exec-2] o.a.c.c.C.[Tomcat].[localhost].[/] - Initializing Spring DispatcherServlet 'dispatcherServlet'
2025-11-14 23:39:30.132 [34mINFO [0;39m [] [http-nio-8081-exec-2] o.s.web.servlet.DispatcherServlet - Initializing Servlet 'dispatcherServlet'
2025-11-14 23:39:30.135 [34mINFO [0;39m [] [http-nio-8081-exec-2] o.s.web.servlet.DispatcherServlet - Completed initialization in 2 ms
2025-11-14 23:39:30.283 [34mINFO [0;39m [1a6f3614-dbb6-46d7-bb2e-d66a42555dcf] [http-nio-8081-exec-2] c.b.web.StoreDiscoveryController - Discover stores: tenant=demo-store search=null category=null
2025-11-14 23:39:30.288 [34mINFO [0;39m [6b368923-727d-49c6-8431-5150ebe31f4b] [http-nio-8081-exec-1] c.b.web.StorefrontCartController - Storefront get cart: tenant=demo-store userId=guest-guest_1763142291071_p6hkbv 
2025-11-14 23:39:30.394 [34mINFO [0;39m [6b368923-727d-49c6-8431-5150ebe31f4b] [http-nio-8081-exec-1] c.b.config.logging.HttpLoggingFilter - GET /api/storefront/cart -> 200 (172 ms)
2025-11-14 23:39:30.394 [34mINFO [0;39m [6b368923-727d-49c6-8431-5150ebe31f4b] [http-nio-8081-exec-1] c.b.config.logging.HttpLoggingFilter - Headers: auth=absent content-type=null accept=application/json, text/plain, */*
2025-11-14 23:39:30.394 [34mINFO [0;39m [6b368923-727d-49c6-8431-5150ebe31f4b] [http-nio-8081-exec-1] c.b.config.logging.HttpLoggingFilter - Response payload: {"totals":{"subtotal":0.0,"itemsCount":0},"items":[]}
2025-11-14 23:39:30.417 [34mINFO [0;39m [f16663fd-062c-4e03-970c-265195a913f2] [http-nio-8081-exec-3] c.b.web.StorefrontCartController - Storefront get cart: tenant=demo-store userId=guest-guest_1763142291071_p6hkbv 
2025-11-14 23:39:30.419 [34mINFO [0;39m [f16663fd-062c-4e03-970c-265195a913f2] [http-nio-8081-exec-3] c.b.config.logging.HttpLoggingFilter - GET /api/storefront/cart -> 200 (4 ms)
2025-11-14 23:39:30.420 [34mINFO [0;39m [f16663fd-062c-4e03-970c-265195a913f2] [http-nio-8081-exec-3] c.b.config.logging.HttpLoggingFilter - Headers: auth=absent content-type=null accept=application/json, text/plain, */*
2025-11-14 23:39:30.420 [34mINFO [0;39m [f16663fd-062c-4e03-970c-265195a913f2] [http-nio-8081-exec-3] c.b.config.logging.HttpLoggingFilter - Response payload: {"totals":{"subtotal":0.0,"itemsCount":0},"items":[]}
2025-11-14 23:39:30.453 [34mINFO [0;39m [1a6f3614-dbb6-46d7-bb2e-d66a42555dcf] [http-nio-8081-exec-2] c.b.config.logging.HttpLoggingFilter - GET /api/stores -> 200 (231 ms)
2025-11-14 23:39:30.453 [34mINFO [0;39m [1a6f3614-dbb6-46d7-bb2e-d66a42555dcf] [http-nio-8081-exec-2] c.b.config.logging.HttpLoggingFilter - Headers: auth=absent content-type=null accept=application/json, text/plain, */*
2025-11-14 23:39:30.453 [34mINFO [0;39m [1a6f3614-dbb6-46d7-bb2e-d66a42555dcf] [http-nio-8081-exec-2] c.b.config.logging.HttpLoggingFilter - Response payload: [{"id":"cbfa760a-7f06-4718-b4d1-980175b78307","name":"City Pharmacy","area":"Brigade","category":"pharmacy","status":"open","orderingDisabled":false,"updatedAt":"2025-11-14T18:09:22.038306Z"},{"id":"71c27137-dca5-4723-a8f9-4279b0f35838","name":"Fresh Mart","area":"MG Road","category":"grocery","status":"open","orderingDisabled":false,"updatedAt":"2025-11-14T18:09:21.918641Z"},{"id":"9a1c2c30-c0aa-4495-bf49-cfb8dad8dd7d","name":"Sunrise Hotel","area":"Beach","category":"hospitality","status":"open","orderingDisabled":false,"updatedAt":"2025-11-14T18:09:22.038306Z"}]
2025-11-14 23:42:03.229 [34mINFO [0;39m [06ad5762-8cb1-4082-8ca4-cbcbe7374338] [http-nio-8081-exec-4] c.b.web.StoreDiscoveryController - Discover stores: tenant=demo-store search=null category=null
2025-11-14 23:42:03.237 [34mINFO [0;39m [06ad5762-8cb1-4082-8ca4-cbcbe7374338] [http-nio-8081-exec-4] c.b.config.logging.HttpLoggingFilter - GET /api/stores -> 200 (10 ms)
2025-11-14 23:42:03.239 [34mINFO [0;39m [06ad5762-8cb1-4082-8ca4-cbcbe7374338] [http-nio-8081-exec-4] c.b.config.logging.HttpLoggingFilter - Headers: auth=absent content-type=null accept=application/json, text/plain, */*
2025-11-14 23:42:03.241 [34mINFO [0;39m [06ad5762-8cb1-4082-8ca4-cbcbe7374338] [http-nio-8081-exec-4] c.b.config.logging.HttpLoggingFilter - Response payload: [{"id":"cbfa760a-7f06-4718-b4d1-980175b78307","name":"City Pharmacy","area":"Brigade","category":"pharmacy","status":"open","orderingDisabled":false,"updatedAt":"2025-11-14T18:09:22.038306Z"},{"id":"71c27137-dca5-4723-a8f9-4279b0f35838","name":"Fresh Mart","area":"MG Road","category":"grocery","status":"open","orderingDisabled":false,"updatedAt":"2025-11-14T18:09:21.918641Z"},{"id":"9a1c2c30-c0aa-4495-bf49-cfb8dad8dd7d","name":"Sunrise Hotel","area":"Beach","category":"hospitality","status":"open","orderingDisabled":false,"updatedAt":"2025-11-14T18:09:22.038306Z"}]
2025-11-14 23:42:03.514 [34mINFO [0;39m [62ea0676-db5c-4e3f-af9a-6918a224e0a4] [http-nio-8081-exec-5] c.b.web.StoreDiscoveryController - Discover stores: tenant=demo-store search=null category=null
2025-11-14 23:42:03.521 [34mINFO [0;39m [62ea0676-db5c-4e3f-af9a-6918a224e0a4] [http-nio-8081-exec-5] c.b.config.logging.HttpLoggingFilter - GET /api/stores -> 200 (9 ms)
2025-11-14 23:42:03.521 [34mINFO [0;39m [62ea0676-db5c-4e3f-af9a-6918a224e0a4] [http-nio-8081-exec-5] c.b.config.logging.HttpLoggingFilter - Headers: auth=absent content-type=null accept=application/json, text/plain, */*
2025-11-14 23:42:03.521 [34mINFO [0;39m [62ea0676-db5c-4e3f-af9a-6918a224e0a4] [http-nio-8081-exec-5] c.b.config.logging.HttpLoggingFilter - Response payload: [{"id":"cbfa760a-7f06-4718-b4d1-980175b78307","name":"City Pharmacy","area":"Brigade","category":"pharmacy","status":"open","orderingDisabled":false,"updatedAt":"2025-11-14T18:09:22.038306Z"},{"id":"71c27137-dca5-4723-a8f9-4279b0f35838","name":"Fresh Mart","area":"MG Road","category":"grocery","status":"open","orderingDisabled":false,"updatedAt":"2025-11-14T18:09:21.918641Z"},{"id":"9a1c2c30-c0aa-4495-bf49-cfb8dad8dd7d","name":"Sunrise Hotel","area":"Beach","category":"hospitality","status":"open","orderingDisabled":false,"updatedAt":"2025-11-14T18:09:22.038306Z"}]
2025-11-14 23:43:53.810 [34mINFO [0;39m [617e134c-e8c2-440d-a084-778eeb9c9707] [http-nio-8081-exec-6] c.b.web.StorefrontCartController - Storefront get cart: tenant=demo-store userId=guest-guest_1763142291071_p6hkbv 
2025-11-14 23:43:53.814 [34mINFO [0;39m [617e134c-e8c2-440d-a084-778eeb9c9707] [http-nio-8081-exec-6] c.b.config.logging.HttpLoggingFilter - GET /api/storefront/cart -> 200 (6 ms)
2025-11-14 23:43:53.814 [34mINFO [0;39m [617e134c-e8c2-440d-a084-778eeb9c9707] [http-nio-8081-exec-6] c.b.config.logging.HttpLoggingFilter - Headers: auth=absent content-type=null accept=application/json, text/plain, */*
2025-11-14 23:43:53.814 [34mINFO [0;39m [617e134c-e8c2-440d-a084-778eeb9c9707] [http-nio-8081-exec-6] c.b.config.logging.HttpLoggingFilter - Response payload: {"totals":{"subtotal":0.0,"itemsCount":0},"items":[]}
2025-11-14 23:43:53.829 [34mINFO [0;39m [9642b0ca-d32b-4834-94ad-158b36a3d804] [http-nio-8081-exec-9] c.b.web.StorefrontCartController - Storefront get cart: tenant=demo-store userId=guest-guest_1763142291071_p6hkbv 
2025-11-14 23:43:53.831 [34mINFO [0;39m [9642b0ca-d32b-4834-94ad-158b36a3d804] [http-nio-8081-exec-9] c.b.config.logging.HttpLoggingFilter - GET /api/storefront/cart -> 200 (5 ms)
2025-11-14 23:43:53.831 [34mINFO [0;39m [9642b0ca-d32b-4834-94ad-158b36a3d804] [http-nio-8081-exec-9] c.b.config.logging.HttpLoggingFilter - Headers: auth=absent content-type=null accept=application/json, text/plain, */*
2025-11-14 23:43:53.834 [34mINFO [0;39m [9642b0ca-d32b-4834-94ad-158b36a3d804] [http-nio-8081-exec-9] c.b.config.logging.HttpLoggingFilter - Response payload: {"totals":{"subtotal":0.0,"itemsCount":0},"items":[]}
2025-11-14 23:43:53.910 [34mINFO [0;39m [e1ddaf73-10f1-4bff-a341-18aec1d8ddf0] [http-nio-8081-exec-10] c.b.web.StoreDiscoveryController - Discover stores: tenant=demo-store search=null category=null
2025-11-14 23:43:53.914 [34mINFO [0;39m [e1ddaf73-10f1-4bff-a341-18aec1d8ddf0] [http-nio-8081-exec-10] c.b.config.logging.HttpLoggingFilter - GET /api/stores -> 200 (5 ms)
2025-11-14 23:43:53.917 [34mINFO [0;39m [e1ddaf73-10f1-4bff-a341-18aec1d8ddf0] [http-nio-8081-exec-10] c.b.config.logging.HttpLoggingFilter - Headers: auth=absent content-type=null accept=application/json, text/plain, */*
2025-11-14 23:43:53.917 [34mINFO [0;39m [e1ddaf73-10f1-4bff-a341-18aec1d8ddf0] [http-nio-8081-exec-10] c.b.config.logging.HttpLoggingFilter - Response payload: [{"id":"cbfa760a-7f06-4718-b4d1-980175b78307","name":"City Pharmacy","area":"Brigade","category":"pharmacy","status":"open","orderingDisabled":false,"updatedAt":"2025-11-14T18:09:22.038306Z"},{"id":"71c27137-dca5-4723-a8f9-4279b0f35838","name":"Fresh Mart","area":"MG Road","category":"grocery","status":"open","orderingDisabled":false,"updatedAt":"2025-11-14T18:09:21.918641Z"},{"id":"9a1c2c30-c0aa-4495-bf49-cfb8dad8dd7d","name":"Sunrise Hotel","area":"Beach","category":"hospitality","status":"open","orderingDisabled":false,"updatedAt":"2025-11-14T18:09:22.038306Z"}]
2025-11-14 23:44:24.708 [34mINFO [0;39m [5fd4b8da-0d4b-4655-9c5d-b8c6b69f2a90] [http-nio-8081-exec-8] c.b.web.StoreDiscoveryController - Get store: tenant=demo-store id=cbfa760a-7f06-4718-b4d1-980175b78307
2025-11-14 23:44:24.712 [34mINFO [0;39m [545ee6d9-319d-4811-aa9b-ed5eb1fe5c85] [http-nio-8081-exec-7] c.b.web.StoreDiscoveryController - Products by store: tenant=demo-store storeId=cbfa760a-7f06-4718-b4d1-980175b78307
2025-11-14 23:44:24.717 [34mINFO [0;39m [5fd4b8da-0d4b-4655-9c5d-b8c6b69f2a90] [http-nio-8081-exec-8] c.b.web.StoreDiscoveryController - Get store success: id=cbfa760a-7f06-4718-b4d1-980175b78307 name=City Pharmacy 
2025-11-14 23:44:24.724 [34mINFO [0;39m [5fd4b8da-0d4b-4655-9c5d-b8c6b69f2a90] [http-nio-8081-exec-8] c.b.config.logging.HttpLoggingFilter - GET /api/stores/cbfa760a-7f06-4718-b4d1-980175b78307 -> 200 (21 ms)
2025-11-14 23:44:24.726 [34mINFO [0;39m [5fd4b8da-0d4b-4655-9c5d-b8c6b69f2a90] [http-nio-8081-exec-8] c.b.config.logging.HttpLoggingFilter - Headers: auth=absent content-type=null accept=application/json, text/plain, */*
2025-11-14 23:44:24.728 [34mINFO [0;39m [5fd4b8da-0d4b-4655-9c5d-b8c6b69f2a90] [http-nio-8081-exec-8] c.b.config.logging.HttpLoggingFilter - Response payload: {"id":"cbfa760a-7f06-4718-b4d1-980175b78307","name":"City Pharmacy","area":"Brigade","category":"pharmacy","status":"open","orderingDisabled":false,"updatedAt":"2025-11-14T18:09:22.038306Z"}
2025-11-14 23:44:24.798 [34mINFO [0;39m [545ee6d9-319d-4811-aa9b-ed5eb1fe5c85] [http-nio-8081-exec-7] c.b.config.logging.HttpLoggingFilter - GET /api/products?storeId=cbfa760a-7f06-4718-b4d1-980175b78307 -> 200 (83 ms)
2025-11-14 23:44:24.800 [34mINFO [0;39m [545ee6d9-319d-4811-aa9b-ed5eb1fe5c85] [http-nio-8081-exec-7] c.b.config.logging.HttpLoggingFilter - Headers: auth=absent content-type=null accept=application/json, text/plain, */*
2025-11-14 23:44:24.800 [34mINFO [0;39m [545ee6d9-319d-4811-aa9b-ed5eb1fe5c85] [http-nio-8081-exec-7] c.b.config.logging.HttpLoggingFilter - Response payload: [{"id":"24d6cd0a-0d00-41a4-831d-c136027d98bb","name":"Paracetamol","price":35.0,"category":"medicine","storeId":"cbfa760a-7f06-4718-b4d1-980175b78307","active":true}]
2025-11-14 23:44:31.728 [34mINFO [0;39m [2f4cd8b4-05be-42a8-9238-4c79a9b994be] [http-nio-8081-exec-1] c.b.web.StorefrontCartController - Storefront add cart item: tenant=demo-store userId=guest-guest_1763142291071_p6hkbv itemId=null qty=1
2025-11-14 23:44:31.731 [34mINFO [0;39m [2f4cd8b4-05be-42a8-9238-4c79a9b994be] [http-nio-8081-exec-1] c.b.config.logging.HttpLoggingFilter - POST /api/storefront/cart/items -> 200 (118 ms)
2025-11-14 23:44:31.733 [34mINFO [0;39m [2f4cd8b4-05be-42a8-9238-4c79a9b994be] [http-nio-8081-exec-1] c.b.config.logging.HttpLoggingFilter - Headers: auth=absent content-type=application/json accept=application/json, text/plain, */*
2025-11-14 23:44:31.733 [34mINFO [0;39m [2f4cd8b4-05be-42a8-9238-4c79a9b994be] [http-nio-8081-exec-1] c.b.config.logging.HttpLoggingFilter - Request payload: {"productId":"24d6cd0a-0d00-41a4-831d-c136027d98bb__v:standard__a:","quantity":1,"storeId":"cbfa760a-7f06-4718-b4d1-980175b78307"}
2025-11-14 23:44:31.733 [34mINFO [0;39m [2f4cd8b4-05be-42a8-9238-4c79a9b994be] [http-nio-8081-exec-1] c.b.config.logging.HttpLoggingFilter - Response payload: {"totals":{"subtotal":0.0,"itemsCount":1},"items":[{"price":0.0,"quantity":1}]}
2025-11-14 23:44:41.685 [34mINFO [0;39m [d02c6bec-8471-43d2-b49f-f2a1684bb81b] [http-nio-8081-exec-3] com.bharatshop.web.AuthController - OTP send requested: phone=+917355460178
2025-11-14 23:44:41.688 [34mINFO [0;39m [d02c6bec-8471-43d2-b49f-f2a1684bb81b] [http-nio-8081-exec-3] com.bharatshop.service.AuthService - Sending OTP to phone=+917355460178
2025-11-14 23:44:41.690 [34mINFO [0;39m [d02c6bec-8471-43d2-b49f-f2a1684bb81b] [http-nio-8081-exec-3] com.bharatshop.service.AuthService - OTP generated: otpId=51f8b252-7846-4700-a6f7-c9b14a102356 expiresAt=1763144201690
2025-11-14 23:44:41.690 [34mINFO [0;39m [d02c6bec-8471-43d2-b49f-f2a1684bb81b] [http-nio-8081-exec-3] c.b.service.LogNotificationService - [SMS] to=+917355460178 message=Your Bharatshop OTP is 883942. Valid for 2 minutes.
2025-11-14 23:44:41.716 [34mINFO [0;39m [d02c6bec-8471-43d2-b49f-f2a1684bb81b] [http-nio-8081-exec-3] c.b.config.logging.HttpLoggingFilter - POST /api/storefront/auth/otp/send -> 200 (51 ms)
2025-11-14 23:44:41.716 [34mINFO [0;39m [d02c6bec-8471-43d2-b49f-f2a1684bb81b] [http-nio-8081-exec-3] c.b.config.logging.HttpLoggingFilter - Headers: auth=absent content-type=application/json accept=application/json, text/plain, */*
2025-11-14 23:44:41.716 [34mINFO [0;39m [d02c6bec-8471-43d2-b49f-f2a1684bb81b] [http-nio-8081-exec-3] c.b.config.logging.HttpLoggingFilter - Request payload: {"phone":"+917355460178","channel":"sms"}
2025-11-14 23:44:41.716 [34mINFO [0;39m [d02c6bec-8471-43d2-b49f-f2a1684bb81b] [http-nio-8081-exec-3] c.b.config.logging.HttpLoggingFilter - Response payload: {"otpId":"51f8b252-7846-4700-a6f7-c9b14a102356","otp":"883942","ttlSeconds":120,"success":true}
2025-11-14 23:45:14.393 [34mINFO [0;39m [fbe77164-9359-4a2a-a58b-e9d7d02e990a] [http-nio-8081-exec-2] com.bharatshop.web.AuthController - OTP verify requested: phone=+917355460178 otpPresent=true
2025-11-14 23:45:14.399 [34mINFO [0;39m [fbe77164-9359-4a2a-a58b-e9d7d02e990a] [http-nio-8081-exec-2] com.bharatshop.service.AuthService - Verifying OTP for phone=+917355460178
2025-11-14 23:45:14.399 [34mINFO [0;39m [fbe77164-9359-4a2a-a58b-e9d7d02e990a] [http-nio-8081-exec-2] com.bharatshop.service.AuthService - OTP verification success for phone=+917355460178
2025-11-14 23:45:14.399 [34mINFO [0;39m [fbe77164-9359-4a2a-a58b-e9d7d02e990a] [http-nio-8081-exec-2] com.bharatshop.service.AuthService - Login (phone) attempt: phone=+917355460178
2025-11-14 23:45:14.464 [34mINFO [0;39m [fbe77164-9359-4a2a-a58b-e9d7d02e990a] [http-nio-8081-exec-2] com.bharatshop.service.AuthService - Session created: userId=84ee4658-da81-4267-b293-632fd1559c9c role=USER
2025-11-14 23:45:14.464 [34mINFO [0;39m [fbe77164-9359-4a2a-a58b-e9d7d02e990a] [http-nio-8081-exec-2] com.bharatshop.service.AuthService - Login (phone) success: userId=84ee4658-da81-4267-b293-632fd1559c9c token=eyJhbGciOiJIUzI1NiIsInR5cCI6IkpXVCJ9.eyJzdWIiOiI4NGVlNDY1OC1kYTgxLTQyNjctYjI5My02MzJmZDE1NTljOWMiLCJuYW1lIjoiVXNlcjAxNzgiLCJyb2xlIjoiVVNFUiIsImlhdCI6MTc2MzE0NDExNCwiZXhwIjoxNzYzMTQ3NzE0fQ.Tup_yW3ivATiO4sEj1UrTa9sa9b6rKvfxMuOY0QwQ-A role=USER 
2025-11-14 23:45:14.528 [34mINFO [0;39m [fbe77164-9359-4a2a-a58b-e9d7d02e990a] [http-nio-8081-exec-2] com.bharatshop.web.AuthController - OTP verify success: userId=84ee4658-da81-4267-b293-632fd1559c9c tokenPresent=true
2025-11-14 23:45:14.538 [34mINFO [0;39m [fbe77164-9359-4a2a-a58b-e9d7d02e990a] [http-nio-8081-exec-2] c.b.config.logging.HttpLoggingFilter - POST /api/storefront/auth/otp/verify -> 200 (148 ms)
2025-11-14 23:45:14.538 [34mINFO [0;39m [fbe77164-9359-4a2a-a58b-e9d7d02e990a] [http-nio-8081-exec-2] c.b.config.logging.HttpLoggingFilter - Headers: auth=absent content-type=application/json accept=application/json, text/plain, */*
2025-11-14 23:45:14.538 [34mINFO [0;39m [fbe77164-9359-4a2a-a58b-e9d7d02e990a] [http-nio-8081-exec-2] c.b.config.logging.HttpLoggingFilter - Request payload: {"phone":"+917355460178","otp":"883942"}
2025-11-14 23:45:14.538 [34mINFO [0;39m [fbe77164-9359-4a2a-a58b-e9d7d02e990a] [http-nio-8081-exec-2] c.b.config.logging.HttpLoggingFilter - Response payload: {"token":"eyJhbGciOiJIUzI1NiIsInR5cCI6IkpXVCJ9.eyJzdWIiOiI4NGVlNDY1OC1kYTgxLTQyNjctYjI5My02MzJmZDE1NTljOWMiLCJuYW1lIjoiVXNlcjAxNzgiLCJyb2xlIjoiVVNFUiIsImlhdCI6MTc2MzE0NDExNCwiZXhwIjoxNzYzMTQ3NzE0fQ.Tup_yW3ivATiO4sEj1UrTa9sa9b6rKvfxMuOY0QwQ-A","user":{"id":"84ee4658-da81-4267-b293-632fd1559c9c","name":"User0178","phone":"+917355460178","role":"USER"},"success":true}
2025-11-14 23:45:14.757 [34mINFO [0;39m [54b0605c-a083-4e71-af1a-b863714a694e] [http-nio-8081-exec-4] com.bharatshop.web.AuthController - Profile requested: tokenPresent=true 
2025-11-14 23:45:14.768 [34mINFO [0;39m [54b0605c-a083-4e71-af1a-b863714a694e] [http-nio-8081-exec-4] com.bharatshop.web.AuthController - Profile success: userId=84ee4658-da81-4267-b293-632fd1559c9c
2025-11-14 23:45:14.778 [34mINFO [0;39m [54b0605c-a083-4e71-af1a-b863714a694e] [http-nio-8081-exec-4] c.b.config.logging.HttpLoggingFilter - GET /api/storefront/auth/profile -> 200 (23 ms)
2025-11-14 23:45:14.782 [34mINFO [0;39m [54b0605c-a083-4e71-af1a-b863714a694e] [http-nio-8081-exec-4] c.b.config.logging.HttpLoggingFilter - Headers: auth=present content-type=null accept=application/json, text/plain, */*
2025-11-14 23:45:14.782 [34mINFO [0;39m [54b0605c-a083-4e71-af1a-b863714a694e] [http-nio-8081-exec-4] c.b.config.logging.HttpLoggingFilter - Response payload: {"id":"84ee4658-da81-4267-b293-632fd1559c9c","name":"User0178","phone":"+917355460178","role":"USER"}
2025-11-14 23:45:47.111 [34mINFO [0;39m [c82b0632-e8f8-4221-bb44-59f0ba8406e4] [http-nio-8081-exec-5] c.bharatshop.web.CheckoutController - Checkout requested: tenant=demo-store userId=84ee4658-da81-4267-b293-632fd1559c9c items=1 paymentMethod=cod
2025-11-14 23:45:47.159 [34mINFO [0;39m [c82b0632-e8f8-4221-bb44-59f0ba8406e4] [http-nio-8081-exec-5] c.bharatshop.web.CheckoutController - Checkout success: orderId=aefcb91a-a2c4-44de-86a8-b6fda848c5a2 reference=REF-aefcb91a userId=84ee4658-da81-4267-b293-632fd1559c9c
2025-11-14 23:45:47.173 [34mINFO [0;39m [c82b0632-e8f8-4221-bb44-59f0ba8406e4] [http-nio-8081-exec-5] c.b.config.logging.HttpLoggingFilter - POST /api/storefront/checkout -> 200 (104 ms)
2025-11-14 23:45:47.174 [34mINFO [0;39m [c82b0632-e8f8-4221-bb44-59f0ba8406e4] [http-nio-8081-exec-5] c.b.config.logging.HttpLoggingFilter - Headers: auth=present content-type=application/json accept=application/json, text/plain, */*
2025-11-14 23:45:47.174 [34mINFO [0;39m [c82b0632-e8f8-4221-bb44-59f0ba8406e4] [http-nio-8081-exec-5] c.b.config.logging.HttpLoggingFilter - Request payload: {"items":[{"id":"24d6cd0a-0d00-41a4-831d-c136027d98bb__v:standard__a:","name":"Paracetamol","price":35,"quantity":1,"storeId":"cbfa760a-7f06-4718-b4d1-980175b78307","requiresPrescription":true}],"totals":{"subtotal":35,"discount":50,"deliveryFee":29,"tax":0,"tip":0,"payable":29},"address":{"name":"Adarsh soni","phone":"9876543211","line1":"Near Major Chauraha Balrampur","line2":"","city":"Balrampur","pincode":"271201"},"deliverySlot":"morning","promo":"WELCOME50","deliveryInstructions":"","prescriptions":[{"name":"Gemini_Generated_Image_c7xjdoc7xjdoc7xj.png","size":1196719,"type":"image/png"}],"paymentMethod":"cod"}
2025-11-14 23:45:47.174 [34mINFO [0;39m [c82b0632-e8f8-4221-bb44-59f0ba8406e4] [http-nio-8081-exec-5] c.b.config.logging.HttpLoggingFilter - Response payload: {"reference":"REF-aefcb91a","order":{"id":"aefcb91a-a2c4-44de-86a8-b6fda848c5a2","reference":"REF-aefcb91a","status":"placed","total":29.0,"totals":{"subtotal":35.0,"discount":50.0,"deliveryFee":29.0,"tax":0.0,"tip":0.0,"payable":29.0},"items":[{"id":"24d6cd0a-0d00-41a4-831d-c136027d98bb__v:standard__a:","name":"Paracetamol","price":35.0,"quantity":1,"requiresPrescription":true}],"paymentMethod":"cod","address":{"name":"Adarsh soni","phone":"9876543211","line1":"Near Major Chauraha Balrampur","line2":"","city":"Balrampur","pincode":"271201"},"deliverySlot":"morning","deliveryInstructions":"","promo":"WELCOME50","type":"order","createdAt":"2025-11-14T18:15:47.115063Z","sellerResponseDeadline":"2025-11-14T18:30:47.115063Z"}}
2025-11-14 23:45:47.236 [34mINFO [0;39m [66a509f1-5f3a-4f50-bd03-b25eaf437664] [http-nio-8081-exec-6] c.b.web.StorefrontCartController - Storefront clear cart: tenant=demo-store userId=84ee4658-da81-4267-b293-632fd1559c9c 
2025-11-14 23:45:47.238 [34mINFO [0;39m [66a509f1-5f3a-4f50-bd03-b25eaf437664] [http-nio-8081-exec-6] c.b.config.logging.HttpLoggingFilter - DELETE /api/storefront/cart -> 200 (4 ms)
2025-11-14 23:45:47.240 [34mINFO [0;39m [66a509f1-5f3a-4f50-bd03-b25eaf437664] [http-nio-8081-exec-6] c.b.config.logging.HttpLoggingFilter - Headers: auth=present content-type=null accept=application/json, text/plain, */*
2025-11-14 23:45:47.240 [34mINFO [0;39m [66a509f1-5f3a-4f50-bd03-b25eaf437664] [http-nio-8081-exec-6] c.b.config.logging.HttpLoggingFilter - Response payload: {"totals":{"subtotal":0.0,"itemsCount":0},"items":[]}
2025-11-14 23:45:52.819 [34mINFO [0;39m [f988942f-2dd9-4af5-8425-2190afdac09a] [http-nio-8081-exec-9] c.b.web.StoreDiscoveryController - Discover stores: tenant=demo-store search=null category=Hospitality
2025-11-14 23:45:52.837 [34mINFO [0;39m [f988942f-2dd9-4af5-8425-2190afdac09a] [http-nio-8081-exec-9] c.b.config.logging.HttpLoggingFilter - GET /api/stores?category=Hospitality&city=Balrampur&lat=27.4235392&lon=82.1854208&lng=82.1854208 -> 200 (20 ms)
2025-11-14 23:45:52.837 [34mINFO [0;39m [f988942f-2dd9-4af5-8425-2190afdac09a] [http-nio-8081-exec-9] c.b.config.logging.HttpLoggingFilter - Headers: auth=present content-type=null accept=application/json, text/plain, */*
2025-11-14 23:45:52.837 [34mINFO [0;39m [f988942f-2dd9-4af5-8425-2190afdac09a] [http-nio-8081-exec-9] c.b.config.logging.HttpLoggingFilter - Response payload: [{"id":"9a1c2c30-c0aa-4495-bf49-cfb8dad8dd7d","name":"Sunrise Hotel","area":"Beach","category":"hospitality","status":"open","orderingDisabled":false,"updatedAt":"2025-11-14T18:09:22.038306Z"}]
2025-11-14 23:45:54.633 [34mINFO [0;39m [bf3cd48b-54f4-4cb2-9f82-56b1acf678cf] [http-nio-8081-exec-10] c.b.web.StoreDiscoveryController - Get store: tenant=demo-store id=9a1c2c30-c0aa-4495-bf49-cfb8dad8dd7d
2025-11-14 23:45:54.638 [34mINFO [0;39m [bf3cd48b-54f4-4cb2-9f82-56b1acf678cf] [http-nio-8081-exec-10] c.b.web.StoreDiscoveryController - Get store success: id=9a1c2c30-c0aa-4495-bf49-cfb8dad8dd7d name=Sunrise Hotel 
2025-11-14 23:45:54.638 [34mINFO [0;39m [338aff7c-ee14-4d61-9dc8-e69b7472a7b9] [http-nio-8081-exec-8] c.b.web.StoreDiscoveryController - Products by store: tenant=demo-store storeId=9a1c2c30-c0aa-4495-bf49-cfb8dad8dd7d
2025-11-14 23:45:54.640 [34mINFO [0;39m [bf3cd48b-54f4-4cb2-9f82-56b1acf678cf] [http-nio-8081-exec-10] c.b.config.logging.HttpLoggingFilter - GET /api/stores/9a1c2c30-c0aa-4495-bf49-cfb8dad8dd7d -> 200 (9 ms)
2025-11-14 23:45:54.652 [34mINFO [0;39m [bf3cd48b-54f4-4cb2-9f82-56b1acf678cf] [http-nio-8081-exec-10] c.b.config.logging.HttpLoggingFilter - Headers: auth=present content-type=null accept=application/json, text/plain, */*
2025-11-14 23:45:54.652 [34mINFO [0;39m [bf3cd48b-54f4-4cb2-9f82-56b1acf678cf] [http-nio-8081-exec-10] c.b.config.logging.HttpLoggingFilter - Response payload: {"id":"9a1c2c30-c0aa-4495-bf49-cfb8dad8dd7d","name":"Sunrise Hotel","area":"Beach","category":"hospitality","status":"open","orderingDisabled":false,"updatedAt":"2025-11-14T18:09:22.038306Z"}
2025-11-14 23:45:54.667 [34mINFO [0;39m [338aff7c-ee14-4d61-9dc8-e69b7472a7b9] [http-nio-8081-exec-8] c.b.config.logging.HttpLoggingFilter - GET /api/products?storeId=9a1c2c30-c0aa-4495-bf49-cfb8dad8dd7d -> 200 (30 ms)
2025-11-14 23:45:54.669 [34mINFO [0;39m [338aff7c-ee14-4d61-9dc8-e69b7472a7b9] [http-nio-8081-exec-8] c.b.config.logging.HttpLoggingFilter - Headers: auth=present content-type=null accept=application/json, text/plain, */*
2025-11-14 23:45:54.671 [34mINFO [0;39m [338aff7c-ee14-4d61-9dc8-e69b7472a7b9] [http-nio-8081-exec-8] c.b.config.logging.HttpLoggingFilter - Response payload: [{"id":"abcf3121-667a-4f42-9067-2dea184a3379","name":"Room Deluxe","price":2500.0,"category":"room","storeId":"9a1c2c30-c0aa-4495-bf49-cfb8dad8dd7d","active":true}]
2025-11-14 23:50:24.291 [34mINFO [0;39m [376ca9ea-70f9-49ee-98c6-400bd6a03ac8] [http-nio-8081-exec-7] c.b.web.StoreDiscoveryController - Discover stores: tenant=demo-store search=null category=Hospitality
2025-11-14 23:50:24.304 [34mINFO [0;39m [376ca9ea-70f9-49ee-98c6-400bd6a03ac8] [http-nio-8081-exec-7] c.b.config.logging.HttpLoggingFilter - GET /api/stores?category=Hospitality&city=Balrampur&lat=27.4235392&lon=82.1854208&lng=82.1854208 -> 200 (13 ms)
2025-11-14 23:50:24.305 [34mINFO [0;39m [376ca9ea-70f9-49ee-98c6-400bd6a03ac8] [http-nio-8081-exec-7] c.b.config.logging.HttpLoggingFilter - Headers: auth=present content-type=null accept=application/json, text/plain, */*
2025-11-14 23:50:24.305 [34mINFO [0;39m [376ca9ea-70f9-49ee-98c6-400bd6a03ac8] [http-nio-8081-exec-7] c.b.config.logging.HttpLoggingFilter - Response payload: [{"id":"9a1c2c30-c0aa-4495-bf49-cfb8dad8dd7d","name":"Sunrise Hotel","area":"Beach","category":"hospitality","status":"open","orderingDisabled":false,"updatedAt":"2025-11-14T18:09:22.038306Z"}]
2025-11-14 23:50:29.719 [34mINFO [0;39m [53987d88-f7ca-4b9a-9430-5bb49deaff7b] [http-nio-8081-exec-1] c.b.web.AvailabilityController - Check availability: tenant=demo-store storeId=9a1c2c30-c0aa-4495-bf49-cfb8dad8dd7d roomId=abcf3121-667a-4f42-9067-2dea184a3379 checkIn=2025-11-14 checkOut=2025-11-15 guests=2
2025-11-14 23:50:29.733 [34mINFO [0;39m [53987d88-f7ca-4b9a-9430-5bb49deaff7b] [http-nio-8081-exec-1] c.b.web.AvailabilityController - Availability result: available=true nights=1 total=1250
2025-11-14 23:50:29.747 [34mINFO [0;39m [53987d88-f7ca-4b9a-9430-5bb49deaff7b] [http-nio-8081-exec-1] c.b.config.logging.HttpLoggingFilter - GET /api/availability?storeId=9a1c2c30-c0aa-4495-bf49-cfb8dad8dd7d&roomId=abcf3121-667a-4f42-9067-2dea184a3379&checkIn=2025-11-14&checkOut=2025-11-15&guests=2 -> 200 (30 ms)
2025-11-14 23:50:29.747 [34mINFO [0;39m [53987d88-f7ca-4b9a-9430-5bb49deaff7b] [http-nio-8081-exec-1] c.b.config.logging.HttpLoggingFilter - Headers: auth=present content-type=null accept=application/json, text/plain, */*
2025-11-14 23:50:29.783 [34mINFO [0;39m [53987d88-f7ca-4b9a-9430-5bb49deaff7b] [http-nio-8081-exec-1] c.b.config.logging.HttpLoggingFilter - Response payload: {"available":true,"nights":1,"base":1000,"surchargeRate":0.1,"subtotal":1100,"taxes":100,"fees":50,"total":1250}
2025-11-14 23:50:45.977 [34mINFO [0;39m [882bca33-f7af-4a7e-91cc-dde2478f1ea8] [http-nio-8081-exec-3] c.b.web.AvailabilityController - Check availability: tenant=demo-store storeId=9a1c2c30-c0aa-4495-bf49-cfb8dad8dd7d roomId=abcf3121-667a-4f42-9067-2dea184a3379 checkIn=2025-11-14 checkOut=2025-11-15 guests=4
2025-11-14 23:50:45.987 [34mINFO [0;39m [882bca33-f7af-4a7e-91cc-dde2478f1ea8] [http-nio-8081-exec-3] c.b.web.AvailabilityController - Availability result: available=true nights=1 total=1250
2025-11-14 23:50:45.991 [34mINFO [0;39m [882bca33-f7af-4a7e-91cc-dde2478f1ea8] [http-nio-8081-exec-3] c.b.config.logging.HttpLoggingFilter - GET /api/availability?storeId=9a1c2c30-c0aa-4495-bf49-cfb8dad8dd7d&roomId=abcf3121-667a-4f42-9067-2dea184a3379&checkIn=2025-11-14&checkOut=2025-11-15&guests=4&roomsGuests%5B%5D=3&roomsGuests%5B%5D=1 -> 200 (16 ms)
2025-11-14 23:50:45.993 [34mINFO [0;39m [882bca33-f7af-4a7e-91cc-dde2478f1ea8] [http-nio-8081-exec-3] c.b.config.logging.HttpLoggingFilter - Headers: auth=present content-type=null accept=application/json, text/plain, */*
2025-11-14 23:50:45.995 [34mINFO [0;39m [882bca33-f7af-4a7e-91cc-dde2478f1ea8] [http-nio-8081-exec-3] c.b.config.logging.HttpLoggingFilter - Response payload: {"available":true,"nights":1,"base":1000,"surchargeRate":0.1,"subtotal":1100,"taxes":100,"fees":50,"total":1250}
2025-11-14 23:51:01.659 [34mINFO [0;39m [0dfb8507-e7ba-42c7-82e8-b383e14433bf] [http-nio-8081-exec-2] c.bharatshop.web.CheckoutController - Checkout requested: tenant=demo-store userId=84ee4658-da81-4267-b293-632fd1559c9c items=0 paymentMethod=null
2025-11-14 23:51:01.668 [34mINFO [0;39m [0dfb8507-e7ba-42c7-82e8-b383e14433bf] [http-nio-8081-exec-2] c.bharatshop.web.CheckoutController - Checkout success: orderId=eed06a00-2239-4934-b10a-d5052adf846a reference=BK-eed06a00 userId=84ee4658-da81-4267-b293-632fd1559c9c
2025-11-14 23:51:01.677 [34mINFO [0;39m [0dfb8507-e7ba-42c7-82e8-b383e14433bf] [http-nio-8081-exec-2] c.b.config.logging.HttpLoggingFilter - POST /api/storefront/checkout -> 200 (22 ms)
2025-11-14 23:51:01.753 [34mINFO [0;39m [0dfb8507-e7ba-42c7-82e8-b383e14433bf] [http-nio-8081-exec-2] c.b.config.logging.HttpLoggingFilter - Headers: auth=present content-type=application/json accept=application/json, text/plain, */*
2025-11-14 23:51:01.756 [34mINFO [0;39m [0dfb8507-e7ba-42c7-82e8-b383e14433bf] [http-nio-8081-exec-2] c.b.config.logging.HttpLoggingFilter - Request payload: {"type":"room_booking","currency":"INR","store":{"id":"9a1c2c30-c0aa-4495-bf49-cfb8dad8dd7d","name":"Sunrise Hotel"},"room":{"id":"abcf3121-667a-4f42-9067-2dea184a3379","name":"Room Deluxe","price":2500},"booking":{"checkIn":"2025-11-14","checkOut":"2025-11-15","guests":4,"nights":1,"rooms":2,"perRoomMax":3,"extraMattressAllowed":false,"extraMattressCount":0,"mattressFeePerNight":0,"roomsGuests":[3,1]},"guest":{"name":"Adarsh","phone":"+917355460178"},"notes":"","totals":{"perNight":1000,"nights":1,"subtotal":1100,"taxes":110,"fees":55,"payable":1265}}
2025-11-14 23:51:01.756 [34mINFO [0;39m [0dfb8507-e7ba-42c7-82e8-b383e14433bf] [http-nio-8081-exec-2] c.b.config.logging.HttpLoggingFilter - Response payload: {"reference":"BK-eed06a00","order":{"id":"eed06a00-2239-4934-b10a-d5052adf846a","reference":"BK-eed06a00","status":"placed","total":1265.0,"totals":{"subtotal":1100.0,"payable":1265.0},"type":"room_booking","booking":{"checkIn":"2025-11-14","checkOut":"2025-11-15","guests":4,"nights":1,"rooms":2,"perRoomMax":3,"extraMattressAllowed":false,"extraMattressCount":0,"mattressFeePerNight":0},"createdAt":"2025-11-14T18:21:01.659651Z","sellerResponseDeadline":"2025-11-14T18:36:01.659651Z","notes":""}}
2025-11-14 23:51:01.932 [34mINFO [0;39m [30be25c1-bc55-4f64-9e6f-2de03dd1338b] [http-nio-8081-exec-4] com.bharatshop.web.OrdersController - Booking detail: tenant=demo-store userId=84ee4658-da81-4267-b293-632fd1559c9c id=eed06a00-2239-4934-b10a-d5052adf846a
2025-11-14 23:51:01.946 [34mINFO [0;39m [30be25c1-bc55-4f64-9e6f-2de03dd1338b] [http-nio-8081-exec-4] com.bharatshop.web.OrdersController - Booking detail success: id=eed06a00-2239-4934-b10a-d5052adf846a status=placed
2025-11-14 23:51:01.956 [34mINFO [0;39m [30be25c1-bc55-4f64-9e6f-2de03dd1338b] [http-nio-8081-exec-4] c.b.config.logging.HttpLoggingFilter - GET /api/storefront/bookings/eed06a00-2239-4934-b10a-d5052adf846a -> 200 (27 ms)
2025-11-14 23:51:01.958 [34mINFO [0;39m [30be25c1-bc55-4f64-9e6f-2de03dd1338b] [http-nio-8081-exec-4] c.b.config.logging.HttpLoggingFilter - Headers: auth=present content-type=null accept=application/json, text/plain, */*
2025-11-14 23:51:01.959 [34mINFO [0;39m [30be25c1-bc55-4f64-9e6f-2de03dd1338b] [http-nio-8081-exec-4] c.b.config.logging.HttpLoggingFilter - Response payload: {"id":"eed06a00-2239-4934-b10a-d5052adf846a","reference":"BK-eed06a00","status":"placed","total":1265.0,"totals":{"payable":1265.0},"type":"room_booking","booking":{"checkIn":"2025-11-14","checkOut":"2025-11-15","guests":4,"nights":1,"rooms":2,"perRoomMax":3,"extraMattressAllowed":false,"extraMattressCount":0,"mattressFeePerNight":0},"createdAt":"2025-11-14T18:21:01.659651Z","sellerResponseDeadline":"2025-11-14T18:36:01.659651Z","notes":""}
2025-11-14 23:51:01.990 [34mINFO [0;39m [706352a8-4380-4d8a-845f-ea90c557152b] [http-nio-8081-exec-5] com.bharatshop.web.OrdersController - Booking detail: tenant=demo-store userId=84ee4658-da81-4267-b293-632fd1559c9c id=eed06a00-2239-4934-b10a-d5052adf846a
2025-11-14 23:51:01.999 [34mINFO [0;39m [706352a8-4380-4d8a-845f-ea90c557152b] [http-nio-8081-exec-5] com.bharatshop.web.OrdersController - Booking detail success: id=eed06a00-2239-4934-b10a-d5052adf846a status=placed
2025-11-14 23:51:02.009 [34mINFO [0;39m [706352a8-4380-4d8a-845f-ea90c557152b] [http-nio-8081-exec-5] c.b.config.logging.HttpLoggingFilter - GET /api/storefront/bookings/eed06a00-2239-4934-b10a-d5052adf846a -> 200 (23 ms)
2025-11-14 23:51:02.012 [34mINFO [0;39m [706352a8-4380-4d8a-845f-ea90c557152b] [http-nio-8081-exec-5] c.b.config.logging.HttpLoggingFilter - Headers: auth=present content-type=null accept=application/json, text/plain, */*
2025-11-14 23:51:02.015 [34mINFO [0;39m [706352a8-4380-4d8a-845f-ea90c557152b] [http-nio-8081-exec-5] c.b.config.logging.HttpLoggingFilter - Response payload: {"id":"eed06a00-2239-4934-b10a-d5052adf846a","reference":"BK-eed06a00","status":"placed","total":1265.0,"totals":{"payable":1265.0},"type":"room_booking","booking":{"checkIn":"2025-11-14","checkOut":"2025-11-15","guests":4,"nights":1,"rooms":2,"perRoomMax":3,"extraMattressAllowed":false,"extraMattressCount":0,"mattressFeePerNight":0},"createdAt":"2025-11-14T18:21:01.659651Z","sellerResponseDeadline":"2025-11-14T18:36:01.659651Z","notes":""}
2025-11-14 23:54:20.787 [34mINFO [0;39m [38a078d1-2a76-4a74-a528-a6b30e5daa41] [http-nio-8081-exec-6] com.bharatshop.web.EventController - Event ingested: id=evt_24f43267-83c0-41bf-adf3-fb469b3425ad name=nav_click tenant=demo-store userId=84ee4658-da81-4267-b293-632fd1559c9c role=USER ip=127.0.0.1 ua=Mozilla/5.0 (Linux; Android 6.0; Nexus 5 Build/MRA58N) AppleWebKit/537.36 (KHTML, like Gecko) Chrome/142.0.0.0 Mobile Safari/537.36 ts=1763144660735 payloadPresent=true
2025-11-14 23:54:20.791 [34mINFO [0;39m [38a078d1-2a76-4a74-a528-a6b30e5daa41] [http-nio-8081-exec-6] c.b.config.logging.HttpLoggingFilter - POST /api/events -> 200 (14 ms)
2025-11-14 23:54:20.795 [34mINFO [0;39m [38a078d1-2a76-4a74-a528-a6b30e5daa41] [http-nio-8081-exec-6] c.b.config.logging.HttpLoggingFilter - Headers: auth=present content-type=application/json accept=application/json, text/plain, */*
2025-11-14 23:54:20.795 [34mINFO [0;39m [38a078d1-2a76-4a74-a528-a6b30e5daa41] [http-nio-8081-exec-6] c.b.config.logging.HttpLoggingFilter - Request payload: {"name":"nav_click","payload":{"target":"/bookings","context":"mobile_nav"},"timestamp":1763144660735}
2025-11-14 23:54:20.797 [34mINFO [0;39m [38a078d1-2a76-4a74-a528-a6b30e5daa41] [http-nio-8081-exec-6] c.b.config.logging.HttpLoggingFilter - Response payload: {"ok":true,"id":"evt_24f43267-83c0-41bf-adf3-fb469b3425ad"}
2025-11-14 23:54:20.994 [34mINFO [0;39m [2d6da2af-7721-4a93-a791-037ea4e52831] [http-nio-8081-exec-10] com.bharatshop.web.EventController - Event ingested: id=evt_d8cb5f26-c64c-4160-9b6d-f03aa346502d name=page_view tenant=demo-store userId=84ee4658-da81-4267-b293-632fd1559c9c role=USER ip=127.0.0.1 ua=Mozilla/5.0 (Linux; Android 6.0; Nexus 5 Build/MRA58N) AppleWebKit/537.36 (KHTML, like Gecko) Chrome/142.0.0.0 Mobile Safari/537.36 ts=1763144660967 payloadPresent=true
2025-11-14 23:54:20.998 [34mINFO [0;39m [2d6da2af-7721-4a93-a791-037ea4e52831] [http-nio-8081-exec-10] c.b.config.logging.HttpLoggingFilter - POST /api/events -> 200 (6 ms)
2025-11-14 23:54:21.000 [34mINFO [0;39m [2d6da2af-7721-4a93-a791-037ea4e52831] [http-nio-8081-exec-10] c.b.config.logging.HttpLoggingFilter - Headers: auth=present content-type=application/json accept=application/json, text/plain, */*
2025-11-14 23:54:20.998 [34mINFO [0;39m [1ceb6886-dadd-4521-87ba-1c887188a62a] [http-nio-8081-exec-9] com.bharatshop.web.EventController - Event ingested: id=evt_860d1867-70fb-4d90-9ce5-b9f49c131f4c name=page_view tenant=demo-store userId=84ee4658-da81-4267-b293-632fd1559c9c role=USER ip=127.0.0.1 ua=Mozilla/5.0 (Linux; Android 6.0; Nexus 5 Build/MRA58N) AppleWebKit/537.36 (KHTML, like Gecko) Chrome/142.0.0.0 Mobile Safari/537.36 ts=1763144660966 payloadPresent=true
2025-11-14 23:54:21.002 [34mINFO [0;39m [09cbe5ca-2019-4259-a104-47a1306c6c1f] [http-nio-8081-exec-7] com.bharatshop.web.OrdersController - List bookings: tenant=demo-store userId=84ee4658-da81-4267-b293-632fd1559c9c
2025-11-14 23:54:21.000 [34mINFO [0;39m [2f1c7da5-f49a-4736-9796-d0809e2ff29b] [http-nio-8081-exec-8] com.bharatshop.web.EventController - Event ingested: id=evt_1a796e4d-b28f-464e-ab1b-e9276568d169 name=bookings_fetch_start tenant=demo-store userId=84ee4658-da81-4267-b293-632fd1559c9c role=USER ip=127.0.0.1 ua=Mozilla/5.0 (Linux; Android 6.0; Nexus 5 Build/MRA58N) AppleWebKit/537.36 (KHTML, like Gecko) Chrome/142.0.0.0 Mobile Safari/537.36 ts=1763144660966 payloadPresent=true
2025-11-14 23:54:21.000 [34mINFO [0;39m [2d6da2af-7721-4a93-a791-037ea4e52831] [http-nio-8081-exec-10] c.b.config.logging.HttpLoggingFilter - Request payload: {"name":"page_view","payload":{"page":"/bookings","title":"MyBookings"},"timestamp":1763144660967}
2025-11-14 23:54:21.011 [34mINFO [0;39m [2d6da2af-7721-4a93-a791-037ea4e52831] [http-nio-8081-exec-10] c.b.config.logging.HttpLoggingFilter - Response payload: {"ok":true,"id":"evt_d8cb5f26-c64c-4160-9b6d-f03aa346502d"}
2025-11-14 23:54:21.002 [34mINFO [0;39m [1ceb6886-dadd-4521-87ba-1c887188a62a] [http-nio-8081-exec-9] c.b.config.logging.HttpLoggingFilter - POST /api/events -> 200 (12 ms)
2025-11-14 23:54:21.013 [34mINFO [0;39m [1ceb6886-dadd-4521-87ba-1c887188a62a] [http-nio-8081-exec-9] c.b.config.logging.HttpLoggingFilter - Headers: auth=present content-type=application/json accept=application/json, text/plain, */*
2025-11-14 23:54:21.013 [34mINFO [0;39m [1ceb6886-dadd-4521-87ba-1c887188a62a] [http-nio-8081-exec-9] c.b.config.logging.HttpLoggingFilter - Request payload: {"name":"page_view","payload":{"page":"/bookings","title":"MyBookings"},"timestamp":1763144660966}
2025-11-14 23:54:21.015 [34mINFO [0;39m [1ceb6886-dadd-4521-87ba-1c887188a62a] [http-nio-8081-exec-9] c.b.config.logging.HttpLoggingFilter - Response payload: {"ok":true,"id":"evt_860d1867-70fb-4d90-9ce5-b9f49c131f4c"}
2025-11-14 23:54:21.004 [34mINFO [0;39m [d24380c1-24a3-4e5a-9fa9-fa067a1a39c4] [http-nio-8081-exec-1] com.bharatshop.web.EventController - Event ingested: id=evt_6eed5aef-8946-47ab-98e9-b96f9764d2bb name=bookings_fetch_start tenant=demo-store userId=84ee4658-da81-4267-b293-632fd1559c9c role=USER ip=127.0.0.1 ua=Mozilla/5.0 (Linux; Android 6.0; Nexus 5 Build/MRA58N) AppleWebKit/537.36 (KHTML, like Gecko) Chrome/142.0.0.0 Mobile Safari/537.36 ts=1763144660967 payloadPresent=true
2025-11-14 23:54:21.013 [34mINFO [0;39m [2f1c7da5-f49a-4736-9796-d0809e2ff29b] [http-nio-8081-exec-8] c.b.config.logging.HttpLoggingFilter - POST /api/events -> 200 (17 ms)
2025-11-14 23:54:21.024 [34mINFO [0;39m [09cbe5ca-2019-4259-a104-47a1306c6c1f] [http-nio-8081-exec-7] c.b.config.logging.HttpLoggingFilter - GET /api/storefront/bookings -> 200 (25 ms)
2025-11-14 23:54:21.026 [34mINFO [0;39m [09cbe5ca-2019-4259-a104-47a1306c6c1f] [http-nio-8081-exec-7] c.b.config.logging.HttpLoggingFilter - Headers: auth=present content-type=null accept=application/json, text/plain, */*
2025-11-14 23:54:21.026 [34mINFO [0;39m [09cbe5ca-2019-4259-a104-47a1306c6c1f] [http-nio-8081-exec-7] c.b.config.logging.HttpLoggingFilter - Response payload: [{"id":"eed06a00-2239-4934-b10a-d5052adf846a","reference":"BK-eed06a00","status":"placed","total":1265.0,"totals":{"payable":1265.0},"type":"room_booking","booking":{"checkIn":"2025-11-14","checkOut":"2025-11-15","guests":4,"nights":1,"rooms":2,"perRoomMax":3,"extraMattressAllowed":false,"extraMattressCount":0,"mattressFeePerNight":0},"createdAt":"2025-11-14T18:21:01.659651Z","sellerResponseDeadline":"2025-11-14T18:36:01.659651Z","notes":""}]
2025-11-14 23:54:21.026 [34mINFO [0;39m [2f1c7da5-f49a-4736-9796-d0809e2ff29b] [http-nio-8081-exec-8] c.b.config.logging.HttpLoggingFilter - Headers: auth=present content-type=application/json accept=application/json, text/plain, */*
2025-11-14 23:54:21.034 [34mINFO [0;39m [2f1c7da5-f49a-4736-9796-d0809e2ff29b] [http-nio-8081-exec-8] c.b.config.logging.HttpLoggingFilter - Request payload: {"name":"bookings_fetch_start","payload":{"source":"my_bookings","userId":"84ee4658-da81-4267-b293-632fd1559c9c"},"timestamp":1763144660966}
2025-11-14 23:54:21.024 [34mINFO [0;39m [d24380c1-24a3-4e5a-9fa9-fa067a1a39c4] [http-nio-8081-exec-1] c.b.config.logging.HttpLoggingFilter - POST /api/events -> 200 (22 ms)
2025-11-14 23:54:21.036 [34mINFO [0;39m [2f1c7da5-f49a-4736-9796-d0809e2ff29b] [http-nio-8081-exec-8] c.b.config.logging.HttpLoggingFilter - Response payload: {"ok":true,"id":"evt_1a796e4d-b28f-464e-ab1b-e9276568d169"}
2025-11-14 23:54:21.038 [34mINFO [0;39m [d24380c1-24a3-4e5a-9fa9-fa067a1a39c4] [http-nio-8081-exec-1] c.b.config.logging.HttpLoggingFilter - Headers: auth=present content-type=application/json accept=application/json, text/plain, */*
2025-11-14 23:54:21.048 [34mINFO [0;39m [d24380c1-24a3-4e5a-9fa9-fa067a1a39c4] [http-nio-8081-exec-1] c.b.config.logging.HttpLoggingFilter - Request payload: {"name":"bookings_fetch_start","payload":{"source":"my_bookings","userId":"84ee4658-da81-4267-b293-632fd1559c9c"},"timestamp":1763144660967}
2025-11-14 23:54:21.053 [34mINFO [0;39m [d24380c1-24a3-4e5a-9fa9-fa067a1a39c4] [http-nio-8081-exec-1] c.b.config.logging.HttpLoggingFilter - Response payload: {"ok":true,"id":"evt_6eed5aef-8946-47ab-98e9-b96f9764d2bb"}
2025-11-14 23:54:21.056 [34mINFO [0;39m [0916388a-b261-4efa-a596-cbfd4250a268] [http-nio-8081-exec-3] com.bharatshop.web.OrdersController - List bookings: tenant=demo-store userId=84ee4658-da81-4267-b293-632fd1559c9c
2025-11-14 23:54:21.075 [34mINFO [0;39m [0916388a-b261-4efa-a596-cbfd4250a268] [http-nio-8081-exec-3] c.b.config.logging.HttpLoggingFilter - GET /api/storefront/bookings -> 200 (22 ms)
2025-11-14 23:54:21.081 [34mINFO [0;39m [0916388a-b261-4efa-a596-cbfd4250a268] [http-nio-8081-exec-3] c.b.config.logging.HttpLoggingFilter - Headers: auth=present content-type=null accept=application/json, text/plain, */*
2025-11-14 23:54:21.083 [34mINFO [0;39m [0916388a-b261-4efa-a596-cbfd4250a268] [http-nio-8081-exec-3] c.b.config.logging.HttpLoggingFilter - Response payload: [{"id":"eed06a00-2239-4934-b10a-d5052adf846a","reference":"BK-eed06a00","status":"placed","total":1265.0,"totals":{"payable":1265.0},"type":"room_booking","booking":{"checkIn":"2025-11-14","checkOut":"2025-11-15","guests":4,"nights":1,"rooms":2,"perRoomMax":3,"extraMattressAllowed":false,"extraMattressCount":0,"mattressFeePerNight":0},"createdAt":"2025-11-14T18:21:01.659651Z","sellerResponseDeadline":"2025-11-14T18:36:01.659651Z","notes":""}]
2025-11-14 23:54:21.085 [34mINFO [0;39m [8c5d3584-da3a-4e96-8968-5373035e4389] [http-nio-8081-exec-2] com.bharatshop.web.EventController - Event ingested: id=evt_e694acfa-6adc-4f3d-88ff-0f75806f4ae1 name=bookings_fetch_success tenant=demo-store userId=84ee4658-da81-4267-b293-632fd1559c9c role=USER ip=127.0.0.1 ua=Mozilla/5.0 (Linux; Android 6.0; Nexus 5 Build/MRA58N) AppleWebKit/537.36 (KHTML, like Gecko) Chrome/142.0.0.0 Mobile Safari/537.36 ts=1763144661036 payloadPresent=true
2025-11-14 23:54:21.093 [34mINFO [0;39m [8c5d3584-da3a-4e96-8968-5373035e4389] [http-nio-8081-exec-2] c.b.config.logging.HttpLoggingFilter - POST /api/events -> 200 (10 ms)
2025-11-14 23:54:21.095 [34mINFO [0;39m [8c5d3584-da3a-4e96-8968-5373035e4389] [http-nio-8081-exec-2] c.b.config.logging.HttpLoggingFilter - Headers: auth=present content-type=application/json accept=application/json, text/plain, */*
2025-11-14 23:54:21.095 [34mINFO [0;39m [8c5d3584-da3a-4e96-8968-5373035e4389] [http-nio-8081-exec-2] c.b.config.logging.HttpLoggingFilter - Request payload: {"name":"bookings_fetch_success","payload":{"source":"my_bookings","count":1},"timestamp":1763144661036}
2025-11-14 23:54:21.097 [34mINFO [0;39m [8c5d3584-da3a-4e96-8968-5373035e4389] [http-nio-8081-exec-2] c.b.config.logging.HttpLoggingFilter - Response payload: {"ok":true,"id":"evt_e694acfa-6adc-4f3d-88ff-0f75806f4ae1"}
2025-11-14 23:54:21.119 [34mINFO [0;39m [62bffecb-058f-4912-b424-c44e40429ed7] [http-nio-8081-exec-4] com.bharatshop.web.EventController - Event ingested: id=evt_99ac5f23-ae7f-4df6-86ae-2cf142960430 name=bookings_fetch_success tenant=demo-store userId=84ee4658-da81-4267-b293-632fd1559c9c role=USER ip=127.0.0.1 ua=Mozilla/5.0 (Linux; Android 6.0; Nexus 5 Build/MRA58N) AppleWebKit/537.36 (KHTML, like Gecko) Chrome/142.0.0.0 Mobile Safari/537.36 ts=1763144661096 payloadPresent=true
2025-11-14 23:54:21.121 [34mINFO [0;39m [62bffecb-058f-4912-b424-c44e40429ed7] [http-nio-8081-exec-4] c.b.config.logging.HttpLoggingFilter - POST /api/events -> 200 (4 ms)
2025-11-14 23:54:21.123 [34mINFO [0;39m [62bffecb-058f-4912-b424-c44e40429ed7] [http-nio-8081-exec-4] c.b.config.logging.HttpLoggingFilter - Headers: auth=present content-type=application/json accept=application/json, text/plain, */*
2025-11-14 23:54:21.123 [34mINFO [0;39m [62bffecb-058f-4912-b424-c44e40429ed7] [http-nio-8081-exec-4] c.b.config.logging.HttpLoggingFilter - Request payload: {"name":"bookings_fetch_success","payload":{"source":"my_bookings","count":1},"timestamp":1763144661096}
2025-11-14 23:54:21.123 [34mINFO [0;39m [62bffecb-058f-4912-b424-c44e40429ed7] [http-nio-8081-exec-4] c.b.config.logging.HttpLoggingFilter - Response payload: {"ok":true,"id":"evt_99ac5f23-ae7f-4df6-86ae-2cf142960430"}
2025-11-14 23:54:25.351 [34mINFO [0;39m [ca4fd8b7-54e0-40c4-b4ac-a6cce5000eb4] [http-nio-8081-exec-5] com.bharatshop.web.EventController - Event ingested: id=evt_f02a98f1-c423-470c-81e8-56b2dc7bcbb9 name=booking_click tenant=demo-store userId=84ee4658-da81-4267-b293-632fd1559c9c role=USER ip=127.0.0.1 ua=Mozilla/5.0 (Linux; Android 6.0; Nexus 5 Build/MRA58N) AppleWebKit/537.36 (KHTML, like Gecko) Chrome/142.0.0.0 Mobile Safari/537.36 ts=1763144665325 payloadPresent=true
2025-11-14 23:54:25.353 [34mINFO [0;39m [ca4fd8b7-54e0-40c4-b4ac-a6cce5000eb4] [http-nio-8081-exec-5] c.b.config.logging.HttpLoggingFilter - POST /api/events -> 200 (4 ms)
2025-11-14 23:54:25.353 [34mINFO [0;39m [047eb92d-b015-4c45-b241-dee6b9b9969b] [http-nio-8081-exec-6] com.bharatshop.web.OrdersController - Booking detail: tenant=demo-store userId=84ee4658-da81-4267-b293-632fd1559c9c id=eed06a00-2239-4934-b10a-d5052adf846a
2025-11-14 23:54:25.355 [34mINFO [0;39m [ca4fd8b7-54e0-40c4-b4ac-a6cce5000eb4] [http-nio-8081-exec-5] c.b.config.logging.HttpLoggingFilter - Headers: auth=present content-type=application/json accept=application/json, text/plain, */*
2025-11-14 23:54:25.357 [34mINFO [0;39m [ca4fd8b7-54e0-40c4-b4ac-a6cce5000eb4] [http-nio-8081-exec-5] c.b.config.logging.HttpLoggingFilter - Request payload: {"name":"booking_click","payload":{"id":"eed06a00-2239-4934-b10a-d5052adf846a","source":"my_bookings_button"},"timestamp":1763144665325}
2025-11-14 23:54:25.357 [34mINFO [0;39m [ca4fd8b7-54e0-40c4-b4ac-a6cce5000eb4] [http-nio-8081-exec-5] c.b.config.logging.HttpLoggingFilter - Response payload: {"ok":true,"id":"evt_f02a98f1-c423-470c-81e8-56b2dc7bcbb9"}
2025-11-14 23:54:25.359 [34mINFO [0;39m [047eb92d-b015-4c45-b241-dee6b9b9969b] [http-nio-8081-exec-6] com.bharatshop.web.OrdersController - Booking detail success: id=eed06a00-2239-4934-b10a-d5052adf846a status=placed
2025-11-14 23:54:25.366 [34mINFO [0;39m [047eb92d-b015-4c45-b241-dee6b9b9969b] [http-nio-8081-exec-6] c.b.config.logging.HttpLoggingFilter - GET /api/storefront/bookings/eed06a00-2239-4934-b10a-d5052adf846a -> 200 (15 ms)
2025-11-14 23:54:25.366 [34mINFO [0;39m [047eb92d-b015-4c45-b241-dee6b9b9969b] [http-nio-8081-exec-6] c.b.config.logging.HttpLoggingFilter - Headers: auth=present content-type=null accept=application/json, text/plain, */*
2025-11-14 23:54:25.366 [34mINFO [0;39m [047eb92d-b015-4c45-b241-dee6b9b9969b] [http-nio-8081-exec-6] c.b.config.logging.HttpLoggingFilter - Response payload: {"id":"eed06a00-2239-4934-b10a-d5052adf846a","reference":"BK-eed06a00","status":"placed","total":1265.0,"totals":{"payable":1265.0},"type":"room_booking","booking":{"checkIn":"2025-11-14","checkOut":"2025-11-15","guests":4,"nights":1,"rooms":2,"perRoomMax":3,"extraMattressAllowed":false,"extraMattressCount":0,"mattressFeePerNight":0},"createdAt":"2025-11-14T18:21:01.659651Z","sellerResponseDeadline":"2025-11-14T18:36:01.659651Z","notes":""}
2025-11-14 23:54:25.385 [34mINFO [0;39m [fa4afbda-f4e7-4cc3-8ab3-7c9a2914356f] [http-nio-8081-exec-10] com.bharatshop.web.OrdersController - Booking detail: tenant=demo-store userId=84ee4658-da81-4267-b293-632fd1559c9c id=eed06a00-2239-4934-b10a-d5052adf846a
2025-11-14 23:54:25.391 [34mINFO [0;39m [fa4afbda-f4e7-4cc3-8ab3-7c9a2914356f] [http-nio-8081-exec-10] com.bharatshop.web.OrdersController - Booking detail success: id=eed06a00-2239-4934-b10a-d5052adf846a status=placed
2025-11-14 23:54:25.395 [34mINFO [0;39m [fa4afbda-f4e7-4cc3-8ab3-7c9a2914356f] [http-nio-8081-exec-10] c.b.config.logging.HttpLoggingFilter - GET /api/storefront/bookings/eed06a00-2239-4934-b10a-d5052adf846a -> 200 (13 ms)
2025-11-14 23:54:25.395 [34mINFO [0;39m [fa4afbda-f4e7-4cc3-8ab3-7c9a2914356f] [http-nio-8081-exec-10] c.b.config.logging.HttpLoggingFilter - Headers: auth=present content-type=null accept=application/json, text/plain, */*
2025-11-14 23:54:25.395 [34mINFO [0;39m [fa4afbda-f4e7-4cc3-8ab3-7c9a2914356f] [http-nio-8081-exec-10] c.b.config.logging.HttpLoggingFilter - Response payload: {"id":"eed06a00-2239-4934-b10a-d5052adf846a","reference":"BK-eed06a00","status":"placed","total":1265.0,"totals":{"payable":1265.0},"type":"room_booking","booking":{"checkIn":"2025-11-14","checkOut":"2025-11-15","guests":4,"nights":1,"rooms":2,"perRoomMax":3,"extraMattressAllowed":false,"extraMattressCount":0,"mattressFeePerNight":0},"createdAt":"2025-11-14T18:21:01.659651Z","sellerResponseDeadline":"2025-11-14T18:36:01.659651Z","notes":""}
2025-11-14 23:54:31.780 [34mINFO [0;39m [e0b92b0f-28bf-40cf-9410-7f7b30e61b26] [http-nio-8081-exec-9] c.b.web.StoreDiscoveryController - Discover stores: tenant=demo-store search=null category=Hospitality
2025-11-14 23:54:31.787 [34mINFO [0;39m [e0b92b0f-28bf-40cf-9410-7f7b30e61b26] [http-nio-8081-exec-9] c.b.config.logging.HttpLoggingFilter - GET /api/stores?category=Hospitality&city=Balrampur&lat=27.4235392&lon=82.1854208&lng=82.1854208 -> 200 (7 ms)
2025-11-14 23:54:31.788 [34mINFO [0;39m [e0b92b0f-28bf-40cf-9410-7f7b30e61b26] [http-nio-8081-exec-9] c.b.config.logging.HttpLoggingFilter - Headers: auth=present content-type=null accept=application/json, text/plain, */*
2025-11-14 23:54:31.788 [34mINFO [0;39m [e0b92b0f-28bf-40cf-9410-7f7b30e61b26] [http-nio-8081-exec-9] c.b.config.logging.HttpLoggingFilter - Response payload: [{"id":"9a1c2c30-c0aa-4495-bf49-cfb8dad8dd7d","name":"Sunrise Hotel","area":"Beach","category":"hospitality","status":"open","orderingDisabled":false,"updatedAt":"2025-11-14T18:09:22.038306Z"}]
2025-11-14 23:54:35.801 [34mINFO [0;39m [0f48a51b-1e58-46e2-af64-487cdd434fe9] [http-nio-8081-exec-7] com.bharatshop.web.OrdersController - List orders: tenant=demo-store userId=84ee4658-da81-4267-b293-632fd1559c9c
2025-11-14 23:54:35.863 [34mINFO [0;39m [0f48a51b-1e58-46e2-af64-487cdd434fe9] [http-nio-8081-exec-7] com.bharatshop.web.OrdersController - Orders fetched: count=1
2025-11-14 23:54:35.867 [34mINFO [0;39m [0f48a51b-1e58-46e2-af64-487cdd434fe9] [http-nio-8081-exec-7] c.b.config.logging.HttpLoggingFilter - GET /api/storefront/orders -> 200 (68 ms)
2025-11-14 23:54:35.867 [34mINFO [0;39m [0f48a51b-1e58-46e2-af64-487cdd434fe9] [http-nio-8081-exec-7] c.b.config.logging.HttpLoggingFilter - Headers: auth=present content-type=null accept=application/json, text/plain, */*
2025-11-14 23:54:35.867 [34mINFO [0;39m [0f48a51b-1e58-46e2-af64-487cdd434fe9] [http-nio-8081-exec-7] c.b.config.logging.HttpLoggingFilter - Response payload: [{"id":"aefcb91a-a2c4-44de-86a8-b6fda848c5a2","reference":"REF-aefcb91a","status":"placed","total":29.0,"totals":{"payable":29.0},"items":[{"id":"e35b406f-c677-41f6-b21d-affd5decaf6b","name":"Paracetamol","price":35.0,"quantity":1,"requiresPrescription":true}],"paymentMethod":"cod","type":"order","createdAt":"2025-11-14T18:15:47.115063Z","sellerResponseDeadline":"2025-11-14T18:30:47.115063Z"}]
2025-11-14 23:54:35.887 [34mINFO [0;39m [4192595c-3fa6-40ec-a95a-6368f84a1244] [http-nio-8081-exec-8] com.bharatshop.web.OrdersController - List orders: tenant=demo-store userId=84ee4658-da81-4267-b293-632fd1559c9c
2025-11-14 23:54:35.897 [34mINFO [0;39m [4192595c-3fa6-40ec-a95a-6368f84a1244] [http-nio-8081-exec-8] com.bharatshop.web.OrdersController - Orders fetched: count=1
2025-11-14 23:54:35.901 [34mINFO [0;39m [4192595c-3fa6-40ec-a95a-6368f84a1244] [http-nio-8081-exec-8] c.b.config.logging.HttpLoggingFilter - GET /api/storefront/orders -> 200 (14 ms)
2025-11-14 23:54:35.901 [34mINFO [0;39m [4192595c-3fa6-40ec-a95a-6368f84a1244] [http-nio-8081-exec-8] c.b.config.logging.HttpLoggingFilter - Headers: auth=present content-type=null accept=application/json, text/plain, */*
2025-11-14 23:54:35.903 [34mINFO [0;39m [4192595c-3fa6-40ec-a95a-6368f84a1244] [http-nio-8081-exec-8] c.b.config.logging.HttpLoggingFilter - Response payload: [{"id":"aefcb91a-a2c4-44de-86a8-b6fda848c5a2","reference":"REF-aefcb91a","status":"placed","total":29.0,"totals":{"payable":29.0},"items":[{"id":"e35b406f-c677-41f6-b21d-affd5decaf6b","name":"Paracetamol","price":35.0,"quantity":1,"requiresPrescription":true}],"paymentMethod":"cod","type":"order","createdAt":"2025-11-14T18:15:47.115063Z","sellerResponseDeadline":"2025-11-14T18:30:47.115063Z"}]
2025-11-14 23:54:39.466 [34mINFO [0;39m [ce4481a7-4def-46c0-a01a-2bc2e386d69c] [http-nio-8081-exec-1] com.bharatshop.web.EventController - Event ingested: id=evt_9f56571f-cc8e-43ff-bcee-378751a4f94e name=nav_click tenant=demo-store userId=84ee4658-da81-4267-b293-632fd1559c9c role=USER ip=127.0.0.1 ua=Mozilla/5.0 (Linux; Android 6.0; Nexus 5 Build/MRA58N) AppleWebKit/537.36 (KHTML, like Gecko) Chrome/142.0.0.0 Mobile Safari/537.36 ts=1763144679381 payloadPresent=true
2025-11-14 23:54:39.469 [34mINFO [0;39m [ce4481a7-4def-46c0-a01a-2bc2e386d69c] [http-nio-8081-exec-1] c.b.config.logging.HttpLoggingFilter - POST /api/events -> 200 (6 ms)
2025-11-14 23:54:39.475 [34mINFO [0;39m [721a69d5-cf6f-49a0-9d81-22557ab3d76a] [http-nio-8081-exec-2] com.bharatshop.web.EventController - Event ingested: id=evt_caacbf45-1c14-4a46-97f4-28cf2380dfeb name=bookings_fetch_start tenant=demo-store userId=84ee4658-da81-4267-b293-632fd1559c9c role=USER ip=127.0.0.1 ua=Mozilla/5.0 (Linux; Android 6.0; Nexus 5 Build/MRA58N) AppleWebKit/537.36 (KHTML, like Gecko) Chrome/142.0.0.0 Mobile Safari/537.36 ts=1763144679390 payloadPresent=true
2025-11-14 23:54:39.475 [34mINFO [0;39m [ce0d3629-6cf2-4af6-9a9d-90b332adf479] [http-nio-8081-exec-3] com.bharatshop.web.EventController - Event ingested: id=evt_c904a67f-58eb-45b9-bfaf-21bcf91b4828 name=page_view tenant=demo-store userId=84ee4658-da81-4267-b293-632fd1559c9c role=USER ip=127.0.0.1 ua=Mozilla/5.0 (Linux; Android 6.0; Nexus 5 Build/MRA58N) AppleWebKit/537.36 (KHTML, like Gecko) Chrome/142.0.0.0 Mobile Safari/537.36 ts=1763144679390 payloadPresent=true
2025-11-14 23:54:39.475 [34mINFO [0;39m [745ee8ff-dfc3-4f70-84c5-c3c2b7792520] [http-nio-8081-exec-6] com.bharatshop.web.OrdersController - List bookings: tenant=demo-store userId=84ee4658-da81-4267-b293-632fd1559c9c
2025-11-14 23:54:39.477 [34mINFO [0;39m [f9c42ee5-4a2b-4e51-9a1e-6e80ad890383] [http-nio-8081-exec-5] com.bharatshop.web.EventController - Event ingested: id=evt_3e4d0411-c0b9-468c-a2d3-126a5c944fa8 name=bookings_fetch_start tenant=demo-store userId=84ee4658-da81-4267-b293-632fd1559c9c role=USER ip=127.0.0.1 ua=Mozilla/5.0 (Linux; Android 6.0; Nexus 5 Build/MRA58N) AppleWebKit/537.36 (KHTML, like Gecko) Chrome/142.0.0.0 Mobile Safari/537.36 ts=1763144679393 payloadPresent=true
2025-11-14 23:54:39.501 [34mINFO [0;39m [ce0d3629-6cf2-4af6-9a9d-90b332adf479] [http-nio-8081-exec-3] c.b.config.logging.HttpLoggingFilter - POST /api/events -> 200 (28 ms)
2025-11-14 23:54:39.477 [34mINFO [0;39m [71ccc693-78ae-41b7-baba-95cf1bafb007] [http-nio-8081-exec-4] com.bharatshop.web.EventController - Event ingested: id=evt_5dd6da2a-8553-4701-8c91-25d5f1d27b5a name=page_view tenant=demo-store userId=84ee4658-da81-4267-b293-632fd1559c9c role=USER ip=127.0.0.1 ua=Mozilla/5.0 (Linux; Android 6.0; Nexus 5 Build/MRA58N) AppleWebKit/537.36 (KHTML, like Gecko) Chrome/142.0.0.0 Mobile Safari/537.36 ts=1763144679392 payloadPresent=true
2025-11-14 23:54:39.501 [34mINFO [0;39m [f9c42ee5-4a2b-4e51-9a1e-6e80ad890383] [http-nio-8081-exec-5] c.b.config.logging.HttpLoggingFilter - POST /api/events -> 200 (26 ms)
2025-11-14 23:54:39.503 [34mINFO [0;39m [ce0d3629-6cf2-4af6-9a9d-90b332adf479] [http-nio-8081-exec-3] c.b.config.logging.HttpLoggingFilter - Headers: auth=present content-type=application/json accept=application/json, text/plain, */*
2025-11-14 23:54:39.503 [34mINFO [0;39m [f9c42ee5-4a2b-4e51-9a1e-6e80ad890383] [http-nio-8081-exec-5] c.b.config.logging.HttpLoggingFilter - Headers: auth=present content-type=application/json accept=application/json, text/plain, */*
2025-11-14 23:54:39.503 [34mINFO [0;39m [ce0d3629-6cf2-4af6-9a9d-90b332adf479] [http-nio-8081-exec-3] c.b.config.logging.HttpLoggingFilter - Request payload: {"name":"page_view","payload":{"page":"/bookings","title":"MyBookings"},"timestamp":1763144679390}
2025-11-14 23:54:39.503 [34mINFO [0;39m [f9c42ee5-4a2b-4e51-9a1e-6e80ad890383] [http-nio-8081-exec-5] c.b.config.logging.HttpLoggingFilter - Request payload: {"name":"bookings_fetch_start","payload":{"source":"my_bookings","userId":"84ee4658-da81-4267-b293-632fd1559c9c"},"timestamp":1763144679393}
2025-11-14 23:54:39.503 [34mINFO [0;39m [71ccc693-78ae-41b7-baba-95cf1bafb007] [http-nio-8081-exec-4] c.b.config.logging.HttpLoggingFilter - POST /api/events -> 200 (28 ms)
2025-11-14 23:54:39.503 [34mINFO [0;39m [721a69d5-cf6f-49a0-9d81-22557ab3d76a] [http-nio-8081-exec-2] c.b.config.logging.HttpLoggingFilter - POST /api/events -> 200 (30 ms)
2025-11-14 23:54:39.503 [34mINFO [0;39m [ce0d3629-6cf2-4af6-9a9d-90b332adf479] [http-nio-8081-exec-3] c.b.config.logging.HttpLoggingFilter - Response payload: {"ok":true,"id":"evt_c904a67f-58eb-45b9-bfaf-21bcf91b4828"}
2025-11-14 23:54:39.503 [34mINFO [0;39m [f9c42ee5-4a2b-4e51-9a1e-6e80ad890383] [http-nio-8081-exec-5] c.b.config.logging.HttpLoggingFilter - Response payload: {"ok":true,"id":"evt_3e4d0411-c0b9-468c-a2d3-126a5c944fa8"}
2025-11-14 23:54:39.505 [34mINFO [0;39m [71ccc693-78ae-41b7-baba-95cf1bafb007] [http-nio-8081-exec-4] c.b.config.logging.HttpLoggingFilter - Headers: auth=present content-type=application/json accept=application/json, text/plain, */*
2025-11-14 23:54:39.506 [34mINFO [0;39m [745ee8ff-dfc3-4f70-84c5-c3c2b7792520] [http-nio-8081-exec-6] c.b.config.logging.HttpLoggingFilter - GET /api/storefront/bookings -> 200 (31 ms)
2025-11-14 23:54:39.506 [34mINFO [0;39m [745ee8ff-dfc3-4f70-84c5-c3c2b7792520] [http-nio-8081-exec-6] c.b.config.logging.HttpLoggingFilter - Headers: auth=present content-type=null accept=application/json, text/plain, */*
2025-11-14 23:54:39.479 [34mINFO [0;39m [ce4481a7-4def-46c0-a01a-2bc2e386d69c] [http-nio-8081-exec-1] c.b.config.logging.HttpLoggingFilter - Headers: auth=present content-type=application/json accept=application/json, text/plain, */*
2025-11-14 23:54:39.508 [34mINFO [0;39m [745ee8ff-dfc3-4f70-84c5-c3c2b7792520] [http-nio-8081-exec-6] c.b.config.logging.HttpLoggingFilter - Response payload: [{"id":"eed06a00-2239-4934-b10a-d5052adf846a","reference":"BK-eed06a00","status":"placed","total":1265.0,"totals":{"payable":1265.0},"type":"room_booking","booking":{"checkIn":"2025-11-14","checkOut":"2025-11-15","guests":4,"nights":1,"rooms":2,"perRoomMax":3,"extraMattressAllowed":false,"extraMattressCount":0,"mattressFeePerNight":0},"createdAt":"2025-11-14T18:21:01.659651Z","sellerResponseDeadline":"2025-11-14T18:36:01.659651Z","notes":""}]
2025-11-14 23:54:39.505 [34mINFO [0;39m [721a69d5-cf6f-49a0-9d81-22557ab3d76a] [http-nio-8081-exec-2] c.b.config.logging.HttpLoggingFilter - Headers: auth=present content-type=application/json accept=application/json, text/plain, */*
2025-11-14 23:54:39.506 [34mINFO [0;39m [71ccc693-78ae-41b7-baba-95cf1bafb007] [http-nio-8081-exec-4] c.b.config.logging.HttpLoggingFilter - Request payload: {"name":"page_view","payload":{"page":"/bookings","title":"MyBookings"},"timestamp":1763144679392}
2025-11-14 23:54:39.517 [34mINFO [0;39m [71ccc693-78ae-41b7-baba-95cf1bafb007] [http-nio-8081-exec-4] c.b.config.logging.HttpLoggingFilter - Response payload: {"ok":true,"id":"evt_5dd6da2a-8553-4701-8c91-25d5f1d27b5a"}
2025-11-14 23:54:39.510 [34mINFO [0;39m [ce4481a7-4def-46c0-a01a-2bc2e386d69c] [http-nio-8081-exec-1] c.b.config.logging.HttpLoggingFilter - Request payload: {"name":"nav_click","payload":{"target":"/bookings","context":"mobile_nav"},"timestamp":1763144679381}
2025-11-14 23:54:39.512 [34mINFO [0;39m [721a69d5-cf6f-49a0-9d81-22557ab3d76a] [http-nio-8081-exec-2] c.b.config.logging.HttpLoggingFilter - Request payload: {"name":"bookings_fetch_start","payload":{"source":"my_bookings","userId":"84ee4658-da81-4267-b293-632fd1559c9c"},"timestamp":1763144679390}
2025-11-14 23:54:39.549 [34mINFO [0;39m [721a69d5-cf6f-49a0-9d81-22557ab3d76a] [http-nio-8081-exec-2] c.b.config.logging.HttpLoggingFilter - Response payload: {"ok":true,"id":"evt_caacbf45-1c14-4a46-97f4-28cf2380dfeb"}
2025-11-14 23:54:39.558 [34mINFO [0;39m [3ebec897-9351-4096-a511-d273487da1a9] [http-nio-8081-exec-9] com.bharatshop.web.OrdersController - List bookings: tenant=demo-store userId=84ee4658-da81-4267-b293-632fd1559c9c
2025-11-14 23:54:39.558 [34mINFO [0;39m [19a42329-128e-425f-8da1-095b7cfed842] [http-nio-8081-exec-10] com.bharatshop.web.EventController - Event ingested: id=evt_a7bdd0bb-6a87-4a18-87ea-d4113c422e59 name=bookings_fetch_success tenant=demo-store userId=84ee4658-da81-4267-b293-632fd1559c9c role=USER ip=127.0.0.1 ua=Mozilla/5.0 (Linux; Android 6.0; Nexus 5 Build/MRA58N) AppleWebKit/537.36 (KHTML, like Gecko) Chrome/142.0.0.0 Mobile Safari/537.36 ts=1763144679523 payloadPresent=true
2025-11-14 23:54:39.561 [34mINFO [0;39m [19a42329-128e-425f-8da1-095b7cfed842] [http-nio-8081-exec-10] c.b.config.logging.HttpLoggingFilter - POST /api/events -> 200 (5 ms)
2025-11-14 23:54:39.562 [34mINFO [0;39m [19a42329-128e-425f-8da1-095b7cfed842] [http-nio-8081-exec-10] c.b.config.logging.HttpLoggingFilter - Headers: auth=present content-type=application/json accept=application/json, text/plain, */*
2025-11-14 23:54:39.562 [34mINFO [0;39m [19a42329-128e-425f-8da1-095b7cfed842] [http-nio-8081-exec-10] c.b.config.logging.HttpLoggingFilter - Request payload: {"name":"bookings_fetch_success","payload":{"source":"my_bookings","count":1},"timestamp":1763144679523}
2025-11-14 23:54:39.562 [34mINFO [0;39m [19a42329-128e-425f-8da1-095b7cfed842] [http-nio-8081-exec-10] c.b.config.logging.HttpLoggingFilter - Response payload: {"ok":true,"id":"evt_a7bdd0bb-6a87-4a18-87ea-d4113c422e59"}
2025-11-14 23:54:39.566 [34mINFO [0;39m [3ebec897-9351-4096-a511-d273487da1a9] [http-nio-8081-exec-9] c.b.config.logging.HttpLoggingFilter - GET /api/storefront/bookings -> 200 (10 ms)
2025-11-14 23:54:39.568 [34mINFO [0;39m [3ebec897-9351-4096-a511-d273487da1a9] [http-nio-8081-exec-9] c.b.config.logging.HttpLoggingFilter - Headers: auth=present content-type=null accept=application/json, text/plain, */*
2025-11-14 23:54:39.568 [34mINFO [0;39m [3ebec897-9351-4096-a511-d273487da1a9] [http-nio-8081-exec-9] c.b.config.logging.HttpLoggingFilter - Response payload: [{"id":"eed06a00-2239-4934-b10a-d5052adf846a","reference":"BK-eed06a00","status":"placed","total":1265.0,"totals":{"payable":1265.0},"type":"room_booking","booking":{"checkIn":"2025-11-14","checkOut":"2025-11-15","guests":4,"nights":1,"rooms":2,"perRoomMax":3,"extraMattressAllowed":false,"extraMattressCount":0,"mattressFeePerNight":0},"createdAt":"2025-11-14T18:21:01.659651Z","sellerResponseDeadline":"2025-11-14T18:36:01.659651Z","notes":""}]
2025-11-14 23:54:39.523 [34mINFO [0;39m [ce4481a7-4def-46c0-a01a-2bc2e386d69c] [http-nio-8081-exec-1] c.b.config.logging.HttpLoggingFilter - Response payload: {"ok":true,"id":"evt_9f56571f-cc8e-43ff-bcee-378751a4f94e"}
2025-11-14 23:54:39.600 [34mINFO [0;39m [4b66d5dc-b6e0-486b-8a12-0df7462ab430] [http-nio-8081-exec-7] com.bharatshop.web.EventController - Event ingested: id=evt_a3f94c0c-52cc-4b50-afdb-01d80a53c151 name=bookings_fetch_success tenant=demo-store userId=84ee4658-da81-4267-b293-632fd1559c9c role=USER ip=127.0.0.1 ua=Mozilla/5.0 (Linux; Android 6.0; Nexus 5 Build/MRA58N) AppleWebKit/537.36 (KHTML, like Gecko) Chrome/142.0.0.0 Mobile Safari/537.36 ts=1763144679577 payloadPresent=true
2025-11-14 23:54:39.622 [34mINFO [0;39m [4b66d5dc-b6e0-486b-8a12-0df7462ab430] [http-nio-8081-exec-7] c.b.config.logging.HttpLoggingFilter - POST /api/events -> 200 (34 ms)
2025-11-14 23:54:39.623 [34mINFO [0;39m [4b66d5dc-b6e0-486b-8a12-0df7462ab430] [http-nio-8081-exec-7] c.b.config.logging.HttpLoggingFilter - Headers: auth=present content-type=application/json accept=application/json, text/plain, */*
2025-11-14 23:54:39.627 [34mINFO [0;39m [4b66d5dc-b6e0-486b-8a12-0df7462ab430] [http-nio-8081-exec-7] c.b.config.logging.HttpLoggingFilter - Request payload: {"name":"bookings_fetch_success","payload":{"source":"my_bookings","count":1},"timestamp":1763144679577}
2025-11-14 23:54:39.628 [34mINFO [0;39m [4b66d5dc-b6e0-486b-8a12-0df7462ab430] [http-nio-8081-exec-7] c.b.config.logging.HttpLoggingFilter - Response payload: {"ok":true,"id":"evt_a3f94c0c-52cc-4b50-afdb-01d80a53c151"}
2025-11-14 23:54:40.786 [34mINFO [0;39m [bf4414f9-03f1-4be2-966c-ee6abf28cb79] [http-nio-8081-exec-8] com.bharatshop.web.EventController - Event ingested: id=evt_3fbbe730-a59f-4ca3-958e-e2967cd3b04b name=nav_click tenant=demo-store userId=84ee4658-da81-4267-b293-632fd1559c9c role=USER ip=127.0.0.1 ua=Mozilla/5.0 (Linux; Android 6.0; Nexus 5 Build/MRA58N) AppleWebKit/537.36 (KHTML, like Gecko) Chrome/142.0.0.0 Mobile Safari/537.36 ts=1763144680768 payloadPresent=true
2025-11-14 23:54:40.789 [34mINFO [0;39m [bf4414f9-03f1-4be2-966c-ee6abf28cb79] [http-nio-8081-exec-8] c.b.config.logging.HttpLoggingFilter - POST /api/events -> 200 (5 ms)
2025-11-14 23:54:40.789 [34mINFO [0;39m [bf4414f9-03f1-4be2-966c-ee6abf28cb79] [http-nio-8081-exec-8] c.b.config.logging.HttpLoggingFilter - Headers: auth=present content-type=application/json accept=application/json, text/plain, */*
2025-11-14 23:54:40.789 [34mINFO [0;39m [bf4414f9-03f1-4be2-966c-ee6abf28cb79] [http-nio-8081-exec-8] c.b.config.logging.HttpLoggingFilter - Request payload: {"name":"nav_click","payload":{"target":"/store/","context":"my_bookings"},"timestamp":1763144680768}
2025-11-14 23:54:40.789 [34mINFO [0;39m [bf4414f9-03f1-4be2-966c-ee6abf28cb79] [http-nio-8081-exec-8] c.b.config.logging.HttpLoggingFilter - Response payload: {"ok":true,"id":"evt_3fbbe730-a59f-4ca3-958e-e2967cd3b04b"}
2025-11-14 23:54:46.371 [34mINFO [0;39m [78225f14-0927-4090-88a8-7dbd0abbe6fb] [http-nio-8081-exec-3] com.bharatshop.web.EventController - Event ingested: id=evt_6e660816-e112-48ef-b5c4-ef52f3e2d19b name=nav_click tenant=demo-store userId=84ee4658-da81-4267-b293-632fd1559c9c role=USER ip=127.0.0.1 ua=Mozilla/5.0 (Linux; Android 6.0; Nexus 5 Build/MRA58N) AppleWebKit/537.36 (KHTML, like Gecko) Chrome/142.0.0.0 Mobile Safari/537.36 ts=1763144686332 payloadPresent=true
2025-11-14 23:54:46.371 [34mINFO [0;39m [a226ebf6-7f03-4859-b9c2-4d6c0df258dd] [http-nio-8081-exec-5] com.bharatshop.web.EventController - Event ingested: id=evt_baa13484-3027-407c-bd91-bf8c62cc9d5c name=page_view tenant=demo-store userId=84ee4658-da81-4267-b293-632fd1559c9c role=USER ip=127.0.0.1 ua=Mozilla/5.0 (Linux; Android 6.0; Nexus 5 Build/MRA58N) AppleWebKit/537.36 (KHTML, like Gecko) Chrome/142.0.0.0 Mobile Safari/537.36 ts=1763144686339 payloadPresent=true
2025-11-14 23:54:46.371 [34mINFO [0;39m [7c8f5578-4f6f-4b91-bcb9-81684ebe660e] [http-nio-8081-exec-6] com.bharatshop.web.EventController - Event ingested: id=evt_935389da-31b6-453f-a758-9784d029ec95 name=bookings_fetch_start tenant=demo-store userId=84ee4658-da81-4267-b293-632fd1559c9c role=USER ip=127.0.0.1 ua=Mozilla/5.0 (Linux; Android 6.0; Nexus 5 Build/MRA58N) AppleWebKit/537.36 (KHTML, like Gecko) Chrome/142.0.0.0 Mobile Safari/537.36 ts=1763144686339 payloadPresent=true
2025-11-14 23:54:46.373 [34mINFO [0;39m [a226ebf6-7f03-4859-b9c2-4d6c0df258dd] [http-nio-8081-exec-5] c.b.config.logging.HttpLoggingFilter - POST /api/events -> 200 (2 ms)
2025-11-14 23:54:46.373 [34mINFO [0;39m [a226ebf6-7f03-4859-b9c2-4d6c0df258dd] [http-nio-8081-exec-5] c.b.config.logging.HttpLoggingFilter - Headers: auth=present content-type=application/json accept=application/json, text/plain, */*
2025-11-14 23:54:46.375 [34mINFO [0;39m [a226ebf6-7f03-4859-b9c2-4d6c0df258dd] [http-nio-8081-exec-5] c.b.config.logging.HttpLoggingFilter - Request payload: {"name":"page_view","payload":{"page":"/bookings","title":"MyBookings"},"timestamp":1763144686339}
2025-11-14 23:54:46.375 [34mINFO [0;39m [a226ebf6-7f03-4859-b9c2-4d6c0df258dd] [http-nio-8081-exec-5] c.b.config.logging.HttpLoggingFilter - Response payload: {"ok":true,"id":"evt_baa13484-3027-407c-bd91-bf8c62cc9d5c"}
2025-11-14 23:54:46.373 [34mINFO [0;39m [97616e87-f894-4163-9591-5871f9771171] [http-nio-8081-exec-4] com.bharatshop.web.OrdersController - List bookings: tenant=demo-store userId=84ee4658-da81-4267-b293-632fd1559c9c
2025-11-14 23:54:46.373 [34mINFO [0;39m [78225f14-0927-4090-88a8-7dbd0abbe6fb] [http-nio-8081-exec-3] c.b.config.logging.HttpLoggingFilter - POST /api/events -> 200 (4 ms)
2025-11-14 23:54:46.373 [34mINFO [0;39m [7c8f5578-4f6f-4b91-bcb9-81684ebe660e] [http-nio-8081-exec-6] c.b.config.logging.HttpLoggingFilter - POST /api/events -> 200 (2 ms)
2025-11-14 23:54:46.379 [34mINFO [0;39m [78225f14-0927-4090-88a8-7dbd0abbe6fb] [http-nio-8081-exec-3] c.b.config.logging.HttpLoggingFilter - Headers: auth=present content-type=application/json accept=application/json, text/plain, */*
2025-11-14 23:54:46.379 [34mINFO [0;39m [7c8f5578-4f6f-4b91-bcb9-81684ebe660e] [http-nio-8081-exec-6] c.b.config.logging.HttpLoggingFilter - Headers: auth=present content-type=application/json accept=application/json, text/plain, */*
2025-11-14 23:54:46.385 [34mINFO [0;39m [78225f14-0927-4090-88a8-7dbd0abbe6fb] [http-nio-8081-exec-3] c.b.config.logging.HttpLoggingFilter - Request payload: {"name":"nav_click","payload":{"target":"/bookings","context":"mobile_nav"},"timestamp":1763144686332}
2025-11-14 23:54:46.385 [34mINFO [0;39m [7c8f5578-4f6f-4b91-bcb9-81684ebe660e] [http-nio-8081-exec-6] c.b.config.logging.HttpLoggingFilter - Request payload: {"name":"bookings_fetch_start","payload":{"source":"my_bookings","userId":"84ee4658-da81-4267-b293-632fd1559c9c"},"timestamp":1763144686339}
2025-11-14 23:54:46.385 [34mINFO [0;39m [78225f14-0927-4090-88a8-7dbd0abbe6fb] [http-nio-8081-exec-3] c.b.config.logging.HttpLoggingFilter - Response payload: {"ok":true,"id":"evt_6e660816-e112-48ef-b5c4-ef52f3e2d19b"}
2025-11-14 23:54:46.385 [34mINFO [0;39m [7c8f5578-4f6f-4b91-bcb9-81684ebe660e] [http-nio-8081-exec-6] c.b.config.logging.HttpLoggingFilter - Response payload: {"ok":true,"id":"evt_935389da-31b6-453f-a758-9784d029ec95"}
2025-11-14 23:54:46.387 [34mINFO [0;39m [97616e87-f894-4163-9591-5871f9771171] [http-nio-8081-exec-4] c.b.config.logging.HttpLoggingFilter - GET /api/storefront/bookings -> 200 (14 ms)
2025-11-14 23:54:46.387 [34mINFO [0;39m [97616e87-f894-4163-9591-5871f9771171] [http-nio-8081-exec-4] c.b.config.logging.HttpLoggingFilter - Headers: auth=present content-type=null accept=application/json, text/plain, */*
2025-11-14 23:54:46.388 [34mINFO [0;39m [97616e87-f894-4163-9591-5871f9771171] [http-nio-8081-exec-4] c.b.config.logging.HttpLoggingFilter - Response payload: [{"id":"eed06a00-2239-4934-b10a-d5052adf846a","reference":"BK-eed06a00","status":"placed","total":1265.0,"totals":{"payable":1265.0},"type":"room_booking","booking":{"checkIn":"2025-11-14","checkOut":"2025-11-15","guests":4,"nights":1,"rooms":2,"perRoomMax":3,"extraMattressAllowed":false,"extraMattressCount":0,"mattressFeePerNight":0},"createdAt":"2025-11-14T18:21:01.659651Z","sellerResponseDeadline":"2025-11-14T18:36:01.659651Z","notes":""}]
2025-11-14 23:54:46.419 [34mINFO [0;39m [3b8b19c8-8049-4f08-8948-b359a5ceea06] [http-nio-8081-exec-10] com.bharatshop.web.EventController - Event ingested: id=evt_0f7d2517-e7a8-4138-a3a4-e65c9483886a name=page_view tenant=demo-store userId=84ee4658-da81-4267-b293-632fd1559c9c role=USER ip=127.0.0.1 ua=Mozilla/5.0 (Linux; Android 6.0; Nexus 5 Build/MRA58N) AppleWebKit/537.36 (KHTML, like Gecko) Chrome/142.0.0.0 Mobile Safari/537.36 ts=1763144686342 payloadPresent=true
2025-11-14 23:54:46.425 [34mINFO [0;39m [3b8b19c8-8049-4f08-8948-b359a5ceea06] [http-nio-8081-exec-10] c.b.config.logging.HttpLoggingFilter - POST /api/events -> 200 (8 ms)
2025-11-14 23:54:46.429 [34mINFO [0;39m [3b8b19c8-8049-4f08-8948-b359a5ceea06] [http-nio-8081-exec-10] c.b.config.logging.HttpLoggingFilter - Headers: auth=present content-type=application/json accept=application/json, text/plain, */*
2025-11-14 23:54:46.429 [34mINFO [0;39m [3b8b19c8-8049-4f08-8948-b359a5ceea06] [http-nio-8081-exec-10] c.b.config.logging.HttpLoggingFilter - Request payload: {"name":"page_view","payload":{"page":"/bookings","title":"MyBookings"},"timestamp":1763144686342}
2025-11-14 23:54:46.431 [34mINFO [0;39m [3b8b19c8-8049-4f08-8948-b359a5ceea06] [http-nio-8081-exec-10] c.b.config.logging.HttpLoggingFilter - Response payload: {"ok":true,"id":"evt_0f7d2517-e7a8-4138-a3a4-e65c9483886a"}
2025-11-14 23:54:46.435 [34mINFO [0;39m [a942829c-c14e-468f-ab44-9169e6fc3102] [http-nio-8081-exec-2] com.bharatshop.web.EventController - Event ingested: id=evt_2d247448-e5e5-4173-b4f0-463cc39253ac name=bookings_fetch_start tenant=demo-store userId=84ee4658-da81-4267-b293-632fd1559c9c role=USER ip=127.0.0.1 ua=Mozilla/5.0 (Linux; Android 6.0; Nexus 5 Build/MRA58N) AppleWebKit/537.36 (KHTML, like Gecko) Chrome/142.0.0.0 Mobile Safari/537.36 ts=1763144686342 payloadPresent=true
2025-11-14 23:54:46.466 [34mINFO [0;39m [a585ec25-c2ab-468a-ad5d-0634e3c62554] [http-nio-8081-exec-9] com.bharatshop.web.EventController - Event ingested: id=evt_b5d91eb3-0531-4130-a5a7-950deca5a242 name=bookings_fetch_success tenant=demo-store userId=84ee4658-da81-4267-b293-632fd1559c9c role=USER ip=127.0.0.1 ua=Mozilla/5.0 (Linux; Android 6.0; Nexus 5 Build/MRA58N) AppleWebKit/537.36 (KHTML, like Gecko) Chrome/142.0.0.0 Mobile Safari/537.36 ts=1763144686451 payloadPresent=true
2025-11-14 23:54:46.470 [34mINFO [0;39m [a585ec25-c2ab-468a-ad5d-0634e3c62554] [http-nio-8081-exec-9] c.b.config.logging.HttpLoggingFilter - POST /api/events -> 200 (6 ms)
2025-11-14 23:54:46.470 [34mINFO [0;39m [a585ec25-c2ab-468a-ad5d-0634e3c62554] [http-nio-8081-exec-9] c.b.config.logging.HttpLoggingFilter - Headers: auth=present content-type=application/json accept=application/json, text/plain, */*
2025-11-14 23:54:46.470 [34mINFO [0;39m [a585ec25-c2ab-468a-ad5d-0634e3c62554] [http-nio-8081-exec-9] c.b.config.logging.HttpLoggingFilter - Request payload: {"name":"bookings_fetch_success","payload":{"source":"my_bookings","count":1},"timestamp":1763144686451}
2025-11-14 23:54:46.472 [34mINFO [0;39m [a585ec25-c2ab-468a-ad5d-0634e3c62554] [http-nio-8081-exec-9] c.b.config.logging.HttpLoggingFilter - Response payload: {"ok":true,"id":"evt_b5d91eb3-0531-4130-a5a7-950deca5a242"}
2025-11-14 23:54:46.485 [34mINFO [0;39m [a942829c-c14e-468f-ab44-9169e6fc3102] [http-nio-8081-exec-2] c.b.config.logging.HttpLoggingFilter - POST /api/events -> 200 (52 ms)
2025-11-14 23:54:46.483 [34mINFO [0;39m [0eb776b2-2ed8-44ff-997c-20fa646f3b56] [http-nio-8081-exec-1] com.bharatshop.web.OrdersController - List bookings: tenant=demo-store userId=84ee4658-da81-4267-b293-632fd1559c9c
2025-11-14 23:54:46.504 [34mINFO [0;39m [a942829c-c14e-468f-ab44-9169e6fc3102] [http-nio-8081-exec-2] c.b.config.logging.HttpLoggingFilter - Headers: auth=present content-type=application/json accept=application/json, text/plain, */*
2025-11-14 23:54:46.504 [34mINFO [0;39m [a942829c-c14e-468f-ab44-9169e6fc3102] [http-nio-8081-exec-2] c.b.config.logging.HttpLoggingFilter - Request payload: {"name":"bookings_fetch_start","payload":{"source":"my_bookings","userId":"84ee4658-da81-4267-b293-632fd1559c9c"},"timestamp":1763144686342}
2025-11-14 23:54:46.504 [34mINFO [0;39m [a942829c-c14e-468f-ab44-9169e6fc3102] [http-nio-8081-exec-2] c.b.config.logging.HttpLoggingFilter - Response payload: {"ok":true,"id":"evt_2d247448-e5e5-4173-b4f0-463cc39253ac"}
2025-11-14 23:54:46.516 [34mINFO [0;39m [0eb776b2-2ed8-44ff-997c-20fa646f3b56] [http-nio-8081-exec-1] c.b.config.logging.HttpLoggingFilter - GET /api/storefront/bookings -> 200 (36 ms)
2025-11-14 23:54:46.533 [34mINFO [0;39m [0eb776b2-2ed8-44ff-997c-20fa646f3b56] [http-nio-8081-exec-1] c.b.config.logging.HttpLoggingFilter - Headers: auth=present content-type=null accept=application/json, text/plain, */*
2025-11-14 23:54:46.535 [34mINFO [0;39m [0eb776b2-2ed8-44ff-997c-20fa646f3b56] [http-nio-8081-exec-1] c.b.config.logging.HttpLoggingFilter - Response payload: [{"id":"eed06a00-2239-4934-b10a-d5052adf846a","reference":"BK-eed06a00","status":"placed","total":1265.0,"totals":{"payable":1265.0},"type":"room_booking","booking":{"checkIn":"2025-11-14","checkOut":"2025-11-15","guests":4,"nights":1,"rooms":2,"perRoomMax":3,"extraMattressAllowed":false,"extraMattressCount":0,"mattressFeePerNight":0},"createdAt":"2025-11-14T18:21:01.659651Z","sellerResponseDeadline":"2025-11-14T18:36:01.659651Z","notes":""}]
2025-11-14 23:54:46.560 [34mINFO [0;39m [b3444a35-7647-48c2-96ba-b324bee726b9] [http-nio-8081-exec-7] com.bharatshop.web.EventController - Event ingested: id=evt_c75dc3cb-c30a-42bd-a81e-5d693377c92f name=bookings_fetch_success tenant=demo-store userId=84ee4658-da81-4267-b293-632fd1559c9c role=USER ip=127.0.0.1 ua=Mozilla/5.0 (Linux; Android 6.0; Nexus 5 Build/MRA58N) AppleWebKit/537.36 (KHTML, like Gecko) Chrome/142.0.0.0 Mobile Safari/537.36 ts=1763144686542 payloadPresent=true
2025-11-14 23:54:46.564 [34mINFO [0;39m [b3444a35-7647-48c2-96ba-b324bee726b9] [http-nio-8081-exec-7] c.b.config.logging.HttpLoggingFilter - POST /api/events -> 200 (6 ms)
2025-11-14 23:54:46.564 [34mINFO [0;39m [b3444a35-7647-48c2-96ba-b324bee726b9] [http-nio-8081-exec-7] c.b.config.logging.HttpLoggingFilter - Headers: auth=present content-type=application/json accept=application/json, text/plain, */*
2025-11-14 23:54:46.566 [34mINFO [0;39m [b3444a35-7647-48c2-96ba-b324bee726b9] [http-nio-8081-exec-7] c.b.config.logging.HttpLoggingFilter - Request payload: {"name":"bookings_fetch_success","payload":{"source":"my_bookings","count":1},"timestamp":1763144686542}
2025-11-14 23:54:46.566 [34mINFO [0;39m [b3444a35-7647-48c2-96ba-b324bee726b9] [http-nio-8081-exec-7] c.b.config.logging.HttpLoggingFilter - Response payload: {"ok":true,"id":"evt_c75dc3cb-c30a-42bd-a81e-5d693377c92f"}
2025-11-14 23:54:47.948 [34mINFO [0;39m [38aae9f3-e8cc-457f-9a4a-9c32fe563928] [http-nio-8081-exec-8] com.bharatshop.web.EventController - Event ingested: id=evt_5a0c86d0-1d8f-436a-9ad1-067cca49aea9 name=nav_click tenant=demo-store userId=84ee4658-da81-4267-b293-632fd1559c9c role=USER ip=127.0.0.1 ua=Mozilla/5.0 (Linux; Android 6.0; Nexus 5 Build/MRA58N) AppleWebKit/537.36 (KHTML, like Gecko) Chrome/142.0.0.0 Mobile Safari/537.36 ts=1763144687923 payloadPresent=true
2025-11-14 23:54:47.949 [34mINFO [0;39m [38aae9f3-e8cc-457f-9a4a-9c32fe563928] [http-nio-8081-exec-8] c.b.config.logging.HttpLoggingFilter - POST /api/events -> 200 (2 ms)
2025-11-14 23:54:47.952 [34mINFO [0;39m [38aae9f3-e8cc-457f-9a4a-9c32fe563928] [http-nio-8081-exec-8] c.b.config.logging.HttpLoggingFilter - Headers: auth=present content-type=application/json accept=application/json, text/plain, */*
2025-11-14 23:54:47.952 [34mINFO [0;39m [38aae9f3-e8cc-457f-9a4a-9c32fe563928] [http-nio-8081-exec-8] c.b.config.logging.HttpLoggingFilter - Request payload: {"name":"nav_click","payload":{"target":"/store/","context":"my_bookings"},"timestamp":1763144687923}
2025-11-14 23:54:47.952 [34mINFO [0;39m [38aae9f3-e8cc-457f-9a4a-9c32fe563928] [http-nio-8081-exec-8] c.b.config.logging.HttpLoggingFilter - Response payload: {"ok":true,"id":"evt_5a0c86d0-1d8f-436a-9ad1-067cca49aea9"}
2025-11-14 23:54:56.596 [34mINFO [0;39m [bc4fd8fe-16b7-4f1a-81de-b2d16440fae9] [http-nio-8081-exec-5] com.bharatshop.web.EventController - Event ingested: id=evt_f3304f89-0fab-4a73-b8b6-c9a4f97e1079 name=nav_click tenant=demo-store userId=84ee4658-da81-4267-b293-632fd1559c9c role=USER ip=127.0.0.1 ua=Mozilla/5.0 (Linux; Android 6.0; Nexus 5 Build/MRA58N) AppleWebKit/537.36 (KHTML, like Gecko) Chrome/142.0.0.0 Mobile Safari/537.36 ts=1763144696563 payloadPresent=true
2025-11-14 23:54:56.601 [34mINFO [0;39m [bc4fd8fe-16b7-4f1a-81de-b2d16440fae9] [http-nio-8081-exec-5] c.b.config.logging.HttpLoggingFilter - POST /api/events -> 200 (5 ms)
2025-11-14 23:54:56.601 [34mINFO [0;39m [bc4fd8fe-16b7-4f1a-81de-b2d16440fae9] [http-nio-8081-exec-5] c.b.config.logging.HttpLoggingFilter - Headers: auth=present content-type=application/json accept=application/json, text/plain, */*
2025-11-14 23:54:56.602 [34mINFO [0;39m [bc4fd8fe-16b7-4f1a-81de-b2d16440fae9] [http-nio-8081-exec-5] c.b.config.logging.HttpLoggingFilter - Request payload: {"name":"nav_click","payload":{"target":"/bookings","context":"mobile_nav"},"timestamp":1763144696563}
2025-11-14 23:54:56.603 [34mINFO [0;39m [bc4fd8fe-16b7-4f1a-81de-b2d16440fae9] [http-nio-8081-exec-5] c.b.config.logging.HttpLoggingFilter - Response payload: {"ok":true,"id":"evt_f3304f89-0fab-4a73-b8b6-c9a4f97e1079"}
2025-11-14 23:54:56.642 [34mINFO [0;39m [79370c7a-34ad-49f3-bee1-3d2af2a14b30] [http-nio-8081-exec-3] com.bharatshop.web.EventController - Event ingested: id=evt_80e64c9b-8bf2-4095-bf25-f24ae639045d name=page_view tenant=demo-store userId=84ee4658-da81-4267-b293-632fd1559c9c role=USER ip=127.0.0.1 ua=Mozilla/5.0 (Linux; Android 6.0; Nexus 5 Build/MRA58N) AppleWebKit/537.36 (KHTML, like Gecko) Chrome/142.0.0.0 Mobile Safari/537.36 ts=1763144696569 payloadPresent=true
2025-11-14 23:54:56.642 [34mINFO [0;39m [81110b5f-78f2-41aa-82c6-e34597ce69e5] [http-nio-8081-exec-6] com.bharatshop.web.EventController - Event ingested: id=evt_978ba903-b602-45ba-9d0c-1591b7d20d84 name=bookings_fetch_start tenant=demo-store userId=84ee4658-da81-4267-b293-632fd1559c9c role=USER ip=127.0.0.1 ua=Mozilla/5.0 (Linux; Android 6.0; Nexus 5 Build/MRA58N) AppleWebKit/537.36 (KHTML, like Gecko) Chrome/142.0.0.0 Mobile Safari/537.36 ts=1763144696569 payloadPresent=true
2025-11-14 23:54:56.644 [34mINFO [0;39m [79370c7a-34ad-49f3-bee1-3d2af2a14b30] [http-nio-8081-exec-3] c.b.config.logging.HttpLoggingFilter - POST /api/events -> 200 (2 ms)
2025-11-14 23:54:56.642 [34mINFO [0;39m [845012f8-cdb3-42bf-9bbd-ad7836df0a72] [http-nio-8081-exec-4] com.bharatshop.web.EventController - Event ingested: id=evt_5dbcb0d8-1a7e-4f2c-8887-e621fcd760bc name=page_view tenant=demo-store userId=84ee4658-da81-4267-b293-632fd1559c9c role=USER ip=127.0.0.1 ua=Mozilla/5.0 (Linux; Android 6.0; Nexus 5 Build/MRA58N) AppleWebKit/537.36 (KHTML, like Gecko) Chrome/142.0.0.0 Mobile Safari/537.36 ts=1763144696572 payloadPresent=true
2025-11-14 23:54:56.644 [34mINFO [0;39m [81110b5f-78f2-41aa-82c6-e34597ce69e5] [http-nio-8081-exec-6] c.b.config.logging.HttpLoggingFilter - POST /api/events -> 200 (2 ms)
2025-11-14 23:54:56.644 [34mINFO [0;39m [81110b5f-78f2-41aa-82c6-e34597ce69e5] [http-nio-8081-exec-6] c.b.config.logging.HttpLoggingFilter - Headers: auth=present content-type=application/json accept=application/json, text/plain, */*
2025-11-14 23:54:56.646 [34mINFO [0;39m [81110b5f-78f2-41aa-82c6-e34597ce69e5] [http-nio-8081-exec-6] c.b.config.logging.HttpLoggingFilter - Request payload: {"name":"bookings_fetch_start","payload":{"source":"my_bookings","userId":"84ee4658-da81-4267-b293-632fd1559c9c"},"timestamp":1763144696569}
2025-11-14 23:54:56.644 [34mINFO [0;39m [79370c7a-34ad-49f3-bee1-3d2af2a14b30] [http-nio-8081-exec-3] c.b.config.logging.HttpLoggingFilter - Headers: auth=present content-type=application/json accept=application/json, text/plain, */*
2025-11-14 23:54:56.646 [34mINFO [0;39m [79370c7a-34ad-49f3-bee1-3d2af2a14b30] [http-nio-8081-exec-3] c.b.config.logging.HttpLoggingFilter - Request payload: {"name":"page_view","payload":{"page":"/bookings","title":"MyBookings"},"timestamp":1763144696569}
2025-11-14 23:54:56.646 [34mINFO [0;39m [845012f8-cdb3-42bf-9bbd-ad7836df0a72] [http-nio-8081-exec-4] c.b.config.logging.HttpLoggingFilter - POST /api/events -> 200 (4 ms)
2025-11-14 23:54:56.646 [34mINFO [0;39m [845012f8-cdb3-42bf-9bbd-ad7836df0a72] [http-nio-8081-exec-4] c.b.config.logging.HttpLoggingFilter - Headers: auth=present content-type=application/json accept=application/json, text/plain, */*
2025-11-14 23:54:56.648 [34mINFO [0;39m [845012f8-cdb3-42bf-9bbd-ad7836df0a72] [http-nio-8081-exec-4] c.b.config.logging.HttpLoggingFilter - Request payload: {"name":"page_view","payload":{"page":"/bookings","title":"MyBookings"},"timestamp":1763144696572}
2025-11-14 23:54:56.646 [34mINFO [0;39m [81110b5f-78f2-41aa-82c6-e34597ce69e5] [http-nio-8081-exec-6] c.b.config.logging.HttpLoggingFilter - Response payload: {"ok":true,"id":"evt_978ba903-b602-45ba-9d0c-1591b7d20d84"}
2025-11-14 23:54:56.648 [34mINFO [0;39m [845012f8-cdb3-42bf-9bbd-ad7836df0a72] [http-nio-8081-exec-4] c.b.config.logging.HttpLoggingFilter - Response payload: {"ok":true,"id":"evt_5dbcb0d8-1a7e-4f2c-8887-e621fcd760bc"}
2025-11-14 23:54:56.646 [34mINFO [0;39m [79370c7a-34ad-49f3-bee1-3d2af2a14b30] [http-nio-8081-exec-3] c.b.config.logging.HttpLoggingFilter - Response payload: {"ok":true,"id":"evt_80e64c9b-8bf2-4095-bf25-f24ae639045d"}
2025-11-14 23:54:56.692 [34mINFO [0;39m [3a6e1468-afba-482c-8b5f-a7373f95d3c7] [http-nio-8081-exec-10] com.bharatshop.web.EventController - Event ingested: id=evt_7ac98a88-e200-47c0-8e8b-576d6f299f00 name=bookings_fetch_start tenant=demo-store userId=84ee4658-da81-4267-b293-632fd1559c9c role=USER ip=127.0.0.1 ua=Mozilla/5.0 (Linux; Android 6.0; Nexus 5 Build/MRA58N) AppleWebKit/537.36 (KHTML, like Gecko) Chrome/142.0.0.0 Mobile Safari/537.36 ts=1763144696572 payloadPresent=true
2025-11-14 23:54:56.692 [34mINFO [0;39m [aa323739-7e17-485d-8a3e-1df0339e35fe] [http-nio-8081-exec-9] com.bharatshop.web.OrdersController - List bookings: tenant=demo-store userId=84ee4658-da81-4267-b293-632fd1559c9c
2025-11-14 23:54:56.692 [34mINFO [0;39m [3a6e1468-afba-482c-8b5f-a7373f95d3c7] [http-nio-8081-exec-10] c.b.config.logging.HttpLoggingFilter - POST /api/events -> 200 (2 ms)
2025-11-14 23:54:56.692 [34mINFO [0;39m [3a6e1468-afba-482c-8b5f-a7373f95d3c7] [http-nio-8081-exec-10] c.b.config.logging.HttpLoggingFilter - Headers: auth=present content-type=application/json accept=application/json, text/plain, */*
2025-11-14 23:54:56.692 [34mINFO [0;39m [3a6e1468-afba-482c-8b5f-a7373f95d3c7] [http-nio-8081-exec-10] c.b.config.logging.HttpLoggingFilter - Request payload: {"name":"bookings_fetch_start","payload":{"source":"my_bookings","userId":"84ee4658-da81-4267-b293-632fd1559c9c"},"timestamp":1763144696572}
2025-11-14 23:54:56.692 [34mINFO [0;39m [3a6e1468-afba-482c-8b5f-a7373f95d3c7] [http-nio-8081-exec-10] c.b.config.logging.HttpLoggingFilter - Response payload: {"ok":true,"id":"evt_7ac98a88-e200-47c0-8e8b-576d6f299f00"}
2025-11-14 23:54:56.699 [34mINFO [0;39m [aa323739-7e17-485d-8a3e-1df0339e35fe] [http-nio-8081-exec-9] c.b.config.logging.HttpLoggingFilter - GET /api/storefront/bookings -> 200 (7 ms)
2025-11-14 23:54:56.701 [34mINFO [0;39m [aa323739-7e17-485d-8a3e-1df0339e35fe] [http-nio-8081-exec-9] c.b.config.logging.HttpLoggingFilter - Headers: auth=present content-type=null accept=application/json, text/plain, */*
2025-11-14 23:54:56.701 [34mINFO [0;39m [aa323739-7e17-485d-8a3e-1df0339e35fe] [http-nio-8081-exec-9] c.b.config.logging.HttpLoggingFilter - Response payload: [{"id":"eed06a00-2239-4934-b10a-d5052adf846a","reference":"BK-eed06a00","status":"placed","total":1265.0,"totals":{"payable":1265.0},"type":"room_booking","booking":{"checkIn":"2025-11-14","checkOut":"2025-11-15","guests":4,"nights":1,"rooms":2,"perRoomMax":3,"extraMattressAllowed":false,"extraMattressCount":0,"mattressFeePerNight":0},"createdAt":"2025-11-14T18:21:01.659651Z","sellerResponseDeadline":"2025-11-14T18:36:01.659651Z","notes":""}]
2025-11-14 23:54:56.729 [34mINFO [0;39m [891bb769-3325-4939-9d3d-2bb57314469e] [http-nio-8081-exec-2] com.bharatshop.web.OrdersController - List bookings: tenant=demo-store userId=84ee4658-da81-4267-b293-632fd1559c9c
2025-11-14 23:54:56.729 [34mINFO [0;39m [3e776897-a018-48fb-ba35-8f6e5a5a3036] [http-nio-8081-exec-1] com.bharatshop.web.EventController - Event ingested: id=evt_b185c087-13c6-4da5-80d7-bac06d78b725 name=bookings_fetch_success tenant=demo-store userId=84ee4658-da81-4267-b293-632fd1559c9c role=USER ip=127.0.0.1 ua=Mozilla/5.0 (Linux; Android 6.0; Nexus 5 Build/MRA58N) AppleWebKit/537.36 (KHTML, like Gecko) Chrome/142.0.0.0 Mobile Safari/537.36 ts=1763144696713 payloadPresent=true
2025-11-14 23:54:56.735 [34mINFO [0;39m [3e776897-a018-48fb-ba35-8f6e5a5a3036] [http-nio-8081-exec-1] c.b.config.logging.HttpLoggingFilter - POST /api/events -> 200 (7 ms)
2025-11-14 23:54:56.740 [34mINFO [0;39m [3e776897-a018-48fb-ba35-8f6e5a5a3036] [http-nio-8081-exec-1] c.b.config.logging.HttpLoggingFilter - Headers: auth=present content-type=application/json accept=application/json, text/plain, */*
2025-11-14 23:54:56.740 [34mINFO [0;39m [3e776897-a018-48fb-ba35-8f6e5a5a3036] [http-nio-8081-exec-1] c.b.config.logging.HttpLoggingFilter - Request payload: {"name":"bookings_fetch_success","payload":{"source":"my_bookings","count":1},"timestamp":1763144696713}
2025-11-14 23:54:56.740 [34mINFO [0;39m [3e776897-a018-48fb-ba35-8f6e5a5a3036] [http-nio-8081-exec-1] c.b.config.logging.HttpLoggingFilter - Response payload: {"ok":true,"id":"evt_b185c087-13c6-4da5-80d7-bac06d78b725"}
2025-11-14 23:54:56.742 [34mINFO [0;39m [891bb769-3325-4939-9d3d-2bb57314469e] [http-nio-8081-exec-2] c.b.config.logging.HttpLoggingFilter - GET /api/storefront/bookings -> 200 (14 ms)
2025-11-14 23:54:56.744 [34mINFO [0;39m [891bb769-3325-4939-9d3d-2bb57314469e] [http-nio-8081-exec-2] c.b.config.logging.HttpLoggingFilter - Headers: auth=present content-type=null accept=application/json, text/plain, */*
2025-11-14 23:54:56.747 [34mINFO [0;39m [891bb769-3325-4939-9d3d-2bb57314469e] [http-nio-8081-exec-2] c.b.config.logging.HttpLoggingFilter - Response payload: [{"id":"eed06a00-2239-4934-b10a-d5052adf846a","reference":"BK-eed06a00","status":"placed","total":1265.0,"totals":{"payable":1265.0},"type":"room_booking","booking":{"checkIn":"2025-11-14","checkOut":"2025-11-15","guests":4,"nights":1,"rooms":2,"perRoomMax":3,"extraMattressAllowed":false,"extraMattressCount":0,"mattressFeePerNight":0},"createdAt":"2025-11-14T18:21:01.659651Z","sellerResponseDeadline":"2025-11-14T18:36:01.659651Z","notes":""}]
2025-11-14 23:54:56.767 [34mINFO [0;39m [5b6e77d7-fbba-4199-8fe4-10c00a38814c] [http-nio-8081-exec-7] com.bharatshop.web.EventController - Event ingested: id=evt_ce2c2941-f60c-4e69-ba8f-b6c14f3741cf name=bookings_fetch_success tenant=demo-store userId=84ee4658-da81-4267-b293-632fd1559c9c role=USER ip=127.0.0.1 ua=Mozilla/5.0 (Linux; Android 6.0; Nexus 5 Build/MRA58N) AppleWebKit/537.36 (KHTML, like Gecko) Chrome/142.0.0.0 Mobile Safari/537.36 ts=1763144696753 payloadPresent=true
2025-11-14 23:54:56.769 [34mINFO [0;39m [5b6e77d7-fbba-4199-8fe4-10c00a38814c] [http-nio-8081-exec-7] c.b.config.logging.HttpLoggingFilter - POST /api/events -> 200 (6 ms)
2025-11-14 23:54:56.772 [34mINFO [0;39m [5b6e77d7-fbba-4199-8fe4-10c00a38814c] [http-nio-8081-exec-7] c.b.config.logging.HttpLoggingFilter - Headers: auth=present content-type=application/json accept=application/json, text/plain, */*
2025-11-14 23:54:56.774 [34mINFO [0;39m [5b6e77d7-fbba-4199-8fe4-10c00a38814c] [http-nio-8081-exec-7] c.b.config.logging.HttpLoggingFilter - Request payload: {"name":"bookings_fetch_success","payload":{"source":"my_bookings","count":1},"timestamp":1763144696753}
2025-11-14 23:54:56.777 [34mINFO [0;39m [5b6e77d7-fbba-4199-8fe4-10c00a38814c] [http-nio-8081-exec-7] c.b.config.logging.HttpLoggingFilter - Response payload: {"ok":true,"id":"evt_ce2c2941-f60c-4e69-ba8f-b6c14f3741cf"}
2025-11-14 23:55:03.595 [34mINFO [0;39m [4be04001-5864-4112-a763-da29094db575] [http-nio-8081-exec-8] com.bharatshop.web.EventController - Event ingested: id=evt_8ee3351f-fb50-48d8-beef-3de5bf43d546 name=nav_click tenant=demo-store userId=84ee4658-da81-4267-b293-632fd1559c9c role=USER ip=127.0.0.1 ua=Mozilla/5.0 (Linux; Android 6.0; Nexus 5 Build/MRA58N) AppleWebKit/537.36 (KHTML, like Gecko) Chrome/142.0.0.0 Mobile Safari/537.36 ts=1763144703508 payloadPresent=true
2025-11-14 23:55:03.617 [34mINFO [0;39m [4be04001-5864-4112-a763-da29094db575] [http-nio-8081-exec-8] c.b.config.logging.HttpLoggingFilter - POST /api/events -> 200 (24 ms)
2025-11-14 23:55:03.625 [34mINFO [0;39m [4be04001-5864-4112-a763-da29094db575] [http-nio-8081-exec-8] c.b.config.logging.HttpLoggingFilter - Headers: auth=present content-type=application/json accept=application/json, text/plain, */*
2025-11-14 23:55:03.628 [34mINFO [0;39m [4be04001-5864-4112-a763-da29094db575] [http-nio-8081-exec-8] c.b.config.logging.HttpLoggingFilter - Request payload: {"name":"nav_click","payload":{"target":"/hotels","context":"my_bookings"},"timestamp":1763144703508}
2025-11-14 23:55:03.630 [34mINFO [0;39m [4be04001-5864-4112-a763-da29094db575] [http-nio-8081-exec-8] c.b.config.logging.HttpLoggingFilter - Response payload: {"ok":true,"id":"evt_8ee3351f-fb50-48d8-beef-3de5bf43d546"}
2025-11-14 23:55:04.003 [34mINFO [0;39m [96c6011c-967f-4953-954b-5e8034db785c] [http-nio-8081-exec-5] c.b.web.StoreDiscoveryController - Discover stores: tenant=demo-store search=null category=Hospitality
2025-11-14 23:55:04.005 [34mINFO [0;39m [96c6011c-967f-4953-954b-5e8034db785c] [http-nio-8081-exec-5] c.b.config.logging.HttpLoggingFilter - GET /api/stores?category=Hospitality&city=Balrampur&lat=27.4235392&lon=82.1854208&lng=82.1854208 -> 200 (3 ms)
2025-11-14 23:55:04.008 [34mINFO [0;39m [96c6011c-967f-4953-954b-5e8034db785c] [http-nio-8081-exec-5] c.b.config.logging.HttpLoggingFilter - Headers: auth=present content-type=null accept=application/json, text/plain, */*
2025-11-14 23:55:04.008 [34mINFO [0;39m [96c6011c-967f-4953-954b-5e8034db785c] [http-nio-8081-exec-5] c.b.config.logging.HttpLoggingFilter - Response payload: [{"id":"9a1c2c30-c0aa-4495-bf49-cfb8dad8dd7d","name":"Sunrise Hotel","area":"Beach","category":"hospitality","status":"open","orderingDisabled":false,"updatedAt":"2025-11-14T18:09:22.038306Z"}]
2025-11-14 23:55:09.162 [34mINFO [0;39m [0fe2477a-8c73-4b86-b276-e8ef151aff69] [http-nio-8081-exec-6] com.bharatshop.web.EventController - Event ingested: id=evt_e76b03a5-6af0-43d9-8db4-43208a47686e name=nav_click tenant=demo-store userId=84ee4658-da81-4267-b293-632fd1559c9c role=USER ip=127.0.0.1 ua=Mozilla/5.0 (Linux; Android 6.0; Nexus 5 Build/MRA58N) AppleWebKit/537.36 (KHTML, like Gecko) Chrome/142.0.0.0 Mobile Safari/537.36 ts=1763144709121 payloadPresent=true
2025-11-14 23:55:09.169 [34mINFO [0;39m [0fe2477a-8c73-4b86-b276-e8ef151aff69] [http-nio-8081-exec-6] c.b.config.logging.HttpLoggingFilter - POST /api/events -> 200 (10 ms)
2025-11-14 23:55:09.169 [34mINFO [0;39m [0fe2477a-8c73-4b86-b276-e8ef151aff69] [http-nio-8081-exec-6] c.b.config.logging.HttpLoggingFilter - Headers: auth=present content-type=application/json accept=application/json, text/plain, */*
2025-11-14 23:55:09.171 [34mINFO [0;39m [0fe2477a-8c73-4b86-b276-e8ef151aff69] [http-nio-8081-exec-6] c.b.config.logging.HttpLoggingFilter - Request payload: {"name":"nav_click","payload":{"target":"/bookings","context":"mobile_nav"},"timestamp":1763144709121}
2025-11-14 23:55:09.171 [34mINFO [0;39m [0fe2477a-8c73-4b86-b276-e8ef151aff69] [http-nio-8081-exec-6] c.b.config.logging.HttpLoggingFilter - Response payload: {"ok":true,"id":"evt_e76b03a5-6af0-43d9-8db4-43208a47686e"}
2025-11-14 23:55:09.169 [34mINFO [0;39m [374fc928-3116-4c6f-83f0-2deb2c831c27] [http-nio-8081-exec-3] com.bharatshop.web.EventController - Event ingested: id=evt_ee2a9909-f1da-41e1-b810-ff127fec48be name=page_view tenant=demo-store userId=84ee4658-da81-4267-b293-632fd1559c9c role=USER ip=127.0.0.1 ua=Mozilla/5.0 (Linux; Android 6.0; Nexus 5 Build/MRA58N) AppleWebKit/537.36 (KHTML, like Gecko) Chrome/142.0.0.0 Mobile Safari/537.36 ts=1763144709130 payloadPresent=true
2025-11-14 23:55:09.171 [34mINFO [0;39m [9b56c1db-49c5-4c8e-bf87-b4dc9a44b4e8] [http-nio-8081-exec-10] com.bharatshop.web.EventController - Event ingested: id=evt_cd2849ae-4331-4baf-825f-769501b32550 name=bookings_fetch_start tenant=demo-store userId=84ee4658-da81-4267-b293-632fd1559c9c role=USER ip=127.0.0.1 ua=Mozilla/5.0 (Linux; Android 6.0; Nexus 5 Build/MRA58N) AppleWebKit/537.36 (KHTML, like Gecko) Chrome/142.0.0.0 Mobile Safari/537.36 ts=1763144709130 payloadPresent=true
2025-11-14 23:55:09.171 [34mINFO [0;39m [03af22b0-f3c8-4ab6-9265-d672b98b8e7a] [http-nio-8081-exec-4] com.bharatshop.web.OrdersController - List bookings: tenant=demo-store userId=84ee4658-da81-4267-b293-632fd1559c9c
2025-11-14 23:55:09.171 [34mINFO [0;39m [4430d7bc-c4c5-4d95-b389-5c49a2e7acaf] [http-nio-8081-exec-9] com.bharatshop.web.EventController - Event ingested: id=evt_2e2ec8ba-6696-426b-add3-78293a1faa63 name=page_view tenant=demo-store userId=84ee4658-da81-4267-b293-632fd1559c9c role=USER ip=127.0.0.1 ua=Mozilla/5.0 (Linux; Android 6.0; Nexus 5 Build/MRA58N) AppleWebKit/537.36 (KHTML, like Gecko) Chrome/142.0.0.0 Mobile Safari/537.36 ts=1763144709133 payloadPresent=true
2025-11-14 23:55:09.173 [34mINFO [0;39m [374fc928-3116-4c6f-83f0-2deb2c831c27] [http-nio-8081-exec-3] c.b.config.logging.HttpLoggingFilter - POST /api/events -> 200 (6 ms)
2025-11-14 23:55:09.173 [34mINFO [0;39m [9b56c1db-49c5-4c8e-bf87-b4dc9a44b4e8] [http-nio-8081-exec-10] c.b.config.logging.HttpLoggingFilter - POST /api/events -> 200 (6 ms)
2025-11-14 23:55:09.173 [34mINFO [0;39m [9b56c1db-49c5-4c8e-bf87-b4dc9a44b4e8] [http-nio-8081-exec-10] c.b.config.logging.HttpLoggingFilter - Headers: auth=present content-type=application/json accept=application/json, text/plain, */*
2025-11-14 23:55:09.173 [34mINFO [0;39m [374fc928-3116-4c6f-83f0-2deb2c831c27] [http-nio-8081-exec-3] c.b.config.logging.HttpLoggingFilter - Headers: auth=present content-type=application/json accept=application/json, text/plain, */*
2025-11-14 23:55:09.175 [34mINFO [0;39m [4430d7bc-c4c5-4d95-b389-5c49a2e7acaf] [http-nio-8081-exec-9] c.b.config.logging.HttpLoggingFilter - POST /api/events -> 200 (6 ms)
2025-11-14 23:55:09.175 [34mINFO [0;39m [9b56c1db-49c5-4c8e-bf87-b4dc9a44b4e8] [http-nio-8081-exec-10] c.b.config.logging.HttpLoggingFilter - Request payload: {"name":"bookings_fetch_start","payload":{"source":"my_bookings","userId":"84ee4658-da81-4267-b293-632fd1559c9c"},"timestamp":1763144709130}
2025-11-14 23:55:09.175 [34mINFO [0;39m [374fc928-3116-4c6f-83f0-2deb2c831c27] [http-nio-8081-exec-3] c.b.config.logging.HttpLoggingFilter - Request payload: {"name":"page_view","payload":{"page":"/bookings","title":"MyBookings"},"timestamp":1763144709130}
2025-11-14 23:55:09.175 [34mINFO [0;39m [4430d7bc-c4c5-4d95-b389-5c49a2e7acaf] [http-nio-8081-exec-9] c.b.config.logging.HttpLoggingFilter - Headers: auth=present content-type=application/json accept=application/json, text/plain, */*
2025-11-14 23:55:09.177 [34mINFO [0;39m [9b56c1db-49c5-4c8e-bf87-b4dc9a44b4e8] [http-nio-8081-exec-10] c.b.config.logging.HttpLoggingFilter - Response payload: {"ok":true,"id":"evt_cd2849ae-4331-4baf-825f-769501b32550"}
2025-11-14 23:55:09.177 [34mINFO [0;39m [374fc928-3116-4c6f-83f0-2deb2c831c27] [http-nio-8081-exec-3] c.b.config.logging.HttpLoggingFilter - Response payload: {"ok":true,"id":"evt_ee2a9909-f1da-41e1-b810-ff127fec48be"}
2025-11-14 23:55:09.179 [34mINFO [0;39m [4430d7bc-c4c5-4d95-b389-5c49a2e7acaf] [http-nio-8081-exec-9] c.b.config.logging.HttpLoggingFilter - Request payload: {"name":"page_view","payload":{"page":"/bookings","title":"MyBookings"},"timestamp":1763144709133}
2025-11-14 23:55:09.184 [34mINFO [0;39m [03af22b0-f3c8-4ab6-9265-d672b98b8e7a] [http-nio-8081-exec-4] c.b.config.logging.HttpLoggingFilter - GET /api/storefront/bookings -> 200 (15 ms)
2025-11-14 23:55:09.186 [34mINFO [0;39m [4430d7bc-c4c5-4d95-b389-5c49a2e7acaf] [http-nio-8081-exec-9] c.b.config.logging.HttpLoggingFilter - Response payload: {"ok":true,"id":"evt_2e2ec8ba-6696-426b-add3-78293a1faa63"}
2025-11-14 23:55:09.186 [34mINFO [0;39m [03af22b0-f3c8-4ab6-9265-d672b98b8e7a] [http-nio-8081-exec-4] c.b.config.logging.HttpLoggingFilter - Headers: auth=present content-type=null accept=application/json, text/plain, */*
2025-11-14 23:55:09.186 [34mINFO [0;39m [03af22b0-f3c8-4ab6-9265-d672b98b8e7a] [http-nio-8081-exec-4] c.b.config.logging.HttpLoggingFilter - Response payload: [{"id":"eed06a00-2239-4934-b10a-d5052adf846a","reference":"BK-eed06a00","status":"placed","total":1265.0,"totals":{"payable":1265.0},"type":"room_booking","booking":{"checkIn":"2025-11-14","checkOut":"2025-11-15","guests":4,"nights":1,"rooms":2,"perRoomMax":3,"extraMattressAllowed":false,"extraMattressCount":0,"mattressFeePerNight":0},"createdAt":"2025-11-14T18:21:01.659651Z","sellerResponseDeadline":"2025-11-14T18:36:01.659651Z","notes":""}]
2025-11-14 23:55:09.188 [34mINFO [0;39m [1ae9f8e1-7592-4087-8d87-ef4fc70482f9] [http-nio-8081-exec-6] com.bharatshop.web.EventController - Event ingested: id=evt_779fa066-f903-4939-9965-f5743b622603 name=bookings_fetch_start tenant=demo-store userId=84ee4658-da81-4267-b293-632fd1559c9c role=USER ip=127.0.0.1 ua=Mozilla/5.0 (Linux; Android 6.0; Nexus 5 Build/MRA58N) AppleWebKit/537.36 (KHTML, like Gecko) Chrome/142.0.0.0 Mobile Safari/537.36 ts=1763144709133 payloadPresent=true
2025-11-14 23:55:09.188 [34mINFO [0;39m [1ae9f8e1-7592-4087-8d87-ef4fc70482f9] [http-nio-8081-exec-6] c.b.config.logging.HttpLoggingFilter - POST /api/events -> 200 (9 ms)
2025-11-14 23:55:09.190 [34mINFO [0;39m [1ae9f8e1-7592-4087-8d87-ef4fc70482f9] [http-nio-8081-exec-6] c.b.config.logging.HttpLoggingFilter - Headers: auth=present content-type=application/json accept=application/json, text/plain, */*
2025-11-14 23:55:09.190 [34mINFO [0;39m [1ae9f8e1-7592-4087-8d87-ef4fc70482f9] [http-nio-8081-exec-6] c.b.config.logging.HttpLoggingFilter - Request payload: {"name":"bookings_fetch_start","payload":{"source":"my_bookings","userId":"84ee4658-da81-4267-b293-632fd1559c9c"},"timestamp":1763144709133}
2025-11-14 23:55:09.190 [34mINFO [0;39m [1ae9f8e1-7592-4087-8d87-ef4fc70482f9] [http-nio-8081-exec-6] c.b.config.logging.HttpLoggingFilter - Response payload: {"ok":true,"id":"evt_779fa066-f903-4939-9965-f5743b622603"}
2025-11-14 23:55:09.285 [34mINFO [0;39m [32b1bed2-5151-41af-abd8-e631e6e5d59e] [http-nio-8081-exec-2] com.bharatshop.web.OrdersController - List bookings: tenant=demo-store userId=84ee4658-da81-4267-b293-632fd1559c9c
2025-11-14 23:55:09.291 [34mINFO [0;39m [c9293223-0a34-44a0-82e4-553e10508052] [http-nio-8081-exec-7] com.bharatshop.web.EventController - Event ingested: id=evt_d5c8e6be-5041-4bb7-bea1-5233256d0593 name=bookings_fetch_success tenant=demo-store userId=84ee4658-da81-4267-b293-632fd1559c9c role=USER ip=127.0.0.1 ua=Mozilla/5.0 (Linux; Android 6.0; Nexus 5 Build/MRA58N) AppleWebKit/537.36 (KHTML, like Gecko) Chrome/142.0.0.0 Mobile Safari/537.36 ts=1763144709245 payloadPresent=true
2025-11-14 23:55:09.293 [34mINFO [0;39m [c9293223-0a34-44a0-82e4-553e10508052] [http-nio-8081-exec-7] c.b.config.logging.HttpLoggingFilter - POST /api/events -> 200 (8 ms)
2025-11-14 23:55:09.295 [34mINFO [0;39m [c9293223-0a34-44a0-82e4-553e10508052] [http-nio-8081-exec-7] c.b.config.logging.HttpLoggingFilter - Headers: auth=present content-type=application/json accept=application/json, text/plain, */*
2025-11-14 23:55:09.300 [34mINFO [0;39m [c9293223-0a34-44a0-82e4-553e10508052] [http-nio-8081-exec-7] c.b.config.logging.HttpLoggingFilter - Request payload: {"name":"bookings_fetch_success","payload":{"source":"my_bookings","count":1},"timestamp":1763144709245}
2025-11-14 23:55:09.300 [34mINFO [0;39m [32b1bed2-5151-41af-abd8-e631e6e5d59e] [http-nio-8081-exec-2] c.b.config.logging.HttpLoggingFilter - GET /api/storefront/bookings -> 200 (15 ms)
2025-11-14 23:55:09.302 [34mINFO [0;39m [c9293223-0a34-44a0-82e4-553e10508052] [http-nio-8081-exec-7] c.b.config.logging.HttpLoggingFilter - Response payload: {"ok":true,"id":"evt_d5c8e6be-5041-4bb7-bea1-5233256d0593"}
2025-11-14 23:55:09.304 [34mINFO [0;39m [32b1bed2-5151-41af-abd8-e631e6e5d59e] [http-nio-8081-exec-2] c.b.config.logging.HttpLoggingFilter - Headers: auth=present content-type=null accept=application/json, text/plain, */*
2025-11-14 23:55:09.305 [34mINFO [0;39m [32b1bed2-5151-41af-abd8-e631e6e5d59e] [http-nio-8081-exec-2] c.b.config.logging.HttpLoggingFilter - Response payload: [{"id":"eed06a00-2239-4934-b10a-d5052adf846a","reference":"BK-eed06a00","status":"placed","total":1265.0,"totals":{"payable":1265.0},"type":"room_booking","booking":{"checkIn":"2025-11-14","checkOut":"2025-11-15","guests":4,"nights":1,"rooms":2,"perRoomMax":3,"extraMattressAllowed":false,"extraMattressCount":0,"mattressFeePerNight":0},"createdAt":"2025-11-14T18:21:01.659651Z","sellerResponseDeadline":"2025-11-14T18:36:01.659651Z","notes":""}]
2025-11-14 23:55:09.337 [34mINFO [0;39m [47994b7a-1d45-4ccc-b754-b4f2465dc235] [http-nio-8081-exec-8] com.bharatshop.web.EventController - Event ingested: id=evt_fb17f6a6-cc57-42cb-b433-e72fa3affffc name=bookings_fetch_success tenant=demo-store userId=84ee4658-da81-4267-b293-632fd1559c9c role=USER ip=127.0.0.1 ua=Mozilla/5.0 (Linux; Android 6.0; Nexus 5 Build/MRA58N) AppleWebKit/537.36 (KHTML, like Gecko) Chrome/142.0.0.0 Mobile Safari/537.36 ts=1763144709314 payloadPresent=true
2025-11-14 23:55:09.343 [34mINFO [0;39m [47994b7a-1d45-4ccc-b754-b4f2465dc235] [http-nio-8081-exec-8] c.b.config.logging.HttpLoggingFilter - POST /api/events -> 200 (12 ms)
2025-11-14 23:55:09.345 [34mINFO [0;39m [47994b7a-1d45-4ccc-b754-b4f2465dc235] [http-nio-8081-exec-8] c.b.config.logging.HttpLoggingFilter - Headers: auth=present content-type=application/json accept=application/json, text/plain, */*
2025-11-14 23:55:09.357 [34mINFO [0;39m [47994b7a-1d45-4ccc-b754-b4f2465dc235] [http-nio-8081-exec-8] c.b.config.logging.HttpLoggingFilter - Request payload: {"name":"bookings_fetch_success","payload":{"source":"my_bookings","count":1},"timestamp":1763144709314}
2025-11-14 23:55:09.367 [34mINFO [0;39m [47994b7a-1d45-4ccc-b754-b4f2465dc235] [http-nio-8081-exec-8] c.b.config.logging.HttpLoggingFilter - Response payload: {"ok":true,"id":"evt_fb17f6a6-cc57-42cb-b433-e72fa3affffc"}
2025-11-14 23:56:11.396 [34mINFO [0;39m [19b7e1b5-71f6-4c07-b21a-db0ff2303d62] [http-nio-8081-exec-10] com.bharatshop.web.AuthController - Profile requested: tokenPresent=true 
2025-11-14 23:56:11.396 [34mINFO [0;39m [d1b51320-fc1c-4fa0-9a6f-6e2b9b1380af] [http-nio-8081-exec-5] c.b.web.StorefrontCartController - Storefront get cart: tenant=demo-store userId=84ee4658-da81-4267-b293-632fd1559c9c 
2025-11-14 23:56:11.396 [34mINFO [0;39m [d1b51320-fc1c-4fa0-9a6f-6e2b9b1380af] [http-nio-8081-exec-5] c.b.config.logging.HttpLoggingFilter - GET /api/storefront/cart -> 200 (2 ms)
2025-11-14 23:56:11.396 [34mINFO [0;39m [d1b51320-fc1c-4fa0-9a6f-6e2b9b1380af] [http-nio-8081-exec-5] c.b.config.logging.HttpLoggingFilter - Headers: auth=present content-type=null accept=application/json, text/plain, */*
2025-11-14 23:56:11.396 [34mINFO [0;39m [d1b51320-fc1c-4fa0-9a6f-6e2b9b1380af] [http-nio-8081-exec-5] c.b.config.logging.HttpLoggingFilter - Response payload: {"totals":{"subtotal":0.0,"itemsCount":0},"items":[]}
2025-11-14 23:56:11.399 [34mINFO [0;39m [19b7e1b5-71f6-4c07-b21a-db0ff2303d62] [http-nio-8081-exec-10] com.bharatshop.web.AuthController - Profile success: userId=84ee4658-da81-4267-b293-632fd1559c9c
2025-11-14 23:56:11.401 [34mINFO [0;39m [19b7e1b5-71f6-4c07-b21a-db0ff2303d62] [http-nio-8081-exec-10] c.b.config.logging.HttpLoggingFilter - GET /api/storefront/auth/profile -> 200 (7 ms)
2025-11-14 23:56:11.403 [34mINFO [0;39m [19b7e1b5-71f6-4c07-b21a-db0ff2303d62] [http-nio-8081-exec-10] c.b.config.logging.HttpLoggingFilter - Headers: auth=present content-type=null accept=application/json, text/plain, */*
2025-11-14 23:56:11.403 [34mINFO [0;39m [19b7e1b5-71f6-4c07-b21a-db0ff2303d62] [http-nio-8081-exec-10] c.b.config.logging.HttpLoggingFilter - Response payload: {"id":"84ee4658-da81-4267-b293-632fd1559c9c","name":"User0178","phone":"+917355460178","role":"USER"}
2025-11-14 23:56:11.419 [34mINFO [0;39m [d41629fa-cf86-439a-b4d6-7cbc6bd73a6a] [http-nio-8081-exec-9] com.bharatshop.web.AuthController - Profile requested: tokenPresent=true 
2025-11-14 23:56:11.421 [34mINFO [0;39m [26ed738a-378e-4e90-a922-aa3c6897aeca] [http-nio-8081-exec-3] c.b.web.StorefrontCartController - Storefront get cart: tenant=demo-store userId=84ee4658-da81-4267-b293-632fd1559c9c 
2025-11-14 23:56:11.425 [34mINFO [0;39m [d41629fa-cf86-439a-b4d6-7cbc6bd73a6a] [http-nio-8081-exec-9] com.bharatshop.web.AuthController - Profile success: userId=84ee4658-da81-4267-b293-632fd1559c9c
2025-11-14 23:56:11.425 [34mINFO [0;39m [26ed738a-378e-4e90-a922-aa3c6897aeca] [http-nio-8081-exec-3] c.b.config.logging.HttpLoggingFilter - GET /api/storefront/cart -> 200 (17 ms)
2025-11-14 23:56:11.427 [34mINFO [0;39m [26ed738a-378e-4e90-a922-aa3c6897aeca] [http-nio-8081-exec-3] c.b.config.logging.HttpLoggingFilter - Headers: auth=present content-type=null accept=application/json, text/plain, */*
2025-11-14 23:56:11.427 [34mINFO [0;39m [26ed738a-378e-4e90-a922-aa3c6897aeca] [http-nio-8081-exec-3] c.b.config.logging.HttpLoggingFilter - Response payload: {"totals":{"subtotal":0.0,"itemsCount":0},"items":[]}
2025-11-14 23:56:11.429 [34mINFO [0;39m [d41629fa-cf86-439a-b4d6-7cbc6bd73a6a] [http-nio-8081-exec-9] c.b.config.logging.HttpLoggingFilter - GET /api/storefront/auth/profile -> 200 (12 ms)
2025-11-14 23:56:11.429 [34mINFO [0;39m [d41629fa-cf86-439a-b4d6-7cbc6bd73a6a] [http-nio-8081-exec-9] c.b.config.logging.HttpLoggingFilter - Headers: auth=present content-type=null accept=application/json, text/plain, */*
2025-11-14 23:56:11.429 [34mINFO [0;39m [d41629fa-cf86-439a-b4d6-7cbc6bd73a6a] [http-nio-8081-exec-9] c.b.config.logging.HttpLoggingFilter - Response payload: {"id":"84ee4658-da81-4267-b293-632fd1559c9c","name":"User0178","phone":"+917355460178","role":"USER"}
2025-11-14 23:56:11.495 [34mINFO [0;39m [1c1f756a-7742-4346-a41d-555e4bc98f10] [http-nio-8081-exec-4] com.bharatshop.web.EventController - Event ingested: id=evt_4255d700-f030-4980-b9fa-c3e18f8a0868 name=page_view tenant=demo-store userId=84ee4658-da81-4267-b293-632fd1559c9c role=USER ip=127.0.0.1 ua=Mozilla/5.0 (Linux; Android 6.0; Nexus 5 Build/MRA58N) AppleWebKit/537.36 (KHTML, like Gecko) Chrome/142.0.0.0 Mobile Safari/537.36 ts=1763144771480 payloadPresent=true
2025-11-14 23:56:11.497 [34mINFO [0;39m [fbfb2330-99fd-4585-98b6-e59a71280fa5] [http-nio-8081-exec-6] com.bharatshop.web.EventController - Event ingested: id=evt_e87ccd40-57ce-4bc4-8827-b88ff1048716 name=bookings_fetch_start tenant=demo-store userId=84ee4658-da81-4267-b293-632fd1559c9c role=USER ip=127.0.0.1 ua=Mozilla/5.0 (Linux; Android 6.0; Nexus 5 Build/MRA58N) AppleWebKit/537.36 (KHTML, like Gecko) Chrome/142.0.0.0 Mobile Safari/537.36 ts=1763144771480 payloadPresent=true
2025-11-14 23:56:11.499 [34mINFO [0;39m [1c1f756a-7742-4346-a41d-555e4bc98f10] [http-nio-8081-exec-4] c.b.config.logging.HttpLoggingFilter - POST /api/events -> 200 (7 ms)
2025-11-14 23:56:11.500 [34mINFO [0;39m [1c1f756a-7742-4346-a41d-555e4bc98f10] [http-nio-8081-exec-4] c.b.config.logging.HttpLoggingFilter - Headers: auth=present content-type=application/json accept=application/json, text/plain, */*
2025-11-14 23:56:11.500 [34mINFO [0;39m [3fa4402d-9a9c-4f36-85ac-a47b3418a50c] [http-nio-8081-exec-1] com.bharatshop.web.EventController - Event ingested: id=evt_ee5552e6-ec88-4081-b955-8a4da403300d name=page_view tenant=demo-store userId=84ee4658-da81-4267-b293-632fd1559c9c role=USER ip=127.0.0.1 ua=Mozilla/5.0 (Linux; Android 6.0; Nexus 5 Build/MRA58N) AppleWebKit/537.36 (KHTML, like Gecko) Chrome/142.0.0.0 Mobile Safari/537.36 ts=1763144771481 payloadPresent=true
2025-11-14 23:56:11.500 [34mINFO [0;39m [1c1f756a-7742-4346-a41d-555e4bc98f10] [http-nio-8081-exec-4] c.b.config.logging.HttpLoggingFilter - Request payload: {"name":"page_view","payload":{"page":"/bookings","title":"MyBookings"},"timestamp":1763144771480}
2025-11-14 23:56:11.502 [34mINFO [0;39m [fbfb2330-99fd-4585-98b6-e59a71280fa5] [http-nio-8081-exec-6] c.b.config.logging.HttpLoggingFilter - POST /api/events -> 200 (7 ms)
2025-11-14 23:56:11.504 [34mINFO [0;39m [fbfb2330-99fd-4585-98b6-e59a71280fa5] [http-nio-8081-exec-6] c.b.config.logging.HttpLoggingFilter - Headers: auth=present content-type=application/json accept=application/json, text/plain, */*
2025-11-14 23:56:11.504 [34mINFO [0;39m [fbfb2330-99fd-4585-98b6-e59a71280fa5] [http-nio-8081-exec-6] c.b.config.logging.HttpLoggingFilter - Request payload: {"name":"bookings_fetch_start","payload":{"source":"my_bookings","userId":"84ee4658-da81-4267-b293-632fd1559c9c"},"timestamp":1763144771480}
2025-11-14 23:56:11.504 [34mINFO [0;39m [fbfb2330-99fd-4585-98b6-e59a71280fa5] [http-nio-8081-exec-6] c.b.config.logging.HttpLoggingFilter - Response payload: {"ok":true,"id":"evt_e87ccd40-57ce-4bc4-8827-b88ff1048716"}
2025-11-14 23:56:11.502 [34mINFO [0;39m [3fa4402d-9a9c-4f36-85ac-a47b3418a50c] [http-nio-8081-exec-1] c.b.config.logging.HttpLoggingFilter - POST /api/events -> 200 (7 ms)
2025-11-14 23:56:11.502 [34mINFO [0;39m [1c1f756a-7742-4346-a41d-555e4bc98f10] [http-nio-8081-exec-4] c.b.config.logging.HttpLoggingFilter - Response payload: {"ok":true,"id":"evt_4255d700-f030-4980-b9fa-c3e18f8a0868"}
2025-11-14 23:56:11.507 [34mINFO [0;39m [3fa4402d-9a9c-4f36-85ac-a47b3418a50c] [http-nio-8081-exec-1] c.b.config.logging.HttpLoggingFilter - Headers: auth=present content-type=application/json accept=application/json, text/plain, */*
2025-11-14 23:56:11.507 [34mINFO [0;39m [3fa4402d-9a9c-4f36-85ac-a47b3418a50c] [http-nio-8081-exec-1] c.b.config.logging.HttpLoggingFilter - Request payload: {"name":"page_view","payload":{"page":"/bookings","title":"MyBookings"},"timestamp":1763144771481}
2025-11-14 23:56:11.509 [34mINFO [0;39m [3fa4402d-9a9c-4f36-85ac-a47b3418a50c] [http-nio-8081-exec-1] c.b.config.logging.HttpLoggingFilter - Response payload: {"ok":true,"id":"evt_ee5552e6-ec88-4081-b955-8a4da403300d"}
2025-11-14 23:56:11.511 [34mINFO [0;39m [094a7956-1608-4dd7-9c48-faeda73e2446] [http-nio-8081-exec-2] com.bharatshop.web.OrdersController - List bookings: tenant=demo-store userId=84ee4658-da81-4267-b293-632fd1559c9c
2025-11-14 23:56:11.507 [34mINFO [0;39m [3cac1bc4-b94d-4c88-8e8d-9aac73b7e115] [http-nio-8081-exec-7] com.bharatshop.web.EventController - Event ingested: id=evt_54ff9073-93bd-41ce-b720-eff69336112d name=bookings_fetch_start tenant=demo-store userId=84ee4658-da81-4267-b293-632fd1559c9c role=USER ip=127.0.0.1 ua=Mozilla/5.0 (Linux; Android 6.0; Nexus 5 Build/MRA58N) AppleWebKit/537.36 (KHTML, like Gecko) Chrome/142.0.0.0 Mobile Safari/537.36 ts=1763144771481 payloadPresent=true
2025-11-14 23:56:11.522 [34mINFO [0;39m [3cac1bc4-b94d-4c88-8e8d-9aac73b7e115] [http-nio-8081-exec-7] c.b.config.logging.HttpLoggingFilter - POST /api/events -> 200 (18 ms)
2025-11-14 23:56:11.524 [34mINFO [0;39m [3cac1bc4-b94d-4c88-8e8d-9aac73b7e115] [http-nio-8081-exec-7] c.b.config.logging.HttpLoggingFilter - Headers: auth=present content-type=application/json accept=application/json, text/plain, */*
2025-11-14 23:56:11.524 [34mINFO [0;39m [3cac1bc4-b94d-4c88-8e8d-9aac73b7e115] [http-nio-8081-exec-7] c.b.config.logging.HttpLoggingFilter - Request payload: {"name":"bookings_fetch_start","payload":{"source":"my_bookings","userId":"84ee4658-da81-4267-b293-632fd1559c9c"},"timestamp":1763144771481}
2025-11-14 23:56:11.524 [34mINFO [0;39m [3cac1bc4-b94d-4c88-8e8d-9aac73b7e115] [http-nio-8081-exec-7] c.b.config.logging.HttpLoggingFilter - Response payload: {"ok":true,"id":"evt_54ff9073-93bd-41ce-b720-eff69336112d"}
2025-11-14 23:56:11.528 [34mINFO [0;39m [094a7956-1608-4dd7-9c48-faeda73e2446] [http-nio-8081-exec-2] c.b.config.logging.HttpLoggingFilter - GET /api/storefront/bookings -> 200 (17 ms)
2025-11-14 23:56:11.528 [34mINFO [0;39m [094a7956-1608-4dd7-9c48-faeda73e2446] [http-nio-8081-exec-2] c.b.config.logging.HttpLoggingFilter - Headers: auth=present content-type=null accept=application/json, text/plain, */*
2025-11-14 23:56:11.528 [34mINFO [0;39m [094a7956-1608-4dd7-9c48-faeda73e2446] [http-nio-8081-exec-2] c.b.config.logging.HttpLoggingFilter - Response payload: [{"id":"eed06a00-2239-4934-b10a-d5052adf846a","reference":"BK-eed06a00","status":"placed","total":1265.0,"totals":{"payable":1265.0},"type":"room_booking","booking":{"checkIn":"2025-11-14","checkOut":"2025-11-15","guests":4,"nights":1,"rooms":2,"perRoomMax":3,"extraMattressAllowed":false,"extraMattressCount":0,"mattressFeePerNight":0},"createdAt":"2025-11-14T18:21:01.659651Z","sellerResponseDeadline":"2025-11-14T18:36:01.659651Z","notes":""}]
2025-11-14 23:56:11.540 [34mINFO [0;39m [1541b96e-d549-4720-b797-7db5e08c54b3] [http-nio-8081-exec-8] com.bharatshop.web.OrdersController - List bookings: tenant=demo-store userId=84ee4658-da81-4267-b293-632fd1559c9c
2025-11-14 23:56:11.545 [34mINFO [0;39m [4958f15c-f9e8-4e9a-af2b-fa8ab443c90f] [http-nio-8081-exec-5] com.bharatshop.web.EventController - Event ingested: id=evt_22ce12b8-ca84-4947-9b90-41d2b62012e7 name=bookings_fetch_success tenant=demo-store userId=84ee4658-da81-4267-b293-632fd1559c9c role=USER ip=127.0.0.1 ua=Mozilla/5.0 (Linux; Android 6.0; Nexus 5 Build/MRA58N) AppleWebKit/537.36 (KHTML, like Gecko) Chrome/142.0.0.0 Mobile Safari/537.36 ts=1763144771535 payloadPresent=true
2025-11-14 23:56:11.545 [34mINFO [0;39m [4958f15c-f9e8-4e9a-af2b-fa8ab443c90f] [http-nio-8081-exec-5] c.b.config.logging.HttpLoggingFilter - POST /api/events -> 200 (5 ms)
2025-11-14 23:56:11.545 [34mINFO [0;39m [4958f15c-f9e8-4e9a-af2b-fa8ab443c90f] [http-nio-8081-exec-5] c.b.config.logging.HttpLoggingFilter - Headers: auth=present content-type=application/json accept=application/json, text/plain, */*
2025-11-14 23:56:11.545 [34mINFO [0;39m [1541b96e-d549-4720-b797-7db5e08c54b3] [http-nio-8081-exec-8] c.b.config.logging.HttpLoggingFilter - GET /api/storefront/bookings -> 200 (5 ms)
2025-11-14 23:56:11.545 [34mINFO [0;39m [4958f15c-f9e8-4e9a-af2b-fa8ab443c90f] [http-nio-8081-exec-5] c.b.config.logging.HttpLoggingFilter - Request payload: {"name":"bookings_fetch_success","payload":{"source":"my_bookings","count":1},"timestamp":1763144771535}
2025-11-14 23:56:11.545 [34mINFO [0;39m [1541b96e-d549-4720-b797-7db5e08c54b3] [http-nio-8081-exec-8] c.b.config.logging.HttpLoggingFilter - Headers: auth=present content-type=null accept=application/json, text/plain, */*
2025-11-14 23:56:11.545 [34mINFO [0;39m [4958f15c-f9e8-4e9a-af2b-fa8ab443c90f] [http-nio-8081-exec-5] c.b.config.logging.HttpLoggingFilter - Response payload: {"ok":true,"id":"evt_22ce12b8-ca84-4947-9b90-41d2b62012e7"}
2025-11-14 23:56:11.545 [34mINFO [0;39m [1541b96e-d549-4720-b797-7db5e08c54b3] [http-nio-8081-exec-8] c.b.config.logging.HttpLoggingFilter - Response payload: [{"id":"eed06a00-2239-4934-b10a-d5052adf846a","reference":"BK-eed06a00","status":"placed","total":1265.0,"totals":{"payable":1265.0},"type":"room_booking","booking":{"checkIn":"2025-11-14","checkOut":"2025-11-15","guests":4,"nights":1,"rooms":2,"perRoomMax":3,"extraMattressAllowed":false,"extraMattressCount":0,"mattressFeePerNight":0},"createdAt":"2025-11-14T18:21:01.659651Z","sellerResponseDeadline":"2025-11-14T18:36:01.659651Z","notes":""}]
2025-11-14 23:56:11.579 [34mINFO [0;39m [e7d965e2-60ee-42f7-bbb2-cfe5ef5fd0dc] [http-nio-8081-exec-10] com.bharatshop.web.EventController - Event ingested: id=evt_658c54d8-5eb0-49fe-bd5a-c8b8e1288ddf name=bookings_fetch_success tenant=demo-store userId=84ee4658-da81-4267-b293-632fd1559c9c role=USER ip=127.0.0.1 ua=Mozilla/5.0 (Linux; Android 6.0; Nexus 5 Build/MRA58N) AppleWebKit/537.36 (KHTML, like Gecko) Chrome/142.0.0.0 Mobile Safari/537.36 ts=1763144771571 payloadPresent=true
2025-11-14 23:56:11.579 [34mINFO [0;39m [e7d965e2-60ee-42f7-bbb2-cfe5ef5fd0dc] [http-nio-8081-exec-10] c.b.config.logging.HttpLoggingFilter - POST /api/events -> 200 (3 ms)
2025-11-14 23:56:11.581 [34mINFO [0;39m [e7d965e2-60ee-42f7-bbb2-cfe5ef5fd0dc] [http-nio-8081-exec-10] c.b.config.logging.HttpLoggingFilter - Headers: auth=present content-type=application/json accept=application/json, text/plain, */*
2025-11-14 23:56:11.582 [34mINFO [0;39m [e7d965e2-60ee-42f7-bbb2-cfe5ef5fd0dc] [http-nio-8081-exec-10] c.b.config.logging.HttpLoggingFilter - Request payload: {"name":"bookings_fetch_success","payload":{"source":"my_bookings","count":1},"timestamp":1763144771571}
2025-11-14 23:56:11.582 [34mINFO [0;39m [e7d965e2-60ee-42f7-bbb2-cfe5ef5fd0dc] [http-nio-8081-exec-10] c.b.config.logging.HttpLoggingFilter - Response payload: {"ok":true,"id":"evt_658c54d8-5eb0-49fe-bd5a-c8b8e1288ddf"}
2025-11-14 23:56:16.009 [34mINFO [0;39m [ecaabf26-fbb6-4989-85ea-5ef4066d3a24] [http-nio-8081-exec-3] c.b.config.logging.HttpLoggingFilter - GET /store/2ea64322-5b66-4e9c-81c4-1f22a79250dd?ide_webview_request_time=1763057710264 -> 404 (15 ms)
2025-11-14 23:56:16.010 [34mINFO [0;39m [ecaabf26-fbb6-4989-85ea-5ef4066d3a24] [http-nio-8081-exec-3] c.b.config.logging.HttpLoggingFilter - Headers: auth=absent content-type=null accept=text/html,application/xhtml+xml,application/xml;q=0.9,image/avif,image/webp,image/apng,*/*;q=0.8,application/signed-exchange;v=b3;q=0.7
2025-11-14 23:56:16.059 [34mINFO [0;39m [e2ae4dfb-0eb2-4bc8-9b36-96a2bc30287a] [http-nio-8081-exec-9] c.b.config.logging.HttpLoggingFilter - GET /store/2ea64322-5b66-4e9c-81c4-1f22a79250dd?ide_webview_request_time=1763057710264 -> 404 (4 ms)
2025-11-14 23:56:16.059 [34mINFO [0;39m [e2ae4dfb-0eb2-4bc8-9b36-96a2bc30287a] [http-nio-8081-exec-9] c.b.config.logging.HttpLoggingFilter - Headers: auth=absent content-type=null accept=text/html,application/xhtml+xml,application/xml;q=0.9,image/avif,image/webp,image/apng,*/*;q=0.8,application/signed-exchange;v=b3;q=0.7
2025-11-14 23:56:19.173 [34mINFO [0;39m [8c2eb17d-3d08-400d-8d1f-e64296bfdc04] [http-nio-8081-exec-6] com.bharatshop.web.EventController - Event ingested: id=evt_04b0b31b-526d-4352-9d0f-35024193d971 name=nav_click tenant=demo-store userId=84ee4658-da81-4267-b293-632fd1559c9c role=USER ip=127.0.0.1 ua=Mozilla/5.0 (Linux; Android 6.0; Nexus 5 Build/MRA58N) AppleWebKit/537.36 (KHTML, like Gecko) Chrome/142.0.0.0 Mobile Safari/537.36 ts=1763144779152 payloadPresent=true
2025-11-14 23:56:19.173 [34mINFO [0;39m [8c2eb17d-3d08-400d-8d1f-e64296bfdc04] [http-nio-8081-exec-6] c.b.config.logging.HttpLoggingFilter - POST /api/events -> 200 (2 ms)
2025-11-14 23:56:19.175 [34mINFO [0;39m [8c2eb17d-3d08-400d-8d1f-e64296bfdc04] [http-nio-8081-exec-6] c.b.config.logging.HttpLoggingFilter - Headers: auth=present content-type=application/json accept=application/json, text/plain, */*
2025-11-14 23:56:19.175 [34mINFO [0;39m [8c2eb17d-3d08-400d-8d1f-e64296bfdc04] [http-nio-8081-exec-6] c.b.config.logging.HttpLoggingFilter - Request payload: {"name":"nav_click","payload":{"target":"/bookings","context":"mobile_nav"},"timestamp":1763144779152}
2025-11-14 23:56:19.175 [34mINFO [0;39m [8c2eb17d-3d08-400d-8d1f-e64296bfdc04] [http-nio-8081-exec-6] c.b.config.logging.HttpLoggingFilter - Response payload: {"ok":true,"id":"evt_04b0b31b-526d-4352-9d0f-35024193d971"}
2025-11-14 23:56:21.553 [34mINFO [0;39m [8672dcc8-aa76-4917-abfa-6af423fa030a] [http-nio-8081-exec-4] com.bharatshop.web.EventController - Event ingested: id=evt_f9b3a618-b08b-4a87-9a91-be6fa86b7b4e name=nav_click tenant=demo-store userId=84ee4658-da81-4267-b293-632fd1559c9c role=USER ip=127.0.0.1 ua=Mozilla/5.0 (Linux; Android 6.0; Nexus 5 Build/MRA58N) AppleWebKit/537.36 (KHTML, like Gecko) Chrome/142.0.0.0 Mobile Safari/537.36 ts=1763144781519 payloadPresent=true
2025-11-14 23:56:21.555 [34mINFO [0;39m [8672dcc8-aa76-4917-abfa-6af423fa030a] [http-nio-8081-exec-4] c.b.config.logging.HttpLoggingFilter - POST /api/events -> 200 (4 ms)
2025-11-14 23:56:21.557 [34mINFO [0;39m [8672dcc8-aa76-4917-abfa-6af423fa030a] [http-nio-8081-exec-4] c.b.config.logging.HttpLoggingFilter - Headers: auth=present content-type=application/json accept=application/json, text/plain, */*
2025-11-14 23:56:21.557 [34mINFO [0;39m [8672dcc8-aa76-4917-abfa-6af423fa030a] [http-nio-8081-exec-4] c.b.config.logging.HttpLoggingFilter - Request payload: {"name":"nav_click","payload":{"target":"/bookings","context":"mobile_nav"},"timestamp":1763144781519}
2025-11-14 23:56:21.557 [34mINFO [0;39m [8672dcc8-aa76-4917-abfa-6af423fa030a] [http-nio-8081-exec-4] c.b.config.logging.HttpLoggingFilter - Response payload: {"ok":true,"id":"evt_f9b3a618-b08b-4a87-9a91-be6fa86b7b4e"}
2025-11-14 23:56:22.562 [34mINFO [0;39m [e1e9eecf-13a0-4009-9ac3-b7c393dc0f48] [http-nio-8081-exec-1] com.bharatshop.web.EventController - Event ingested: id=evt_0f692d9b-9635-4fab-a0f0-15835ef6d5e7 name=nav_click tenant=demo-store userId=84ee4658-da81-4267-b293-632fd1559c9c role=USER ip=127.0.0.1 ua=Mozilla/5.0 (Linux; Android 6.0; Nexus 5 Build/MRA58N) AppleWebKit/537.36 (KHTML, like Gecko) Chrome/142.0.0.0 Mobile Safari/537.36 ts=1763144782531 payloadPresent=true
2025-11-14 23:56:22.582 [34mINFO [0;39m [e1e9eecf-13a0-4009-9ac3-b7c393dc0f48] [http-nio-8081-exec-1] c.b.config.logging.HttpLoggingFilter - POST /api/events -> 200 (22 ms)
2025-11-14 23:56:22.590 [34mINFO [0;39m [e1e9eecf-13a0-4009-9ac3-b7c393dc0f48] [http-nio-8081-exec-1] c.b.config.logging.HttpLoggingFilter - Headers: auth=present content-type=application/json accept=application/json, text/plain, */*
2025-11-14 23:56:22.594 [34mINFO [0;39m [e1e9eecf-13a0-4009-9ac3-b7c393dc0f48] [http-nio-8081-exec-1] c.b.config.logging.HttpLoggingFilter - Request payload: {"name":"nav_click","payload":{"target":"/bookings","context":"mobile_nav"},"timestamp":1763144782531}
2025-11-14 23:56:22.594 [34mINFO [0;39m [e1e9eecf-13a0-4009-9ac3-b7c393dc0f48] [http-nio-8081-exec-1] c.b.config.logging.HttpLoggingFilter - Response payload: {"ok":true,"id":"evt_0f692d9b-9635-4fab-a0f0-15835ef6d5e7"}
2025-11-14 23:56:23.647 [34mINFO [0;39m [41a34667-49c6-422e-b0f1-b274eba69a19] [http-nio-8081-exec-7] com.bharatshop.web.EventController - Event ingested: id=evt_b016cd92-36a3-407a-9a7a-be26a15389a5 name=nav_click tenant=demo-store userId=84ee4658-da81-4267-b293-632fd1559c9c role=USER ip=127.0.0.1 ua=Mozilla/5.0 (Linux; Android 6.0; Nexus 5 Build/MRA58N) AppleWebKit/537.36 (KHTML, like Gecko) Chrome/142.0.0.0 Mobile Safari/537.36 ts=1763144783541 payloadPresent=true
2025-11-14 23:56:23.651 [34mINFO [0;39m [41a34667-49c6-422e-b0f1-b274eba69a19] [http-nio-8081-exec-7] c.b.config.logging.HttpLoggingFilter - POST /api/events -> 200 (6 ms)
2025-11-14 23:56:23.652 [34mINFO [0;39m [41a34667-49c6-422e-b0f1-b274eba69a19] [http-nio-8081-exec-7] c.b.config.logging.HttpLoggingFilter - Headers: auth=present content-type=application/json accept=application/json, text/plain, */*
2025-11-14 23:56:23.652 [34mINFO [0;39m [41a34667-49c6-422e-b0f1-b274eba69a19] [http-nio-8081-exec-7] c.b.config.logging.HttpLoggingFilter - Request payload: {"name":"nav_click","payload":{"target":"/bookings","context":"mobile_nav"},"timestamp":1763144783541}
2025-11-14 23:56:23.652 [34mINFO [0;39m [41a34667-49c6-422e-b0f1-b274eba69a19] [http-nio-8081-exec-7] c.b.config.logging.HttpLoggingFilter - Response payload: {"ok":true,"id":"evt_b016cd92-36a3-407a-9a7a-be26a15389a5"}
2025-11-14 23:56:35.780 [34mINFO [0;39m [73ea1190-bcab-49da-a884-743c2ab92b5b] [http-nio-8081-exec-2] com.bharatshop.web.EventController - Event ingested: id=evt_1f10e610-1b15-4cff-84b8-bbdd12a8a552 name=nav_click tenant=demo-store userId=84ee4658-da81-4267-b293-632fd1559c9c role=USER ip=127.0.0.1 ua=Mozilla/5.0 (Linux; Android 6.0; Nexus 5 Build/MRA58N) AppleWebKit/537.36 (KHTML, like Gecko) Chrome/142.0.0.0 Mobile Safari/537.36 ts=1763144795756 payloadPresent=true
2025-11-14 23:56:35.782 [34mINFO [0;39m [73ea1190-bcab-49da-a884-743c2ab92b5b] [http-nio-8081-exec-2] c.b.config.logging.HttpLoggingFilter - POST /api/events -> 200 (4 ms)
2025-11-14 23:56:35.784 [34mINFO [0;39m [73ea1190-bcab-49da-a884-743c2ab92b5b] [http-nio-8081-exec-2] c.b.config.logging.HttpLoggingFilter - Headers: auth=present content-type=application/json accept=application/json, text/plain, */*
2025-11-14 23:56:35.784 [34mINFO [0;39m [73ea1190-bcab-49da-a884-743c2ab92b5b] [http-nio-8081-exec-2] c.b.config.logging.HttpLoggingFilter - Request payload: {"name":"nav_click","payload":{"target":"/bookings","context":"mobile_nav"},"timestamp":1763144795756}
2025-11-14 23:56:35.784 [34mINFO [0;39m [73ea1190-bcab-49da-a884-743c2ab92b5b] [http-nio-8081-exec-2] c.b.config.logging.HttpLoggingFilter - Response payload: {"ok":true,"id":"evt_1f10e610-1b15-4cff-84b8-bbdd12a8a552"}
2025-11-14 23:56:43.409 [34mINFO [0;39m [6fce0ae6-f6f0-4ce9-93f0-8b43112e12f0] [http-nio-8081-exec-5] c.b.web.StoreDiscoveryController - Discover stores: tenant=demo-store search=null category=Hospitality
2025-11-14 23:56:43.413 [34mINFO [0;39m [6fce0ae6-f6f0-4ce9-93f0-8b43112e12f0] [http-nio-8081-exec-5] c.b.config.logging.HttpLoggingFilter - GET /api/stores?category=Hospitality&city=Balrampur&lat=27.4235392&lon=82.1854208&lng=82.1854208 -> 200 (4 ms)
2025-11-14 23:56:43.413 [34mINFO [0;39m [6fce0ae6-f6f0-4ce9-93f0-8b43112e12f0] [http-nio-8081-exec-5] c.b.config.logging.HttpLoggingFilter - Headers: auth=present content-type=null accept=application/json, text/plain, */*
2025-11-14 23:56:43.413 [34mINFO [0;39m [6fce0ae6-f6f0-4ce9-93f0-8b43112e12f0] [http-nio-8081-exec-5] c.b.config.logging.HttpLoggingFilter - Response payload: [{"id":"9a1c2c30-c0aa-4495-bf49-cfb8dad8dd7d","name":"Sunrise Hotel","area":"Beach","category":"hospitality","status":"open","orderingDisabled":false,"updatedAt":"2025-11-14T18:09:22.038306Z"}]
2025-11-14 23:56:47.055 [34mINFO [0;39m [e2f33f31-afe2-467a-8dc9-83c262936b47] [http-nio-8081-exec-8] com.bharatshop.web.EventController - Event ingested: id=evt_59082b1f-1a45-43ef-b7af-5836a602e591 name=nav_click tenant=demo-store userId=84ee4658-da81-4267-b293-632fd1559c9c role=USER ip=127.0.0.1 ua=Mozilla/5.0 (Linux; Android 6.0; Nexus 5 Build/MRA58N) AppleWebKit/537.36 (KHTML, like Gecko) Chrome/142.0.0.0 Mobile Safari/537.36 ts=1763144807021 payloadPresent=true
2025-11-14 23:56:47.067 [34mINFO [0;39m [1202a05b-cfd7-47c4-836e-5bc2af96ceb2] [http-nio-8081-exec-3] com.bharatshop.web.EventController - Event ingested: id=evt_bd2a7b85-0114-497c-9641-23d6723c9ba0 name=bookings_fetch_start tenant=demo-store userId=84ee4658-da81-4267-b293-632fd1559c9c role=USER ip=127.0.0.1 ua=Mozilla/5.0 (Linux; Android 6.0; Nexus 5 Build/MRA58N) AppleWebKit/537.36 (KHTML, like Gecko) Chrome/142.0.0.0 Mobile Safari/537.36 ts=1763144807034 payloadPresent=true
2025-11-14 23:56:47.069 [34mINFO [0;39m [e1f83fd1-e680-400b-b9cf-f5ec16c59afb] [http-nio-8081-exec-10] com.bharatshop.web.EventController - Event ingested: id=evt_07e3e22d-a26e-40b4-ad0a-dad0b76ae99e name=bookings_fetch_start tenant=demo-store userId=84ee4658-da81-4267-b293-632fd1559c9c role=USER ip=127.0.0.1 ua=Mozilla/5.0 (Linux; Android 6.0; Nexus 5 Build/MRA58N) AppleWebKit/537.36 (KHTML, like Gecko) Chrome/142.0.0.0 Mobile Safari/537.36 ts=1763144807031 payloadPresent=true
2025-11-14 23:56:47.082 [34mINFO [0;39m [1202a05b-cfd7-47c4-836e-5bc2af96ceb2] [http-nio-8081-exec-3] c.b.config.logging.HttpLoggingFilter - POST /api/events -> 200 (17 ms)
2025-11-14 23:56:47.069 [34mINFO [0;39m [2c552acb-0736-45b3-93c8-17a6f4d2dbf0] [http-nio-8081-exec-9] com.bharatshop.web.EventController - Event ingested: id=evt_1b5829b5-7b6a-477f-9919-b10378deb657 name=page_view tenant=demo-store userId=84ee4658-da81-4267-b293-632fd1559c9c role=USER ip=127.0.0.1 ua=Mozilla/5.0 (Linux; Android 6.0; Nexus 5 Build/MRA58N) AppleWebKit/537.36 (KHTML, like Gecko) Chrome/142.0.0.0 Mobile Safari/537.36 ts=1763144807031 payloadPresent=true
2025-11-14 23:56:47.069 [34mINFO [0;39m [148bccb2-e928-4ac1-9adf-3220eb1e9fe2] [http-nio-8081-exec-6] com.bharatshop.web.EventController - Event ingested: id=evt_0530511d-44c5-482f-8f11-243995535124 name=page_view tenant=demo-store userId=84ee4658-da81-4267-b293-632fd1559c9c role=USER ip=127.0.0.1 ua=Mozilla/5.0 (Linux; Android 6.0; Nexus 5 Build/MRA58N) AppleWebKit/537.36 (KHTML, like Gecko) Chrome/142.0.0.0 Mobile Safari/537.36 ts=1763144807034 payloadPresent=true
2025-11-14 23:56:47.082 [34mINFO [0;39m [e1f83fd1-e680-400b-b9cf-f5ec16c59afb] [http-nio-8081-exec-10] c.b.config.logging.HttpLoggingFilter - POST /api/events -> 200 (17 ms)
2025-11-14 23:56:47.086 [34mINFO [0;39m [e1f83fd1-e680-400b-b9cf-f5ec16c59afb] [http-nio-8081-exec-10] c.b.config.logging.HttpLoggingFilter - Headers: auth=present content-type=application/json accept=application/json, text/plain, */*
2025-11-14 23:56:47.084 [34mINFO [0;39m [1202a05b-cfd7-47c4-836e-5bc2af96ceb2] [http-nio-8081-exec-3] c.b.config.logging.HttpLoggingFilter - Headers: auth=present content-type=application/json accept=application/json, text/plain, */*
2025-11-14 23:56:47.086 [34mINFO [0;39m [2c552acb-0736-45b3-93c8-17a6f4d2dbf0] [http-nio-8081-exec-9] c.b.config.logging.HttpLoggingFilter - POST /api/events -> 200 (19 ms)
2025-11-14 23:56:47.086 [34mINFO [0;39m [148bccb2-e928-4ac1-9adf-3220eb1e9fe2] [http-nio-8081-exec-6] c.b.config.logging.HttpLoggingFilter - POST /api/events -> 200 (19 ms)
2025-11-14 23:56:47.090 [34mINFO [0;39m [e1f83fd1-e680-400b-b9cf-f5ec16c59afb] [http-nio-8081-exec-10] c.b.config.logging.HttpLoggingFilter - Request payload: {"name":"bookings_fetch_start","payload":{"source":"my_bookings","userId":"84ee4658-da81-4267-b293-632fd1559c9c"},"timestamp":1763144807031}
2025-11-14 23:56:47.094 [34mINFO [0;39m [1202a05b-cfd7-47c4-836e-5bc2af96ceb2] [http-nio-8081-exec-3] c.b.config.logging.HttpLoggingFilter - Request payload: {"name":"bookings_fetch_start","payload":{"source":"my_bookings","userId":"84ee4658-da81-4267-b293-632fd1559c9c"},"timestamp":1763144807034}
2025-11-14 23:56:47.096 [34mINFO [0;39m [1202a05b-cfd7-47c4-836e-5bc2af96ceb2] [http-nio-8081-exec-3] c.b.config.logging.HttpLoggingFilter - Response payload: {"ok":true,"id":"evt_bd2a7b85-0114-497c-9641-23d6723c9ba0"}
2025-11-14 23:56:47.094 [34mINFO [0;39m [2c552acb-0736-45b3-93c8-17a6f4d2dbf0] [http-nio-8081-exec-9] c.b.config.logging.HttpLoggingFilter - Headers: auth=present content-type=application/json accept=application/json, text/plain, */*
2025-11-14 23:56:47.096 [34mINFO [0;39m [148bccb2-e928-4ac1-9adf-3220eb1e9fe2] [http-nio-8081-exec-6] c.b.config.logging.HttpLoggingFilter - Headers: auth=present content-type=application/json accept=application/json, text/plain, */*
2025-11-14 23:56:47.096 [34mINFO [0;39m [e24c8f3b-8018-465c-90df-40d17c6d8e55] [http-nio-8081-exec-4] com.bharatshop.web.OrdersController - List bookings: tenant=demo-store userId=84ee4658-da81-4267-b293-632fd1559c9c
2025-11-14 23:56:47.096 [34mINFO [0;39m [e1f83fd1-e680-400b-b9cf-f5ec16c59afb] [http-nio-8081-exec-10] c.b.config.logging.HttpLoggingFilter - Response payload: {"ok":true,"id":"evt_07e3e22d-a26e-40b4-ad0a-dad0b76ae99e"}
2025-11-14 23:56:47.100 [34mINFO [0;39m [2c552acb-0736-45b3-93c8-17a6f4d2dbf0] [http-nio-8081-exec-9] c.b.config.logging.HttpLoggingFilter - Request payload: {"name":"page_view","payload":{"page":"/bookings","title":"MyBookings"},"timestamp":1763144807031}
2025-11-14 23:56:47.100 [34mINFO [0;39m [148bccb2-e928-4ac1-9adf-3220eb1e9fe2] [http-nio-8081-exec-6] c.b.config.logging.HttpLoggingFilter - Request payload: {"name":"page_view","payload":{"page":"/bookings","title":"MyBookings"},"timestamp":1763144807034}
2025-11-14 23:56:47.102 [34mINFO [0;39m [2c552acb-0736-45b3-93c8-17a6f4d2dbf0] [http-nio-8081-exec-9] c.b.config.logging.HttpLoggingFilter - Response payload: {"ok":true,"id":"evt_1b5829b5-7b6a-477f-9919-b10378deb657"}
2025-11-14 23:56:47.102 [34mINFO [0;39m [148bccb2-e928-4ac1-9adf-3220eb1e9fe2] [http-nio-8081-exec-6] c.b.config.logging.HttpLoggingFilter - Response payload: {"ok":true,"id":"evt_0530511d-44c5-482f-8f11-243995535124"}
2025-11-14 23:56:47.107 [34mINFO [0;39m [e24c8f3b-8018-465c-90df-40d17c6d8e55] [http-nio-8081-exec-4] c.b.config.logging.HttpLoggingFilter - GET /api/storefront/bookings -> 200 (11 ms)
2025-11-14 23:56:47.109 [34mINFO [0;39m [e24c8f3b-8018-465c-90df-40d17c6d8e55] [http-nio-8081-exec-4] c.b.config.logging.HttpLoggingFilter - Headers: auth=present content-type=null accept=application/json, text/plain, */*
2025-11-14 23:56:47.109 [34mINFO [0;39m [e24c8f3b-8018-465c-90df-40d17c6d8e55] [http-nio-8081-exec-4] c.b.config.logging.HttpLoggingFilter - Response payload: [{"id":"eed06a00-2239-4934-b10a-d5052adf846a","reference":"BK-eed06a00","status":"placed","total":1265.0,"totals":{"payable":1265.0},"type":"room_booking","booking":{"checkIn":"2025-11-14","checkOut":"2025-11-15","guests":4,"nights":1,"rooms":2,"perRoomMax":3,"extraMattressAllowed":false,"extraMattressCount":0,"mattressFeePerNight":0},"createdAt":"2025-11-14T18:21:01.659651Z","sellerResponseDeadline":"2025-11-14T18:36:01.659651Z","notes":""}]
2025-11-14 23:56:47.116 [34mINFO [0;39m [e2f33f31-afe2-467a-8dc9-83c262936b47] [http-nio-8081-exec-8] c.b.config.logging.HttpLoggingFilter - POST /api/events -> 200 (63 ms)
2025-11-14 23:56:47.120 [34mINFO [0;39m [e2f33f31-afe2-467a-8dc9-83c262936b47] [http-nio-8081-exec-8] c.b.config.logging.HttpLoggingFilter - Headers: auth=present content-type=application/json accept=application/json, text/plain, */*
2025-11-14 23:56:47.124 [34mINFO [0;39m [e2f33f31-afe2-467a-8dc9-83c262936b47] [http-nio-8081-exec-8] c.b.config.logging.HttpLoggingFilter - Request payload: {"name":"nav_click","payload":{"target":"/bookings","context":"mobile_nav"},"timestamp":1763144807021}
2025-11-14 23:56:47.138 [34mINFO [0;39m [c863e2ef-4097-411e-bdba-281eb8d6f880] [http-nio-8081-exec-1] com.bharatshop.web.OrdersController - List bookings: tenant=demo-store userId=84ee4658-da81-4267-b293-632fd1559c9c
2025-11-14 23:56:47.140 [34mINFO [0;39m [787fb6d9-908d-426d-96ea-153898a43c3f] [http-nio-8081-exec-7] com.bharatshop.web.EventController - Event ingested: id=evt_54d36be3-8f2c-485d-ab1f-e01ee288a670 name=bookings_fetch_success tenant=demo-store userId=84ee4658-da81-4267-b293-632fd1559c9c role=USER ip=127.0.0.1 ua=Mozilla/5.0 (Linux; Android 6.0; Nexus 5 Build/MRA58N) AppleWebKit/537.36 (KHTML, like Gecko) Chrome/142.0.0.0 Mobile Safari/537.36 ts=1763144807124 payloadPresent=true
2025-11-14 23:56:47.142 [34mINFO [0;39m [787fb6d9-908d-426d-96ea-153898a43c3f] [http-nio-8081-exec-7] c.b.config.logging.HttpLoggingFilter - POST /api/events -> 200 (4 ms)
2025-11-14 23:56:47.144 [34mINFO [0;39m [e2f33f31-afe2-467a-8dc9-83c262936b47] [http-nio-8081-exec-8] c.b.config.logging.HttpLoggingFilter - Response payload: {"ok":true,"id":"evt_59082b1f-1a45-43ef-b7af-5836a602e591"}
2025-11-14 23:56:47.144 [34mINFO [0;39m [787fb6d9-908d-426d-96ea-153898a43c3f] [http-nio-8081-exec-7] c.b.config.logging.HttpLoggingFilter - Headers: auth=present content-type=application/json accept=application/json, text/plain, */*
2025-11-14 23:56:47.148 [34mINFO [0;39m [787fb6d9-908d-426d-96ea-153898a43c3f] [http-nio-8081-exec-7] c.b.config.logging.HttpLoggingFilter - Request payload: {"name":"bookings_fetch_success","payload":{"source":"my_bookings","count":1},"timestamp":1763144807124}
2025-11-14 23:56:47.150 [34mINFO [0;39m [787fb6d9-908d-426d-96ea-153898a43c3f] [http-nio-8081-exec-7] c.b.config.logging.HttpLoggingFilter - Response payload: {"ok":true,"id":"evt_54d36be3-8f2c-485d-ab1f-e01ee288a670"}
2025-11-14 23:56:47.154 [34mINFO [0;39m [c863e2ef-4097-411e-bdba-281eb8d6f880] [http-nio-8081-exec-1] c.b.config.logging.HttpLoggingFilter - GET /api/storefront/bookings -> 200 (18 ms)
2025-11-14 23:56:47.156 [34mINFO [0;39m [c863e2ef-4097-411e-bdba-281eb8d6f880] [http-nio-8081-exec-1] c.b.config.logging.HttpLoggingFilter - Headers: auth=present content-type=null accept=application/json, text/plain, */*
2025-11-14 23:56:47.158 [34mINFO [0;39m [c863e2ef-4097-411e-bdba-281eb8d6f880] [http-nio-8081-exec-1] c.b.config.logging.HttpLoggingFilter - Response payload: [{"id":"eed06a00-2239-4934-b10a-d5052adf846a","reference":"BK-eed06a00","status":"placed","total":1265.0,"totals":{"payable":1265.0},"type":"room_booking","booking":{"checkIn":"2025-11-14","checkOut":"2025-11-15","guests":4,"nights":1,"rooms":2,"perRoomMax":3,"extraMattressAllowed":false,"extraMattressCount":0,"mattressFeePerNight":0},"createdAt":"2025-11-14T18:21:01.659651Z","sellerResponseDeadline":"2025-11-14T18:36:01.659651Z","notes":""}]
2025-11-14 23:56:47.194 [34mINFO [0;39m [5826b036-bc80-49b3-b2e2-6e1678530ffd] [http-nio-8081-exec-2] com.bharatshop.web.EventController - Event ingested: id=evt_ec920f54-261c-4e5a-bfae-934dc2641dbe name=bookings_fetch_success tenant=demo-store userId=84ee4658-da81-4267-b293-632fd1559c9c role=USER ip=127.0.0.1 ua=Mozilla/5.0 (Linux; Android 6.0; Nexus 5 Build/MRA58N) AppleWebKit/537.36 (KHTML, like Gecko) Chrome/142.0.0.0 Mobile Safari/537.36 ts=1763144807166 payloadPresent=true
2025-11-14 23:56:47.200 [34mINFO [0;39m [5826b036-bc80-49b3-b2e2-6e1678530ffd] [http-nio-8081-exec-2] c.b.config.logging.HttpLoggingFilter - POST /api/events -> 200 (10 ms)
2025-11-14 23:56:47.231 [34mINFO [0;39m [5826b036-bc80-49b3-b2e2-6e1678530ffd] [http-nio-8081-exec-2] c.b.config.logging.HttpLoggingFilter - Headers: auth=present content-type=application/json accept=application/json, text/plain, */*
2025-11-14 23:56:47.235 [34mINFO [0;39m [5826b036-bc80-49b3-b2e2-6e1678530ffd] [http-nio-8081-exec-2] c.b.config.logging.HttpLoggingFilter - Request payload: {"name":"bookings_fetch_success","payload":{"source":"my_bookings","count":1},"timestamp":1763144807166}
2025-11-14 23:56:47.238 [34mINFO [0;39m [5826b036-bc80-49b3-b2e2-6e1678530ffd] [http-nio-8081-exec-2] c.b.config.logging.HttpLoggingFilter - Response payload: {"ok":true,"id":"evt_ec920f54-261c-4e5a-bfae-934dc2641dbe"}
2025-11-14 23:56:52.171 [34mINFO [0;39m [0bf12e0c-0be0-4aad-a0a3-0e0fee431377] [http-nio-8081-exec-5] com.bharatshop.web.EventController - Event ingested: id=evt_1eb55008-e827-42f2-8dce-c018ef194a72 name=booking_click tenant=demo-store userId=84ee4658-da81-4267-b293-632fd1559c9c role=USER ip=127.0.0.1 ua=Mozilla/5.0 (Linux; Android 6.0; Nexus 5 Build/MRA58N) AppleWebKit/537.36 (KHTML, like Gecko) Chrome/142.0.0.0 Mobile Safari/537.36 ts=1763144812148 payloadPresent=true
2025-11-14 23:56:52.173 [34mINFO [0;39m [0bf12e0c-0be0-4aad-a0a3-0e0fee431377] [http-nio-8081-exec-5] c.b.config.logging.HttpLoggingFilter - POST /api/events -> 200 (3 ms)
2025-11-14 23:56:52.173 [34mINFO [0;39m [0bf12e0c-0be0-4aad-a0a3-0e0fee431377] [http-nio-8081-exec-5] c.b.config.logging.HttpLoggingFilter - Headers: auth=present content-type=application/json accept=application/json, text/plain, */*
2025-11-14 23:56:52.174 [34mINFO [0;39m [0bf12e0c-0be0-4aad-a0a3-0e0fee431377] [http-nio-8081-exec-5] c.b.config.logging.HttpLoggingFilter - Request payload: {"name":"booking_click","payload":{"id":"eed06a00-2239-4934-b10a-d5052adf846a","source":"my_bookings_button"},"timestamp":1763144812148}
2025-11-14 23:56:52.174 [34mINFO [0;39m [0bf12e0c-0be0-4aad-a0a3-0e0fee431377] [http-nio-8081-exec-5] c.b.config.logging.HttpLoggingFilter - Response payload: {"ok":true,"id":"evt_1eb55008-e827-42f2-8dce-c018ef194a72"}
2025-11-14 23:56:52.254 [34mINFO [0;39m [6ee99f3d-f4b7-4b53-aacd-18c9e3fdfe38] [http-nio-8081-exec-3] com.bharatshop.web.OrdersController - Booking detail: tenant=demo-store userId=84ee4658-da81-4267-b293-632fd1559c9c id=eed06a00-2239-4934-b10a-d5052adf846a
2025-11-14 23:56:52.257 [34mINFO [0;39m [6ee99f3d-f4b7-4b53-aacd-18c9e3fdfe38] [http-nio-8081-exec-3] com.bharatshop.web.OrdersController - Booking detail success: id=eed06a00-2239-4934-b10a-d5052adf846a status=placed
2025-11-14 23:56:52.257 [34mINFO [0;39m [6ee99f3d-f4b7-4b53-aacd-18c9e3fdfe38] [http-nio-8081-exec-3] c.b.config.logging.HttpLoggingFilter - GET /api/storefront/bookings/eed06a00-2239-4934-b10a-d5052adf846a -> 200 (5 ms)
2025-11-14 23:56:52.259 [34mINFO [0;39m [6ee99f3d-f4b7-4b53-aacd-18c9e3fdfe38] [http-nio-8081-exec-3] c.b.config.logging.HttpLoggingFilter - Headers: auth=present content-type=null accept=application/json, text/plain, */*
2025-11-14 23:56:52.259 [34mINFO [0;39m [6ee99f3d-f4b7-4b53-aacd-18c9e3fdfe38] [http-nio-8081-exec-3] c.b.config.logging.HttpLoggingFilter - Response payload: {"id":"eed06a00-2239-4934-b10a-d5052adf846a","reference":"BK-eed06a00","status":"placed","total":1265.0,"totals":{"payable":1265.0},"type":"room_booking","booking":{"checkIn":"2025-11-14","checkOut":"2025-11-15","guests":4,"nights":1,"rooms":2,"perRoomMax":3,"extraMattressAllowed":false,"extraMattressCount":0,"mattressFeePerNight":0},"createdAt":"2025-11-14T18:21:01.659651Z","sellerResponseDeadline":"2025-11-14T18:36:01.659651Z","notes":""}
2025-11-14 23:56:52.267 [34mINFO [0;39m [ecd8409c-ef71-40d6-a66f-ff509cc28fb5] [http-nio-8081-exec-10] com.bharatshop.web.OrdersController - Booking detail: tenant=demo-store userId=84ee4658-da81-4267-b293-632fd1559c9c id=eed06a00-2239-4934-b10a-d5052adf846a
2025-11-14 23:56:52.271 [34mINFO [0;39m [ecd8409c-ef71-40d6-a66f-ff509cc28fb5] [http-nio-8081-exec-10] com.bharatshop.web.OrdersController - Booking detail success: id=eed06a00-2239-4934-b10a-d5052adf846a status=placed
2025-11-14 23:56:52.271 [34mINFO [0;39m [ecd8409c-ef71-40d6-a66f-ff509cc28fb5] [http-nio-8081-exec-10] c.b.config.logging.HttpLoggingFilter - GET /api/storefront/bookings/eed06a00-2239-4934-b10a-d5052adf846a -> 200 (7 ms)
2025-11-14 23:56:52.272 [34mINFO [0;39m [ecd8409c-ef71-40d6-a66f-ff509cc28fb5] [http-nio-8081-exec-10] c.b.config.logging.HttpLoggingFilter - Headers: auth=present content-type=null accept=application/json, text/plain, */*
2025-11-14 23:56:52.272 [34mINFO [0;39m [ecd8409c-ef71-40d6-a66f-ff509cc28fb5] [http-nio-8081-exec-10] c.b.config.logging.HttpLoggingFilter - Response payload: {"id":"eed06a00-2239-4934-b10a-d5052adf846a","reference":"BK-eed06a00","status":"placed","total":1265.0,"totals":{"payable":1265.0},"type":"room_booking","booking":{"checkIn":"2025-11-14","checkOut":"2025-11-15","guests":4,"nights":1,"rooms":2,"perRoomMax":3,"extraMattressAllowed":false,"extraMattressCount":0,"mattressFeePerNight":0},"createdAt":"2025-11-14T18:21:01.659651Z","sellerResponseDeadline":"2025-11-14T18:36:01.659651Z","notes":""}
2025-11-14 23:57:23.752 [34mINFO [0;39m [047e08ae-0cd6-454c-bba9-d88f3b80d7d7] [http-nio-8081-exec-6] com.bharatshop.web.AuthController - Profile requested: tokenPresent=true 
2025-11-14 23:57:23.752 [34mINFO [0;39m [8d507007-87c0-46bd-9915-7dc0bebac8d2] [http-nio-8081-exec-9] c.b.web.StorefrontCartController - Storefront get cart: tenant=demo-store userId=84ee4658-da81-4267-b293-632fd1559c9c 
2025-11-14 23:57:23.754 [34mINFO [0;39m [8d507007-87c0-46bd-9915-7dc0bebac8d2] [http-nio-8081-exec-9] c.b.config.logging.HttpLoggingFilter - GET /api/storefront/cart -> 200 (4 ms)
2025-11-14 23:57:23.754 [34mINFO [0;39m [8d507007-87c0-46bd-9915-7dc0bebac8d2] [http-nio-8081-exec-9] c.b.config.logging.HttpLoggingFilter - Headers: auth=present content-type=null accept=application/json, text/plain, */*
2025-11-14 23:57:23.754 [34mINFO [0;39m [047e08ae-0cd6-454c-bba9-d88f3b80d7d7] [http-nio-8081-exec-6] com.bharatshop.web.AuthController - Profile success: userId=84ee4658-da81-4267-b293-632fd1559c9c
2025-11-14 23:57:23.756 [34mINFO [0;39m [8d507007-87c0-46bd-9915-7dc0bebac8d2] [http-nio-8081-exec-9] c.b.config.logging.HttpLoggingFilter - Response payload: {"totals":{"subtotal":0.0,"itemsCount":0},"items":[]}
2025-11-14 23:57:23.756 [34mINFO [0;39m [047e08ae-0cd6-454c-bba9-d88f3b80d7d7] [http-nio-8081-exec-6] c.b.config.logging.HttpLoggingFilter - GET /api/storefront/auth/profile -> 200 (8 ms)
2025-11-14 23:57:23.756 [34mINFO [0;39m [047e08ae-0cd6-454c-bba9-d88f3b80d7d7] [http-nio-8081-exec-6] c.b.config.logging.HttpLoggingFilter - Headers: auth=present content-type=null accept=application/json, text/plain, */*
2025-11-14 23:57:23.759 [34mINFO [0;39m [047e08ae-0cd6-454c-bba9-d88f3b80d7d7] [http-nio-8081-exec-6] c.b.config.logging.HttpLoggingFilter - Response payload: {"id":"84ee4658-da81-4267-b293-632fd1559c9c","name":"User0178","phone":"+917355460178","role":"USER"}
2025-11-14 23:57:23.772 [34mINFO [0;39m [4d7b2c5e-cceb-443f-a3cb-93df54f1040c] [http-nio-8081-exec-8] com.bharatshop.web.AuthController - Profile requested: tokenPresent=true 
2025-11-14 23:57:23.772 [34mINFO [0;39m [e4f87b49-3358-410d-b305-84d264109945] [http-nio-8081-exec-4] c.b.web.StorefrontCartController - Storefront get cart: tenant=demo-store userId=84ee4658-da81-4267-b293-632fd1559c9c 
2025-11-14 23:57:23.773 [34mINFO [0;39m [e4f87b49-3358-410d-b305-84d264109945] [http-nio-8081-exec-4] c.b.config.logging.HttpLoggingFilter - GET /api/storefront/cart -> 200 (1 ms)
2025-11-14 23:57:23.773 [34mINFO [0;39m [e4f87b49-3358-410d-b305-84d264109945] [http-nio-8081-exec-4] c.b.config.logging.HttpLoggingFilter - Headers: auth=present content-type=null accept=application/json, text/plain, */*
2025-11-14 23:57:23.773 [34mINFO [0;39m [e4f87b49-3358-410d-b305-84d264109945] [http-nio-8081-exec-4] c.b.config.logging.HttpLoggingFilter - Response payload: {"totals":{"subtotal":0.0,"itemsCount":0},"items":[]}
2025-11-14 23:57:23.775 [34mINFO [0;39m [4d7b2c5e-cceb-443f-a3cb-93df54f1040c] [http-nio-8081-exec-8] com.bharatshop.web.AuthController - Profile success: userId=84ee4658-da81-4267-b293-632fd1559c9c
2025-11-14 23:57:23.780 [34mINFO [0;39m [4d7b2c5e-cceb-443f-a3cb-93df54f1040c] [http-nio-8081-exec-8] c.b.config.logging.HttpLoggingFilter - GET /api/storefront/auth/profile -> 200 (11 ms)
2025-11-14 23:57:23.782 [34mINFO [0;39m [4d7b2c5e-cceb-443f-a3cb-93df54f1040c] [http-nio-8081-exec-8] c.b.config.logging.HttpLoggingFilter - Headers: auth=present content-type=null accept=application/json, text/plain, */*
2025-11-14 23:57:23.782 [34mINFO [0;39m [4d7b2c5e-cceb-443f-a3cb-93df54f1040c] [http-nio-8081-exec-8] c.b.config.logging.HttpLoggingFilter - Response payload: {"id":"84ee4658-da81-4267-b293-632fd1559c9c","name":"User0178","phone":"+917355460178","role":"USER"}
2025-11-14 23:57:23.852 [34mINFO [0;39m [4f29b3ba-e550-48d3-bbf2-a3294d792397] [http-nio-8081-exec-7] com.bharatshop.web.OrdersController - Booking detail: tenant=demo-store userId=84ee4658-da81-4267-b293-632fd1559c9c id=eed06a00-2239-4934-b10a-d5052adf846a
2025-11-14 23:57:23.855 [34mINFO [0;39m [4f29b3ba-e550-48d3-bbf2-a3294d792397] [http-nio-8081-exec-7] com.bharatshop.web.OrdersController - Booking detail success: id=eed06a00-2239-4934-b10a-d5052adf846a status=placed
2025-11-14 23:57:23.869 [34mINFO [0;39m [4f29b3ba-e550-48d3-bbf2-a3294d792397] [http-nio-8081-exec-7] c.b.config.logging.HttpLoggingFilter - GET /api/storefront/bookings/eed06a00-2239-4934-b10a-d5052adf846a -> 200 (18 ms)
2025-11-14 23:57:23.887 [34mINFO [0;39m [4f29b3ba-e550-48d3-bbf2-a3294d792397] [http-nio-8081-exec-7] c.b.config.logging.HttpLoggingFilter - Headers: auth=present content-type=null accept=application/json, text/plain, */*
2025-11-14 23:57:23.891 [34mINFO [0;39m [4f29b3ba-e550-48d3-bbf2-a3294d792397] [http-nio-8081-exec-7] c.b.config.logging.HttpLoggingFilter - Response payload: {"id":"eed06a00-2239-4934-b10a-d5052adf846a","reference":"BK-eed06a00","status":"placed","total":1265.0,"totals":{"payable":1265.0},"type":"room_booking","booking":{"checkIn":"2025-11-14","checkOut":"2025-11-15","guests":4,"nights":1,"rooms":2,"perRoomMax":3,"extraMattressAllowed":false,"extraMattressCount":0,"mattressFeePerNight":0},"createdAt":"2025-11-14T18:21:01.659651Z","sellerResponseDeadline":"2025-11-14T18:36:01.659651Z","notes":""}
2025-11-14 23:57:23.907 [34mINFO [0;39m [a4fdbfb0-d7c9-4e83-9b8a-f32591d2fc5a] [http-nio-8081-exec-1] com.bharatshop.web.OrdersController - Booking detail: tenant=demo-store userId=84ee4658-da81-4267-b293-632fd1559c9c id=eed06a00-2239-4934-b10a-d5052adf846a
2025-11-14 23:57:23.911 [34mINFO [0;39m [a4fdbfb0-d7c9-4e83-9b8a-f32591d2fc5a] [http-nio-8081-exec-1] com.bharatshop.web.OrdersController - Booking detail success: id=eed06a00-2239-4934-b10a-d5052adf846a status=placed
2025-11-14 23:57:23.915 [34mINFO [0;39m [a4fdbfb0-d7c9-4e83-9b8a-f32591d2fc5a] [http-nio-8081-exec-1] c.b.config.logging.HttpLoggingFilter - GET /api/storefront/bookings/eed06a00-2239-4934-b10a-d5052adf846a -> 200 (10 ms)
2025-11-14 23:57:23.915 [34mINFO [0;39m [a4fdbfb0-d7c9-4e83-9b8a-f32591d2fc5a] [http-nio-8081-exec-1] c.b.config.logging.HttpLoggingFilter - Headers: auth=present content-type=null accept=application/json, text/plain, */*
2025-11-14 23:57:23.919 [34mINFO [0;39m [a4fdbfb0-d7c9-4e83-9b8a-f32591d2fc5a] [http-nio-8081-exec-1] c.b.config.logging.HttpLoggingFilter - Response payload: {"id":"eed06a00-2239-4934-b10a-d5052adf846a","reference":"BK-eed06a00","status":"placed","total":1265.0,"totals":{"payable":1265.0},"type":"room_booking","booking":{"checkIn":"2025-11-14","checkOut":"2025-11-15","guests":4,"nights":1,"rooms":2,"perRoomMax":3,"extraMattressAllowed":false,"extraMattressCount":0,"mattressFeePerNight":0},"createdAt":"2025-11-14T18:21:01.659651Z","sellerResponseDeadline":"2025-11-14T18:36:01.659651Z","notes":""}
2025-11-14 23:58:54.764 [34mINFO [0;39m [07a1446d-4eab-4147-85b3-a5e447ed351c] [http-nio-8081-exec-5] com.bharatshop.web.AuthController - Profile requested: tokenPresent=true 
2025-11-14 23:58:54.764 [34mINFO [0;39m [e08aa60c-04ef-4b2d-b1e5-770b6319aad4] [http-nio-8081-exec-2] c.b.web.StorefrontCartController - Storefront get cart: tenant=demo-store userId=84ee4658-da81-4267-b293-632fd1559c9c 
2025-11-14 23:58:54.768 [34mINFO [0;39m [e08aa60c-04ef-4b2d-b1e5-770b6319aad4] [http-nio-8081-exec-2] c.b.config.logging.HttpLoggingFilter - GET /api/storefront/cart -> 200 (4 ms)
2025-11-14 23:58:54.768 [34mINFO [0;39m [e08aa60c-04ef-4b2d-b1e5-770b6319aad4] [http-nio-8081-exec-2] c.b.config.logging.HttpLoggingFilter - Headers: auth=present content-type=null accept=application/json, text/plain, */*
2025-11-14 23:58:54.769 [34mINFO [0;39m [e08aa60c-04ef-4b2d-b1e5-770b6319aad4] [http-nio-8081-exec-2] c.b.config.logging.HttpLoggingFilter - Response payload: {"totals":{"subtotal":0.0,"itemsCount":0},"items":[]}
2025-11-14 23:58:54.769 [34mINFO [0;39m [07a1446d-4eab-4147-85b3-a5e447ed351c] [http-nio-8081-exec-5] com.bharatshop.web.AuthController - Profile success: userId=84ee4658-da81-4267-b293-632fd1559c9c
2025-11-14 23:58:54.770 [34mINFO [0;39m [07a1446d-4eab-4147-85b3-a5e447ed351c] [http-nio-8081-exec-5] c.b.config.logging.HttpLoggingFilter - GET /api/storefront/auth/profile -> 200 (6 ms)
2025-11-14 23:58:54.770 [34mINFO [0;39m [07a1446d-4eab-4147-85b3-a5e447ed351c] [http-nio-8081-exec-5] c.b.config.logging.HttpLoggingFilter - Headers: auth=present content-type=null accept=application/json, text/plain, */*
2025-11-14 23:58:54.770 [34mINFO [0;39m [07a1446d-4eab-4147-85b3-a5e447ed351c] [http-nio-8081-exec-5] c.b.config.logging.HttpLoggingFilter - Response payload: {"id":"84ee4658-da81-4267-b293-632fd1559c9c","name":"User0178","phone":"+917355460178","role":"USER"}
2025-11-14 23:58:54.778 [34mINFO [0;39m [b8d858bf-472f-4979-8f87-d5bda89712b4] [http-nio-8081-exec-3] c.b.web.StorefrontCartController - Storefront get cart: tenant=demo-store userId=84ee4658-da81-4267-b293-632fd1559c9c 
2025-11-14 23:58:54.780 [34mINFO [0;39m [014977ee-eae8-4a60-9c4f-bd01a2b52b01] [http-nio-8081-exec-10] com.bharatshop.web.AuthController - Profile requested: tokenPresent=true 
2025-11-14 23:58:54.780 [34mINFO [0;39m [b8d858bf-472f-4979-8f87-d5bda89712b4] [http-nio-8081-exec-3] c.b.config.logging.HttpLoggingFilter - GET /api/storefront/cart -> 200 (2 ms)
2025-11-14 23:58:54.780 [34mINFO [0;39m [b8d858bf-472f-4979-8f87-d5bda89712b4] [http-nio-8081-exec-3] c.b.config.logging.HttpLoggingFilter - Headers: auth=present content-type=null accept=application/json, text/plain, */*
2025-11-14 23:58:54.782 [34mINFO [0;39m [b8d858bf-472f-4979-8f87-d5bda89712b4] [http-nio-8081-exec-3] c.b.config.logging.HttpLoggingFilter - Response payload: {"totals":{"subtotal":0.0,"itemsCount":0},"items":[]}
2025-11-14 23:58:54.786 [34mINFO [0;39m [014977ee-eae8-4a60-9c4f-bd01a2b52b01] [http-nio-8081-exec-10] com.bharatshop.web.AuthController - Profile success: userId=84ee4658-da81-4267-b293-632fd1559c9c
2025-11-14 23:58:54.790 [34mINFO [0;39m [014977ee-eae8-4a60-9c4f-bd01a2b52b01] [http-nio-8081-exec-10] c.b.config.logging.HttpLoggingFilter - GET /api/storefront/auth/profile -> 200 (8 ms)
2025-11-14 23:58:54.790 [34mINFO [0;39m [014977ee-eae8-4a60-9c4f-bd01a2b52b01] [http-nio-8081-exec-10] c.b.config.logging.HttpLoggingFilter - Headers: auth=present content-type=null accept=application/json, text/plain, */*
2025-11-14 23:58:54.790 [34mINFO [0;39m [014977ee-eae8-4a60-9c4f-bd01a2b52b01] [http-nio-8081-exec-10] c.b.config.logging.HttpLoggingFilter - Response payload: {"id":"84ee4658-da81-4267-b293-632fd1559c9c","name":"User0178","phone":"+917355460178","role":"USER"}
2025-11-14 23:58:54.868 [34mINFO [0;39m [c937c51d-1513-4e3e-907e-fda7022eb3ca] [http-nio-8081-exec-9] com.bharatshop.web.OrdersController - Booking detail: tenant=demo-store userId=84ee4658-da81-4267-b293-632fd1559c9c id=eed06a00-2239-4934-b10a-d5052adf846a
2025-11-14 23:58:54.868 [34mINFO [0;39m [c937c51d-1513-4e3e-907e-fda7022eb3ca] [http-nio-8081-exec-9] com.bharatshop.web.OrdersController - Booking detail success: id=eed06a00-2239-4934-b10a-d5052adf846a status=placed
2025-11-14 23:58:54.873 [34mINFO [0;39m [c937c51d-1513-4e3e-907e-fda7022eb3ca] [http-nio-8081-exec-9] c.b.config.logging.HttpLoggingFilter - GET /api/storefront/bookings/eed06a00-2239-4934-b10a-d5052adf846a -> 200 (7 ms)
2025-11-14 23:58:54.873 [34mINFO [0;39m [c937c51d-1513-4e3e-907e-fda7022eb3ca] [http-nio-8081-exec-9] c.b.config.logging.HttpLoggingFilter - Headers: auth=present content-type=null accept=application/json, text/plain, */*
2025-11-14 23:58:54.873 [34mINFO [0;39m [c937c51d-1513-4e3e-907e-fda7022eb3ca] [http-nio-8081-exec-9] c.b.config.logging.HttpLoggingFilter - Response payload: {"id":"eed06a00-2239-4934-b10a-d5052adf846a","reference":"BK-eed06a00","status":"placed","total":1265.0,"totals":{"payable":1265.0},"type":"room_booking","booking":{"checkIn":"2025-11-14","checkOut":"2025-11-15","guests":4,"nights":1,"rooms":2,"perRoomMax":3,"extraMattressAllowed":false,"extraMattressCount":0,"mattressFeePerNight":0},"createdAt":"2025-11-14T18:21:01.659651Z","sellerResponseDeadline":"2025-11-14T18:36:01.659651Z","notes":""}
2025-11-14 23:58:54.885 [34mINFO [0;39m [411aa030-ee19-44e7-98c2-d60194ffad4a] [http-nio-8081-exec-6] com.bharatshop.web.OrdersController - Booking detail: tenant=demo-store userId=84ee4658-da81-4267-b293-632fd1559c9c id=eed06a00-2239-4934-b10a-d5052adf846a
2025-11-14 23:58:54.893 [34mINFO [0;39m [411aa030-ee19-44e7-98c2-d60194ffad4a] [http-nio-8081-exec-6] com.bharatshop.web.OrdersController - Booking detail success: id=eed06a00-2239-4934-b10a-d5052adf846a status=placed
2025-11-14 23:58:54.893 [34mINFO [0;39m [411aa030-ee19-44e7-98c2-d60194ffad4a] [http-nio-8081-exec-6] c.b.config.logging.HttpLoggingFilter - GET /api/storefront/bookings/eed06a00-2239-4934-b10a-d5052adf846a -> 200 (10 ms)
2025-11-14 23:58:54.896 [34mINFO [0;39m [411aa030-ee19-44e7-98c2-d60194ffad4a] [http-nio-8081-exec-6] c.b.config.logging.HttpLoggingFilter - Headers: auth=present content-type=null accept=application/json, text/plain, */*
2025-11-14 23:58:54.896 [34mINFO [0;39m [411aa030-ee19-44e7-98c2-d60194ffad4a] [http-nio-8081-exec-6] c.b.config.logging.HttpLoggingFilter - Response payload: {"id":"eed06a00-2239-4934-b10a-d5052adf846a","reference":"BK-eed06a00","status":"placed","total":1265.0,"totals":{"payable":1265.0},"type":"room_booking","booking":{"checkIn":"2025-11-14","checkOut":"2025-11-15","guests":4,"nights":1,"rooms":2,"perRoomMax":3,"extraMattressAllowed":false,"extraMattressCount":0,"mattressFeePerNight":0},"createdAt":"2025-11-14T18:21:01.659651Z","sellerResponseDeadline":"2025-11-14T18:36:01.659651Z","notes":""}
2025-11-14 23:59:17.409 [34mINFO [0;39m [df90881e-4bf9-40fb-a3f2-633239a24b71] [http-nio-8081-exec-4] c.b.config.logging.HttpLoggingFilter - GET /store/2ea64322-5b66-4e9c-81c4-1f22a79250dd?ide_webview_request_time=1763057710264 -> 404 (6 ms)
2025-11-14 23:59:17.411 [34mINFO [0;39m [df90881e-4bf9-40fb-a3f2-633239a24b71] [http-nio-8081-exec-4] c.b.config.logging.HttpLoggingFilter - Headers: auth=absent content-type=null accept=text/html,application/xhtml+xml,application/xml;q=0.9,image/avif,image/webp,image/apng,*/*;q=0.8,application/signed-exchange;v=b3;q=0.7
2025-11-14 23:59:17.493 [34mINFO [0;39m [92c7e724-f798-4c56-8519-ca23faccf5d2] [http-nio-8081-exec-8] c.b.config.logging.HttpLoggingFilter - GET /store/2ea64322-5b66-4e9c-81c4-1f22a79250dd?ide_webview_request_time=1763057710264 -> 404 (2 ms)
2025-11-14 23:59:17.495 [34mINFO [0;39m [92c7e724-f798-4c56-8519-ca23faccf5d2] [http-nio-8081-exec-8] c.b.config.logging.HttpLoggingFilter - Headers: auth=absent content-type=null accept=text/html,application/xhtml+xml,application/xml;q=0.9,image/avif,image/webp,image/apng,*/*;q=0.8,application/signed-exchange;v=b3;q=0.7
2025-11-14 23:59:32.193 [34mINFO [0;39m [acee76cb-a989-4a21-8c3b-e41099bfcd48] [http-nio-8081-exec-1] com.bharatshop.web.AuthController - Profile requested: tokenPresent=true 
2025-11-14 23:59:32.193 [34mINFO [0;39m [40c1af9f-5b02-4e7e-9437-6827c964e336] [http-nio-8081-exec-7] c.b.web.StorefrontCartController - Storefront get cart: tenant=demo-store userId=84ee4658-da81-4267-b293-632fd1559c9c 
2025-11-14 23:59:32.193 [34mINFO [0;39m [40c1af9f-5b02-4e7e-9437-6827c964e336] [http-nio-8081-exec-7] c.b.config.logging.HttpLoggingFilter - GET /api/storefront/cart -> 200 (0 ms)
2025-11-14 23:59:32.193 [34mINFO [0;39m [40c1af9f-5b02-4e7e-9437-6827c964e336] [http-nio-8081-exec-7] c.b.config.logging.HttpLoggingFilter - Headers: auth=present content-type=null accept=application/json, text/plain, */*
2025-11-14 23:59:32.193 [34mINFO [0;39m [40c1af9f-5b02-4e7e-9437-6827c964e336] [http-nio-8081-exec-7] c.b.config.logging.HttpLoggingFilter - Response payload: {"totals":{"subtotal":0.0,"itemsCount":0},"items":[]}
2025-11-14 23:59:32.193 [34mINFO [0;39m [acee76cb-a989-4a21-8c3b-e41099bfcd48] [http-nio-8081-exec-1] com.bharatshop.web.AuthController - Profile success: userId=84ee4658-da81-4267-b293-632fd1559c9c
2025-11-14 23:59:32.193 [34mINFO [0;39m [acee76cb-a989-4a21-8c3b-e41099bfcd48] [http-nio-8081-exec-1] c.b.config.logging.HttpLoggingFilter - GET /api/storefront/auth/profile -> 200 (0 ms)
2025-11-14 23:59:32.193 [34mINFO [0;39m [acee76cb-a989-4a21-8c3b-e41099bfcd48] [http-nio-8081-exec-1] c.b.config.logging.HttpLoggingFilter - Headers: auth=present content-type=null accept=application/json, text/plain, */*
2025-11-14 23:59:32.193 [34mINFO [0;39m [acee76cb-a989-4a21-8c3b-e41099bfcd48] [http-nio-8081-exec-1] c.b.config.logging.HttpLoggingFilter - Response payload: {"id":"84ee4658-da81-4267-b293-632fd1559c9c","name":"User0178","phone":"+917355460178","role":"USER"}
2025-11-14 23:59:32.208 [34mINFO [0;39m [c048de04-0daa-4095-b2ce-262f9fa484ab] [http-nio-8081-exec-2] c.b.web.StorefrontCartController - Storefront get cart: tenant=demo-store userId=84ee4658-da81-4267-b293-632fd1559c9c 
2025-11-14 23:59:32.212 [34mINFO [0;39m [c048de04-0daa-4095-b2ce-262f9fa484ab] [http-nio-8081-exec-2] c.b.config.logging.HttpLoggingFilter - GET /api/storefront/cart -> 200 (5 ms)
2025-11-14 23:59:32.214 [34mINFO [0;39m [d21f0f44-4a8b-4ea7-88c0-a9f822ac8fdb] [http-nio-8081-exec-5] com.bharatshop.web.AuthController - Profile requested: tokenPresent=true 
2025-11-14 23:59:32.216 [34mINFO [0;39m [c048de04-0daa-4095-b2ce-262f9fa484ab] [http-nio-8081-exec-2] c.b.config.logging.HttpLoggingFilter - Headers: auth=present content-type=null accept=application/json, text/plain, */*
2025-11-14 23:59:32.217 [34mINFO [0;39m [c048de04-0daa-4095-b2ce-262f9fa484ab] [http-nio-8081-exec-2] c.b.config.logging.HttpLoggingFilter - Response payload: {"totals":{"subtotal":0.0,"itemsCount":0},"items":[]}
2025-11-14 23:59:32.219 [34mINFO [0;39m [d21f0f44-4a8b-4ea7-88c0-a9f822ac8fdb] [http-nio-8081-exec-5] com.bharatshop.web.AuthController - Profile success: userId=84ee4658-da81-4267-b293-632fd1559c9c
2025-11-14 23:59:32.221 [34mINFO [0;39m [d21f0f44-4a8b-4ea7-88c0-a9f822ac8fdb] [http-nio-8081-exec-5] c.b.config.logging.HttpLoggingFilter - GET /api/storefront/auth/profile -> 200 (9 ms)
2025-11-14 23:59:32.223 [34mINFO [0;39m [d21f0f44-4a8b-4ea7-88c0-a9f822ac8fdb] [http-nio-8081-exec-5] c.b.config.logging.HttpLoggingFilter - Headers: auth=present content-type=null accept=application/json, text/plain, */*
2025-11-14 23:59:32.223 [34mINFO [0;39m [d21f0f44-4a8b-4ea7-88c0-a9f822ac8fdb] [http-nio-8081-exec-5] c.b.config.logging.HttpLoggingFilter - Response payload: {"id":"84ee4658-da81-4267-b293-632fd1559c9c","name":"User0178","phone":"+917355460178","role":"USER"}
2025-11-14 23:59:36.226 [34mINFO [0;39m [5c9cacc2-30dc-4d3f-b300-bc075487b048] [http-nio-8081-exec-10] com.bharatshop.web.AuthController - Profile requested: tokenPresent=true 
2025-11-14 23:59:36.226 [34mINFO [0;39m [6e863be9-58f5-4d7e-a536-abe4fc0d70f8] [http-nio-8081-exec-3] c.b.web.StorefrontCartController - Storefront get cart: tenant=demo-store userId=84ee4658-da81-4267-b293-632fd1559c9c 
2025-11-14 23:59:36.228 [34mINFO [0;39m [6e863be9-58f5-4d7e-a536-abe4fc0d70f8] [http-nio-8081-exec-3] c.b.config.logging.HttpLoggingFilter - GET /api/storefront/cart -> 200 (2 ms)
2025-11-14 23:59:36.228 [34mINFO [0;39m [6e863be9-58f5-4d7e-a536-abe4fc0d70f8] [http-nio-8081-exec-3] c.b.config.logging.HttpLoggingFilter - Headers: auth=present content-type=null accept=application/json, text/plain, */*
2025-11-14 23:59:36.230 [34mINFO [0;39m [6e863be9-58f5-4d7e-a536-abe4fc0d70f8] [http-nio-8081-exec-3] c.b.config.logging.HttpLoggingFilter - Response payload: {"totals":{"subtotal":0.0,"itemsCount":0},"items":[]}
2025-11-14 23:59:36.230 [34mINFO [0;39m [5c9cacc2-30dc-4d3f-b300-bc075487b048] [http-nio-8081-exec-10] com.bharatshop.web.AuthController - Profile success: userId=84ee4658-da81-4267-b293-632fd1559c9c
2025-11-14 23:59:36.232 [34mINFO [0;39m [5c9cacc2-30dc-4d3f-b300-bc075487b048] [http-nio-8081-exec-10] c.b.config.logging.HttpLoggingFilter - GET /api/storefront/auth/profile -> 200 (8 ms)
2025-11-14 23:59:36.232 [34mINFO [0;39m [5c9cacc2-30dc-4d3f-b300-bc075487b048] [http-nio-8081-exec-10] c.b.config.logging.HttpLoggingFilter - Headers: auth=present content-type=null accept=application/json, text/plain, */*
2025-11-14 23:59:36.232 [34mINFO [0;39m [5c9cacc2-30dc-4d3f-b300-bc075487b048] [http-nio-8081-exec-10] c.b.config.logging.HttpLoggingFilter - Response payload: {"id":"84ee4658-da81-4267-b293-632fd1559c9c","name":"User0178","phone":"+917355460178","role":"USER"}
2025-11-14 23:59:36.244 [34mINFO [0;39m [5af5d2c1-c975-4e9a-b68f-218b3172fe8c] [http-nio-8081-exec-9] c.b.web.StorefrontCartController - Storefront get cart: tenant=demo-store userId=84ee4658-da81-4267-b293-632fd1559c9c 
2025-11-14 23:59:36.246 [34mINFO [0;39m [5af5d2c1-c975-4e9a-b68f-218b3172fe8c] [http-nio-8081-exec-9] c.b.config.logging.HttpLoggingFilter - GET /api/storefront/cart -> 200 (4 ms)
2025-11-14 23:59:36.248 [34mINFO [0;39m [5af5d2c1-c975-4e9a-b68f-218b3172fe8c] [http-nio-8081-exec-9] c.b.config.logging.HttpLoggingFilter - Headers: auth=present content-type=null accept=application/json, text/plain, */*
2025-11-14 23:59:36.250 [34mINFO [0;39m [5af5d2c1-c975-4e9a-b68f-218b3172fe8c] [http-nio-8081-exec-9] c.b.config.logging.HttpLoggingFilter - Response payload: {"totals":{"subtotal":0.0,"itemsCount":0},"items":[]}
2025-11-14 23:59:36.250 [34mINFO [0;39m [f4924c84-8a36-44a5-b94d-cc384865c88f] [http-nio-8081-exec-6] com.bharatshop.web.AuthController - Profile requested: tokenPresent=true 
2025-11-14 23:59:36.255 [34mINFO [0;39m [f4924c84-8a36-44a5-b94d-cc384865c88f] [http-nio-8081-exec-6] com.bharatshop.web.AuthController - Profile success: userId=84ee4658-da81-4267-b293-632fd1559c9c
2025-11-14 23:59:36.259 [34mINFO [0;39m [f4924c84-8a36-44a5-b94d-cc384865c88f] [http-nio-8081-exec-6] c.b.config.logging.HttpLoggingFilter - GET /api/storefront/auth/profile -> 200 (9 ms)
2025-11-14 23:59:36.261 [34mINFO [0;39m [f4924c84-8a36-44a5-b94d-cc384865c88f] [http-nio-8081-exec-6] c.b.config.logging.HttpLoggingFilter - Headers: auth=present content-type=null accept=application/json, text/plain, */*
2025-11-14 23:59:36.261 [34mINFO [0;39m [f4924c84-8a36-44a5-b94d-cc384865c88f] [http-nio-8081-exec-6] c.b.config.logging.HttpLoggingFilter - Response payload: {"id":"84ee4658-da81-4267-b293-632fd1559c9c","name":"User0178","phone":"+917355460178","role":"USER"}
