2026-01-08 01:14:25.254 [39mDEBUG[0;39m [7ea1384d-e6ce-4293-b48e-400de2f4f606] [http-nio-8081-exec-5] c.b.c.logging.MethodLoggingAspect - Controller enter: StorefrontCartController.getCart(..) args=[demo-store, guest_1763145312971_qpjhsp]
2026-01-08 01:14:25.243 [39mDEBUG[0;39m [e7bb5152-3377-4174-bd51-347cecd5b9f8] [http-nio-8081-exec-10] c.b.c.logging.MethodLoggingAspect - Controller enter: StoreDiscoveryController.stores(..) args=[null, null]
2026-01-08 01:14:25.528 [34mINFO [0;39m [e7bb5152-3377-4174-bd51-347cecd5b9f8] [http-nio-8081-exec-10] c.b.web.StoreDiscoveryController - Discover stores: tenant=demo-store search=null category=null
2026-01-08 01:14:25.529 [34mINFO [0;39m [7ea1384d-e6ce-4293-b48e-400de2f4f606] [http-nio-8081-exec-5] c.b.web.StorefrontCartController - Storefront get cart: tenant=demo-store userId=guest-guest_1763145312971_qpjhsp 
2026-01-08 01:14:25.530 [39mDEBUG[0;39m [e7bb5152-3377-4174-bd51-347cecd5b9f8] [http-nio-8081-exec-10] c.b.c.logging.MethodLoggingAspect - Factory enter: FactoryProvider.getFactory() args=[]
2026-01-08 01:14:25.531 [39mDEBUG[0;39m [7ea1384d-e6ce-4293-b48e-400de2f4f606] [http-nio-8081-exec-5] c.b.c.logging.MethodLoggingAspect - Service enter: CartService.getCart(..) args=[guest-guest_1763145312971_qpjhsp]
2026-01-08 01:14:25.533 [34mINFO [0;39m [e7bb5152-3377-4174-bd51-347cecd5b9f8] [http-nio-8081-exec-10] c.b.c.logging.MethodLoggingAspect - Factory exit: FactoryProvider.getFactory() (1 ms)
2026-01-08 01:14:25.533 [34mINFO [0;39m [7ea1384d-e6ce-4293-b48e-400de2f4f606] [http-nio-8081-exec-5] c.b.c.logging.MethodLoggingAspect - Service exit: CartService.getCart(..) (2 ms)
2026-01-08 01:14:25.534 [39mDEBUG[0;39m [7ea1384d-e6ce-4293-b48e-400de2f4f606] [http-nio-8081-exec-5] c.b.c.logging.MethodLoggingAspect - Service result: CartService.getCart(..) => ArrayList[size=0]
2026-01-08 01:14:25.534 [39mDEBUG[0;39m [e7bb5152-3377-4174-bd51-347cecd5b9f8] [http-nio-8081-exec-10] c.b.c.logging.MethodLoggingAspect - Factory result: FactoryProvider.getFactory() => DefaultStorefrontFactory$$SpringCGLIB$$0(com.bharatshop.factory.impl.DefaultStorefrontFactory@30b35687)
2026-01-08 01:14:25.535 [39mDEBUG[0;39m [e7bb5152-3377-4174-bd51-347cecd5b9f8] [http-nio-8081-exec-10] c.b.c.logging.MethodLoggingAspect - Factory enter: DefaultStorefrontFactory.stores() args=[]
2026-01-08 01:14:25.536 [34mINFO [0;39m [e7bb5152-3377-4174-bd51-347cecd5b9f8] [http-nio-8081-exec-10] c.b.c.logging.MethodLoggingAspect - Factory exit: DefaultStorefrontFactory.stores() (1 ms)
2026-01-08 01:14:25.536 [39mDEBUG[0;39m [e7bb5152-3377-4174-bd51-347cecd5b9f8] [http-nio-8081-exec-10] c.b.c.logging.MethodLoggingAspect - Factory result: DefaultStorefrontFactory.stores() => (com.bharatshop.factory.impl.DefaultStorefrontFactory$2@14a22d12)
2026-01-08 01:14:25.536 [39mDEBUG[0;39m [e7bb5152-3377-4174-bd51-347cecd5b9f8] [http-nio-8081-exec-10] c.b.c.logging.MethodLoggingAspect - Service enter: StoreService.list(..) args=[null, null]
2026-01-08 01:14:25.537 [34mINFO [0;39m [7ea1384d-e6ce-4293-b48e-400de2f4f606] [http-nio-8081-exec-5] c.b.c.logging.MethodLoggingAspect - Controller exit: StorefrontCartController.getCart(..) -> status=200 (283 ms)
2026-01-08 01:14:25.538 [39mDEBUG[0;39m [7ea1384d-e6ce-4293-b48e-400de2f4f606] [http-nio-8081-exec-5] c.b.c.logging.MethodLoggingAspect - Controller result: StorefrontCartController.getCart(..) => ResponseEntity(status=200)
2026-01-08 01:14:25.591 [34mINFO [0;39m [7ea1384d-e6ce-4293-b48e-400de2f4f606] [http-nio-8081-exec-5] c.b.config.logging.HttpLoggingFilter - GET /api/storefront/cart -> 200 (539 ms)
2026-01-08 01:14:25.593 [34mINFO [0;39m [7ea1384d-e6ce-4293-b48e-400de2f4f606] [http-nio-8081-exec-5] c.b.config.logging.HttpLoggingFilter - Headers: auth=absent content-type=null accept=application/json, text/plain, */*
2026-01-08 01:14:25.594 [34mINFO [0;39m [7ea1384d-e6ce-4293-b48e-400de2f4f606] [http-nio-8081-exec-5] c.b.config.logging.HttpLoggingFilter - Response payload: {"totals":{"subtotal":0.0,"itemsCount":0},"items":[]}
2026-01-08 01:14:25.721 [39mDEBUG[0;39m [f96c1acb-aa25-4979-95cb-84b60701b2ce] [http-nio-8081-exec-1] c.b.c.logging.MethodLoggingAspect - Controller enter: StorefrontCartController.getCart(..) args=[demo-store, guest_1763145312971_qpjhsp]
2026-01-08 01:14:25.777 [34mINFO [0;39m [f96c1acb-aa25-4979-95cb-84b60701b2ce] [http-nio-8081-exec-1] c.b.web.StorefrontCartController - Storefront get cart: tenant=demo-store userId=guest-guest_1763145312971_qpjhsp 
2026-01-08 01:14:25.781 [39mDEBUG[0;39m [f96c1acb-aa25-4979-95cb-84b60701b2ce] [http-nio-8081-exec-1] c.b.c.logging.MethodLoggingAspect - Service enter: CartService.getCart(..) args=[guest-guest_1763145312971_qpjhsp]
2026-01-08 01:14:25.782 [34mINFO [0;39m [f96c1acb-aa25-4979-95cb-84b60701b2ce] [http-nio-8081-exec-1] c.b.c.logging.MethodLoggingAspect - Service exit: CartService.getCart(..) (1 ms)
2026-01-08 01:14:25.783 [39mDEBUG[0;39m [f96c1acb-aa25-4979-95cb-84b60701b2ce] [http-nio-8081-exec-1] c.b.c.logging.MethodLoggingAspect - Service result: CartService.getCart(..) => ArrayList[size=0]
2026-01-08 01:14:25.784 [34mINFO [0;39m [f96c1acb-aa25-4979-95cb-84b60701b2ce] [http-nio-8081-exec-1] c.b.c.logging.MethodLoggingAspect - Controller exit: StorefrontCartController.getCart(..) -> status=200 (64 ms)
2026-01-08 01:14:25.785 [39mDEBUG[0;39m [f96c1acb-aa25-4979-95cb-84b60701b2ce] [http-nio-8081-exec-1] c.b.c.logging.MethodLoggingAspect - Controller result: StorefrontCartController.getCart(..) => ResponseEntity(status=200)
2026-01-08 01:14:25.790 [34mINFO [0;39m [f96c1acb-aa25-4979-95cb-84b60701b2ce] [http-nio-8081-exec-1] c.b.config.logging.HttpLoggingFilter - GET /api/storefront/cart -> 200 (71 ms)
2026-01-08 01:14:25.790 [34mINFO [0;39m [f96c1acb-aa25-4979-95cb-84b60701b2ce] [http-nio-8081-exec-1] c.b.config.logging.HttpLoggingFilter - Headers: auth=absent content-type=null accept=application/json, text/plain, */*
2026-01-08 01:14:25.791 [34mINFO [0;39m [f96c1acb-aa25-4979-95cb-84b60701b2ce] [http-nio-8081-exec-1] c.b.config.logging.HttpLoggingFilter - Response payload: {"totals":{"subtotal":0.0,"itemsCount":0},"items":[]}
2026-01-08 01:14:25.876 [34mINFO [0;39m [e7bb5152-3377-4174-bd51-347cecd5b9f8] [http-nio-8081-exec-10] c.b.c.logging.MethodLoggingAspect - Service exit: StoreService.list(..) (340 ms)
2026-01-08 01:14:25.877 [39mDEBUG[0;39m [e7bb5152-3377-4174-bd51-347cecd5b9f8] [http-nio-8081-exec-10] c.b.c.logging.MethodLoggingAspect - Service result: StoreService.list(..) => ArrayList[size=3]
2026-01-08 01:14:25.877 [34mINFO [0;39m [e7bb5152-3377-4174-bd51-347cecd5b9f8] [http-nio-8081-exec-10] c.b.c.logging.MethodLoggingAspect - Controller exit: StoreDiscoveryController.stores(..) -> status=200 (638 ms)
2026-01-08 01:14:25.878 [39mDEBUG[0;39m [e7bb5152-3377-4174-bd51-347cecd5b9f8] [http-nio-8081-exec-10] c.b.c.logging.MethodLoggingAspect - Controller result: StoreDiscoveryController.stores(..) => ResponseEntity(status=200)
2026-01-08 01:14:25.897 [34mINFO [0;39m [e7bb5152-3377-4174-bd51-347cecd5b9f8] [http-nio-8081-exec-10] c.b.config.logging.HttpLoggingFilter - GET /api/stores -> 200 (845 ms)
2026-01-08 01:14:25.899 [34mINFO [0;39m [e7bb5152-3377-4174-bd51-347cecd5b9f8] [http-nio-8081-exec-10] c.b.config.logging.HttpLoggingFilter - Headers: auth=absent content-type=null accept=application/json, text/plain, */*
2026-01-08 01:14:25.899 [34mINFO [0;39m [e7bb5152-3377-4174-bd51-347cecd5b9f8] [http-nio-8081-exec-10] c.b.config.logging.HttpLoggingFilter - Response payload: [{"id":"9d72b824-254a-4055-b893-eca7fbb44c7e","name":"City Pharmacy","area":"Brigade","category":"pharmacy","status":"open","orderingDisabled":false,"updatedAt":"2026-01-07T13:52:45.314753Z"},{"id":"fcc0735f-7395-4acc-a086-40195c7ff4c1","name":"Fresh Mart","area":"MG Road","category":"grocery","status":"open","orderingDisabled":false,"updatedAt":"2026-01-07T13:52:45.229915Z"},{"id":"e3a21b9e-4c25-4ef4-928d-0c2b3c7d8830","name":"Sunrise Hotel","area":"Beach","category":"hospitality","status":"open","orderingDisabled":false,"updatedAt":"2026-01-07T13:52:45.318432Z"}]
2026-01-08 10:27:10.421 [31mWARN [0;39m [] [HikariPool-1 housekeeper] com.zaxxer.hikari.pool.HikariPool - HikariPool-1 - Thread starvation or clock leap detected (housekeeper delta=9h39m30s167ms719µs500ns).
2026-01-08 19:10:50.778 [39mDEBUG[0;39m [e509c872-1263-4893-ba5c-3dff0d655cbc] [http-nio-8081-exec-2] c.b.c.logging.MethodLoggingAspect - Controller enter: StorefrontCartController.getCart(..) args=[demo-store, guest_1763145312971_qpjhsp]
2026-01-08 19:10:50.783 [34mINFO [0;39m [e509c872-1263-4893-ba5c-3dff0d655cbc] [http-nio-8081-exec-2] c.b.web.StorefrontCartController - Storefront get cart: tenant=demo-store userId=guest-guest_1763145312971_qpjhsp 
2026-01-08 19:10:50.785 [39mDEBUG[0;39m [e509c872-1263-4893-ba5c-3dff0d655cbc] [http-nio-8081-exec-2] c.b.c.logging.MethodLoggingAspect - Service enter: CartService.getCart(..) args=[guest-guest_1763145312971_qpjhsp]
2026-01-08 19:10:50.786 [34mINFO [0;39m [e509c872-1263-4893-ba5c-3dff0d655cbc] [http-nio-8081-exec-2] c.b.c.logging.MethodLoggingAspect - Service exit: CartService.getCart(..) (2 ms)
2026-01-08 19:10:50.791 [39mDEBUG[0;39m [e509c872-1263-4893-ba5c-3dff0d655cbc] [http-nio-8081-exec-2] c.b.c.logging.MethodLoggingAspect - Service result: CartService.getCart(..) => ArrayList[size=0]
2026-01-08 19:10:50.791 [34mINFO [0;39m [e509c872-1263-4893-ba5c-3dff0d655cbc] [http-nio-8081-exec-2] c.b.c.logging.MethodLoggingAspect - Controller exit: StorefrontCartController.getCart(..) -> status=200 (13 ms)
2026-01-08 19:10:50.835 [39mDEBUG[0;39m [e509c872-1263-4893-ba5c-3dff0d655cbc] [http-nio-8081-exec-2] c.b.c.logging.MethodLoggingAspect - Controller result: StorefrontCartController.getCart(..) => ResponseEntity(status=200)
2026-01-08 19:10:50.861 [34mINFO [0;39m [e509c872-1263-4893-ba5c-3dff0d655cbc] [http-nio-8081-exec-2] c.b.config.logging.HttpLoggingFilter - GET /api/storefront/cart -> 200 (94 ms)
2026-01-08 19:10:50.937 [34mINFO [0;39m [e509c872-1263-4893-ba5c-3dff0d655cbc] [http-nio-8081-exec-2] c.b.config.logging.HttpLoggingFilter - Headers: auth=absent content-type=null accept=application/json, text/plain, */*
2026-01-08 19:10:50.955 [34mINFO [0;39m [e509c872-1263-4893-ba5c-3dff0d655cbc] [http-nio-8081-exec-2] c.b.config.logging.HttpLoggingFilter - Response payload: {"totals":{"subtotal":0.0,"itemsCount":0},"items":[]}
2026-01-08 19:10:50.997 [39mDEBUG[0;39m [523feab5-9742-4f85-a1da-453f3b2e7edb] [http-nio-8081-exec-3] c.b.c.logging.MethodLoggingAspect - Controller enter: StorefrontCartController.getCart(..) args=[demo-store, guest_1763145312971_qpjhsp]
2026-01-08 19:10:51.000 [34mINFO [0;39m [523feab5-9742-4f85-a1da-453f3b2e7edb] [http-nio-8081-exec-3] c.b.web.StorefrontCartController - Storefront get cart: tenant=demo-store userId=guest-guest_1763145312971_qpjhsp 
2026-01-08 19:10:51.002 [39mDEBUG[0;39m [523feab5-9742-4f85-a1da-453f3b2e7edb] [http-nio-8081-exec-3] c.b.c.logging.MethodLoggingAspect - Service enter: CartService.getCart(..) args=[guest-guest_1763145312971_qpjhsp]
2026-01-08 19:10:51.003 [34mINFO [0;39m [523feab5-9742-4f85-a1da-453f3b2e7edb] [http-nio-8081-exec-3] c.b.c.logging.MethodLoggingAspect - Service exit: CartService.getCart(..) (1 ms)
2026-01-08 19:10:51.004 [39mDEBUG[0;39m [523feab5-9742-4f85-a1da-453f3b2e7edb] [http-nio-8081-exec-3] c.b.c.logging.MethodLoggingAspect - Service result: CartService.getCart(..) => ArrayList[size=0]
2026-01-08 19:10:51.016 [34mINFO [0;39m [523feab5-9742-4f85-a1da-453f3b2e7edb] [http-nio-8081-exec-3] c.b.c.logging.MethodLoggingAspect - Controller exit: StorefrontCartController.getCart(..) -> status=200 (19 ms)
2026-01-08 19:10:51.021 [39mDEBUG[0;39m [523feab5-9742-4f85-a1da-453f3b2e7edb] [http-nio-8081-exec-3] c.b.c.logging.MethodLoggingAspect - Controller result: StorefrontCartController.getCart(..) => ResponseEntity(status=200)
2026-01-08 19:10:51.023 [34mINFO [0;39m [523feab5-9742-4f85-a1da-453f3b2e7edb] [http-nio-8081-exec-3] c.b.config.logging.HttpLoggingFilter - GET /api/storefront/cart -> 200 (28 ms)
2026-01-08 19:10:51.025 [34mINFO [0;39m [523feab5-9742-4f85-a1da-453f3b2e7edb] [http-nio-8081-exec-3] c.b.config.logging.HttpLoggingFilter - Headers: auth=absent content-type=null accept=application/json, text/plain, */*
2026-01-08 19:10:51.026 [34mINFO [0;39m [523feab5-9742-4f85-a1da-453f3b2e7edb] [http-nio-8081-exec-3] c.b.config.logging.HttpLoggingFilter - Response payload: {"totals":{"subtotal":0.0,"itemsCount":0},"items":[]}
2026-01-08 19:10:53.136 [39mDEBUG[0;39m [bf14a87f-ca7a-4914-931d-9b7c083fa1c4] [http-nio-8081-exec-4] c.b.c.logging.MethodLoggingAspect - Controller enter: StoreDiscoveryController.stores(..) args=[null, null]
2026-01-08 19:10:53.141 [34mINFO [0;39m [bf14a87f-ca7a-4914-931d-9b7c083fa1c4] [http-nio-8081-exec-4] c.b.web.StoreDiscoveryController - Discover stores: tenant=demo-store search=null category=null
2026-01-08 19:10:53.143 [39mDEBUG[0;39m [bf14a87f-ca7a-4914-931d-9b7c083fa1c4] [http-nio-8081-exec-4] c.b.c.logging.MethodLoggingAspect - Factory enter: FactoryProvider.getFactory() args=[]
2026-01-08 19:10:53.145 [34mINFO [0;39m [bf14a87f-ca7a-4914-931d-9b7c083fa1c4] [http-nio-8081-exec-4] c.b.c.logging.MethodLoggingAspect - Factory exit: FactoryProvider.getFactory() (2 ms)
2026-01-08 19:10:53.152 [39mDEBUG[0;39m [bf14a87f-ca7a-4914-931d-9b7c083fa1c4] [http-nio-8081-exec-4] c.b.c.logging.MethodLoggingAspect - Factory result: FactoryProvider.getFactory() => DefaultStorefrontFactory$$SpringCGLIB$$0(com.bharatshop.factory.impl.DefaultStorefrontFactory@30b35687)
2026-01-08 19:10:53.159 [39mDEBUG[0;39m [bf14a87f-ca7a-4914-931d-9b7c083fa1c4] [http-nio-8081-exec-4] c.b.c.logging.MethodLoggingAspect - Factory enter: DefaultStorefrontFactory.stores() args=[]
2026-01-08 19:10:53.159 [34mINFO [0;39m [bf14a87f-ca7a-4914-931d-9b7c083fa1c4] [http-nio-8081-exec-4] c.b.c.logging.MethodLoggingAspect - Factory exit: DefaultStorefrontFactory.stores() (0 ms)
2026-01-08 19:10:53.161 [39mDEBUG[0;39m [bf14a87f-ca7a-4914-931d-9b7c083fa1c4] [http-nio-8081-exec-4] c.b.c.logging.MethodLoggingAspect - Factory result: DefaultStorefrontFactory.stores() => (com.bharatshop.factory.impl.DefaultStorefrontFactory$2@485b92fd)
2026-01-08 19:10:53.161 [39mDEBUG[0;39m [bf14a87f-ca7a-4914-931d-9b7c083fa1c4] [http-nio-8081-exec-4] c.b.c.logging.MethodLoggingAspect - Service enter: StoreService.list(..) args=[null, null]
2026-01-08 19:10:53.174 [34mINFO [0;39m [bf14a87f-ca7a-4914-931d-9b7c083fa1c4] [http-nio-8081-exec-4] c.b.c.logging.MethodLoggingAspect - Service exit: StoreService.list(..) (13 ms)
2026-01-08 19:10:53.175 [39mDEBUG[0;39m [bf14a87f-ca7a-4914-931d-9b7c083fa1c4] [http-nio-8081-exec-4] c.b.c.logging.MethodLoggingAspect - Service result: StoreService.list(..) => ArrayList[size=3]
2026-01-08 19:10:53.178 [34mINFO [0;39m [bf14a87f-ca7a-4914-931d-9b7c083fa1c4] [http-nio-8081-exec-4] c.b.c.logging.MethodLoggingAspect - Controller exit: StoreDiscoveryController.stores(..) -> status=200 (41 ms)
2026-01-08 19:10:53.178 [39mDEBUG[0;39m [bf14a87f-ca7a-4914-931d-9b7c083fa1c4] [http-nio-8081-exec-4] c.b.c.logging.MethodLoggingAspect - Controller result: StoreDiscoveryController.stores(..) => ResponseEntity(status=200)
2026-01-08 19:10:53.226 [34mINFO [0;39m [bf14a87f-ca7a-4914-931d-9b7c083fa1c4] [http-nio-8081-exec-4] c.b.config.logging.HttpLoggingFilter - GET /api/stores -> 200 (89 ms)
2026-01-08 19:10:53.238 [34mINFO [0;39m [bf14a87f-ca7a-4914-931d-9b7c083fa1c4] [http-nio-8081-exec-4] c.b.config.logging.HttpLoggingFilter - Headers: auth=absent content-type=null accept=application/json, text/plain, */*
2026-01-08 19:10:53.249 [34mINFO [0;39m [bf14a87f-ca7a-4914-931d-9b7c083fa1c4] [http-nio-8081-exec-4] c.b.config.logging.HttpLoggingFilter - Response payload: [{"id":"9d72b824-254a-4055-b893-eca7fbb44c7e","name":"City Pharmacy","area":"Brigade","category":"pharmacy","status":"open","orderingDisabled":false,"updatedAt":"2026-01-07T13:52:45.314753Z"},{"id":"fcc0735f-7395-4acc-a086-40195c7ff4c1","name":"Fresh Mart","area":"MG Road","category":"grocery","status":"open","orderingDisabled":false,"updatedAt":"2026-01-07T13:52:45.229915Z"},{"id":"e3a21b9e-4c25-4ef4-928d-0c2b3c7d8830","name":"Sunrise Hotel","area":"Beach","category":"hospitality","status":"open","orderingDisabled":false,"updatedAt":"2026-01-07T13:52:45.318432Z"}]
2026-01-08 19:11:05.018 [31mWARN [0;39m [] [HikariPool-1 housekeeper] com.zaxxer.hikari.pool.HikariPool - HikariPool-1 - Thread starvation or clock leap detected (housekeeper delta=8h43m58s880ms234µs400ns).
2026-01-08 19:24:47.082 [39mDEBUG[0;39m [f1e130f7-56a3-4ab0-b734-780da2f8e9e0] [http-nio-8081-exec-8] c.b.c.logging.MethodLoggingAspect - Controller enter: StorefrontCartController.getCart(..) args=[demo-store, guest_1763142291071_p6hkbv]
2026-01-08 19:24:47.084 [34mINFO [0;39m [f1e130f7-56a3-4ab0-b734-780da2f8e9e0] [http-nio-8081-exec-8] c.b.web.StorefrontCartController - Storefront get cart: tenant=demo-store userId=guest-guest_1763142291071_p6hkbv 
2026-01-08 19:24:47.084 [39mDEBUG[0;39m [624062ab-a4dc-449a-a23f-8a3ff6a7a989] [http-nio-8081-exec-7] c.b.c.logging.MethodLoggingAspect - Controller enter: AuthController.profile(..) args=[ContentCachingRequestWrapper(org.springframework.web.util.ContentCachingRequestWrapper@2441d2a7)]
2026-01-08 19:24:47.084 [39mDEBUG[0;39m [f1e130f7-56a3-4ab0-b734-780da2f8e9e0] [http-nio-8081-exec-8] c.b.c.logging.MethodLoggingAspect - Service enter: CartService.getCart(..) args=[guest-guest_1763142291071_p6hkbv]
2026-01-08 19:24:47.086 [34mINFO [0;39m [f1e130f7-56a3-4ab0-b734-780da2f8e9e0] [http-nio-8081-exec-8] c.b.c.logging.MethodLoggingAspect - Service exit: CartService.getCart(..) (2 ms)
2026-01-08 19:24:47.086 [34mINFO [0;39m [624062ab-a4dc-449a-a23f-8a3ff6a7a989] [http-nio-8081-exec-7] com.bharatshop.web.AuthController - Profile requested: tokenPresent=true 
2026-01-08 19:24:47.086 [39mDEBUG[0;39m [f1e130f7-56a3-4ab0-b734-780da2f8e9e0] [http-nio-8081-exec-8] c.b.c.logging.MethodLoggingAspect - Service result: CartService.getCart(..) => ArrayList[size=2]
2026-01-08 19:24:47.087 [34mINFO [0;39m [f1e130f7-56a3-4ab0-b734-780da2f8e9e0] [http-nio-8081-exec-8] c.b.c.logging.MethodLoggingAspect - Controller exit: StorefrontCartController.getCart(..) -> status=200 (5 ms)
2026-01-08 19:24:47.087 [39mDEBUG[0;39m [f1e130f7-56a3-4ab0-b734-780da2f8e9e0] [http-nio-8081-exec-8] c.b.c.logging.MethodLoggingAspect - Controller result: StorefrontCartController.getCart(..) => ResponseEntity(status=200)
2026-01-08 19:24:47.087 [39mDEBUG[0;39m [624062ab-a4dc-449a-a23f-8a3ff6a7a989] [http-nio-8081-exec-7] c.b.c.logging.MethodLoggingAspect - Service enter: AuthService.getProfile(..) args=[eyJhbGciOiJIUzI1NiIsInR5cCI6IkpXVCJ9.eyJzdWIiOiIzZDA2YWFiNy1iY2UzLTQwNTgtYmU5NC0wNTkxODU5Y2YyNTMiLCJuYW1lIjoiVXNlcjAzNDkiLCJyb2xlIjoiY29uc3VtZXIiLCJpYXQiOjE3Njc3OTY3MzEsImV4cCI6MTc2NzgwMDMzMX0.TGEFsM6nGNe9hLB6s_2xPkLwiqirYi_yxKuPLefaUx0]
2026-01-08 19:24:47.091 [34mINFO [0;39m [624062ab-a4dc-449a-a23f-8a3ff6a7a989] [http-nio-8081-exec-7] c.b.c.logging.MethodLoggingAspect - Service exit: AuthService.getProfile(..) (4 ms)
2026-01-08 19:24:47.091 [39mDEBUG[0;39m [624062ab-a4dc-449a-a23f-8a3ff6a7a989] [http-nio-8081-exec-7] c.b.c.logging.MethodLoggingAspect - Service result: AuthService.getProfile(..) => null
2026-01-08 19:24:47.091 [34mINFO [0;39m [f1e130f7-56a3-4ab0-b734-780da2f8e9e0] [http-nio-8081-exec-8] c.b.config.logging.HttpLoggingFilter - GET /api/storefront/cart -> 200 (13 ms)
2026-01-08 19:24:47.101 [34mINFO [0;39m [f1e130f7-56a3-4ab0-b734-780da2f8e9e0] [http-nio-8081-exec-8] c.b.config.logging.HttpLoggingFilter - Headers: auth=present content-type=null accept=application/json, text/plain, */*
2026-01-08 19:24:47.101 [34mINFO [0;39m [f1e130f7-56a3-4ab0-b734-780da2f8e9e0] [http-nio-8081-exec-8] c.b.config.logging.HttpLoggingFilter - Response payload: {"totals":{"subtotal":0.0,"itemsCount":2},"items":[{"price":0.0,"quantity":1},{"price":0.0,"quantity":1}]}
2026-01-08 19:24:47.122 [39mDEBUG[0;39m [9441b6c0-3873-4e3f-830a-dc4a41f99946] [http-nio-8081-exec-9] c.b.c.logging.MethodLoggingAspect - Controller enter: StorefrontCartController.getCart(..) args=[demo-store, guest_1763142291071_p6hkbv]
2026-01-08 19:24:47.122 [1;31mERROR[0;39m [624062ab-a4dc-449a-a23f-8a3ff6a7a989] [http-nio-8081-exec-7] c.b.c.logging.MethodLoggingAspect - Unhandled exception: com.bharatshop.error.UnauthorizedException: Unauthorized
2026-01-08 19:24:47.122 [34mINFO [0;39m [9441b6c0-3873-4e3f-830a-dc4a41f99946] [http-nio-8081-exec-9] c.b.web.StorefrontCartController - Storefront get cart: tenant=demo-store userId=guest-guest_1763142291071_p6hkbv 
2026-01-08 19:24:47.122 [39mDEBUG[0;39m [9441b6c0-3873-4e3f-830a-dc4a41f99946] [http-nio-8081-exec-9] c.b.c.logging.MethodLoggingAspect - Service enter: CartService.getCart(..) args=[guest-guest_1763142291071_p6hkbv]
2026-01-08 19:24:47.122 [34mINFO [0;39m [9441b6c0-3873-4e3f-830a-dc4a41f99946] [http-nio-8081-exec-9] c.b.c.logging.MethodLoggingAspect - Service exit: CartService.getCart(..) (0 ms)
2026-01-08 19:24:47.122 [39mDEBUG[0;39m [9441b6c0-3873-4e3f-830a-dc4a41f99946] [http-nio-8081-exec-9] c.b.c.logging.MethodLoggingAspect - Service result: CartService.getCart(..) => ArrayList[size=2]
2026-01-08 19:24:47.125 [34mINFO [0;39m [9441b6c0-3873-4e3f-830a-dc4a41f99946] [http-nio-8081-exec-9] c.b.c.logging.MethodLoggingAspect - Controller exit: StorefrontCartController.getCart(..) -> status=200 (3 ms)
2026-01-08 19:24:47.125 [39mDEBUG[0;39m [9441b6c0-3873-4e3f-830a-dc4a41f99946] [http-nio-8081-exec-9] c.b.c.logging.MethodLoggingAspect - Controller result: StorefrontCartController.getCart(..) => ResponseEntity(status=200)
2026-01-08 19:24:47.127 [1;31mERROR[0;39m [624062ab-a4dc-449a-a23f-8a3ff6a7a989] [http-nio-8081-exec-7] c.b.c.logging.MethodLoggingAspect - Controller error: AuthController.profile(..) (38 ms) - com.bharatshop.error.UnauthorizedException: Unauthorized
2026-01-08 19:24:47.184 [34mINFO [0;39m [9441b6c0-3873-4e3f-830a-dc4a41f99946] [http-nio-8081-exec-9] c.b.config.logging.HttpLoggingFilter - GET /api/storefront/cart -> 200 (66 ms)
2026-01-08 19:24:47.184 [34mINFO [0;39m [9441b6c0-3873-4e3f-830a-dc4a41f99946] [http-nio-8081-exec-9] c.b.config.logging.HttpLoggingFilter - Headers: auth=present content-type=null accept=application/json, text/plain, */*
2026-01-08 19:24:47.184 [34mINFO [0;39m [9441b6c0-3873-4e3f-830a-dc4a41f99946] [http-nio-8081-exec-9] c.b.config.logging.HttpLoggingFilter - Response payload: {"totals":{"subtotal":0.0,"itemsCount":2},"items":[{"price":0.0,"quantity":1},{"price":0.0,"quantity":1}]}
2026-01-08 19:24:47.229 [31mWARN [0;39m [624062ab-a4dc-449a-a23f-8a3ff6a7a989] [http-nio-8081-exec-7] c.b.config.GlobalExceptionHandler - API error: code=UNAUTHORIZED message=Unauthorized
2026-01-08 19:24:47.236 [34mINFO [0;39m [624062ab-a4dc-449a-a23f-8a3ff6a7a989] [http-nio-8081-exec-7] c.b.config.logging.HttpLoggingFilter - GET /api/storefront/auth/profile -> 401 (158 ms)
2026-01-08 19:24:47.236 [34mINFO [0;39m [624062ab-a4dc-449a-a23f-8a3ff6a7a989] [http-nio-8081-exec-7] c.b.config.logging.HttpLoggingFilter - Headers: auth=present content-type=null accept=application/json, text/plain, */*
2026-01-08 19:24:47.236 [34mINFO [0;39m [624062ab-a4dc-449a-a23f-8a3ff6a7a989] [http-nio-8081-exec-7] c.b.config.logging.HttpLoggingFilter - Response payload: {"code":"UNAUTHORIZED","message":"Unauthorized"}
2026-01-08 19:24:47.252 [39mDEBUG[0;39m [098ef7ed-d949-4724-9505-58bcaf632160] [http-nio-8081-exec-6] c.b.c.logging.MethodLoggingAspect - Controller enter: AuthController.profile(..) args=[ContentCachingRequestWrapper(org.springframework.web.util.ContentCachingRequestWrapper@1e05ea8d)]
2026-01-08 19:24:47.252 [34mINFO [0;39m [098ef7ed-d949-4724-9505-58bcaf632160] [http-nio-8081-exec-6] com.bharatshop.web.AuthController - Profile requested: tokenPresent=true 
2026-01-08 19:24:47.252 [39mDEBUG[0;39m [098ef7ed-d949-4724-9505-58bcaf632160] [http-nio-8081-exec-6] c.b.c.logging.MethodLoggingAspect - Service enter: AuthService.getProfile(..) args=[eyJhbGciOiJIUzI1NiIsInR5cCI6IkpXVCJ9.eyJzdWIiOiIzZDA2YWFiNy1iY2UzLTQwNTgtYmU5NC0wNTkxODU5Y2YyNTMiLCJuYW1lIjoiVXNlcjAzNDkiLCJyb2xlIjoiY29uc3VtZXIiLCJpYXQiOjE3Njc3OTY3MzEsImV4cCI6MTc2NzgwMDMzMX0.TGEFsM6nGNe9hLB6s_2xPkLwiqirYi_yxKuPLefaUx0]
2026-01-08 19:24:47.255 [34mINFO [0;39m [098ef7ed-d949-4724-9505-58bcaf632160] [http-nio-8081-exec-6] c.b.c.logging.MethodLoggingAspect - Service exit: AuthService.getProfile(..) (3 ms)
2026-01-08 19:24:47.255 [39mDEBUG[0;39m [098ef7ed-d949-4724-9505-58bcaf632160] [http-nio-8081-exec-6] c.b.c.logging.MethodLoggingAspect - Service result: AuthService.getProfile(..) => null
2026-01-08 19:24:47.255 [1;31mERROR[0;39m [098ef7ed-d949-4724-9505-58bcaf632160] [http-nio-8081-exec-6] c.b.c.logging.MethodLoggingAspect - Unhandled exception: com.bharatshop.error.UnauthorizedException: Unauthorized
2026-01-08 19:24:47.255 [1;31mERROR[0;39m [098ef7ed-d949-4724-9505-58bcaf632160] [http-nio-8081-exec-6] c.b.c.logging.MethodLoggingAspect - Controller error: AuthController.profile(..) (5 ms) - com.bharatshop.error.UnauthorizedException: Unauthorized
2026-01-08 19:24:47.255 [31mWARN [0;39m [098ef7ed-d949-4724-9505-58bcaf632160] [http-nio-8081-exec-6] c.b.config.GlobalExceptionHandler - API error: code=UNAUTHORIZED message=Unauthorized
2026-01-08 19:24:47.259 [34mINFO [0;39m [098ef7ed-d949-4724-9505-58bcaf632160] [http-nio-8081-exec-6] c.b.config.logging.HttpLoggingFilter - GET /api/storefront/auth/profile -> 401 (7 ms)
2026-01-08 19:24:47.260 [34mINFO [0;39m [098ef7ed-d949-4724-9505-58bcaf632160] [http-nio-8081-exec-6] c.b.config.logging.HttpLoggingFilter - Headers: auth=present content-type=null accept=application/json, text/plain, */*
2026-01-08 19:24:47.260 [34mINFO [0;39m [098ef7ed-d949-4724-9505-58bcaf632160] [http-nio-8081-exec-6] c.b.config.logging.HttpLoggingFilter - Response payload: {"code":"UNAUTHORIZED","message":"Unauthorized"}
2026-01-08 19:40:06.916 [34mINFO [0;39m [b929f54a-2d2f-465d-9402-241ee2ee004c] [http-nio-8081-exec-5] c.b.config.logging.HttpLoggingFilter - GET /api/logistics/delivery/test-delivery-id -> 404 (61 ms)
2026-01-08 19:40:06.916 [34mINFO [0;39m [b929f54a-2d2f-465d-9402-241ee2ee004c] [http-nio-8081-exec-5] c.b.config.logging.HttpLoggingFilter - Headers: auth=absent content-type=null accept=null
2026-01-08 19:40:18.525 [31mWARN [0;39m [546cef6c-1738-44fb-9350-a0f58f4367b1] [http-nio-8081-exec-1] o.s.b.a.mail.MailHealthIndicator - Mail health check failed
jakarta.mail.AuthenticationFailedException: failed to connect, no password specified?
	at jakarta.mail.Service.connect(Service.java:379)
	at org.springframework.mail.javamail.JavaMailSenderImpl.connectTransport(JavaMailSenderImpl.java:480)
	at org.springframework.mail.javamail.JavaMailSenderImpl.testConnection(JavaMailSenderImpl.java:360)
	at org.springframework.boot.actuate.mail.MailHealthIndicator.doHealthCheck(MailHealthIndicator.java:52)
	at org.springframework.boot.actuate.health.AbstractHealthIndicator.health(AbstractHealthIndicator.java:82)
	at org.springframework.boot.actuate.health.HealthIndicator.getHealth(HealthIndicator.java:37)
	at org.springframework.boot.actuate.health.HealthEndpointWebExtension.getHealth(HealthEndpointWebExtension.java:94)
	at org.springframework.boot.actuate.health.HealthEndpointWebExtension.getHealth(HealthEndpointWebExtension.java:47)
	at org.springframework.boot.actuate.health.HealthEndpointSupport.getLoggedHealth(HealthEndpointSupport.java:172)
	at org.springframework.boot.actuate.health.HealthEndpointSupport.getContribution(HealthEndpointSupport.java:145)
	at org.springframework.boot.actuate.health.HealthEndpointSupport.getAggregateContribution(HealthEndpointSupport.java:156)
	at org.springframework.boot.actuate.health.HealthEndpointSupport.getContribution(HealthEndpointSupport.java:141)
	at org.springframework.boot.actuate.health.HealthEndpointSupport.getHealth(HealthEndpointSupport.java:110)
	at org.springframework.boot.actuate.health.HealthEndpointSupport.getHealth(HealthEndpointSupport.java:81)
	at org.springframework.boot.actuate.health.HealthEndpointWebExtension.health(HealthEndpointWebExtension.java:80)
	at org.springframework.boot.actuate.health.HealthEndpointWebExtension.health(HealthEndpointWebExtension.java:69)
	at java.base/jdk.internal.reflect.NativeMethodAccessorImpl.invoke0(Native Method)
	at java.base/jdk.internal.reflect.NativeMethodAccessorImpl.invoke(NativeMethodAccessorImpl.java:77)
	at java.base/jdk.internal.reflect.DelegatingMethodAccessorImpl.invoke(DelegatingMethodAccessorImpl.java:43)
	at java.base/java.lang.reflect.Method.invoke(Method.java:568)
	at org.springframework.util.ReflectionUtils.invokeMethod(ReflectionUtils.java:281)
	at org.springframework.boot.actuate.endpoint.invoke.reflect.ReflectiveOperationInvoker.invoke(ReflectiveOperationInvoker.java:74)
	at org.springframework.boot.actuate.endpoint.annotation.AbstractDiscoveredOperation.invoke(AbstractDiscoveredOperation.java:60)
	at org.springframework.boot.actuate.endpoint.web.servlet.AbstractWebMvcEndpointHandlerMapping$ServletWebOperationAdapter.handle(AbstractWebMvcEndpointHandlerMapping.java:327)
	at org.springframework.boot.actuate.endpoint.web.servlet.AbstractWebMvcEndpointHandlerMapping$OperationHandler.handle(AbstractWebMvcEndpointHandlerMapping.java:434)
	at java.base/jdk.internal.reflect.NativeMethodAccessorImpl.invoke0(Native Method)
	at java.base/jdk.internal.reflect.NativeMethodAccessorImpl.invoke(NativeMethodAccessorImpl.java:77)
	at java.base/jdk.internal.reflect.DelegatingMethodAccessorImpl.invoke(DelegatingMethodAccessorImpl.java:43)
	at java.base/java.lang.reflect.Method.invoke(Method.java:568)
	at org.springframework.web.method.support.InvocableHandlerMethod.doInvoke(InvocableHandlerMethod.java:255)
	at org.springframework.web.method.support.InvocableHandlerMethod.invokeForRequest(InvocableHandlerMethod.java:188)
	at org.springframework.web.servlet.mvc.method.annotation.ServletInvocableHandlerMethod.invokeAndHandle(ServletInvocableHandlerMethod.java:118)
	at org.springframework.web.servlet.mvc.method.annotation.RequestMappingHandlerAdapter.invokeHandlerMethod(RequestMappingHandlerAdapter.java:926)
	at org.springframework.web.servlet.mvc.method.annotation.RequestMappingHandlerAdapter.handleInternal(RequestMappingHandlerAdapter.java:831)
	at org.springframework.web.servlet.mvc.method.AbstractHandlerMethodAdapter.handle(AbstractHandlerMethodAdapter.java:87)
	at org.springframework.web.servlet.DispatcherServlet.doDispatch(DispatcherServlet.java:1089)
	at org.springframework.web.servlet.DispatcherServlet.doService(DispatcherServlet.java:979)
	at org.springframework.web.servlet.FrameworkServlet.processRequest(FrameworkServlet.java:1014)
	at org.springframework.web.servlet.FrameworkServlet.doGet(FrameworkServlet.java:903)
	at jakarta.servlet.http.HttpServlet.service(HttpServlet.java:564)
	at org.springframework.web.servlet.FrameworkServlet.service(FrameworkServlet.java:885)
	at jakarta.servlet.http.HttpServlet.service(HttpServlet.java:658)
	at org.apache.catalina.core.ApplicationFilterChain.internalDoFilter(ApplicationFilterChain.java:195)
	at org.apache.catalina.core.ApplicationFilterChain.doFilter(ApplicationFilterChain.java:140)
	at org.apache.tomcat.websocket.server.WsFilter.doFilter(WsFilter.java:51)
	at org.apache.catalina.core.ApplicationFilterChain.internalDoFilter(ApplicationFilterChain.java:164)
	at org.apache.catalina.core.ApplicationFilterChain.doFilter(ApplicationFilterChain.java:140)
	at org.springframework.web.filter.OncePerRequestFilter.doFilter(OncePerRequestFilter.java:110)
	at org.apache.catalina.core.ApplicationFilterChain.internalDoFilter(ApplicationFilterChain.java:164)
	at org.apache.catalina.core.ApplicationFilterChain.doFilter(ApplicationFilterChain.java:140)
	at com.bharatshop.config.TenantFilter.doFilterInternal(TenantFilter.java:35)
	at org.springframework.web.filter.OncePerRequestFilter.doFilter(OncePerRequestFilter.java:116)
	at org.apache.catalina.core.ApplicationFilterChain.internalDoFilter(ApplicationFilterChain.java:164)
	at org.apache.catalina.core.ApplicationFilterChain.doFilter(ApplicationFilterChain.java:140)
	at com.bharatshop.config.IdempotencyFilter.doFilterInternal(IdempotencyFilter.java:54)
	at org.springframework.web.filter.OncePerRequestFilter.doFilter(OncePerRequestFilter.java:116)
	at org.apache.catalina.core.ApplicationFilterChain.internalDoFilter(ApplicationFilterChain.java:164)
	at org.apache.catalina.core.ApplicationFilterChain.doFilter(ApplicationFilterChain.java:140)
	at com.bharatshop.config.logging.HttpLoggingFilter.doFilterInternal(HttpLoggingFilter.java:32)
	at org.springframework.web.filter.OncePerRequestFilter.doFilter(OncePerRequestFilter.java:116)
	at org.apache.catalina.core.ApplicationFilterChain.internalDoFilter(ApplicationFilterChain.java:164)
	at org.apache.catalina.core.ApplicationFilterChain.doFilter(ApplicationFilterChain.java:140)
	at com.bharatshop.config.logging.CorrelationIdFilter.doFilterInternal(CorrelationIdFilter.java:29)
	at org.springframework.web.filter.OncePerRequestFilter.doFilter(OncePerRequestFilter.java:116)
	at org.apache.catalina.core.ApplicationFilterChain.internalDoFilter(ApplicationFilterChain.java:164)
	at org.apache.catalina.core.ApplicationFilterChain.doFilter(ApplicationFilterChain.java:140)
	at org.springframework.web.filter.CompositeFilter$VirtualFilterChain.doFilter(CompositeFilter.java:108)
	at org.springframework.security.web.FilterChainProxy.lambda$doFilterInternal$3(FilterChainProxy.java:231)
	at org.springframework.security.web.ObservationFilterChainDecorator$FilterObservation$SimpleFilterObservation.lambda$wrap$1(ObservationFilterChainDecorator.java:479)
	at org.springframework.security.web.ObservationFilterChainDecorator$AroundFilterObservation$SimpleAroundFilterObservation.lambda$wrap$1(ObservationFilterChainDecorator.java:340)
	at org.springframework.security.web.ObservationFilterChainDecorator.lambda$wrapSecured$0(ObservationFilterChainDecorator.java:82)
	at org.springframework.security.web.ObservationFilterChainDecorator$VirtualFilterChain.doFilter(ObservationFilterChainDecorator.java:128)
	at org.springframework.security.web.access.intercept.AuthorizationFilter.doFilter(AuthorizationFilter.java:100)
	at org.springframework.security.web.ObservationFilterChainDecorator$ObservationFilter.wrapFilter(ObservationFilterChainDecorator.java:240)
	at org.springframework.security.web.ObservationFilterChainDecorator$ObservationFilter.doFilter(ObservationFilterChainDecorator.java:227)
	at org.springframework.security.web.ObservationFilterChainDecorator$VirtualFilterChain.doFilter(ObservationFilterChainDecorator.java:137)
	at org.springframework.security.web.access.ExceptionTranslationFilter.doFilter(ExceptionTranslationFilter.java:126)
	at org.springframework.security.web.access.ExceptionTranslationFilter.doFilter(ExceptionTranslationFilter.java:120)
	at org.springframework.security.web.ObservationFilterChainDecorator$ObservationFilter.wrapFilter(ObservationFilterChainDecorator.java:240)
	at org.springframework.security.web.ObservationFilterChainDecorator$ObservationFilter.doFilter(ObservationFilterChainDecorator.java:227)
	at org.springframework.security.web.ObservationFilterChainDecorator$VirtualFilterChain.doFilter(ObservationFilterChainDecorator.java:137)
	at org.springframework.security.web.authentication.AnonymousAuthenticationFilter.doFilter(AnonymousAuthenticationFilter.java:100)
	at org.springframework.security.web.ObservationFilterChainDecorator$ObservationFilter.wrapFilter(ObservationFilterChainDecorator.java:240)
	at org.springframework.security.web.ObservationFilterChainDecorator$ObservationFilter.doFilter(ObservationFilterChainDecorator.java:227)
	at org.springframework.security.web.ObservationFilterChainDecorator$VirtualFilterChain.doFilter(ObservationFilterChainDecorator.java:137)
	at org.springframework.security.web.servletapi.SecurityContextHolderAwareRequestFilter.doFilter(SecurityContextHolderAwareRequestFilter.java:179)
	at org.springframework.security.web.ObservationFilterChainDecorator$ObservationFilter.wrapFilter(ObservationFilterChainDecorator.java:240)
	at org.springframework.security.web.ObservationFilterChainDecorator$ObservationFilter.doFilter(ObservationFilterChainDecorator.java:227)
	at org.springframework.security.web.ObservationFilterChainDecorator$VirtualFilterChain.doFilter(ObservationFilterChainDecorator.java:137)
	at org.springframework.security.web.savedrequest.RequestCacheAwareFilter.doFilter(RequestCacheAwareFilter.java:63)
	at org.springframework.security.web.ObservationFilterChainDecorator$ObservationFilter.wrapFilter(ObservationFilterChainDecorator.java:240)
	at org.springframework.security.web.ObservationFilterChainDecorator$ObservationFilter.doFilter(ObservationFilterChainDecorator.java:227)
	at org.springframework.security.web.ObservationFilterChainDecorator$VirtualFilterChain.doFilter(ObservationFilterChainDecorator.java:137)
	at com.bharatshop.security.TokenAuthFilter.doFilterInternal(TokenAuthFilter.java:47)
	at org.springframework.web.filter.OncePerRequestFilter.doFilter(OncePerRequestFilter.java:116)
	at org.springframework.security.web.ObservationFilterChainDecorator$ObservationFilter.wrapFilter(ObservationFilterChainDecorator.java:240)
	at org.springframework.security.web.ObservationFilterChainDecorator$ObservationFilter.doFilter(ObservationFilterChainDecorator.java:227)
	at org.springframework.security.web.ObservationFilterChainDecorator$VirtualFilterChain.doFilter(ObservationFilterChainDecorator.java:137)
	at org.springframework.security.web.authentication.logout.LogoutFilter.doFilter(LogoutFilter.java:107)
	at org.springframework.security.web.authentication.logout.LogoutFilter.doFilter(LogoutFilter.java:93)
	at org.springframework.security.web.ObservationFilterChainDecorator$ObservationFilter.wrapFilter(ObservationFilterChainDecorator.java:240)
	at org.springframework.security.web.ObservationFilterChainDecorator$ObservationFilter.doFilter(ObservationFilterChainDecorator.java:227)
	at org.springframework.security.web.ObservationFilterChainDecorator$VirtualFilterChain.doFilter(ObservationFilterChainDecorator.java:137)
	at org.springframework.web.filter.CorsFilter.doFilterInternal(CorsFilter.java:91)
	at org.springframework.web.filter.OncePerRequestFilter.doFilter(OncePerRequestFilter.java:116)
	at org.springframework.security.web.ObservationFilterChainDecorator$ObservationFilter.wrapFilter(ObservationFilterChainDecorator.java:240)
	at org.springframework.security.web.ObservationFilterChainDecorator$ObservationFilter.doFilter(ObservationFilterChainDecorator.java:227)
	at org.springframework.security.web.ObservationFilterChainDecorator$VirtualFilterChain.doFilter(ObservationFilterChainDecorator.java:137)
	at org.springframework.security.web.header.HeaderWriterFilter.doHeadersAfter(HeaderWriterFilter.java:90)
	at org.springframework.security.web.header.HeaderWriterFilter.doFilterInternal(HeaderWriterFilter.java:75)
	at org.springframework.web.filter.OncePerRequestFilter.doFilter(OncePerRequestFilter.java:116)
	at org.springframework.security.web.ObservationFilterChainDecorator$ObservationFilter.wrapFilter(ObservationFilterChainDecorator.java:240)
	at org.springframework.security.web.ObservationFilterChainDecorator$ObservationFilter.doFilter(ObservationFilterChainDecorator.java:227)
	at org.springframework.security.web.ObservationFilterChainDecorator$VirtualFilterChain.doFilter(ObservationFilterChainDecorator.java:137)
	at org.springframework.security.web.context.SecurityContextHolderFilter.doFilter(SecurityContextHolderFilter.java:82)
	at org.springframework.security.web.context.SecurityContextHolderFilter.doFilter(SecurityContextHolderFilter.java:69)
	at org.springframework.security.web.ObservationFilterChainDecorator$ObservationFilter.wrapFilter(ObservationFilterChainDecorator.java:240)
	at org.springframework.security.web.ObservationFilterChainDecorator$ObservationFilter.doFilter(ObservationFilterChainDecorator.java:227)
	at org.springframework.security.web.ObservationFilterChainDecorator$VirtualFilterChain.doFilter(ObservationFilterChainDecorator.java:137)
	at org.springframework.security.web.context.request.async.WebAsyncManagerIntegrationFilter.doFilterInternal(WebAsyncManagerIntegrationFilter.java:62)
	at org.springframework.web.filter.OncePerRequestFilter.doFilter(OncePerRequestFilter.java:116)
	at org.springframework.security.web.ObservationFilterChainDecorator$ObservationFilter.wrapFilter(ObservationFilterChainDecorator.java:240)
	at org.springframework.security.web.ObservationFilterChainDecorator$ObservationFilter.doFilter(ObservationFilterChainDecorator.java:227)
	at org.springframework.security.web.ObservationFilterChainDecorator$VirtualFilterChain.doFilter(ObservationFilterChainDecorator.java:137)
	at org.springframework.security.web.session.DisableEncodeUrlFilter.doFilterInternal(DisableEncodeUrlFilter.java:42)
	at org.springframework.web.filter.OncePerRequestFilter.doFilter(OncePerRequestFilter.java:116)
	at org.springframework.security.web.ObservationFilterChainDecorator$ObservationFilter.wrapFilter(ObservationFilterChainDecorator.java:240)
	at org.springframework.security.web.ObservationFilterChainDecorator$AroundFilterObservation$SimpleAroundFilterObservation.lambda$wrap$0(ObservationFilterChainDecorator.java:323)
	at org.springframework.security.web.ObservationFilterChainDecorator$ObservationFilter.doFilter(ObservationFilterChainDecorator.java:224)
	at org.springframework.security.web.ObservationFilterChainDecorator$VirtualFilterChain.doFilter(ObservationFilterChainDecorator.java:137)
	at org.springframework.security.web.FilterChainProxy.doFilterInternal(FilterChainProxy.java:233)
	at org.springframework.security.web.FilterChainProxy.doFilter(FilterChainProxy.java:191)
	at org.springframework.web.filter.CompositeFilter$VirtualFilterChain.doFilter(CompositeFilter.java:113)
	at org.springframework.web.servlet.handler.HandlerMappingIntrospector.lambda$createCacheFilter$3(HandlerMappingIntrospector.java:195)
	at org.springframework.web.filter.CompositeFilter$VirtualFilterChain.doFilter(CompositeFilter.java:113)
	at org.springframework.web.filter.CompositeFilter.doFilter(CompositeFilter.java:74)
	at org.springframework.security.config.annotation.web.configuration.WebMvcSecurityConfiguration$CompositeFilterChainProxy.doFilter(WebMvcSecurityConfiguration.java:230)
	at org.springframework.web.filter.DelegatingFilterProxy.invokeDelegate(DelegatingFilterProxy.java:352)
	at org.springframework.web.filter.DelegatingFilterProxy.doFilter(DelegatingFilterProxy.java:268)
	at org.apache.catalina.core.ApplicationFilterChain.internalDoFilter(ApplicationFilterChain.java:164)
	at org.apache.catalina.core.ApplicationFilterChain.doFilter(ApplicationFilterChain.java:140)
	at org.springframework.web.filter.RequestContextFilter.doFilterInternal(RequestContextFilter.java:100)
	at org.springframework.web.filter.OncePerRequestFilter.doFilter(OncePerRequestFilter.java:116)
	at org.apache.catalina.core.ApplicationFilterChain.internalDoFilter(ApplicationFilterChain.java:164)
	at org.apache.catalina.core.ApplicationFilterChain.doFilter(ApplicationFilterChain.java:140)
	at org.springframework.web.filter.FormContentFilter.doFilterInternal(FormContentFilter.java:93)
	at org.springframework.web.filter.OncePerRequestFilter.doFilter(OncePerRequestFilter.java:116)
	at org.apache.catalina.core.ApplicationFilterChain.internalDoFilter(ApplicationFilterChain.java:164)
	at org.apache.catalina.core.ApplicationFilterChain.doFilter(ApplicationFilterChain.java:140)
	at org.springframework.web.filter.ServerHttpObservationFilter.doFilterInternal(ServerHttpObservationFilter.java:113)
	at org.springframework.web.filter.OncePerRequestFilter.doFilter(OncePerRequestFilter.java:116)
	at org.apache.catalina.core.ApplicationFilterChain.internalDoFilter(ApplicationFilterChain.java:164)
	at org.apache.catalina.core.ApplicationFilterChain.doFilter(ApplicationFilterChain.java:140)
	at org.springframework.web.filter.CharacterEncodingFilter.doFilterInternal(CharacterEncodingFilter.java:201)
	at org.springframework.web.filter.OncePerRequestFilter.doFilter(OncePerRequestFilter.java:116)
	at org.apache.catalina.core.ApplicationFilterChain.internalDoFilter(ApplicationFilterChain.java:164)
	at org.apache.catalina.core.ApplicationFilterChain.doFilter(ApplicationFilterChain.java:140)
	at org.apache.catalina.core.StandardWrapperValve.invoke(StandardWrapperValve.java:167)
	at org.apache.catalina.core.StandardContextValve.invoke(StandardContextValve.java:90)
	at org.apache.catalina.authenticator.AuthenticatorBase.invoke(AuthenticatorBase.java:483)
	at org.apache.catalina.core.StandardHostValve.invoke(StandardHostValve.java:115)
	at org.apache.catalina.valves.ErrorReportValve.invoke(ErrorReportValve.java:93)
	at org.apache.catalina.core.StandardEngineValve.invoke(StandardEngineValve.java:74)
	at org.apache.catalina.valves.AbstractAccessLogValve.invoke(AbstractAccessLogValve.java:663)
	at org.apache.catalina.connector.CoyoteAdapter.service(CoyoteAdapter.java:344)
	at org.apache.coyote.http11.Http11Processor.service(Http11Processor.java:384)
	at org.apache.coyote.AbstractProcessorLight.process(AbstractProcessorLight.java:63)
	at org.apache.coyote.AbstractProtocol$ConnectionHandler.process(AbstractProtocol.java:905)
	at org.apache.tomcat.util.net.NioEndpoint$SocketProcessor.doRun(NioEndpoint.java:1741)
	at org.apache.tomcat.util.net.SocketProcessorBase.run(SocketProcessorBase.java:52)
	at org.apache.tomcat.util.threads.ThreadPoolExecutor.runWorker(ThreadPoolExecutor.java:1190)
	at org.apache.tomcat.util.threads.ThreadPoolExecutor$Worker.run(ThreadPoolExecutor.java:659)
	at org.apache.tomcat.util.threads.TaskThread$WrappingRunnable.run(TaskThread.java:63)
	at java.base/java.lang.Thread.run(Thread.java:842)
2026-01-08 19:40:18.639 [34mINFO [0;39m [546cef6c-1738-44fb-9350-a0f58f4367b1] [http-nio-8081-exec-1] c.b.config.logging.HttpLoggingFilter - GET /actuator/health -> 503 (840 ms)
2026-01-08 19:40:18.641 [34mINFO [0;39m [546cef6c-1738-44fb-9350-a0f58f4367b1] [http-nio-8081-exec-1] c.b.config.logging.HttpLoggingFilter - Headers: auth=absent content-type=null accept=null
2026-01-08 19:40:18.641 [34mINFO [0;39m [546cef6c-1738-44fb-9350-a0f58f4367b1] [http-nio-8081-exec-1] c.b.config.logging.HttpLoggingFilter - Response payload: {"status":"DOWN","components":{"db":{"status":"UP","details":{"database":"H2","validationQuery":"isValid()"}},"diskSpace":{"status":"UP","details":{"total":511023509504,"free":153967312896,"threshold":10485760,"path":"C:\\Users\\Adarsh\\Downloads\\bharatshop-backend\\.","exists":true}},"mail":{"status":"DOWN","details":{"location":":587","error":"jakarta.mail.AuthenticationFailedException: failed to connect, no password specified?"}},"ping":{"status":"UP"}}}
2026-01-08 19:40:28.380 [39mDEBUG[0;39m [4c77f325-1d45-4b13-b8d8-55e262bc3435] [http-nio-8081-exec-10] c.b.c.logging.MethodLoggingAspect - Controller enter: StoreDiscoveryController.stores(..) args=[null, null]
2026-01-08 19:40:28.380 [34mINFO [0;39m [4c77f325-1d45-4b13-b8d8-55e262bc3435] [http-nio-8081-exec-10] c.b.web.StoreDiscoveryController - Discover stores: tenant=test search=null category=null
2026-01-08 19:40:28.382 [39mDEBUG[0;39m [4c77f325-1d45-4b13-b8d8-55e262bc3435] [http-nio-8081-exec-10] c.b.c.logging.MethodLoggingAspect - Factory enter: FactoryProvider.getFactory() args=[]
2026-01-08 19:40:28.382 [34mINFO [0;39m [4c77f325-1d45-4b13-b8d8-55e262bc3435] [http-nio-8081-exec-10] c.b.c.logging.MethodLoggingAspect - Factory exit: FactoryProvider.getFactory() (0 ms)
2026-01-08 19:40:28.382 [39mDEBUG[0;39m [4c77f325-1d45-4b13-b8d8-55e262bc3435] [http-nio-8081-exec-10] c.b.c.logging.MethodLoggingAspect - Factory result: FactoryProvider.getFactory() => DefaultStorefrontFactory$$SpringCGLIB$$0(com.bharatshop.factory.impl.DefaultStorefrontFactory@30b35687)
2026-01-08 19:40:28.382 [39mDEBUG[0;39m [4c77f325-1d45-4b13-b8d8-55e262bc3435] [http-nio-8081-exec-10] c.b.c.logging.MethodLoggingAspect - Factory enter: DefaultStorefrontFactory.stores() args=[]
2026-01-08 19:40:28.382 [34mINFO [0;39m [4c77f325-1d45-4b13-b8d8-55e262bc3435] [http-nio-8081-exec-10] c.b.c.logging.MethodLoggingAspect - Factory exit: DefaultStorefrontFactory.stores() (0 ms)
2026-01-08 19:40:28.382 [39mDEBUG[0;39m [4c77f325-1d45-4b13-b8d8-55e262bc3435] [http-nio-8081-exec-10] c.b.c.logging.MethodLoggingAspect - Factory result: DefaultStorefrontFactory.stores() => (com.bharatshop.factory.impl.DefaultStorefrontFactory$2@70ad4785)
2026-01-08 19:40:28.382 [39mDEBUG[0;39m [4c77f325-1d45-4b13-b8d8-55e262bc3435] [http-nio-8081-exec-10] c.b.c.logging.MethodLoggingAspect - Service enter: StoreService.list(..) args=[null, null]
2026-01-08 19:40:28.395 [34mINFO [0;39m [4c77f325-1d45-4b13-b8d8-55e262bc3435] [http-nio-8081-exec-10] c.b.c.logging.MethodLoggingAspect - Service exit: StoreService.list(..) (13 ms)
2026-01-08 19:40:28.395 [39mDEBUG[0;39m [4c77f325-1d45-4b13-b8d8-55e262bc3435] [http-nio-8081-exec-10] c.b.c.logging.MethodLoggingAspect - Service result: StoreService.list(..) => ArrayList[size=3]
2026-01-08 19:40:28.395 [34mINFO [0;39m [4c77f325-1d45-4b13-b8d8-55e262bc3435] [http-nio-8081-exec-10] c.b.c.logging.MethodLoggingAspect - Controller exit: StoreDiscoveryController.stores(..) -> status=200 (15 ms)
2026-01-08 19:40:28.395 [39mDEBUG[0;39m [4c77f325-1d45-4b13-b8d8-55e262bc3435] [http-nio-8081-exec-10] c.b.c.logging.MethodLoggingAspect - Controller result: StoreDiscoveryController.stores(..) => ResponseEntity(status=200)
2026-01-08 19:40:28.397 [34mINFO [0;39m [4c77f325-1d45-4b13-b8d8-55e262bc3435] [http-nio-8081-exec-10] c.b.config.logging.HttpLoggingFilter - GET /api/stores?city=Test -> 200 (20 ms)
2026-01-08 19:40:28.397 [34mINFO [0;39m [4c77f325-1d45-4b13-b8d8-55e262bc3435] [http-nio-8081-exec-10] c.b.config.logging.HttpLoggingFilter - Headers: auth=absent content-type=null accept=null
2026-01-08 19:40:28.397 [34mINFO [0;39m [4c77f325-1d45-4b13-b8d8-55e262bc3435] [http-nio-8081-exec-10] c.b.config.logging.HttpLoggingFilter - Response payload: [{"id":"9d72b824-254a-4055-b893-eca7fbb44c7e","name":"City Pharmacy","area":"Brigade","category":"pharmacy","status":"open","orderingDisabled":false,"updatedAt":"2026-01-07T13:52:45.314753Z"},{"id":"fcc0735f-7395-4acc-a086-40195c7ff4c1","name":"Fresh Mart","area":"MG Road","category":"grocery","status":"open","orderingDisabled":false,"updatedAt":"2026-01-07T13:52:45.229915Z"},{"id":"e3a21b9e-4c25-4ef4-928d-0c2b3c7d8830","name":"Sunrise Hotel","area":"Beach","category":"hospitality","status":"open","orderingDisabled":false,"updatedAt":"2026-01-07T13:52:45.318432Z"}]
2026-01-08 19:40:40.477 [34mINFO [0;39m [41fe5835-2720-4486-ab84-35766437fb66] [http-nio-8081-exec-3] c.b.config.logging.HttpLoggingFilter - GET /api/logistics/attempts?deliveryId=test123 -> 404 (14 ms)
2026-01-08 19:40:40.477 [34mINFO [0;39m [41fe5835-2720-4486-ab84-35766437fb66] [http-nio-8081-exec-3] c.b.config.logging.HttpLoggingFilter - Headers: auth=absent content-type=null accept=null
2026-01-08 19:41:07.386 [34mINFO [0;39m [eb55ed42-a1f3-4ff1-a022-2d95ece33609] [http-nio-8081-exec-2] c.b.config.logging.HttpLoggingFilter - GET /api/logistics/delivery/test123 -> 404 (13 ms)
2026-01-08 19:41:07.386 [34mINFO [0;39m [eb55ed42-a1f3-4ff1-a022-2d95ece33609] [http-nio-8081-exec-2] c.b.config.logging.HttpLoggingFilter - Headers: auth=absent content-type=null accept=null
2026-01-08 19:41:22.449 [34mINFO [0;39m [79881dd1-7253-4cf0-87e4-03349e9699ea] [http-nio-8081-exec-4] c.b.config.logging.HttpLoggingFilter - POST /api/logistics/attempt -> 404 (13 ms)
2026-01-08 19:41:22.449 [34mINFO [0;39m [79881dd1-7253-4cf0-87e4-03349e9699ea] [http-nio-8081-exec-4] c.b.config.logging.HttpLoggingFilter - Headers: auth=absent content-type=application/json accept=null
2026-01-08 19:41:33.784 [34mINFO [0;39m [269ba5b5-2589-4b0b-9bdb-91a8bba726ab] [http-nio-8081-exec-8] c.b.config.logging.HttpLoggingFilter - GET /swagger-ui/index.html -> 200 (240 ms)
2026-01-08 19:41:33.784 [34mINFO [0;39m [269ba5b5-2589-4b0b-9bdb-91a8bba726ab] [http-nio-8081-exec-8] c.b.config.logging.HttpLoggingFilter - Headers: auth=absent content-type=null accept=null
2026-01-08 19:41:33.784 [34mINFO [0;39m [269ba5b5-2589-4b0b-9bdb-91a8bba726ab] [http-nio-8081-exec-8] c.b.config.logging.HttpLoggingFilter - Response payload: <!-- HTML for static distribution bundle build -->
<!DOCTYPE html>
<html lang="en">
  <head>
    <meta charset="UTF-8">
    <title>Swagger UI</title>
    <link rel="stylesheet" type="text/css" href="./swagger-ui.css" />
    <link rel="stylesheet" type="text/css" href="index.css" />
    <link rel="icon" type="image/png" href="./favicon-32x32.png" sizes="32x32" />
    <link rel="icon" type="image/png" href="./favicon-16x16.png" sizes="16x16" />
  </head>

  <body>
    <div id="swagger-ui"></div>
    <script src="./swagger-ui-bundle.js" charset="UTF-8"> </script>
    <script src="./swagger-ui-standalone-preset.js" charset="UTF-8"> </script>
    <script src="./swagger-initializer.js" charset="UTF-8"> </script>
  </body>
</html>

2026-01-08 19:42:00.298 [31mWARN [0;39m [3407eeaf-5b3d-402d-9587-b69a854d3aa5] [http-nio-8081-exec-9] o.s.b.a.mail.MailHealthIndicator - Mail health check failed
jakarta.mail.AuthenticationFailedException: failed to connect, no password specified?
	at jakarta.mail.Service.connect(Service.java:379)
	at org.springframework.mail.javamail.JavaMailSenderImpl.connectTransport(JavaMailSenderImpl.java:480)
	at org.springframework.mail.javamail.JavaMailSenderImpl.testConnection(JavaMailSenderImpl.java:360)
	at org.springframework.boot.actuate.mail.MailHealthIndicator.doHealthCheck(MailHealthIndicator.java:52)
	at org.springframework.boot.actuate.health.AbstractHealthIndicator.health(AbstractHealthIndicator.java:82)
	at org.springframework.boot.actuate.health.HealthIndicator.getHealth(HealthIndicator.java:37)
	at org.springframework.boot.actuate.health.HealthEndpointWebExtension.getHealth(HealthEndpointWebExtension.java:94)
	at org.springframework.boot.actuate.health.HealthEndpointWebExtension.getHealth(HealthEndpointWebExtension.java:47)
	at org.springframework.boot.actuate.health.HealthEndpointSupport.getLoggedHealth(HealthEndpointSupport.java:172)
	at org.springframework.boot.actuate.health.HealthEndpointSupport.getContribution(HealthEndpointSupport.java:145)
	at org.springframework.boot.actuate.health.HealthEndpointSupport.getAggregateContribution(HealthEndpointSupport.java:156)
	at org.springframework.boot.actuate.health.HealthEndpointSupport.getContribution(HealthEndpointSupport.java:141)
	at org.springframework.boot.actuate.health.HealthEndpointSupport.getHealth(HealthEndpointSupport.java:110)
	at org.springframework.boot.actuate.health.HealthEndpointSupport.getHealth(HealthEndpointSupport.java:81)
	at org.springframework.boot.actuate.health.HealthEndpointWebExtension.health(HealthEndpointWebExtension.java:80)
	at org.springframework.boot.actuate.health.HealthEndpointWebExtension.health(HealthEndpointWebExtension.java:69)
	at java.base/jdk.internal.reflect.NativeMethodAccessorImpl.invoke0(Native Method)
	at java.base/jdk.internal.reflect.NativeMethodAccessorImpl.invoke(NativeMethodAccessorImpl.java:77)
	at java.base/jdk.internal.reflect.DelegatingMethodAccessorImpl.invoke(DelegatingMethodAccessorImpl.java:43)
	at java.base/java.lang.reflect.Method.invoke(Method.java:568)
	at org.springframework.util.ReflectionUtils.invokeMethod(ReflectionUtils.java:281)
	at org.springframework.boot.actuate.endpoint.invoke.reflect.ReflectiveOperationInvoker.invoke(ReflectiveOperationInvoker.java:74)
	at org.springframework.boot.actuate.endpoint.annotation.AbstractDiscoveredOperation.invoke(AbstractDiscoveredOperation.java:60)
	at org.springframework.boot.actuate.endpoint.web.servlet.AbstractWebMvcEndpointHandlerMapping$ServletWebOperationAdapter.handle(AbstractWebMvcEndpointHandlerMapping.java:327)
	at org.springframework.boot.actuate.endpoint.web.servlet.AbstractWebMvcEndpointHandlerMapping$OperationHandler.handle(AbstractWebMvcEndpointHandlerMapping.java:434)
	at java.base/jdk.internal.reflect.NativeMethodAccessorImpl.invoke0(Native Method)
	at java.base/jdk.internal.reflect.NativeMethodAccessorImpl.invoke(NativeMethodAccessorImpl.java:77)
	at java.base/jdk.internal.reflect.DelegatingMethodAccessorImpl.invoke(DelegatingMethodAccessorImpl.java:43)
	at java.base/java.lang.reflect.Method.invoke(Method.java:568)
	at org.springframework.web.method.support.InvocableHandlerMethod.doInvoke(InvocableHandlerMethod.java:255)
	at org.springframework.web.method.support.InvocableHandlerMethod.invokeForRequest(InvocableHandlerMethod.java:188)
	at org.springframework.web.servlet.mvc.method.annotation.ServletInvocableHandlerMethod.invokeAndHandle(ServletInvocableHandlerMethod.java:118)
	at org.springframework.web.servlet.mvc.method.annotation.RequestMappingHandlerAdapter.invokeHandlerMethod(RequestMappingHandlerAdapter.java:926)
	at org.springframework.web.servlet.mvc.method.annotation.RequestMappingHandlerAdapter.handleInternal(RequestMappingHandlerAdapter.java:831)
	at org.springframework.web.servlet.mvc.method.AbstractHandlerMethodAdapter.handle(AbstractHandlerMethodAdapter.java:87)
	at org.springframework.web.servlet.DispatcherServlet.doDispatch(DispatcherServlet.java:1089)
	at org.springframework.web.servlet.DispatcherServlet.doService(DispatcherServlet.java:979)
	at org.springframework.web.servlet.FrameworkServlet.processRequest(FrameworkServlet.java:1014)
	at org.springframework.web.servlet.FrameworkServlet.doGet(FrameworkServlet.java:903)
	at jakarta.servlet.http.HttpServlet.service(HttpServlet.java:564)
	at org.springframework.web.servlet.FrameworkServlet.service(FrameworkServlet.java:885)
	at jakarta.servlet.http.HttpServlet.service(HttpServlet.java:658)
	at org.apache.catalina.core.ApplicationFilterChain.internalDoFilter(ApplicationFilterChain.java:195)
	at org.apache.catalina.core.ApplicationFilterChain.doFilter(ApplicationFilterChain.java:140)
	at org.apache.tomcat.websocket.server.WsFilter.doFilter(WsFilter.java:51)
	at org.apache.catalina.core.ApplicationFilterChain.internalDoFilter(ApplicationFilterChain.java:164)
	at org.apache.catalina.core.ApplicationFilterChain.doFilter(ApplicationFilterChain.java:140)
	at org.springframework.web.filter.OncePerRequestFilter.doFilter(OncePerRequestFilter.java:110)
	at org.apache.catalina.core.ApplicationFilterChain.internalDoFilter(ApplicationFilterChain.java:164)
	at org.apache.catalina.core.ApplicationFilterChain.doFilter(ApplicationFilterChain.java:140)
	at com.bharatshop.config.TenantFilter.doFilterInternal(TenantFilter.java:35)
	at org.springframework.web.filter.OncePerRequestFilter.doFilter(OncePerRequestFilter.java:116)
	at org.apache.catalina.core.ApplicationFilterChain.internalDoFilter(ApplicationFilterChain.java:164)
	at org.apache.catalina.core.ApplicationFilterChain.doFilter(ApplicationFilterChain.java:140)
	at com.bharatshop.config.IdempotencyFilter.doFilterInternal(IdempotencyFilter.java:54)
	at org.springframework.web.filter.OncePerRequestFilter.doFilter(OncePerRequestFilter.java:116)
	at org.apache.catalina.core.ApplicationFilterChain.internalDoFilter(ApplicationFilterChain.java:164)
	at org.apache.catalina.core.ApplicationFilterChain.doFilter(ApplicationFilterChain.java:140)
	at com.bharatshop.config.logging.HttpLoggingFilter.doFilterInternal(HttpLoggingFilter.java:32)
	at org.springframework.web.filter.OncePerRequestFilter.doFilter(OncePerRequestFilter.java:116)
	at org.apache.catalina.core.ApplicationFilterChain.internalDoFilter(ApplicationFilterChain.java:164)
	at org.apache.catalina.core.ApplicationFilterChain.doFilter(ApplicationFilterChain.java:140)
	at com.bharatshop.config.logging.CorrelationIdFilter.doFilterInternal(CorrelationIdFilter.java:29)
	at org.springframework.web.filter.OncePerRequestFilter.doFilter(OncePerRequestFilter.java:116)
	at org.apache.catalina.core.ApplicationFilterChain.internalDoFilter(ApplicationFilterChain.java:164)
	at org.apache.catalina.core.ApplicationFilterChain.doFilter(ApplicationFilterChain.java:140)
	at org.springframework.web.filter.CompositeFilter$VirtualFilterChain.doFilter(CompositeFilter.java:108)
	at org.springframework.security.web.FilterChainProxy.lambda$doFilterInternal$3(FilterChainProxy.java:231)
	at org.springframework.security.web.ObservationFilterChainDecorator$FilterObservation$SimpleFilterObservation.lambda$wrap$1(ObservationFilterChainDecorator.java:479)
	at org.springframework.security.web.ObservationFilterChainDecorator$AroundFilterObservation$SimpleAroundFilterObservation.lambda$wrap$1(ObservationFilterChainDecorator.java:340)
	at org.springframework.security.web.ObservationFilterChainDecorator.lambda$wrapSecured$0(ObservationFilterChainDecorator.java:82)
	at org.springframework.security.web.ObservationFilterChainDecorator$VirtualFilterChain.doFilter(ObservationFilterChainDecorator.java:128)
	at org.springframework.security.web.access.intercept.AuthorizationFilter.doFilter(AuthorizationFilter.java:100)
	at org.springframework.security.web.ObservationFilterChainDecorator$ObservationFilter.wrapFilter(ObservationFilterChainDecorator.java:240)
	at org.springframework.security.web.ObservationFilterChainDecorator$ObservationFilter.doFilter(ObservationFilterChainDecorator.java:227)
	at org.springframework.security.web.ObservationFilterChainDecorator$VirtualFilterChain.doFilter(ObservationFilterChainDecorator.java:137)
	at org.springframework.security.web.access.ExceptionTranslationFilter.doFilter(ExceptionTranslationFilter.java:126)
	at org.springframework.security.web.access.ExceptionTranslationFilter.doFilter(ExceptionTranslationFilter.java:120)
	at org.springframework.security.web.ObservationFilterChainDecorator$ObservationFilter.wrapFilter(ObservationFilterChainDecorator.java:240)
	at org.springframework.security.web.ObservationFilterChainDecorator$ObservationFilter.doFilter(ObservationFilterChainDecorator.java:227)
	at org.springframework.security.web.ObservationFilterChainDecorator$VirtualFilterChain.doFilter(ObservationFilterChainDecorator.java:137)
	at org.springframework.security.web.authentication.AnonymousAuthenticationFilter.doFilter(AnonymousAuthenticationFilter.java:100)
	at org.springframework.security.web.ObservationFilterChainDecorator$ObservationFilter.wrapFilter(ObservationFilterChainDecorator.java:240)
	at org.springframework.security.web.ObservationFilterChainDecorator$ObservationFilter.doFilter(ObservationFilterChainDecorator.java:227)
	at org.springframework.security.web.ObservationFilterChainDecorator$VirtualFilterChain.doFilter(ObservationFilterChainDecorator.java:137)
	at org.springframework.security.web.servletapi.SecurityContextHolderAwareRequestFilter.doFilter(SecurityContextHolderAwareRequestFilter.java:179)
	at org.springframework.security.web.ObservationFilterChainDecorator$ObservationFilter.wrapFilter(ObservationFilterChainDecorator.java:240)
	at org.springframework.security.web.ObservationFilterChainDecorator$ObservationFilter.doFilter(ObservationFilterChainDecorator.java:227)
	at org.springframework.security.web.ObservationFilterChainDecorator$VirtualFilterChain.doFilter(ObservationFilterChainDecorator.java:137)
	at org.springframework.security.web.savedrequest.RequestCacheAwareFilter.doFilter(RequestCacheAwareFilter.java:63)
	at org.springframework.security.web.ObservationFilterChainDecorator$ObservationFilter.wrapFilter(ObservationFilterChainDecorator.java:240)
	at org.springframework.security.web.ObservationFilterChainDecorator$ObservationFilter.doFilter(ObservationFilterChainDecorator.java:227)
	at org.springframework.security.web.ObservationFilterChainDecorator$VirtualFilterChain.doFilter(ObservationFilterChainDecorator.java:137)
	at com.bharatshop.security.TokenAuthFilter.doFilterInternal(TokenAuthFilter.java:47)
	at org.springframework.web.filter.OncePerRequestFilter.doFilter(OncePerRequestFilter.java:116)
	at org.springframework.security.web.ObservationFilterChainDecorator$ObservationFilter.wrapFilter(ObservationFilterChainDecorator.java:240)
	at org.springframework.security.web.ObservationFilterChainDecorator$ObservationFilter.doFilter(ObservationFilterChainDecorator.java:227)
	at org.springframework.security.web.ObservationFilterChainDecorator$VirtualFilterChain.doFilter(ObservationFilterChainDecorator.java:137)
	at org.springframework.security.web.authentication.logout.LogoutFilter.doFilter(LogoutFilter.java:107)
	at org.springframework.security.web.authentication.logout.LogoutFilter.doFilter(LogoutFilter.java:93)
	at org.springframework.security.web.ObservationFilterChainDecorator$ObservationFilter.wrapFilter(ObservationFilterChainDecorator.java:240)
	at org.springframework.security.web.ObservationFilterChainDecorator$ObservationFilter.doFilter(ObservationFilterChainDecorator.java:227)
	at org.springframework.security.web.ObservationFilterChainDecorator$VirtualFilterChain.doFilter(ObservationFilterChainDecorator.java:137)
	at org.springframework.web.filter.CorsFilter.doFilterInternal(CorsFilter.java:91)
	at org.springframework.web.filter.OncePerRequestFilter.doFilter(OncePerRequestFilter.java:116)
	at org.springframework.security.web.ObservationFilterChainDecorator$ObservationFilter.wrapFilter(ObservationFilterChainDecorator.java:240)
	at org.springframework.security.web.ObservationFilterChainDecorator$ObservationFilter.doFilter(ObservationFilterChainDecorator.java:227)
	at org.springframework.security.web.ObservationFilterChainDecorator$VirtualFilterChain.doFilter(ObservationFilterChainDecorator.java:137)
	at org.springframework.security.web.header.HeaderWriterFilter.doHeadersAfter(HeaderWriterFilter.java:90)
	at org.springframework.security.web.header.HeaderWriterFilter.doFilterInternal(HeaderWriterFilter.java:75)
	at org.springframework.web.filter.OncePerRequestFilter.doFilter(OncePerRequestFilter.java:116)
	at org.springframework.security.web.ObservationFilterChainDecorator$ObservationFilter.wrapFilter(ObservationFilterChainDecorator.java:240)
	at org.springframework.security.web.ObservationFilterChainDecorator$ObservationFilter.doFilter(ObservationFilterChainDecorator.java:227)
	at org.springframework.security.web.ObservationFilterChainDecorator$VirtualFilterChain.doFilter(ObservationFilterChainDecorator.java:137)
	at org.springframework.security.web.context.SecurityContextHolderFilter.doFilter(SecurityContextHolderFilter.java:82)
	at org.springframework.security.web.context.SecurityContextHolderFilter.doFilter(SecurityContextHolderFilter.java:69)
	at org.springframework.security.web.ObservationFilterChainDecorator$ObservationFilter.wrapFilter(ObservationFilterChainDecorator.java:240)
	at org.springframework.security.web.ObservationFilterChainDecorator$ObservationFilter.doFilter(ObservationFilterChainDecorator.java:227)
	at org.springframework.security.web.ObservationFilterChainDecorator$VirtualFilterChain.doFilter(ObservationFilterChainDecorator.java:137)
	at org.springframework.security.web.context.request.async.WebAsyncManagerIntegrationFilter.doFilterInternal(WebAsyncManagerIntegrationFilter.java:62)
	at org.springframework.web.filter.OncePerRequestFilter.doFilter(OncePerRequestFilter.java:116)
	at org.springframework.security.web.ObservationFilterChainDecorator$ObservationFilter.wrapFilter(ObservationFilterChainDecorator.java:240)
	at org.springframework.security.web.ObservationFilterChainDecorator$ObservationFilter.doFilter(ObservationFilterChainDecorator.java:227)
	at org.springframework.security.web.ObservationFilterChainDecorator$VirtualFilterChain.doFilter(ObservationFilterChainDecorator.java:137)
	at org.springframework.security.web.session.DisableEncodeUrlFilter.doFilterInternal(DisableEncodeUrlFilter.java:42)
	at org.springframework.web.filter.OncePerRequestFilter.doFilter(OncePerRequestFilter.java:116)
	at org.springframework.security.web.ObservationFilterChainDecorator$ObservationFilter.wrapFilter(ObservationFilterChainDecorator.java:240)
	at org.springframework.security.web.ObservationFilterChainDecorator$AroundFilterObservation$SimpleAroundFilterObservation.lambda$wrap$0(ObservationFilterChainDecorator.java:323)
	at org.springframework.security.web.ObservationFilterChainDecorator$ObservationFilter.doFilter(ObservationFilterChainDecorator.java:224)
	at org.springframework.security.web.ObservationFilterChainDecorator$VirtualFilterChain.doFilter(ObservationFilterChainDecorator.java:137)
	at org.springframework.security.web.FilterChainProxy.doFilterInternal(FilterChainProxy.java:233)
	at org.springframework.security.web.FilterChainProxy.doFilter(FilterChainProxy.java:191)
	at org.springframework.web.filter.CompositeFilter$VirtualFilterChain.doFilter(CompositeFilter.java:113)
	at org.springframework.web.servlet.handler.HandlerMappingIntrospector.lambda$createCacheFilter$3(HandlerMappingIntrospector.java:195)
	at org.springframework.web.filter.CompositeFilter$VirtualFilterChain.doFilter(CompositeFilter.java:113)
	at org.springframework.web.filter.CompositeFilter.doFilter(CompositeFilter.java:74)
	at org.springframework.security.config.annotation.web.configuration.WebMvcSecurityConfiguration$CompositeFilterChainProxy.doFilter(WebMvcSecurityConfiguration.java:230)
	at org.springframework.web.filter.DelegatingFilterProxy.invokeDelegate(DelegatingFilterProxy.java:352)
	at org.springframework.web.filter.DelegatingFilterProxy.doFilter(DelegatingFilterProxy.java:268)
	at org.apache.catalina.core.ApplicationFilterChain.internalDoFilter(ApplicationFilterChain.java:164)
	at org.apache.catalina.core.ApplicationFilterChain.doFilter(ApplicationFilterChain.java:140)
	at org.springframework.web.filter.RequestContextFilter.doFilterInternal(RequestContextFilter.java:100)
	at org.springframework.web.filter.OncePerRequestFilter.doFilter(OncePerRequestFilter.java:116)
	at org.apache.catalina.core.ApplicationFilterChain.internalDoFilter(ApplicationFilterChain.java:164)
	at org.apache.catalina.core.ApplicationFilterChain.doFilter(ApplicationFilterChain.java:140)
	at org.springframework.web.filter.FormContentFilter.doFilterInternal(FormContentFilter.java:93)
	at org.springframework.web.filter.OncePerRequestFilter.doFilter(OncePerRequestFilter.java:116)
	at org.apache.catalina.core.ApplicationFilterChain.internalDoFilter(ApplicationFilterChain.java:164)
	at org.apache.catalina.core.ApplicationFilterChain.doFilter(ApplicationFilterChain.java:140)
	at org.springframework.web.filter.ServerHttpObservationFilter.doFilterInternal(ServerHttpObservationFilter.java:113)
	at org.springframework.web.filter.OncePerRequestFilter.doFilter(OncePerRequestFilter.java:116)
	at org.apache.catalina.core.ApplicationFilterChain.internalDoFilter(ApplicationFilterChain.java:164)
	at org.apache.catalina.core.ApplicationFilterChain.doFilter(ApplicationFilterChain.java:140)
	at org.springframework.web.filter.CharacterEncodingFilter.doFilterInternal(CharacterEncodingFilter.java:201)
	at org.springframework.web.filter.OncePerRequestFilter.doFilter(OncePerRequestFilter.java:116)
	at org.apache.catalina.core.ApplicationFilterChain.internalDoFilter(ApplicationFilterChain.java:164)
	at org.apache.catalina.core.ApplicationFilterChain.doFilter(ApplicationFilterChain.java:140)
	at org.apache.catalina.core.StandardWrapperValve.invoke(StandardWrapperValve.java:167)
	at org.apache.catalina.core.StandardContextValve.invoke(StandardContextValve.java:90)
	at org.apache.catalina.authenticator.AuthenticatorBase.invoke(AuthenticatorBase.java:483)
	at org.apache.catalina.core.StandardHostValve.invoke(StandardHostValve.java:115)
	at org.apache.catalina.valves.ErrorReportValve.invoke(ErrorReportValve.java:93)
	at org.apache.catalina.core.StandardEngineValve.invoke(StandardEngineValve.java:74)
	at org.apache.catalina.valves.AbstractAccessLogValve.invoke(AbstractAccessLogValve.java:663)
	at org.apache.catalina.connector.CoyoteAdapter.service(CoyoteAdapter.java:344)
	at org.apache.coyote.http11.Http11Processor.service(Http11Processor.java:384)
	at org.apache.coyote.AbstractProcessorLight.process(AbstractProcessorLight.java:63)
	at org.apache.coyote.AbstractProtocol$ConnectionHandler.process(AbstractProtocol.java:905)
	at org.apache.tomcat.util.net.NioEndpoint$SocketProcessor.doRun(NioEndpoint.java:1741)
	at org.apache.tomcat.util.net.SocketProcessorBase.run(SocketProcessorBase.java:52)
	at org.apache.tomcat.util.threads.ThreadPoolExecutor.runWorker(ThreadPoolExecutor.java:1190)
	at org.apache.tomcat.util.threads.ThreadPoolExecutor$Worker.run(ThreadPoolExecutor.java:659)
	at org.apache.tomcat.util.threads.TaskThread$WrappingRunnable.run(TaskThread.java:63)
	at java.base/java.lang.Thread.run(Thread.java:842)
2026-01-08 19:42:00.306 [34mINFO [0;39m [3407eeaf-5b3d-402d-9587-b69a854d3aa5] [http-nio-8081-exec-9] c.b.config.logging.HttpLoggingFilter - GET /actuator/health -> 503 (13 ms)
2026-01-08 19:42:00.308 [34mINFO [0;39m [3407eeaf-5b3d-402d-9587-b69a854d3aa5] [http-nio-8081-exec-9] c.b.config.logging.HttpLoggingFilter - Headers: auth=absent content-type=null accept=null
2026-01-08 19:42:00.308 [34mINFO [0;39m [3407eeaf-5b3d-402d-9587-b69a854d3aa5] [http-nio-8081-exec-9] c.b.config.logging.HttpLoggingFilter - Response payload: {"status":"DOWN","components":{"db":{"status":"UP","details":{"database":"H2","validationQuery":"isValid()"}},"diskSpace":{"status":"UP","details":{"total":511023509504,"free":153945387008,"threshold":10485760,"path":"C:\\Users\\Adarsh\\Downloads\\bharatshop-backend\\.","exists":true}},"mail":{"status":"DOWN","details":{"location":":587","error":"jakarta.mail.AuthenticationFailedException: failed to connect, no password specified?"}},"ping":{"status":"UP"}}}
2026-01-08 19:42:03.652 [34mINFO [0;39m [b1c288a8-0018-4ee2-813a-2f781c994a24] [http-nio-8081-exec-7] o.s.api.AbstractOpenApiResource - Init duration for springdoc-openapi is: 2674 ms
2026-01-08 19:42:03.737 [34mINFO [0;39m [b1c288a8-0018-4ee2-813a-2f781c994a24] [http-nio-8081-exec-7] c.b.config.logging.HttpLoggingFilter - GET /v3/api-docs -> 200 (2814 ms)
2026-01-08 19:42:03.737 [34mINFO [0;39m [b1c288a8-0018-4ee2-813a-2f781c994a24] [http-nio-8081-exec-7] c.b.config.logging.HttpLoggingFilter - Headers: auth=absent content-type=null accept=null
2026-01-08 19:42:03.737 [34mINFO [0;39m [b1c288a8-0018-4ee2-813a-2f781c994a24] [http-nio-8081-exec-7] c.b.config.logging.HttpLoggingFilter - Response payload: {"openapi":"3.0.1","info":{"title":"OpenAPI definition","version":"v0"},"servers":[{"url":"http://localhost:8081","description":"Generated server url"}],"paths":{"/store/payments/webhook":{"post":{"tags":["store-payments-controller"],"operationId":"webhook","requestBody":{"content":{"application/json":{"schema":{"type":"object","additionalProperties":{"type":"object"}}}},"required":true},"responses":{"200":{"description":"OK","content":{"*/*":{"schema":{"type":"object"}}}}}}},"/store/payments/verify":{"post":{"tags":["store-payments-controller"],"operationId":"verify","requestBody":{"content":{"application/json":{"schema":{"type":"object","additionalProperties":{"type":"object"}}}},"required":true},"responses":{"200":{"description":"OK","content":{"*/*":{"schema":{"type":"object"}}}}}}},"/store/payments/initiate":{"post":{"tags":["store-payments-controller"],"operationId":"initiate","requestBody":{"content":{"application/json":{"schema":{"type":"object","additionalProperties":{"type":"object"}}}},"required":true},"responses":{"200":{"description":"OK","content":{"*/*":{"schema":{"type":"object"}}}}}}},"/store/checkout":{"post":{"tags":["store-legacy-controller"],"operationId":"checkout","parameters":[{"name":"X-Tenant-Domain","in":"header","required":false,"schema":{"type":"string"}}],"requestBody":{"content":{"application/json":{"schema":{"$ref":"#/components/schemas/CheckoutRequest"}}},"required":true},"responses":{"200":{"description":"OK","content":{"*/*":{"schema":{"type":"object"}}}}}}},"/store/cart/add":{"post":{"tags":["cart-controller"],"operationId":"add","parameters":[{"name":"X-Guest-Id","in":"header","required":false,"schema":{"type":"string"}}],"requestBody":{"content":{"application/json":{"schema":{"$ref":"#/components/schemas/CartItem"}}},"required":true},"responses":{"200":{"description":"OK","content":{"*/*":{"schema":{"type":"array","items":{"$ref":"#/components/schemas/CartItem"}}}}}}}},"/api/stores":{"get":{"tags":["store-discovery-controller"],"operationId":"stores","parameters":[{"name":"search","in":"query","required":false,"schema":{"type":"string"}},{"name":"category","in":"query","required":false,"schema":{"type":"string"}}],"responses":{"200":{"description":"OK","content":{"*/*":{"schema":{"type":"array","items":{"$ref":"#/components/schemas/Store"}}}}}}},"post":{"tags":["store-discovery-controller"],"operationId":"addStore","parameters":[{"name":"X-Tenant-Domain","in":"header","required":false,"schema":{"type":"string"}}],"requestBody":{"content":{"application/json":{"schema":{"$ref":"#/components/schemas/Store"}}},"required":true},"responses":{"200":{"description":"OK","content":{"*/*":{"schema":{"type":"object"}}}}}}},"/api/storefront/rooms/availability":{"post":{"tags":["rooms-controller"],"operationId":"availability","parameters":[{"name":"X-Tenant-Domain","in":"header","required":false,"schema":{"type":"string"}}],"requestBody":{"content":{"application/json":{"schema":{"type":"object","additionalProperties":{"type":"object"}}}},"required":true},"responses":{"200":{"description":"OK","content":{"*/*":{"schema":{"type":"object"}}}}}}},"/api/storefront/payments/verify":{"post":{"tags":["payment-controller"],"operationId":"verify_1","requestBody":{"content":{"application/json":{"schema":{"type":"object","additionalProperties":{"type":"object"}}}},"required":true},"responses":{"200":{"description":"OK","content":{"*/*":{"schema":{"type":"object"}}}}}}},"/api/storefront/payments/initiate":{"post":{"tags":["payment-controller"],"operationId":"initiate_1","requestBody":{"content":{"application/json":{"schema":{"type":"object","additionalProperties":{"type":"object"}}}},"required":true},"responses":{"200":{"description":"OK","content":{"*/*":{"schema":{"type":"object"}}}}}}},"/api/storefront/payments/create-order":{"post":{"tags":["payment-controller"],"operationId":"createOrder","requestBody":{"content":{"application/json":{"schema":{"type":"object","additionalProperties":{"type":"object"}}}},"required":true},"responses":{"200":{"description":"OK","content":{"*/*":{"schema":{"type":"object"}}}}}... (truncated)
2026-01-08 19:42:04.015 [34mINFO [0;39m [eef34ac3-2639-4bbd-8794-45d3340e0f04] [http-nio-8081-exec-6] c.b.config.logging.HttpLoggingFilter - POST /api/storefront/auth/login -> 400 (4 ms)
2026-01-08 19:42:04.017 [34mINFO [0;39m [eef34ac3-2639-4bbd-8794-45d3340e0f04] [http-nio-8081-exec-6] c.b.config.logging.HttpLoggingFilter - Headers: auth=absent content-type=application/json accept=null
2026-01-08 19:42:04.019 [34mINFO [0;39m [eef34ac3-2639-4bbd-8794-45d3340e0f04] [http-nio-8081-exec-6] c.b.config.logging.HttpLoggingFilter - Response payload: {"code":"VALIDATION_ERROR","message":"Missing X-Tenant-Domain header","details":{"header":"X-Tenant-Domain"}}
2026-01-08 19:42:04.259 [39mDEBUG[0;39m [feb94a4f-66e0-422c-96ef-81a518da4d33] [http-nio-8081-exec-5] c.b.c.logging.MethodLoggingAspect - Controller enter: StorefrontProductController.list(..) args=[null, null]
2026-01-08 19:42:04.259 [34mINFO [0;39m [feb94a4f-66e0-422c-96ef-81a518da4d33] [http-nio-8081-exec-5] c.b.web.StorefrontProductController - Storefront list products: tenant=local category=null search=null 
2026-01-08 19:42:04.259 [39mDEBUG[0;39m [feb94a4f-66e0-422c-96ef-81a518da4d33] [http-nio-8081-exec-5] c.b.c.logging.MethodLoggingAspect - Factory enter: FactoryProvider.getFactory() args=[]
2026-01-08 19:42:04.259 [34mINFO [0;39m [feb94a4f-66e0-422c-96ef-81a518da4d33] [http-nio-8081-exec-5] c.b.c.logging.MethodLoggingAspect - Factory exit: FactoryProvider.getFactory() (0 ms)
2026-01-08 19:42:04.261 [39mDEBUG[0;39m [feb94a4f-66e0-422c-96ef-81a518da4d33] [http-nio-8081-exec-5] c.b.c.logging.MethodLoggingAspect - Factory result: FactoryProvider.getFactory() => DefaultStorefrontFactory$$SpringCGLIB$$0(com.bharatshop.factory.impl.DefaultStorefrontFactory@30b35687)
2026-01-08 19:42:04.261 [39mDEBUG[0;39m [feb94a4f-66e0-422c-96ef-81a518da4d33] [http-nio-8081-exec-5] c.b.c.logging.MethodLoggingAspect - Factory enter: DefaultStorefrontFactory.products() args=[]
2026-01-08 19:42:04.261 [34mINFO [0;39m [feb94a4f-66e0-422c-96ef-81a518da4d33] [http-nio-8081-exec-5] c.b.c.logging.MethodLoggingAspect - Factory exit: DefaultStorefrontFactory.products() (0 ms)
2026-01-08 19:42:04.262 [39mDEBUG[0;39m [feb94a4f-66e0-422c-96ef-81a518da4d33] [http-nio-8081-exec-5] c.b.c.logging.MethodLoggingAspect - Factory result: DefaultStorefrontFactory.products() => (com.bharatshop.factory.impl.DefaultStorefrontFactory$1@57deef1b)
2026-01-08 19:42:04.262 [39mDEBUG[0;39m [feb94a4f-66e0-422c-96ef-81a518da4d33] [http-nio-8081-exec-5] c.b.c.logging.MethodLoggingAspect - Service enter: ProductService.getAll(..) args=[null, null]
2026-01-08 19:42:04.276 [34mINFO [0;39m [feb94a4f-66e0-422c-96ef-81a518da4d33] [http-nio-8081-exec-5] c.b.c.logging.MethodLoggingAspect - Service exit: ProductService.getAll(..) (14 ms)
2026-01-08 19:42:04.276 [39mDEBUG[0;39m [feb94a4f-66e0-422c-96ef-81a518da4d33] [http-nio-8081-exec-5] c.b.c.logging.MethodLoggingAspect - Service result: ProductService.getAll(..) => ArrayList[size=4]
2026-01-08 19:42:04.276 [34mINFO [0;39m [feb94a4f-66e0-422c-96ef-81a518da4d33] [http-nio-8081-exec-5] c.b.c.logging.MethodLoggingAspect - Controller exit: StorefrontProductController.list(..) -> status=200 (17 ms)
2026-01-08 19:42:04.276 [39mDEBUG[0;39m [feb94a4f-66e0-422c-96ef-81a518da4d33] [http-nio-8081-exec-5] c.b.c.logging.MethodLoggingAspect - Controller result: StorefrontProductController.list(..) => ResponseEntity(status=200)
2026-01-08 19:42:04.278 [34mINFO [0;39m [feb94a4f-66e0-422c-96ef-81a518da4d33] [http-nio-8081-exec-5] c.b.config.logging.HttpLoggingFilter - GET /api/storefront/products -> 200 (21 ms)
2026-01-08 19:42:04.278 [34mINFO [0;39m [feb94a4f-66e0-422c-96ef-81a518da4d33] [http-nio-8081-exec-5] c.b.config.logging.HttpLoggingFilter - Headers: auth=absent content-type=null accept=null
2026-01-08 19:42:04.278 [34mINFO [0;39m [feb94a4f-66e0-422c-96ef-81a518da4d33] [http-nio-8081-exec-5] c.b.config.logging.HttpLoggingFilter - Response payload: [{"id":"e978470f-4e11-4926-9c42-0ba9277a6b61","name":"Apples","price":120.0,"category":"fruits","storeId":"fcc0735f-7395-4acc-a086-40195c7ff4c1","active":true},{"id":"3a1ae6d6-e375-4abf-bd78-70ef78ffc8b6","name":"Milk","price":60.0,"category":"dairy","storeId":"fcc0735f-7395-4acc-a086-40195c7ff4c1","active":true},{"id":"efd3eee1-f2e3-4c6d-b11b-0da02e40c4b3","name":"Paracetamol","price":35.0,"category":"medicine","storeId":"9d72b824-254a-4055-b893-eca7fbb44c7e","active":true},{"id":"9d810c76-2098-4f65-80f7-b11cb4b733df","name":"Room Deluxe","price":2500.0,"category":"room","storeId":"e3a21b9e-4c25-4ef4-928d-0c2b3c7d8830","active":true}]
2026-01-08 19:42:04.323 [39mDEBUG[0;39m [9b415e94-6f72-46f4-97dc-1aab979196cf] [http-nio-8081-exec-1] c.b.c.logging.MethodLoggingAspect - Controller enter: StorefrontProductController.categories() args=[]
2026-01-08 19:42:04.323 [34mINFO [0;39m [9b415e94-6f72-46f4-97dc-1aab979196cf] [http-nio-8081-exec-1] c.b.web.StorefrontProductController - Storefront list categories: tenant=local
2026-01-08 19:42:04.323 [39mDEBUG[0;39m [9b415e94-6f72-46f4-97dc-1aab979196cf] [http-nio-8081-exec-1] c.b.c.logging.MethodLoggingAspect - Factory enter: FactoryProvider.getFactory() args=[]
2026-01-08 19:42:04.329 [34mINFO [0;39m [9b415e94-6f72-46f4-97dc-1aab979196cf] [http-nio-8081-exec-1] c.b.c.logging.MethodLoggingAspect - Factory exit: FactoryProvider.getFactory() (6 ms)
2026-01-08 19:42:04.329 [39mDEBUG[0;39m [9b415e94-6f72-46f4-97dc-1aab979196cf] [http-nio-8081-exec-1] c.b.c.logging.MethodLoggingAspect - Factory result: FactoryProvider.getFactory() => DefaultStorefrontFactory$$SpringCGLIB$$0(com.bharatshop.factory.impl.DefaultStorefrontFactory@30b35687)
2026-01-08 19:42:04.329 [39mDEBUG[0;39m [9b415e94-6f72-46f4-97dc-1aab979196cf] [http-nio-8081-exec-1] c.b.c.logging.MethodLoggingAspect - Factory enter: DefaultStorefrontFactory.products() args=[]
2026-01-08 19:42:04.329 [34mINFO [0;39m [9b415e94-6f72-46f4-97dc-1aab979196cf] [http-nio-8081-exec-1] c.b.c.logging.MethodLoggingAspect - Factory exit: DefaultStorefrontFactory.products() (0 ms)
2026-01-08 19:42:04.329 [39mDEBUG[0;39m [9b415e94-6f72-46f4-97dc-1aab979196cf] [http-nio-8081-exec-1] c.b.c.logging.MethodLoggingAspect - Factory result: DefaultStorefrontFactory.products() => (com.bharatshop.factory.impl.DefaultStorefrontFactory$1@4e36abe9)
2026-01-08 19:42:04.329 [39mDEBUG[0;39m [9b415e94-6f72-46f4-97dc-1aab979196cf] [http-nio-8081-exec-1] c.b.c.logging.MethodLoggingAspect - Service enter: ProductService.categories() args=[]
2026-01-08 19:42:04.333 [34mINFO [0;39m [9b415e94-6f72-46f4-97dc-1aab979196cf] [http-nio-8081-exec-1] c.b.c.logging.MethodLoggingAspect - Service exit: ProductService.categories() (4 ms)
2026-01-08 19:42:04.335 [39mDEBUG[0;39m [9b415e94-6f72-46f4-97dc-1aab979196cf] [http-nio-8081-exec-1] c.b.c.logging.MethodLoggingAspect - Service result: ProductService.categories() => ArrayList[size=4]
2026-01-08 19:42:04.335 [34mINFO [0;39m [9b415e94-6f72-46f4-97dc-1aab979196cf] [http-nio-8081-exec-1] c.b.c.logging.MethodLoggingAspect - Controller exit: StorefrontProductController.categories() -> status=200 (12 ms)
2026-01-08 19:42:04.335 [39mDEBUG[0;39m [9b415e94-6f72-46f4-97dc-1aab979196cf] [http-nio-8081-exec-1] c.b.c.logging.MethodLoggingAspect - Controller result: StorefrontProductController.categories() => ResponseEntity(status=200)
2026-01-08 19:42:04.337 [34mINFO [0;39m [9b415e94-6f72-46f4-97dc-1aab979196cf] [http-nio-8081-exec-1] c.b.config.logging.HttpLoggingFilter - GET /api/storefront/categories -> 200 (14 ms)
2026-01-08 19:42:04.337 [34mINFO [0;39m [9b415e94-6f72-46f4-97dc-1aab979196cf] [http-nio-8081-exec-1] c.b.config.logging.HttpLoggingFilter - Headers: auth=absent content-type=null accept=null
2026-01-08 19:42:04.339 [34mINFO [0;39m [9b415e94-6f72-46f4-97dc-1aab979196cf] [http-nio-8081-exec-1] c.b.config.logging.HttpLoggingFilter - Response payload: ["dairy","fruits","medicine","room"]
2026-01-08 19:42:04.388 [39mDEBUG[0;39m [491c3c93-9138-4aa9-a1da-250a55c83b8b] [http-nio-8081-exec-10] c.b.c.logging.MethodLoggingAspect - Controller enter: SellerAuthController.register(..) args=[SellerRegisterRequest(com.bharatshop.dto.SellerRegisterRequest@19a8c3ce)]
2026-01-08 19:42:04.388 [34mINFO [0;39m [491c3c93-9138-4aa9-a1da-250a55c83b8b] [http-nio-8081-exec-10] c.b.web.SellerAuthController - Register/upgrade seller: email=seller_20260108194200@example.com phone=null
2026-01-08 19:42:04.393 [39mDEBUG[0;39m [491c3c93-9138-4aa9-a1da-250a55c83b8b] [http-nio-8081-exec-10] c.b.c.logging.MethodLoggingAspect - Service enter: AuthService.registerOrUpgradeSeller(..) args=[Seller Smoke, seller_20260108194200@example.com, null, Passw0rd!]
2026-01-08 19:42:04.618 [34mINFO [0;39m [491c3c93-9138-4aa9-a1da-250a55c83b8b] [http-nio-8081-exec-10] com.bharatshop.service.AuthService - Session created: userId=89c782dd-abd3-4089-b874-07389813c965 role=seller
2026-01-08 19:42:04.620 [34mINFO [0;39m [491c3c93-9138-4aa9-a1da-250a55c83b8b] [http-nio-8081-exec-10] com.bharatshop.service.AuthService - Created new SELLER: userId=89c782dd-abd3-4089-b874-07389813c965 email=seller_20260108194200@example.com phone=null tokenPresent=true
2026-01-08 19:42:04.620 [34mINFO [0;39m [491c3c93-9138-4aa9-a1da-250a55c83b8b] [http-nio-8081-exec-10] c.b.c.logging.MethodLoggingAspect - Service exit: AuthService.registerOrUpgradeSeller(..) (227 ms)
2026-01-08 19:42:04.620 [39mDEBUG[0;39m [491c3c93-9138-4aa9-a1da-250a55c83b8b] [http-nio-8081-exec-10] c.b.c.logging.MethodLoggingAspect - Service result: AuthService.registerOrUpgradeSeller(..) => Session(Session[token=eyJhbGciOiJIUzI1NiIsInR5cCI6IkpXVCJ9.eyJzdWIiOiI4OWM3ODJkZC1hYmQzLTQwODktYjg3NC0wNzM4OTgxM2M5NjUiLCJuYW1lIjoiU2VsbGVyIFNtb2tlIiwicm9sZSI6InNlbGxlciIsImlhdCI6MTc2Nzg4MTUyNCwiZXhwIjoxNzY3ODg1MTI0fQ.7qWvaNhr5vEcgFlSa5ifH4Ojjdwcjepml77eN3-J3I4, userId=89c782dd-abd3-4089-b874-07389813c965, name=Seller Smoke, role=seller])
2026-01-08 19:42:04.621 [39mDEBUG[0;39m [491c3c93-9138-4aa9-a1da-250a55c83b8b] [http-nio-8081-exec-10] c.b.c.logging.MethodLoggingAspect - Service enter: AuthService.getProfile(..) args=[eyJhbGciOiJIUzI1NiIsInR5cCI6IkpXVCJ9.eyJzdWIiOiI4OWM3ODJkZC1hYmQzLTQwODktYjg3NC0wNzM4OTgxM2M5NjUiLCJuYW1lIjoiU2VsbGVyIFNtb2tlIiwicm9sZSI6InNlbGxlciIsImlhdCI6MTc2Nzg4MTUyNCwiZXhwIjoxNzY3ODg1MTI0fQ.7qWvaNhr5vEcgFlSa5ifH4Ojjdwcjepml77eN3-J3I4]
2026-01-08 19:42:04.623 [34mINFO [0;39m [491c3c93-9138-4aa9-a1da-250a55c83b8b] [http-nio-8081-exec-10] c.b.c.logging.MethodLoggingAspect - Service exit: AuthService.getProfile(..) (3 ms)
2026-01-08 19:42:04.625 [39mDEBUG[0;39m [491c3c93-9138-4aa9-a1da-250a55c83b8b] [http-nio-8081-exec-10] c.b.c.logging.MethodLoggingAspect - Service result: AuthService.getProfile(..) => User(com.bharatshop.domain.User@274ae9b5)
2026-01-08 19:42:04.625 [34mINFO [0;39m [491c3c93-9138-4aa9-a1da-250a55c83b8b] [http-nio-8081-exec-10] c.b.web.SellerAuthController - Seller register/upgrade success: userId=89c782dd-abd3-4089-b874-07389813c965 role=seller
2026-01-08 19:42:04.625 [34mINFO [0;39m [491c3c93-9138-4aa9-a1da-250a55c83b8b] [http-nio-8081-exec-10] c.b.c.logging.MethodLoggingAspect - Controller exit: SellerAuthController.register(..) -> status=200 (237 ms)
2026-01-08 19:42:04.625 [39mDEBUG[0;39m [491c3c93-9138-4aa9-a1da-250a55c83b8b] [http-nio-8081-exec-10] c.b.c.logging.MethodLoggingAspect - Controller result: SellerAuthController.register(..) => ResponseEntity(status=200)
2026-01-08 19:42:04.628 [34mINFO [0;39m [491c3c93-9138-4aa9-a1da-250a55c83b8b] [http-nio-8081-exec-10] c.b.config.logging.HttpLoggingFilter - POST /api/auth/seller/register -> 200 (245 ms)
2026-01-08 19:42:04.628 [34mINFO [0;39m [491c3c93-9138-4aa9-a1da-250a55c83b8b] [http-nio-8081-exec-10] c.b.config.logging.HttpLoggingFilter - Headers: auth=absent content-type=application/json accept=null
2026-01-08 19:42:04.628 [34mINFO [0;39m [491c3c93-9138-4aa9-a1da-250a55c83b8b] [http-nio-8081-exec-10] c.b.config.logging.HttpLoggingFilter - Request payload: {
    "email":  "seller_20260108194200@example.com",
    "name":  "Seller Smoke",
    "password":  "Passw0rd!"
}
2026-01-08 19:42:04.628 [34mINFO [0;39m [491c3c93-9138-4aa9-a1da-250a55c83b8b] [http-nio-8081-exec-10] c.b.config.logging.HttpLoggingFilter - Response payload: {"token":"eyJhbGciOiJIUzI1NiIsInR5cCI6IkpXVCJ9.eyJzdWIiOiI4OWM3ODJkZC1hYmQzLTQwODktYjg3NC0wNzM4OTgxM2M5NjUiLCJuYW1lIjoiU2VsbGVyIFNtb2tlIiwicm9sZSI6InNlbGxlciIsImlhdCI6MTc2Nzg4MTUyNCwiZXhwIjoxNzY3ODg1MTI0fQ.7qWvaNhr5vEcgFlSa5ifH4Ojjdwcjepml77eN3-J3I4","user":{"id":"89c782dd-abd3-4089-b874-07389813c965","name":"Seller Smoke","email":"seller_20260108194200@example.com","role":"seller"}}
2026-01-08 19:42:04.831 [39mDEBUG[0;39m [cf5e1aa7-9030-4211-96e8-df61f049e792] [http-nio-8081-exec-3] c.b.c.logging.MethodLoggingAspect - Controller enter: SellerAuthController.login(..) args=[LoginRequest(com.bharatshop.dto.LoginRequest@1973e73c)]
2026-01-08 19:42:04.831 [34mINFO [0;39m [cf5e1aa7-9030-4211-96e8-df61f049e792] [http-nio-8081-exec-3] c.b.web.SellerAuthController - Login seller: email=seller_20260108194200@example.com
2026-01-08 19:42:04.831 [39mDEBUG[0;39m [cf5e1aa7-9030-4211-96e8-df61f049e792] [http-nio-8081-exec-3] c.b.c.logging.MethodLoggingAspect - Service enter: AuthService.loginSellerEmail(..) args=[seller_20260108194200@example.com, Passw0rd!]
2026-01-08 19:42:04.831 [34mINFO [0;39m [cf5e1aa7-9030-4211-96e8-df61f049e792] [http-nio-8081-exec-3] com.bharatshop.service.AuthService - Login (seller) attempt: email=seller_20260108194200@example.com
2026-01-08 19:42:04.976 [34mINFO [0;39m [cf5e1aa7-9030-4211-96e8-df61f049e792] [http-nio-8081-exec-3] com.bharatshop.service.AuthService - Session created: userId=89c782dd-abd3-4089-b874-07389813c965 role=seller
2026-01-08 19:42:04.977 [34mINFO [0;39m [cf5e1aa7-9030-4211-96e8-df61f049e792] [http-nio-8081-exec-3] com.bharatshop.service.AuthService - Login (seller) success: userId=89c782dd-abd3-4089-b874-07389813c965 token=eyJhbGciOiJIUzI1NiIsInR5cCI6IkpXVCJ9.eyJzdWIiOiI4OWM3ODJkZC1hYmQzLTQwODktYjg3NC0wNzM4OTgxM2M5NjUiLCJuYW1lIjoiU2VsbGVyIFNtb2tlIiwicm9sZSI6InNlbGxlciIsImlhdCI6MTc2Nzg4MTUyNCwiZXhwIjoxNzY3ODg1MTI0fQ.7qWvaNhr5vEcgFlSa5ifH4Ojjdwcjepml77eN3-J3I4 role=SELLER 
2026-01-08 19:42:04.977 [34mINFO [0;39m [cf5e1aa7-9030-4211-96e8-df61f049e792] [http-nio-8081-exec-3] c.b.c.logging.MethodLoggingAspect - Service exit: AuthService.loginSellerEmail(..) (146 ms)
2026-01-08 19:42:04.977 [39mDEBUG[0;39m [cf5e1aa7-9030-4211-96e8-df61f049e792] [http-nio-8081-exec-3] c.b.c.logging.MethodLoggingAspect - Service result: AuthService.loginSellerEmail(..) => Session(Session[token=eyJhbGciOiJIUzI1NiIsInR5cCI6IkpXVCJ9.eyJzdWIiOiI4OWM3ODJkZC1hYmQzLTQwODktYjg3NC0wNzM4OTgxM2M5NjUiLCJuYW1lIjoiU2VsbGVyIFNtb2tlIiwicm9sZSI6InNlbGxlciIsImlhdCI6MTc2Nzg4MTUyNCwiZXhwIjoxNzY3ODg1MTI0fQ.7qWvaNhr5vEcgFlSa5ifH4Ojjdwcjepml77eN3-J3I4, userId=89c782dd-abd3-4089-b874-07389813c965, name=Seller Smoke, role=seller])
2026-01-08 19:42:04.977 [39mDEBUG[0;39m [cf5e1aa7-9030-4211-96e8-df61f049e792] [http-nio-8081-exec-3] c.b.c.logging.MethodLoggingAspect - Service enter: AuthService.getProfile(..) args=[eyJhbGciOiJIUzI1NiIsInR5cCI6IkpXVCJ9.eyJzdWIiOiI4OWM3ODJkZC1hYmQzLTQwODktYjg3NC0wNzM4OTgxM2M5NjUiLCJuYW1lIjoiU2VsbGVyIFNtb2tlIiwicm9sZSI6InNlbGxlciIsImlhdCI6MTc2Nzg4MTUyNCwiZXhwIjoxNzY3ODg1MTI0fQ.7qWvaNhr5vEcgFlSa5ifH4Ojjdwcjepml77eN3-J3I4]
2026-01-08 19:42:04.977 [34mINFO [0;39m [cf5e1aa7-9030-4211-96e8-df61f049e792] [http-nio-8081-exec-3] c.b.c.logging.MethodLoggingAspect - Service exit: AuthService.getProfile(..) (0 ms)
2026-01-08 19:42:04.980 [39mDEBUG[0;39m [cf5e1aa7-9030-4211-96e8-df61f049e792] [http-nio-8081-exec-3] c.b.c.logging.MethodLoggingAspect - Service result: AuthService.getProfile(..) => User(com.bharatshop.domain.User@79cd41e4)
2026-01-08 19:42:04.984 [34mINFO [0;39m [cf5e1aa7-9030-4211-96e8-df61f049e792] [http-nio-8081-exec-3] c.b.web.SellerAuthController - Seller login success: userId=89c782dd-abd3-4089-b874-07389813c965
2026-01-08 19:42:04.984 [34mINFO [0;39m [cf5e1aa7-9030-4211-96e8-df61f049e792] [http-nio-8081-exec-3] c.b.c.logging.MethodLoggingAspect - Controller exit: SellerAuthController.login(..) -> status=200 (153 ms)
2026-01-08 19:42:04.984 [39mDEBUG[0;39m [cf5e1aa7-9030-4211-96e8-df61f049e792] [http-nio-8081-exec-3] c.b.c.logging.MethodLoggingAspect - Controller result: SellerAuthController.login(..) => ResponseEntity(status=200)
2026-01-08 19:42:04.984 [34mINFO [0;39m [cf5e1aa7-9030-4211-96e8-df61f049e792] [http-nio-8081-exec-3] c.b.config.logging.HttpLoggingFilter - POST /api/auth/seller/login -> 200 (319 ms)
2026-01-08 19:42:04.984 [34mINFO [0;39m [cf5e1aa7-9030-4211-96e8-df61f049e792] [http-nio-8081-exec-3] c.b.config.logging.HttpLoggingFilter - Headers: auth=absent content-type=application/json accept=null
2026-01-08 19:42:04.984 [34mINFO [0;39m [cf5e1aa7-9030-4211-96e8-df61f049e792] [http-nio-8081-exec-3] c.b.config.logging.HttpLoggingFilter - Request payload: {
    "password":  "Passw0rd!",
    "email":  "seller_20260108194200@example.com"
}
2026-01-08 19:42:04.984 [34mINFO [0;39m [cf5e1aa7-9030-4211-96e8-df61f049e792] [http-nio-8081-exec-3] c.b.config.logging.HttpLoggingFilter - Response payload: {"token":"eyJhbGciOiJIUzI1NiIsInR5cCI6IkpXVCJ9.eyJzdWIiOiI4OWM3ODJkZC1hYmQzLTQwODktYjg3NC0wNzM4OTgxM2M5NjUiLCJuYW1lIjoiU2VsbGVyIFNtb2tlIiwicm9sZSI6InNlbGxlciIsImlhdCI6MTc2Nzg4MTUyNCwiZXhwIjoxNzY3ODg1MTI0fQ.7qWvaNhr5vEcgFlSa5ifH4Ojjdwcjepml77eN3-J3I4","user":{"id":"89c782dd-abd3-4089-b874-07389813c965","name":"Seller Smoke","email":"seller_20260108194200@example.com","role":"seller"}}
2026-01-08 19:42:05.066 [39mDEBUG[0;39m [6ecbd6aa-97b2-4c66-997c-ec7cf574a223] [http-nio-8081-exec-2] c.b.c.logging.MethodLoggingAspect - Controller enter: SellerStoreController.createStore(..) args=[null, null, null, null, null, LinkedHashMap({area=Area, category=General, name=Smoke Store, city=City})]
2026-01-08 19:42:05.066 [34mINFO [0;39m [6ecbd6aa-97b2-4c66-997c-ec7cf574a223] [http-nio-8081-exec-2] c.b.web.seller.SellerStoreController - Seller create store requested: name=null city=null area=null category=null imagePresent=false
2026-01-08 19:42:05.066 [39mDEBUG[0;39m [6ecbd6aa-97b2-4c66-997c-ec7cf574a223] [http-nio-8081-exec-2] c.b.c.logging.MethodLoggingAspect - Factory enter: FactoryProvider.getSellerFactory(..) args=[null]
2026-01-08 19:42:05.066 [34mINFO [0;39m [6ecbd6aa-97b2-4c66-997c-ec7cf574a223] [http-nio-8081-exec-2] c.b.c.logging.MethodLoggingAspect - Factory exit: FactoryProvider.getSellerFactory(..) (0 ms)
2026-01-08 19:42:05.066 [39mDEBUG[0;39m [6ecbd6aa-97b2-4c66-997c-ec7cf574a223] [http-nio-8081-exec-2] c.b.c.logging.MethodLoggingAspect - Factory result: FactoryProvider.getSellerFactory(..) => DefaultSellerFactory$$SpringCGLIB$$0(com.bharatshop.factory.impl.DefaultSellerFactory@33cee31a)
2026-01-08 19:42:05.066 [39mDEBUG[0;39m [6ecbd6aa-97b2-4c66-997c-ec7cf574a223] [http-nio-8081-exec-2] c.b.c.logging.MethodLoggingAspect - Factory enter: DefaultSellerFactory.stores() args=[]
2026-01-08 19:42:05.074 [34mINFO [0;39m [6ecbd6aa-97b2-4c66-997c-ec7cf574a223] [http-nio-8081-exec-2] c.b.c.logging.MethodLoggingAspect - Factory exit: DefaultSellerFactory.stores() (8 ms)
2026-01-08 19:42:05.074 [39mDEBUG[0;39m [6ecbd6aa-97b2-4c66-997c-ec7cf574a223] [http-nio-8081-exec-2] c.b.c.logging.MethodLoggingAspect - Factory result: DefaultSellerFactory.stores() => (com.bharatshop.factory.impl.DefaultSellerFactory$5@5efb6b69)
2026-01-08 19:42:05.074 [39mDEBUG[0;39m [6ecbd6aa-97b2-4c66-997c-ec7cf574a223] [http-nio-8081-exec-2] c.b.c.logging.MethodLoggingAspect - Service enter: StoreService.add(..) args=[Store(com.bharatshop.domain.Store@30882a50)]
2026-01-08 19:42:05.076 [34mINFO [0;39m [6ecbd6aa-97b2-4c66-997c-ec7cf574a223] [http-nio-8081-exec-2] c.b.c.logging.MethodLoggingAspect - Service exit: StoreService.add(..) (2 ms)
2026-01-08 19:42:05.076 [39mDEBUG[0;39m [6ecbd6aa-97b2-4c66-997c-ec7cf574a223] [http-nio-8081-exec-2] c.b.c.logging.MethodLoggingAspect - Service result: StoreService.add(..) => Store(com.bharatshop.domain.Store@2b18d8ad)
2026-01-08 19:42:05.076 [34mINFO [0;39m [6ecbd6aa-97b2-4c66-997c-ec7cf574a223] [http-nio-8081-exec-2] c.b.web.seller.SellerStoreController - Seller create store success: id=622c609d-79cc-4040-8f19-abcc302ef24b name=Smoke Store 
2026-01-08 19:42:05.076 [39mDEBUG[0;39m [6ecbd6aa-97b2-4c66-997c-ec7cf574a223] [http-nio-8081-exec-2] c.b.c.logging.MethodLoggingAspect - Service enter: AuthService.upgradeRoleForUser(..) args=[89c782dd-abd3-4089-b874-07389813c965, SELLER]
2026-01-08 19:42:05.081 [34mINFO [0;39m [6ecbd6aa-97b2-4c66-997c-ec7cf574a223] [http-nio-8081-exec-2] c.b.c.logging.MethodLoggingAspect - Service exit: AuthService.upgradeRoleForUser(..) (5 ms)
2026-01-08 19:42:05.081 [39mDEBUG[0;39m [6ecbd6aa-97b2-4c66-997c-ec7cf574a223] [http-nio-8081-exec-2] c.b.c.logging.MethodLoggingAspect - Service result: AuthService.upgradeRoleForUser(..) => User(com.bharatshop.domain.User@343f9a34)
2026-01-08 19:42:05.081 [34mINFO [0;39m [6ecbd6aa-97b2-4c66-997c-ec7cf574a223] [http-nio-8081-exec-2] c.b.c.logging.MethodLoggingAspect - Controller exit: SellerStoreController.createStore(..) -> status=200 (15 ms)
2026-01-08 19:42:05.081 [39mDEBUG[0;39m [6ecbd6aa-97b2-4c66-997c-ec7cf574a223] [http-nio-8081-exec-2] c.b.c.logging.MethodLoggingAspect - Controller result: SellerStoreController.createStore(..) => ResponseEntity(status=200)
2026-01-08 19:42:05.081 [34mINFO [0;39m [6ecbd6aa-97b2-4c66-997c-ec7cf574a223] [http-nio-8081-exec-2] c.b.config.logging.HttpLoggingFilter - POST /api/seller/stores -> 200 (23 ms)
2026-01-08 19:42:05.081 [34mINFO [0;39m [6ecbd6aa-97b2-4c66-997c-ec7cf574a223] [http-nio-8081-exec-2] c.b.config.logging.HttpLoggingFilter - Headers: auth=present content-type=application/json accept=null
2026-01-08 19:42:05.081 [34mINFO [0;39m [6ecbd6aa-97b2-4c66-997c-ec7cf574a223] [http-nio-8081-exec-2] c.b.config.logging.HttpLoggingFilter - Request payload: {
    "area":  "Area",
    "category":  "General",
    "name":  "Smoke Store",
    "city":  "City"
}
2026-01-08 19:42:05.081 [34mINFO [0;39m [6ecbd6aa-97b2-4c66-997c-ec7cf574a223] [http-nio-8081-exec-2] c.b.config.logging.HttpLoggingFilter - Response payload: {"name":"Smoke Store","id":"622c609d-79cc-4040-8f19-abcc302ef24b","status":"open"}
2026-01-08 19:42:05.122 [39mDEBUG[0;39m [66ec13d3-f3aa-4d31-8157-7654478286e1] [http-nio-8081-exec-4] c.b.c.logging.MethodLoggingAspect - Controller enter: SellerProductController.listByStore(..) args=[622c609d-79cc-4040-8f19-abcc302ef24b, null, null, null, null, null, local]
2026-01-08 19:42:05.122 [34mINFO [0;39m [66ec13d3-f3aa-4d31-8157-7654478286e1] [http-nio-8081-exec-4] c.b.w.seller.SellerProductController - Seller list products: storeId=622c609d-79cc-4040-8f19-abcc302ef24b search=null category=null active=null page=null limit=null tenant=local
2026-01-08 19:42:05.122 [39mDEBUG[0;39m [66ec13d3-f3aa-4d31-8157-7654478286e1] [http-nio-8081-exec-4] c.b.c.logging.MethodLoggingAspect - Factory enter: FactoryProvider.getSellerFactory(..) args=[local]
2026-01-08 19:42:05.122 [34mINFO [0;39m [66ec13d3-f3aa-4d31-8157-7654478286e1] [http-nio-8081-exec-4] c.b.c.logging.MethodLoggingAspect - Factory exit: FactoryProvider.getSellerFactory(..) (0 ms)
2026-01-08 19:42:05.122 [39mDEBUG[0;39m [66ec13d3-f3aa-4d31-8157-7654478286e1] [http-nio-8081-exec-4] c.b.c.logging.MethodLoggingAspect - Factory result: FactoryProvider.getSellerFactory(..) => DefaultSellerFactory$$SpringCGLIB$$0(com.bharatshop.factory.impl.DefaultSellerFactory@33cee31a)
2026-01-08 19:42:05.122 [39mDEBUG[0;39m [66ec13d3-f3aa-4d31-8157-7654478286e1] [http-nio-8081-exec-4] c.b.c.logging.MethodLoggingAspect - Factory enter: DefaultSellerFactory.products() args=[]
2026-01-08 19:42:05.122 [34mINFO [0;39m [66ec13d3-f3aa-4d31-8157-7654478286e1] [http-nio-8081-exec-4] c.b.c.logging.MethodLoggingAspect - Factory exit: DefaultSellerFactory.products() (0 ms)
2026-01-08 19:42:05.122 [39mDEBUG[0;39m [66ec13d3-f3aa-4d31-8157-7654478286e1] [http-nio-8081-exec-4] c.b.c.logging.MethodLoggingAspect - Factory result: DefaultSellerFactory.products() => (com.bharatshop.factory.impl.DefaultSellerFactory$1@350e6a46)
2026-01-08 19:42:05.122 [39mDEBUG[0;39m [66ec13d3-f3aa-4d31-8157-7654478286e1] [http-nio-8081-exec-4] c.b.c.logging.MethodLoggingAspect - Service enter: ProductService.getByStore(..) args=[622c609d-79cc-4040-8f19-abcc302ef24b]
2026-01-08 19:42:05.130 [34mINFO [0;39m [66ec13d3-f3aa-4d31-8157-7654478286e1] [http-nio-8081-exec-4] c.b.c.logging.MethodLoggingAspect - Service exit: ProductService.getByStore(..) (8 ms)
2026-01-08 19:42:05.130 [39mDEBUG[0;39m [66ec13d3-f3aa-4d31-8157-7654478286e1] [http-nio-8081-exec-4] c.b.c.logging.MethodLoggingAspect - Service result: ProductService.getByStore(..) => ArrayList[size=0]
2026-01-08 19:42:05.130 [34mINFO [0;39m [66ec13d3-f3aa-4d31-8157-7654478286e1] [http-nio-8081-exec-4] c.b.w.seller.SellerProductController - Seller list products success: count=0
2026-01-08 19:42:05.134 [34mINFO [0;39m [66ec13d3-f3aa-4d31-8157-7654478286e1] [http-nio-8081-exec-4] c.b.c.logging.MethodLoggingAspect - Controller exit: SellerProductController.listByStore(..) -> status=200 (12 ms)
2026-01-08 19:42:05.134 [39mDEBUG[0;39m [66ec13d3-f3aa-4d31-8157-7654478286e1] [http-nio-8081-exec-4] c.b.c.logging.MethodLoggingAspect - Controller result: SellerProductController.listByStore(..) => ResponseEntity(status=200)
2026-01-08 19:42:05.134 [34mINFO [0;39m [66ec13d3-f3aa-4d31-8157-7654478286e1] [http-nio-8081-exec-4] c.b.config.logging.HttpLoggingFilter - GET /api/seller/stores/622c609d-79cc-4040-8f19-abcc302ef24b/products -> 200 (12 ms)
2026-01-08 19:42:05.134 [34mINFO [0;39m [66ec13d3-f3aa-4d31-8157-7654478286e1] [http-nio-8081-exec-4] c.b.config.logging.HttpLoggingFilter - Headers: auth=present content-type=null accept=null
2026-01-08 19:42:05.134 [34mINFO [0;39m [66ec13d3-f3aa-4d31-8157-7654478286e1] [http-nio-8081-exec-4] c.b.config.logging.HttpLoggingFilter - Response payload: []
2026-01-08 19:42:05.170 [39mDEBUG[0;39m [2bd31b59-0c25-48dc-893b-6a0a631eca44] [http-nio-8081-exec-8] c.b.c.logging.MethodLoggingAspect - Controller enter: StoreLegacyController.listProducts(..) args=[local, null, null, null, null, null]
2026-01-08 19:42:05.172 [34mINFO [0;39m [2bd31b59-0c25-48dc-893b-6a0a631eca44] [http-nio-8081-exec-8] c.b.web.StoreLegacyController - Legacy list products: tenant=local category=null search=null
2026-01-08 19:42:05.172 [39mDEBUG[0;39m [2bd31b59-0c25-48dc-893b-6a0a631eca44] [http-nio-8081-exec-8] c.b.c.logging.MethodLoggingAspect - Factory enter: FactoryProvider.getFactory(..) args=[local]
2026-01-08 19:42:05.172 [34mINFO [0;39m [2bd31b59-0c25-48dc-893b-6a0a631eca44] [http-nio-8081-exec-8] c.b.c.logging.MethodLoggingAspect - Factory exit: FactoryProvider.getFactory(..) (0 ms)
2026-01-08 19:42:05.172 [39mDEBUG[0;39m [2bd31b59-0c25-48dc-893b-6a0a631eca44] [http-nio-8081-exec-8] c.b.c.logging.MethodLoggingAspect - Factory result: FactoryProvider.getFactory(..) => DefaultStorefrontFactory$$SpringCGLIB$$0(com.bharatshop.factory.impl.DefaultStorefrontFactory@30b35687)
2026-01-08 19:42:05.172 [39mDEBUG[0;39m [2bd31b59-0c25-48dc-893b-6a0a631eca44] [http-nio-8081-exec-8] c.b.c.logging.MethodLoggingAspect - Factory enter: DefaultStorefrontFactory.products() args=[]
2026-01-08 19:42:05.172 [34mINFO [0;39m [2bd31b59-0c25-48dc-893b-6a0a631eca44] [http-nio-8081-exec-8] c.b.c.logging.MethodLoggingAspect - Factory exit: DefaultStorefrontFactory.products() (0 ms)
2026-01-08 19:42:05.172 [39mDEBUG[0;39m [2bd31b59-0c25-48dc-893b-6a0a631eca44] [http-nio-8081-exec-8] c.b.c.logging.MethodLoggingAspect - Factory result: DefaultStorefrontFactory.products() => (com.bharatshop.factory.impl.DefaultStorefrontFactory$1@7424f67b)
2026-01-08 19:42:05.172 [39mDEBUG[0;39m [2bd31b59-0c25-48dc-893b-6a0a631eca44] [http-nio-8081-exec-8] c.b.c.logging.MethodLoggingAspect - Service enter: ProductService.getAll(..) args=[null, null]
2026-01-08 19:42:05.177 [34mINFO [0;39m [2bd31b59-0c25-48dc-893b-6a0a631eca44] [http-nio-8081-exec-8] c.b.c.logging.MethodLoggingAspect - Service exit: ProductService.getAll(..) (5 ms)
2026-01-08 19:42:05.177 [39mDEBUG[0;39m [2bd31b59-0c25-48dc-893b-6a0a631eca44] [http-nio-8081-exec-8] c.b.c.logging.MethodLoggingAspect - Service result: ProductService.getAll(..) => ArrayList[size=4]
2026-01-08 19:42:05.179 [34mINFO [0;39m [2bd31b59-0c25-48dc-893b-6a0a631eca44] [http-nio-8081-exec-8] c.b.c.logging.MethodLoggingAspect - Controller exit: StoreLegacyController.listProducts(..) -> status=200 (9 ms)
2026-01-08 19:42:05.179 [39mDEBUG[0;39m [2bd31b59-0c25-48dc-893b-6a0a631eca44] [http-nio-8081-exec-8] c.b.c.logging.MethodLoggingAspect - Controller result: StoreLegacyController.listProducts(..) => ResponseEntity(status=200)
2026-01-08 19:42:05.183 [34mINFO [0;39m [2bd31b59-0c25-48dc-893b-6a0a631eca44] [http-nio-8081-exec-8] c.b.config.logging.HttpLoggingFilter - GET /store/products -> 200 (21 ms)
2026-01-08 19:42:05.183 [34mINFO [0;39m [2bd31b59-0c25-48dc-893b-6a0a631eca44] [http-nio-8081-exec-8] c.b.config.logging.HttpLoggingFilter - Headers: auth=present content-type=null accept=null
2026-01-08 19:42:05.187 [34mINFO [0;39m [2bd31b59-0c25-48dc-893b-6a0a631eca44] [http-nio-8081-exec-8] c.b.config.logging.HttpLoggingFilter - Response payload: [{"id":"e978470f-4e11-4926-9c42-0ba9277a6b61","name":"Apples","price":120.0,"category":"fruits","storeId":"fcc0735f-7395-4acc-a086-40195c7ff4c1","active":true},{"id":"3a1ae6d6-e375-4abf-bd78-70ef78ffc8b6","name":"Milk","price":60.0,"category":"dairy","storeId":"fcc0735f-7395-4acc-a086-40195c7ff4c1","active":true},{"id":"efd3eee1-f2e3-4c6d-b11b-0da02e40c4b3","name":"Paracetamol","price":35.0,"category":"medicine","storeId":"9d72b824-254a-4055-b893-eca7fbb44c7e","active":true},{"id":"9d810c76-2098-4f65-80f7-b11cb4b733df","name":"Room Deluxe","price":2500.0,"category":"room","storeId":"e3a21b9e-4c25-4ef4-928d-0c2b3c7d8830","active":true}]
2026-01-08 19:42:05.229 [39mDEBUG[0;39m [f2da3e69-1668-4d31-9994-7124362ef68d] [http-nio-8081-exec-9] c.b.c.logging.MethodLoggingAspect - Controller enter: StoreLegacyController.categories(..) args=[local]
2026-01-08 19:42:05.229 [34mINFO [0;39m [f2da3e69-1668-4d31-9994-7124362ef68d] [http-nio-8081-exec-9] c.b.web.StoreLegacyController - Legacy list categories: tenant=local
2026-01-08 19:42:05.229 [39mDEBUG[0;39m [f2da3e69-1668-4d31-9994-7124362ef68d] [http-nio-8081-exec-9] c.b.c.logging.MethodLoggingAspect - Factory enter: FactoryProvider.getFactory(..) args=[local]
2026-01-08 19:42:05.229 [34mINFO [0;39m [f2da3e69-1668-4d31-9994-7124362ef68d] [http-nio-8081-exec-9] c.b.c.logging.MethodLoggingAspect - Factory exit: FactoryProvider.getFactory(..) (0 ms)
2026-01-08 19:42:05.229 [39mDEBUG[0;39m [f2da3e69-1668-4d31-9994-7124362ef68d] [http-nio-8081-exec-9] c.b.c.logging.MethodLoggingAspect - Factory result: FactoryProvider.getFactory(..) => DefaultStorefrontFactory$$SpringCGLIB$$0(com.bharatshop.factory.impl.DefaultStorefrontFactory@30b35687)
2026-01-08 19:42:05.229 [39mDEBUG[0;39m [f2da3e69-1668-4d31-9994-7124362ef68d] [http-nio-8081-exec-9] c.b.c.logging.MethodLoggingAspect - Factory enter: DefaultStorefrontFactory.products() args=[]
2026-01-08 19:42:05.229 [34mINFO [0;39m [f2da3e69-1668-4d31-9994-7124362ef68d] [http-nio-8081-exec-9] c.b.c.logging.MethodLoggingAspect - Factory exit: DefaultStorefrontFactory.products() (0 ms)
2026-01-08 19:42:05.229 [39mDEBUG[0;39m [f2da3e69-1668-4d31-9994-7124362ef68d] [http-nio-8081-exec-9] c.b.c.logging.MethodLoggingAspect - Factory result: DefaultStorefrontFactory.products() => (com.bharatshop.factory.impl.DefaultStorefrontFactory$1@12679c8)
2026-01-08 19:42:05.229 [39mDEBUG[0;39m [f2da3e69-1668-4d31-9994-7124362ef68d] [http-nio-8081-exec-9] c.b.c.logging.MethodLoggingAspect - Service enter: ProductService.categories() args=[]
2026-01-08 19:42:05.238 [34mINFO [0;39m [f2da3e69-1668-4d31-9994-7124362ef68d] [http-nio-8081-exec-9] c.b.c.logging.MethodLoggingAspect - Service exit: ProductService.categories() (9 ms)
2026-01-08 19:42:05.238 [39mDEBUG[0;39m [f2da3e69-1668-4d31-9994-7124362ef68d] [http-nio-8081-exec-9] c.b.c.logging.MethodLoggingAspect - Service result: ProductService.categories() => ArrayList[size=4]
2026-01-08 19:42:05.238 [34mINFO [0;39m [f2da3e69-1668-4d31-9994-7124362ef68d] [http-nio-8081-exec-9] c.b.c.logging.MethodLoggingAspect - Controller exit: StoreLegacyController.categories(..) -> status=200 (9 ms)
2026-01-08 19:42:05.238 [39mDEBUG[0;39m [f2da3e69-1668-4d31-9994-7124362ef68d] [http-nio-8081-exec-9] c.b.c.logging.MethodLoggingAspect - Controller result: StoreLegacyController.categories(..) => ResponseEntity(status=200)
2026-01-08 19:42:05.238 [34mINFO [0;39m [f2da3e69-1668-4d31-9994-7124362ef68d] [http-nio-8081-exec-9] c.b.config.logging.HttpLoggingFilter - GET /store/categories -> 200 (9 ms)
2026-01-08 19:42:05.238 [34mINFO [0;39m [f2da3e69-1668-4d31-9994-7124362ef68d] [http-nio-8081-exec-9] c.b.config.logging.HttpLoggingFilter - Headers: auth=present content-type=null accept=null
2026-01-08 19:42:05.238 [34mINFO [0;39m [f2da3e69-1668-4d31-9994-7124362ef68d] [http-nio-8081-exec-9] c.b.config.logging.HttpLoggingFilter - Response payload: ["dairy","fruits","medicine","room"]
2026-01-08 19:42:05.281 [39mDEBUG[0;39m [a0e80f11-ce12-480a-b388-a524f20e637d] [http-nio-8081-exec-7] c.b.c.logging.MethodLoggingAspect - Controller enter: StoreLegacyController.orders(..) args=[local, null, null]
2026-01-08 19:42:05.281 [34mINFO [0;39m [a0e80f11-ce12-480a-b388-a524f20e637d] [http-nio-8081-exec-7] c.b.web.StoreLegacyController - Legacy list orders: tenant=local userId=89c782dd-abd3-4089-b874-07389813c965
2026-01-08 19:42:05.281 [39mDEBUG[0;39m [a0e80f11-ce12-480a-b388-a524f20e637d] [http-nio-8081-exec-7] c.b.c.logging.MethodLoggingAspect - Factory enter: FactoryProvider.getFactory(..) args=[local]
2026-01-08 19:42:05.281 [34mINFO [0;39m [a0e80f11-ce12-480a-b388-a524f20e637d] [http-nio-8081-exec-7] c.b.c.logging.MethodLoggingAspect - Factory exit: FactoryProvider.getFactory(..) (0 ms)
2026-01-08 19:42:05.281 [39mDEBUG[0;39m [a0e80f11-ce12-480a-b388-a524f20e637d] [http-nio-8081-exec-7] c.b.c.logging.MethodLoggingAspect - Factory result: FactoryProvider.getFactory(..) => DefaultStorefrontFactory$$SpringCGLIB$$0(com.bharatshop.factory.impl.DefaultStorefrontFactory@30b35687)
2026-01-08 19:42:05.281 [39mDEBUG[0;39m [a0e80f11-ce12-480a-b388-a524f20e637d] [http-nio-8081-exec-7] c.b.c.logging.MethodLoggingAspect - Factory enter: DefaultStorefrontFactory.orders() args=[]
2026-01-08 19:42:05.281 [34mINFO [0;39m [a0e80f11-ce12-480a-b388-a524f20e637d] [http-nio-8081-exec-7] c.b.c.logging.MethodLoggingAspect - Factory exit: DefaultStorefrontFactory.orders() (0 ms)
2026-01-08 19:42:05.281 [39mDEBUG[0;39m [a0e80f11-ce12-480a-b388-a524f20e637d] [http-nio-8081-exec-7] c.b.c.logging.MethodLoggingAspect - Factory result: DefaultStorefrontFactory.orders() => (com.bharatshop.factory.impl.DefaultStorefrontFactory$3@3a6efa2a)
2026-01-08 19:42:05.281 [39mDEBUG[0;39m [a0e80f11-ce12-480a-b388-a524f20e637d] [http-nio-8081-exec-7] c.b.c.logging.MethodLoggingAspect - Service enter: OrderService.listOrders(..) args=[89c782dd-abd3-4089-b874-07389813c965]
2026-01-08 19:42:05.289 [34mINFO [0;39m [a0e80f11-ce12-480a-b388-a524f20e637d] [http-nio-8081-exec-7] c.b.c.logging.MethodLoggingAspect - Service exit: OrderService.listOrders(..) (8 ms)
2026-01-08 19:42:05.294 [39mDEBUG[0;39m [a0e80f11-ce12-480a-b388-a524f20e637d] [http-nio-8081-exec-7] c.b.c.logging.MethodLoggingAspect - Service result: OrderService.listOrders(..) => ArrayList[size=0]
2026-01-08 19:42:05.294 [34mINFO [0;39m [a0e80f11-ce12-480a-b388-a524f20e637d] [http-nio-8081-exec-7] c.b.web.StoreLegacyController - Legacy orders fetched: count=0
2026-01-08 19:42:05.294 [34mINFO [0;39m [a0e80f11-ce12-480a-b388-a524f20e637d] [http-nio-8081-exec-7] c.b.c.logging.MethodLoggingAspect - Controller exit: StoreLegacyController.orders(..) -> status=200 (13 ms)
2026-01-08 19:42:05.294 [39mDEBUG[0;39m [a0e80f11-ce12-480a-b388-a524f20e637d] [http-nio-8081-exec-7] c.b.c.logging.MethodLoggingAspect - Controller result: StoreLegacyController.orders(..) => ResponseEntity(status=200)
2026-01-08 19:42:05.296 [34mINFO [0;39m [a0e80f11-ce12-480a-b388-a524f20e637d] [http-nio-8081-exec-7] c.b.config.logging.HttpLoggingFilter - GET /store/orders -> 200 (17 ms)
2026-01-08 19:42:05.297 [34mINFO [0;39m [a0e80f11-ce12-480a-b388-a524f20e637d] [http-nio-8081-exec-7] c.b.config.logging.HttpLoggingFilter - Headers: auth=present content-type=null accept=null
2026-01-08 19:42:05.297 [34mINFO [0;39m [a0e80f11-ce12-480a-b388-a524f20e637d] [http-nio-8081-exec-7] c.b.config.logging.HttpLoggingFilter - Response payload: []
2026-01-08 19:42:05.335 [34mINFO [0;39m [b9315a5b-fa42-4afc-893b-a08be90ff038] [http-nio-8081-exec-6] c.b.config.logging.HttpLoggingFilter - GET /store/order/1 -> 404 (3 ms)
2026-01-08 19:42:05.339 [34mINFO [0;39m [b9315a5b-fa42-4afc-893b-a08be90ff038] [http-nio-8081-exec-6] c.b.config.logging.HttpLoggingFilter - Headers: auth=present content-type=null accept=null
2026-01-08 19:42:05.365 [39mDEBUG[0;39m [06c30cb3-24ee-4e17-9b2b-e8f916b87bc1] [http-nio-8081-exec-5] c.b.c.logging.MethodLoggingAspect - Controller enter: StoreLegacyController.checkout(..) args=[local, CheckoutRequest(com.bharatshop.dto.CheckoutRequest@4bdec1ba)]
2026-01-08 19:42:05.365 [34mINFO [0;39m [06c30cb3-24ee-4e17-9b2b-e8f916b87bc1] [http-nio-8081-exec-5] c.b.web.StoreLegacyController - Legacy checkout: tenant=local userId=89c782dd-abd3-4089-b874-07389813c965 items=1 paymentMethod=COD
2026-01-08 19:42:05.365 [39mDEBUG[0;39m [06c30cb3-24ee-4e17-9b2b-e8f916b87bc1] [http-nio-8081-exec-5] c.b.c.logging.MethodLoggingAspect - Factory enter: FactoryProvider.getFactory(..) args=[local]
2026-01-08 19:42:05.365 [34mINFO [0;39m [06c30cb3-24ee-4e17-9b2b-e8f916b87bc1] [http-nio-8081-exec-5] c.b.c.logging.MethodLoggingAspect - Factory exit: FactoryProvider.getFactory(..) (0 ms)
2026-01-08 19:42:05.365 [39mDEBUG[0;39m [06c30cb3-24ee-4e17-9b2b-e8f916b87bc1] [http-nio-8081-exec-5] c.b.c.logging.MethodLoggingAspect - Factory result: FactoryProvider.getFactory(..) => DefaultStorefrontFactory$$SpringCGLIB$$0(com.bharatshop.factory.impl.DefaultStorefrontFactory@30b35687)
2026-01-08 19:42:05.368 [39mDEBUG[0;39m [06c30cb3-24ee-4e17-9b2b-e8f916b87bc1] [http-nio-8081-exec-5] c.b.c.logging.MethodLoggingAspect - Factory enter: DefaultStorefrontFactory.orders() args=[]
2026-01-08 19:42:05.368 [34mINFO [0;39m [06c30cb3-24ee-4e17-9b2b-e8f916b87bc1] [http-nio-8081-exec-5] c.b.c.logging.MethodLoggingAspect - Factory exit: DefaultStorefrontFactory.orders() (0 ms)
2026-01-08 19:42:05.368 [39mDEBUG[0;39m [06c30cb3-24ee-4e17-9b2b-e8f916b87bc1] [http-nio-8081-exec-5] c.b.c.logging.MethodLoggingAspect - Factory result: DefaultStorefrontFactory.orders() => (com.bharatshop.factory.impl.DefaultStorefrontFactory$3@3fbf030d)
2026-01-08 19:42:05.368 [39mDEBUG[0;39m [06c30cb3-24ee-4e17-9b2b-e8f916b87bc1] [http-nio-8081-exec-5] c.b.c.logging.MethodLoggingAspect - Service enter: OrderService.placeOrder(..) args=[89c782dd-abd3-4089-b874-07389813c965, ArrayList[size=1], null, COD, null, null, null, null]
2026-01-08 19:42:05.384 [34mINFO [0;39m [06c30cb3-24ee-4e17-9b2b-e8f916b87bc1] [http-nio-8081-exec-5] c.b.c.logging.MethodLoggingAspect - Service exit: OrderService.placeOrder(..) (16 ms)
2026-01-08 19:42:05.384 [39mDEBUG[0;39m [06c30cb3-24ee-4e17-9b2b-e8f916b87bc1] [http-nio-8081-exec-5] c.b.c.logging.MethodLoggingAspect - Service result: OrderService.placeOrder(..) => Order(com.bharatshop.domain.Order@1070c380)
2026-01-08 19:42:05.385 [34mINFO [0;39m [06c30cb3-24ee-4e17-9b2b-e8f916b87bc1] [http-nio-8081-exec-5] c.b.web.StoreLegacyController - Legacy checkout success: orderId=3540d8d8-af0c-498d-929c-0fb98420e73e reference=REF-3540d8d8 userId=89c782dd-abd3-4089-b874-07389813c965
2026-01-08 19:42:05.385 [34mINFO [0;39m [06c30cb3-24ee-4e17-9b2b-e8f916b87bc1] [http-nio-8081-exec-5] c.b.c.logging.MethodLoggingAspect - Controller exit: StoreLegacyController.checkout(..) -> status=200 (20 ms)
2026-01-08 19:42:05.385 [39mDEBUG[0;39m [06c30cb3-24ee-4e17-9b2b-e8f916b87bc1] [http-nio-8081-exec-5] c.b.c.logging.MethodLoggingAspect - Controller result: StoreLegacyController.checkout(..) => ResponseEntity(status=200)
2026-01-08 19:42:05.387 [34mINFO [0;39m [06c30cb3-24ee-4e17-9b2b-e8f916b87bc1] [http-nio-8081-exec-5] c.b.config.logging.HttpLoggingFilter - POST /store/checkout -> 200 (28 ms)
2026-01-08 19:42:05.387 [34mINFO [0;39m [06c30cb3-24ee-4e17-9b2b-e8f916b87bc1] [http-nio-8081-exec-5] c.b.config.logging.HttpLoggingFilter - Headers: auth=present content-type=application/json accept=null
2026-01-08 19:42:05.387 [34mINFO [0;39m [06c30cb3-24ee-4e17-9b2b-e8f916b87bc1] [http-nio-8081-exec-5] c.b.config.logging.HttpLoggingFilter - Request payload: {
    "paymentMethod":  "COD",
    "items":  [
                  {
                      "productId":  1,
                      "qty":  1
                  }
              ],
    "address":  {
                    "area":  "Area",
                    "city":  "City",
                    "pin":  "000000",
                    "line1":  "Smoke Address"
                }
}
2026-01-08 19:42:05.387 [34mINFO [0;39m [06c30cb3-24ee-4e17-9b2b-e8f916b87bc1] [http-nio-8081-exec-5] c.b.config.logging.HttpLoggingFilter - Response payload: {"order":{"id":"3540d8d8-af0c-498d-929c-0fb98420e73e","reference":"REF-3540d8d8","status":"placed","total":0.0,"items":[{"price":0.0,"quantity":0}],"paymentMethod":"COD","address":{"line1":"Smoke Address","city":"City"},"type":"order","createdAt":"2026-01-08T14:12:05.369238900Z","sellerResponseDeadline":"2026-01-08T14:27:05.369238900Z"},"reference":"REF-3540d8d8"}
2026-01-08 19:42:05.430 [39mDEBUG[0;39m [ded26d1b-4e40-409e-baa9-dd99bcab51c4] [http-nio-8081-exec-1] c.b.c.logging.MethodLoggingAspect - Controller enter: StorePaymentsController.initiate(..) args=[LinkedHashMap({currency=INR, amount=100})]
2026-01-08 19:42:05.430 [34mINFO [0;39m [ded26d1b-4e40-409e-baa9-dd99bcab51c4] [http-nio-8081-exec-1] c.b.web.StorePaymentsController - Legacy initiate: userId=89c782dd-abd3-4089-b874-07389813c965 tenant=null amount=100 currency=INR
2026-01-08 19:42:05.430 [39mDEBUG[0;39m [ded26d1b-4e40-409e-baa9-dd99bcab51c4] [http-nio-8081-exec-1] c.b.c.logging.MethodLoggingAspect - Factory enter: FactoryProvider.getFactory() args=[]
2026-01-08 19:42:05.430 [34mINFO [0;39m [ded26d1b-4e40-409e-baa9-dd99bcab51c4] [http-nio-8081-exec-1] c.b.c.logging.MethodLoggingAspect - Factory exit: FactoryProvider.getFactory() (0 ms)
2026-01-08 19:42:05.430 [39mDEBUG[0;39m [ded26d1b-4e40-409e-baa9-dd99bcab51c4] [http-nio-8081-exec-1] c.b.c.logging.MethodLoggingAspect - Factory result: FactoryProvider.getFactory() => DefaultStorefrontFactory$$SpringCGLIB$$0(com.bharatshop.factory.impl.DefaultStorefrontFactory@30b35687)
2026-01-08 19:42:05.430 [39mDEBUG[0;39m [ded26d1b-4e40-409e-baa9-dd99bcab51c4] [http-nio-8081-exec-1] c.b.c.logging.MethodLoggingAspect - Factory enter: DefaultStorefrontFactory.payments() args=[]
2026-01-08 19:42:05.434 [34mINFO [0;39m [ded26d1b-4e40-409e-baa9-dd99bcab51c4] [http-nio-8081-exec-1] c.b.c.logging.MethodLoggingAspect - Factory exit: DefaultStorefrontFactory.payments() (4 ms)
2026-01-08 19:42:05.434 [39mDEBUG[0;39m [ded26d1b-4e40-409e-baa9-dd99bcab51c4] [http-nio-8081-exec-1] c.b.c.logging.MethodLoggingAspect - Factory result: DefaultStorefrontFactory.payments() => (com.bharatshop.factory.impl.DefaultStorefrontFactory$5@7ce177dc)
2026-01-08 19:42:05.434 [39mDEBUG[0;39m [ded26d1b-4e40-409e-baa9-dd99bcab51c4] [http-nio-8081-exec-1] c.b.c.logging.MethodLoggingAspect - Service enter: PaymentService.createOrder(..) args=[Integer(100), INR]
2026-01-08 19:42:05.434 [34mINFO [0;39m [ded26d1b-4e40-409e-baa9-dd99bcab51c4] [http-nio-8081-exec-1] c.b.c.logging.MethodLoggingAspect - Service exit: PaymentService.createOrder(..) (0 ms)
2026-01-08 19:42:05.434 [39mDEBUG[0;39m [ded26d1b-4e40-409e-baa9-dd99bcab51c4] [http-nio-8081-exec-1] c.b.c.logging.MethodLoggingAspect - Service result: PaymentService.createOrder(..) => PaymentOrder(com.bharatshop.domain.PaymentOrder@2d63741d)
2026-01-08 19:42:05.434 [34mINFO [0;39m [ded26d1b-4e40-409e-baa9-dd99bcab51c4] [http-nio-8081-exec-1] c.b.web.StorePaymentsController - Legacy initiate success: orderId=713f04f0-0c7b-4975-aa6c-76c0760a53e2 amount=100
2026-01-08 19:42:05.434 [34mINFO [0;39m [ded26d1b-4e40-409e-baa9-dd99bcab51c4] [http-nio-8081-exec-1] c.b.c.logging.MethodLoggingAspect - Controller exit: StorePaymentsController.initiate(..) -> status=200 (4 ms)
2026-01-08 19:42:05.434 [39mDEBUG[0;39m [ded26d1b-4e40-409e-baa9-dd99bcab51c4] [http-nio-8081-exec-1] c.b.c.logging.MethodLoggingAspect - Controller result: StorePaymentsController.initiate(..) => ResponseEntity(status=200)
2026-01-08 19:42:05.439 [34mINFO [0;39m [ded26d1b-4e40-409e-baa9-dd99bcab51c4] [http-nio-8081-exec-1] c.b.config.logging.HttpLoggingFilter - POST /store/payments/initiate -> 200 (11 ms)
2026-01-08 19:42:05.439 [34mINFO [0;39m [ded26d1b-4e40-409e-baa9-dd99bcab51c4] [http-nio-8081-exec-1] c.b.config.logging.HttpLoggingFilter - Headers: auth=present content-type=application/json accept=null
2026-01-08 19:42:05.441 [34mINFO [0;39m [ded26d1b-4e40-409e-baa9-dd99bcab51c4] [http-nio-8081-exec-1] c.b.config.logging.HttpLoggingFilter - Request payload: {
    "currency":  "INR",
    "amount":  100
}
2026-01-08 19:42:05.441 [34mINFO [0;39m [ded26d1b-4e40-409e-baa9-dd99bcab51c4] [http-nio-8081-exec-1] c.b.config.logging.HttpLoggingFilter - Response payload: {"id":"713f04f0-0c7b-4975-aa6c-76c0760a53e2","amount":100}
2026-01-08 19:42:05.487 [39mDEBUG[0;39m [af7d19b8-fd41-472c-9420-7fcf0c6ce97b] [http-nio-8081-exec-10] c.b.c.logging.MethodLoggingAspect - Controller enter: StorePaymentsController.webhook(..) args=[LinkedHashMap({event=payment.captured, payload={id=pay_123}})]
2026-01-08 19:42:05.487 [34mINFO [0;39m [af7d19b8-fd41-472c-9420-7fcf0c6ce97b] [http-nio-8081-exec-10] c.b.c.logging.MethodLoggingAspect - Controller exit: StorePaymentsController.webhook(..) -> status=200 (0 ms)
2026-01-08 19:42:05.489 [39mDEBUG[0;39m [af7d19b8-fd41-472c-9420-7fcf0c6ce97b] [http-nio-8081-exec-10] c.b.c.logging.MethodLoggingAspect - Controller result: StorePaymentsController.webhook(..) => ResponseEntity(status=200)
2026-01-08 19:42:05.489 [34mINFO [0;39m [af7d19b8-fd41-472c-9420-7fcf0c6ce97b] [http-nio-8081-exec-10] c.b.config.logging.HttpLoggingFilter - POST /store/payments/webhook -> 200 (4 ms)
2026-01-08 19:42:05.489 [34mINFO [0;39m [af7d19b8-fd41-472c-9420-7fcf0c6ce97b] [http-nio-8081-exec-10] c.b.config.logging.HttpLoggingFilter - Headers: auth=present content-type=application/json accept=null
2026-01-08 19:42:05.489 [34mINFO [0;39m [af7d19b8-fd41-472c-9420-7fcf0c6ce97b] [http-nio-8081-exec-10] c.b.config.logging.HttpLoggingFilter - Request payload: {
    "event":  "payment.captured",
    "payload":  {
                    "id":  "pay_123"
                }
}
2026-01-08 19:42:05.489 [34mINFO [0;39m [af7d19b8-fd41-472c-9420-7fcf0c6ce97b] [http-nio-8081-exec-10] c.b.config.logging.HttpLoggingFilter - Response payload: {"received":"payment.captured","status":"ok"}
2026-01-08 19:42:05.567 [39mDEBUG[0;39m [90b172f2-5bc3-439e-95a2-0a330f2a0898] [http-nio-8081-exec-3] c.b.c.logging.MethodLoggingAspect - Controller enter: PaymentController.createOrder(..) args=[LinkedHashMap({currency=INR, amount=100})]
2026-01-08 19:42:05.567 [34mINFO [0;39m [90b172f2-5bc3-439e-95a2-0a330f2a0898] [http-nio-8081-exec-3] c.bharatshop.web.PaymentController - Create-order: userId=89c782dd-abd3-4089-b874-07389813c965 tenant=local amount=100 currency=INR
2026-01-08 19:42:05.567 [39mDEBUG[0;39m [90b172f2-5bc3-439e-95a2-0a330f2a0898] [http-nio-8081-exec-3] c.b.c.logging.MethodLoggingAspect - Factory enter: FactoryProvider.getFactory() args=[]
2026-01-08 19:42:05.567 [34mINFO [0;39m [90b172f2-5bc3-439e-95a2-0a330f2a0898] [http-nio-8081-exec-3] c.b.c.logging.MethodLoggingAspect - Factory exit: FactoryProvider.getFactory() (0 ms)
2026-01-08 19:42:05.567 [39mDEBUG[0;39m [90b172f2-5bc3-439e-95a2-0a330f2a0898] [http-nio-8081-exec-3] c.b.c.logging.MethodLoggingAspect - Factory result: FactoryProvider.getFactory() => DefaultStorefrontFactory$$SpringCGLIB$$0(com.bharatshop.factory.impl.DefaultStorefrontFactory@30b35687)
2026-01-08 19:42:05.567 [39mDEBUG[0;39m [90b172f2-5bc3-439e-95a2-0a330f2a0898] [http-nio-8081-exec-3] c.b.c.logging.MethodLoggingAspect - Factory enter: DefaultStorefrontFactory.payments() args=[]
2026-01-08 19:42:05.567 [34mINFO [0;39m [90b172f2-5bc3-439e-95a2-0a330f2a0898] [http-nio-8081-exec-3] c.b.c.logging.MethodLoggingAspect - Factory exit: DefaultStorefrontFactory.payments() (0 ms)
2026-01-08 19:42:05.567 [39mDEBUG[0;39m [90b172f2-5bc3-439e-95a2-0a330f2a0898] [http-nio-8081-exec-3] c.b.c.logging.MethodLoggingAspect - Factory result: DefaultStorefrontFactory.payments() => (com.bharatshop.factory.impl.DefaultStorefrontFactory$5@262df801)
2026-01-08 19:42:05.567 [39mDEBUG[0;39m [90b172f2-5bc3-439e-95a2-0a330f2a0898] [http-nio-8081-exec-3] c.b.c.logging.MethodLoggingAspect - Service enter: PaymentService.createOrder(..) args=[Integer(100), INR]
2026-01-08 19:42:05.567 [34mINFO [0;39m [90b172f2-5bc3-439e-95a2-0a330f2a0898] [http-nio-8081-exec-3] c.b.c.logging.MethodLoggingAspect - Service exit: PaymentService.createOrder(..) (0 ms)
2026-01-08 19:42:05.573 [39mDEBUG[0;39m [90b172f2-5bc3-439e-95a2-0a330f2a0898] [http-nio-8081-exec-3] c.b.c.logging.MethodLoggingAspect - Service result: PaymentService.createOrder(..) => PaymentOrder(com.bharatshop.domain.PaymentOrder@ff9e8e2)
2026-01-08 19:42:05.573 [34mINFO [0;39m [90b172f2-5bc3-439e-95a2-0a330f2a0898] [http-nio-8081-exec-3] c.bharatshop.web.PaymentController - Create-order success: orderId=5f568a8d-7120-4018-814d-8c21e1c15e59 amount=100
2026-01-08 19:42:05.574 [34mINFO [0;39m [90b172f2-5bc3-439e-95a2-0a330f2a0898] [http-nio-8081-exec-3] c.b.c.logging.MethodLoggingAspect - Controller exit: PaymentController.createOrder(..) -> status=200 (7 ms)
2026-01-08 19:42:05.574 [39mDEBUG[0;39m [90b172f2-5bc3-439e-95a2-0a330f2a0898] [http-nio-8081-exec-3] c.b.c.logging.MethodLoggingAspect - Controller result: PaymentController.createOrder(..) => ResponseEntity(status=200)
2026-01-08 19:42:05.574 [34mINFO [0;39m [90b172f2-5bc3-439e-95a2-0a330f2a0898] [http-nio-8081-exec-3] c.b.config.logging.HttpLoggingFilter - POST /api/storefront/payments/create-order -> 200 (7 ms)
2026-01-08 19:42:05.574 [34mINFO [0;39m [90b172f2-5bc3-439e-95a2-0a330f2a0898] [http-nio-8081-exec-3] c.b.config.logging.HttpLoggingFilter - Headers: auth=present content-type=application/json accept=null
2026-01-08 19:42:05.574 [34mINFO [0;39m [90b172f2-5bc3-439e-95a2-0a330f2a0898] [http-nio-8081-exec-3] c.b.config.logging.HttpLoggingFilter - Request payload: {
    "currency":  "INR",
    "amount":  100
}
2026-01-08 19:42:05.574 [34mINFO [0;39m [90b172f2-5bc3-439e-95a2-0a330f2a0898] [http-nio-8081-exec-3] c.b.config.logging.HttpLoggingFilter - Response payload: {"id":"5f568a8d-7120-4018-814d-8c21e1c15e59","amount":100}
2026-01-08 19:42:05.625 [39mDEBUG[0;39m [41be4d9c-2e6d-4e51-a998-2e51dd38c9e0] [http-nio-8081-exec-2] c.b.c.logging.MethodLoggingAspect - Controller enter: PaymentController.verify(..) args=[LinkedHashMap({orderId=order_123, signature=sig_abc, paymentId=pay_123})]
2026-01-08 19:42:05.625 [34mINFO [0;39m [41be4d9c-2e6d-4e51-a998-2e51dd38c9e0] [http-nio-8081-exec-2] c.bharatshop.web.PaymentController - Verify payment: userId=89c782dd-abd3-4089-b874-07389813c965 tenant=local orderId=order_123 paymentId=pay_123 signaturePresent=true
2026-01-08 19:42:05.625 [39mDEBUG[0;39m [41be4d9c-2e6d-4e51-a998-2e51dd38c9e0] [http-nio-8081-exec-2] c.b.c.logging.MethodLoggingAspect - Factory enter: FactoryProvider.getFactory() args=[]
2026-01-08 19:42:05.625 [34mINFO [0;39m [41be4d9c-2e6d-4e51-a998-2e51dd38c9e0] [http-nio-8081-exec-2] c.b.c.logging.MethodLoggingAspect - Factory exit: FactoryProvider.getFactory() (0 ms)
2026-01-08 19:42:05.627 [39mDEBUG[0;39m [41be4d9c-2e6d-4e51-a998-2e51dd38c9e0] [http-nio-8081-exec-2] c.b.c.logging.MethodLoggingAspect - Factory result: FactoryProvider.getFactory() => DefaultStorefrontFactory$$SpringCGLIB$$0(com.bharatshop.factory.impl.DefaultStorefrontFactory@30b35687)
2026-01-08 19:42:05.627 [39mDEBUG[0;39m [41be4d9c-2e6d-4e51-a998-2e51dd38c9e0] [http-nio-8081-exec-2] c.b.c.logging.MethodLoggingAspect - Factory enter: DefaultStorefrontFactory.payments() args=[]
2026-01-08 19:42:05.627 [34mINFO [0;39m [41be4d9c-2e6d-4e51-a998-2e51dd38c9e0] [http-nio-8081-exec-2] c.b.c.logging.MethodLoggingAspect - Factory exit: DefaultStorefrontFactory.payments() (0 ms)
2026-01-08 19:42:05.627 [39mDEBUG[0;39m [41be4d9c-2e6d-4e51-a998-2e51dd38c9e0] [http-nio-8081-exec-2] c.b.c.logging.MethodLoggingAspect - Factory result: DefaultStorefrontFactory.payments() => (com.bharatshop.factory.impl.DefaultStorefrontFactory$5@4230531c)
2026-01-08 19:42:05.627 [39mDEBUG[0;39m [41be4d9c-2e6d-4e51-a998-2e51dd38c9e0] [http-nio-8081-exec-2] c.b.c.logging.MethodLoggingAspect - Service enter: PaymentService.verify(..) args=[order_123, pay_123, sig_abc]
2026-01-08 19:42:05.627 [34mINFO [0;39m [41be4d9c-2e6d-4e51-a998-2e51dd38c9e0] [http-nio-8081-exec-2] c.b.c.logging.MethodLoggingAspect - Service exit: PaymentService.verify(..) (0 ms)
2026-01-08 19:42:05.629 [39mDEBUG[0;39m [41be4d9c-2e6d-4e51-a998-2e51dd38c9e0] [http-nio-8081-exec-2] c.b.c.logging.MethodLoggingAspect - Service result: PaymentService.verify(..) => PaymentVerificationResponse(com.bharatshop.domain.PaymentVerificationResponse@7a0624d8)
2026-01-08 19:42:05.629 [34mINFO [0;39m [41be4d9c-2e6d-4e51-a998-2e51dd38c9e0] [http-nio-8081-exec-2] c.bharatshop.web.PaymentController - Verify result: status=error message=secret_not_configured
2026-01-08 19:42:05.629 [34mINFO [0;39m [41be4d9c-2e6d-4e51-a998-2e51dd38c9e0] [http-nio-8081-exec-2] c.b.c.logging.MethodLoggingAspect - Controller exit: PaymentController.verify(..) -> status=200 (4 ms)
2026-01-08 19:42:05.629 [39mDEBUG[0;39m [41be4d9c-2e6d-4e51-a998-2e51dd38c9e0] [http-nio-8081-exec-2] c.b.c.logging.MethodLoggingAspect - Controller result: PaymentController.verify(..) => ResponseEntity(status=200)
2026-01-08 19:42:05.631 [34mINFO [0;39m [41be4d9c-2e6d-4e51-a998-2e51dd38c9e0] [http-nio-8081-exec-2] c.b.config.logging.HttpLoggingFilter - POST /api/storefront/payments/verify -> 200 (8 ms)
2026-01-08 19:42:05.632 [34mINFO [0;39m [41be4d9c-2e6d-4e51-a998-2e51dd38c9e0] [http-nio-8081-exec-2] c.b.config.logging.HttpLoggingFilter - Headers: auth=present content-type=application/json accept=null
2026-01-08 19:42:05.632 [34mINFO [0;39m [41be4d9c-2e6d-4e51-a998-2e51dd38c9e0] [http-nio-8081-exec-2] c.b.config.logging.HttpLoggingFilter - Request payload: {
    "orderId":  "order_123",
    "signature":  "sig_abc",
    "paymentId":  "pay_123"
}
2026-01-08 19:42:05.632 [34mINFO [0;39m [41be4d9c-2e6d-4e51-a998-2e51dd38c9e0] [http-nio-8081-exec-2] c.b.config.logging.HttpLoggingFilter - Response payload: {"status":"error","message":"secret_not_configured"}
2026-01-08 19:42:18.364 [34mINFO [0;39m [ef5246ec-3a4a-4284-8644-d691606ba8e6] [http-nio-8081-exec-8] c.b.config.logging.HttpLoggingFilter - GET /?ide_webview_request_time=1767793959931 -> 404 (2 ms)
2026-01-08 19:42:18.364 [34mINFO [0;39m [ef5246ec-3a4a-4284-8644-d691606ba8e6] [http-nio-8081-exec-8] c.b.config.logging.HttpLoggingFilter - Headers: auth=absent content-type=null accept=text/html,application/xhtml+xml,application/xml;q=0.9,image/avif,image/webp,image/apng,*/*;q=0.8,application/signed-exchange;v=b3;q=0.7
2026-01-08 19:42:18.553 [34mINFO [0;39m [2d67b914-43c6-48e5-bad3-c57a8e8c6170] [http-nio-8081-exec-9] c.b.config.logging.HttpLoggingFilter - GET /?ide_webview_request_time=1767793959931 -> 404 (2 ms)
2026-01-08 19:42:18.553 [34mINFO [0;39m [2d67b914-43c6-48e5-bad3-c57a8e8c6170] [http-nio-8081-exec-9] c.b.config.logging.HttpLoggingFilter - Headers: auth=absent content-type=null accept=text/html,application/xhtml+xml,application/xml;q=0.9,image/avif,image/webp,image/apng,*/*;q=0.8,application/signed-exchange;v=b3;q=0.7
2026-01-08 19:42:19.965 [34mINFO [0;39m [482d075a-9525-42bf-bca1-6fc21141310e] [http-nio-8081-exec-7] c.b.config.logging.HttpLoggingFilter - GET /@vite/client -> 404 (5 ms)
2026-01-08 19:42:19.965 [34mINFO [0;39m [482d075a-9525-42bf-bca1-6fc21141310e] [http-nio-8081-exec-7] c.b.config.logging.HttpLoggingFilter - Headers: auth=absent content-type=null accept=*/*
2026-01-08 19:43:11.357 [34mINFO [0;39m [b3ee3677-f149-4296-ba72-1a063b1958e9] [http-nio-8081-exec-1] c.b.config.logging.HttpLoggingFilter - POST /api/logistics/attempt -> 404 (6 ms)
2026-01-08 19:43:11.357 [34mINFO [0;39m [b3ee3677-f149-4296-ba72-1a063b1958e9] [http-nio-8081-exec-1] c.b.config.logging.HttpLoggingFilter - Headers: auth=absent content-type=application/json accept=null
2026-01-08 19:43:33.876 [31mWARN [0;39m [] [http-nio-8081-exec-10] o.a.c.util.SessionIdGeneratorBase - Creation of SecureRandom instance for session ID generation using [SHA1PRNG] took [107] milliseconds.
2026-01-08 19:50:27.884 [39mDEBUG[0;39m [065d82dd-f0c1-4165-979a-df0722d4b13f] [http-nio-8081-exec-2] c.b.c.logging.MethodLoggingAspect - Controller enter: StorefrontCartController.getCart(..) args=[demo-store, guest_1763145312971_qpjhsp]
2026-01-08 19:50:27.886 [34mINFO [0;39m [065d82dd-f0c1-4165-979a-df0722d4b13f] [http-nio-8081-exec-2] c.b.web.StorefrontCartController - Storefront get cart: tenant=demo-store userId=guest-guest_1763145312971_qpjhsp 
2026-01-08 19:50:27.886 [39mDEBUG[0;39m [065d82dd-f0c1-4165-979a-df0722d4b13f] [http-nio-8081-exec-2] c.b.c.logging.MethodLoggingAspect - Service enter: CartService.getCart(..) args=[guest-guest_1763145312971_qpjhsp]
2026-01-08 19:50:27.888 [34mINFO [0;39m [065d82dd-f0c1-4165-979a-df0722d4b13f] [http-nio-8081-exec-2] c.b.c.logging.MethodLoggingAspect - Service exit: CartService.getCart(..) (2 ms)
2026-01-08 19:50:27.888 [39mDEBUG[0;39m [065d82dd-f0c1-4165-979a-df0722d4b13f] [http-nio-8081-exec-2] c.b.c.logging.MethodLoggingAspect - Service result: CartService.getCart(..) => ArrayList[size=0]
2026-01-08 19:50:27.888 [34mINFO [0;39m [065d82dd-f0c1-4165-979a-df0722d4b13f] [http-nio-8081-exec-2] c.b.c.logging.MethodLoggingAspect - Controller exit: StorefrontCartController.getCart(..) -> status=200 (4 ms)
2026-01-08 19:50:27.888 [39mDEBUG[0;39m [065d82dd-f0c1-4165-979a-df0722d4b13f] [http-nio-8081-exec-2] c.b.c.logging.MethodLoggingAspect - Controller result: StorefrontCartController.getCart(..) => ResponseEntity(status=200)
2026-01-08 19:50:27.888 [34mINFO [0;39m [065d82dd-f0c1-4165-979a-df0722d4b13f] [http-nio-8081-exec-2] c.b.config.logging.HttpLoggingFilter - GET /api/storefront/cart -> 200 (5 ms)
2026-01-08 19:50:27.891 [34mINFO [0;39m [065d82dd-f0c1-4165-979a-df0722d4b13f] [http-nio-8081-exec-2] c.b.config.logging.HttpLoggingFilter - Headers: auth=absent content-type=null accept=application/json, text/plain, */*
2026-01-08 19:50:27.893 [34mINFO [0;39m [065d82dd-f0c1-4165-979a-df0722d4b13f] [http-nio-8081-exec-2] c.b.config.logging.HttpLoggingFilter - Response payload: {"totals":{"subtotal":0.0,"itemsCount":0},"items":[]}
2026-01-08 19:50:27.914 [39mDEBUG[0;39m [9d1b9223-0b7f-4000-a917-86286ae9ae96] [http-nio-8081-exec-4] c.b.c.logging.MethodLoggingAspect - Controller enter: StorefrontCartController.getCart(..) args=[demo-store, guest_1763145312971_qpjhsp]
2026-01-08 19:50:27.916 [34mINFO [0;39m [9d1b9223-0b7f-4000-a917-86286ae9ae96] [http-nio-8081-exec-4] c.b.web.StorefrontCartController - Storefront get cart: tenant=demo-store userId=guest-guest_1763145312971_qpjhsp 
2026-01-08 19:50:27.916 [39mDEBUG[0;39m [9d1b9223-0b7f-4000-a917-86286ae9ae96] [http-nio-8081-exec-4] c.b.c.logging.MethodLoggingAspect - Service enter: CartService.getCart(..) args=[guest-guest_1763145312971_qpjhsp]
2026-01-08 19:50:27.916 [34mINFO [0;39m [9d1b9223-0b7f-4000-a917-86286ae9ae96] [http-nio-8081-exec-4] c.b.c.logging.MethodLoggingAspect - Service exit: CartService.getCart(..) (0 ms)
2026-01-08 19:50:27.916 [39mDEBUG[0;39m [9d1b9223-0b7f-4000-a917-86286ae9ae96] [http-nio-8081-exec-4] c.b.c.logging.MethodLoggingAspect - Service result: CartService.getCart(..) => ArrayList[size=0]
2026-01-08 19:50:27.918 [34mINFO [0;39m [9d1b9223-0b7f-4000-a917-86286ae9ae96] [http-nio-8081-exec-4] c.b.c.logging.MethodLoggingAspect - Controller exit: StorefrontCartController.getCart(..) -> status=200 (4 ms)
2026-01-08 19:50:27.918 [39mDEBUG[0;39m [9d1b9223-0b7f-4000-a917-86286ae9ae96] [http-nio-8081-exec-4] c.b.c.logging.MethodLoggingAspect - Controller result: StorefrontCartController.getCart(..) => ResponseEntity(status=200)
2026-01-08 19:50:27.920 [34mINFO [0;39m [9d1b9223-0b7f-4000-a917-86286ae9ae96] [http-nio-8081-exec-4] c.b.config.logging.HttpLoggingFilter - GET /api/storefront/cart -> 200 (13 ms)
2026-01-08 19:50:27.920 [34mINFO [0;39m [9d1b9223-0b7f-4000-a917-86286ae9ae96] [http-nio-8081-exec-4] c.b.config.logging.HttpLoggingFilter - Headers: auth=absent content-type=null accept=application/json, text/plain, */*
2026-01-08 19:50:27.920 [34mINFO [0;39m [9d1b9223-0b7f-4000-a917-86286ae9ae96] [http-nio-8081-exec-4] c.b.config.logging.HttpLoggingFilter - Response payload: {"totals":{"subtotal":0.0,"itemsCount":0},"items":[]}
2026-01-08 19:50:28.083 [39mDEBUG[0;39m [3e0eb973-53ca-447b-a59d-6dd661a51b30] [http-nio-8081-exec-8] c.b.c.logging.MethodLoggingAspect - Controller enter: StoreDiscoveryController.stores(..) args=[null, null]
2026-01-08 19:50:28.083 [34mINFO [0;39m [3e0eb973-53ca-447b-a59d-6dd661a51b30] [http-nio-8081-exec-8] c.b.web.StoreDiscoveryController - Discover stores: tenant=demo-store search=null category=null
2026-01-08 19:50:28.086 [39mDEBUG[0;39m [3e0eb973-53ca-447b-a59d-6dd661a51b30] [http-nio-8081-exec-8] c.b.c.logging.MethodLoggingAspect - Factory enter: FactoryProvider.getFactory() args=[]
2026-01-08 19:50:28.086 [34mINFO [0;39m [3e0eb973-53ca-447b-a59d-6dd661a51b30] [http-nio-8081-exec-8] c.b.c.logging.MethodLoggingAspect - Factory exit: FactoryProvider.getFactory() (0 ms)
2026-01-08 19:50:28.086 [39mDEBUG[0;39m [3e0eb973-53ca-447b-a59d-6dd661a51b30] [http-nio-8081-exec-8] c.b.c.logging.MethodLoggingAspect - Factory result: FactoryProvider.getFactory() => DefaultStorefrontFactory$$SpringCGLIB$$0(com.bharatshop.factory.impl.DefaultStorefrontFactory@30b35687)
2026-01-08 19:50:28.086 [39mDEBUG[0;39m [3e0eb973-53ca-447b-a59d-6dd661a51b30] [http-nio-8081-exec-8] c.b.c.logging.MethodLoggingAspect - Factory enter: DefaultStorefrontFactory.stores() args=[]
2026-01-08 19:50:28.086 [34mINFO [0;39m [3e0eb973-53ca-447b-a59d-6dd661a51b30] [http-nio-8081-exec-8] c.b.c.logging.MethodLoggingAspect - Factory exit: DefaultStorefrontFactory.stores() (0 ms)
2026-01-08 19:50:28.088 [39mDEBUG[0;39m [3e0eb973-53ca-447b-a59d-6dd661a51b30] [http-nio-8081-exec-8] c.b.c.logging.MethodLoggingAspect - Factory result: DefaultStorefrontFactory.stores() => (com.bharatshop.factory.impl.DefaultStorefrontFactory$2@3dc5b906)
2026-01-08 19:50:28.088 [39mDEBUG[0;39m [3e0eb973-53ca-447b-a59d-6dd661a51b30] [http-nio-8081-exec-8] c.b.c.logging.MethodLoggingAspect - Service enter: StoreService.list(..) args=[null, null]
2026-01-08 19:50:28.095 [34mINFO [0;39m [3e0eb973-53ca-447b-a59d-6dd661a51b30] [http-nio-8081-exec-8] c.b.c.logging.MethodLoggingAspect - Service exit: StoreService.list(..) (7 ms)
2026-01-08 19:50:28.095 [39mDEBUG[0;39m [3e0eb973-53ca-447b-a59d-6dd661a51b30] [http-nio-8081-exec-8] c.b.c.logging.MethodLoggingAspect - Service result: StoreService.list(..) => ArrayList[size=4]
2026-01-08 19:50:28.095 [34mINFO [0;39m [3e0eb973-53ca-447b-a59d-6dd661a51b30] [http-nio-8081-exec-8] c.b.c.logging.MethodLoggingAspect - Controller exit: StoreDiscoveryController.stores(..) -> status=200 (12 ms)
2026-01-08 19:50:28.095 [39mDEBUG[0;39m [3e0eb973-53ca-447b-a59d-6dd661a51b30] [http-nio-8081-exec-8] c.b.c.logging.MethodLoggingAspect - Controller result: StoreDiscoveryController.stores(..) => ResponseEntity(status=200)
2026-01-08 19:50:28.099 [34mINFO [0;39m [3e0eb973-53ca-447b-a59d-6dd661a51b30] [http-nio-8081-exec-8] c.b.config.logging.HttpLoggingFilter - GET /api/stores -> 200 (16 ms)
2026-01-08 19:50:28.099 [34mINFO [0;39m [3e0eb973-53ca-447b-a59d-6dd661a51b30] [http-nio-8081-exec-8] c.b.config.logging.HttpLoggingFilter - Headers: auth=absent content-type=null accept=application/json, text/plain, */*
2026-01-08 19:50:28.102 [34mINFO [0;39m [3e0eb973-53ca-447b-a59d-6dd661a51b30] [http-nio-8081-exec-8] c.b.config.logging.HttpLoggingFilter - Response payload: [{"id":"9d72b824-254a-4055-b893-eca7fbb44c7e","name":"City Pharmacy","area":"Brigade","category":"pharmacy","status":"open","orderingDisabled":false,"updatedAt":"2026-01-07T13:52:45.314753Z"},{"id":"fcc0735f-7395-4acc-a086-40195c7ff4c1","name":"Fresh Mart","area":"MG Road","category":"grocery","status":"open","orderingDisabled":false,"updatedAt":"2026-01-07T13:52:45.229915Z"},{"id":"622c609d-79cc-4040-8f19-abcc302ef24b","name":"Smoke Store","area":"Area","category":"General","ownerId":"89c782dd-abd3-4089-b874-07389813c965","status":"open","orderingDisabled":false,"updatedAt":"2026-01-08T14:12:05.076761Z"},{"id":"e3a21b9e-4c25-4ef4-928d-0c2b3c7d8830","name":"Sunrise Hotel","area":"Beach","category":"hospitality","status":"open","orderingDisabled":false,"updatedAt":"2026-01-07T13:52:45.318432Z"}]
2026-01-08 22:19:29.891 [31mWARN [0;39m [] [HikariPool-1 housekeeper] com.zaxxer.hikari.pool.HikariPool - HikariPool-1 - Thread starvation or clock leap detected (housekeeper delta=22m54s568ms719µs600ns).
