2026-01-07 19:18:49.724 [34mINFO [0;39m [] [main] c.bharatshop.BharatshopApplication - Starting BharatshopApplication using Java 17.0.12 with PID 23356 (C:\Users\Adarsh\Downloads\bharatshop-backend\target\bharatshop-backend-0.0.1-SNAPSHOT.jar started by Adarsh in C:\Users\Adarsh\Downloads\bharatshop-backend)
2026-01-07 19:18:49.744 [39mDEBUG[0;39m [] [main] c.bharatshop.BharatshopApplication - Running with Spring Boot v3.3.4, Spring v6.1.13
2026-01-07 19:18:49.747 [34mINFO [0;39m [] [main] c.bharatshop.BharatshopApplication - No active profile set, falling back to 1 default profile: "default"
2026-01-07 19:18:53.537 [34mINFO [0;39m [] [main] o.s.d.r.c.RepositoryConfigurationDelegate - Bootstrapping Spring Data JPA repositories in DEFAULT mode.
2026-01-07 19:18:53.796 [34mINFO [0;39m [] [main] o.s.d.r.c.RepositoryConfigurationDelegate - Finished Spring Data repository scanning in 235 ms. Found 7 JPA repository interfaces.
2026-01-07 19:18:57.168 [34mINFO [0;39m [] [main] o.s.b.w.e.tomcat.TomcatWebServer - Tomcat initialized with port 8080 (http)
2026-01-07 19:18:57.202 [34mINFO [0;39m [] [main] o.a.coyote.http11.Http11NioProtocol - Initializing ProtocolHandler ["http-nio-8080"]
2026-01-07 19:18:57.216 [34mINFO [0;39m [] [main] o.a.catalina.core.StandardService - Starting service [Tomcat]
2026-01-07 19:18:57.218 [34mINFO [0;39m [] [main] o.a.catalina.core.StandardEngine - Starting Servlet engine: [Apache Tomcat/10.1.30]
2026-01-07 19:18:57.386 [34mINFO [0;39m [] [main] o.a.c.c.C.[Tomcat].[localhost].[/] - Initializing Spring embedded WebApplicationContext
2026-01-07 19:18:57.391 [34mINFO [0;39m [] [main] o.s.b.w.s.c.ServletWebServerApplicationContext - Root WebApplicationContext: initialization completed in 7485 ms
2026-01-07 19:18:57.941 [34mINFO [0;39m [] [main] com.zaxxer.hikari.HikariDataSource - HikariPool-1 - Starting...
2026-01-07 19:18:58.596 [34mINFO [0;39m [] [main] com.zaxxer.hikari.pool.HikariPool - HikariPool-1 - Added connection conn0: url=jdbc:h2:mem:bharatshop user=SA
2026-01-07 19:18:58.601 [34mINFO [0;39m [] [main] com.zaxxer.hikari.HikariDataSource - HikariPool-1 - Start completed.
2026-01-07 19:18:58.638 [34mINFO [0;39m [] [main] o.s.b.a.h.H2ConsoleAutoConfiguration - H2 console available at '/h2-console'. Database available at 'jdbc:h2:mem:bharatshop'
2026-01-07 19:19:01.885 [34mINFO [0;39m [] [main] o.s.o.j.p.SpringPersistenceUnitInfo - No LoadTimeWeaver setup: ignoring JPA class transformer
2026-01-07 19:19:05.484 [34mINFO [0;39m [] [main] o.s.o.j.LocalContainerEntityManagerFactoryBean - Initialized JPA EntityManagerFactory for persistence unit 'default'
2026-01-07 19:19:06.410 [34mINFO [0;39m [] [main] c.b.config.NotificationConfig - SMS provider: LOG (fallback)
2026-01-07 19:19:06.410 [34mINFO [0;39m [] [main] c.b.config.NotificationConfig - Email provider: LOG (fallback)
2026-01-07 19:19:06.599 [39mDEBUG[0;39m [] [main] c.b.c.logging.CorrelationIdFilter - Filter 'correlationIdFilter' configured for use
2026-01-07 19:19:06.599 [39mDEBUG[0;39m [] [main] c.b.config.logging.HttpLoggingFilter - Filter 'httpLoggingFilter' configured for use
2026-01-07 19:19:06.603 [39mDEBUG[0;39m [] [main] com.bharatshop.config.TenantFilter - Filter 'tenantFilter' configured for use
2026-01-07 19:19:06.605 [39mDEBUG[0;39m [] [main] c.b.security.TokenAuthFilter - Filter 'tokenAuthFilter' configured for use
2026-01-07 19:19:06.612 [39mDEBUG[0;39m [] [main] c.b.config.IdempotencyFilter - Filter 'idempotencyFilter' configured for use
2026-01-07 19:19:08.136 [31mWARN [0;39m [] [main] o.s.b.a.o.j.JpaBaseConfiguration$JpaWebConfiguration - spring.jpa.open-in-view is enabled by default. Therefore, database queries may be performed during view rendering. Explicitly configure spring.jpa.open-in-view to disable this warning
2026-01-07 19:19:08.381 [31mWARN [0;39m [] [main] o.s.b.a.s.s.UserDetailsServiceAutoConfiguration - 

Using generated security password: 280843af-e277-4713-804f-901c2fbd0e83

This generated password is for development use only. Your security configuration must be updated before running your application in production.

2026-01-07 19:19:08.419 [34mINFO [0;39m [] [main] o.s.s.c.a.a.c.InitializeUserDetailsBeanManagerConfigurer$InitializeUserDetailsManagerConfigurer - Global AuthenticationManager configured with UserDetailsService bean with name inMemoryUserDetailsManager
2026-01-07 19:19:10.612 [34mINFO [0;39m [] [main] o.s.b.a.e.web.EndpointLinksResolver - Exposing 4 endpoints beneath base path '/actuator'
2026-01-07 19:19:13.579 [34mINFO [0;39m [] [main] o.a.coyote.http11.Http11NioProtocol - Starting ProtocolHandler ["http-nio-8080"]
2026-01-07 19:19:13.908 [34mINFO [0;39m [] [main] o.s.b.w.e.tomcat.TomcatWebServer - Tomcat started on port 8080 (http) with context path '/'
2026-01-07 19:19:13.979 [34mINFO [0;39m [] [main] c.bharatshop.BharatshopApplication - Started BharatshopApplication in 26.163 seconds (process running for 28.091)
2026-01-07 19:19:14.285 [39mDEBUG[0;39m [] [main] c.b.c.logging.MethodLoggingAspect - Service enter: StoreService.add(..) args=[Store(com.bharatshop.domain.Store@6b0dc462)]
2026-01-07 19:19:14.822 [34mINFO [0;39m [] [main] c.b.c.logging.MethodLoggingAspect - Service exit: StoreService.add(..) (538 ms)
2026-01-07 19:19:14.822 [39mDEBUG[0;39m [] [main] c.b.c.logging.MethodLoggingAspect - Service result: StoreService.add(..) => Store(com.bharatshop.domain.Store@71ef3f0c)
2026-01-07 19:19:14.824 [39mDEBUG[0;39m [] [main] c.b.c.logging.MethodLoggingAspect - Service enter: StoreService.add(..) args=[Store(com.bharatshop.domain.Store@471021f8)]
2026-01-07 19:19:14.835 [34mINFO [0;39m [] [main] c.b.c.logging.MethodLoggingAspect - Service exit: StoreService.add(..) (11 ms)
2026-01-07 19:19:14.835 [39mDEBUG[0;39m [] [main] c.b.c.logging.MethodLoggingAspect - Service result: StoreService.add(..) => Store(com.bharatshop.domain.Store@ed5cf29)
2026-01-07 19:19:14.835 [39mDEBUG[0;39m [] [main] c.b.c.logging.MethodLoggingAspect - Service enter: StoreService.add(..) args=[Store(com.bharatshop.domain.Store@4dc24d88)]
2026-01-07 19:19:14.843 [34mINFO [0;39m [] [main] c.b.c.logging.MethodLoggingAspect - Service exit: StoreService.add(..) (8 ms)
2026-01-07 19:19:14.845 [39mDEBUG[0;39m [] [main] c.b.c.logging.MethodLoggingAspect - Service result: StoreService.add(..) => Store(com.bharatshop.domain.Store@66113b7c)
2026-01-07 19:19:14.847 [39mDEBUG[0;39m [] [main] c.b.c.logging.MethodLoggingAspect - Service enter: ProductService.add(..) args=[Product(com.bharatshop.domain.Product@7265db9d)]
2026-01-07 19:19:14.879 [34mINFO [0;39m [] [main] c.b.c.logging.MethodLoggingAspect - Service exit: ProductService.add(..) (34 ms)
2026-01-07 19:19:14.879 [39mDEBUG[0;39m [] [main] c.b.c.logging.MethodLoggingAspect - Service result: ProductService.add(..) => null
2026-01-07 19:19:14.881 [39mDEBUG[0;39m [] [main] c.b.c.logging.MethodLoggingAspect - Service enter: ProductService.add(..) args=[Product(com.bharatshop.domain.Product@5ae6a240)]
2026-01-07 19:19:14.888 [34mINFO [0;39m [] [main] c.b.c.logging.MethodLoggingAspect - Service exit: ProductService.add(..) (7 ms)
2026-01-07 19:19:14.888 [39mDEBUG[0;39m [] [main] c.b.c.logging.MethodLoggingAspect - Service result: ProductService.add(..) => null
2026-01-07 19:19:14.890 [39mDEBUG[0;39m [] [main] c.b.c.logging.MethodLoggingAspect - Service enter: ProductService.add(..) args=[Product(com.bharatshop.domain.Product@49e4b332)]
2026-01-07 19:19:14.898 [34mINFO [0;39m [] [main] c.b.c.logging.MethodLoggingAspect - Service exit: ProductService.add(..) (8 ms)
2026-01-07 19:19:14.898 [39mDEBUG[0;39m [] [main] c.b.c.logging.MethodLoggingAspect - Service result: ProductService.add(..) => null
2026-01-07 19:19:14.901 [39mDEBUG[0;39m [] [main] c.b.c.logging.MethodLoggingAspect - Service enter: ProductService.add(..) args=[Product(com.bharatshop.domain.Product@30422a69)]
2026-01-07 19:19:14.912 [34mINFO [0;39m [] [main] c.b.c.logging.MethodLoggingAspect - Service exit: ProductService.add(..) (11 ms)
2026-01-07 19:19:14.914 [39mDEBUG[0;39m [] [main] c.b.c.logging.MethodLoggingAspect - Service result: ProductService.add(..) => null
2026-01-07 19:20:21.376 [34mINFO [0;39m [] [http-nio-8080-exec-1] o.a.c.c.C.[Tomcat].[localhost].[/] - Initializing Spring DispatcherServlet 'dispatcherServlet'
2026-01-07 19:20:21.378 [34mINFO [0;39m [] [http-nio-8080-exec-1] o.s.web.servlet.DispatcherServlet - Initializing Servlet 'dispatcherServlet'
2026-01-07 19:20:21.381 [34mINFO [0;39m [] [http-nio-8080-exec-1] o.s.web.servlet.DispatcherServlet - Completed initialization in 3 ms
2026-01-07 19:20:21.563 [34mINFO [0;39m [af51fcc2-650a-412d-8932-5f965114735d] [http-nio-8080-exec-1] c.b.config.logging.HttpLoggingFilter - GET /?ide_webview_request_time=1767793821055 -> 404 (41 ms)
2026-01-07 19:20:21.565 [34mINFO [0;39m [af51fcc2-650a-412d-8932-5f965114735d] [http-nio-8080-exec-1] c.b.config.logging.HttpLoggingFilter - Headers: auth=absent content-type=null accept=text/html,application/xhtml+xml,application/xml;q=0.9,image/avif,image/webp,image/apng,*/*;q=0.8,application/signed-exchange;v=b3;q=0.7
2026-01-07 19:20:21.828 [34mINFO [0;39m [8cee7a3b-f99a-4e45-b6e2-e13e9abe3836] [http-nio-8080-exec-4] c.b.config.logging.HttpLoggingFilter - GET /@vite/client -> 404 (7 ms)
2026-01-07 19:20:21.830 [34mINFO [0;39m [8cee7a3b-f99a-4e45-b6e2-e13e9abe3836] [http-nio-8080-exec-4] c.b.config.logging.HttpLoggingFilter - Headers: auth=absent content-type=null accept=*/*
2026-01-07 19:22:28.969 [34mINFO [0;39m [] [main] c.bharatshop.BharatshopApplication - Starting BharatshopApplication using Java 17.0.12 with PID 18092 (C:\Users\Adarsh\Downloads\bharatshop-backend\target\bharatshop-backend-0.0.1-SNAPSHOT.jar started by Adarsh in C:\Users\Adarsh\Downloads\bharatshop-backend)
2026-01-07 19:22:28.973 [39mDEBUG[0;39m [] [main] c.bharatshop.BharatshopApplication - Running with Spring Boot v3.3.4, Spring v6.1.13
2026-01-07 19:22:28.973 [34mINFO [0;39m [] [main] c.bharatshop.BharatshopApplication - No active profile set, falling back to 1 default profile: "default"
2026-01-07 19:22:32.127 [34mINFO [0;39m [] [main] o.s.d.r.c.RepositoryConfigurationDelegate - Bootstrapping Spring Data JPA repositories in DEFAULT mode.
2026-01-07 19:22:32.319 [34mINFO [0;39m [] [main] o.s.d.r.c.RepositoryConfigurationDelegate - Finished Spring Data repository scanning in 168 ms. Found 7 JPA repository interfaces.
2026-01-07 19:22:34.500 [34mINFO [0;39m [] [main] o.s.b.w.e.tomcat.TomcatWebServer - Tomcat initialized with port 8081 (http)
2026-01-07 19:22:34.535 [34mINFO [0;39m [] [main] o.a.coyote.http11.Http11NioProtocol - Initializing ProtocolHandler ["http-nio-8081"]
2026-01-07 19:22:34.545 [34mINFO [0;39m [] [main] o.a.catalina.core.StandardService - Starting service [Tomcat]
2026-01-07 19:22:34.548 [34mINFO [0;39m [] [main] o.a.catalina.core.StandardEngine - Starting Servlet engine: [Apache Tomcat/10.1.30]
2026-01-07 19:22:34.683 [34mINFO [0;39m [] [main] o.a.c.c.C.[Tomcat].[localhost].[/] - Initializing Spring embedded WebApplicationContext
2026-01-07 19:22:34.687 [34mINFO [0;39m [] [main] o.s.b.w.s.c.ServletWebServerApplicationContext - Root WebApplicationContext: initialization completed in 5573 ms
2026-01-07 19:22:35.092 [34mINFO [0;39m [] [main] com.zaxxer.hikari.HikariDataSource - HikariPool-1 - Starting...
2026-01-07 19:22:35.617 [34mINFO [0;39m [] [main] com.zaxxer.hikari.pool.HikariPool - HikariPool-1 - Added connection conn0: url=jdbc:h2:mem:bharatshop user=SA
2026-01-07 19:22:35.622 [34mINFO [0;39m [] [main] com.zaxxer.hikari.HikariDataSource - HikariPool-1 - Start completed.
2026-01-07 19:22:35.640 [34mINFO [0;39m [] [main] o.s.b.a.h.H2ConsoleAutoConfiguration - H2 console available at '/h2-console'. Database available at 'jdbc:h2:mem:bharatshop'
2026-01-07 19:22:37.159 [34mINFO [0;39m [] [main] o.s.o.j.p.SpringPersistenceUnitInfo - No LoadTimeWeaver setup: ignoring JPA class transformer
2026-01-07 19:22:40.105 [34mINFO [0;39m [] [main] o.s.o.j.LocalContainerEntityManagerFactoryBean - Initialized JPA EntityManagerFactory for persistence unit 'default'
2026-01-07 19:22:40.958 [34mINFO [0;39m [] [main] c.b.config.NotificationConfig - SMS provider: LOG (fallback)
2026-01-07 19:22:40.966 [34mINFO [0;39m [] [main] c.b.config.NotificationConfig - Email provider: LOG (fallback)
2026-01-07 19:22:41.247 [39mDEBUG[0;39m [] [main] c.b.c.logging.CorrelationIdFilter - Filter 'correlationIdFilter' configured for use
2026-01-07 19:22:41.247 [39mDEBUG[0;39m [] [main] c.b.config.logging.HttpLoggingFilter - Filter 'httpLoggingFilter' configured for use
2026-01-07 19:22:41.250 [39mDEBUG[0;39m [] [main] com.bharatshop.config.TenantFilter - Filter 'tenantFilter' configured for use
2026-01-07 19:22:41.255 [39mDEBUG[0;39m [] [main] c.b.security.TokenAuthFilter - Filter 'tokenAuthFilter' configured for use
2026-01-07 19:22:41.264 [39mDEBUG[0;39m [] [main] c.b.config.IdempotencyFilter - Filter 'idempotencyFilter' configured for use
2026-01-07 19:22:42.306 [31mWARN [0;39m [] [main] o.s.b.a.o.j.JpaBaseConfiguration$JpaWebConfiguration - spring.jpa.open-in-view is enabled by default. Therefore, database queries may be performed during view rendering. Explicitly configure spring.jpa.open-in-view to disable this warning
2026-01-07 19:22:42.381 [31mWARN [0;39m [] [main] o.s.b.a.s.s.UserDetailsServiceAutoConfiguration - 

Using generated security password: 42c8b4d9-e652-48e7-9307-e559b3830012

This generated password is for development use only. Your security configuration must be updated before running your application in production.

2026-01-07 19:22:42.408 [34mINFO [0;39m [] [main] o.s.s.c.a.a.c.InitializeUserDetailsBeanManagerConfigurer$InitializeUserDetailsManagerConfigurer - Global AuthenticationManager configured with UserDetailsService bean with name inMemoryUserDetailsManager
2026-01-07 19:22:43.473 [34mINFO [0;39m [] [main] o.s.b.a.e.web.EndpointLinksResolver - Exposing 4 endpoints beneath base path '/actuator'
2026-01-07 19:22:44.819 [34mINFO [0;39m [] [main] o.a.coyote.http11.Http11NioProtocol - Starting ProtocolHandler ["http-nio-8081"]
2026-01-07 19:22:44.893 [34mINFO [0;39m [] [main] o.s.b.w.e.tomcat.TomcatWebServer - Tomcat started on port 8081 (http) with context path '/'
2026-01-07 19:22:44.924 [34mINFO [0;39m [] [main] c.bharatshop.BharatshopApplication - Started BharatshopApplication in 17.709 seconds (process running for 19.144)
2026-01-07 19:22:45.055 [39mDEBUG[0;39m [] [main] c.b.c.logging.MethodLoggingAspect - Service enter: StoreService.add(..) args=[Store(com.bharatshop.domain.Store@3f30c9cf)]
2026-01-07 19:22:45.310 [34mINFO [0;39m [] [main] c.b.c.logging.MethodLoggingAspect - Service exit: StoreService.add(..) (260 ms)
2026-01-07 19:22:45.310 [39mDEBUG[0;39m [] [main] c.b.c.logging.MethodLoggingAspect - Service result: StoreService.add(..) => Store(com.bharatshop.domain.Store@71b253b)
2026-01-07 19:22:45.310 [39mDEBUG[0;39m [] [main] c.b.c.logging.MethodLoggingAspect - Service enter: StoreService.add(..) args=[Store(com.bharatshop.domain.Store@765cb6c1)]
2026-01-07 19:22:45.318 [34mINFO [0;39m [] [main] c.b.c.logging.MethodLoggingAspect - Service exit: StoreService.add(..) (8 ms)
2026-01-07 19:22:45.318 [39mDEBUG[0;39m [] [main] c.b.c.logging.MethodLoggingAspect - Service result: StoreService.add(..) => Store(com.bharatshop.domain.Store@65b63277)
2026-01-07 19:22:45.318 [39mDEBUG[0;39m [] [main] c.b.c.logging.MethodLoggingAspect - Service enter: StoreService.add(..) args=[Store(com.bharatshop.domain.Store@6e323a5d)]
2026-01-07 19:22:45.318 [34mINFO [0;39m [] [main] c.b.c.logging.MethodLoggingAspect - Service exit: StoreService.add(..) (0 ms)
2026-01-07 19:22:45.318 [39mDEBUG[0;39m [] [main] c.b.c.logging.MethodLoggingAspect - Service result: StoreService.add(..) => Store(com.bharatshop.domain.Store@78fb8a66)
2026-01-07 19:22:45.318 [39mDEBUG[0;39m [] [main] c.b.c.logging.MethodLoggingAspect - Service enter: ProductService.add(..) args=[Product(com.bharatshop.domain.Product@5c47ef5f)]
2026-01-07 19:22:45.334 [34mINFO [0;39m [] [main] c.b.c.logging.MethodLoggingAspect - Service exit: ProductService.add(..) (16 ms)
2026-01-07 19:22:45.334 [39mDEBUG[0;39m [] [main] c.b.c.logging.MethodLoggingAspect - Service result: ProductService.add(..) => null
2026-01-07 19:22:45.334 [39mDEBUG[0;39m [] [main] c.b.c.logging.MethodLoggingAspect - Service enter: ProductService.add(..) args=[Product(com.bharatshop.domain.Product@74faa12)]
2026-01-07 19:22:45.339 [34mINFO [0;39m [] [main] c.b.c.logging.MethodLoggingAspect - Service exit: ProductService.add(..) (5 ms)
2026-01-07 19:22:45.339 [39mDEBUG[0;39m [] [main] c.b.c.logging.MethodLoggingAspect - Service result: ProductService.add(..) => null
2026-01-07 19:22:45.339 [39mDEBUG[0;39m [] [main] c.b.c.logging.MethodLoggingAspect - Service enter: ProductService.add(..) args=[Product(com.bharatshop.domain.Product@613d4fa6)]
2026-01-07 19:22:45.345 [34mINFO [0;39m [] [main] c.b.c.logging.MethodLoggingAspect - Service exit: ProductService.add(..) (6 ms)
2026-01-07 19:22:45.345 [39mDEBUG[0;39m [] [main] c.b.c.logging.MethodLoggingAspect - Service result: ProductService.add(..) => null
2026-01-07 19:22:45.345 [39mDEBUG[0;39m [] [main] c.b.c.logging.MethodLoggingAspect - Service enter: ProductService.add(..) args=[Product(com.bharatshop.domain.Product@78d816e6)]
2026-01-07 19:22:45.349 [34mINFO [0;39m [] [main] c.b.c.logging.MethodLoggingAspect - Service exit: ProductService.add(..) (4 ms)
2026-01-07 19:22:45.351 [39mDEBUG[0;39m [] [main] c.b.c.logging.MethodLoggingAspect - Service result: ProductService.add(..) => null
2026-01-07 19:24:00.450 [34mINFO [0;39m [] [http-nio-8081-exec-1] o.a.c.c.C.[Tomcat].[localhost].[/] - Initializing Spring DispatcherServlet 'dispatcherServlet'
2026-01-07 19:24:00.450 [34mINFO [0;39m [] [http-nio-8081-exec-1] o.s.web.servlet.DispatcherServlet - Initializing Servlet 'dispatcherServlet'
2026-01-07 19:24:00.452 [34mINFO [0;39m [] [http-nio-8081-exec-1] o.s.web.servlet.DispatcherServlet - Completed initialization in 2 ms
2026-01-07 19:24:00.589 [34mINFO [0;39m [78b7563f-3d09-42da-b813-4baa1ccedf75] [http-nio-8081-exec-1] c.b.config.logging.HttpLoggingFilter - GET /?ide_webview_request_time=1767793959931 -> 404 (25 ms)
2026-01-07 19:24:00.590 [34mINFO [0;39m [78b7563f-3d09-42da-b813-4baa1ccedf75] [http-nio-8081-exec-1] c.b.config.logging.HttpLoggingFilter - Headers: auth=absent content-type=null accept=text/html,application/xhtml+xml,application/xml;q=0.9,image/avif,image/webp,image/apng,*/*;q=0.8,application/signed-exchange;v=b3;q=0.7
2026-01-07 19:24:00.792 [34mINFO [0;39m [38983105-ccc2-4080-8439-9b3374d733a7] [http-nio-8081-exec-2] c.b.config.logging.HttpLoggingFilter - GET /@vite/client -> 404 (5 ms)
2026-01-07 19:24:00.792 [34mINFO [0;39m [38983105-ccc2-4080-8439-9b3374d733a7] [http-nio-8081-exec-2] c.b.config.logging.HttpLoggingFilter - Headers: auth=absent content-type=null accept=*/*
2026-01-07 19:24:05.592 [34mINFO [0;39m [2fce1d94-a19b-49da-bdbe-6cfcbf283c73] [http-nio-8081-exec-3] c.b.config.logging.HttpLoggingFilter - GET /stores -> 404 (8 ms)
2026-01-07 19:24:05.592 [34mINFO [0;39m [2fce1d94-a19b-49da-bdbe-6cfcbf283c73] [http-nio-8081-exec-3] c.b.config.logging.HttpLoggingFilter - Headers: auth=absent content-type=null accept=text/html,application/xhtml+xml,application/xml;q=0.9,image/avif,image/webp,image/apng,*/*;q=0.8,application/signed-exchange;v=b3;q=0.7
2026-01-07 19:24:11.501 [39mDEBUG[0;39m [d438b75f-12cd-4b60-b360-42dc32cc9387] [http-nio-8081-exec-4] c.b.c.logging.MethodLoggingAspect - Controller enter: StorefrontCartController.getCart(..) args=[demo-store, guest_1763142291071_p6hkbv]
2026-01-07 19:24:11.503 [34mINFO [0;39m [d438b75f-12cd-4b60-b360-42dc32cc9387] [http-nio-8081-exec-4] c.b.web.StorefrontCartController - Storefront get cart: tenant=demo-store userId=guest-guest_1763142291071_p6hkbv 
2026-01-07 19:24:11.504 [39mDEBUG[0;39m [d438b75f-12cd-4b60-b360-42dc32cc9387] [http-nio-8081-exec-4] c.b.c.logging.MethodLoggingAspect - Service enter: CartService.getCart(..) args=[guest-guest_1763142291071_p6hkbv]
2026-01-07 19:24:11.504 [34mINFO [0;39m [d438b75f-12cd-4b60-b360-42dc32cc9387] [http-nio-8081-exec-4] c.b.c.logging.MethodLoggingAspect - Service exit: CartService.getCart(..) (0 ms)
2026-01-07 19:24:11.506 [39mDEBUG[0;39m [d438b75f-12cd-4b60-b360-42dc32cc9387] [http-nio-8081-exec-4] c.b.c.logging.MethodLoggingAspect - Service result: CartService.getCart(..) => ArrayList[size=0]
2026-01-07 19:24:11.507 [34mINFO [0;39m [d438b75f-12cd-4b60-b360-42dc32cc9387] [http-nio-8081-exec-4] c.b.c.logging.MethodLoggingAspect - Controller exit: StorefrontCartController.getCart(..) -> status=200 (6 ms)
2026-01-07 19:24:11.507 [39mDEBUG[0;39m [d438b75f-12cd-4b60-b360-42dc32cc9387] [http-nio-8081-exec-4] c.b.c.logging.MethodLoggingAspect - Controller result: StorefrontCartController.getCart(..) => ResponseEntity(status=200)
2026-01-07 19:24:11.526 [34mINFO [0;39m [d438b75f-12cd-4b60-b360-42dc32cc9387] [http-nio-8081-exec-4] c.b.config.logging.HttpLoggingFilter - GET /api/storefront/cart -> 200 (70 ms)
2026-01-07 19:24:11.528 [34mINFO [0;39m [d438b75f-12cd-4b60-b360-42dc32cc9387] [http-nio-8081-exec-4] c.b.config.logging.HttpLoggingFilter - Headers: auth=absent content-type=null accept=application/json, text/plain, */*
2026-01-07 19:24:11.530 [34mINFO [0;39m [d438b75f-12cd-4b60-b360-42dc32cc9387] [http-nio-8081-exec-4] c.b.config.logging.HttpLoggingFilter - Response payload: {"totals":{"subtotal":0.0,"itemsCount":0},"items":[]}
2026-01-07 19:24:11.552 [39mDEBUG[0;39m [6b0ed6c8-63ba-4888-a28b-cf1334715452] [http-nio-8081-exec-5] c.b.c.logging.MethodLoggingAspect - Controller enter: StoreDiscoveryController.stores(..) args=[null, null]
2026-01-07 19:24:11.554 [34mINFO [0;39m [6b0ed6c8-63ba-4888-a28b-cf1334715452] [http-nio-8081-exec-5] c.b.web.StoreDiscoveryController - Discover stores: tenant=demo-store search=null category=null
2026-01-07 19:24:11.554 [39mDEBUG[0;39m [6b0ed6c8-63ba-4888-a28b-cf1334715452] [http-nio-8081-exec-5] c.b.c.logging.MethodLoggingAspect - Factory enter: FactoryProvider.getFactory() args=[]
2026-01-07 19:24:11.554 [39mDEBUG[0;39m [58de656b-681b-4180-8625-b1b416f84e72] [http-nio-8081-exec-6] c.b.c.logging.MethodLoggingAspect - Controller enter: StorefrontCartController.getCart(..) args=[demo-store, guest_1763142291071_p6hkbv]
2026-01-07 19:24:11.554 [34mINFO [0;39m [6b0ed6c8-63ba-4888-a28b-cf1334715452] [http-nio-8081-exec-5] c.b.c.logging.MethodLoggingAspect - Factory exit: FactoryProvider.getFactory() (0 ms)
2026-01-07 19:24:11.554 [34mINFO [0;39m [58de656b-681b-4180-8625-b1b416f84e72] [http-nio-8081-exec-6] c.b.web.StorefrontCartController - Storefront get cart: tenant=demo-store userId=guest-guest_1763142291071_p6hkbv 
2026-01-07 19:24:11.556 [39mDEBUG[0;39m [6b0ed6c8-63ba-4888-a28b-cf1334715452] [http-nio-8081-exec-5] c.b.c.logging.MethodLoggingAspect - Factory result: FactoryProvider.getFactory() => DefaultStorefrontFactory$$SpringCGLIB$$0(com.bharatshop.factory.impl.DefaultStorefrontFactory@30b35687)
2026-01-07 19:24:11.556 [39mDEBUG[0;39m [58de656b-681b-4180-8625-b1b416f84e72] [http-nio-8081-exec-6] c.b.c.logging.MethodLoggingAspect - Service enter: CartService.getCart(..) args=[guest-guest_1763142291071_p6hkbv]
2026-01-07 19:24:11.556 [39mDEBUG[0;39m [6b0ed6c8-63ba-4888-a28b-cf1334715452] [http-nio-8081-exec-5] c.b.c.logging.MethodLoggingAspect - Factory enter: DefaultStorefrontFactory.stores() args=[]
2026-01-07 19:24:11.556 [34mINFO [0;39m [58de656b-681b-4180-8625-b1b416f84e72] [http-nio-8081-exec-6] c.b.c.logging.MethodLoggingAspect - Service exit: CartService.getCart(..) (0 ms)
2026-01-07 19:24:11.558 [39mDEBUG[0;39m [58de656b-681b-4180-8625-b1b416f84e72] [http-nio-8081-exec-6] c.b.c.logging.MethodLoggingAspect - Service result: CartService.getCart(..) => ArrayList[size=0]
2026-01-07 19:24:11.559 [34mINFO [0;39m [58de656b-681b-4180-8625-b1b416f84e72] [http-nio-8081-exec-6] c.b.c.logging.MethodLoggingAspect - Controller exit: StorefrontCartController.getCart(..) -> status=200 (5 ms)
2026-01-07 19:24:11.559 [39mDEBUG[0;39m [58de656b-681b-4180-8625-b1b416f84e72] [http-nio-8081-exec-6] c.b.c.logging.MethodLoggingAspect - Controller result: StorefrontCartController.getCart(..) => ResponseEntity(status=200)
2026-01-07 19:24:11.561 [34mINFO [0;39m [6b0ed6c8-63ba-4888-a28b-cf1334715452] [http-nio-8081-exec-5] c.b.c.logging.MethodLoggingAspect - Factory exit: DefaultStorefrontFactory.stores() (5 ms)
2026-01-07 19:24:11.561 [39mDEBUG[0;39m [6b0ed6c8-63ba-4888-a28b-cf1334715452] [http-nio-8081-exec-5] c.b.c.logging.MethodLoggingAspect - Factory result: DefaultStorefrontFactory.stores() => (com.bharatshop.factory.impl.DefaultStorefrontFactory$2@654d15c)
2026-01-07 19:24:11.563 [39mDEBUG[0;39m [6b0ed6c8-63ba-4888-a28b-cf1334715452] [http-nio-8081-exec-5] c.b.c.logging.MethodLoggingAspect - Service enter: StoreService.list(..) args=[null, null]
2026-01-07 19:24:11.563 [34mINFO [0;39m [58de656b-681b-4180-8625-b1b416f84e72] [http-nio-8081-exec-6] c.b.config.logging.HttpLoggingFilter - GET /api/storefront/cart -> 200 (13 ms)
2026-01-07 19:24:11.564 [34mINFO [0;39m [58de656b-681b-4180-8625-b1b416f84e72] [http-nio-8081-exec-6] c.b.config.logging.HttpLoggingFilter - Headers: auth=absent content-type=null accept=application/json, text/plain, */*
2026-01-07 19:24:11.566 [34mINFO [0;39m [58de656b-681b-4180-8625-b1b416f84e72] [http-nio-8081-exec-6] c.b.config.logging.HttpLoggingFilter - Response payload: {"totals":{"subtotal":0.0,"itemsCount":0},"items":[]}
2026-01-07 19:24:11.845 [34mINFO [0;39m [6b0ed6c8-63ba-4888-a28b-cf1334715452] [http-nio-8081-exec-5] c.b.c.logging.MethodLoggingAspect - Service exit: StoreService.list(..) (282 ms)
2026-01-07 19:24:11.845 [39mDEBUG[0;39m [6b0ed6c8-63ba-4888-a28b-cf1334715452] [http-nio-8081-exec-5] c.b.c.logging.MethodLoggingAspect - Service result: StoreService.list(..) => ArrayList[size=3]
2026-01-07 19:24:11.845 [34mINFO [0;39m [6b0ed6c8-63ba-4888-a28b-cf1334715452] [http-nio-8081-exec-5] c.b.c.logging.MethodLoggingAspect - Controller exit: StoreDiscoveryController.stores(..) -> status=200 (293 ms)
2026-01-07 19:24:11.845 [39mDEBUG[0;39m [6b0ed6c8-63ba-4888-a28b-cf1334715452] [http-nio-8081-exec-5] c.b.c.logging.MethodLoggingAspect - Controller result: StoreDiscoveryController.stores(..) => ResponseEntity(status=200)
2026-01-07 19:24:11.885 [34mINFO [0;39m [6b0ed6c8-63ba-4888-a28b-cf1334715452] [http-nio-8081-exec-5] c.b.config.logging.HttpLoggingFilter - GET /api/stores -> 200 (341 ms)
2026-01-07 19:24:11.885 [34mINFO [0;39m [6b0ed6c8-63ba-4888-a28b-cf1334715452] [http-nio-8081-exec-5] c.b.config.logging.HttpLoggingFilter - Headers: auth=absent content-type=null accept=application/json, text/plain, */*
2026-01-07 19:24:11.885 [34mINFO [0;39m [6b0ed6c8-63ba-4888-a28b-cf1334715452] [http-nio-8081-exec-5] c.b.config.logging.HttpLoggingFilter - Response payload: [{"id":"9d72b824-254a-4055-b893-eca7fbb44c7e","name":"City Pharmacy","area":"Brigade","category":"pharmacy","status":"open","orderingDisabled":false,"updatedAt":"2026-01-07T13:52:45.314753Z"},{"id":"fcc0735f-7395-4acc-a086-40195c7ff4c1","name":"Fresh Mart","area":"MG Road","category":"grocery","status":"open","orderingDisabled":false,"updatedAt":"2026-01-07T13:52:45.229915Z"},{"id":"e3a21b9e-4c25-4ef4-928d-0c2b3c7d8830","name":"Sunrise Hotel","area":"Beach","category":"hospitality","status":"open","orderingDisabled":false,"updatedAt":"2026-01-07T13:52:45.318432Z"}]
2026-01-07 19:24:14.119 [39mDEBUG[0;39m [a69da570-230a-45af-b959-bb2b5fd97454] [http-nio-8081-exec-7] c.b.c.logging.MethodLoggingAspect - Controller enter: StoreDiscoveryController.stores(..) args=[null, null]
2026-01-07 19:24:14.119 [34mINFO [0;39m [a69da570-230a-45af-b959-bb2b5fd97454] [http-nio-8081-exec-7] c.b.web.StoreDiscoveryController - Discover stores: tenant=demo-store search=null category=null
2026-01-07 19:24:14.119 [39mDEBUG[0;39m [a69da570-230a-45af-b959-bb2b5fd97454] [http-nio-8081-exec-7] c.b.c.logging.MethodLoggingAspect - Factory enter: FactoryProvider.getFactory() args=[]
2026-01-07 19:24:14.119 [34mINFO [0;39m [a69da570-230a-45af-b959-bb2b5fd97454] [http-nio-8081-exec-7] c.b.c.logging.MethodLoggingAspect - Factory exit: FactoryProvider.getFactory() (0 ms)
2026-01-07 19:24:14.119 [39mDEBUG[0;39m [a69da570-230a-45af-b959-bb2b5fd97454] [http-nio-8081-exec-7] c.b.c.logging.MethodLoggingAspect - Factory result: FactoryProvider.getFactory() => DefaultStorefrontFactory$$SpringCGLIB$$0(com.bharatshop.factory.impl.DefaultStorefrontFactory@30b35687)
2026-01-07 19:24:14.119 [39mDEBUG[0;39m [a69da570-230a-45af-b959-bb2b5fd97454] [http-nio-8081-exec-7] c.b.c.logging.MethodLoggingAspect - Factory enter: DefaultStorefrontFactory.stores() args=[]
2026-01-07 19:24:14.122 [34mINFO [0;39m [a69da570-230a-45af-b959-bb2b5fd97454] [http-nio-8081-exec-7] c.b.c.logging.MethodLoggingAspect - Factory exit: DefaultStorefrontFactory.stores() (3 ms)
2026-01-07 19:24:14.122 [39mDEBUG[0;39m [a69da570-230a-45af-b959-bb2b5fd97454] [http-nio-8081-exec-7] c.b.c.logging.MethodLoggingAspect - Factory result: DefaultStorefrontFactory.stores() => (com.bharatshop.factory.impl.DefaultStorefrontFactory$2@38908d5)
2026-01-07 19:24:14.122 [39mDEBUG[0;39m [a69da570-230a-45af-b959-bb2b5fd97454] [http-nio-8081-exec-7] c.b.c.logging.MethodLoggingAspect - Service enter: StoreService.list(..) args=[null, null]
2026-01-07 19:24:14.129 [34mINFO [0;39m [a69da570-230a-45af-b959-bb2b5fd97454] [http-nio-8081-exec-7] c.b.c.logging.MethodLoggingAspect - Service exit: StoreService.list(..) (7 ms)
2026-01-07 19:24:14.130 [39mDEBUG[0;39m [a69da570-230a-45af-b959-bb2b5fd97454] [http-nio-8081-exec-7] c.b.c.logging.MethodLoggingAspect - Service result: StoreService.list(..) => ArrayList[size=3]
2026-01-07 19:24:14.130 [34mINFO [0;39m [a69da570-230a-45af-b959-bb2b5fd97454] [http-nio-8081-exec-7] c.b.c.logging.MethodLoggingAspect - Controller exit: StoreDiscoveryController.stores(..) -> status=200 (13 ms)
2026-01-07 19:24:14.130 [39mDEBUG[0;39m [a69da570-230a-45af-b959-bb2b5fd97454] [http-nio-8081-exec-7] c.b.c.logging.MethodLoggingAspect - Controller result: StoreDiscoveryController.stores(..) => ResponseEntity(status=200)
2026-01-07 19:24:14.135 [34mINFO [0;39m [a69da570-230a-45af-b959-bb2b5fd97454] [http-nio-8081-exec-7] c.b.config.logging.HttpLoggingFilter - GET /api/stores?city=Balrampur&lat=27.4235392&lon=82.1854208&lng=82.1854208 -> 200 (21 ms)
2026-01-07 19:24:14.135 [34mINFO [0;39m [a69da570-230a-45af-b959-bb2b5fd97454] [http-nio-8081-exec-7] c.b.config.logging.HttpLoggingFilter - Headers: auth=absent content-type=null accept=application/json, text/plain, */*
2026-01-07 19:24:14.135 [34mINFO [0;39m [a69da570-230a-45af-b959-bb2b5fd97454] [http-nio-8081-exec-7] c.b.config.logging.HttpLoggingFilter - Response payload: [{"id":"9d72b824-254a-4055-b893-eca7fbb44c7e","name":"City Pharmacy","area":"Brigade","category":"pharmacy","status":"open","orderingDisabled":false,"updatedAt":"2026-01-07T13:52:45.314753Z"},{"id":"fcc0735f-7395-4acc-a086-40195c7ff4c1","name":"Fresh Mart","area":"MG Road","category":"grocery","status":"open","orderingDisabled":false,"updatedAt":"2026-01-07T13:52:45.229915Z"},{"id":"e3a21b9e-4c25-4ef4-928d-0c2b3c7d8830","name":"Sunrise Hotel","area":"Beach","category":"hospitality","status":"open","orderingDisabled":false,"updatedAt":"2026-01-07T13:52:45.318432Z"}]
2026-01-07 19:24:15.933 [39mDEBUG[0;39m [e882f71b-8e59-4cfe-be6e-416d9b01d7ed] [http-nio-8081-exec-8] c.b.c.logging.MethodLoggingAspect - Controller enter: StoreDiscoveryController.stores(..) args=[null, null]
2026-01-07 19:24:15.936 [34mINFO [0;39m [e882f71b-8e59-4cfe-be6e-416d9b01d7ed] [http-nio-8081-exec-8] c.b.web.StoreDiscoveryController - Discover stores: tenant=demo-store search=null category=null
2026-01-07 19:24:15.939 [39mDEBUG[0;39m [e882f71b-8e59-4cfe-be6e-416d9b01d7ed] [http-nio-8081-exec-8] c.b.c.logging.MethodLoggingAspect - Factory enter: FactoryProvider.getFactory() args=[]
2026-01-07 19:24:15.940 [34mINFO [0;39m [e882f71b-8e59-4cfe-be6e-416d9b01d7ed] [http-nio-8081-exec-8] c.b.c.logging.MethodLoggingAspect - Factory exit: FactoryProvider.getFactory() (1 ms)
2026-01-07 19:24:15.942 [39mDEBUG[0;39m [e882f71b-8e59-4cfe-be6e-416d9b01d7ed] [http-nio-8081-exec-8] c.b.c.logging.MethodLoggingAspect - Factory result: FactoryProvider.getFactory() => DefaultStorefrontFactory$$SpringCGLIB$$0(com.bharatshop.factory.impl.DefaultStorefrontFactory@30b35687)
2026-01-07 19:24:15.943 [39mDEBUG[0;39m [e882f71b-8e59-4cfe-be6e-416d9b01d7ed] [http-nio-8081-exec-8] c.b.c.logging.MethodLoggingAspect - Factory enter: DefaultStorefrontFactory.stores() args=[]
2026-01-07 19:24:15.943 [34mINFO [0;39m [e882f71b-8e59-4cfe-be6e-416d9b01d7ed] [http-nio-8081-exec-8] c.b.c.logging.MethodLoggingAspect - Factory exit: DefaultStorefrontFactory.stores() (0 ms)
2026-01-07 19:24:15.943 [39mDEBUG[0;39m [e882f71b-8e59-4cfe-be6e-416d9b01d7ed] [http-nio-8081-exec-8] c.b.c.logging.MethodLoggingAspect - Factory result: DefaultStorefrontFactory.stores() => (com.bharatshop.factory.impl.DefaultStorefrontFactory$2@16071f95)
2026-01-07 19:24:15.945 [39mDEBUG[0;39m [e882f71b-8e59-4cfe-be6e-416d9b01d7ed] [http-nio-8081-exec-8] c.b.c.logging.MethodLoggingAspect - Service enter: StoreService.list(..) args=[null, null]
2026-01-07 19:24:15.950 [34mINFO [0;39m [e882f71b-8e59-4cfe-be6e-416d9b01d7ed] [http-nio-8081-exec-8] c.b.c.logging.MethodLoggingAspect - Service exit: StoreService.list(..) (5 ms)
2026-01-07 19:24:15.952 [39mDEBUG[0;39m [e882f71b-8e59-4cfe-be6e-416d9b01d7ed] [http-nio-8081-exec-8] c.b.c.logging.MethodLoggingAspect - Service result: StoreService.list(..) => ArrayList[size=3]
2026-01-07 19:24:15.952 [34mINFO [0;39m [e882f71b-8e59-4cfe-be6e-416d9b01d7ed] [http-nio-8081-exec-8] c.b.c.logging.MethodLoggingAspect - Controller exit: StoreDiscoveryController.stores(..) -> status=200 (19 ms)
2026-01-07 19:24:15.952 [39mDEBUG[0;39m [e882f71b-8e59-4cfe-be6e-416d9b01d7ed] [http-nio-8081-exec-8] c.b.c.logging.MethodLoggingAspect - Controller result: StoreDiscoveryController.stores(..) => ResponseEntity(status=200)
2026-01-07 19:24:15.956 [34mINFO [0;39m [e882f71b-8e59-4cfe-be6e-416d9b01d7ed] [http-nio-8081-exec-8] c.b.config.logging.HttpLoggingFilter - GET /api/stores -> 200 (23 ms)
2026-01-07 19:24:15.956 [34mINFO [0;39m [e882f71b-8e59-4cfe-be6e-416d9b01d7ed] [http-nio-8081-exec-8] c.b.config.logging.HttpLoggingFilter - Headers: auth=absent content-type=null accept=application/json, text/plain, */*
2026-01-07 19:24:15.956 [34mINFO [0;39m [e882f71b-8e59-4cfe-be6e-416d9b01d7ed] [http-nio-8081-exec-8] c.b.config.logging.HttpLoggingFilter - Response payload: [{"id":"9d72b824-254a-4055-b893-eca7fbb44c7e","name":"City Pharmacy","area":"Brigade","category":"pharmacy","status":"open","orderingDisabled":false,"updatedAt":"2026-01-07T13:52:45.314753Z"},{"id":"fcc0735f-7395-4acc-a086-40195c7ff4c1","name":"Fresh Mart","area":"MG Road","category":"grocery","status":"open","orderingDisabled":false,"updatedAt":"2026-01-07T13:52:45.229915Z"},{"id":"e3a21b9e-4c25-4ef4-928d-0c2b3c7d8830","name":"Sunrise Hotel","area":"Beach","category":"hospitality","status":"open","orderingDisabled":false,"updatedAt":"2026-01-07T13:52:45.318432Z"}]
2026-01-07 19:24:40.728 [39mDEBUG[0;39m [503f32e6-ccef-4f66-bb27-abc46dcf44dd] [http-nio-8081-exec-9] c.b.c.logging.MethodLoggingAspect - Controller enter: StoreDiscoveryController.getStore(..) args=[9d72b824-254a-4055-b893-eca7fbb44c7e]
2026-01-07 19:24:40.728 [39mDEBUG[0;39m [2e25a132-ad11-4224-85e0-2a1d81fbfb96] [http-nio-8081-exec-10] c.b.c.logging.MethodLoggingAspect - Controller enter: StoreDiscoveryController.productsByStore(..) args=[9d72b824-254a-4055-b893-eca7fbb44c7e]
2026-01-07 19:24:40.728 [34mINFO [0;39m [503f32e6-ccef-4f66-bb27-abc46dcf44dd] [http-nio-8081-exec-9] c.b.web.StoreDiscoveryController - Get store: tenant=demo-store id=9d72b824-254a-4055-b893-eca7fbb44c7e
2026-01-07 19:24:40.728 [34mINFO [0;39m [2e25a132-ad11-4224-85e0-2a1d81fbfb96] [http-nio-8081-exec-10] c.b.web.StoreDiscoveryController - Products by store: tenant=demo-store storeId=9d72b824-254a-4055-b893-eca7fbb44c7e
2026-01-07 19:24:40.728 [39mDEBUG[0;39m [503f32e6-ccef-4f66-bb27-abc46dcf44dd] [http-nio-8081-exec-9] c.b.c.logging.MethodLoggingAspect - Factory enter: FactoryProvider.getFactory() args=[]
2026-01-07 19:24:40.728 [39mDEBUG[0;39m [2e25a132-ad11-4224-85e0-2a1d81fbfb96] [http-nio-8081-exec-10] c.b.c.logging.MethodLoggingAspect - Factory enter: FactoryProvider.getFactory() args=[]
2026-01-07 19:24:40.728 [34mINFO [0;39m [503f32e6-ccef-4f66-bb27-abc46dcf44dd] [http-nio-8081-exec-9] c.b.c.logging.MethodLoggingAspect - Factory exit: FactoryProvider.getFactory() (0 ms)
2026-01-07 19:24:40.730 [34mINFO [0;39m [2e25a132-ad11-4224-85e0-2a1d81fbfb96] [http-nio-8081-exec-10] c.b.c.logging.MethodLoggingAspect - Factory exit: FactoryProvider.getFactory() (2 ms)
2026-01-07 19:24:40.730 [39mDEBUG[0;39m [503f32e6-ccef-4f66-bb27-abc46dcf44dd] [http-nio-8081-exec-9] c.b.c.logging.MethodLoggingAspect - Factory result: FactoryProvider.getFactory() => DefaultStorefrontFactory$$SpringCGLIB$$0(com.bharatshop.factory.impl.DefaultStorefrontFactory@30b35687)
2026-01-07 19:24:40.730 [39mDEBUG[0;39m [2e25a132-ad11-4224-85e0-2a1d81fbfb96] [http-nio-8081-exec-10] c.b.c.logging.MethodLoggingAspect - Factory result: FactoryProvider.getFactory() => DefaultStorefrontFactory$$SpringCGLIB$$0(com.bharatshop.factory.impl.DefaultStorefrontFactory@30b35687)
2026-01-07 19:24:40.730 [39mDEBUG[0;39m [503f32e6-ccef-4f66-bb27-abc46dcf44dd] [http-nio-8081-exec-9] c.b.c.logging.MethodLoggingAspect - Factory enter: DefaultStorefrontFactory.stores() args=[]
2026-01-07 19:24:40.730 [39mDEBUG[0;39m [2e25a132-ad11-4224-85e0-2a1d81fbfb96] [http-nio-8081-exec-10] c.b.c.logging.MethodLoggingAspect - Factory enter: DefaultStorefrontFactory.products() args=[]
2026-01-07 19:24:40.730 [34mINFO [0;39m [503f32e6-ccef-4f66-bb27-abc46dcf44dd] [http-nio-8081-exec-9] c.b.c.logging.MethodLoggingAspect - Factory exit: DefaultStorefrontFactory.stores() (0 ms)
2026-01-07 19:24:40.732 [39mDEBUG[0;39m [503f32e6-ccef-4f66-bb27-abc46dcf44dd] [http-nio-8081-exec-9] c.b.c.logging.MethodLoggingAspect - Factory result: DefaultStorefrontFactory.stores() => (com.bharatshop.factory.impl.DefaultStorefrontFactory$2@21666088)
2026-01-07 19:24:40.732 [34mINFO [0;39m [2e25a132-ad11-4224-85e0-2a1d81fbfb96] [http-nio-8081-exec-10] c.b.c.logging.MethodLoggingAspect - Factory exit: DefaultStorefrontFactory.products() (2 ms)
2026-01-07 19:24:40.732 [39mDEBUG[0;39m [503f32e6-ccef-4f66-bb27-abc46dcf44dd] [http-nio-8081-exec-9] c.b.c.logging.MethodLoggingAspect - Service enter: StoreService.get(..) args=[9d72b824-254a-4055-b893-eca7fbb44c7e]
2026-01-07 19:24:40.732 [39mDEBUG[0;39m [2e25a132-ad11-4224-85e0-2a1d81fbfb96] [http-nio-8081-exec-10] c.b.c.logging.MethodLoggingAspect - Factory result: DefaultStorefrontFactory.products() => (com.bharatshop.factory.impl.DefaultStorefrontFactory$1@7fdcc87a)
2026-01-07 19:24:40.734 [39mDEBUG[0;39m [2e25a132-ad11-4224-85e0-2a1d81fbfb96] [http-nio-8081-exec-10] c.b.c.logging.MethodLoggingAspect - Service enter: ProductService.getByStore(..) args=[9d72b824-254a-4055-b893-eca7fbb44c7e]
2026-01-07 19:24:40.752 [34mINFO [0;39m [503f32e6-ccef-4f66-bb27-abc46dcf44dd] [http-nio-8081-exec-9] c.b.c.logging.MethodLoggingAspect - Service exit: StoreService.get(..) (20 ms)
2026-01-07 19:24:40.754 [39mDEBUG[0;39m [503f32e6-ccef-4f66-bb27-abc46dcf44dd] [http-nio-8081-exec-9] c.b.c.logging.MethodLoggingAspect - Service result: StoreService.get(..) => Store(com.bharatshop.domain.Store@2735395c)
2026-01-07 19:24:40.754 [34mINFO [0;39m [503f32e6-ccef-4f66-bb27-abc46dcf44dd] [http-nio-8081-exec-9] c.b.web.StoreDiscoveryController - Get store success: id=9d72b824-254a-4055-b893-eca7fbb44c7e name=City Pharmacy 
2026-01-07 19:24:40.754 [34mINFO [0;39m [503f32e6-ccef-4f66-bb27-abc46dcf44dd] [http-nio-8081-exec-9] c.b.c.logging.MethodLoggingAspect - Controller exit: StoreDiscoveryController.getStore(..) -> status=200 (26 ms)
2026-01-07 19:24:40.756 [39mDEBUG[0;39m [503f32e6-ccef-4f66-bb27-abc46dcf44dd] [http-nio-8081-exec-9] c.b.c.logging.MethodLoggingAspect - Controller result: StoreDiscoveryController.getStore(..) => ResponseEntity(status=200)
2026-01-07 19:24:40.762 [34mINFO [0;39m [503f32e6-ccef-4f66-bb27-abc46dcf44dd] [http-nio-8081-exec-9] c.b.config.logging.HttpLoggingFilter - GET /api/stores/9d72b824-254a-4055-b893-eca7fbb44c7e -> 200 (36 ms)
2026-01-07 19:24:40.764 [34mINFO [0;39m [503f32e6-ccef-4f66-bb27-abc46dcf44dd] [http-nio-8081-exec-9] c.b.config.logging.HttpLoggingFilter - Headers: auth=absent content-type=null accept=application/json, text/plain, */*
2026-01-07 19:24:40.764 [34mINFO [0;39m [503f32e6-ccef-4f66-bb27-abc46dcf44dd] [http-nio-8081-exec-9] c.b.config.logging.HttpLoggingFilter - Response payload: {"id":"9d72b824-254a-4055-b893-eca7fbb44c7e","name":"City Pharmacy","area":"Brigade","category":"pharmacy","status":"open","orderingDisabled":false,"updatedAt":"2026-01-07T13:52:45.314753Z"}
2026-01-07 19:24:40.823 [34mINFO [0;39m [2e25a132-ad11-4224-85e0-2a1d81fbfb96] [http-nio-8081-exec-10] c.b.c.logging.MethodLoggingAspect - Service exit: ProductService.getByStore(..) (89 ms)
2026-01-07 19:24:40.824 [39mDEBUG[0;39m [2e25a132-ad11-4224-85e0-2a1d81fbfb96] [http-nio-8081-exec-10] c.b.c.logging.MethodLoggingAspect - Service result: ProductService.getByStore(..) => ArrayList[size=1]
2026-01-07 19:24:40.824 [34mINFO [0;39m [2e25a132-ad11-4224-85e0-2a1d81fbfb96] [http-nio-8081-exec-10] c.b.c.logging.MethodLoggingAspect - Controller exit: StoreDiscoveryController.productsByStore(..) -> status=200 (96 ms)
2026-01-07 19:24:40.824 [39mDEBUG[0;39m [2e25a132-ad11-4224-85e0-2a1d81fbfb96] [http-nio-8081-exec-10] c.b.c.logging.MethodLoggingAspect - Controller result: StoreDiscoveryController.productsByStore(..) => ResponseEntity(status=200)
2026-01-07 19:24:40.830 [34mINFO [0;39m [2e25a132-ad11-4224-85e0-2a1d81fbfb96] [http-nio-8081-exec-10] c.b.config.logging.HttpLoggingFilter - GET /api/products?storeId=9d72b824-254a-4055-b893-eca7fbb44c7e -> 200 (106 ms)
2026-01-07 19:24:40.830 [34mINFO [0;39m [2e25a132-ad11-4224-85e0-2a1d81fbfb96] [http-nio-8081-exec-10] c.b.config.logging.HttpLoggingFilter - Headers: auth=absent content-type=null accept=application/json, text/plain, */*
2026-01-07 19:24:40.830 [34mINFO [0;39m [2e25a132-ad11-4224-85e0-2a1d81fbfb96] [http-nio-8081-exec-10] c.b.config.logging.HttpLoggingFilter - Response payload: [{"id":"efd3eee1-f2e3-4c6d-b11b-0da02e40c4b3","name":"Paracetamol","price":35.0,"category":"medicine","storeId":"9d72b824-254a-4055-b893-eca7fbb44c7e","active":true}]
2026-01-07 19:25:24.714 [39mDEBUG[0;39m [ba15026b-d230-45b2-a58c-e054100a8bc9] [http-nio-8081-exec-2] c.b.c.logging.MethodLoggingAspect - Controller enter: AuthController.sendOtp(..) args=[LinkedHashMap({phone=+918750328546, channel=sms})]
2026-01-07 19:25:24.718 [34mINFO [0;39m [ba15026b-d230-45b2-a58c-e054100a8bc9] [http-nio-8081-exec-2] com.bharatshop.web.AuthController - OTP send requested: phone=+918750328546
2026-01-07 19:25:24.718 [39mDEBUG[0;39m [ba15026b-d230-45b2-a58c-e054100a8bc9] [http-nio-8081-exec-2] c.b.c.logging.MethodLoggingAspect - Service enter: AuthService.sendOtp(..) args=[+918750328546]
2026-01-07 19:25:24.718 [34mINFO [0;39m [ba15026b-d230-45b2-a58c-e054100a8bc9] [http-nio-8081-exec-2] com.bharatshop.service.AuthService - Sending OTP to phone=+918750328546
2026-01-07 19:25:24.720 [34mINFO [0;39m [ba15026b-d230-45b2-a58c-e054100a8bc9] [http-nio-8081-exec-2] com.bharatshop.service.AuthService - OTP generated: otpId=47e11b55-ef06-4079-81d1-9fc17ba79256 expiresAt=1767794244720
2026-01-07 19:25:24.720 [39mDEBUG[0;39m [ba15026b-d230-45b2-a58c-e054100a8bc9] [http-nio-8081-exec-2] c.b.c.logging.MethodLoggingAspect - Service enter: CompositeNotificationService.sendSms(..) args=[+918750328546, Your Bharatshop OTP is 173914. Valid for 2 minutes.]
2026-01-07 19:25:24.722 [34mINFO [0;39m [ba15026b-d230-45b2-a58c-e054100a8bc9] [http-nio-8081-exec-2] c.b.service.LogNotificationService - [SMS] to=+918750328546 message=Your Bharatshop OTP is 173914. Valid for 2 minutes.
2026-01-07 19:25:24.722 [34mINFO [0;39m [ba15026b-d230-45b2-a58c-e054100a8bc9] [http-nio-8081-exec-2] c.b.c.logging.MethodLoggingAspect - Service exit: CompositeNotificationService.sendSms(..) (2 ms)
2026-01-07 19:25:24.722 [39mDEBUG[0;39m [ba15026b-d230-45b2-a58c-e054100a8bc9] [http-nio-8081-exec-2] c.b.c.logging.MethodLoggingAspect - Service result: CompositeNotificationService.sendSms(..) => null
2026-01-07 19:25:24.727 [34mINFO [0;39m [ba15026b-d230-45b2-a58c-e054100a8bc9] [http-nio-8081-exec-2] c.b.c.logging.MethodLoggingAspect - Service exit: AuthService.sendOtp(..) (9 ms)
2026-01-07 19:25:24.734 [39mDEBUG[0;39m [ba15026b-d230-45b2-a58c-e054100a8bc9] [http-nio-8081-exec-2] c.b.c.logging.MethodLoggingAspect - Service result: AuthService.sendOtp(..) => MapN({success=true, ttlSeconds=120, otp=173914, otpId=47e11b55-ef06-4079-81d1-9fc17ba79256})
2026-01-07 19:25:24.734 [34mINFO [0;39m [ba15026b-d230-45b2-a58c-e054100a8bc9] [http-nio-8081-exec-2] c.b.c.logging.MethodLoggingAspect - Controller exit: AuthController.sendOtp(..) -> status=200 (20 ms)
2026-01-07 19:25:24.734 [39mDEBUG[0;39m [ba15026b-d230-45b2-a58c-e054100a8bc9] [http-nio-8081-exec-2] c.b.c.logging.MethodLoggingAspect - Controller result: AuthController.sendOtp(..) => ResponseEntity(status=200)
2026-01-07 19:25:24.734 [34mINFO [0;39m [ba15026b-d230-45b2-a58c-e054100a8bc9] [http-nio-8081-exec-2] c.b.config.logging.HttpLoggingFilter - POST /api/storefront/auth/otp/send -> 200 (94 ms)
2026-01-07 19:25:24.734 [34mINFO [0;39m [ba15026b-d230-45b2-a58c-e054100a8bc9] [http-nio-8081-exec-2] c.b.config.logging.HttpLoggingFilter - Headers: auth=absent content-type=application/json accept=application/json, text/plain, */*
2026-01-07 19:25:24.734 [34mINFO [0;39m [ba15026b-d230-45b2-a58c-e054100a8bc9] [http-nio-8081-exec-2] c.b.config.logging.HttpLoggingFilter - Request payload: {"phone":"+918750328546","channel":"sms"}
2026-01-07 19:25:24.734 [34mINFO [0;39m [ba15026b-d230-45b2-a58c-e054100a8bc9] [http-nio-8081-exec-2] c.b.config.logging.HttpLoggingFilter - Response payload: {"success":true,"ttlSeconds":120,"otp":"173914","otpId":"47e11b55-ef06-4079-81d1-9fc17ba79256"}
2026-01-07 19:25:51.104 [39mDEBUG[0;39m [22827281-1a8b-4d92-ad8b-7b9bc5473b35] [http-nio-8081-exec-3] c.b.c.logging.MethodLoggingAspect - Controller enter: AuthController.verifyOtp(..) args=[LinkedHashMap({phone=+918750328546, otp=173914})]
2026-01-07 19:25:51.106 [34mINFO [0;39m [22827281-1a8b-4d92-ad8b-7b9bc5473b35] [http-nio-8081-exec-3] com.bharatshop.web.AuthController - OTP verify requested: phone=+918750328546 otpPresent=true
2026-01-07 19:25:51.108 [39mDEBUG[0;39m [22827281-1a8b-4d92-ad8b-7b9bc5473b35] [http-nio-8081-exec-3] c.b.c.logging.MethodLoggingAspect - Service enter: AuthService.verifyOtp(..) args=[+918750328546, 173914]
2026-01-07 19:25:51.108 [34mINFO [0;39m [22827281-1a8b-4d92-ad8b-7b9bc5473b35] [http-nio-8081-exec-3] com.bharatshop.service.AuthService - Verifying OTP for phone=+918750328546
2026-01-07 19:25:51.108 [34mINFO [0;39m [22827281-1a8b-4d92-ad8b-7b9bc5473b35] [http-nio-8081-exec-3] com.bharatshop.service.AuthService - OTP verification success for phone=+918750328546
2026-01-07 19:25:51.108 [34mINFO [0;39m [22827281-1a8b-4d92-ad8b-7b9bc5473b35] [http-nio-8081-exec-3] com.bharatshop.service.AuthService - Login (phone) attempt: phone=+918750328546
2026-01-07 19:25:51.242 [34mINFO [0;39m [22827281-1a8b-4d92-ad8b-7b9bc5473b35] [http-nio-8081-exec-3] com.bharatshop.service.AuthService - Session created: userId=1429b5f9-042c-4723-af34-4b6025b95c7a role=consumer
2026-01-07 19:25:51.243 [34mINFO [0;39m [22827281-1a8b-4d92-ad8b-7b9bc5473b35] [http-nio-8081-exec-3] com.bharatshop.service.AuthService - Login (phone) success: userId=1429b5f9-042c-4723-af34-4b6025b95c7a token=eyJhbGciOiJIUzI1NiIsInR5cCI6IkpXVCJ9.eyJzdWIiOiIxNDI5YjVmOS0wNDJjLTQ3MjMtYWYzNC00YjYwMjViOTVjN2EiLCJuYW1lIjoiVXNlcjg1NDYiLCJyb2xlIjoiY29uc3VtZXIiLCJpYXQiOjE3Njc3OTQxNTEsImV4cCI6MTc2Nzc5Nzc1MX0.8NTKSXqOzopaQfrmtFkoZfBDhbu4zaLZb_wkQn2K_HQ role=USER 
2026-01-07 19:25:51.243 [34mINFO [0;39m [22827281-1a8b-4d92-ad8b-7b9bc5473b35] [http-nio-8081-exec-3] c.b.c.logging.MethodLoggingAspect - Service exit: AuthService.verifyOtp(..) (135 ms)
2026-01-07 19:25:51.251 [39mDEBUG[0;39m [22827281-1a8b-4d92-ad8b-7b9bc5473b35] [http-nio-8081-exec-3] c.b.c.logging.MethodLoggingAspect - Service result: AuthService.verifyOtp(..) => Session(Session[token=eyJhbGciOiJIUzI1NiIsInR5cCI6IkpXVCJ9.eyJzdWIiOiIxNDI5YjVmOS0wNDJjLTQ3MjMtYWYzNC00YjYwMjViOTVjN2EiLCJuYW1lIjoiVXNlcjg1NDYiLCJyb2xlIjoiY29uc3VtZXIiLCJpYXQiOjE3Njc3OTQxNTEsImV4cCI6MTc2Nzc5Nzc1MX0.8NTKSXqOzopaQfrmtFkoZfBDhbu4zaLZb_wkQn2K_HQ, userId=1429b5f9-042c-4723-af34-4b6025b95c7a, name=User8546, role=consumer])
2026-01-07 19:25:51.251 [39mDEBUG[0;39m [22827281-1a8b-4d92-ad8b-7b9bc5473b35] [http-nio-8081-exec-3] c.b.c.logging.MethodLoggingAspect - Service enter: AuthService.getProfile(..) args=[eyJhbGciOiJIUzI1NiIsInR5cCI6IkpXVCJ9.eyJzdWIiOiIxNDI5YjVmOS0wNDJjLTQ3MjMtYWYzNC00YjYwMjViOTVjN2EiLCJuYW1lIjoiVXNlcjg1NDYiLCJyb2xlIjoiY29uc3VtZXIiLCJpYXQiOjE3Njc3OTQxNTEsImV4cCI6MTc2Nzc5Nzc1MX0.8NTKSXqOzopaQfrmtFkoZfBDhbu4zaLZb_wkQn2K_HQ]
2026-01-07 19:25:51.358 [34mINFO [0;39m [22827281-1a8b-4d92-ad8b-7b9bc5473b35] [http-nio-8081-exec-3] c.b.c.logging.MethodLoggingAspect - Service exit: AuthService.getProfile(..) (107 ms)
2026-01-07 19:25:51.359 [39mDEBUG[0;39m [22827281-1a8b-4d92-ad8b-7b9bc5473b35] [http-nio-8081-exec-3] c.b.c.logging.MethodLoggingAspect - Service result: AuthService.getProfile(..) => User(com.bharatshop.domain.User@4690f9b3)
2026-01-07 19:25:51.359 [34mINFO [0;39m [22827281-1a8b-4d92-ad8b-7b9bc5473b35] [http-nio-8081-exec-3] com.bharatshop.web.AuthController - OTP verify success: userId=1429b5f9-042c-4723-af34-4b6025b95c7a tokenPresent=true
2026-01-07 19:25:51.361 [34mINFO [0;39m [22827281-1a8b-4d92-ad8b-7b9bc5473b35] [http-nio-8081-exec-3] c.b.c.logging.MethodLoggingAspect - Controller exit: AuthController.verifyOtp(..) -> status=200 (257 ms)
2026-01-07 19:25:51.361 [39mDEBUG[0;39m [22827281-1a8b-4d92-ad8b-7b9bc5473b35] [http-nio-8081-exec-3] c.b.c.logging.MethodLoggingAspect - Controller result: AuthController.verifyOtp(..) => ResponseEntity(status=200)
2026-01-07 19:25:51.366 [34mINFO [0;39m [22827281-1a8b-4d92-ad8b-7b9bc5473b35] [http-nio-8081-exec-3] c.b.config.logging.HttpLoggingFilter - POST /api/storefront/auth/otp/verify -> 200 (268 ms)
2026-01-07 19:25:51.366 [34mINFO [0;39m [22827281-1a8b-4d92-ad8b-7b9bc5473b35] [http-nio-8081-exec-3] c.b.config.logging.HttpLoggingFilter - Headers: auth=absent content-type=application/json accept=application/json, text/plain, */*
2026-01-07 19:25:51.366 [34mINFO [0;39m [22827281-1a8b-4d92-ad8b-7b9bc5473b35] [http-nio-8081-exec-3] c.b.config.logging.HttpLoggingFilter - Request payload: {"phone":"+918750328546","otp":"173914"}
2026-01-07 19:25:51.366 [34mINFO [0;39m [22827281-1a8b-4d92-ad8b-7b9bc5473b35] [http-nio-8081-exec-3] c.b.config.logging.HttpLoggingFilter - Response payload: {"success":true,"user":{"id":"1429b5f9-042c-4723-af34-4b6025b95c7a","name":"User8546","phone":"+918750328546","role":"consumer"},"token":"eyJhbGciOiJIUzI1NiIsInR5cCI6IkpXVCJ9.eyJzdWIiOiIxNDI5YjVmOS0wNDJjLTQ3MjMtYWYzNC00YjYwMjViOTVjN2EiLCJuYW1lIjoiVXNlcjg1NDYiLCJyb2xlIjoiY29uc3VtZXIiLCJpYXQiOjE3Njc3OTQxNTEsImV4cCI6MTc2Nzc5Nzc1MX0.8NTKSXqOzopaQfrmtFkoZfBDhbu4zaLZb_wkQn2K_HQ"}
2026-01-07 19:25:51.469 [39mDEBUG[0;39m [5d85f204-0fc4-403b-bd12-9344995ae584] [http-nio-8081-exec-4] c.b.c.logging.MethodLoggingAspect - Controller enter: AuthController.profile(..) args=[ContentCachingRequestWrapper(org.springframework.web.util.ContentCachingRequestWrapper@59a666d7)]
2026-01-07 19:25:51.469 [34mINFO [0;39m [5d85f204-0fc4-403b-bd12-9344995ae584] [http-nio-8081-exec-4] com.bharatshop.web.AuthController - Profile requested: tokenPresent=true 
2026-01-07 19:25:51.469 [39mDEBUG[0;39m [5d85f204-0fc4-403b-bd12-9344995ae584] [http-nio-8081-exec-4] c.b.c.logging.MethodLoggingAspect - Service enter: AuthService.getProfile(..) args=[eyJhbGciOiJIUzI1NiIsInR5cCI6IkpXVCJ9.eyJzdWIiOiIxNDI5YjVmOS0wNDJjLTQ3MjMtYWYzNC00YjYwMjViOTVjN2EiLCJuYW1lIjoiVXNlcjg1NDYiLCJyb2xlIjoiY29uc3VtZXIiLCJpYXQiOjE3Njc3OTQxNTEsImV4cCI6MTc2Nzc5Nzc1MX0.8NTKSXqOzopaQfrmtFkoZfBDhbu4zaLZb_wkQn2K_HQ]
2026-01-07 19:25:51.475 [34mINFO [0;39m [5d85f204-0fc4-403b-bd12-9344995ae584] [http-nio-8081-exec-4] c.b.c.logging.MethodLoggingAspect - Service exit: AuthService.getProfile(..) (6 ms)
2026-01-07 19:25:51.475 [39mDEBUG[0;39m [5d85f204-0fc4-403b-bd12-9344995ae584] [http-nio-8081-exec-4] c.b.c.logging.MethodLoggingAspect - Service result: AuthService.getProfile(..) => User(com.bharatshop.domain.User@179413b2)
2026-01-07 19:25:51.475 [34mINFO [0;39m [5d85f204-0fc4-403b-bd12-9344995ae584] [http-nio-8081-exec-4] com.bharatshop.web.AuthController - Profile success: userId=1429b5f9-042c-4723-af34-4b6025b95c7a
2026-01-07 19:25:51.475 [34mINFO [0;39m [5d85f204-0fc4-403b-bd12-9344995ae584] [http-nio-8081-exec-4] c.b.c.logging.MethodLoggingAspect - Controller exit: AuthController.profile(..) -> status=200 (6 ms)
2026-01-07 19:25:51.475 [39mDEBUG[0;39m [5d85f204-0fc4-403b-bd12-9344995ae584] [http-nio-8081-exec-4] c.b.c.logging.MethodLoggingAspect - Controller result: AuthController.profile(..) => ResponseEntity(status=200)
2026-01-07 19:25:51.483 [34mINFO [0;39m [5d85f204-0fc4-403b-bd12-9344995ae584] [http-nio-8081-exec-4] c.b.config.logging.HttpLoggingFilter - GET /api/storefront/auth/profile -> 200 (16 ms)
2026-01-07 19:25:51.483 [34mINFO [0;39m [5d85f204-0fc4-403b-bd12-9344995ae584] [http-nio-8081-exec-4] c.b.config.logging.HttpLoggingFilter - Headers: auth=present content-type=null accept=application/json, text/plain, */*
2026-01-07 19:25:51.483 [34mINFO [0;39m [5d85f204-0fc4-403b-bd12-9344995ae584] [http-nio-8081-exec-4] c.b.config.logging.HttpLoggingFilter - Response payload: {"id":"1429b5f9-042c-4723-af34-4b6025b95c7a","name":"User8546","phone":"+918750328546","role":"consumer"}
2026-01-07 19:25:51.512 [39mDEBUG[0;39m [a13b8f23-f9aa-47aa-8a4b-f2d6c044853c] [http-nio-8081-exec-6] c.b.c.logging.MethodLoggingAspect - Controller enter: StoreDiscoveryController.stores(..) args=[null, null]
2026-01-07 19:25:51.514 [34mINFO [0;39m [a13b8f23-f9aa-47aa-8a4b-f2d6c044853c] [http-nio-8081-exec-6] c.b.web.StoreDiscoveryController - Discover stores: tenant=demo-store search=null category=null
2026-01-07 19:25:51.514 [39mDEBUG[0;39m [a13b8f23-f9aa-47aa-8a4b-f2d6c044853c] [http-nio-8081-exec-6] c.b.c.logging.MethodLoggingAspect - Factory enter: FactoryProvider.getFactory() args=[]
2026-01-07 19:25:51.516 [34mINFO [0;39m [a13b8f23-f9aa-47aa-8a4b-f2d6c044853c] [http-nio-8081-exec-6] c.b.c.logging.MethodLoggingAspect - Factory exit: FactoryProvider.getFactory() (2 ms)
2026-01-07 19:25:51.517 [39mDEBUG[0;39m [a13b8f23-f9aa-47aa-8a4b-f2d6c044853c] [http-nio-8081-exec-6] c.b.c.logging.MethodLoggingAspect - Factory result: FactoryProvider.getFactory() => DefaultStorefrontFactory$$SpringCGLIB$$0(com.bharatshop.factory.impl.DefaultStorefrontFactory@30b35687)
2026-01-07 19:25:51.517 [39mDEBUG[0;39m [a13b8f23-f9aa-47aa-8a4b-f2d6c044853c] [http-nio-8081-exec-6] c.b.c.logging.MethodLoggingAspect - Factory enter: DefaultStorefrontFactory.stores() args=[]
2026-01-07 19:25:51.517 [34mINFO [0;39m [a13b8f23-f9aa-47aa-8a4b-f2d6c044853c] [http-nio-8081-exec-6] c.b.c.logging.MethodLoggingAspect - Factory exit: DefaultStorefrontFactory.stores() (0 ms)
2026-01-07 19:25:51.517 [39mDEBUG[0;39m [a13b8f23-f9aa-47aa-8a4b-f2d6c044853c] [http-nio-8081-exec-6] c.b.c.logging.MethodLoggingAspect - Factory result: DefaultStorefrontFactory.stores() => (com.bharatshop.factory.impl.DefaultStorefrontFactory$2@201adfa5)
2026-01-07 19:25:51.517 [39mDEBUG[0;39m [a13b8f23-f9aa-47aa-8a4b-f2d6c044853c] [http-nio-8081-exec-6] c.b.c.logging.MethodLoggingAspect - Service enter: StoreService.list(..) args=[null, null]
2026-01-07 19:25:51.524 [34mINFO [0;39m [a13b8f23-f9aa-47aa-8a4b-f2d6c044853c] [http-nio-8081-exec-6] c.b.c.logging.MethodLoggingAspect - Service exit: StoreService.list(..) (7 ms)
2026-01-07 19:25:51.524 [39mDEBUG[0;39m [a13b8f23-f9aa-47aa-8a4b-f2d6c044853c] [http-nio-8081-exec-6] c.b.c.logging.MethodLoggingAspect - Service result: StoreService.list(..) => ArrayList[size=3]
2026-01-07 19:25:51.524 [34mINFO [0;39m [a13b8f23-f9aa-47aa-8a4b-f2d6c044853c] [http-nio-8081-exec-6] c.b.c.logging.MethodLoggingAspect - Controller exit: StoreDiscoveryController.stores(..) -> status=200 (12 ms)
2026-01-07 19:25:51.524 [39mDEBUG[0;39m [a13b8f23-f9aa-47aa-8a4b-f2d6c044853c] [http-nio-8081-exec-6] c.b.c.logging.MethodLoggingAspect - Controller result: StoreDiscoveryController.stores(..) => ResponseEntity(status=200)
2026-01-07 19:25:51.531 [34mINFO [0;39m [a13b8f23-f9aa-47aa-8a4b-f2d6c044853c] [http-nio-8081-exec-6] c.b.config.logging.HttpLoggingFilter - GET /api/stores -> 200 (20 ms)
2026-01-07 19:25:51.532 [34mINFO [0;39m [a13b8f23-f9aa-47aa-8a4b-f2d6c044853c] [http-nio-8081-exec-6] c.b.config.logging.HttpLoggingFilter - Headers: auth=present content-type=null accept=application/json, text/plain, */*
2026-01-07 19:25:51.534 [34mINFO [0;39m [a13b8f23-f9aa-47aa-8a4b-f2d6c044853c] [http-nio-8081-exec-6] c.b.config.logging.HttpLoggingFilter - Response payload: [{"id":"9d72b824-254a-4055-b893-eca7fbb44c7e","name":"City Pharmacy","area":"Brigade","category":"pharmacy","status":"open","orderingDisabled":false,"updatedAt":"2026-01-07T13:52:45.314753Z"},{"id":"fcc0735f-7395-4acc-a086-40195c7ff4c1","name":"Fresh Mart","area":"MG Road","category":"grocery","status":"open","orderingDisabled":false,"updatedAt":"2026-01-07T13:52:45.229915Z"},{"id":"e3a21b9e-4c25-4ef4-928d-0c2b3c7d8830","name":"Sunrise Hotel","area":"Beach","category":"hospitality","status":"open","orderingDisabled":false,"updatedAt":"2026-01-07T13:52:45.318432Z"}]
2026-01-07 19:25:55.777 [39mDEBUG[0;39m [52a946d2-6438-4334-98bd-ff6f22749dac] [http-nio-8081-exec-5] c.b.c.logging.MethodLoggingAspect - Controller enter: StoreDiscoveryController.stores(..) args=[null, null]
2026-01-07 19:25:55.780 [34mINFO [0;39m [52a946d2-6438-4334-98bd-ff6f22749dac] [http-nio-8081-exec-5] c.b.web.StoreDiscoveryController - Discover stores: tenant=demo-store search=null category=null
2026-01-07 19:25:55.780 [39mDEBUG[0;39m [52a946d2-6438-4334-98bd-ff6f22749dac] [http-nio-8081-exec-5] c.b.c.logging.MethodLoggingAspect - Factory enter: FactoryProvider.getFactory() args=[]
2026-01-07 19:25:55.781 [34mINFO [0;39m [52a946d2-6438-4334-98bd-ff6f22749dac] [http-nio-8081-exec-5] c.b.c.logging.MethodLoggingAspect - Factory exit: FactoryProvider.getFactory() (1 ms)
2026-01-07 19:25:55.781 [39mDEBUG[0;39m [52a946d2-6438-4334-98bd-ff6f22749dac] [http-nio-8081-exec-5] c.b.c.logging.MethodLoggingAspect - Factory result: FactoryProvider.getFactory() => DefaultStorefrontFactory$$SpringCGLIB$$0(com.bharatshop.factory.impl.DefaultStorefrontFactory@30b35687)
2026-01-07 19:25:55.781 [39mDEBUG[0;39m [52a946d2-6438-4334-98bd-ff6f22749dac] [http-nio-8081-exec-5] c.b.c.logging.MethodLoggingAspect - Factory enter: DefaultStorefrontFactory.stores() args=[]
2026-01-07 19:25:55.781 [34mINFO [0;39m [52a946d2-6438-4334-98bd-ff6f22749dac] [http-nio-8081-exec-5] c.b.c.logging.MethodLoggingAspect - Factory exit: DefaultStorefrontFactory.stores() (0 ms)
2026-01-07 19:25:55.781 [39mDEBUG[0;39m [52a946d2-6438-4334-98bd-ff6f22749dac] [http-nio-8081-exec-5] c.b.c.logging.MethodLoggingAspect - Factory result: DefaultStorefrontFactory.stores() => (com.bharatshop.factory.impl.DefaultStorefrontFactory$2@72671608)
2026-01-07 19:25:55.781 [39mDEBUG[0;39m [52a946d2-6438-4334-98bd-ff6f22749dac] [http-nio-8081-exec-5] c.b.c.logging.MethodLoggingAspect - Service enter: StoreService.list(..) args=[null, null]
2026-01-07 19:25:55.786 [34mINFO [0;39m [52a946d2-6438-4334-98bd-ff6f22749dac] [http-nio-8081-exec-5] c.b.c.logging.MethodLoggingAspect - Service exit: StoreService.list(..) (5 ms)
2026-01-07 19:25:55.786 [39mDEBUG[0;39m [52a946d2-6438-4334-98bd-ff6f22749dac] [http-nio-8081-exec-5] c.b.c.logging.MethodLoggingAspect - Service result: StoreService.list(..) => ArrayList[size=3]
2026-01-07 19:25:55.786 [34mINFO [0;39m [52a946d2-6438-4334-98bd-ff6f22749dac] [http-nio-8081-exec-5] c.b.c.logging.MethodLoggingAspect - Controller exit: StoreDiscoveryController.stores(..) -> status=200 (9 ms)
2026-01-07 19:25:55.790 [39mDEBUG[0;39m [52a946d2-6438-4334-98bd-ff6f22749dac] [http-nio-8081-exec-5] c.b.c.logging.MethodLoggingAspect - Controller result: StoreDiscoveryController.stores(..) => ResponseEntity(status=200)
2026-01-07 19:25:55.795 [34mINFO [0;39m [52a946d2-6438-4334-98bd-ff6f22749dac] [http-nio-8081-exec-5] c.b.config.logging.HttpLoggingFilter - GET /api/stores?city=Balrampur&lat=27.4235392&lon=82.1854208&lng=82.1854208 -> 200 (19 ms)
2026-01-07 19:25:55.797 [34mINFO [0;39m [52a946d2-6438-4334-98bd-ff6f22749dac] [http-nio-8081-exec-5] c.b.config.logging.HttpLoggingFilter - Headers: auth=present content-type=null accept=application/json, text/plain, */*
2026-01-07 19:25:55.797 [34mINFO [0;39m [52a946d2-6438-4334-98bd-ff6f22749dac] [http-nio-8081-exec-5] c.b.config.logging.HttpLoggingFilter - Response payload: [{"id":"9d72b824-254a-4055-b893-eca7fbb44c7e","name":"City Pharmacy","area":"Brigade","category":"pharmacy","status":"open","orderingDisabled":false,"updatedAt":"2026-01-07T13:52:45.314753Z"},{"id":"fcc0735f-7395-4acc-a086-40195c7ff4c1","name":"Fresh Mart","area":"MG Road","category":"grocery","status":"open","orderingDisabled":false,"updatedAt":"2026-01-07T13:52:45.229915Z"},{"id":"e3a21b9e-4c25-4ef4-928d-0c2b3c7d8830","name":"Sunrise Hotel","area":"Beach","category":"hospitality","status":"open","orderingDisabled":false,"updatedAt":"2026-01-07T13:52:45.318432Z"}]
2026-01-07 19:25:56.469 [39mDEBUG[0;39m [fcc6693d-e152-4938-af80-f78ad0f1289c] [http-nio-8081-exec-7] c.b.c.logging.MethodLoggingAspect - Controller enter: StoreDiscoveryController.getStore(..) args=[fcc0735f-7395-4acc-a086-40195c7ff4c1]
2026-01-07 19:25:56.471 [34mINFO [0;39m [fcc6693d-e152-4938-af80-f78ad0f1289c] [http-nio-8081-exec-7] c.b.web.StoreDiscoveryController - Get store: tenant=demo-store id=fcc0735f-7395-4acc-a086-40195c7ff4c1
2026-01-07 19:25:56.471 [39mDEBUG[0;39m [fcc6693d-e152-4938-af80-f78ad0f1289c] [http-nio-8081-exec-7] c.b.c.logging.MethodLoggingAspect - Factory enter: FactoryProvider.getFactory() args=[]
2026-01-07 19:25:56.471 [34mINFO [0;39m [fcc6693d-e152-4938-af80-f78ad0f1289c] [http-nio-8081-exec-7] c.b.c.logging.MethodLoggingAspect - Factory exit: FactoryProvider.getFactory() (0 ms)
2026-01-07 19:25:56.473 [39mDEBUG[0;39m [fcc6693d-e152-4938-af80-f78ad0f1289c] [http-nio-8081-exec-7] c.b.c.logging.MethodLoggingAspect - Factory result: FactoryProvider.getFactory() => DefaultStorefrontFactory$$SpringCGLIB$$0(com.bharatshop.factory.impl.DefaultStorefrontFactory@30b35687)
2026-01-07 19:25:56.473 [39mDEBUG[0;39m [d694116d-b164-4a8a-8793-e16a3f1149ad] [http-nio-8081-exec-8] c.b.c.logging.MethodLoggingAspect - Controller enter: StoreDiscoveryController.productsByStore(..) args=[fcc0735f-7395-4acc-a086-40195c7ff4c1]
2026-01-07 19:25:56.473 [39mDEBUG[0;39m [fcc6693d-e152-4938-af80-f78ad0f1289c] [http-nio-8081-exec-7] c.b.c.logging.MethodLoggingAspect - Factory enter: DefaultStorefrontFactory.stores() args=[]
2026-01-07 19:25:56.473 [34mINFO [0;39m [d694116d-b164-4a8a-8793-e16a3f1149ad] [http-nio-8081-exec-8] c.b.web.StoreDiscoveryController - Products by store: tenant=demo-store storeId=fcc0735f-7395-4acc-a086-40195c7ff4c1
2026-01-07 19:25:56.473 [34mINFO [0;39m [fcc6693d-e152-4938-af80-f78ad0f1289c] [http-nio-8081-exec-7] c.b.c.logging.MethodLoggingAspect - Factory exit: DefaultStorefrontFactory.stores() (0 ms)
2026-01-07 19:25:56.473 [39mDEBUG[0;39m [d694116d-b164-4a8a-8793-e16a3f1149ad] [http-nio-8081-exec-8] c.b.c.logging.MethodLoggingAspect - Factory enter: FactoryProvider.getFactory() args=[]
2026-01-07 19:25:56.477 [34mINFO [0;39m [d694116d-b164-4a8a-8793-e16a3f1149ad] [http-nio-8081-exec-8] c.b.c.logging.MethodLoggingAspect - Factory exit: FactoryProvider.getFactory() (4 ms)
2026-01-07 19:25:56.473 [39mDEBUG[0;39m [fcc6693d-e152-4938-af80-f78ad0f1289c] [http-nio-8081-exec-7] c.b.c.logging.MethodLoggingAspect - Factory result: DefaultStorefrontFactory.stores() => (com.bharatshop.factory.impl.DefaultStorefrontFactory$2@abef136)
2026-01-07 19:25:56.478 [39mDEBUG[0;39m [d694116d-b164-4a8a-8793-e16a3f1149ad] [http-nio-8081-exec-8] c.b.c.logging.MethodLoggingAspect - Factory result: FactoryProvider.getFactory() => DefaultStorefrontFactory$$SpringCGLIB$$0(com.bharatshop.factory.impl.DefaultStorefrontFactory@30b35687)
2026-01-07 19:25:56.478 [39mDEBUG[0;39m [fcc6693d-e152-4938-af80-f78ad0f1289c] [http-nio-8081-exec-7] c.b.c.logging.MethodLoggingAspect - Service enter: StoreService.get(..) args=[fcc0735f-7395-4acc-a086-40195c7ff4c1]
2026-01-07 19:25:56.480 [39mDEBUG[0;39m [d694116d-b164-4a8a-8793-e16a3f1149ad] [http-nio-8081-exec-8] c.b.c.logging.MethodLoggingAspect - Factory enter: DefaultStorefrontFactory.products() args=[]
2026-01-07 19:25:56.480 [34mINFO [0;39m [d694116d-b164-4a8a-8793-e16a3f1149ad] [http-nio-8081-exec-8] c.b.c.logging.MethodLoggingAspect - Factory exit: DefaultStorefrontFactory.products() (0 ms)
2026-01-07 19:25:56.480 [39mDEBUG[0;39m [d694116d-b164-4a8a-8793-e16a3f1149ad] [http-nio-8081-exec-8] c.b.c.logging.MethodLoggingAspect - Factory result: DefaultStorefrontFactory.products() => (com.bharatshop.factory.impl.DefaultStorefrontFactory$1@335b3155)
2026-01-07 19:25:56.480 [39mDEBUG[0;39m [d694116d-b164-4a8a-8793-e16a3f1149ad] [http-nio-8081-exec-8] c.b.c.logging.MethodLoggingAspect - Service enter: ProductService.getByStore(..) args=[fcc0735f-7395-4acc-a086-40195c7ff4c1]
2026-01-07 19:25:56.488 [34mINFO [0;39m [fcc6693d-e152-4938-af80-f78ad0f1289c] [http-nio-8081-exec-7] c.b.c.logging.MethodLoggingAspect - Service exit: StoreService.get(..) (10 ms)
2026-01-07 19:25:56.489 [39mDEBUG[0;39m [fcc6693d-e152-4938-af80-f78ad0f1289c] [http-nio-8081-exec-7] c.b.c.logging.MethodLoggingAspect - Service result: StoreService.get(..) => Store(com.bharatshop.domain.Store@377e41e4)
2026-01-07 19:25:56.490 [34mINFO [0;39m [fcc6693d-e152-4938-af80-f78ad0f1289c] [http-nio-8081-exec-7] c.b.web.StoreDiscoveryController - Get store success: id=fcc0735f-7395-4acc-a086-40195c7ff4c1 name=Fresh Mart 
2026-01-07 19:25:56.490 [34mINFO [0;39m [fcc6693d-e152-4938-af80-f78ad0f1289c] [http-nio-8081-exec-7] c.b.c.logging.MethodLoggingAspect - Controller exit: StoreDiscoveryController.getStore(..) -> status=200 (21 ms)
2026-01-07 19:25:56.490 [39mDEBUG[0;39m [fcc6693d-e152-4938-af80-f78ad0f1289c] [http-nio-8081-exec-7] c.b.c.logging.MethodLoggingAspect - Controller result: StoreDiscoveryController.getStore(..) => ResponseEntity(status=200)
2026-01-07 19:25:56.491 [34mINFO [0;39m [d694116d-b164-4a8a-8793-e16a3f1149ad] [http-nio-8081-exec-8] c.b.c.logging.MethodLoggingAspect - Service exit: ProductService.getByStore(..) (11 ms)
2026-01-07 19:25:56.491 [39mDEBUG[0;39m [d694116d-b164-4a8a-8793-e16a3f1149ad] [http-nio-8081-exec-8] c.b.c.logging.MethodLoggingAspect - Service result: ProductService.getByStore(..) => ArrayList[size=2]
2026-01-07 19:25:56.491 [34mINFO [0;39m [d694116d-b164-4a8a-8793-e16a3f1149ad] [http-nio-8081-exec-8] c.b.c.logging.MethodLoggingAspect - Controller exit: StoreDiscoveryController.productsByStore(..) -> status=200 (18 ms)
2026-01-07 19:25:56.491 [39mDEBUG[0;39m [d694116d-b164-4a8a-8793-e16a3f1149ad] [http-nio-8081-exec-8] c.b.c.logging.MethodLoggingAspect - Controller result: StoreDiscoveryController.productsByStore(..) => ResponseEntity(status=200)
2026-01-07 19:25:56.491 [34mINFO [0;39m [fcc6693d-e152-4938-af80-f78ad0f1289c] [http-nio-8081-exec-7] c.b.config.logging.HttpLoggingFilter - GET /api/stores/fcc0735f-7395-4acc-a086-40195c7ff4c1 -> 200 (25 ms)
2026-01-07 19:25:56.494 [34mINFO [0;39m [fcc6693d-e152-4938-af80-f78ad0f1289c] [http-nio-8081-exec-7] c.b.config.logging.HttpLoggingFilter - Headers: auth=present content-type=null accept=application/json, text/plain, */*
2026-01-07 19:25:56.494 [34mINFO [0;39m [fcc6693d-e152-4938-af80-f78ad0f1289c] [http-nio-8081-exec-7] c.b.config.logging.HttpLoggingFilter - Response payload: {"id":"fcc0735f-7395-4acc-a086-40195c7ff4c1","name":"Fresh Mart","area":"MG Road","category":"grocery","status":"open","orderingDisabled":false,"updatedAt":"2026-01-07T13:52:45.229915Z"}
2026-01-07 19:25:56.494 [34mINFO [0;39m [d694116d-b164-4a8a-8793-e16a3f1149ad] [http-nio-8081-exec-8] c.b.config.logging.HttpLoggingFilter - GET /api/products?storeId=fcc0735f-7395-4acc-a086-40195c7ff4c1 -> 200 (23 ms)
2026-01-07 19:25:56.494 [34mINFO [0;39m [d694116d-b164-4a8a-8793-e16a3f1149ad] [http-nio-8081-exec-8] c.b.config.logging.HttpLoggingFilter - Headers: auth=present content-type=null accept=application/json, text/plain, */*
2026-01-07 19:25:56.494 [34mINFO [0;39m [d694116d-b164-4a8a-8793-e16a3f1149ad] [http-nio-8081-exec-8] c.b.config.logging.HttpLoggingFilter - Response payload: [{"id":"e978470f-4e11-4926-9c42-0ba9277a6b61","name":"Apples","price":120.0,"category":"fruits","storeId":"fcc0735f-7395-4acc-a086-40195c7ff4c1","active":true},{"id":"3a1ae6d6-e375-4abf-bd78-70ef78ffc8b6","name":"Milk","price":60.0,"category":"dairy","storeId":"fcc0735f-7395-4acc-a086-40195c7ff4c1","active":true}]
2026-01-07 19:26:31.019 [39mDEBUG[0;39m [0863ed93-819b-419b-9f8c-c8002b7e86d2] [http-nio-8081-exec-9] c.b.c.logging.MethodLoggingAspect - Controller enter: StorefrontCartController.addItem(..) args=[demo-store, guest_1763142291071_p6hkbv, CartItem(com.bharatshop.domain.CartItem@65144663)]
2026-01-07 19:26:31.019 [34mINFO [0;39m [0863ed93-819b-419b-9f8c-c8002b7e86d2] [http-nio-8081-exec-9] c.b.web.StorefrontCartController - Storefront add cart item: tenant=demo-store userId=1429b5f9-042c-4723-af34-4b6025b95c7a itemId=null qty=1
2026-01-07 19:26:31.023 [39mDEBUG[0;39m [0863ed93-819b-419b-9f8c-c8002b7e86d2] [http-nio-8081-exec-9] c.b.c.logging.MethodLoggingAspect - Service enter: CartService.addItem(..) args=[1429b5f9-042c-4723-af34-4b6025b95c7a, CartItem(com.bharatshop.domain.CartItem@65144663)]
2026-01-07 19:26:31.023 [34mINFO [0;39m [0863ed93-819b-419b-9f8c-c8002b7e86d2] [http-nio-8081-exec-9] c.b.c.logging.MethodLoggingAspect - Service exit: CartService.addItem(..) (0 ms)
2026-01-07 19:26:31.023 [39mDEBUG[0;39m [0863ed93-819b-419b-9f8c-c8002b7e86d2] [http-nio-8081-exec-9] c.b.c.logging.MethodLoggingAspect - Service result: CartService.addItem(..) => ArrayList[size=1]
2026-01-07 19:26:31.025 [34mINFO [0;39m [0863ed93-819b-419b-9f8c-c8002b7e86d2] [http-nio-8081-exec-9] c.b.c.logging.MethodLoggingAspect - Controller exit: StorefrontCartController.addItem(..) -> status=200 (6 ms)
2026-01-07 19:26:31.025 [39mDEBUG[0;39m [0863ed93-819b-419b-9f8c-c8002b7e86d2] [http-nio-8081-exec-9] c.b.c.logging.MethodLoggingAspect - Controller result: StorefrontCartController.addItem(..) => ResponseEntity(status=200)
2026-01-07 19:26:31.029 [34mINFO [0;39m [0863ed93-819b-419b-9f8c-c8002b7e86d2] [http-nio-8081-exec-9] c.b.config.logging.HttpLoggingFilter - POST /api/storefront/cart/items -> 200 (60 ms)
2026-01-07 19:26:31.029 [34mINFO [0;39m [0863ed93-819b-419b-9f8c-c8002b7e86d2] [http-nio-8081-exec-9] c.b.config.logging.HttpLoggingFilter - Headers: auth=present content-type=application/json accept=application/json, text/plain, */*
2026-01-07 19:26:31.029 [34mINFO [0;39m [0863ed93-819b-419b-9f8c-c8002b7e86d2] [http-nio-8081-exec-9] c.b.config.logging.HttpLoggingFilter - Request payload: {"productId":"e978470f-4e11-4926-9c42-0ba9277a6b61__v:standard__a:","quantity":1,"storeId":"fcc0735f-7395-4acc-a086-40195c7ff4c1"}
2026-01-07 19:26:31.029 [34mINFO [0;39m [0863ed93-819b-419b-9f8c-c8002b7e86d2] [http-nio-8081-exec-9] c.b.config.logging.HttpLoggingFilter - Response payload: {"totals":{"subtotal":0.0,"itemsCount":1},"items":[{"price":0.0,"quantity":1}]}
2026-01-07 19:26:35.649 [39mDEBUG[0;39m [349ac291-ac87-4424-bec7-a941f13920b9] [http-nio-8081-exec-10] c.b.c.logging.MethodLoggingAspect - Controller enter: StorefrontCartController.addItem(..) args=[demo-store, guest_1763142291071_p6hkbv, CartItem(com.bharatshop.domain.CartItem@473dd9e)]
2026-01-07 19:26:35.651 [34mINFO [0;39m [349ac291-ac87-4424-bec7-a941f13920b9] [http-nio-8081-exec-10] c.b.web.StorefrontCartController - Storefront add cart item: tenant=demo-store userId=1429b5f9-042c-4723-af34-4b6025b95c7a itemId=null qty=3
2026-01-07 19:26:35.651 [39mDEBUG[0;39m [349ac291-ac87-4424-bec7-a941f13920b9] [http-nio-8081-exec-10] c.b.c.logging.MethodLoggingAspect - Service enter: CartService.addItem(..) args=[1429b5f9-042c-4723-af34-4b6025b95c7a, CartItem(com.bharatshop.domain.CartItem@473dd9e)]
2026-01-07 19:26:35.651 [34mINFO [0;39m [349ac291-ac87-4424-bec7-a941f13920b9] [http-nio-8081-exec-10] c.b.c.logging.MethodLoggingAspect - Service exit: CartService.addItem(..) (0 ms)
2026-01-07 19:26:35.653 [39mDEBUG[0;39m [349ac291-ac87-4424-bec7-a941f13920b9] [http-nio-8081-exec-10] c.b.c.logging.MethodLoggingAspect - Service result: CartService.addItem(..) => ArrayList[size=2]
2026-01-07 19:26:35.653 [34mINFO [0;39m [349ac291-ac87-4424-bec7-a941f13920b9] [http-nio-8081-exec-10] c.b.c.logging.MethodLoggingAspect - Controller exit: StorefrontCartController.addItem(..) -> status=200 (4 ms)
2026-01-07 19:26:35.653 [39mDEBUG[0;39m [349ac291-ac87-4424-bec7-a941f13920b9] [http-nio-8081-exec-10] c.b.c.logging.MethodLoggingAspect - Controller result: StorefrontCartController.addItem(..) => ResponseEntity(status=200)
2026-01-07 19:26:35.655 [34mINFO [0;39m [349ac291-ac87-4424-bec7-a941f13920b9] [http-nio-8081-exec-10] c.b.config.logging.HttpLoggingFilter - POST /api/storefront/cart/items -> 200 (10 ms)
2026-01-07 19:26:35.655 [34mINFO [0;39m [349ac291-ac87-4424-bec7-a941f13920b9] [http-nio-8081-exec-10] c.b.config.logging.HttpLoggingFilter - Headers: auth=present content-type=application/json accept=application/json, text/plain, */*
2026-01-07 19:26:35.655 [34mINFO [0;39m [349ac291-ac87-4424-bec7-a941f13920b9] [http-nio-8081-exec-10] c.b.config.logging.HttpLoggingFilter - Request payload: {"productId":"e978470f-4e11-4926-9c42-0ba9277a6b61__v:standard__a:","quantity":3,"storeId":"fcc0735f-7395-4acc-a086-40195c7ff4c1"}
2026-01-07 19:26:35.657 [34mINFO [0;39m [349ac291-ac87-4424-bec7-a941f13920b9] [http-nio-8081-exec-10] c.b.config.logging.HttpLoggingFilter - Response payload: {"totals":{"subtotal":0.0,"itemsCount":4},"items":[{"price":0.0,"quantity":1},{"price":0.0,"quantity":3}]}
2026-01-07 19:31:47.063 [39mDEBUG[0;39m [255a89e1-3307-48da-b9be-6f7be0c1bda1] [http-nio-8081-exec-1] c.b.c.logging.MethodLoggingAspect - Controller enter: StoreDiscoveryController.stores(..) args=[null, Hotel]
2026-01-07 19:31:47.065 [34mINFO [0;39m [255a89e1-3307-48da-b9be-6f7be0c1bda1] [http-nio-8081-exec-1] c.b.web.StoreDiscoveryController - Discover stores: tenant=demo-store search=null category=Hotel
2026-01-07 19:31:47.065 [39mDEBUG[0;39m [255a89e1-3307-48da-b9be-6f7be0c1bda1] [http-nio-8081-exec-1] c.b.c.logging.MethodLoggingAspect - Factory enter: FactoryProvider.getFactory() args=[]
2026-01-07 19:31:47.065 [34mINFO [0;39m [255a89e1-3307-48da-b9be-6f7be0c1bda1] [http-nio-8081-exec-1] c.b.c.logging.MethodLoggingAspect - Factory exit: FactoryProvider.getFactory() (0 ms)
2026-01-07 19:31:47.065 [39mDEBUG[0;39m [255a89e1-3307-48da-b9be-6f7be0c1bda1] [http-nio-8081-exec-1] c.b.c.logging.MethodLoggingAspect - Factory result: FactoryProvider.getFactory() => DefaultStorefrontFactory$$SpringCGLIB$$0(com.bharatshop.factory.impl.DefaultStorefrontFactory@30b35687)
2026-01-07 19:31:47.065 [39mDEBUG[0;39m [255a89e1-3307-48da-b9be-6f7be0c1bda1] [http-nio-8081-exec-1] c.b.c.logging.MethodLoggingAspect - Factory enter: DefaultStorefrontFactory.stores() args=[]
2026-01-07 19:31:47.067 [34mINFO [0;39m [255a89e1-3307-48da-b9be-6f7be0c1bda1] [http-nio-8081-exec-1] c.b.c.logging.MethodLoggingAspect - Factory exit: DefaultStorefrontFactory.stores() (2 ms)
2026-01-07 19:31:47.067 [39mDEBUG[0;39m [255a89e1-3307-48da-b9be-6f7be0c1bda1] [http-nio-8081-exec-1] c.b.c.logging.MethodLoggingAspect - Factory result: DefaultStorefrontFactory.stores() => (com.bharatshop.factory.impl.DefaultStorefrontFactory$2@2594cef9)
2026-01-07 19:31:47.067 [39mDEBUG[0;39m [255a89e1-3307-48da-b9be-6f7be0c1bda1] [http-nio-8081-exec-1] c.b.c.logging.MethodLoggingAspect - Service enter: StoreService.list(..) args=[null, Hotel]
2026-01-07 19:31:47.082 [34mINFO [0;39m [255a89e1-3307-48da-b9be-6f7be0c1bda1] [http-nio-8081-exec-1] c.b.c.logging.MethodLoggingAspect - Service exit: StoreService.list(..) (15 ms)
2026-01-07 19:31:47.084 [39mDEBUG[0;39m [255a89e1-3307-48da-b9be-6f7be0c1bda1] [http-nio-8081-exec-1] c.b.c.logging.MethodLoggingAspect - Service result: StoreService.list(..) => ArrayList[size=0]
2026-01-07 19:31:47.084 [34mINFO [0;39m [255a89e1-3307-48da-b9be-6f7be0c1bda1] [http-nio-8081-exec-1] c.b.c.logging.MethodLoggingAspect - Controller exit: StoreDiscoveryController.stores(..) -> status=200 (21 ms)
2026-01-07 19:31:47.084 [39mDEBUG[0;39m [255a89e1-3307-48da-b9be-6f7be0c1bda1] [http-nio-8081-exec-1] c.b.c.logging.MethodLoggingAspect - Controller result: StoreDiscoveryController.stores(..) => ResponseEntity(status=200)
2026-01-07 19:31:47.084 [34mINFO [0;39m [255a89e1-3307-48da-b9be-6f7be0c1bda1] [http-nio-8081-exec-1] c.b.config.logging.HttpLoggingFilter - GET /api/stores?category=Hotel&city=Balrampur&lat=27.4235392&lon=82.1854208&lng=82.1854208 -> 200 (21 ms)
2026-01-07 19:31:47.084 [34mINFO [0;39m [255a89e1-3307-48da-b9be-6f7be0c1bda1] [http-nio-8081-exec-1] c.b.config.logging.HttpLoggingFilter - Headers: auth=present content-type=null accept=application/json, text/plain, */*
2026-01-07 19:31:47.084 [34mINFO [0;39m [255a89e1-3307-48da-b9be-6f7be0c1bda1] [http-nio-8081-exec-1] c.b.config.logging.HttpLoggingFilter - Response payload: []
2026-01-07 19:31:50.238 [39mDEBUG[0;39m [90ac7d2d-375d-48f4-a7e2-b1279ae36b7e] [http-nio-8081-exec-2] c.b.c.logging.MethodLoggingAspect - Controller enter: StoreDiscoveryController.stores(..) args=[null, null]
2026-01-07 19:31:50.238 [34mINFO [0;39m [90ac7d2d-375d-48f4-a7e2-b1279ae36b7e] [http-nio-8081-exec-2] c.b.web.StoreDiscoveryController - Discover stores: tenant=demo-store search=null category=null
2026-01-07 19:31:50.242 [39mDEBUG[0;39m [90ac7d2d-375d-48f4-a7e2-b1279ae36b7e] [http-nio-8081-exec-2] c.b.c.logging.MethodLoggingAspect - Factory enter: FactoryProvider.getFactory() args=[]
2026-01-07 19:31:50.242 [34mINFO [0;39m [90ac7d2d-375d-48f4-a7e2-b1279ae36b7e] [http-nio-8081-exec-2] c.b.c.logging.MethodLoggingAspect - Factory exit: FactoryProvider.getFactory() (0 ms)
2026-01-07 19:31:50.242 [39mDEBUG[0;39m [90ac7d2d-375d-48f4-a7e2-b1279ae36b7e] [http-nio-8081-exec-2] c.b.c.logging.MethodLoggingAspect - Factory result: FactoryProvider.getFactory() => DefaultStorefrontFactory$$SpringCGLIB$$0(com.bharatshop.factory.impl.DefaultStorefrontFactory@30b35687)
2026-01-07 19:31:50.242 [39mDEBUG[0;39m [90ac7d2d-375d-48f4-a7e2-b1279ae36b7e] [http-nio-8081-exec-2] c.b.c.logging.MethodLoggingAspect - Factory enter: DefaultStorefrontFactory.stores() args=[]
2026-01-07 19:31:50.243 [34mINFO [0;39m [90ac7d2d-375d-48f4-a7e2-b1279ae36b7e] [http-nio-8081-exec-2] c.b.c.logging.MethodLoggingAspect - Factory exit: DefaultStorefrontFactory.stores() (1 ms)
2026-01-07 19:31:50.244 [39mDEBUG[0;39m [90ac7d2d-375d-48f4-a7e2-b1279ae36b7e] [http-nio-8081-exec-2] c.b.c.logging.MethodLoggingAspect - Factory result: DefaultStorefrontFactory.stores() => (com.bharatshop.factory.impl.DefaultStorefrontFactory$2@1379f985)
2026-01-07 19:31:50.244 [39mDEBUG[0;39m [90ac7d2d-375d-48f4-a7e2-b1279ae36b7e] [http-nio-8081-exec-2] c.b.c.logging.MethodLoggingAspect - Service enter: StoreService.list(..) args=[null, null]
2026-01-07 19:31:50.250 [34mINFO [0;39m [90ac7d2d-375d-48f4-a7e2-b1279ae36b7e] [http-nio-8081-exec-2] c.b.c.logging.MethodLoggingAspect - Service exit: StoreService.list(..) (6 ms)
2026-01-07 19:31:50.250 [39mDEBUG[0;39m [90ac7d2d-375d-48f4-a7e2-b1279ae36b7e] [http-nio-8081-exec-2] c.b.c.logging.MethodLoggingAspect - Service result: StoreService.list(..) => ArrayList[size=3]
2026-01-07 19:31:50.250 [34mINFO [0;39m [90ac7d2d-375d-48f4-a7e2-b1279ae36b7e] [http-nio-8081-exec-2] c.b.c.logging.MethodLoggingAspect - Controller exit: StoreDiscoveryController.stores(..) -> status=200 (12 ms)
2026-01-07 19:31:50.252 [39mDEBUG[0;39m [90ac7d2d-375d-48f4-a7e2-b1279ae36b7e] [http-nio-8081-exec-2] c.b.c.logging.MethodLoggingAspect - Controller result: StoreDiscoveryController.stores(..) => ResponseEntity(status=200)
2026-01-07 19:31:50.252 [34mINFO [0;39m [90ac7d2d-375d-48f4-a7e2-b1279ae36b7e] [http-nio-8081-exec-2] c.b.config.logging.HttpLoggingFilter - GET /api/stores?city=Balrampur&lat=27.4235392&lon=82.1854208&lng=82.1854208 -> 200 (18 ms)
2026-01-07 19:31:50.252 [34mINFO [0;39m [90ac7d2d-375d-48f4-a7e2-b1279ae36b7e] [http-nio-8081-exec-2] c.b.config.logging.HttpLoggingFilter - Headers: auth=present content-type=null accept=application/json, text/plain, */*
2026-01-07 19:31:50.252 [34mINFO [0;39m [90ac7d2d-375d-48f4-a7e2-b1279ae36b7e] [http-nio-8081-exec-2] c.b.config.logging.HttpLoggingFilter - Response payload: [{"id":"9d72b824-254a-4055-b893-eca7fbb44c7e","name":"City Pharmacy","area":"Brigade","category":"pharmacy","status":"open","orderingDisabled":false,"updatedAt":"2026-01-07T13:52:45.314753Z"},{"id":"fcc0735f-7395-4acc-a086-40195c7ff4c1","name":"Fresh Mart","area":"MG Road","category":"grocery","status":"open","orderingDisabled":false,"updatedAt":"2026-01-07T13:52:45.229915Z"},{"id":"e3a21b9e-4c25-4ef4-928d-0c2b3c7d8830","name":"Sunrise Hotel","area":"Beach","category":"hospitality","status":"open","orderingDisabled":false,"updatedAt":"2026-01-07T13:52:45.318432Z"}]
2026-01-07 19:31:51.049 [39mDEBUG[0;39m [da13b0de-dafc-44e7-87d4-ba491c9fb7c0] [http-nio-8081-exec-3] c.b.c.logging.MethodLoggingAspect - Controller enter: StoreDiscoveryController.getStore(..) args=[fcc0735f-7395-4acc-a086-40195c7ff4c1]
2026-01-07 19:31:51.049 [34mINFO [0;39m [da13b0de-dafc-44e7-87d4-ba491c9fb7c0] [http-nio-8081-exec-3] c.b.web.StoreDiscoveryController - Get store: tenant=demo-store id=fcc0735f-7395-4acc-a086-40195c7ff4c1
2026-01-07 19:31:51.049 [39mDEBUG[0;39m [da13b0de-dafc-44e7-87d4-ba491c9fb7c0] [http-nio-8081-exec-3] c.b.c.logging.MethodLoggingAspect - Factory enter: FactoryProvider.getFactory() args=[]
2026-01-07 19:31:51.051 [34mINFO [0;39m [da13b0de-dafc-44e7-87d4-ba491c9fb7c0] [http-nio-8081-exec-3] c.b.c.logging.MethodLoggingAspect - Factory exit: FactoryProvider.getFactory() (2 ms)
2026-01-07 19:31:51.051 [39mDEBUG[0;39m [da13b0de-dafc-44e7-87d4-ba491c9fb7c0] [http-nio-8081-exec-3] c.b.c.logging.MethodLoggingAspect - Factory result: FactoryProvider.getFactory() => DefaultStorefrontFactory$$SpringCGLIB$$0(com.bharatshop.factory.impl.DefaultStorefrontFactory@30b35687)
2026-01-07 19:31:51.051 [39mDEBUG[0;39m [da13b0de-dafc-44e7-87d4-ba491c9fb7c0] [http-nio-8081-exec-3] c.b.c.logging.MethodLoggingAspect - Factory enter: DefaultStorefrontFactory.stores() args=[]
2026-01-07 19:31:51.051 [34mINFO [0;39m [da13b0de-dafc-44e7-87d4-ba491c9fb7c0] [http-nio-8081-exec-3] c.b.c.logging.MethodLoggingAspect - Factory exit: DefaultStorefrontFactory.stores() (0 ms)
2026-01-07 19:31:51.051 [39mDEBUG[0;39m [da13b0de-dafc-44e7-87d4-ba491c9fb7c0] [http-nio-8081-exec-3] c.b.c.logging.MethodLoggingAspect - Factory result: DefaultStorefrontFactory.stores() => (com.bharatshop.factory.impl.DefaultStorefrontFactory$2@4d78b46b)
2026-01-07 19:31:51.051 [39mDEBUG[0;39m [da13b0de-dafc-44e7-87d4-ba491c9fb7c0] [http-nio-8081-exec-3] c.b.c.logging.MethodLoggingAspect - Service enter: StoreService.get(..) args=[fcc0735f-7395-4acc-a086-40195c7ff4c1]
2026-01-07 19:31:51.055 [34mINFO [0;39m [da13b0de-dafc-44e7-87d4-ba491c9fb7c0] [http-nio-8081-exec-3] c.b.c.logging.MethodLoggingAspect - Service exit: StoreService.get(..) (4 ms)
2026-01-07 19:31:51.055 [39mDEBUG[0;39m [9a672329-4042-47fb-aee4-1eeae6adb7f2] [http-nio-8081-exec-4] c.b.c.logging.MethodLoggingAspect - Controller enter: StoreDiscoveryController.productsByStore(..) args=[fcc0735f-7395-4acc-a086-40195c7ff4c1]
2026-01-07 19:31:51.058 [39mDEBUG[0;39m [da13b0de-dafc-44e7-87d4-ba491c9fb7c0] [http-nio-8081-exec-3] c.b.c.logging.MethodLoggingAspect - Service result: StoreService.get(..) => Store(com.bharatshop.domain.Store@55f95ded)
2026-01-07 19:31:51.058 [34mINFO [0;39m [9a672329-4042-47fb-aee4-1eeae6adb7f2] [http-nio-8081-exec-4] c.b.web.StoreDiscoveryController - Products by store: tenant=demo-store storeId=fcc0735f-7395-4acc-a086-40195c7ff4c1
2026-01-07 19:31:51.060 [39mDEBUG[0;39m [9a672329-4042-47fb-aee4-1eeae6adb7f2] [http-nio-8081-exec-4] c.b.c.logging.MethodLoggingAspect - Factory enter: FactoryProvider.getFactory() args=[]
2026-01-07 19:31:51.058 [34mINFO [0;39m [da13b0de-dafc-44e7-87d4-ba491c9fb7c0] [http-nio-8081-exec-3] c.b.web.StoreDiscoveryController - Get store success: id=fcc0735f-7395-4acc-a086-40195c7ff4c1 name=Fresh Mart 
2026-01-07 19:31:51.060 [34mINFO [0;39m [9a672329-4042-47fb-aee4-1eeae6adb7f2] [http-nio-8081-exec-4] c.b.c.logging.MethodLoggingAspect - Factory exit: FactoryProvider.getFactory() (0 ms)
2026-01-07 19:31:51.060 [34mINFO [0;39m [da13b0de-dafc-44e7-87d4-ba491c9fb7c0] [http-nio-8081-exec-3] c.b.c.logging.MethodLoggingAspect - Controller exit: StoreDiscoveryController.getStore(..) -> status=200 (11 ms)
2026-01-07 19:31:51.062 [39mDEBUG[0;39m [da13b0de-dafc-44e7-87d4-ba491c9fb7c0] [http-nio-8081-exec-3] c.b.c.logging.MethodLoggingAspect - Controller result: StoreDiscoveryController.getStore(..) => ResponseEntity(status=200)
2026-01-07 19:31:51.062 [39mDEBUG[0;39m [9a672329-4042-47fb-aee4-1eeae6adb7f2] [http-nio-8081-exec-4] c.b.c.logging.MethodLoggingAspect - Factory result: FactoryProvider.getFactory() => DefaultStorefrontFactory$$SpringCGLIB$$0(com.bharatshop.factory.impl.DefaultStorefrontFactory@30b35687)
2026-01-07 19:31:51.062 [39mDEBUG[0;39m [9a672329-4042-47fb-aee4-1eeae6adb7f2] [http-nio-8081-exec-4] c.b.c.logging.MethodLoggingAspect - Factory enter: DefaultStorefrontFactory.products() args=[]
2026-01-07 19:31:51.062 [34mINFO [0;39m [9a672329-4042-47fb-aee4-1eeae6adb7f2] [http-nio-8081-exec-4] c.b.c.logging.MethodLoggingAspect - Factory exit: DefaultStorefrontFactory.products() (0 ms)
2026-01-07 19:31:51.064 [39mDEBUG[0;39m [9a672329-4042-47fb-aee4-1eeae6adb7f2] [http-nio-8081-exec-4] c.b.c.logging.MethodLoggingAspect - Factory result: DefaultStorefrontFactory.products() => (com.bharatshop.factory.impl.DefaultStorefrontFactory$1@5149600c)
2026-01-07 19:31:51.064 [39mDEBUG[0;39m [9a672329-4042-47fb-aee4-1eeae6adb7f2] [http-nio-8081-exec-4] c.b.c.logging.MethodLoggingAspect - Service enter: ProductService.getByStore(..) args=[fcc0735f-7395-4acc-a086-40195c7ff4c1]
2026-01-07 19:31:51.064 [34mINFO [0;39m [da13b0de-dafc-44e7-87d4-ba491c9fb7c0] [http-nio-8081-exec-3] c.b.config.logging.HttpLoggingFilter - GET /api/stores/fcc0735f-7395-4acc-a086-40195c7ff4c1 -> 200 (20 ms)
2026-01-07 19:31:51.064 [34mINFO [0;39m [da13b0de-dafc-44e7-87d4-ba491c9fb7c0] [http-nio-8081-exec-3] c.b.config.logging.HttpLoggingFilter - Headers: auth=present content-type=null accept=application/json, text/plain, */*
2026-01-07 19:31:51.064 [34mINFO [0;39m [da13b0de-dafc-44e7-87d4-ba491c9fb7c0] [http-nio-8081-exec-3] c.b.config.logging.HttpLoggingFilter - Response payload: {"id":"fcc0735f-7395-4acc-a086-40195c7ff4c1","name":"Fresh Mart","area":"MG Road","category":"grocery","status":"open","orderingDisabled":false,"updatedAt":"2026-01-07T13:52:45.229915Z"}
2026-01-07 19:31:51.069 [34mINFO [0;39m [9a672329-4042-47fb-aee4-1eeae6adb7f2] [http-nio-8081-exec-4] c.b.c.logging.MethodLoggingAspect - Service exit: ProductService.getByStore(..) (5 ms)
2026-01-07 19:31:51.069 [39mDEBUG[0;39m [9a672329-4042-47fb-aee4-1eeae6adb7f2] [http-nio-8081-exec-4] c.b.c.logging.MethodLoggingAspect - Service result: ProductService.getByStore(..) => ArrayList[size=2]
2026-01-07 19:31:51.072 [34mINFO [0;39m [9a672329-4042-47fb-aee4-1eeae6adb7f2] [http-nio-8081-exec-4] c.b.c.logging.MethodLoggingAspect - Controller exit: StoreDiscoveryController.productsByStore(..) -> status=200 (17 ms)
2026-01-07 19:31:51.072 [39mDEBUG[0;39m [9a672329-4042-47fb-aee4-1eeae6adb7f2] [http-nio-8081-exec-4] c.b.c.logging.MethodLoggingAspect - Controller result: StoreDiscoveryController.productsByStore(..) => ResponseEntity(status=200)
2026-01-07 19:31:51.074 [34mINFO [0;39m [9a672329-4042-47fb-aee4-1eeae6adb7f2] [http-nio-8081-exec-4] c.b.config.logging.HttpLoggingFilter - GET /api/products?storeId=fcc0735f-7395-4acc-a086-40195c7ff4c1 -> 200 (19 ms)
2026-01-07 19:31:51.076 [34mINFO [0;39m [9a672329-4042-47fb-aee4-1eeae6adb7f2] [http-nio-8081-exec-4] c.b.config.logging.HttpLoggingFilter - Headers: auth=present content-type=null accept=application/json, text/plain, */*
2026-01-07 19:31:51.076 [34mINFO [0;39m [9a672329-4042-47fb-aee4-1eeae6adb7f2] [http-nio-8081-exec-4] c.b.config.logging.HttpLoggingFilter - Response payload: [{"id":"e978470f-4e11-4926-9c42-0ba9277a6b61","name":"Apples","price":120.0,"category":"fruits","storeId":"fcc0735f-7395-4acc-a086-40195c7ff4c1","active":true},{"id":"3a1ae6d6-e375-4abf-bd78-70ef78ffc8b6","name":"Milk","price":60.0,"category":"dairy","storeId":"fcc0735f-7395-4acc-a086-40195c7ff4c1","active":true}]
2026-01-07 19:31:51.366 [39mDEBUG[0;39m [07011023-74e5-423c-91f6-f7b5fef1c35e] [http-nio-8081-exec-6] c.b.c.logging.MethodLoggingAspect - Controller enter: StoreDiscoveryController.getStore(..) args=[9d72b824-254a-4055-b893-eca7fbb44c7e]
2026-01-07 19:31:51.366 [34mINFO [0;39m [07011023-74e5-423c-91f6-f7b5fef1c35e] [http-nio-8081-exec-6] c.b.web.StoreDiscoveryController - Get store: tenant=demo-store id=9d72b824-254a-4055-b893-eca7fbb44c7e
2026-01-07 19:31:51.366 [39mDEBUG[0;39m [07011023-74e5-423c-91f6-f7b5fef1c35e] [http-nio-8081-exec-6] c.b.c.logging.MethodLoggingAspect - Factory enter: FactoryProvider.getFactory() args=[]
2026-01-07 19:31:51.366 [34mINFO [0;39m [07011023-74e5-423c-91f6-f7b5fef1c35e] [http-nio-8081-exec-6] c.b.c.logging.MethodLoggingAspect - Factory exit: FactoryProvider.getFactory() (0 ms)
2026-01-07 19:31:51.368 [39mDEBUG[0;39m [07011023-74e5-423c-91f6-f7b5fef1c35e] [http-nio-8081-exec-6] c.b.c.logging.MethodLoggingAspect - Factory result: FactoryProvider.getFactory() => DefaultStorefrontFactory$$SpringCGLIB$$0(com.bharatshop.factory.impl.DefaultStorefrontFactory@30b35687)
2026-01-07 19:31:51.368 [39mDEBUG[0;39m [07011023-74e5-423c-91f6-f7b5fef1c35e] [http-nio-8081-exec-6] c.b.c.logging.MethodLoggingAspect - Factory enter: DefaultStorefrontFactory.stores() args=[]
2026-01-07 19:31:51.368 [34mINFO [0;39m [07011023-74e5-423c-91f6-f7b5fef1c35e] [http-nio-8081-exec-6] c.b.c.logging.MethodLoggingAspect - Factory exit: DefaultStorefrontFactory.stores() (0 ms)
2026-01-07 19:31:51.368 [39mDEBUG[0;39m [07011023-74e5-423c-91f6-f7b5fef1c35e] [http-nio-8081-exec-6] c.b.c.logging.MethodLoggingAspect - Factory result: DefaultStorefrontFactory.stores() => (com.bharatshop.factory.impl.DefaultStorefrontFactory$2@771340b4)
2026-01-07 19:31:51.368 [39mDEBUG[0;39m [07011023-74e5-423c-91f6-f7b5fef1c35e] [http-nio-8081-exec-6] c.b.c.logging.MethodLoggingAspect - Service enter: StoreService.get(..) args=[9d72b824-254a-4055-b893-eca7fbb44c7e]
2026-01-07 19:31:51.374 [34mINFO [0;39m [07011023-74e5-423c-91f6-f7b5fef1c35e] [http-nio-8081-exec-6] c.b.c.logging.MethodLoggingAspect - Service exit: StoreService.get(..) (6 ms)
2026-01-07 19:31:51.374 [39mDEBUG[0;39m [07011023-74e5-423c-91f6-f7b5fef1c35e] [http-nio-8081-exec-6] c.b.c.logging.MethodLoggingAspect - Service result: StoreService.get(..) => Store(com.bharatshop.domain.Store@5cc61593)
2026-01-07 19:31:51.374 [34mINFO [0;39m [07011023-74e5-423c-91f6-f7b5fef1c35e] [http-nio-8081-exec-6] c.b.web.StoreDiscoveryController - Get store success: id=9d72b824-254a-4055-b893-eca7fbb44c7e name=City Pharmacy 
2026-01-07 19:31:51.377 [34mINFO [0;39m [07011023-74e5-423c-91f6-f7b5fef1c35e] [http-nio-8081-exec-6] c.b.c.logging.MethodLoggingAspect - Controller exit: StoreDiscoveryController.getStore(..) -> status=200 (13 ms)
2026-01-07 19:31:51.377 [39mDEBUG[0;39m [07011023-74e5-423c-91f6-f7b5fef1c35e] [http-nio-8081-exec-6] c.b.c.logging.MethodLoggingAspect - Controller result: StoreDiscoveryController.getStore(..) => ResponseEntity(status=200)
2026-01-07 19:31:51.377 [34mINFO [0;39m [07011023-74e5-423c-91f6-f7b5fef1c35e] [http-nio-8081-exec-6] c.b.config.logging.HttpLoggingFilter - GET /api/stores/9d72b824-254a-4055-b893-eca7fbb44c7e -> 200 (16 ms)
2026-01-07 19:31:51.377 [34mINFO [0;39m [07011023-74e5-423c-91f6-f7b5fef1c35e] [http-nio-8081-exec-6] c.b.config.logging.HttpLoggingFilter - Headers: auth=present content-type=null accept=application/json, text/plain, */*
2026-01-07 19:31:51.377 [34mINFO [0;39m [07011023-74e5-423c-91f6-f7b5fef1c35e] [http-nio-8081-exec-6] c.b.config.logging.HttpLoggingFilter - Response payload: {"id":"9d72b824-254a-4055-b893-eca7fbb44c7e","name":"City Pharmacy","area":"Brigade","category":"pharmacy","status":"open","orderingDisabled":false,"updatedAt":"2026-01-07T13:52:45.314753Z"}
2026-01-07 19:31:51.385 [39mDEBUG[0;39m [b26127f2-94f5-4011-a74a-c494e38c04cc] [http-nio-8081-exec-5] c.b.c.logging.MethodLoggingAspect - Controller enter: StoreDiscoveryController.productsByStore(..) args=[9d72b824-254a-4055-b893-eca7fbb44c7e]
2026-01-07 19:31:51.385 [34mINFO [0;39m [b26127f2-94f5-4011-a74a-c494e38c04cc] [http-nio-8081-exec-5] c.b.web.StoreDiscoveryController - Products by store: tenant=demo-store storeId=9d72b824-254a-4055-b893-eca7fbb44c7e
2026-01-07 19:31:51.385 [39mDEBUG[0;39m [b26127f2-94f5-4011-a74a-c494e38c04cc] [http-nio-8081-exec-5] c.b.c.logging.MethodLoggingAspect - Factory enter: FactoryProvider.getFactory() args=[]
2026-01-07 19:31:51.388 [34mINFO [0;39m [b26127f2-94f5-4011-a74a-c494e38c04cc] [http-nio-8081-exec-5] c.b.c.logging.MethodLoggingAspect - Factory exit: FactoryProvider.getFactory() (3 ms)
2026-01-07 19:31:51.388 [39mDEBUG[0;39m [b26127f2-94f5-4011-a74a-c494e38c04cc] [http-nio-8081-exec-5] c.b.c.logging.MethodLoggingAspect - Factory result: FactoryProvider.getFactory() => DefaultStorefrontFactory$$SpringCGLIB$$0(com.bharatshop.factory.impl.DefaultStorefrontFactory@30b35687)
2026-01-07 19:31:51.388 [39mDEBUG[0;39m [b26127f2-94f5-4011-a74a-c494e38c04cc] [http-nio-8081-exec-5] c.b.c.logging.MethodLoggingAspect - Factory enter: DefaultStorefrontFactory.products() args=[]
2026-01-07 19:31:51.388 [34mINFO [0;39m [b26127f2-94f5-4011-a74a-c494e38c04cc] [http-nio-8081-exec-5] c.b.c.logging.MethodLoggingAspect - Factory exit: DefaultStorefrontFactory.products() (0 ms)
2026-01-07 19:31:51.388 [39mDEBUG[0;39m [b26127f2-94f5-4011-a74a-c494e38c04cc] [http-nio-8081-exec-5] c.b.c.logging.MethodLoggingAspect - Factory result: DefaultStorefrontFactory.products() => (com.bharatshop.factory.impl.DefaultStorefrontFactory$1@53c2aed3)
2026-01-07 19:31:51.388 [39mDEBUG[0;39m [b26127f2-94f5-4011-a74a-c494e38c04cc] [http-nio-8081-exec-5] c.b.c.logging.MethodLoggingAspect - Service enter: ProductService.getByStore(..) args=[9d72b824-254a-4055-b893-eca7fbb44c7e]
2026-01-07 19:31:51.396 [34mINFO [0;39m [b26127f2-94f5-4011-a74a-c494e38c04cc] [http-nio-8081-exec-5] c.b.c.logging.MethodLoggingAspect - Service exit: ProductService.getByStore(..) (8 ms)
2026-01-07 19:31:51.396 [39mDEBUG[0;39m [b26127f2-94f5-4011-a74a-c494e38c04cc] [http-nio-8081-exec-5] c.b.c.logging.MethodLoggingAspect - Service result: ProductService.getByStore(..) => ArrayList[size=1]
2026-01-07 19:31:51.398 [34mINFO [0;39m [b26127f2-94f5-4011-a74a-c494e38c04cc] [http-nio-8081-exec-5] c.b.c.logging.MethodLoggingAspect - Controller exit: StoreDiscoveryController.productsByStore(..) -> status=200 (13 ms)
2026-01-07 19:31:51.398 [39mDEBUG[0;39m [b26127f2-94f5-4011-a74a-c494e38c04cc] [http-nio-8081-exec-5] c.b.c.logging.MethodLoggingAspect - Controller result: StoreDiscoveryController.productsByStore(..) => ResponseEntity(status=200)
2026-01-07 19:31:51.400 [34mINFO [0;39m [b26127f2-94f5-4011-a74a-c494e38c04cc] [http-nio-8081-exec-5] c.b.config.logging.HttpLoggingFilter - GET /api/products?storeId=9d72b824-254a-4055-b893-eca7fbb44c7e -> 200 (17 ms)
2026-01-07 19:31:51.402 [34mINFO [0;39m [b26127f2-94f5-4011-a74a-c494e38c04cc] [http-nio-8081-exec-5] c.b.config.logging.HttpLoggingFilter - Headers: auth=present content-type=null accept=application/json, text/plain, */*
2026-01-07 19:31:51.402 [34mINFO [0;39m [b26127f2-94f5-4011-a74a-c494e38c04cc] [http-nio-8081-exec-5] c.b.config.logging.HttpLoggingFilter - Response payload: [{"id":"efd3eee1-f2e3-4c6d-b11b-0da02e40c4b3","name":"Paracetamol","price":35.0,"category":"medicine","storeId":"9d72b824-254a-4055-b893-eca7fbb44c7e","active":true}]
2026-01-07 19:32:22.478 [39mDEBUG[0;39m [2c6bf616-ab1a-4631-8665-d6bdf76ad1c7] [http-nio-8081-exec-8] c.b.c.logging.MethodLoggingAspect - Controller enter: StoreDiscoveryController.stores(..) args=[null, null]
2026-01-07 19:32:22.480 [34mINFO [0;39m [2c6bf616-ab1a-4631-8665-d6bdf76ad1c7] [http-nio-8081-exec-8] c.b.web.StoreDiscoveryController - Discover stores: tenant=demo-store search=null category=null
2026-01-07 19:32:22.481 [39mDEBUG[0;39m [2c6bf616-ab1a-4631-8665-d6bdf76ad1c7] [http-nio-8081-exec-8] c.b.c.logging.MethodLoggingAspect - Factory enter: FactoryProvider.getFactory() args=[]
2026-01-07 19:32:22.481 [34mINFO [0;39m [2c6bf616-ab1a-4631-8665-d6bdf76ad1c7] [http-nio-8081-exec-8] c.b.c.logging.MethodLoggingAspect - Factory exit: FactoryProvider.getFactory() (0 ms)
2026-01-07 19:32:22.482 [39mDEBUG[0;39m [2c6bf616-ab1a-4631-8665-d6bdf76ad1c7] [http-nio-8081-exec-8] c.b.c.logging.MethodLoggingAspect - Factory result: FactoryProvider.getFactory() => DefaultStorefrontFactory$$SpringCGLIB$$0(com.bharatshop.factory.impl.DefaultStorefrontFactory@30b35687)
2026-01-07 19:32:22.482 [39mDEBUG[0;39m [2c6bf616-ab1a-4631-8665-d6bdf76ad1c7] [http-nio-8081-exec-8] c.b.c.logging.MethodLoggingAspect - Factory enter: DefaultStorefrontFactory.stores() args=[]
2026-01-07 19:32:22.482 [34mINFO [0;39m [2c6bf616-ab1a-4631-8665-d6bdf76ad1c7] [http-nio-8081-exec-8] c.b.c.logging.MethodLoggingAspect - Factory exit: DefaultStorefrontFactory.stores() (0 ms)
2026-01-07 19:32:22.482 [39mDEBUG[0;39m [2c6bf616-ab1a-4631-8665-d6bdf76ad1c7] [http-nio-8081-exec-8] c.b.c.logging.MethodLoggingAspect - Factory result: DefaultStorefrontFactory.stores() => (com.bharatshop.factory.impl.DefaultStorefrontFactory$2@51be00f)
2026-01-07 19:32:22.482 [39mDEBUG[0;39m [2c6bf616-ab1a-4631-8665-d6bdf76ad1c7] [http-nio-8081-exec-8] c.b.c.logging.MethodLoggingAspect - Service enter: StoreService.list(..) args=[null, null]
2026-01-07 19:32:22.489 [34mINFO [0;39m [2c6bf616-ab1a-4631-8665-d6bdf76ad1c7] [http-nio-8081-exec-8] c.b.c.logging.MethodLoggingAspect - Service exit: StoreService.list(..) (7 ms)
2026-01-07 19:32:22.493 [39mDEBUG[0;39m [2c6bf616-ab1a-4631-8665-d6bdf76ad1c7] [http-nio-8081-exec-8] c.b.c.logging.MethodLoggingAspect - Service result: StoreService.list(..) => ArrayList[size=3]
2026-01-07 19:32:22.493 [34mINFO [0;39m [2c6bf616-ab1a-4631-8665-d6bdf76ad1c7] [http-nio-8081-exec-8] c.b.c.logging.MethodLoggingAspect - Controller exit: StoreDiscoveryController.stores(..) -> status=200 (15 ms)
2026-01-07 19:32:22.493 [39mDEBUG[0;39m [2c6bf616-ab1a-4631-8665-d6bdf76ad1c7] [http-nio-8081-exec-8] c.b.c.logging.MethodLoggingAspect - Controller result: StoreDiscoveryController.stores(..) => ResponseEntity(status=200)
2026-01-07 19:32:22.497 [34mINFO [0;39m [2c6bf616-ab1a-4631-8665-d6bdf76ad1c7] [http-nio-8081-exec-8] c.b.config.logging.HttpLoggingFilter - GET /api/stores?city=Balrampur&lat=27.4235392&lon=82.1854208&lng=82.1854208 -> 200 (19 ms)
2026-01-07 19:32:22.497 [34mINFO [0;39m [2c6bf616-ab1a-4631-8665-d6bdf76ad1c7] [http-nio-8081-exec-8] c.b.config.logging.HttpLoggingFilter - Headers: auth=present content-type=null accept=application/json, text/plain, */*
2026-01-07 19:32:22.497 [34mINFO [0;39m [2c6bf616-ab1a-4631-8665-d6bdf76ad1c7] [http-nio-8081-exec-8] c.b.config.logging.HttpLoggingFilter - Response payload: [{"id":"9d72b824-254a-4055-b893-eca7fbb44c7e","name":"City Pharmacy","area":"Brigade","category":"pharmacy","status":"open","orderingDisabled":false,"updatedAt":"2026-01-07T13:52:45.314753Z"},{"id":"fcc0735f-7395-4acc-a086-40195c7ff4c1","name":"Fresh Mart","area":"MG Road","category":"grocery","status":"open","orderingDisabled":false,"updatedAt":"2026-01-07T13:52:45.229915Z"},{"id":"e3a21b9e-4c25-4ef4-928d-0c2b3c7d8830","name":"Sunrise Hotel","area":"Beach","category":"hospitality","status":"open","orderingDisabled":false,"updatedAt":"2026-01-07T13:52:45.318432Z"}]
2026-01-07 19:32:41.078 [39mDEBUG[0;39m [84242cd4-5928-4d48-97c1-bfa29822913b] [http-nio-8081-exec-7] c.b.c.logging.MethodLoggingAspect - Controller enter: StoreDiscoveryController.globalCategories() args=[]
2026-01-07 19:32:41.080 [34mINFO [0;39m [84242cd4-5928-4d48-97c1-bfa29822913b] [http-nio-8081-exec-7] c.b.web.StoreDiscoveryController - Global categories requested: tenant=demo-store
2026-01-07 19:32:41.080 [39mDEBUG[0;39m [84242cd4-5928-4d48-97c1-bfa29822913b] [http-nio-8081-exec-7] c.b.c.logging.MethodLoggingAspect - Factory enter: FactoryProvider.getFactory() args=[]
2026-01-07 19:32:41.080 [34mINFO [0;39m [84242cd4-5928-4d48-97c1-bfa29822913b] [http-nio-8081-exec-7] c.b.c.logging.MethodLoggingAspect - Factory exit: FactoryProvider.getFactory() (0 ms)
2026-01-07 19:32:41.080 [39mDEBUG[0;39m [84242cd4-5928-4d48-97c1-bfa29822913b] [http-nio-8081-exec-7] c.b.c.logging.MethodLoggingAspect - Factory result: FactoryProvider.getFactory() => DefaultStorefrontFactory$$SpringCGLIB$$0(com.bharatshop.factory.impl.DefaultStorefrontFactory@30b35687)
2026-01-07 19:32:41.081 [39mDEBUG[0;39m [84242cd4-5928-4d48-97c1-bfa29822913b] [http-nio-8081-exec-7] c.b.c.logging.MethodLoggingAspect - Factory enter: DefaultStorefrontFactory.products() args=[]
2026-01-07 19:32:41.082 [34mINFO [0;39m [84242cd4-5928-4d48-97c1-bfa29822913b] [http-nio-8081-exec-7] c.b.c.logging.MethodLoggingAspect - Factory exit: DefaultStorefrontFactory.products() (1 ms)
2026-01-07 19:32:41.082 [39mDEBUG[0;39m [84242cd4-5928-4d48-97c1-bfa29822913b] [http-nio-8081-exec-7] c.b.c.logging.MethodLoggingAspect - Factory result: DefaultStorefrontFactory.products() => (com.bharatshop.factory.impl.DefaultStorefrontFactory$1@356be526)
2026-01-07 19:32:41.082 [39mDEBUG[0;39m [84242cd4-5928-4d48-97c1-bfa29822913b] [http-nio-8081-exec-7] c.b.c.logging.MethodLoggingAspect - Service enter: ProductService.categories() args=[]
2026-01-07 19:32:41.092 [34mINFO [0;39m [84242cd4-5928-4d48-97c1-bfa29822913b] [http-nio-8081-exec-7] c.b.c.logging.MethodLoggingAspect - Service exit: ProductService.categories() (10 ms)
2026-01-07 19:32:41.092 [39mDEBUG[0;39m [84242cd4-5928-4d48-97c1-bfa29822913b] [http-nio-8081-exec-7] c.b.c.logging.MethodLoggingAspect - Service result: ProductService.categories() => ArrayList[size=4]
2026-01-07 19:32:41.092 [34mINFO [0;39m [84242cd4-5928-4d48-97c1-bfa29822913b] [http-nio-8081-exec-7] c.b.c.logging.MethodLoggingAspect - Controller exit: StoreDiscoveryController.globalCategories() -> status=200 (14 ms)
2026-01-07 19:32:41.092 [39mDEBUG[0;39m [84242cd4-5928-4d48-97c1-bfa29822913b] [http-nio-8081-exec-7] c.b.c.logging.MethodLoggingAspect - Controller result: StoreDiscoveryController.globalCategories() => ResponseEntity(status=200)
2026-01-07 19:32:41.099 [34mINFO [0;39m [84242cd4-5928-4d48-97c1-bfa29822913b] [http-nio-8081-exec-7] c.b.config.logging.HttpLoggingFilter - GET /api/categories -> 200 (22 ms)
2026-01-07 19:32:41.101 [34mINFO [0;39m [84242cd4-5928-4d48-97c1-bfa29822913b] [http-nio-8081-exec-7] c.b.config.logging.HttpLoggingFilter - Headers: auth=present content-type=null accept=application/json, text/plain, */*
2026-01-07 19:32:41.101 [34mINFO [0;39m [84242cd4-5928-4d48-97c1-bfa29822913b] [http-nio-8081-exec-7] c.b.config.logging.HttpLoggingFilter - Response payload: ["dairy","fruits","medicine","room"]
2026-01-07 19:32:41.120 [39mDEBUG[0;39m [b52f6c21-8cfe-4d5d-bf05-b45b958e64d7] [http-nio-8081-exec-9] c.b.c.logging.MethodLoggingAspect - Controller enter: StoreDiscoveryController.globalCategories() args=[]
2026-01-07 19:32:41.122 [34mINFO [0;39m [b52f6c21-8cfe-4d5d-bf05-b45b958e64d7] [http-nio-8081-exec-9] c.b.web.StoreDiscoveryController - Global categories requested: tenant=demo-store
2026-01-07 19:32:41.122 [39mDEBUG[0;39m [b52f6c21-8cfe-4d5d-bf05-b45b958e64d7] [http-nio-8081-exec-9] c.b.c.logging.MethodLoggingAspect - Factory enter: FactoryProvider.getFactory() args=[]
2026-01-07 19:32:41.122 [34mINFO [0;39m [b52f6c21-8cfe-4d5d-bf05-b45b958e64d7] [http-nio-8081-exec-9] c.b.c.logging.MethodLoggingAspect - Factory exit: FactoryProvider.getFactory() (0 ms)
2026-01-07 19:32:41.124 [39mDEBUG[0;39m [b52f6c21-8cfe-4d5d-bf05-b45b958e64d7] [http-nio-8081-exec-9] c.b.c.logging.MethodLoggingAspect - Factory result: FactoryProvider.getFactory() => DefaultStorefrontFactory$$SpringCGLIB$$0(com.bharatshop.factory.impl.DefaultStorefrontFactory@30b35687)
2026-01-07 19:32:41.124 [39mDEBUG[0;39m [b52f6c21-8cfe-4d5d-bf05-b45b958e64d7] [http-nio-8081-exec-9] c.b.c.logging.MethodLoggingAspect - Factory enter: DefaultStorefrontFactory.products() args=[]
2026-01-07 19:32:41.124 [34mINFO [0;39m [b52f6c21-8cfe-4d5d-bf05-b45b958e64d7] [http-nio-8081-exec-9] c.b.c.logging.MethodLoggingAspect - Factory exit: DefaultStorefrontFactory.products() (0 ms)
2026-01-07 19:32:41.124 [39mDEBUG[0;39m [b52f6c21-8cfe-4d5d-bf05-b45b958e64d7] [http-nio-8081-exec-9] c.b.c.logging.MethodLoggingAspect - Factory result: DefaultStorefrontFactory.products() => (com.bharatshop.factory.impl.DefaultStorefrontFactory$1@363915e3)
2026-01-07 19:32:41.124 [39mDEBUG[0;39m [b52f6c21-8cfe-4d5d-bf05-b45b958e64d7] [http-nio-8081-exec-9] c.b.c.logging.MethodLoggingAspect - Service enter: ProductService.categories() args=[]
2026-01-07 19:32:41.132 [34mINFO [0;39m [b52f6c21-8cfe-4d5d-bf05-b45b958e64d7] [http-nio-8081-exec-9] c.b.c.logging.MethodLoggingAspect - Service exit: ProductService.categories() (8 ms)
2026-01-07 19:32:41.132 [39mDEBUG[0;39m [b52f6c21-8cfe-4d5d-bf05-b45b958e64d7] [http-nio-8081-exec-9] c.b.c.logging.MethodLoggingAspect - Service result: ProductService.categories() => ArrayList[size=4]
2026-01-07 19:32:41.132 [34mINFO [0;39m [b52f6c21-8cfe-4d5d-bf05-b45b958e64d7] [http-nio-8081-exec-9] c.b.c.logging.MethodLoggingAspect - Controller exit: StoreDiscoveryController.globalCategories() -> status=200 (12 ms)
2026-01-07 19:32:41.134 [39mDEBUG[0;39m [b52f6c21-8cfe-4d5d-bf05-b45b958e64d7] [http-nio-8081-exec-9] c.b.c.logging.MethodLoggingAspect - Controller result: StoreDiscoveryController.globalCategories() => ResponseEntity(status=200)
2026-01-07 19:32:41.134 [34mINFO [0;39m [b52f6c21-8cfe-4d5d-bf05-b45b958e64d7] [http-nio-8081-exec-9] c.b.config.logging.HttpLoggingFilter - GET /api/categories -> 200 (14 ms)
2026-01-07 19:32:41.137 [34mINFO [0;39m [b52f6c21-8cfe-4d5d-bf05-b45b958e64d7] [http-nio-8081-exec-9] c.b.config.logging.HttpLoggingFilter - Headers: auth=present content-type=null accept=application/json, text/plain, */*
2026-01-07 19:32:41.137 [34mINFO [0;39m [b52f6c21-8cfe-4d5d-bf05-b45b958e64d7] [http-nio-8081-exec-9] c.b.config.logging.HttpLoggingFilter - Response payload: ["dairy","fruits","medicine","room"]
2026-01-07 19:32:43.819 [39mDEBUG[0;39m [801eeb65-3f9a-470e-acff-bb78d9c5e99d] [http-nio-8081-exec-10] c.b.c.logging.MethodLoggingAspect - Controller enter: StoreDiscoveryController.stores(..) args=[null, null]
2026-01-07 19:32:43.821 [34mINFO [0;39m [801eeb65-3f9a-470e-acff-bb78d9c5e99d] [http-nio-8081-exec-10] c.b.web.StoreDiscoveryController - Discover stores: tenant=demo-store search=null category=null
2026-01-07 19:32:43.821 [39mDEBUG[0;39m [801eeb65-3f9a-470e-acff-bb78d9c5e99d] [http-nio-8081-exec-10] c.b.c.logging.MethodLoggingAspect - Factory enter: FactoryProvider.getFactory() args=[]
2026-01-07 19:32:43.821 [34mINFO [0;39m [801eeb65-3f9a-470e-acff-bb78d9c5e99d] [http-nio-8081-exec-10] c.b.c.logging.MethodLoggingAspect - Factory exit: FactoryProvider.getFactory() (0 ms)
2026-01-07 19:32:43.821 [39mDEBUG[0;39m [801eeb65-3f9a-470e-acff-bb78d9c5e99d] [http-nio-8081-exec-10] c.b.c.logging.MethodLoggingAspect - Factory result: FactoryProvider.getFactory() => DefaultStorefrontFactory$$SpringCGLIB$$0(com.bharatshop.factory.impl.DefaultStorefrontFactory@30b35687)
2026-01-07 19:32:43.823 [39mDEBUG[0;39m [801eeb65-3f9a-470e-acff-bb78d9c5e99d] [http-nio-8081-exec-10] c.b.c.logging.MethodLoggingAspect - Factory enter: DefaultStorefrontFactory.stores() args=[]
2026-01-07 19:32:43.823 [34mINFO [0;39m [801eeb65-3f9a-470e-acff-bb78d9c5e99d] [http-nio-8081-exec-10] c.b.c.logging.MethodLoggingAspect - Factory exit: DefaultStorefrontFactory.stores() (0 ms)
2026-01-07 19:32:43.823 [39mDEBUG[0;39m [801eeb65-3f9a-470e-acff-bb78d9c5e99d] [http-nio-8081-exec-10] c.b.c.logging.MethodLoggingAspect - Factory result: DefaultStorefrontFactory.stores() => (com.bharatshop.factory.impl.DefaultStorefrontFactory$2@1f2acc5d)
2026-01-07 19:32:43.825 [39mDEBUG[0;39m [801eeb65-3f9a-470e-acff-bb78d9c5e99d] [http-nio-8081-exec-10] c.b.c.logging.MethodLoggingAspect - Service enter: StoreService.list(..) args=[null, null]
2026-01-07 19:32:43.834 [34mINFO [0;39m [801eeb65-3f9a-470e-acff-bb78d9c5e99d] [http-nio-8081-exec-10] c.b.c.logging.MethodLoggingAspect - Service exit: StoreService.list(..) (9 ms)
2026-01-07 19:32:43.836 [39mDEBUG[0;39m [801eeb65-3f9a-470e-acff-bb78d9c5e99d] [http-nio-8081-exec-10] c.b.c.logging.MethodLoggingAspect - Service result: StoreService.list(..) => ArrayList[size=3]
2026-01-07 19:32:43.836 [34mINFO [0;39m [801eeb65-3f9a-470e-acff-bb78d9c5e99d] [http-nio-8081-exec-10] c.b.c.logging.MethodLoggingAspect - Controller exit: StoreDiscoveryController.stores(..) -> status=200 (17 ms)
2026-01-07 19:32:43.836 [39mDEBUG[0;39m [801eeb65-3f9a-470e-acff-bb78d9c5e99d] [http-nio-8081-exec-10] c.b.c.logging.MethodLoggingAspect - Controller result: StoreDiscoveryController.stores(..) => ResponseEntity(status=200)
2026-01-07 19:32:43.838 [34mINFO [0;39m [801eeb65-3f9a-470e-acff-bb78d9c5e99d] [http-nio-8081-exec-10] c.b.config.logging.HttpLoggingFilter - GET /api/stores -> 200 (22 ms)
2026-01-07 19:32:43.840 [34mINFO [0;39m [801eeb65-3f9a-470e-acff-bb78d9c5e99d] [http-nio-8081-exec-10] c.b.config.logging.HttpLoggingFilter - Headers: auth=present content-type=null accept=application/json, text/plain, */*
2026-01-07 19:32:43.840 [34mINFO [0;39m [801eeb65-3f9a-470e-acff-bb78d9c5e99d] [http-nio-8081-exec-10] c.b.config.logging.HttpLoggingFilter - Response payload: [{"id":"9d72b824-254a-4055-b893-eca7fbb44c7e","name":"City Pharmacy","area":"Brigade","category":"pharmacy","status":"open","orderingDisabled":false,"updatedAt":"2026-01-07T13:52:45.314753Z"},{"id":"fcc0735f-7395-4acc-a086-40195c7ff4c1","name":"Fresh Mart","area":"MG Road","category":"grocery","status":"open","orderingDisabled":false,"updatedAt":"2026-01-07T13:52:45.229915Z"},{"id":"e3a21b9e-4c25-4ef4-928d-0c2b3c7d8830","name":"Sunrise Hotel","area":"Beach","category":"hospitality","status":"open","orderingDisabled":false,"updatedAt":"2026-01-07T13:52:45.318432Z"}]
2026-01-07 19:33:40.706 [39mDEBUG[0;39m [ab19de61-9aee-4cac-b422-b49619519c97] [http-nio-8081-exec-1] c.b.c.logging.MethodLoggingAspect - Controller enter: StoreDiscoveryController.globalCategories() args=[]
2026-01-07 19:33:40.706 [34mINFO [0;39m [ab19de61-9aee-4cac-b422-b49619519c97] [http-nio-8081-exec-1] c.b.web.StoreDiscoveryController - Global categories requested: tenant=demo-store
2026-01-07 19:33:40.706 [39mDEBUG[0;39m [ab19de61-9aee-4cac-b422-b49619519c97] [http-nio-8081-exec-1] c.b.c.logging.MethodLoggingAspect - Factory enter: FactoryProvider.getFactory() args=[]
2026-01-07 19:33:40.706 [34mINFO [0;39m [ab19de61-9aee-4cac-b422-b49619519c97] [http-nio-8081-exec-1] c.b.c.logging.MethodLoggingAspect - Factory exit: FactoryProvider.getFactory() (0 ms)
2026-01-07 19:33:40.706 [39mDEBUG[0;39m [ab19de61-9aee-4cac-b422-b49619519c97] [http-nio-8081-exec-1] c.b.c.logging.MethodLoggingAspect - Factory result: FactoryProvider.getFactory() => DefaultStorefrontFactory$$SpringCGLIB$$0(com.bharatshop.factory.impl.DefaultStorefrontFactory@30b35687)
2026-01-07 19:33:40.708 [39mDEBUG[0;39m [ab19de61-9aee-4cac-b422-b49619519c97] [http-nio-8081-exec-1] c.b.c.logging.MethodLoggingAspect - Factory enter: DefaultStorefrontFactory.products() args=[]
2026-01-07 19:33:40.708 [34mINFO [0;39m [ab19de61-9aee-4cac-b422-b49619519c97] [http-nio-8081-exec-1] c.b.c.logging.MethodLoggingAspect - Factory exit: DefaultStorefrontFactory.products() (0 ms)
2026-01-07 19:33:40.708 [39mDEBUG[0;39m [ab19de61-9aee-4cac-b422-b49619519c97] [http-nio-8081-exec-1] c.b.c.logging.MethodLoggingAspect - Factory result: DefaultStorefrontFactory.products() => (com.bharatshop.factory.impl.DefaultStorefrontFactory$1@72e16061)
2026-01-07 19:33:40.708 [39mDEBUG[0;39m [ab19de61-9aee-4cac-b422-b49619519c97] [http-nio-8081-exec-1] c.b.c.logging.MethodLoggingAspect - Service enter: ProductService.categories() args=[]
2026-01-07 19:33:40.718 [34mINFO [0;39m [ab19de61-9aee-4cac-b422-b49619519c97] [http-nio-8081-exec-1] c.b.c.logging.MethodLoggingAspect - Service exit: ProductService.categories() (10 ms)
2026-01-07 19:33:40.719 [39mDEBUG[0;39m [ab19de61-9aee-4cac-b422-b49619519c97] [http-nio-8081-exec-1] c.b.c.logging.MethodLoggingAspect - Service result: ProductService.categories() => ArrayList[size=4]
2026-01-07 19:33:40.720 [34mINFO [0;39m [ab19de61-9aee-4cac-b422-b49619519c97] [http-nio-8081-exec-1] c.b.c.logging.MethodLoggingAspect - Controller exit: StoreDiscoveryController.globalCategories() -> status=200 (14 ms)
2026-01-07 19:33:40.720 [39mDEBUG[0;39m [ab19de61-9aee-4cac-b422-b49619519c97] [http-nio-8081-exec-1] c.b.c.logging.MethodLoggingAspect - Controller result: StoreDiscoveryController.globalCategories() => ResponseEntity(status=200)
2026-01-07 19:33:40.726 [34mINFO [0;39m [ab19de61-9aee-4cac-b422-b49619519c97] [http-nio-8081-exec-1] c.b.config.logging.HttpLoggingFilter - GET /api/categories -> 200 (22 ms)
2026-01-07 19:33:40.729 [34mINFO [0;39m [ab19de61-9aee-4cac-b422-b49619519c97] [http-nio-8081-exec-1] c.b.config.logging.HttpLoggingFilter - Headers: auth=present content-type=null accept=application/json, text/plain, */*
2026-01-07 19:33:40.729 [34mINFO [0;39m [ab19de61-9aee-4cac-b422-b49619519c97] [http-nio-8081-exec-1] c.b.config.logging.HttpLoggingFilter - Response payload: ["dairy","fruits","medicine","room"]
2026-01-07 19:33:40.756 [39mDEBUG[0;39m [68b8cb22-6872-41b5-8cc8-85eb95fcb75b] [http-nio-8081-exec-2] c.b.c.logging.MethodLoggingAspect - Controller enter: StoreDiscoveryController.globalCategories() args=[]
2026-01-07 19:33:40.758 [34mINFO [0;39m [68b8cb22-6872-41b5-8cc8-85eb95fcb75b] [http-nio-8081-exec-2] c.b.web.StoreDiscoveryController - Global categories requested: tenant=demo-store
2026-01-07 19:33:40.758 [39mDEBUG[0;39m [68b8cb22-6872-41b5-8cc8-85eb95fcb75b] [http-nio-8081-exec-2] c.b.c.logging.MethodLoggingAspect - Factory enter: FactoryProvider.getFactory() args=[]
2026-01-07 19:33:40.758 [34mINFO [0;39m [68b8cb22-6872-41b5-8cc8-85eb95fcb75b] [http-nio-8081-exec-2] c.b.c.logging.MethodLoggingAspect - Factory exit: FactoryProvider.getFactory() (0 ms)
2026-01-07 19:33:40.761 [39mDEBUG[0;39m [68b8cb22-6872-41b5-8cc8-85eb95fcb75b] [http-nio-8081-exec-2] c.b.c.logging.MethodLoggingAspect - Factory result: FactoryProvider.getFactory() => DefaultStorefrontFactory$$SpringCGLIB$$0(com.bharatshop.factory.impl.DefaultStorefrontFactory@30b35687)
2026-01-07 19:33:40.761 [39mDEBUG[0;39m [68b8cb22-6872-41b5-8cc8-85eb95fcb75b] [http-nio-8081-exec-2] c.b.c.logging.MethodLoggingAspect - Factory enter: DefaultStorefrontFactory.products() args=[]
2026-01-07 19:33:40.763 [34mINFO [0;39m [68b8cb22-6872-41b5-8cc8-85eb95fcb75b] [http-nio-8081-exec-2] c.b.c.logging.MethodLoggingAspect - Factory exit: DefaultStorefrontFactory.products() (2 ms)
2026-01-07 19:33:40.763 [39mDEBUG[0;39m [68b8cb22-6872-41b5-8cc8-85eb95fcb75b] [http-nio-8081-exec-2] c.b.c.logging.MethodLoggingAspect - Factory result: DefaultStorefrontFactory.products() => (com.bharatshop.factory.impl.DefaultStorefrontFactory$1@3c210381)
2026-01-07 19:33:40.763 [39mDEBUG[0;39m [68b8cb22-6872-41b5-8cc8-85eb95fcb75b] [http-nio-8081-exec-2] c.b.c.logging.MethodLoggingAspect - Service enter: ProductService.categories() args=[]
2026-01-07 19:33:40.772 [34mINFO [0;39m [68b8cb22-6872-41b5-8cc8-85eb95fcb75b] [http-nio-8081-exec-2] c.b.c.logging.MethodLoggingAspect - Service exit: ProductService.categories() (7 ms)
2026-01-07 19:33:40.772 [39mDEBUG[0;39m [68b8cb22-6872-41b5-8cc8-85eb95fcb75b] [http-nio-8081-exec-2] c.b.c.logging.MethodLoggingAspect - Service result: ProductService.categories() => ArrayList[size=4]
2026-01-07 19:33:40.774 [34mINFO [0;39m [68b8cb22-6872-41b5-8cc8-85eb95fcb75b] [http-nio-8081-exec-2] c.b.c.logging.MethodLoggingAspect - Controller exit: StoreDiscoveryController.globalCategories() -> status=200 (18 ms)
2026-01-07 19:33:40.774 [39mDEBUG[0;39m [68b8cb22-6872-41b5-8cc8-85eb95fcb75b] [http-nio-8081-exec-2] c.b.c.logging.MethodLoggingAspect - Controller result: StoreDiscoveryController.globalCategories() => ResponseEntity(status=200)
2026-01-07 19:33:40.778 [34mINFO [0;39m [68b8cb22-6872-41b5-8cc8-85eb95fcb75b] [http-nio-8081-exec-2] c.b.config.logging.HttpLoggingFilter - GET /api/categories -> 200 (22 ms)
2026-01-07 19:33:40.780 [34mINFO [0;39m [68b8cb22-6872-41b5-8cc8-85eb95fcb75b] [http-nio-8081-exec-2] c.b.config.logging.HttpLoggingFilter - Headers: auth=present content-type=null accept=application/json, text/plain, */*
2026-01-07 19:33:40.780 [34mINFO [0;39m [68b8cb22-6872-41b5-8cc8-85eb95fcb75b] [http-nio-8081-exec-2] c.b.config.logging.HttpLoggingFilter - Response payload: ["dairy","fruits","medicine","room"]
2026-01-07 19:35:05.867 [31mWARN [0;39m [086f090b-6235-48bb-9422-2a91da307c73] [http-nio-8081-exec-3] c.b.config.GlobalExceptionHandler - Unsupported media type: multipart/form-data;boundary=----WebKitFormBoundaryx2jsG06gMwuVRYyM;charset=UTF-8
2026-01-07 19:35:05.867 [34mINFO [0;39m [086f090b-6235-48bb-9422-2a91da307c73] [http-nio-8081-exec-3] c.b.config.logging.HttpLoggingFilter - POST /api/seller/stores -> 415 (204 ms)
2026-01-07 19:35:05.867 [34mINFO [0;39m [086f090b-6235-48bb-9422-2a91da307c73] [http-nio-8081-exec-3] c.b.config.logging.HttpLoggingFilter - Headers: auth=present content-type=multipart/form-data; boundary=----WebKitFormBoundaryx2jsG06gMwuVRYyM accept=application/json, text/plain, */*
2026-01-07 19:35:05.875 [34mINFO [0;39m [086f090b-6235-48bb-9422-2a91da307c73] [http-nio-8081-exec-3] c.b.config.logging.HttpLoggingFilter - Response payload: {"code":"UNSUPPORTED_MEDIA_TYPE","message":"Unsupported media type"}
2026-01-07 19:35:31.289 [31mWARN [0;39m [7db4536e-74cc-4a4f-8cc3-2d051a7934ea] [http-nio-8081-exec-4] c.b.config.GlobalExceptionHandler - Unsupported media type: multipart/form-data;boundary=----WebKitFormBoundaryBY9aDILBaXg0JsXY;charset=UTF-8
2026-01-07 19:35:31.292 [34mINFO [0;39m [7db4536e-74cc-4a4f-8cc3-2d051a7934ea] [http-nio-8081-exec-4] c.b.config.logging.HttpLoggingFilter - POST /api/seller/stores -> 415 (52 ms)
2026-01-07 19:35:31.292 [34mINFO [0;39m [7db4536e-74cc-4a4f-8cc3-2d051a7934ea] [http-nio-8081-exec-4] c.b.config.logging.HttpLoggingFilter - Headers: auth=present content-type=multipart/form-data; boundary=----WebKitFormBoundaryBY9aDILBaXg0JsXY accept=application/json, text/plain, */*
2026-01-07 19:35:31.292 [34mINFO [0;39m [7db4536e-74cc-4a4f-8cc3-2d051a7934ea] [http-nio-8081-exec-4] c.b.config.logging.HttpLoggingFilter - Response payload: {"code":"UNSUPPORTED_MEDIA_TYPE","message":"Unsupported media type"}
2026-01-07 19:35:38.644 [39mDEBUG[0;39m [dedc1be6-d058-4c42-b301-b32345d99d63] [http-nio-8081-exec-6] c.b.c.logging.MethodLoggingAspect - Controller enter: StoreDiscoveryController.stores(..) args=[null, null]
2026-01-07 19:35:38.644 [34mINFO [0;39m [dedc1be6-d058-4c42-b301-b32345d99d63] [http-nio-8081-exec-6] c.b.web.StoreDiscoveryController - Discover stores: tenant=demo-store search=null category=null
2026-01-07 19:35:38.644 [39mDEBUG[0;39m [dedc1be6-d058-4c42-b301-b32345d99d63] [http-nio-8081-exec-6] c.b.c.logging.MethodLoggingAspect - Factory enter: FactoryProvider.getFactory() args=[]
2026-01-07 19:35:38.646 [34mINFO [0;39m [dedc1be6-d058-4c42-b301-b32345d99d63] [http-nio-8081-exec-6] c.b.c.logging.MethodLoggingAspect - Factory exit: FactoryProvider.getFactory() (2 ms)
2026-01-07 19:35:38.646 [39mDEBUG[0;39m [dedc1be6-d058-4c42-b301-b32345d99d63] [http-nio-8081-exec-6] c.b.c.logging.MethodLoggingAspect - Factory result: FactoryProvider.getFactory() => DefaultStorefrontFactory$$SpringCGLIB$$0(com.bharatshop.factory.impl.DefaultStorefrontFactory@30b35687)
2026-01-07 19:35:38.646 [39mDEBUG[0;39m [dedc1be6-d058-4c42-b301-b32345d99d63] [http-nio-8081-exec-6] c.b.c.logging.MethodLoggingAspect - Factory enter: DefaultStorefrontFactory.stores() args=[]
2026-01-07 19:35:38.646 [34mINFO [0;39m [dedc1be6-d058-4c42-b301-b32345d99d63] [http-nio-8081-exec-6] c.b.c.logging.MethodLoggingAspect - Factory exit: DefaultStorefrontFactory.stores() (0 ms)
2026-01-07 19:35:38.646 [39mDEBUG[0;39m [dedc1be6-d058-4c42-b301-b32345d99d63] [http-nio-8081-exec-6] c.b.c.logging.MethodLoggingAspect - Factory result: DefaultStorefrontFactory.stores() => (com.bharatshop.factory.impl.DefaultStorefrontFactory$2@67559c35)
2026-01-07 19:35:38.647 [39mDEBUG[0;39m [dedc1be6-d058-4c42-b301-b32345d99d63] [http-nio-8081-exec-6] c.b.c.logging.MethodLoggingAspect - Service enter: StoreService.list(..) args=[null, null]
2026-01-07 19:35:38.655 [34mINFO [0;39m [dedc1be6-d058-4c42-b301-b32345d99d63] [http-nio-8081-exec-6] c.b.c.logging.MethodLoggingAspect - Service exit: StoreService.list(..) (8 ms)
2026-01-07 19:35:38.657 [39mDEBUG[0;39m [dedc1be6-d058-4c42-b301-b32345d99d63] [http-nio-8081-exec-6] c.b.c.logging.MethodLoggingAspect - Service result: StoreService.list(..) => ArrayList[size=3]
2026-01-07 19:35:38.658 [34mINFO [0;39m [dedc1be6-d058-4c42-b301-b32345d99d63] [http-nio-8081-exec-6] c.b.c.logging.MethodLoggingAspect - Controller exit: StoreDiscoveryController.stores(..) -> status=200 (14 ms)
2026-01-07 19:35:38.658 [39mDEBUG[0;39m [dedc1be6-d058-4c42-b301-b32345d99d63] [http-nio-8081-exec-6] c.b.c.logging.MethodLoggingAspect - Controller result: StoreDiscoveryController.stores(..) => ResponseEntity(status=200)
2026-01-07 19:35:38.661 [34mINFO [0;39m [dedc1be6-d058-4c42-b301-b32345d99d63] [http-nio-8081-exec-6] c.b.config.logging.HttpLoggingFilter - GET /api/stores?city=Balrampur&lat=27.4235392&lon=82.1854208&lng=82.1854208 -> 200 (20 ms)
2026-01-07 19:35:38.661 [34mINFO [0;39m [dedc1be6-d058-4c42-b301-b32345d99d63] [http-nio-8081-exec-6] c.b.config.logging.HttpLoggingFilter - Headers: auth=present content-type=null accept=application/json, text/plain, */*
2026-01-07 19:35:38.661 [34mINFO [0;39m [dedc1be6-d058-4c42-b301-b32345d99d63] [http-nio-8081-exec-6] c.b.config.logging.HttpLoggingFilter - Response payload: [{"id":"9d72b824-254a-4055-b893-eca7fbb44c7e","name":"City Pharmacy","area":"Brigade","category":"pharmacy","status":"open","orderingDisabled":false,"updatedAt":"2026-01-07T13:52:45.314753Z"},{"id":"fcc0735f-7395-4acc-a086-40195c7ff4c1","name":"Fresh Mart","area":"MG Road","category":"grocery","status":"open","orderingDisabled":false,"updatedAt":"2026-01-07T13:52:45.229915Z"},{"id":"e3a21b9e-4c25-4ef4-928d-0c2b3c7d8830","name":"Sunrise Hotel","area":"Beach","category":"hospitality","status":"open","orderingDisabled":false,"updatedAt":"2026-01-07T13:52:45.318432Z"}]
2026-01-07 19:35:40.004 [39mDEBUG[0;39m [431904c5-98c6-4ab9-8e99-6e24fd9ab598] [http-nio-8081-exec-5] c.b.c.logging.MethodLoggingAspect - Controller enter: StoreDiscoveryController.globalCategories() args=[]
2026-01-07 19:35:40.010 [34mINFO [0;39m [431904c5-98c6-4ab9-8e99-6e24fd9ab598] [http-nio-8081-exec-5] c.b.web.StoreDiscoveryController - Global categories requested: tenant=demo-store
2026-01-07 19:35:40.010 [39mDEBUG[0;39m [431904c5-98c6-4ab9-8e99-6e24fd9ab598] [http-nio-8081-exec-5] c.b.c.logging.MethodLoggingAspect - Factory enter: FactoryProvider.getFactory() args=[]
2026-01-07 19:35:40.010 [34mINFO [0;39m [431904c5-98c6-4ab9-8e99-6e24fd9ab598] [http-nio-8081-exec-5] c.b.c.logging.MethodLoggingAspect - Factory exit: FactoryProvider.getFactory() (0 ms)
2026-01-07 19:35:40.026 [39mDEBUG[0;39m [431904c5-98c6-4ab9-8e99-6e24fd9ab598] [http-nio-8081-exec-5] c.b.c.logging.MethodLoggingAspect - Factory result: FactoryProvider.getFactory() => DefaultStorefrontFactory$$SpringCGLIB$$0(com.bharatshop.factory.impl.DefaultStorefrontFactory@30b35687)
2026-01-07 19:35:40.033 [39mDEBUG[0;39m [431904c5-98c6-4ab9-8e99-6e24fd9ab598] [http-nio-8081-exec-5] c.b.c.logging.MethodLoggingAspect - Factory enter: DefaultStorefrontFactory.products() args=[]
2026-01-07 19:35:40.034 [34mINFO [0;39m [431904c5-98c6-4ab9-8e99-6e24fd9ab598] [http-nio-8081-exec-5] c.b.c.logging.MethodLoggingAspect - Factory exit: DefaultStorefrontFactory.products() (2 ms)
2026-01-07 19:35:40.036 [39mDEBUG[0;39m [431904c5-98c6-4ab9-8e99-6e24fd9ab598] [http-nio-8081-exec-5] c.b.c.logging.MethodLoggingAspect - Factory result: DefaultStorefrontFactory.products() => (com.bharatshop.factory.impl.DefaultStorefrontFactory$1@41a0c80a)
2026-01-07 19:35:40.036 [39mDEBUG[0;39m [431904c5-98c6-4ab9-8e99-6e24fd9ab598] [http-nio-8081-exec-5] c.b.c.logging.MethodLoggingAspect - Service enter: ProductService.categories() args=[]
2026-01-07 19:35:40.042 [34mINFO [0;39m [431904c5-98c6-4ab9-8e99-6e24fd9ab598] [http-nio-8081-exec-5] c.b.c.logging.MethodLoggingAspect - Service exit: ProductService.categories() (6 ms)
2026-01-07 19:35:40.044 [39mDEBUG[0;39m [431904c5-98c6-4ab9-8e99-6e24fd9ab598] [http-nio-8081-exec-5] c.b.c.logging.MethodLoggingAspect - Service result: ProductService.categories() => ArrayList[size=4]
2026-01-07 19:35:40.044 [34mINFO [0;39m [431904c5-98c6-4ab9-8e99-6e24fd9ab598] [http-nio-8081-exec-5] c.b.c.logging.MethodLoggingAspect - Controller exit: StoreDiscoveryController.globalCategories() -> status=200 (40 ms)
2026-01-07 19:35:40.046 [39mDEBUG[0;39m [431904c5-98c6-4ab9-8e99-6e24fd9ab598] [http-nio-8081-exec-5] c.b.c.logging.MethodLoggingAspect - Controller result: StoreDiscoveryController.globalCategories() => ResponseEntity(status=200)
2026-01-07 19:35:40.048 [34mINFO [0;39m [431904c5-98c6-4ab9-8e99-6e24fd9ab598] [http-nio-8081-exec-5] c.b.config.logging.HttpLoggingFilter - GET /api/categories -> 200 (47 ms)
2026-01-07 19:35:40.048 [34mINFO [0;39m [431904c5-98c6-4ab9-8e99-6e24fd9ab598] [http-nio-8081-exec-5] c.b.config.logging.HttpLoggingFilter - Headers: auth=present content-type=null accept=application/json, text/plain, */*
2026-01-07 19:35:40.048 [34mINFO [0;39m [431904c5-98c6-4ab9-8e99-6e24fd9ab598] [http-nio-8081-exec-5] c.b.config.logging.HttpLoggingFilter - Response payload: ["dairy","fruits","medicine","room"]
2026-01-07 19:35:40.067 [39mDEBUG[0;39m [005c708d-1441-46cb-8802-3d11936eaad2] [http-nio-8081-exec-8] c.b.c.logging.MethodLoggingAspect - Controller enter: StoreDiscoveryController.globalCategories() args=[]
2026-01-07 19:35:40.067 [34mINFO [0;39m [005c708d-1441-46cb-8802-3d11936eaad2] [http-nio-8081-exec-8] c.b.web.StoreDiscoveryController - Global categories requested: tenant=demo-store
2026-01-07 19:35:40.067 [39mDEBUG[0;39m [005c708d-1441-46cb-8802-3d11936eaad2] [http-nio-8081-exec-8] c.b.c.logging.MethodLoggingAspect - Factory enter: FactoryProvider.getFactory() args=[]
2026-01-07 19:35:40.067 [34mINFO [0;39m [005c708d-1441-46cb-8802-3d11936eaad2] [http-nio-8081-exec-8] c.b.c.logging.MethodLoggingAspect - Factory exit: FactoryProvider.getFactory() (0 ms)
2026-01-07 19:35:40.067 [39mDEBUG[0;39m [005c708d-1441-46cb-8802-3d11936eaad2] [http-nio-8081-exec-8] c.b.c.logging.MethodLoggingAspect - Factory result: FactoryProvider.getFactory() => DefaultStorefrontFactory$$SpringCGLIB$$0(com.bharatshop.factory.impl.DefaultStorefrontFactory@30b35687)
2026-01-07 19:35:40.067 [39mDEBUG[0;39m [005c708d-1441-46cb-8802-3d11936eaad2] [http-nio-8081-exec-8] c.b.c.logging.MethodLoggingAspect - Factory enter: DefaultStorefrontFactory.products() args=[]
2026-01-07 19:35:40.067 [34mINFO [0;39m [005c708d-1441-46cb-8802-3d11936eaad2] [http-nio-8081-exec-8] c.b.c.logging.MethodLoggingAspect - Factory exit: DefaultStorefrontFactory.products() (0 ms)
2026-01-07 19:35:40.069 [39mDEBUG[0;39m [005c708d-1441-46cb-8802-3d11936eaad2] [http-nio-8081-exec-8] c.b.c.logging.MethodLoggingAspect - Factory result: DefaultStorefrontFactory.products() => (com.bharatshop.factory.impl.DefaultStorefrontFactory$1@2560377b)
2026-01-07 19:35:40.069 [39mDEBUG[0;39m [005c708d-1441-46cb-8802-3d11936eaad2] [http-nio-8081-exec-8] c.b.c.logging.MethodLoggingAspect - Service enter: ProductService.categories() args=[]
2026-01-07 19:35:40.078 [34mINFO [0;39m [005c708d-1441-46cb-8802-3d11936eaad2] [http-nio-8081-exec-8] c.b.c.logging.MethodLoggingAspect - Service exit: ProductService.categories() (9 ms)
2026-01-07 19:35:40.079 [39mDEBUG[0;39m [005c708d-1441-46cb-8802-3d11936eaad2] [http-nio-8081-exec-8] c.b.c.logging.MethodLoggingAspect - Service result: ProductService.categories() => ArrayList[size=4]
2026-01-07 19:35:40.079 [34mINFO [0;39m [005c708d-1441-46cb-8802-3d11936eaad2] [http-nio-8081-exec-8] c.b.c.logging.MethodLoggingAspect - Controller exit: StoreDiscoveryController.globalCategories() -> status=200 (12 ms)
2026-01-07 19:35:40.079 [39mDEBUG[0;39m [005c708d-1441-46cb-8802-3d11936eaad2] [http-nio-8081-exec-8] c.b.c.logging.MethodLoggingAspect - Controller result: StoreDiscoveryController.globalCategories() => ResponseEntity(status=200)
2026-01-07 19:35:40.081 [34mINFO [0;39m [005c708d-1441-46cb-8802-3d11936eaad2] [http-nio-8081-exec-8] c.b.config.logging.HttpLoggingFilter - GET /api/categories -> 200 (16 ms)
2026-01-07 19:35:40.081 [34mINFO [0;39m [005c708d-1441-46cb-8802-3d11936eaad2] [http-nio-8081-exec-8] c.b.config.logging.HttpLoggingFilter - Headers: auth=present content-type=null accept=application/json, text/plain, */*
2026-01-07 19:35:40.083 [34mINFO [0;39m [005c708d-1441-46cb-8802-3d11936eaad2] [http-nio-8081-exec-8] c.b.config.logging.HttpLoggingFilter - Response payload: ["dairy","fruits","medicine","room"]
2026-01-07 19:35:48.378 [39mDEBUG[0;39m [4d994985-f0ec-45e5-9cb7-3ef6a8a62b40] [http-nio-8081-exec-7] c.b.c.logging.MethodLoggingAspect - Controller enter: StoreDiscoveryController.stores(..) args=[null, null]
2026-01-07 19:35:48.381 [34mINFO [0;39m [4d994985-f0ec-45e5-9cb7-3ef6a8a62b40] [http-nio-8081-exec-7] c.b.web.StoreDiscoveryController - Discover stores: tenant=demo-store search=null category=null
2026-01-07 19:35:48.381 [39mDEBUG[0;39m [4d994985-f0ec-45e5-9cb7-3ef6a8a62b40] [http-nio-8081-exec-7] c.b.c.logging.MethodLoggingAspect - Factory enter: FactoryProvider.getFactory() args=[]
2026-01-07 19:35:48.381 [34mINFO [0;39m [4d994985-f0ec-45e5-9cb7-3ef6a8a62b40] [http-nio-8081-exec-7] c.b.c.logging.MethodLoggingAspect - Factory exit: FactoryProvider.getFactory() (0 ms)
2026-01-07 19:35:48.383 [39mDEBUG[0;39m [4d994985-f0ec-45e5-9cb7-3ef6a8a62b40] [http-nio-8081-exec-7] c.b.c.logging.MethodLoggingAspect - Factory result: FactoryProvider.getFactory() => DefaultStorefrontFactory$$SpringCGLIB$$0(com.bharatshop.factory.impl.DefaultStorefrontFactory@30b35687)
2026-01-07 19:35:48.386 [39mDEBUG[0;39m [4d994985-f0ec-45e5-9cb7-3ef6a8a62b40] [http-nio-8081-exec-7] c.b.c.logging.MethodLoggingAspect - Factory enter: DefaultStorefrontFactory.stores() args=[]
2026-01-07 19:35:48.386 [34mINFO [0;39m [4d994985-f0ec-45e5-9cb7-3ef6a8a62b40] [http-nio-8081-exec-7] c.b.c.logging.MethodLoggingAspect - Factory exit: DefaultStorefrontFactory.stores() (0 ms)
2026-01-07 19:35:48.386 [39mDEBUG[0;39m [4d994985-f0ec-45e5-9cb7-3ef6a8a62b40] [http-nio-8081-exec-7] c.b.c.logging.MethodLoggingAspect - Factory result: DefaultStorefrontFactory.stores() => (com.bharatshop.factory.impl.DefaultStorefrontFactory$2@179c9eaf)
2026-01-07 19:35:48.386 [39mDEBUG[0;39m [4d994985-f0ec-45e5-9cb7-3ef6a8a62b40] [http-nio-8081-exec-7] c.b.c.logging.MethodLoggingAspect - Service enter: StoreService.list(..) args=[null, null]
2026-01-07 19:35:48.398 [34mINFO [0;39m [4d994985-f0ec-45e5-9cb7-3ef6a8a62b40] [http-nio-8081-exec-7] c.b.c.logging.MethodLoggingAspect - Service exit: StoreService.list(..) (12 ms)
2026-01-07 19:35:48.398 [39mDEBUG[0;39m [4d994985-f0ec-45e5-9cb7-3ef6a8a62b40] [http-nio-8081-exec-7] c.b.c.logging.MethodLoggingAspect - Service result: StoreService.list(..) => ArrayList[size=3]
2026-01-07 19:35:48.398 [34mINFO [0;39m [4d994985-f0ec-45e5-9cb7-3ef6a8a62b40] [http-nio-8081-exec-7] c.b.c.logging.MethodLoggingAspect - Controller exit: StoreDiscoveryController.stores(..) -> status=200 (20 ms)
2026-01-07 19:35:48.398 [39mDEBUG[0;39m [4d994985-f0ec-45e5-9cb7-3ef6a8a62b40] [http-nio-8081-exec-7] c.b.c.logging.MethodLoggingAspect - Controller result: StoreDiscoveryController.stores(..) => ResponseEntity(status=200)
2026-01-07 19:35:48.404 [34mINFO [0;39m [4d994985-f0ec-45e5-9cb7-3ef6a8a62b40] [http-nio-8081-exec-7] c.b.config.logging.HttpLoggingFilter - GET /api/stores?city=Balrampur&lat=27.4235392&lon=82.1854208&lng=82.1854208 -> 200 (26 ms)
2026-01-07 19:35:48.405 [34mINFO [0;39m [4d994985-f0ec-45e5-9cb7-3ef6a8a62b40] [http-nio-8081-exec-7] c.b.config.logging.HttpLoggingFilter - Headers: auth=present content-type=null accept=application/json, text/plain, */*
2026-01-07 19:35:48.405 [34mINFO [0;39m [4d994985-f0ec-45e5-9cb7-3ef6a8a62b40] [http-nio-8081-exec-7] c.b.config.logging.HttpLoggingFilter - Response payload: [{"id":"9d72b824-254a-4055-b893-eca7fbb44c7e","name":"City Pharmacy","area":"Brigade","category":"pharmacy","status":"open","orderingDisabled":false,"updatedAt":"2026-01-07T13:52:45.314753Z"},{"id":"fcc0735f-7395-4acc-a086-40195c7ff4c1","name":"Fresh Mart","area":"MG Road","category":"grocery","status":"open","orderingDisabled":false,"updatedAt":"2026-01-07T13:52:45.229915Z"},{"id":"e3a21b9e-4c25-4ef4-928d-0c2b3c7d8830","name":"Sunrise Hotel","area":"Beach","category":"hospitality","status":"open","orderingDisabled":false,"updatedAt":"2026-01-07T13:52:45.318432Z"}]
2026-01-07 19:36:03.300 [39mDEBUG[0;39m [01613179-142f-4a43-b186-0c2be66f2b24] [http-nio-8081-exec-9] c.b.c.logging.MethodLoggingAspect - Controller enter: StoreDiscoveryController.globalCategories() args=[]
2026-01-07 19:36:03.300 [34mINFO [0;39m [01613179-142f-4a43-b186-0c2be66f2b24] [http-nio-8081-exec-9] c.b.web.StoreDiscoveryController - Global categories requested: tenant=demo-store
2026-01-07 19:36:03.300 [39mDEBUG[0;39m [01613179-142f-4a43-b186-0c2be66f2b24] [http-nio-8081-exec-9] c.b.c.logging.MethodLoggingAspect - Factory enter: FactoryProvider.getFactory() args=[]
2026-01-07 19:36:03.300 [34mINFO [0;39m [01613179-142f-4a43-b186-0c2be66f2b24] [http-nio-8081-exec-9] c.b.c.logging.MethodLoggingAspect - Factory exit: FactoryProvider.getFactory() (0 ms)
2026-01-07 19:36:03.302 [39mDEBUG[0;39m [01613179-142f-4a43-b186-0c2be66f2b24] [http-nio-8081-exec-9] c.b.c.logging.MethodLoggingAspect - Factory result: FactoryProvider.getFactory() => DefaultStorefrontFactory$$SpringCGLIB$$0(com.bharatshop.factory.impl.DefaultStorefrontFactory@30b35687)
2026-01-07 19:36:03.302 [39mDEBUG[0;39m [01613179-142f-4a43-b186-0c2be66f2b24] [http-nio-8081-exec-9] c.b.c.logging.MethodLoggingAspect - Factory enter: DefaultStorefrontFactory.products() args=[]
2026-01-07 19:36:03.302 [34mINFO [0;39m [01613179-142f-4a43-b186-0c2be66f2b24] [http-nio-8081-exec-9] c.b.c.logging.MethodLoggingAspect - Factory exit: DefaultStorefrontFactory.products() (0 ms)
2026-01-07 19:36:03.302 [39mDEBUG[0;39m [01613179-142f-4a43-b186-0c2be66f2b24] [http-nio-8081-exec-9] c.b.c.logging.MethodLoggingAspect - Factory result: DefaultStorefrontFactory.products() => (com.bharatshop.factory.impl.DefaultStorefrontFactory$1@52de6da6)
2026-01-07 19:36:03.302 [39mDEBUG[0;39m [01613179-142f-4a43-b186-0c2be66f2b24] [http-nio-8081-exec-9] c.b.c.logging.MethodLoggingAspect - Service enter: ProductService.categories() args=[]
2026-01-07 19:36:03.312 [34mINFO [0;39m [01613179-142f-4a43-b186-0c2be66f2b24] [http-nio-8081-exec-9] c.b.c.logging.MethodLoggingAspect - Service exit: ProductService.categories() (10 ms)
2026-01-07 19:36:03.312 [39mDEBUG[0;39m [01613179-142f-4a43-b186-0c2be66f2b24] [http-nio-8081-exec-9] c.b.c.logging.MethodLoggingAspect - Service result: ProductService.categories() => ArrayList[size=4]
2026-01-07 19:36:03.312 [34mINFO [0;39m [01613179-142f-4a43-b186-0c2be66f2b24] [http-nio-8081-exec-9] c.b.c.logging.MethodLoggingAspect - Controller exit: StoreDiscoveryController.globalCategories() -> status=200 (12 ms)
2026-01-07 19:36:03.312 [39mDEBUG[0;39m [01613179-142f-4a43-b186-0c2be66f2b24] [http-nio-8081-exec-9] c.b.c.logging.MethodLoggingAspect - Controller result: StoreDiscoveryController.globalCategories() => ResponseEntity(status=200)
2026-01-07 19:36:03.315 [34mINFO [0;39m [01613179-142f-4a43-b186-0c2be66f2b24] [http-nio-8081-exec-9] c.b.config.logging.HttpLoggingFilter - GET /api/categories -> 200 (17 ms)
2026-01-07 19:36:03.318 [34mINFO [0;39m [01613179-142f-4a43-b186-0c2be66f2b24] [http-nio-8081-exec-9] c.b.config.logging.HttpLoggingFilter - Headers: auth=present content-type=null accept=application/json, text/plain, */*
2026-01-07 19:36:03.318 [34mINFO [0;39m [01613179-142f-4a43-b186-0c2be66f2b24] [http-nio-8081-exec-9] c.b.config.logging.HttpLoggingFilter - Response payload: ["dairy","fruits","medicine","room"]
2026-01-07 19:36:03.354 [39mDEBUG[0;39m [2dc8541c-7b48-4c46-af51-cdad7ba785f0] [http-nio-8081-exec-10] c.b.c.logging.MethodLoggingAspect - Controller enter: StoreDiscoveryController.globalCategories() args=[]
2026-01-07 19:36:03.355 [34mINFO [0;39m [2dc8541c-7b48-4c46-af51-cdad7ba785f0] [http-nio-8081-exec-10] c.b.web.StoreDiscoveryController - Global categories requested: tenant=demo-store
2026-01-07 19:36:03.355 [39mDEBUG[0;39m [2dc8541c-7b48-4c46-af51-cdad7ba785f0] [http-nio-8081-exec-10] c.b.c.logging.MethodLoggingAspect - Factory enter: FactoryProvider.getFactory() args=[]
2026-01-07 19:36:03.357 [34mINFO [0;39m [2dc8541c-7b48-4c46-af51-cdad7ba785f0] [http-nio-8081-exec-10] c.b.c.logging.MethodLoggingAspect - Factory exit: FactoryProvider.getFactory() (2 ms)
2026-01-07 19:36:03.357 [39mDEBUG[0;39m [2dc8541c-7b48-4c46-af51-cdad7ba785f0] [http-nio-8081-exec-10] c.b.c.logging.MethodLoggingAspect - Factory result: FactoryProvider.getFactory() => DefaultStorefrontFactory$$SpringCGLIB$$0(com.bharatshop.factory.impl.DefaultStorefrontFactory@30b35687)
2026-01-07 19:36:03.357 [39mDEBUG[0;39m [2dc8541c-7b48-4c46-af51-cdad7ba785f0] [http-nio-8081-exec-10] c.b.c.logging.MethodLoggingAspect - Factory enter: DefaultStorefrontFactory.products() args=[]
2026-01-07 19:36:03.357 [34mINFO [0;39m [2dc8541c-7b48-4c46-af51-cdad7ba785f0] [http-nio-8081-exec-10] c.b.c.logging.MethodLoggingAspect - Factory exit: DefaultStorefrontFactory.products() (0 ms)
2026-01-07 19:36:03.357 [39mDEBUG[0;39m [2dc8541c-7b48-4c46-af51-cdad7ba785f0] [http-nio-8081-exec-10] c.b.c.logging.MethodLoggingAspect - Factory result: DefaultStorefrontFactory.products() => (com.bharatshop.factory.impl.DefaultStorefrontFactory$1@7f73cc59)
2026-01-07 19:36:03.359 [39mDEBUG[0;39m [2dc8541c-7b48-4c46-af51-cdad7ba785f0] [http-nio-8081-exec-10] c.b.c.logging.MethodLoggingAspect - Service enter: ProductService.categories() args=[]
2026-01-07 19:36:03.364 [34mINFO [0;39m [2dc8541c-7b48-4c46-af51-cdad7ba785f0] [http-nio-8081-exec-10] c.b.c.logging.MethodLoggingAspect - Service exit: ProductService.categories() (5 ms)
2026-01-07 19:36:03.367 [39mDEBUG[0;39m [2dc8541c-7b48-4c46-af51-cdad7ba785f0] [http-nio-8081-exec-10] c.b.c.logging.MethodLoggingAspect - Service result: ProductService.categories() => ArrayList[size=4]
2026-01-07 19:36:03.367 [34mINFO [0;39m [2dc8541c-7b48-4c46-af51-cdad7ba785f0] [http-nio-8081-exec-10] c.b.c.logging.MethodLoggingAspect - Controller exit: StoreDiscoveryController.globalCategories() -> status=200 (13 ms)
2026-01-07 19:36:03.367 [39mDEBUG[0;39m [2dc8541c-7b48-4c46-af51-cdad7ba785f0] [http-nio-8081-exec-10] c.b.c.logging.MethodLoggingAspect - Controller result: StoreDiscoveryController.globalCategories() => ResponseEntity(status=200)
2026-01-07 19:36:03.370 [34mINFO [0;39m [2dc8541c-7b48-4c46-af51-cdad7ba785f0] [http-nio-8081-exec-10] c.b.config.logging.HttpLoggingFilter - GET /api/categories -> 200 (30 ms)
2026-01-07 19:36:03.370 [34mINFO [0;39m [2dc8541c-7b48-4c46-af51-cdad7ba785f0] [http-nio-8081-exec-10] c.b.config.logging.HttpLoggingFilter - Headers: auth=present content-type=null accept=application/json, text/plain, */*
2026-01-07 19:36:03.370 [34mINFO [0;39m [2dc8541c-7b48-4c46-af51-cdad7ba785f0] [http-nio-8081-exec-10] c.b.config.logging.HttpLoggingFilter - Response payload: ["dairy","fruits","medicine","room"]
2026-01-07 19:37:06.021 [39mDEBUG[0;39m [65a01418-cfb4-4399-a694-8c6ac3bb895b] [http-nio-8081-exec-1] c.b.c.logging.MethodLoggingAspect - Controller enter: StoreDiscoveryController.stores(..) args=[null, null]
2026-01-07 19:37:06.021 [34mINFO [0;39m [65a01418-cfb4-4399-a694-8c6ac3bb895b] [http-nio-8081-exec-1] c.b.web.StoreDiscoveryController - Discover stores: tenant=demo-store search=null category=null
2026-01-07 19:37:06.021 [39mDEBUG[0;39m [65a01418-cfb4-4399-a694-8c6ac3bb895b] [http-nio-8081-exec-1] c.b.c.logging.MethodLoggingAspect - Factory enter: FactoryProvider.getFactory() args=[]
2026-01-07 19:37:06.021 [34mINFO [0;39m [65a01418-cfb4-4399-a694-8c6ac3bb895b] [http-nio-8081-exec-1] c.b.c.logging.MethodLoggingAspect - Factory exit: FactoryProvider.getFactory() (0 ms)
2026-01-07 19:37:06.027 [39mDEBUG[0;39m [65a01418-cfb4-4399-a694-8c6ac3bb895b] [http-nio-8081-exec-1] c.b.c.logging.MethodLoggingAspect - Factory result: FactoryProvider.getFactory() => DefaultStorefrontFactory$$SpringCGLIB$$0(com.bharatshop.factory.impl.DefaultStorefrontFactory@30b35687)
2026-01-07 19:37:06.027 [39mDEBUG[0;39m [65a01418-cfb4-4399-a694-8c6ac3bb895b] [http-nio-8081-exec-1] c.b.c.logging.MethodLoggingAspect - Factory enter: DefaultStorefrontFactory.stores() args=[]
2026-01-07 19:37:06.027 [34mINFO [0;39m [65a01418-cfb4-4399-a694-8c6ac3bb895b] [http-nio-8081-exec-1] c.b.c.logging.MethodLoggingAspect - Factory exit: DefaultStorefrontFactory.stores() (0 ms)
2026-01-07 19:37:06.027 [39mDEBUG[0;39m [65a01418-cfb4-4399-a694-8c6ac3bb895b] [http-nio-8081-exec-1] c.b.c.logging.MethodLoggingAspect - Factory result: DefaultStorefrontFactory.stores() => (com.bharatshop.factory.impl.DefaultStorefrontFactory$2@1366eec1)
2026-01-07 19:37:06.027 [39mDEBUG[0;39m [65a01418-cfb4-4399-a694-8c6ac3bb895b] [http-nio-8081-exec-1] c.b.c.logging.MethodLoggingAspect - Service enter: StoreService.list(..) args=[null, null]
2026-01-07 19:37:06.033 [34mINFO [0;39m [65a01418-cfb4-4399-a694-8c6ac3bb895b] [http-nio-8081-exec-1] c.b.c.logging.MethodLoggingAspect - Service exit: StoreService.list(..) (6 ms)
2026-01-07 19:37:06.035 [39mDEBUG[0;39m [65a01418-cfb4-4399-a694-8c6ac3bb895b] [http-nio-8081-exec-1] c.b.c.logging.MethodLoggingAspect - Service result: StoreService.list(..) => ArrayList[size=3]
2026-01-07 19:37:06.035 [34mINFO [0;39m [65a01418-cfb4-4399-a694-8c6ac3bb895b] [http-nio-8081-exec-1] c.b.c.logging.MethodLoggingAspect - Controller exit: StoreDiscoveryController.stores(..) -> status=200 (14 ms)
2026-01-07 19:37:06.036 [39mDEBUG[0;39m [65a01418-cfb4-4399-a694-8c6ac3bb895b] [http-nio-8081-exec-1] c.b.c.logging.MethodLoggingAspect - Controller result: StoreDiscoveryController.stores(..) => ResponseEntity(status=200)
2026-01-07 19:37:06.038 [34mINFO [0;39m [65a01418-cfb4-4399-a694-8c6ac3bb895b] [http-nio-8081-exec-1] c.b.config.logging.HttpLoggingFilter - GET /api/stores?city=Balrampur&lat=27.4235392&lon=82.1854208&lng=82.1854208 -> 200 (17 ms)
2026-01-07 19:37:06.040 [34mINFO [0;39m [65a01418-cfb4-4399-a694-8c6ac3bb895b] [http-nio-8081-exec-1] c.b.config.logging.HttpLoggingFilter - Headers: auth=present content-type=null accept=application/json, text/plain, */*
2026-01-07 19:37:06.040 [34mINFO [0;39m [65a01418-cfb4-4399-a694-8c6ac3bb895b] [http-nio-8081-exec-1] c.b.config.logging.HttpLoggingFilter - Response payload: [{"id":"9d72b824-254a-4055-b893-eca7fbb44c7e","name":"City Pharmacy","area":"Brigade","category":"pharmacy","status":"open","orderingDisabled":false,"updatedAt":"2026-01-07T13:52:45.314753Z"},{"id":"fcc0735f-7395-4acc-a086-40195c7ff4c1","name":"Fresh Mart","area":"MG Road","category":"grocery","status":"open","orderingDisabled":false,"updatedAt":"2026-01-07T13:52:45.229915Z"},{"id":"e3a21b9e-4c25-4ef4-928d-0c2b3c7d8830","name":"Sunrise Hotel","area":"Beach","category":"hospitality","status":"open","orderingDisabled":false,"updatedAt":"2026-01-07T13:52:45.318432Z"}]
2026-01-07 19:37:07.563 [39mDEBUG[0;39m [ec025d90-cf2e-4536-9ad7-12e38b25db83] [http-nio-8081-exec-2] c.b.c.logging.MethodLoggingAspect - Controller enter: StoreDiscoveryController.stores(..) args=[null, null]
2026-01-07 19:37:07.565 [34mINFO [0;39m [ec025d90-cf2e-4536-9ad7-12e38b25db83] [http-nio-8081-exec-2] c.b.web.StoreDiscoveryController - Discover stores: tenant=demo-store search=null category=null
2026-01-07 19:37:07.565 [39mDEBUG[0;39m [ec025d90-cf2e-4536-9ad7-12e38b25db83] [http-nio-8081-exec-2] c.b.c.logging.MethodLoggingAspect - Factory enter: FactoryProvider.getFactory() args=[]
2026-01-07 19:37:07.567 [34mINFO [0;39m [ec025d90-cf2e-4536-9ad7-12e38b25db83] [http-nio-8081-exec-2] c.b.c.logging.MethodLoggingAspect - Factory exit: FactoryProvider.getFactory() (2 ms)
2026-01-07 19:37:07.567 [39mDEBUG[0;39m [ec025d90-cf2e-4536-9ad7-12e38b25db83] [http-nio-8081-exec-2] c.b.c.logging.MethodLoggingAspect - Factory result: FactoryProvider.getFactory() => DefaultStorefrontFactory$$SpringCGLIB$$0(com.bharatshop.factory.impl.DefaultStorefrontFactory@30b35687)
2026-01-07 19:37:07.567 [39mDEBUG[0;39m [ec025d90-cf2e-4536-9ad7-12e38b25db83] [http-nio-8081-exec-2] c.b.c.logging.MethodLoggingAspect - Factory enter: DefaultStorefrontFactory.stores() args=[]
2026-01-07 19:37:07.569 [34mINFO [0;39m [ec025d90-cf2e-4536-9ad7-12e38b25db83] [http-nio-8081-exec-2] c.b.c.logging.MethodLoggingAspect - Factory exit: DefaultStorefrontFactory.stores() (2 ms)
2026-01-07 19:37:07.569 [39mDEBUG[0;39m [ec025d90-cf2e-4536-9ad7-12e38b25db83] [http-nio-8081-exec-2] c.b.c.logging.MethodLoggingAspect - Factory result: DefaultStorefrontFactory.stores() => (com.bharatshop.factory.impl.DefaultStorefrontFactory$2@185bfee1)
2026-01-07 19:37:07.569 [39mDEBUG[0;39m [ec025d90-cf2e-4536-9ad7-12e38b25db83] [http-nio-8081-exec-2] c.b.c.logging.MethodLoggingAspect - Service enter: StoreService.list(..) args=[null, null]
2026-01-07 19:37:07.575 [34mINFO [0;39m [ec025d90-cf2e-4536-9ad7-12e38b25db83] [http-nio-8081-exec-2] c.b.c.logging.MethodLoggingAspect - Service exit: StoreService.list(..) (6 ms)
2026-01-07 19:37:07.577 [39mDEBUG[0;39m [ec025d90-cf2e-4536-9ad7-12e38b25db83] [http-nio-8081-exec-2] c.b.c.logging.MethodLoggingAspect - Service result: StoreService.list(..) => ArrayList[size=3]
2026-01-07 19:37:07.577 [34mINFO [0;39m [ec025d90-cf2e-4536-9ad7-12e38b25db83] [http-nio-8081-exec-2] c.b.c.logging.MethodLoggingAspect - Controller exit: StoreDiscoveryController.stores(..) -> status=200 (14 ms)
2026-01-07 19:37:07.577 [39mDEBUG[0;39m [ec025d90-cf2e-4536-9ad7-12e38b25db83] [http-nio-8081-exec-2] c.b.c.logging.MethodLoggingAspect - Controller result: StoreDiscoveryController.stores(..) => ResponseEntity(status=200)
2026-01-07 19:37:07.581 [34mINFO [0;39m [ec025d90-cf2e-4536-9ad7-12e38b25db83] [http-nio-8081-exec-2] c.b.config.logging.HttpLoggingFilter - GET /api/stores -> 200 (20 ms)
2026-01-07 19:37:07.583 [34mINFO [0;39m [ec025d90-cf2e-4536-9ad7-12e38b25db83] [http-nio-8081-exec-2] c.b.config.logging.HttpLoggingFilter - Headers: auth=present content-type=null accept=application/json, text/plain, */*
2026-01-07 19:37:07.583 [34mINFO [0;39m [ec025d90-cf2e-4536-9ad7-12e38b25db83] [http-nio-8081-exec-2] c.b.config.logging.HttpLoggingFilter - Response payload: [{"id":"9d72b824-254a-4055-b893-eca7fbb44c7e","name":"City Pharmacy","area":"Brigade","category":"pharmacy","status":"open","orderingDisabled":false,"updatedAt":"2026-01-07T13:52:45.314753Z"},{"id":"fcc0735f-7395-4acc-a086-40195c7ff4c1","name":"Fresh Mart","area":"MG Road","category":"grocery","status":"open","orderingDisabled":false,"updatedAt":"2026-01-07T13:52:45.229915Z"},{"id":"e3a21b9e-4c25-4ef4-928d-0c2b3c7d8830","name":"Sunrise Hotel","area":"Beach","category":"hospitality","status":"open","orderingDisabled":false,"updatedAt":"2026-01-07T13:52:45.318432Z"}]
2026-01-07 19:37:16.102 [39mDEBUG[0;39m [0d1c0e8b-09a6-49e1-a4bb-3e52008336b2] [http-nio-8081-exec-4] c.b.c.logging.MethodLoggingAspect - Controller enter: StoreDiscoveryController.productsByStore(..) args=[9d72b824-254a-4055-b893-eca7fbb44c7e]
2026-01-07 19:37:16.103 [39mDEBUG[0;39m [64ac7864-7660-48e5-917e-7f941434f796] [http-nio-8081-exec-3] c.b.c.logging.MethodLoggingAspect - Controller enter: StoreDiscoveryController.getStore(..) args=[9d72b824-254a-4055-b893-eca7fbb44c7e]
2026-01-07 19:37:16.104 [34mINFO [0;39m [64ac7864-7660-48e5-917e-7f941434f796] [http-nio-8081-exec-3] c.b.web.StoreDiscoveryController - Get store: tenant=demo-store id=9d72b824-254a-4055-b893-eca7fbb44c7e
2026-01-07 19:37:16.106 [39mDEBUG[0;39m [64ac7864-7660-48e5-917e-7f941434f796] [http-nio-8081-exec-3] c.b.c.logging.MethodLoggingAspect - Factory enter: FactoryProvider.getFactory() args=[]
2026-01-07 19:37:16.106 [34mINFO [0;39m [64ac7864-7660-48e5-917e-7f941434f796] [http-nio-8081-exec-3] c.b.c.logging.MethodLoggingAspect - Factory exit: FactoryProvider.getFactory() (0 ms)
2026-01-07 19:37:16.106 [39mDEBUG[0;39m [64ac7864-7660-48e5-917e-7f941434f796] [http-nio-8081-exec-3] c.b.c.logging.MethodLoggingAspect - Factory result: FactoryProvider.getFactory() => DefaultStorefrontFactory$$SpringCGLIB$$0(com.bharatshop.factory.impl.DefaultStorefrontFactory@30b35687)
2026-01-07 19:37:16.106 [39mDEBUG[0;39m [64ac7864-7660-48e5-917e-7f941434f796] [http-nio-8081-exec-3] c.b.c.logging.MethodLoggingAspect - Factory enter: DefaultStorefrontFactory.stores() args=[]
2026-01-07 19:37:16.106 [34mINFO [0;39m [64ac7864-7660-48e5-917e-7f941434f796] [http-nio-8081-exec-3] c.b.c.logging.MethodLoggingAspect - Factory exit: DefaultStorefrontFactory.stores() (0 ms)
2026-01-07 19:37:16.106 [39mDEBUG[0;39m [64ac7864-7660-48e5-917e-7f941434f796] [http-nio-8081-exec-3] c.b.c.logging.MethodLoggingAspect - Factory result: DefaultStorefrontFactory.stores() => (com.bharatshop.factory.impl.DefaultStorefrontFactory$2@463eefc4)
2026-01-07 19:37:16.104 [34mINFO [0;39m [0d1c0e8b-09a6-49e1-a4bb-3e52008336b2] [http-nio-8081-exec-4] c.b.web.StoreDiscoveryController - Products by store: tenant=demo-store storeId=9d72b824-254a-4055-b893-eca7fbb44c7e
2026-01-07 19:37:16.108 [39mDEBUG[0;39m [64ac7864-7660-48e5-917e-7f941434f796] [http-nio-8081-exec-3] c.b.c.logging.MethodLoggingAspect - Service enter: StoreService.get(..) args=[9d72b824-254a-4055-b893-eca7fbb44c7e]
2026-01-07 19:37:16.108 [39mDEBUG[0;39m [0d1c0e8b-09a6-49e1-a4bb-3e52008336b2] [http-nio-8081-exec-4] c.b.c.logging.MethodLoggingAspect - Factory enter: FactoryProvider.getFactory() args=[]
2026-01-07 19:37:16.108 [34mINFO [0;39m [0d1c0e8b-09a6-49e1-a4bb-3e52008336b2] [http-nio-8081-exec-4] c.b.c.logging.MethodLoggingAspect - Factory exit: FactoryProvider.getFactory() (0 ms)
2026-01-07 19:37:16.110 [39mDEBUG[0;39m [0d1c0e8b-09a6-49e1-a4bb-3e52008336b2] [http-nio-8081-exec-4] c.b.c.logging.MethodLoggingAspect - Factory result: FactoryProvider.getFactory() => DefaultStorefrontFactory$$SpringCGLIB$$0(com.bharatshop.factory.impl.DefaultStorefrontFactory@30b35687)
2026-01-07 19:37:16.112 [39mDEBUG[0;39m [0d1c0e8b-09a6-49e1-a4bb-3e52008336b2] [http-nio-8081-exec-4] c.b.c.logging.MethodLoggingAspect - Factory enter: DefaultStorefrontFactory.products() args=[]
2026-01-07 19:37:16.112 [34mINFO [0;39m [0d1c0e8b-09a6-49e1-a4bb-3e52008336b2] [http-nio-8081-exec-4] c.b.c.logging.MethodLoggingAspect - Factory exit: DefaultStorefrontFactory.products() (0 ms)
2026-01-07 19:37:16.113 [39mDEBUG[0;39m [0d1c0e8b-09a6-49e1-a4bb-3e52008336b2] [http-nio-8081-exec-4] c.b.c.logging.MethodLoggingAspect - Factory result: DefaultStorefrontFactory.products() => (com.bharatshop.factory.impl.DefaultStorefrontFactory$1@23de9184)
2026-01-07 19:37:16.113 [34mINFO [0;39m [64ac7864-7660-48e5-917e-7f941434f796] [http-nio-8081-exec-3] c.b.c.logging.MethodLoggingAspect - Service exit: StoreService.get(..) (5 ms)
2026-01-07 19:37:16.113 [39mDEBUG[0;39m [0d1c0e8b-09a6-49e1-a4bb-3e52008336b2] [http-nio-8081-exec-4] c.b.c.logging.MethodLoggingAspect - Service enter: ProductService.getByStore(..) args=[9d72b824-254a-4055-b893-eca7fbb44c7e]
2026-01-07 19:37:16.113 [39mDEBUG[0;39m [64ac7864-7660-48e5-917e-7f941434f796] [http-nio-8081-exec-3] c.b.c.logging.MethodLoggingAspect - Service result: StoreService.get(..) => Store(com.bharatshop.domain.Store@49383341)
2026-01-07 19:37:16.114 [34mINFO [0;39m [64ac7864-7660-48e5-917e-7f941434f796] [http-nio-8081-exec-3] c.b.web.StoreDiscoveryController - Get store success: id=9d72b824-254a-4055-b893-eca7fbb44c7e name=City Pharmacy 
2026-01-07 19:37:16.114 [34mINFO [0;39m [64ac7864-7660-48e5-917e-7f941434f796] [http-nio-8081-exec-3] c.b.c.logging.MethodLoggingAspect - Controller exit: StoreDiscoveryController.getStore(..) -> status=200 (11 ms)
2026-01-07 19:37:16.114 [39mDEBUG[0;39m [64ac7864-7660-48e5-917e-7f941434f796] [http-nio-8081-exec-3] c.b.c.logging.MethodLoggingAspect - Controller result: StoreDiscoveryController.getStore(..) => ResponseEntity(status=200)
2026-01-07 19:37:16.117 [34mINFO [0;39m [0d1c0e8b-09a6-49e1-a4bb-3e52008336b2] [http-nio-8081-exec-4] c.b.c.logging.MethodLoggingAspect - Service exit: ProductService.getByStore(..) (4 ms)
2026-01-07 19:37:16.117 [34mINFO [0;39m [64ac7864-7660-48e5-917e-7f941434f796] [http-nio-8081-exec-3] c.b.config.logging.HttpLoggingFilter - GET /api/stores/9d72b824-254a-4055-b893-eca7fbb44c7e -> 200 (17 ms)
2026-01-07 19:37:16.119 [39mDEBUG[0;39m [0d1c0e8b-09a6-49e1-a4bb-3e52008336b2] [http-nio-8081-exec-4] c.b.c.logging.MethodLoggingAspect - Service result: ProductService.getByStore(..) => ArrayList[size=1]
2026-01-07 19:37:16.119 [34mINFO [0;39m [64ac7864-7660-48e5-917e-7f941434f796] [http-nio-8081-exec-3] c.b.config.logging.HttpLoggingFilter - Headers: auth=present content-type=null accept=application/json, text/plain, */*
2026-01-07 19:37:16.119 [34mINFO [0;39m [0d1c0e8b-09a6-49e1-a4bb-3e52008336b2] [http-nio-8081-exec-4] c.b.c.logging.MethodLoggingAspect - Controller exit: StoreDiscoveryController.productsByStore(..) -> status=200 (17 ms)
2026-01-07 19:37:16.119 [39mDEBUG[0;39m [0d1c0e8b-09a6-49e1-a4bb-3e52008336b2] [http-nio-8081-exec-4] c.b.c.logging.MethodLoggingAspect - Controller result: StoreDiscoveryController.productsByStore(..) => ResponseEntity(status=200)
2026-01-07 19:37:16.119 [34mINFO [0;39m [64ac7864-7660-48e5-917e-7f941434f796] [http-nio-8081-exec-3] c.b.config.logging.HttpLoggingFilter - Response payload: {"id":"9d72b824-254a-4055-b893-eca7fbb44c7e","name":"City Pharmacy","area":"Brigade","category":"pharmacy","status":"open","orderingDisabled":false,"updatedAt":"2026-01-07T13:52:45.314753Z"}
2026-01-07 19:37:16.124 [34mINFO [0;39m [0d1c0e8b-09a6-49e1-a4bb-3e52008336b2] [http-nio-8081-exec-4] c.b.config.logging.HttpLoggingFilter - GET /api/products?storeId=9d72b824-254a-4055-b893-eca7fbb44c7e -> 200 (24 ms)
2026-01-07 19:37:16.124 [34mINFO [0;39m [0d1c0e8b-09a6-49e1-a4bb-3e52008336b2] [http-nio-8081-exec-4] c.b.config.logging.HttpLoggingFilter - Headers: auth=present content-type=null accept=application/json, text/plain, */*
2026-01-07 19:37:16.125 [34mINFO [0;39m [0d1c0e8b-09a6-49e1-a4bb-3e52008336b2] [http-nio-8081-exec-4] c.b.config.logging.HttpLoggingFilter - Response payload: [{"id":"efd3eee1-f2e3-4c6d-b11b-0da02e40c4b3","name":"Paracetamol","price":35.0,"category":"medicine","storeId":"9d72b824-254a-4055-b893-eca7fbb44c7e","active":true}]
2026-01-07 19:50:21.274 [39mDEBUG[0;39m [bc34c095-4ed2-49c2-98fe-942d77d2e65a] [http-nio-8081-exec-6] c.b.c.logging.MethodLoggingAspect - Controller enter: StoreDiscoveryController.stores(..) args=[null, null]
2026-01-07 19:50:21.274 [34mINFO [0;39m [bc34c095-4ed2-49c2-98fe-942d77d2e65a] [http-nio-8081-exec-6] c.b.web.StoreDiscoveryController - Discover stores: tenant=demo-store search=null category=null
2026-01-07 19:50:21.278 [39mDEBUG[0;39m [bc34c095-4ed2-49c2-98fe-942d77d2e65a] [http-nio-8081-exec-6] c.b.c.logging.MethodLoggingAspect - Factory enter: FactoryProvider.getFactory() args=[]
2026-01-07 19:50:21.280 [34mINFO [0;39m [bc34c095-4ed2-49c2-98fe-942d77d2e65a] [http-nio-8081-exec-6] c.b.c.logging.MethodLoggingAspect - Factory exit: FactoryProvider.getFactory() (2 ms)
2026-01-07 19:50:21.280 [39mDEBUG[0;39m [bc34c095-4ed2-49c2-98fe-942d77d2e65a] [http-nio-8081-exec-6] c.b.c.logging.MethodLoggingAspect - Factory result: FactoryProvider.getFactory() => DefaultStorefrontFactory$$SpringCGLIB$$0(com.bharatshop.factory.impl.DefaultStorefrontFactory@30b35687)
2026-01-07 19:50:21.280 [39mDEBUG[0;39m [bc34c095-4ed2-49c2-98fe-942d77d2e65a] [http-nio-8081-exec-6] c.b.c.logging.MethodLoggingAspect - Factory enter: DefaultStorefrontFactory.stores() args=[]
2026-01-07 19:50:21.281 [34mINFO [0;39m [bc34c095-4ed2-49c2-98fe-942d77d2e65a] [http-nio-8081-exec-6] c.b.c.logging.MethodLoggingAspect - Factory exit: DefaultStorefrontFactory.stores() (1 ms)
2026-01-07 19:50:21.281 [39mDEBUG[0;39m [bc34c095-4ed2-49c2-98fe-942d77d2e65a] [http-nio-8081-exec-6] c.b.c.logging.MethodLoggingAspect - Factory result: DefaultStorefrontFactory.stores() => (com.bharatshop.factory.impl.DefaultStorefrontFactory$2@4294e08a)
2026-01-07 19:50:21.281 [39mDEBUG[0;39m [bc34c095-4ed2-49c2-98fe-942d77d2e65a] [http-nio-8081-exec-6] c.b.c.logging.MethodLoggingAspect - Service enter: StoreService.list(..) args=[null, null]
2026-01-07 19:50:21.291 [34mINFO [0;39m [bc34c095-4ed2-49c2-98fe-942d77d2e65a] [http-nio-8081-exec-6] c.b.c.logging.MethodLoggingAspect - Service exit: StoreService.list(..) (10 ms)
2026-01-07 19:50:21.292 [39mDEBUG[0;39m [bc34c095-4ed2-49c2-98fe-942d77d2e65a] [http-nio-8081-exec-6] c.b.c.logging.MethodLoggingAspect - Service result: StoreService.list(..) => ArrayList[size=3]
2026-01-07 19:50:21.292 [34mINFO [0;39m [bc34c095-4ed2-49c2-98fe-942d77d2e65a] [http-nio-8081-exec-6] c.b.c.logging.MethodLoggingAspect - Controller exit: StoreDiscoveryController.stores(..) -> status=200 (18 ms)
2026-01-07 19:50:21.292 [39mDEBUG[0;39m [bc34c095-4ed2-49c2-98fe-942d77d2e65a] [http-nio-8081-exec-6] c.b.c.logging.MethodLoggingAspect - Controller result: StoreDiscoveryController.stores(..) => ResponseEntity(status=200)
2026-01-07 19:50:21.295 [34mINFO [0;39m [bc34c095-4ed2-49c2-98fe-942d77d2e65a] [http-nio-8081-exec-6] c.b.config.logging.HttpLoggingFilter - GET /api/stores?city=Balrampur&lat=27.4235392&lon=82.1854208&lng=82.1854208 -> 200 (21 ms)
2026-01-07 19:50:21.297 [34mINFO [0;39m [bc34c095-4ed2-49c2-98fe-942d77d2e65a] [http-nio-8081-exec-6] c.b.config.logging.HttpLoggingFilter - Headers: auth=present content-type=null accept=application/json, text/plain, */*
2026-01-07 19:50:21.297 [34mINFO [0;39m [bc34c095-4ed2-49c2-98fe-942d77d2e65a] [http-nio-8081-exec-6] c.b.config.logging.HttpLoggingFilter - Response payload: [{"id":"9d72b824-254a-4055-b893-eca7fbb44c7e","name":"City Pharmacy","area":"Brigade","category":"pharmacy","status":"open","orderingDisabled":false,"updatedAt":"2026-01-07T13:52:45.314753Z"},{"id":"fcc0735f-7395-4acc-a086-40195c7ff4c1","name":"Fresh Mart","area":"MG Road","category":"grocery","status":"open","orderingDisabled":false,"updatedAt":"2026-01-07T13:52:45.229915Z"},{"id":"e3a21b9e-4c25-4ef4-928d-0c2b3c7d8830","name":"Sunrise Hotel","area":"Beach","category":"hospitality","status":"open","orderingDisabled":false,"updatedAt":"2026-01-07T13:52:45.318432Z"}]
2026-01-07 19:51:04.561 [39mDEBUG[0;39m [857752f9-093a-45a2-9b26-446804b70b3d] [http-nio-8081-exec-8] c.b.c.logging.MethodLoggingAspect - Controller enter: StoreDiscoveryController.productsByStore(..) args=[9d72b824-254a-4055-b893-eca7fbb44c7e]
2026-01-07 19:51:04.561 [34mINFO [0;39m [857752f9-093a-45a2-9b26-446804b70b3d] [http-nio-8081-exec-8] c.b.web.StoreDiscoveryController - Products by store: tenant=demo-store storeId=9d72b824-254a-4055-b893-eca7fbb44c7e
2026-01-07 19:51:04.562 [39mDEBUG[0;39m [857752f9-093a-45a2-9b26-446804b70b3d] [http-nio-8081-exec-8] c.b.c.logging.MethodLoggingAspect - Factory enter: FactoryProvider.getFactory() args=[]
2026-01-07 19:51:04.562 [34mINFO [0;39m [857752f9-093a-45a2-9b26-446804b70b3d] [http-nio-8081-exec-8] c.b.c.logging.MethodLoggingAspect - Factory exit: FactoryProvider.getFactory() (0 ms)
2026-01-07 19:51:04.562 [39mDEBUG[0;39m [857752f9-093a-45a2-9b26-446804b70b3d] [http-nio-8081-exec-8] c.b.c.logging.MethodLoggingAspect - Factory result: FactoryProvider.getFactory() => DefaultStorefrontFactory$$SpringCGLIB$$0(com.bharatshop.factory.impl.DefaultStorefrontFactory@30b35687)
2026-01-07 19:51:04.562 [39mDEBUG[0;39m [857752f9-093a-45a2-9b26-446804b70b3d] [http-nio-8081-exec-8] c.b.c.logging.MethodLoggingAspect - Factory enter: DefaultStorefrontFactory.products() args=[]
2026-01-07 19:51:04.562 [34mINFO [0;39m [857752f9-093a-45a2-9b26-446804b70b3d] [http-nio-8081-exec-8] c.b.c.logging.MethodLoggingAspect - Factory exit: DefaultStorefrontFactory.products() (0 ms)
2026-01-07 19:51:04.564 [39mDEBUG[0;39m [857752f9-093a-45a2-9b26-446804b70b3d] [http-nio-8081-exec-8] c.b.c.logging.MethodLoggingAspect - Factory result: DefaultStorefrontFactory.products() => (com.bharatshop.factory.impl.DefaultStorefrontFactory$1@76957e2)
2026-01-07 19:51:04.565 [39mDEBUG[0;39m [857752f9-093a-45a2-9b26-446804b70b3d] [http-nio-8081-exec-8] c.b.c.logging.MethodLoggingAspect - Service enter: ProductService.getByStore(..) args=[9d72b824-254a-4055-b893-eca7fbb44c7e]
2026-01-07 19:51:04.572 [34mINFO [0;39m [857752f9-093a-45a2-9b26-446804b70b3d] [http-nio-8081-exec-8] c.b.c.logging.MethodLoggingAspect - Service exit: ProductService.getByStore(..) (7 ms)
2026-01-07 19:51:04.572 [39mDEBUG[0;39m [857752f9-093a-45a2-9b26-446804b70b3d] [http-nio-8081-exec-8] c.b.c.logging.MethodLoggingAspect - Service result: ProductService.getByStore(..) => ArrayList[size=1]
2026-01-07 19:51:04.572 [34mINFO [0;39m [857752f9-093a-45a2-9b26-446804b70b3d] [http-nio-8081-exec-8] c.b.c.logging.MethodLoggingAspect - Controller exit: StoreDiscoveryController.productsByStore(..) -> status=200 (11 ms)
2026-01-07 19:51:04.572 [39mDEBUG[0;39m [857752f9-093a-45a2-9b26-446804b70b3d] [http-nio-8081-exec-8] c.b.c.logging.MethodLoggingAspect - Controller result: StoreDiscoveryController.productsByStore(..) => ResponseEntity(status=200)
2026-01-07 19:51:04.576 [34mINFO [0;39m [857752f9-093a-45a2-9b26-446804b70b3d] [http-nio-8081-exec-8] c.b.config.logging.HttpLoggingFilter - GET /api/products?storeId=9d72b824-254a-4055-b893-eca7fbb44c7e -> 200 (21 ms)
2026-01-07 19:51:04.576 [34mINFO [0;39m [857752f9-093a-45a2-9b26-446804b70b3d] [http-nio-8081-exec-8] c.b.config.logging.HttpLoggingFilter - Headers: auth=present content-type=null accept=application/json, text/plain, */*
2026-01-07 19:51:04.576 [34mINFO [0;39m [857752f9-093a-45a2-9b26-446804b70b3d] [http-nio-8081-exec-8] c.b.config.logging.HttpLoggingFilter - Response payload: [{"id":"efd3eee1-f2e3-4c6d-b11b-0da02e40c4b3","name":"Paracetamol","price":35.0,"category":"medicine","storeId":"9d72b824-254a-4055-b893-eca7fbb44c7e","active":true}]
2026-01-07 19:51:04.656 [39mDEBUG[0;39m [14bdc368-e60f-45e6-9f17-54ade97bc6d6] [http-nio-8081-exec-5] c.b.c.logging.MethodLoggingAspect - Controller enter: StoreDiscoveryController.getStore(..) args=[9d72b824-254a-4055-b893-eca7fbb44c7e]
2026-01-07 19:51:04.662 [34mINFO [0;39m [14bdc368-e60f-45e6-9f17-54ade97bc6d6] [http-nio-8081-exec-5] c.b.web.StoreDiscoveryController - Get store: tenant=demo-store id=9d72b824-254a-4055-b893-eca7fbb44c7e
2026-01-07 19:51:04.662 [39mDEBUG[0;39m [14bdc368-e60f-45e6-9f17-54ade97bc6d6] [http-nio-8081-exec-5] c.b.c.logging.MethodLoggingAspect - Factory enter: FactoryProvider.getFactory() args=[]
2026-01-07 19:51:04.667 [34mINFO [0;39m [14bdc368-e60f-45e6-9f17-54ade97bc6d6] [http-nio-8081-exec-5] c.b.c.logging.MethodLoggingAspect - Factory exit: FactoryProvider.getFactory() (5 ms)
2026-01-07 19:51:04.669 [39mDEBUG[0;39m [14bdc368-e60f-45e6-9f17-54ade97bc6d6] [http-nio-8081-exec-5] c.b.c.logging.MethodLoggingAspect - Factory result: FactoryProvider.getFactory() => DefaultStorefrontFactory$$SpringCGLIB$$0(com.bharatshop.factory.impl.DefaultStorefrontFactory@30b35687)
2026-01-07 19:51:04.676 [39mDEBUG[0;39m [14bdc368-e60f-45e6-9f17-54ade97bc6d6] [http-nio-8081-exec-5] c.b.c.logging.MethodLoggingAspect - Factory enter: DefaultStorefrontFactory.stores() args=[]
2026-01-07 19:51:04.676 [34mINFO [0;39m [14bdc368-e60f-45e6-9f17-54ade97bc6d6] [http-nio-8081-exec-5] c.b.c.logging.MethodLoggingAspect - Factory exit: DefaultStorefrontFactory.stores() (2 ms)
2026-01-07 19:51:04.676 [39mDEBUG[0;39m [14bdc368-e60f-45e6-9f17-54ade97bc6d6] [http-nio-8081-exec-5] c.b.c.logging.MethodLoggingAspect - Factory result: DefaultStorefrontFactory.stores() => (com.bharatshop.factory.impl.DefaultStorefrontFactory$2@47d0834e)
2026-01-07 19:51:04.677 [39mDEBUG[0;39m [14bdc368-e60f-45e6-9f17-54ade97bc6d6] [http-nio-8081-exec-5] c.b.c.logging.MethodLoggingAspect - Service enter: StoreService.get(..) args=[9d72b824-254a-4055-b893-eca7fbb44c7e]
2026-01-07 19:51:04.682 [34mINFO [0;39m [14bdc368-e60f-45e6-9f17-54ade97bc6d6] [http-nio-8081-exec-5] c.b.c.logging.MethodLoggingAspect - Service exit: StoreService.get(..) (5 ms)
2026-01-07 19:51:04.682 [39mDEBUG[0;39m [14bdc368-e60f-45e6-9f17-54ade97bc6d6] [http-nio-8081-exec-5] c.b.c.logging.MethodLoggingAspect - Service result: StoreService.get(..) => Store(com.bharatshop.domain.Store@5a186c97)
2026-01-07 19:51:04.682 [34mINFO [0;39m [14bdc368-e60f-45e6-9f17-54ade97bc6d6] [http-nio-8081-exec-5] c.b.web.StoreDiscoveryController - Get store success: id=9d72b824-254a-4055-b893-eca7fbb44c7e name=City Pharmacy 
2026-01-07 19:51:04.682 [34mINFO [0;39m [14bdc368-e60f-45e6-9f17-54ade97bc6d6] [http-nio-8081-exec-5] c.b.c.logging.MethodLoggingAspect - Controller exit: StoreDiscoveryController.getStore(..) -> status=200 (26 ms)
2026-01-07 19:51:04.682 [39mDEBUG[0;39m [14bdc368-e60f-45e6-9f17-54ade97bc6d6] [http-nio-8081-exec-5] c.b.c.logging.MethodLoggingAspect - Controller result: StoreDiscoveryController.getStore(..) => ResponseEntity(status=200)
2026-01-07 19:51:04.687 [34mINFO [0;39m [14bdc368-e60f-45e6-9f17-54ade97bc6d6] [http-nio-8081-exec-5] c.b.config.logging.HttpLoggingFilter - GET /api/stores/9d72b824-254a-4055-b893-eca7fbb44c7e -> 200 (33 ms)
2026-01-07 19:51:04.689 [34mINFO [0;39m [14bdc368-e60f-45e6-9f17-54ade97bc6d6] [http-nio-8081-exec-5] c.b.config.logging.HttpLoggingFilter - Headers: auth=present content-type=null accept=application/json, text/plain, */*
2026-01-07 19:51:04.689 [34mINFO [0;39m [14bdc368-e60f-45e6-9f17-54ade97bc6d6] [http-nio-8081-exec-5] c.b.config.logging.HttpLoggingFilter - Response payload: {"id":"9d72b824-254a-4055-b893-eca7fbb44c7e","name":"City Pharmacy","area":"Brigade","category":"pharmacy","status":"open","orderingDisabled":false,"updatedAt":"2026-01-07T13:52:45.314753Z"}
2026-01-07 19:51:06.387 [34mINFO [0;39m [8e6716de-1242-49a6-a9b9-d545e2c16578] [http-nio-8081-exec-7] c.b.config.logging.HttpLoggingFilter - GET /store/9d72b824-254a-4055-b893-eca7fbb44c7e -> 404 (8 ms)
2026-01-07 19:51:06.389 [34mINFO [0;39m [8e6716de-1242-49a6-a9b9-d545e2c16578] [http-nio-8081-exec-7] c.b.config.logging.HttpLoggingFilter - Headers: auth=absent content-type=null accept=text/html,application/xhtml+xml,application/xml;q=0.9,image/avif,image/webp,image/apng,*/*;q=0.8,application/signed-exchange;v=b3;q=0.7
2026-01-07 19:51:25.440 [39mDEBUG[0;39m [574262ea-1baa-4660-8331-6d36fc1b9401] [http-nio-8081-exec-10] c.b.c.logging.MethodLoggingAspect - Controller enter: AuthController.profile(..) args=[ContentCachingRequestWrapper(org.springframework.web.util.ContentCachingRequestWrapper@718af4a9)]
2026-01-07 19:51:25.440 [39mDEBUG[0;39m [4707bdd4-9dc6-483b-bdc9-933a255f6fe4] [http-nio-8081-exec-9] c.b.c.logging.MethodLoggingAspect - Controller enter: StorefrontCartController.getCart(..) args=[demo-store, guest_1763142291071_p6hkbv]
2026-01-07 19:51:25.440 [34mINFO [0;39m [4707bdd4-9dc6-483b-bdc9-933a255f6fe4] [http-nio-8081-exec-9] c.b.web.StorefrontCartController - Storefront get cart: tenant=demo-store userId=1429b5f9-042c-4723-af34-4b6025b95c7a 
2026-01-07 19:51:25.440 [34mINFO [0;39m [574262ea-1baa-4660-8331-6d36fc1b9401] [http-nio-8081-exec-10] com.bharatshop.web.AuthController - Profile requested: tokenPresent=true 
2026-01-07 19:51:25.442 [39mDEBUG[0;39m [4707bdd4-9dc6-483b-bdc9-933a255f6fe4] [http-nio-8081-exec-9] c.b.c.logging.MethodLoggingAspect - Service enter: CartService.getCart(..) args=[1429b5f9-042c-4723-af34-4b6025b95c7a]
2026-01-07 19:51:25.442 [39mDEBUG[0;39m [574262ea-1baa-4660-8331-6d36fc1b9401] [http-nio-8081-exec-10] c.b.c.logging.MethodLoggingAspect - Service enter: AuthService.getProfile(..) args=[eyJhbGciOiJIUzI1NiIsInR5cCI6IkpXVCJ9.eyJzdWIiOiIxNDI5YjVmOS0wNDJjLTQ3MjMtYWYzNC00YjYwMjViOTVjN2EiLCJuYW1lIjoiVXNlcjg1NDYiLCJyb2xlIjoiY29uc3VtZXIiLCJpYXQiOjE3Njc3OTQxNTEsImV4cCI6MTc2Nzc5Nzc1MX0.8NTKSXqOzopaQfrmtFkoZfBDhbu4zaLZb_wkQn2K_HQ]
2026-01-07 19:51:25.442 [34mINFO [0;39m [4707bdd4-9dc6-483b-bdc9-933a255f6fe4] [http-nio-8081-exec-9] c.b.c.logging.MethodLoggingAspect - Service exit: CartService.getCart(..) (0 ms)
2026-01-07 19:51:25.444 [39mDEBUG[0;39m [4707bdd4-9dc6-483b-bdc9-933a255f6fe4] [http-nio-8081-exec-9] c.b.c.logging.MethodLoggingAspect - Service result: CartService.getCart(..) => ArrayList[size=2]
2026-01-07 19:51:25.444 [34mINFO [0;39m [4707bdd4-9dc6-483b-bdc9-933a255f6fe4] [http-nio-8081-exec-9] c.b.c.logging.MethodLoggingAspect - Controller exit: StorefrontCartController.getCart(..) -> status=200 (4 ms)
2026-01-07 19:51:25.444 [39mDEBUG[0;39m [4707bdd4-9dc6-483b-bdc9-933a255f6fe4] [http-nio-8081-exec-9] c.b.c.logging.MethodLoggingAspect - Controller result: StorefrontCartController.getCart(..) => ResponseEntity(status=200)
2026-01-07 19:51:25.447 [34mINFO [0;39m [4707bdd4-9dc6-483b-bdc9-933a255f6fe4] [http-nio-8081-exec-9] c.b.config.logging.HttpLoggingFilter - GET /api/storefront/cart -> 200 (9 ms)
2026-01-07 19:51:25.447 [34mINFO [0;39m [574262ea-1baa-4660-8331-6d36fc1b9401] [http-nio-8081-exec-10] c.b.c.logging.MethodLoggingAspect - Service exit: AuthService.getProfile(..) (5 ms)
2026-01-07 19:51:25.447 [34mINFO [0;39m [4707bdd4-9dc6-483b-bdc9-933a255f6fe4] [http-nio-8081-exec-9] c.b.config.logging.HttpLoggingFilter - Headers: auth=present content-type=null accept=application/json, text/plain, */*
2026-01-07 19:51:25.447 [39mDEBUG[0;39m [574262ea-1baa-4660-8331-6d36fc1b9401] [http-nio-8081-exec-10] c.b.c.logging.MethodLoggingAspect - Service result: AuthService.getProfile(..) => User(com.bharatshop.domain.User@4ee74e30)
2026-01-07 19:51:25.447 [34mINFO [0;39m [4707bdd4-9dc6-483b-bdc9-933a255f6fe4] [http-nio-8081-exec-9] c.b.config.logging.HttpLoggingFilter - Response payload: {"totals":{"subtotal":0.0,"itemsCount":4},"items":[{"price":0.0,"quantity":1},{"price":0.0,"quantity":3}]}
2026-01-07 19:51:25.447 [34mINFO [0;39m [574262ea-1baa-4660-8331-6d36fc1b9401] [http-nio-8081-exec-10] com.bharatshop.web.AuthController - Profile success: userId=1429b5f9-042c-4723-af34-4b6025b95c7a
2026-01-07 19:51:25.447 [34mINFO [0;39m [574262ea-1baa-4660-8331-6d36fc1b9401] [http-nio-8081-exec-10] c.b.c.logging.MethodLoggingAspect - Controller exit: AuthController.profile(..) -> status=200 (7 ms)
2026-01-07 19:51:25.447 [39mDEBUG[0;39m [574262ea-1baa-4660-8331-6d36fc1b9401] [http-nio-8081-exec-10] c.b.c.logging.MethodLoggingAspect - Controller result: AuthController.profile(..) => ResponseEntity(status=200)
2026-01-07 19:51:25.453 [34mINFO [0;39m [574262ea-1baa-4660-8331-6d36fc1b9401] [http-nio-8081-exec-10] c.b.config.logging.HttpLoggingFilter - GET /api/storefront/auth/profile -> 200 (15 ms)
2026-01-07 19:51:25.453 [34mINFO [0;39m [574262ea-1baa-4660-8331-6d36fc1b9401] [http-nio-8081-exec-10] c.b.config.logging.HttpLoggingFilter - Headers: auth=present content-type=null accept=application/json, text/plain, */*
2026-01-07 19:51:25.453 [34mINFO [0;39m [574262ea-1baa-4660-8331-6d36fc1b9401] [http-nio-8081-exec-10] c.b.config.logging.HttpLoggingFilter - Response payload: {"id":"1429b5f9-042c-4723-af34-4b6025b95c7a","name":"User8546","phone":"+918750328546","role":"consumer"}
2026-01-07 19:51:25.468 [39mDEBUG[0;39m [08b87eb9-8de5-4c97-b0c9-f8f8826505c9] [http-nio-8081-exec-1] c.b.c.logging.MethodLoggingAspect - Controller enter: StorefrontCartController.getCart(..) args=[demo-store, guest_1763142291071_p6hkbv]
2026-01-07 19:51:25.468 [34mINFO [0;39m [08b87eb9-8de5-4c97-b0c9-f8f8826505c9] [http-nio-8081-exec-1] c.b.web.StorefrontCartController - Storefront get cart: tenant=demo-store userId=1429b5f9-042c-4723-af34-4b6025b95c7a 
2026-01-07 19:51:25.468 [39mDEBUG[0;39m [08b87eb9-8de5-4c97-b0c9-f8f8826505c9] [http-nio-8081-exec-1] c.b.c.logging.MethodLoggingAspect - Service enter: CartService.getCart(..) args=[1429b5f9-042c-4723-af34-4b6025b95c7a]
2026-01-07 19:51:25.468 [39mDEBUG[0;39m [94ca93c3-baf2-4ec5-bbd7-b96e7ac5a685] [http-nio-8081-exec-2] c.b.c.logging.MethodLoggingAspect - Controller enter: AuthController.profile(..) args=[ContentCachingRequestWrapper(org.springframework.web.util.ContentCachingRequestWrapper@443bb665)]
2026-01-07 19:51:25.468 [34mINFO [0;39m [08b87eb9-8de5-4c97-b0c9-f8f8826505c9] [http-nio-8081-exec-1] c.b.c.logging.MethodLoggingAspect - Service exit: CartService.getCart(..) (0 ms)
2026-01-07 19:51:25.468 [34mINFO [0;39m [94ca93c3-baf2-4ec5-bbd7-b96e7ac5a685] [http-nio-8081-exec-2] com.bharatshop.web.AuthController - Profile requested: tokenPresent=true 
2026-01-07 19:51:25.468 [39mDEBUG[0;39m [08b87eb9-8de5-4c97-b0c9-f8f8826505c9] [http-nio-8081-exec-1] c.b.c.logging.MethodLoggingAspect - Service result: CartService.getCart(..) => ArrayList[size=2]
2026-01-07 19:51:25.468 [39mDEBUG[0;39m [94ca93c3-baf2-4ec5-bbd7-b96e7ac5a685] [http-nio-8081-exec-2] c.b.c.logging.MethodLoggingAspect - Service enter: AuthService.getProfile(..) args=[eyJhbGciOiJIUzI1NiIsInR5cCI6IkpXVCJ9.eyJzdWIiOiIxNDI5YjVmOS0wNDJjLTQ3MjMtYWYzNC00YjYwMjViOTVjN2EiLCJuYW1lIjoiVXNlcjg1NDYiLCJyb2xlIjoiY29uc3VtZXIiLCJpYXQiOjE3Njc3OTQxNTEsImV4cCI6MTc2Nzc5Nzc1MX0.8NTKSXqOzopaQfrmtFkoZfBDhbu4zaLZb_wkQn2K_HQ]
2026-01-07 19:51:25.468 [34mINFO [0;39m [08b87eb9-8de5-4c97-b0c9-f8f8826505c9] [http-nio-8081-exec-1] c.b.c.logging.MethodLoggingAspect - Controller exit: StorefrontCartController.getCart(..) -> status=200 (0 ms)
2026-01-07 19:51:25.468 [39mDEBUG[0;39m [08b87eb9-8de5-4c97-b0c9-f8f8826505c9] [http-nio-8081-exec-1] c.b.c.logging.MethodLoggingAspect - Controller result: StorefrontCartController.getCart(..) => ResponseEntity(status=200)
2026-01-07 19:51:25.468 [34mINFO [0;39m [08b87eb9-8de5-4c97-b0c9-f8f8826505c9] [http-nio-8081-exec-1] c.b.config.logging.HttpLoggingFilter - GET /api/storefront/cart -> 200 (1 ms)
2026-01-07 19:51:25.475 [34mINFO [0;39m [08b87eb9-8de5-4c97-b0c9-f8f8826505c9] [http-nio-8081-exec-1] c.b.config.logging.HttpLoggingFilter - Headers: auth=present content-type=null accept=application/json, text/plain, */*
2026-01-07 19:51:25.475 [34mINFO [0;39m [08b87eb9-8de5-4c97-b0c9-f8f8826505c9] [http-nio-8081-exec-1] c.b.config.logging.HttpLoggingFilter - Response payload: {"totals":{"subtotal":0.0,"itemsCount":4},"items":[{"price":0.0,"quantity":1},{"price":0.0,"quantity":3}]}
2026-01-07 19:51:25.475 [34mINFO [0;39m [94ca93c3-baf2-4ec5-bbd7-b96e7ac5a685] [http-nio-8081-exec-2] c.b.c.logging.MethodLoggingAspect - Service exit: AuthService.getProfile(..) (7 ms)
2026-01-07 19:51:25.477 [39mDEBUG[0;39m [94ca93c3-baf2-4ec5-bbd7-b96e7ac5a685] [http-nio-8081-exec-2] c.b.c.logging.MethodLoggingAspect - Service result: AuthService.getProfile(..) => User(com.bharatshop.domain.User@9507729)
2026-01-07 19:51:25.477 [34mINFO [0;39m [94ca93c3-baf2-4ec5-bbd7-b96e7ac5a685] [http-nio-8081-exec-2] com.bharatshop.web.AuthController - Profile success: userId=1429b5f9-042c-4723-af34-4b6025b95c7a
2026-01-07 19:51:25.477 [34mINFO [0;39m [94ca93c3-baf2-4ec5-bbd7-b96e7ac5a685] [http-nio-8081-exec-2] c.b.c.logging.MethodLoggingAspect - Controller exit: AuthController.profile(..) -> status=200 (9 ms)
2026-01-07 19:51:25.477 [39mDEBUG[0;39m [94ca93c3-baf2-4ec5-bbd7-b96e7ac5a685] [http-nio-8081-exec-2] c.b.c.logging.MethodLoggingAspect - Controller result: AuthController.profile(..) => ResponseEntity(status=200)
2026-01-07 19:51:25.479 [34mINFO [0;39m [94ca93c3-baf2-4ec5-bbd7-b96e7ac5a685] [http-nio-8081-exec-2] c.b.config.logging.HttpLoggingFilter - GET /api/storefront/auth/profile -> 200 (11 ms)
2026-01-07 19:51:25.479 [34mINFO [0;39m [94ca93c3-baf2-4ec5-bbd7-b96e7ac5a685] [http-nio-8081-exec-2] c.b.config.logging.HttpLoggingFilter - Headers: auth=present content-type=null accept=application/json, text/plain, */*
2026-01-07 19:51:25.482 [34mINFO [0;39m [94ca93c3-baf2-4ec5-bbd7-b96e7ac5a685] [http-nio-8081-exec-2] c.b.config.logging.HttpLoggingFilter - Response payload: {"id":"1429b5f9-042c-4723-af34-4b6025b95c7a","name":"User8546","phone":"+918750328546","role":"consumer"}
2026-01-07 19:51:25.617 [39mDEBUG[0;39m [a565ac8d-aa38-4065-ab09-15f4006d3979] [http-nio-8081-exec-3] c.b.c.logging.MethodLoggingAspect - Controller enter: StoreDiscoveryController.stores(..) args=[null, null]
2026-01-07 19:51:25.617 [34mINFO [0;39m [a565ac8d-aa38-4065-ab09-15f4006d3979] [http-nio-8081-exec-3] c.b.web.StoreDiscoveryController - Discover stores: tenant=demo-store search=null category=null
2026-01-07 19:51:25.617 [39mDEBUG[0;39m [a565ac8d-aa38-4065-ab09-15f4006d3979] [http-nio-8081-exec-3] c.b.c.logging.MethodLoggingAspect - Factory enter: FactoryProvider.getFactory() args=[]
2026-01-07 19:51:25.617 [34mINFO [0;39m [a565ac8d-aa38-4065-ab09-15f4006d3979] [http-nio-8081-exec-3] c.b.c.logging.MethodLoggingAspect - Factory exit: FactoryProvider.getFactory() (0 ms)
2026-01-07 19:51:25.622 [39mDEBUG[0;39m [a565ac8d-aa38-4065-ab09-15f4006d3979] [http-nio-8081-exec-3] c.b.c.logging.MethodLoggingAspect - Factory result: FactoryProvider.getFactory() => DefaultStorefrontFactory$$SpringCGLIB$$0(com.bharatshop.factory.impl.DefaultStorefrontFactory@30b35687)
2026-01-07 19:51:25.622 [39mDEBUG[0;39m [a565ac8d-aa38-4065-ab09-15f4006d3979] [http-nio-8081-exec-3] c.b.c.logging.MethodLoggingAspect - Factory enter: DefaultStorefrontFactory.stores() args=[]
2026-01-07 19:51:25.622 [34mINFO [0;39m [a565ac8d-aa38-4065-ab09-15f4006d3979] [http-nio-8081-exec-3] c.b.c.logging.MethodLoggingAspect - Factory exit: DefaultStorefrontFactory.stores() (0 ms)
2026-01-07 19:51:25.622 [39mDEBUG[0;39m [a565ac8d-aa38-4065-ab09-15f4006d3979] [http-nio-8081-exec-3] c.b.c.logging.MethodLoggingAspect - Factory result: DefaultStorefrontFactory.stores() => (com.bharatshop.factory.impl.DefaultStorefrontFactory$2@1a51d7a2)
2026-01-07 19:51:25.622 [39mDEBUG[0;39m [a565ac8d-aa38-4065-ab09-15f4006d3979] [http-nio-8081-exec-3] c.b.c.logging.MethodLoggingAspect - Service enter: StoreService.list(..) args=[null, null]
2026-01-07 19:51:25.629 [34mINFO [0;39m [a565ac8d-aa38-4065-ab09-15f4006d3979] [http-nio-8081-exec-3] c.b.c.logging.MethodLoggingAspect - Service exit: StoreService.list(..) (7 ms)
2026-01-07 19:51:25.629 [39mDEBUG[0;39m [a565ac8d-aa38-4065-ab09-15f4006d3979] [http-nio-8081-exec-3] c.b.c.logging.MethodLoggingAspect - Service result: StoreService.list(..) => ArrayList[size=3]
2026-01-07 19:51:25.629 [34mINFO [0;39m [a565ac8d-aa38-4065-ab09-15f4006d3979] [http-nio-8081-exec-3] c.b.c.logging.MethodLoggingAspect - Controller exit: StoreDiscoveryController.stores(..) -> status=200 (12 ms)
2026-01-07 19:51:25.629 [39mDEBUG[0;39m [a565ac8d-aa38-4065-ab09-15f4006d3979] [http-nio-8081-exec-3] c.b.c.logging.MethodLoggingAspect - Controller result: StoreDiscoveryController.stores(..) => ResponseEntity(status=200)
2026-01-07 19:51:25.633 [34mINFO [0;39m [a565ac8d-aa38-4065-ab09-15f4006d3979] [http-nio-8081-exec-3] c.b.config.logging.HttpLoggingFilter - GET /api/stores -> 200 (16 ms)
2026-01-07 19:51:25.635 [34mINFO [0;39m [a565ac8d-aa38-4065-ab09-15f4006d3979] [http-nio-8081-exec-3] c.b.config.logging.HttpLoggingFilter - Headers: auth=present content-type=null accept=application/json, text/plain, */*
2026-01-07 19:51:25.635 [34mINFO [0;39m [a565ac8d-aa38-4065-ab09-15f4006d3979] [http-nio-8081-exec-3] c.b.config.logging.HttpLoggingFilter - Response payload: [{"id":"9d72b824-254a-4055-b893-eca7fbb44c7e","name":"City Pharmacy","area":"Brigade","category":"pharmacy","status":"open","orderingDisabled":false,"updatedAt":"2026-01-07T13:52:45.314753Z"},{"id":"fcc0735f-7395-4acc-a086-40195c7ff4c1","name":"Fresh Mart","area":"MG Road","category":"grocery","status":"open","orderingDisabled":false,"updatedAt":"2026-01-07T13:52:45.229915Z"},{"id":"e3a21b9e-4c25-4ef4-928d-0c2b3c7d8830","name":"Sunrise Hotel","area":"Beach","category":"hospitality","status":"open","orderingDisabled":false,"updatedAt":"2026-01-07T13:52:45.318432Z"}]
2026-01-07 19:51:37.457 [39mDEBUG[0;39m [07b03cb3-8710-40eb-8a8b-8549b13b0c19] [http-nio-8081-exec-6] c.b.c.logging.MethodLoggingAspect - Controller enter: StoreDiscoveryController.productsByStore(..) args=[9d72b824-254a-4055-b893-eca7fbb44c7e]
2026-01-07 19:51:37.457 [39mDEBUG[0;39m [0fcb48b6-8aa0-41ed-8e8d-cd8350d8c817] [http-nio-8081-exec-4] c.b.c.logging.MethodLoggingAspect - Controller enter: StoreDiscoveryController.getStore(..) args=[9d72b824-254a-4055-b893-eca7fbb44c7e]
2026-01-07 19:51:37.457 [34mINFO [0;39m [07b03cb3-8710-40eb-8a8b-8549b13b0c19] [http-nio-8081-exec-6] c.b.web.StoreDiscoveryController - Products by store: tenant=demo-store storeId=9d72b824-254a-4055-b893-eca7fbb44c7e
2026-01-07 19:51:37.459 [34mINFO [0;39m [0fcb48b6-8aa0-41ed-8e8d-cd8350d8c817] [http-nio-8081-exec-4] c.b.web.StoreDiscoveryController - Get store: tenant=demo-store id=9d72b824-254a-4055-b893-eca7fbb44c7e
2026-01-07 19:51:37.459 [39mDEBUG[0;39m [07b03cb3-8710-40eb-8a8b-8549b13b0c19] [http-nio-8081-exec-6] c.b.c.logging.MethodLoggingAspect - Factory enter: FactoryProvider.getFactory() args=[]
2026-01-07 19:51:37.459 [39mDEBUG[0;39m [0fcb48b6-8aa0-41ed-8e8d-cd8350d8c817] [http-nio-8081-exec-4] c.b.c.logging.MethodLoggingAspect - Factory enter: FactoryProvider.getFactory() args=[]
2026-01-07 19:51:37.459 [34mINFO [0;39m [07b03cb3-8710-40eb-8a8b-8549b13b0c19] [http-nio-8081-exec-6] c.b.c.logging.MethodLoggingAspect - Factory exit: FactoryProvider.getFactory() (0 ms)
2026-01-07 19:51:37.459 [34mINFO [0;39m [0fcb48b6-8aa0-41ed-8e8d-cd8350d8c817] [http-nio-8081-exec-4] c.b.c.logging.MethodLoggingAspect - Factory exit: FactoryProvider.getFactory() (0 ms)
2026-01-07 19:51:37.459 [39mDEBUG[0;39m [07b03cb3-8710-40eb-8a8b-8549b13b0c19] [http-nio-8081-exec-6] c.b.c.logging.MethodLoggingAspect - Factory result: FactoryProvider.getFactory() => DefaultStorefrontFactory$$SpringCGLIB$$0(com.bharatshop.factory.impl.DefaultStorefrontFactory@30b35687)
2026-01-07 19:51:37.459 [39mDEBUG[0;39m [0fcb48b6-8aa0-41ed-8e8d-cd8350d8c817] [http-nio-8081-exec-4] c.b.c.logging.MethodLoggingAspect - Factory result: FactoryProvider.getFactory() => DefaultStorefrontFactory$$SpringCGLIB$$0(com.bharatshop.factory.impl.DefaultStorefrontFactory@30b35687)
2026-01-07 19:51:37.459 [39mDEBUG[0;39m [07b03cb3-8710-40eb-8a8b-8549b13b0c19] [http-nio-8081-exec-6] c.b.c.logging.MethodLoggingAspect - Factory enter: DefaultStorefrontFactory.products() args=[]
2026-01-07 19:51:37.461 [39mDEBUG[0;39m [0fcb48b6-8aa0-41ed-8e8d-cd8350d8c817] [http-nio-8081-exec-4] c.b.c.logging.MethodLoggingAspect - Factory enter: DefaultStorefrontFactory.stores() args=[]
2026-01-07 19:51:37.461 [34mINFO [0;39m [07b03cb3-8710-40eb-8a8b-8549b13b0c19] [http-nio-8081-exec-6] c.b.c.logging.MethodLoggingAspect - Factory exit: DefaultStorefrontFactory.products() (2 ms)
2026-01-07 19:51:37.461 [34mINFO [0;39m [0fcb48b6-8aa0-41ed-8e8d-cd8350d8c817] [http-nio-8081-exec-4] c.b.c.logging.MethodLoggingAspect - Factory exit: DefaultStorefrontFactory.stores() (0 ms)
2026-01-07 19:51:37.461 [39mDEBUG[0;39m [07b03cb3-8710-40eb-8a8b-8549b13b0c19] [http-nio-8081-exec-6] c.b.c.logging.MethodLoggingAspect - Factory result: DefaultStorefrontFactory.products() => (com.bharatshop.factory.impl.DefaultStorefrontFactory$1@7b804d72)
2026-01-07 19:51:37.461 [39mDEBUG[0;39m [0fcb48b6-8aa0-41ed-8e8d-cd8350d8c817] [http-nio-8081-exec-4] c.b.c.logging.MethodLoggingAspect - Factory result: DefaultStorefrontFactory.stores() => (com.bharatshop.factory.impl.DefaultStorefrontFactory$2@529bdb94)
2026-01-07 19:51:37.461 [39mDEBUG[0;39m [07b03cb3-8710-40eb-8a8b-8549b13b0c19] [http-nio-8081-exec-6] c.b.c.logging.MethodLoggingAspect - Service enter: ProductService.getByStore(..) args=[9d72b824-254a-4055-b893-eca7fbb44c7e]
2026-01-07 19:51:37.461 [39mDEBUG[0;39m [0fcb48b6-8aa0-41ed-8e8d-cd8350d8c817] [http-nio-8081-exec-4] c.b.c.logging.MethodLoggingAspect - Service enter: StoreService.get(..) args=[9d72b824-254a-4055-b893-eca7fbb44c7e]
2026-01-07 19:51:37.465 [34mINFO [0;39m [0fcb48b6-8aa0-41ed-8e8d-cd8350d8c817] [http-nio-8081-exec-4] c.b.c.logging.MethodLoggingAspect - Service exit: StoreService.get(..) (4 ms)
2026-01-07 19:51:37.466 [39mDEBUG[0;39m [0fcb48b6-8aa0-41ed-8e8d-cd8350d8c817] [http-nio-8081-exec-4] c.b.c.logging.MethodLoggingAspect - Service result: StoreService.get(..) => Store(com.bharatshop.domain.Store@1c120425)
2026-01-07 19:51:37.466 [34mINFO [0;39m [07b03cb3-8710-40eb-8a8b-8549b13b0c19] [http-nio-8081-exec-6] c.b.c.logging.MethodLoggingAspect - Service exit: ProductService.getByStore(..) (5 ms)
2026-01-07 19:51:37.466 [34mINFO [0;39m [0fcb48b6-8aa0-41ed-8e8d-cd8350d8c817] [http-nio-8081-exec-4] c.b.web.StoreDiscoveryController - Get store success: id=9d72b824-254a-4055-b893-eca7fbb44c7e name=City Pharmacy 
2026-01-07 19:51:37.466 [39mDEBUG[0;39m [07b03cb3-8710-40eb-8a8b-8549b13b0c19] [http-nio-8081-exec-6] c.b.c.logging.MethodLoggingAspect - Service result: ProductService.getByStore(..) => ArrayList[size=1]
2026-01-07 19:51:37.466 [34mINFO [0;39m [0fcb48b6-8aa0-41ed-8e8d-cd8350d8c817] [http-nio-8081-exec-4] c.b.c.logging.MethodLoggingAspect - Controller exit: StoreDiscoveryController.getStore(..) -> status=200 (9 ms)
2026-01-07 19:51:37.466 [39mDEBUG[0;39m [0fcb48b6-8aa0-41ed-8e8d-cd8350d8c817] [http-nio-8081-exec-4] c.b.c.logging.MethodLoggingAspect - Controller result: StoreDiscoveryController.getStore(..) => ResponseEntity(status=200)
2026-01-07 19:51:37.466 [34mINFO [0;39m [07b03cb3-8710-40eb-8a8b-8549b13b0c19] [http-nio-8081-exec-6] c.b.c.logging.MethodLoggingAspect - Controller exit: StoreDiscoveryController.productsByStore(..) -> status=200 (9 ms)
2026-01-07 19:51:37.470 [39mDEBUG[0;39m [07b03cb3-8710-40eb-8a8b-8549b13b0c19] [http-nio-8081-exec-6] c.b.c.logging.MethodLoggingAspect - Controller result: StoreDiscoveryController.productsByStore(..) => ResponseEntity(status=200)
2026-01-07 19:51:37.470 [34mINFO [0;39m [0fcb48b6-8aa0-41ed-8e8d-cd8350d8c817] [http-nio-8081-exec-4] c.b.config.logging.HttpLoggingFilter - GET /api/stores/9d72b824-254a-4055-b893-eca7fbb44c7e -> 200 (14 ms)
2026-01-07 19:51:37.472 [34mINFO [0;39m [0fcb48b6-8aa0-41ed-8e8d-cd8350d8c817] [http-nio-8081-exec-4] c.b.config.logging.HttpLoggingFilter - Headers: auth=present content-type=null accept=application/json, text/plain, */*
2026-01-07 19:51:37.474 [34mINFO [0;39m [0fcb48b6-8aa0-41ed-8e8d-cd8350d8c817] [http-nio-8081-exec-4] c.b.config.logging.HttpLoggingFilter - Response payload: {"id":"9d72b824-254a-4055-b893-eca7fbb44c7e","name":"City Pharmacy","area":"Brigade","category":"pharmacy","status":"open","orderingDisabled":false,"updatedAt":"2026-01-07T13:52:45.314753Z"}
2026-01-07 19:51:37.476 [34mINFO [0;39m [07b03cb3-8710-40eb-8a8b-8549b13b0c19] [http-nio-8081-exec-6] c.b.config.logging.HttpLoggingFilter - GET /api/products?storeId=9d72b824-254a-4055-b893-eca7fbb44c7e -> 200 (20 ms)
2026-01-07 19:51:37.482 [34mINFO [0;39m [07b03cb3-8710-40eb-8a8b-8549b13b0c19] [http-nio-8081-exec-6] c.b.config.logging.HttpLoggingFilter - Headers: auth=present content-type=null accept=application/json, text/plain, */*
2026-01-07 19:51:37.482 [34mINFO [0;39m [07b03cb3-8710-40eb-8a8b-8549b13b0c19] [http-nio-8081-exec-6] c.b.config.logging.HttpLoggingFilter - Response payload: [{"id":"efd3eee1-f2e3-4c6d-b11b-0da02e40c4b3","name":"Paracetamol","price":35.0,"category":"medicine","storeId":"9d72b824-254a-4055-b893-eca7fbb44c7e","active":true}]
2026-01-07 19:51:56.226 [39mDEBUG[0;39m [f1d02458-ceb2-4c43-bece-6c982fa2863a] [http-nio-8081-exec-8] c.b.c.logging.MethodLoggingAspect - Controller enter: StoreDiscoveryController.stores(..) args=[null, null]
2026-01-07 19:51:56.226 [34mINFO [0;39m [f1d02458-ceb2-4c43-bece-6c982fa2863a] [http-nio-8081-exec-8] c.b.web.StoreDiscoveryController - Discover stores: tenant=demo-store search=null category=null
2026-01-07 19:51:56.226 [39mDEBUG[0;39m [f1d02458-ceb2-4c43-bece-6c982fa2863a] [http-nio-8081-exec-8] c.b.c.logging.MethodLoggingAspect - Factory enter: FactoryProvider.getFactory() args=[]
2026-01-07 19:51:56.226 [34mINFO [0;39m [f1d02458-ceb2-4c43-bece-6c982fa2863a] [http-nio-8081-exec-8] c.b.c.logging.MethodLoggingAspect - Factory exit: FactoryProvider.getFactory() (0 ms)
2026-01-07 19:51:56.226 [39mDEBUG[0;39m [f1d02458-ceb2-4c43-bece-6c982fa2863a] [http-nio-8081-exec-8] c.b.c.logging.MethodLoggingAspect - Factory result: FactoryProvider.getFactory() => DefaultStorefrontFactory$$SpringCGLIB$$0(com.bharatshop.factory.impl.DefaultStorefrontFactory@30b35687)
2026-01-07 19:51:56.226 [39mDEBUG[0;39m [f1d02458-ceb2-4c43-bece-6c982fa2863a] [http-nio-8081-exec-8] c.b.c.logging.MethodLoggingAspect - Factory enter: DefaultStorefrontFactory.stores() args=[]
2026-01-07 19:51:56.226 [34mINFO [0;39m [f1d02458-ceb2-4c43-bece-6c982fa2863a] [http-nio-8081-exec-8] c.b.c.logging.MethodLoggingAspect - Factory exit: DefaultStorefrontFactory.stores() (0 ms)
2026-01-07 19:51:56.226 [39mDEBUG[0;39m [f1d02458-ceb2-4c43-bece-6c982fa2863a] [http-nio-8081-exec-8] c.b.c.logging.MethodLoggingAspect - Factory result: DefaultStorefrontFactory.stores() => (com.bharatshop.factory.impl.DefaultStorefrontFactory$2@4609658a)
2026-01-07 19:51:56.226 [39mDEBUG[0;39m [f1d02458-ceb2-4c43-bece-6c982fa2863a] [http-nio-8081-exec-8] c.b.c.logging.MethodLoggingAspect - Service enter: StoreService.list(..) args=[null, null]
2026-01-07 19:51:56.233 [34mINFO [0;39m [f1d02458-ceb2-4c43-bece-6c982fa2863a] [http-nio-8081-exec-8] c.b.c.logging.MethodLoggingAspect - Service exit: StoreService.list(..) (7 ms)
2026-01-07 19:51:56.233 [39mDEBUG[0;39m [f1d02458-ceb2-4c43-bece-6c982fa2863a] [http-nio-8081-exec-8] c.b.c.logging.MethodLoggingAspect - Service result: StoreService.list(..) => ArrayList[size=3]
2026-01-07 19:51:56.233 [34mINFO [0;39m [f1d02458-ceb2-4c43-bece-6c982fa2863a] [http-nio-8081-exec-8] c.b.c.logging.MethodLoggingAspect - Controller exit: StoreDiscoveryController.stores(..) -> status=200 (7 ms)
2026-01-07 19:51:56.237 [39mDEBUG[0;39m [f1d02458-ceb2-4c43-bece-6c982fa2863a] [http-nio-8081-exec-8] c.b.c.logging.MethodLoggingAspect - Controller result: StoreDiscoveryController.stores(..) => ResponseEntity(status=200)
2026-01-07 19:51:56.239 [34mINFO [0;39m [f1d02458-ceb2-4c43-bece-6c982fa2863a] [http-nio-8081-exec-8] c.b.config.logging.HttpLoggingFilter - GET /api/stores?city=Balrampur&lat=27.4235392&lon=82.1854208&lng=82.1854208 -> 200 (13 ms)
2026-01-07 19:51:56.239 [34mINFO [0;39m [f1d02458-ceb2-4c43-bece-6c982fa2863a] [http-nio-8081-exec-8] c.b.config.logging.HttpLoggingFilter - Headers: auth=present content-type=null accept=application/json, text/plain, */*
2026-01-07 19:51:56.241 [34mINFO [0;39m [f1d02458-ceb2-4c43-bece-6c982fa2863a] [http-nio-8081-exec-8] c.b.config.logging.HttpLoggingFilter - Response payload: [{"id":"9d72b824-254a-4055-b893-eca7fbb44c7e","name":"City Pharmacy","area":"Brigade","category":"pharmacy","status":"open","orderingDisabled":false,"updatedAt":"2026-01-07T13:52:45.314753Z"},{"id":"fcc0735f-7395-4acc-a086-40195c7ff4c1","name":"Fresh Mart","area":"MG Road","category":"grocery","status":"open","orderingDisabled":false,"updatedAt":"2026-01-07T13:52:45.229915Z"},{"id":"e3a21b9e-4c25-4ef4-928d-0c2b3c7d8830","name":"Sunrise Hotel","area":"Beach","category":"hospitality","status":"open","orderingDisabled":false,"updatedAt":"2026-01-07T13:52:45.318432Z"}]
2026-01-07 19:52:02.536 [39mDEBUG[0;39m [486e883d-2c30-4254-9710-8cac0b25acc6] [http-nio-8081-exec-5] c.b.c.logging.MethodLoggingAspect - Controller enter: StoreDiscoveryController.stores(..) args=[null, null]
2026-01-07 19:52:02.536 [34mINFO [0;39m [486e883d-2c30-4254-9710-8cac0b25acc6] [http-nio-8081-exec-5] c.b.web.StoreDiscoveryController - Discover stores: tenant=demo-store search=null category=null
2026-01-07 19:52:02.536 [39mDEBUG[0;39m [486e883d-2c30-4254-9710-8cac0b25acc6] [http-nio-8081-exec-5] c.b.c.logging.MethodLoggingAspect - Factory enter: FactoryProvider.getFactory() args=[]
2026-01-07 19:52:02.536 [34mINFO [0;39m [486e883d-2c30-4254-9710-8cac0b25acc6] [http-nio-8081-exec-5] c.b.c.logging.MethodLoggingAspect - Factory exit: FactoryProvider.getFactory() (0 ms)
2026-01-07 19:52:02.539 [39mDEBUG[0;39m [486e883d-2c30-4254-9710-8cac0b25acc6] [http-nio-8081-exec-5] c.b.c.logging.MethodLoggingAspect - Factory result: FactoryProvider.getFactory() => DefaultStorefrontFactory$$SpringCGLIB$$0(com.bharatshop.factory.impl.DefaultStorefrontFactory@30b35687)
2026-01-07 19:52:02.539 [39mDEBUG[0;39m [486e883d-2c30-4254-9710-8cac0b25acc6] [http-nio-8081-exec-5] c.b.c.logging.MethodLoggingAspect - Factory enter: DefaultStorefrontFactory.stores() args=[]
2026-01-07 19:52:02.539 [34mINFO [0;39m [486e883d-2c30-4254-9710-8cac0b25acc6] [http-nio-8081-exec-5] c.b.c.logging.MethodLoggingAspect - Factory exit: DefaultStorefrontFactory.stores() (0 ms)
2026-01-07 19:52:02.539 [39mDEBUG[0;39m [486e883d-2c30-4254-9710-8cac0b25acc6] [http-nio-8081-exec-5] c.b.c.logging.MethodLoggingAspect - Factory result: DefaultStorefrontFactory.stores() => (com.bharatshop.factory.impl.DefaultStorefrontFactory$2@54b0b6fa)
2026-01-07 19:52:02.539 [39mDEBUG[0;39m [486e883d-2c30-4254-9710-8cac0b25acc6] [http-nio-8081-exec-5] c.b.c.logging.MethodLoggingAspect - Service enter: StoreService.list(..) args=[null, null]
2026-01-07 19:52:02.548 [34mINFO [0;39m [486e883d-2c30-4254-9710-8cac0b25acc6] [http-nio-8081-exec-5] c.b.c.logging.MethodLoggingAspect - Service exit: StoreService.list(..) (9 ms)
2026-01-07 19:52:02.561 [39mDEBUG[0;39m [486e883d-2c30-4254-9710-8cac0b25acc6] [http-nio-8081-exec-5] c.b.c.logging.MethodLoggingAspect - Service result: StoreService.list(..) => ArrayList[size=3]
2026-01-07 19:52:02.563 [34mINFO [0;39m [486e883d-2c30-4254-9710-8cac0b25acc6] [http-nio-8081-exec-5] c.b.c.logging.MethodLoggingAspect - Controller exit: StoreDiscoveryController.stores(..) -> status=200 (27 ms)
2026-01-07 19:52:02.565 [39mDEBUG[0;39m [486e883d-2c30-4254-9710-8cac0b25acc6] [http-nio-8081-exec-5] c.b.c.logging.MethodLoggingAspect - Controller result: StoreDiscoveryController.stores(..) => ResponseEntity(status=200)
2026-01-07 19:52:02.567 [34mINFO [0;39m [486e883d-2c30-4254-9710-8cac0b25acc6] [http-nio-8081-exec-5] c.b.config.logging.HttpLoggingFilter - GET /api/stores?city=Balrampur&lat=27.4235392&lon=82.1854208&lng=82.1854208 -> 200 (33 ms)
2026-01-07 19:52:02.567 [34mINFO [0;39m [486e883d-2c30-4254-9710-8cac0b25acc6] [http-nio-8081-exec-5] c.b.config.logging.HttpLoggingFilter - Headers: auth=present content-type=null accept=application/json, text/plain, */*
2026-01-07 19:52:02.567 [34mINFO [0;39m [486e883d-2c30-4254-9710-8cac0b25acc6] [http-nio-8081-exec-5] c.b.config.logging.HttpLoggingFilter - Response payload: [{"id":"9d72b824-254a-4055-b893-eca7fbb44c7e","name":"City Pharmacy","area":"Brigade","category":"pharmacy","status":"open","orderingDisabled":false,"updatedAt":"2026-01-07T13:52:45.314753Z"},{"id":"fcc0735f-7395-4acc-a086-40195c7ff4c1","name":"Fresh Mart","area":"MG Road","category":"grocery","status":"open","orderingDisabled":false,"updatedAt":"2026-01-07T13:52:45.229915Z"},{"id":"e3a21b9e-4c25-4ef4-928d-0c2b3c7d8830","name":"Sunrise Hotel","area":"Beach","category":"hospitality","status":"open","orderingDisabled":false,"updatedAt":"2026-01-07T13:52:45.318432Z"}]
2026-01-07 19:52:07.483 [39mDEBUG[0;39m [5fa3c624-1ae8-4461-b8c1-60990a378f25] [http-nio-8081-exec-7] c.b.c.logging.MethodLoggingAspect - Controller enter: OrdersController.orders() args=[]
2026-01-07 19:52:07.484 [34mINFO [0;39m [5fa3c624-1ae8-4461-b8c1-60990a378f25] [http-nio-8081-exec-7] com.bharatshop.web.OrdersController - List orders: tenant=demo-store userId=1429b5f9-042c-4723-af34-4b6025b95c7a
2026-01-07 19:52:07.486 [39mDEBUG[0;39m [5fa3c624-1ae8-4461-b8c1-60990a378f25] [http-nio-8081-exec-7] c.b.c.logging.MethodLoggingAspect - Factory enter: FactoryProvider.getFactory() args=[]
2026-01-07 19:52:07.486 [34mINFO [0;39m [5fa3c624-1ae8-4461-b8c1-60990a378f25] [http-nio-8081-exec-7] c.b.c.logging.MethodLoggingAspect - Factory exit: FactoryProvider.getFactory() (2 ms)
2026-01-07 19:52:07.486 [39mDEBUG[0;39m [5fa3c624-1ae8-4461-b8c1-60990a378f25] [http-nio-8081-exec-7] c.b.c.logging.MethodLoggingAspect - Factory result: FactoryProvider.getFactory() => DefaultStorefrontFactory$$SpringCGLIB$$0(com.bharatshop.factory.impl.DefaultStorefrontFactory@30b35687)
2026-01-07 19:52:07.486 [39mDEBUG[0;39m [5fa3c624-1ae8-4461-b8c1-60990a378f25] [http-nio-8081-exec-7] c.b.c.logging.MethodLoggingAspect - Factory enter: DefaultStorefrontFactory.orders() args=[]
2026-01-07 19:52:07.490 [34mINFO [0;39m [5fa3c624-1ae8-4461-b8c1-60990a378f25] [http-nio-8081-exec-7] c.b.c.logging.MethodLoggingAspect - Factory exit: DefaultStorefrontFactory.orders() (4 ms)
2026-01-07 19:52:07.490 [39mDEBUG[0;39m [5fa3c624-1ae8-4461-b8c1-60990a378f25] [http-nio-8081-exec-7] c.b.c.logging.MethodLoggingAspect - Factory result: DefaultStorefrontFactory.orders() => (com.bharatshop.factory.impl.DefaultStorefrontFactory$3@468d9a30)
2026-01-07 19:52:07.490 [39mDEBUG[0;39m [5fa3c624-1ae8-4461-b8c1-60990a378f25] [http-nio-8081-exec-7] c.b.c.logging.MethodLoggingAspect - Service enter: OrderService.listOrders(..) args=[1429b5f9-042c-4723-af34-4b6025b95c7a]
2026-01-07 19:52:07.511 [34mINFO [0;39m [5fa3c624-1ae8-4461-b8c1-60990a378f25] [http-nio-8081-exec-7] c.b.c.logging.MethodLoggingAspect - Service exit: OrderService.listOrders(..) (21 ms)
2026-01-07 19:52:07.511 [39mDEBUG[0;39m [5fa3c624-1ae8-4461-b8c1-60990a378f25] [http-nio-8081-exec-7] c.b.c.logging.MethodLoggingAspect - Service result: OrderService.listOrders(..) => ArrayList[size=0]
2026-01-07 19:52:07.511 [34mINFO [0;39m [5fa3c624-1ae8-4461-b8c1-60990a378f25] [http-nio-8081-exec-7] com.bharatshop.web.OrdersController - Orders fetched: count=0
2026-01-07 19:52:07.513 [34mINFO [0;39m [5fa3c624-1ae8-4461-b8c1-60990a378f25] [http-nio-8081-exec-7] c.b.c.logging.MethodLoggingAspect - Controller exit: OrdersController.orders() -> status=200 (30 ms)
2026-01-07 19:52:07.513 [39mDEBUG[0;39m [5fa3c624-1ae8-4461-b8c1-60990a378f25] [http-nio-8081-exec-7] c.b.c.logging.MethodLoggingAspect - Controller result: OrdersController.orders() => ResponseEntity(status=200)
2026-01-07 19:52:07.516 [34mINFO [0;39m [5fa3c624-1ae8-4461-b8c1-60990a378f25] [http-nio-8081-exec-7] c.b.config.logging.HttpLoggingFilter - GET /api/storefront/orders?page=1&pageSize=10 -> 200 (36 ms)
2026-01-07 19:52:07.517 [34mINFO [0;39m [5fa3c624-1ae8-4461-b8c1-60990a378f25] [http-nio-8081-exec-7] c.b.config.logging.HttpLoggingFilter - Headers: auth=present content-type=null accept=application/json, text/plain, */*
2026-01-07 19:52:07.517 [34mINFO [0;39m [5fa3c624-1ae8-4461-b8c1-60990a378f25] [http-nio-8081-exec-7] c.b.config.logging.HttpLoggingFilter - Response payload: []
2026-01-07 19:52:07.529 [39mDEBUG[0;39m [06e5bf71-5d16-47cd-9591-ed64947cfda9] [http-nio-8081-exec-9] c.b.c.logging.MethodLoggingAspect - Controller enter: OrdersController.orders() args=[]
2026-01-07 19:52:07.533 [34mINFO [0;39m [06e5bf71-5d16-47cd-9591-ed64947cfda9] [http-nio-8081-exec-9] com.bharatshop.web.OrdersController - List orders: tenant=demo-store userId=1429b5f9-042c-4723-af34-4b6025b95c7a
2026-01-07 19:52:07.533 [39mDEBUG[0;39m [06e5bf71-5d16-47cd-9591-ed64947cfda9] [http-nio-8081-exec-9] c.b.c.logging.MethodLoggingAspect - Factory enter: FactoryProvider.getFactory() args=[]
2026-01-07 19:52:07.533 [34mINFO [0;39m [06e5bf71-5d16-47cd-9591-ed64947cfda9] [http-nio-8081-exec-9] c.b.c.logging.MethodLoggingAspect - Factory exit: FactoryProvider.getFactory() (0 ms)
2026-01-07 19:52:07.534 [39mDEBUG[0;39m [06e5bf71-5d16-47cd-9591-ed64947cfda9] [http-nio-8081-exec-9] c.b.c.logging.MethodLoggingAspect - Factory result: FactoryProvider.getFactory() => DefaultStorefrontFactory$$SpringCGLIB$$0(com.bharatshop.factory.impl.DefaultStorefrontFactory@30b35687)
2026-01-07 19:52:07.534 [39mDEBUG[0;39m [06e5bf71-5d16-47cd-9591-ed64947cfda9] [http-nio-8081-exec-9] c.b.c.logging.MethodLoggingAspect - Factory enter: DefaultStorefrontFactory.orders() args=[]
2026-01-07 19:52:07.534 [34mINFO [0;39m [06e5bf71-5d16-47cd-9591-ed64947cfda9] [http-nio-8081-exec-9] c.b.c.logging.MethodLoggingAspect - Factory exit: DefaultStorefrontFactory.orders() (0 ms)
2026-01-07 19:52:07.534 [39mDEBUG[0;39m [06e5bf71-5d16-47cd-9591-ed64947cfda9] [http-nio-8081-exec-9] c.b.c.logging.MethodLoggingAspect - Factory result: DefaultStorefrontFactory.orders() => (com.bharatshop.factory.impl.DefaultStorefrontFactory$3@6340a51a)
2026-01-07 19:52:07.534 [39mDEBUG[0;39m [06e5bf71-5d16-47cd-9591-ed64947cfda9] [http-nio-8081-exec-9] c.b.c.logging.MethodLoggingAspect - Service enter: OrderService.listOrders(..) args=[1429b5f9-042c-4723-af34-4b6025b95c7a]
2026-01-07 19:52:07.541 [34mINFO [0;39m [06e5bf71-5d16-47cd-9591-ed64947cfda9] [http-nio-8081-exec-9] c.b.c.logging.MethodLoggingAspect - Service exit: OrderService.listOrders(..) (7 ms)
2026-01-07 19:52:07.541 [39mDEBUG[0;39m [06e5bf71-5d16-47cd-9591-ed64947cfda9] [http-nio-8081-exec-9] c.b.c.logging.MethodLoggingAspect - Service result: OrderService.listOrders(..) => ArrayList[size=0]
2026-01-07 19:52:07.541 [34mINFO [0;39m [06e5bf71-5d16-47cd-9591-ed64947cfda9] [http-nio-8081-exec-9] com.bharatshop.web.OrdersController - Orders fetched: count=0
2026-01-07 19:52:07.542 [34mINFO [0;39m [06e5bf71-5d16-47cd-9591-ed64947cfda9] [http-nio-8081-exec-9] c.b.c.logging.MethodLoggingAspect - Controller exit: OrdersController.orders() -> status=200 (13 ms)
2026-01-07 19:52:07.542 [39mDEBUG[0;39m [06e5bf71-5d16-47cd-9591-ed64947cfda9] [http-nio-8081-exec-9] c.b.c.logging.MethodLoggingAspect - Controller result: OrdersController.orders() => ResponseEntity(status=200)
2026-01-07 19:52:07.544 [34mINFO [0;39m [06e5bf71-5d16-47cd-9591-ed64947cfda9] [http-nio-8081-exec-9] c.b.config.logging.HttpLoggingFilter - GET /api/storefront/orders?page=1&pageSize=10 -> 200 (15 ms)
2026-01-07 19:52:07.544 [34mINFO [0;39m [06e5bf71-5d16-47cd-9591-ed64947cfda9] [http-nio-8081-exec-9] c.b.config.logging.HttpLoggingFilter - Headers: auth=present content-type=null accept=application/json, text/plain, */*
2026-01-07 19:52:07.544 [34mINFO [0;39m [06e5bf71-5d16-47cd-9591-ed64947cfda9] [http-nio-8081-exec-9] c.b.config.logging.HttpLoggingFilter - Response payload: []
2026-01-07 19:52:14.397 [39mDEBUG[0;39m [e9b8f81b-d940-4525-b31c-114fb9098d51] [http-nio-8081-exec-10] c.b.c.logging.MethodLoggingAspect - Controller enter: StoreDiscoveryController.stores(..) args=[null, null]
2026-01-07 19:52:14.397 [34mINFO [0;39m [e9b8f81b-d940-4525-b31c-114fb9098d51] [http-nio-8081-exec-10] c.b.web.StoreDiscoveryController - Discover stores: tenant=demo-store search=null category=null
2026-01-07 19:52:14.397 [39mDEBUG[0;39m [e9b8f81b-d940-4525-b31c-114fb9098d51] [http-nio-8081-exec-10] c.b.c.logging.MethodLoggingAspect - Factory enter: FactoryProvider.getFactory() args=[]
2026-01-07 19:52:14.400 [34mINFO [0;39m [e9b8f81b-d940-4525-b31c-114fb9098d51] [http-nio-8081-exec-10] c.b.c.logging.MethodLoggingAspect - Factory exit: FactoryProvider.getFactory() (3 ms)
2026-01-07 19:52:14.400 [39mDEBUG[0;39m [e9b8f81b-d940-4525-b31c-114fb9098d51] [http-nio-8081-exec-10] c.b.c.logging.MethodLoggingAspect - Factory result: FactoryProvider.getFactory() => DefaultStorefrontFactory$$SpringCGLIB$$0(com.bharatshop.factory.impl.DefaultStorefrontFactory@30b35687)
2026-01-07 19:52:14.400 [39mDEBUG[0;39m [e9b8f81b-d940-4525-b31c-114fb9098d51] [http-nio-8081-exec-10] c.b.c.logging.MethodLoggingAspect - Factory enter: DefaultStorefrontFactory.stores() args=[]
2026-01-07 19:52:14.402 [34mINFO [0;39m [e9b8f81b-d940-4525-b31c-114fb9098d51] [http-nio-8081-exec-10] c.b.c.logging.MethodLoggingAspect - Factory exit: DefaultStorefrontFactory.stores() (2 ms)
2026-01-07 19:52:14.402 [39mDEBUG[0;39m [e9b8f81b-d940-4525-b31c-114fb9098d51] [http-nio-8081-exec-10] c.b.c.logging.MethodLoggingAspect - Factory result: DefaultStorefrontFactory.stores() => (com.bharatshop.factory.impl.DefaultStorefrontFactory$2@53402f97)
2026-01-07 19:52:14.402 [39mDEBUG[0;39m [e9b8f81b-d940-4525-b31c-114fb9098d51] [http-nio-8081-exec-10] c.b.c.logging.MethodLoggingAspect - Service enter: StoreService.list(..) args=[null, null]
2026-01-07 19:52:14.409 [34mINFO [0;39m [e9b8f81b-d940-4525-b31c-114fb9098d51] [http-nio-8081-exec-10] c.b.c.logging.MethodLoggingAspect - Service exit: StoreService.list(..) (7 ms)
2026-01-07 19:52:14.409 [39mDEBUG[0;39m [e9b8f81b-d940-4525-b31c-114fb9098d51] [http-nio-8081-exec-10] c.b.c.logging.MethodLoggingAspect - Service result: StoreService.list(..) => ArrayList[size=3]
2026-01-07 19:52:14.412 [34mINFO [0;39m [e9b8f81b-d940-4525-b31c-114fb9098d51] [http-nio-8081-exec-10] c.b.c.logging.MethodLoggingAspect - Controller exit: StoreDiscoveryController.stores(..) -> status=200 (15 ms)
2026-01-07 19:52:14.412 [39mDEBUG[0;39m [e9b8f81b-d940-4525-b31c-114fb9098d51] [http-nio-8081-exec-10] c.b.c.logging.MethodLoggingAspect - Controller result: StoreDiscoveryController.stores(..) => ResponseEntity(status=200)
2026-01-07 19:52:14.415 [34mINFO [0;39m [e9b8f81b-d940-4525-b31c-114fb9098d51] [http-nio-8081-exec-10] c.b.config.logging.HttpLoggingFilter - GET /api/stores -> 200 (20 ms)
2026-01-07 19:52:14.416 [34mINFO [0;39m [e9b8f81b-d940-4525-b31c-114fb9098d51] [http-nio-8081-exec-10] c.b.config.logging.HttpLoggingFilter - Headers: auth=absent content-type=null accept=application/json, text/plain, */*
2026-01-07 19:52:14.417 [34mINFO [0;39m [e9b8f81b-d940-4525-b31c-114fb9098d51] [http-nio-8081-exec-10] c.b.config.logging.HttpLoggingFilter - Response payload: [{"id":"9d72b824-254a-4055-b893-eca7fbb44c7e","name":"City Pharmacy","area":"Brigade","category":"pharmacy","status":"open","orderingDisabled":false,"updatedAt":"2026-01-07T13:52:45.314753Z"},{"id":"fcc0735f-7395-4acc-a086-40195c7ff4c1","name":"Fresh Mart","area":"MG Road","category":"grocery","status":"open","orderingDisabled":false,"updatedAt":"2026-01-07T13:52:45.229915Z"},{"id":"e3a21b9e-4c25-4ef4-928d-0c2b3c7d8830","name":"Sunrise Hotel","area":"Beach","category":"hospitality","status":"open","orderingDisabled":false,"updatedAt":"2026-01-07T13:52:45.318432Z"}]
2026-01-07 19:52:22.756 [39mDEBUG[0;39m [6a25274e-f2b9-4077-90a2-e9f1dc103e5d] [http-nio-8081-exec-3] c.b.c.logging.MethodLoggingAspect - Controller enter: StoreDiscoveryController.stores(..) args=[null, null]
2026-01-07 19:52:22.758 [34mINFO [0;39m [6a25274e-f2b9-4077-90a2-e9f1dc103e5d] [http-nio-8081-exec-3] c.b.web.StoreDiscoveryController - Discover stores: tenant=demo-store search=null category=null
2026-01-07 19:52:22.758 [39mDEBUG[0;39m [6a25274e-f2b9-4077-90a2-e9f1dc103e5d] [http-nio-8081-exec-3] c.b.c.logging.MethodLoggingAspect - Factory enter: FactoryProvider.getFactory() args=[]
2026-01-07 19:52:22.758 [34mINFO [0;39m [6a25274e-f2b9-4077-90a2-e9f1dc103e5d] [http-nio-8081-exec-3] c.b.c.logging.MethodLoggingAspect - Factory exit: FactoryProvider.getFactory() (0 ms)
2026-01-07 19:52:22.758 [39mDEBUG[0;39m [6a25274e-f2b9-4077-90a2-e9f1dc103e5d] [http-nio-8081-exec-3] c.b.c.logging.MethodLoggingAspect - Factory result: FactoryProvider.getFactory() => DefaultStorefrontFactory$$SpringCGLIB$$0(com.bharatshop.factory.impl.DefaultStorefrontFactory@30b35687)
2026-01-07 19:52:22.758 [39mDEBUG[0;39m [6a25274e-f2b9-4077-90a2-e9f1dc103e5d] [http-nio-8081-exec-3] c.b.c.logging.MethodLoggingAspect - Factory enter: DefaultStorefrontFactory.stores() args=[]
2026-01-07 19:52:22.758 [34mINFO [0;39m [6a25274e-f2b9-4077-90a2-e9f1dc103e5d] [http-nio-8081-exec-3] c.b.c.logging.MethodLoggingAspect - Factory exit: DefaultStorefrontFactory.stores() (0 ms)
2026-01-07 19:52:22.758 [39mDEBUG[0;39m [6a25274e-f2b9-4077-90a2-e9f1dc103e5d] [http-nio-8081-exec-3] c.b.c.logging.MethodLoggingAspect - Factory result: DefaultStorefrontFactory.stores() => (com.bharatshop.factory.impl.DefaultStorefrontFactory$2@5a848243)
2026-01-07 19:52:22.760 [39mDEBUG[0;39m [6a25274e-f2b9-4077-90a2-e9f1dc103e5d] [http-nio-8081-exec-3] c.b.c.logging.MethodLoggingAspect - Service enter: StoreService.list(..) args=[null, null]
2026-01-07 19:52:22.766 [34mINFO [0;39m [6a25274e-f2b9-4077-90a2-e9f1dc103e5d] [http-nio-8081-exec-3] c.b.c.logging.MethodLoggingAspect - Service exit: StoreService.list(..) (6 ms)
2026-01-07 19:52:22.766 [39mDEBUG[0;39m [6a25274e-f2b9-4077-90a2-e9f1dc103e5d] [http-nio-8081-exec-3] c.b.c.logging.MethodLoggingAspect - Service result: StoreService.list(..) => ArrayList[size=3]
2026-01-07 19:52:22.768 [34mINFO [0;39m [6a25274e-f2b9-4077-90a2-e9f1dc103e5d] [http-nio-8081-exec-3] c.b.c.logging.MethodLoggingAspect - Controller exit: StoreDiscoveryController.stores(..) -> status=200 (12 ms)
2026-01-07 19:52:22.768 [39mDEBUG[0;39m [6a25274e-f2b9-4077-90a2-e9f1dc103e5d] [http-nio-8081-exec-3] c.b.c.logging.MethodLoggingAspect - Controller result: StoreDiscoveryController.stores(..) => ResponseEntity(status=200)
2026-01-07 19:52:22.770 [34mINFO [0;39m [6a25274e-f2b9-4077-90a2-e9f1dc103e5d] [http-nio-8081-exec-3] c.b.config.logging.HttpLoggingFilter - GET /api/stores -> 200 (16 ms)
2026-01-07 19:52:22.772 [34mINFO [0;39m [6a25274e-f2b9-4077-90a2-e9f1dc103e5d] [http-nio-8081-exec-3] c.b.config.logging.HttpLoggingFilter - Headers: auth=absent content-type=null accept=application/json, text/plain, */*
2026-01-07 19:52:22.772 [34mINFO [0;39m [6a25274e-f2b9-4077-90a2-e9f1dc103e5d] [http-nio-8081-exec-3] c.b.config.logging.HttpLoggingFilter - Response payload: [{"id":"9d72b824-254a-4055-b893-eca7fbb44c7e","name":"City Pharmacy","area":"Brigade","category":"pharmacy","status":"open","orderingDisabled":false,"updatedAt":"2026-01-07T13:52:45.314753Z"},{"id":"fcc0735f-7395-4acc-a086-40195c7ff4c1","name":"Fresh Mart","area":"MG Road","category":"grocery","status":"open","orderingDisabled":false,"updatedAt":"2026-01-07T13:52:45.229915Z"},{"id":"e3a21b9e-4c25-4ef4-928d-0c2b3c7d8830","name":"Sunrise Hotel","area":"Beach","category":"hospitality","status":"open","orderingDisabled":false,"updatedAt":"2026-01-07T13:52:45.318432Z"}]
2026-01-07 19:52:27.885 [39mDEBUG[0;39m [34cc6a9b-8e1f-4d80-a93f-28217bae9442] [http-nio-8081-exec-4] c.b.c.logging.MethodLoggingAspect - Controller enter: EventController.ingest(..) args=[demo-store, LinkedHashMap({name=page_view, payload={page=/bookings, title=MyBookings}, timestamp=1767795747844}), ContentCachingRequestWrapper(org.springframework.web.util.ContentCachingRequestWrapper@5e42810a)]
2026-01-07 19:52:27.887 [34mINFO [0;39m [34cc6a9b-8e1f-4d80-a93f-28217bae9442] [http-nio-8081-exec-4] com.bharatshop.web.EventController - Event ingested: id=evt_d1caf4b9-3d16-42bc-88be-8e3c47586fa3 name=page_view tenant=demo-store userId=null role=null ip=127.0.0.1 ua=Mozilla/5.0 (iPhone; CPU iPhone OS 18_5 like Mac OS X) AppleWebKit/605.1.15 (KHTML, like Gecko) Version/18.5 Mobile/15E148 Safari/604.1 ts=1767795747844 payloadPresent=true
2026-01-07 19:52:27.889 [34mINFO [0;39m [34cc6a9b-8e1f-4d80-a93f-28217bae9442] [http-nio-8081-exec-4] c.b.c.logging.MethodLoggingAspect - Controller exit: EventController.ingest(..) -> status=200 (6 ms)
2026-01-07 19:52:27.889 [39mDEBUG[0;39m [34cc6a9b-8e1f-4d80-a93f-28217bae9442] [http-nio-8081-exec-4] c.b.c.logging.MethodLoggingAspect - Controller result: EventController.ingest(..) => ResponseEntity(status=200)
2026-01-07 19:52:27.889 [39mDEBUG[0;39m [74cf074b-9cc1-49bb-883e-a83e04f57d0f] [http-nio-8081-exec-6] c.b.c.logging.MethodLoggingAspect - Controller enter: EventController.ingest(..) args=[demo-store, LinkedHashMap({name=bookings_fetch_start, payload={source=my_bookings, page=1, pageSize=20}, timestamp=1767795747846}), ContentCachingRequestWrapper(org.springframework.web.util.ContentCachingRequestWrapper@6c588b8c)]
2026-01-07 19:52:27.889 [34mINFO [0;39m [74cf074b-9cc1-49bb-883e-a83e04f57d0f] [http-nio-8081-exec-6] com.bharatshop.web.EventController - Event ingested: id=evt_51c04ffa-d69e-48a2-963b-b4f8ebe1ac74 name=bookings_fetch_start tenant=demo-store userId=null role=null ip=127.0.0.1 ua=Mozilla/5.0 (iPhone; CPU iPhone OS 18_5 like Mac OS X) AppleWebKit/605.1.15 (KHTML, like Gecko) Version/18.5 Mobile/15E148 Safari/604.1 ts=1767795747846 payloadPresent=true
2026-01-07 19:52:27.889 [34mINFO [0;39m [74cf074b-9cc1-49bb-883e-a83e04f57d0f] [http-nio-8081-exec-6] c.b.c.logging.MethodLoggingAspect - Controller exit: EventController.ingest(..) -> status=200 (0 ms)
2026-01-07 19:52:27.891 [39mDEBUG[0;39m [74cf074b-9cc1-49bb-883e-a83e04f57d0f] [http-nio-8081-exec-6] c.b.c.logging.MethodLoggingAspect - Controller result: EventController.ingest(..) => ResponseEntity(status=200)
2026-01-07 19:52:27.889 [34mINFO [0;39m [34cc6a9b-8e1f-4d80-a93f-28217bae9442] [http-nio-8081-exec-4] c.b.config.logging.HttpLoggingFilter - POST /api/events -> 200 (18 ms)
2026-01-07 19:52:27.891 [39mDEBUG[0;39m [fee38e2e-5d33-4e3b-b4f1-34c10d8d8988] [http-nio-8081-exec-8] c.b.c.logging.MethodLoggingAspect - Controller enter: EventController.ingest(..) args=[demo-store, LinkedHashMap({name=page_view, payload={page=/bookings, title=MyBookings}, timestamp=1767795747846}), ContentCachingRequestWrapper(org.springframework.web.util.ContentCachingRequestWrapper@4ee0aee8)]
2026-01-07 19:52:27.891 [34mINFO [0;39m [34cc6a9b-8e1f-4d80-a93f-28217bae9442] [http-nio-8081-exec-4] c.b.config.logging.HttpLoggingFilter - Headers: auth=absent content-type=application/json accept=application/json, text/plain, */*
2026-01-07 19:52:27.891 [34mINFO [0;39m [fee38e2e-5d33-4e3b-b4f1-34c10d8d8988] [http-nio-8081-exec-8] com.bharatshop.web.EventController - Event ingested: id=evt_927356dc-a8e7-4ccd-959b-e7e9cfc2a36f name=page_view tenant=demo-store userId=null role=null ip=127.0.0.1 ua=Mozilla/5.0 (iPhone; CPU iPhone OS 18_5 like Mac OS X) AppleWebKit/605.1.15 (KHTML, like Gecko) Version/18.5 Mobile/15E148 Safari/604.1 ts=1767795747846 payloadPresent=true
2026-01-07 19:52:27.891 [34mINFO [0;39m [34cc6a9b-8e1f-4d80-a93f-28217bae9442] [http-nio-8081-exec-4] c.b.config.logging.HttpLoggingFilter - Request payload: {"name":"page_view","payload":{"page":"/bookings","title":"MyBookings"},"timestamp":1767795747844}
2026-01-07 19:52:27.893 [34mINFO [0;39m [fee38e2e-5d33-4e3b-b4f1-34c10d8d8988] [http-nio-8081-exec-8] c.b.c.logging.MethodLoggingAspect - Controller exit: EventController.ingest(..) -> status=200 (2 ms)
2026-01-07 19:52:27.893 [34mINFO [0;39m [34cc6a9b-8e1f-4d80-a93f-28217bae9442] [http-nio-8081-exec-4] c.b.config.logging.HttpLoggingFilter - Response payload: {"id":"evt_d1caf4b9-3d16-42bc-88be-8e3c47586fa3","ok":true}
2026-01-07 19:52:27.893 [39mDEBUG[0;39m [fee38e2e-5d33-4e3b-b4f1-34c10d8d8988] [http-nio-8081-exec-8] c.b.c.logging.MethodLoggingAspect - Controller result: EventController.ingest(..) => ResponseEntity(status=200)
2026-01-07 19:52:27.895 [34mINFO [0;39m [fee38e2e-5d33-4e3b-b4f1-34c10d8d8988] [http-nio-8081-exec-8] c.b.config.logging.HttpLoggingFilter - POST /api/events -> 200 (6 ms)
2026-01-07 19:52:27.895 [34mINFO [0;39m [fee38e2e-5d33-4e3b-b4f1-34c10d8d8988] [http-nio-8081-exec-8] c.b.config.logging.HttpLoggingFilter - Headers: auth=absent content-type=application/json accept=application/json, text/plain, */*
2026-01-07 19:52:27.895 [34mINFO [0;39m [fee38e2e-5d33-4e3b-b4f1-34c10d8d8988] [http-nio-8081-exec-8] c.b.config.logging.HttpLoggingFilter - Request payload: {"name":"page_view","payload":{"page":"/bookings","title":"MyBookings"},"timestamp":1767795747846}
2026-01-07 19:52:27.895 [34mINFO [0;39m [fee38e2e-5d33-4e3b-b4f1-34c10d8d8988] [http-nio-8081-exec-8] c.b.config.logging.HttpLoggingFilter - Response payload: {"id":"evt_927356dc-a8e7-4ccd-959b-e7e9cfc2a36f","ok":true}
2026-01-07 19:52:27.893 [39mDEBUG[0;39m [3f2d158e-3414-479d-b164-35e3a68cb74e] [http-nio-8081-exec-5] c.b.c.logging.MethodLoggingAspect - Controller enter: EventController.ingest(..) args=[demo-store, LinkedHashMap({name=bookings_fetch_start, payload={source=my_bookings, page=1, pageSize=20}, timestamp=1767795747845}), ContentCachingRequestWrapper(org.springframework.web.util.ContentCachingRequestWrapper@b043307)]
2026-01-07 19:52:27.897 [34mINFO [0;39m [74cf074b-9cc1-49bb-883e-a83e04f57d0f] [http-nio-8081-exec-6] c.b.config.logging.HttpLoggingFilter - POST /api/events -> 200 (21 ms)
2026-01-07 19:52:27.897 [34mINFO [0;39m [3f2d158e-3414-479d-b164-35e3a68cb74e] [http-nio-8081-exec-5] com.bharatshop.web.EventController - Event ingested: id=evt_fac92811-e392-494e-adc0-3e04c49c5819 name=bookings_fetch_start tenant=demo-store userId=null role=null ip=127.0.0.1 ua=Mozilla/5.0 (iPhone; CPU iPhone OS 18_5 like Mac OS X) AppleWebKit/605.1.15 (KHTML, like Gecko) Version/18.5 Mobile/15E148 Safari/604.1 ts=1767795747845 payloadPresent=true
2026-01-07 19:52:27.899 [34mINFO [0;39m [74cf074b-9cc1-49bb-883e-a83e04f57d0f] [http-nio-8081-exec-6] c.b.config.logging.HttpLoggingFilter - Headers: auth=absent content-type=application/json accept=application/json, text/plain, */*
2026-01-07 19:52:27.899 [34mINFO [0;39m [3f2d158e-3414-479d-b164-35e3a68cb74e] [http-nio-8081-exec-5] c.b.c.logging.MethodLoggingAspect - Controller exit: EventController.ingest(..) -> status=200 (6 ms)
2026-01-07 19:52:27.899 [34mINFO [0;39m [74cf074b-9cc1-49bb-883e-a83e04f57d0f] [http-nio-8081-exec-6] c.b.config.logging.HttpLoggingFilter - Request payload: {"name":"bookings_fetch_start","payload":{"source":"my_bookings","page":1,"pageSize":20},"timestamp":1767795747846}
2026-01-07 19:52:27.899 [39mDEBUG[0;39m [3f2d158e-3414-479d-b164-35e3a68cb74e] [http-nio-8081-exec-5] c.b.c.logging.MethodLoggingAspect - Controller result: EventController.ingest(..) => ResponseEntity(status=200)
2026-01-07 19:52:27.899 [34mINFO [0;39m [74cf074b-9cc1-49bb-883e-a83e04f57d0f] [http-nio-8081-exec-6] c.b.config.logging.HttpLoggingFilter - Response payload: {"id":"evt_51c04ffa-d69e-48a2-963b-b4f8ebe1ac74","ok":true}
2026-01-07 19:52:27.901 [34mINFO [0;39m [3f2d158e-3414-479d-b164-35e3a68cb74e] [http-nio-8081-exec-5] c.b.config.logging.HttpLoggingFilter - POST /api/events -> 200 (10 ms)
2026-01-07 19:52:27.914 [34mINFO [0;39m [3f2d158e-3414-479d-b164-35e3a68cb74e] [http-nio-8081-exec-5] c.b.config.logging.HttpLoggingFilter - Headers: auth=absent content-type=application/json accept=application/json, text/plain, */*
2026-01-07 19:52:27.916 [34mINFO [0;39m [3f2d158e-3414-479d-b164-35e3a68cb74e] [http-nio-8081-exec-5] c.b.config.logging.HttpLoggingFilter - Request payload: {"name":"bookings_fetch_start","payload":{"source":"my_bookings","page":1,"pageSize":20},"timestamp":1767795747845}
2026-01-07 19:52:27.918 [34mINFO [0;39m [3f2d158e-3414-479d-b164-35e3a68cb74e] [http-nio-8081-exec-5] c.b.config.logging.HttpLoggingFilter - Response payload: {"id":"evt_fac92811-e392-494e-adc0-3e04c49c5819","ok":true}
2026-01-07 19:52:27.977 [39mDEBUG[0;39m [737b02fe-24e5-4d97-bffa-584028ab07ef] [http-nio-8081-exec-10] c.b.c.logging.MethodLoggingAspect - Controller enter: EventController.ingest(..) args=[demo-store, LinkedHashMap({name=bookings_fetch_success, payload={source=my_bookings, count=0, total=null, page=1, pageSize=20}, timestamp=1767795747958}), ContentCachingRequestWrapper(org.springframework.web.util.ContentCachingRequestWrapper@6deaecfa)]
2026-01-07 19:52:27.980 [34mINFO [0;39m [737b02fe-24e5-4d97-bffa-584028ab07ef] [http-nio-8081-exec-10] com.bharatshop.web.EventController - Event ingested: id=evt_f26cad3c-138a-4790-9db7-8b095121829c name=bookings_fetch_success tenant=demo-store userId=null role=null ip=127.0.0.1 ua=Mozilla/5.0 (iPhone; CPU iPhone OS 18_5 like Mac OS X) AppleWebKit/605.1.15 (KHTML, like Gecko) Version/18.5 Mobile/15E148 Safari/604.1 ts=1767795747958 payloadPresent=true
2026-01-07 19:52:27.980 [34mINFO [0;39m [737b02fe-24e5-4d97-bffa-584028ab07ef] [http-nio-8081-exec-10] c.b.c.logging.MethodLoggingAspect - Controller exit: EventController.ingest(..) -> status=200 (3 ms)
2026-01-07 19:52:27.980 [39mDEBUG[0;39m [737b02fe-24e5-4d97-bffa-584028ab07ef] [http-nio-8081-exec-10] c.b.c.logging.MethodLoggingAspect - Controller result: EventController.ingest(..) => ResponseEntity(status=200)
2026-01-07 19:52:27.980 [39mDEBUG[0;39m [d7bb9c83-7622-4d0b-993f-429bd1eb4cee] [http-nio-8081-exec-1] c.b.c.logging.MethodLoggingAspect - Controller enter: EventController.ingest(..) args=[demo-store, LinkedHashMap({name=bookings_empty, payload={source=my_bookings}, timestamp=1767795747959}), ContentCachingRequestWrapper(org.springframework.web.util.ContentCachingRequestWrapper@1da43f66)]
2026-01-07 19:52:27.982 [34mINFO [0;39m [d7bb9c83-7622-4d0b-993f-429bd1eb4cee] [http-nio-8081-exec-1] com.bharatshop.web.EventController - Event ingested: id=evt_3687c253-592d-4e2d-abf6-3a12b0afb70c name=bookings_empty tenant=demo-store userId=null role=null ip=127.0.0.1 ua=Mozilla/5.0 (iPhone; CPU iPhone OS 18_5 like Mac OS X) AppleWebKit/605.1.15 (KHTML, like Gecko) Version/18.5 Mobile/15E148 Safari/604.1 ts=1767795747959 payloadPresent=true
2026-01-07 19:52:27.982 [34mINFO [0;39m [d7bb9c83-7622-4d0b-993f-429bd1eb4cee] [http-nio-8081-exec-1] c.b.c.logging.MethodLoggingAspect - Controller exit: EventController.ingest(..) -> status=200 (2 ms)
2026-01-07 19:52:27.982 [34mINFO [0;39m [737b02fe-24e5-4d97-bffa-584028ab07ef] [http-nio-8081-exec-10] c.b.config.logging.HttpLoggingFilter - POST /api/events -> 200 (7 ms)
2026-01-07 19:52:27.982 [39mDEBUG[0;39m [d7bb9c83-7622-4d0b-993f-429bd1eb4cee] [http-nio-8081-exec-1] c.b.c.logging.MethodLoggingAspect - Controller result: EventController.ingest(..) => ResponseEntity(status=200)
2026-01-07 19:52:27.982 [34mINFO [0;39m [737b02fe-24e5-4d97-bffa-584028ab07ef] [http-nio-8081-exec-10] c.b.config.logging.HttpLoggingFilter - Headers: auth=absent content-type=application/json accept=application/json, text/plain, */*
2026-01-07 19:52:27.983 [34mINFO [0;39m [737b02fe-24e5-4d97-bffa-584028ab07ef] [http-nio-8081-exec-10] c.b.config.logging.HttpLoggingFilter - Request payload: {"name":"bookings_fetch_success","payload":{"source":"my_bookings","count":0,"total":null,"page":1,"pageSize":20},"timestamp":1767795747958}
2026-01-07 19:52:27.983 [34mINFO [0;39m [737b02fe-24e5-4d97-bffa-584028ab07ef] [http-nio-8081-exec-10] c.b.config.logging.HttpLoggingFilter - Response payload: {"id":"evt_f26cad3c-138a-4790-9db7-8b095121829c","ok":true}
2026-01-07 19:52:27.983 [34mINFO [0;39m [d7bb9c83-7622-4d0b-993f-429bd1eb4cee] [http-nio-8081-exec-1] c.b.config.logging.HttpLoggingFilter - POST /api/events -> 200 (6 ms)
2026-01-07 19:52:27.983 [34mINFO [0;39m [d7bb9c83-7622-4d0b-993f-429bd1eb4cee] [http-nio-8081-exec-1] c.b.config.logging.HttpLoggingFilter - Headers: auth=absent content-type=application/json accept=application/json, text/plain, */*
2026-01-07 19:52:27.983 [34mINFO [0;39m [d7bb9c83-7622-4d0b-993f-429bd1eb4cee] [http-nio-8081-exec-1] c.b.config.logging.HttpLoggingFilter - Request payload: {"name":"bookings_empty","payload":{"source":"my_bookings"},"timestamp":1767795747959}
2026-01-07 19:52:27.985 [34mINFO [0;39m [d7bb9c83-7622-4d0b-993f-429bd1eb4cee] [http-nio-8081-exec-1] c.b.config.logging.HttpLoggingFilter - Response payload: {"id":"evt_3687c253-592d-4e2d-abf6-3a12b0afb70c","ok":true}
2026-01-07 19:52:28.011 [39mDEBUG[0;39m [8c5b126a-29fb-4e98-80b1-9ce88b6902ab] [http-nio-8081-exec-2] c.b.c.logging.MethodLoggingAspect - Controller enter: EventController.ingest(..) args=[demo-store, LinkedHashMap({name=bookings_fetch_success, payload={source=my_bookings, count=0, total=null, page=1, pageSize=20}, timestamp=1767795747995}), ContentCachingRequestWrapper(org.springframework.web.util.ContentCachingRequestWrapper@7404c7bd)]
2026-01-07 19:52:28.013 [39mDEBUG[0;39m [42c89862-4411-4656-bb1f-4d67d25a89d3] [http-nio-8081-exec-3] c.b.c.logging.MethodLoggingAspect - Controller enter: EventController.ingest(..) args=[demo-store, LinkedHashMap({name=bookings_empty, payload={source=my_bookings}, timestamp=1767795747995}), ContentCachingRequestWrapper(org.springframework.web.util.ContentCachingRequestWrapper@17e8d827)]
2026-01-07 19:52:28.013 [34mINFO [0;39m [8c5b126a-29fb-4e98-80b1-9ce88b6902ab] [http-nio-8081-exec-2] com.bharatshop.web.EventController - Event ingested: id=evt_f20aa29c-7397-4fbb-92c7-712bf5f5050e name=bookings_fetch_success tenant=demo-store userId=null role=null ip=127.0.0.1 ua=Mozilla/5.0 (iPhone; CPU iPhone OS 18_5 like Mac OS X) AppleWebKit/605.1.15 (KHTML, like Gecko) Version/18.5 Mobile/15E148 Safari/604.1 ts=1767795747995 payloadPresent=true
2026-01-07 19:52:28.013 [34mINFO [0;39m [8c5b126a-29fb-4e98-80b1-9ce88b6902ab] [http-nio-8081-exec-2] c.b.c.logging.MethodLoggingAspect - Controller exit: EventController.ingest(..) -> status=200 (2 ms)
2026-01-07 19:52:28.013 [39mDEBUG[0;39m [8c5b126a-29fb-4e98-80b1-9ce88b6902ab] [http-nio-8081-exec-2] c.b.c.logging.MethodLoggingAspect - Controller result: EventController.ingest(..) => ResponseEntity(status=200)
2026-01-07 19:52:28.013 [34mINFO [0;39m [42c89862-4411-4656-bb1f-4d67d25a89d3] [http-nio-8081-exec-3] com.bharatshop.web.EventController - Event ingested: id=evt_5b49661e-dfb4-48ef-b7c1-57f56c12b9d7 name=bookings_empty tenant=demo-store userId=null role=null ip=127.0.0.1 ua=Mozilla/5.0 (iPhone; CPU iPhone OS 18_5 like Mac OS X) AppleWebKit/605.1.15 (KHTML, like Gecko) Version/18.5 Mobile/15E148 Safari/604.1 ts=1767795747995 payloadPresent=true
2026-01-07 19:52:28.013 [34mINFO [0;39m [42c89862-4411-4656-bb1f-4d67d25a89d3] [http-nio-8081-exec-3] c.b.c.logging.MethodLoggingAspect - Controller exit: EventController.ingest(..) -> status=200 (0 ms)
2026-01-07 19:52:28.013 [39mDEBUG[0;39m [42c89862-4411-4656-bb1f-4d67d25a89d3] [http-nio-8081-exec-3] c.b.c.logging.MethodLoggingAspect - Controller result: EventController.ingest(..) => ResponseEntity(status=200)
2026-01-07 19:52:28.016 [34mINFO [0;39m [8c5b126a-29fb-4e98-80b1-9ce88b6902ab] [http-nio-8081-exec-2] c.b.config.logging.HttpLoggingFilter - POST /api/events -> 200 (8 ms)
2026-01-07 19:52:28.016 [34mINFO [0;39m [42c89862-4411-4656-bb1f-4d67d25a89d3] [http-nio-8081-exec-3] c.b.config.logging.HttpLoggingFilter - POST /api/events -> 200 (8 ms)
2026-01-07 19:52:28.016 [34mINFO [0;39m [8c5b126a-29fb-4e98-80b1-9ce88b6902ab] [http-nio-8081-exec-2] c.b.config.logging.HttpLoggingFilter - Headers: auth=absent content-type=application/json accept=application/json, text/plain, */*
2026-01-07 19:52:28.016 [34mINFO [0;39m [42c89862-4411-4656-bb1f-4d67d25a89d3] [http-nio-8081-exec-3] c.b.config.logging.HttpLoggingFilter - Headers: auth=absent content-type=application/json accept=application/json, text/plain, */*
2026-01-07 19:52:28.016 [34mINFO [0;39m [8c5b126a-29fb-4e98-80b1-9ce88b6902ab] [http-nio-8081-exec-2] c.b.config.logging.HttpLoggingFilter - Request payload: {"name":"bookings_fetch_success","payload":{"source":"my_bookings","count":0,"total":null,"page":1,"pageSize":20},"timestamp":1767795747995}
2026-01-07 19:52:28.016 [34mINFO [0;39m [42c89862-4411-4656-bb1f-4d67d25a89d3] [http-nio-8081-exec-3] c.b.config.logging.HttpLoggingFilter - Request payload: {"name":"bookings_empty","payload":{"source":"my_bookings"},"timestamp":1767795747995}
2026-01-07 19:52:28.016 [34mINFO [0;39m [8c5b126a-29fb-4e98-80b1-9ce88b6902ab] [http-nio-8081-exec-2] c.b.config.logging.HttpLoggingFilter - Response payload: {"id":"evt_f20aa29c-7397-4fbb-92c7-712bf5f5050e","ok":true}
2026-01-07 19:52:28.016 [34mINFO [0;39m [42c89862-4411-4656-bb1f-4d67d25a89d3] [http-nio-8081-exec-3] c.b.config.logging.HttpLoggingFilter - Response payload: {"id":"evt_5b49661e-dfb4-48ef-b7c1-57f56c12b9d7","ok":true}
2026-01-07 19:53:17.169 [39mDEBUG[0;39m [5395d06f-97a2-417b-9927-a3051da1ff4d] [http-nio-8081-exec-4] c.b.c.logging.MethodLoggingAspect - Controller enter: StoreDiscoveryController.stores(..) args=[null, null]
2026-01-07 19:53:17.169 [34mINFO [0;39m [5395d06f-97a2-417b-9927-a3051da1ff4d] [http-nio-8081-exec-4] c.b.web.StoreDiscoveryController - Discover stores: tenant=demo-store search=null category=null
2026-01-07 19:53:17.169 [39mDEBUG[0;39m [5395d06f-97a2-417b-9927-a3051da1ff4d] [http-nio-8081-exec-4] c.b.c.logging.MethodLoggingAspect - Factory enter: FactoryProvider.getFactory() args=[]
2026-01-07 19:53:17.169 [34mINFO [0;39m [5395d06f-97a2-417b-9927-a3051da1ff4d] [http-nio-8081-exec-4] c.b.c.logging.MethodLoggingAspect - Factory exit: FactoryProvider.getFactory() (0 ms)
2026-01-07 19:53:17.169 [39mDEBUG[0;39m [5395d06f-97a2-417b-9927-a3051da1ff4d] [http-nio-8081-exec-4] c.b.c.logging.MethodLoggingAspect - Factory result: FactoryProvider.getFactory() => DefaultStorefrontFactory$$SpringCGLIB$$0(com.bharatshop.factory.impl.DefaultStorefrontFactory@30b35687)
2026-01-07 19:53:17.169 [39mDEBUG[0;39m [5395d06f-97a2-417b-9927-a3051da1ff4d] [http-nio-8081-exec-4] c.b.c.logging.MethodLoggingAspect - Factory enter: DefaultStorefrontFactory.stores() args=[]
2026-01-07 19:53:17.169 [34mINFO [0;39m [5395d06f-97a2-417b-9927-a3051da1ff4d] [http-nio-8081-exec-4] c.b.c.logging.MethodLoggingAspect - Factory exit: DefaultStorefrontFactory.stores() (0 ms)
2026-01-07 19:53:17.169 [39mDEBUG[0;39m [5395d06f-97a2-417b-9927-a3051da1ff4d] [http-nio-8081-exec-4] c.b.c.logging.MethodLoggingAspect - Factory result: DefaultStorefrontFactory.stores() => (com.bharatshop.factory.impl.DefaultStorefrontFactory$2@8e9059f)
2026-01-07 19:53:17.171 [39mDEBUG[0;39m [5395d06f-97a2-417b-9927-a3051da1ff4d] [http-nio-8081-exec-4] c.b.c.logging.MethodLoggingAspect - Service enter: StoreService.list(..) args=[null, null]
2026-01-07 19:53:17.179 [34mINFO [0;39m [5395d06f-97a2-417b-9927-a3051da1ff4d] [http-nio-8081-exec-4] c.b.c.logging.MethodLoggingAspect - Service exit: StoreService.list(..) (8 ms)
2026-01-07 19:53:17.179 [39mDEBUG[0;39m [5395d06f-97a2-417b-9927-a3051da1ff4d] [http-nio-8081-exec-4] c.b.c.logging.MethodLoggingAspect - Service result: StoreService.list(..) => ArrayList[size=3]
2026-01-07 19:53:17.179 [34mINFO [0;39m [5395d06f-97a2-417b-9927-a3051da1ff4d] [http-nio-8081-exec-4] c.b.c.logging.MethodLoggingAspect - Controller exit: StoreDiscoveryController.stores(..) -> status=200 (10 ms)
2026-01-07 19:53:17.181 [39mDEBUG[0;39m [5395d06f-97a2-417b-9927-a3051da1ff4d] [http-nio-8081-exec-4] c.b.c.logging.MethodLoggingAspect - Controller result: StoreDiscoveryController.stores(..) => ResponseEntity(status=200)
2026-01-07 19:53:17.185 [34mINFO [0;39m [5395d06f-97a2-417b-9927-a3051da1ff4d] [http-nio-8081-exec-4] c.b.config.logging.HttpLoggingFilter - GET /api/stores -> 200 (22 ms)
2026-01-07 19:53:17.187 [34mINFO [0;39m [5395d06f-97a2-417b-9927-a3051da1ff4d] [http-nio-8081-exec-4] c.b.config.logging.HttpLoggingFilter - Headers: auth=absent content-type=null accept=application/json, text/plain, */*
2026-01-07 19:53:17.187 [34mINFO [0;39m [5395d06f-97a2-417b-9927-a3051da1ff4d] [http-nio-8081-exec-4] c.b.config.logging.HttpLoggingFilter - Response payload: [{"id":"9d72b824-254a-4055-b893-eca7fbb44c7e","name":"City Pharmacy","area":"Brigade","category":"pharmacy","status":"open","orderingDisabled":false,"updatedAt":"2026-01-07T13:52:45.314753Z"},{"id":"fcc0735f-7395-4acc-a086-40195c7ff4c1","name":"Fresh Mart","area":"MG Road","category":"grocery","status":"open","orderingDisabled":false,"updatedAt":"2026-01-07T13:52:45.229915Z"},{"id":"e3a21b9e-4c25-4ef4-928d-0c2b3c7d8830","name":"Sunrise Hotel","area":"Beach","category":"hospitality","status":"open","orderingDisabled":false,"updatedAt":"2026-01-07T13:52:45.318432Z"}]
2026-01-07 19:58:02.436 [39mDEBUG[0;39m [c985a3cd-c146-4f09-9fe6-e51ec6734952] [http-nio-8081-exec-8] c.b.c.logging.MethodLoggingAspect - Controller enter: StorefrontCartController.getCart(..) args=[demo-store, guest_1763142291071_p6hkbv]
2026-01-07 19:58:02.436 [34mINFO [0;39m [c985a3cd-c146-4f09-9fe6-e51ec6734952] [http-nio-8081-exec-8] c.b.web.StorefrontCartController - Storefront get cart: tenant=demo-store userId=guest-guest_1763142291071_p6hkbv 
2026-01-07 19:58:02.436 [39mDEBUG[0;39m [c985a3cd-c146-4f09-9fe6-e51ec6734952] [http-nio-8081-exec-8] c.b.c.logging.MethodLoggingAspect - Service enter: CartService.getCart(..) args=[guest-guest_1763142291071_p6hkbv]
2026-01-07 19:58:02.438 [34mINFO [0;39m [c985a3cd-c146-4f09-9fe6-e51ec6734952] [http-nio-8081-exec-8] c.b.c.logging.MethodLoggingAspect - Service exit: CartService.getCart(..) (2 ms)
2026-01-07 19:58:02.438 [39mDEBUG[0;39m [c985a3cd-c146-4f09-9fe6-e51ec6734952] [http-nio-8081-exec-8] c.b.c.logging.MethodLoggingAspect - Service result: CartService.getCart(..) => ArrayList[size=0]
2026-01-07 19:58:02.438 [34mINFO [0;39m [c985a3cd-c146-4f09-9fe6-e51ec6734952] [http-nio-8081-exec-8] c.b.c.logging.MethodLoggingAspect - Controller exit: StorefrontCartController.getCart(..) -> status=200 (2 ms)
2026-01-07 19:58:02.438 [39mDEBUG[0;39m [c985a3cd-c146-4f09-9fe6-e51ec6734952] [http-nio-8081-exec-8] c.b.c.logging.MethodLoggingAspect - Controller result: StorefrontCartController.getCart(..) => ResponseEntity(status=200)
2026-01-07 19:58:02.438 [34mINFO [0;39m [c985a3cd-c146-4f09-9fe6-e51ec6734952] [http-nio-8081-exec-8] c.b.config.logging.HttpLoggingFilter - GET /api/storefront/cart -> 200 (6 ms)
2026-01-07 19:58:02.441 [34mINFO [0;39m [c985a3cd-c146-4f09-9fe6-e51ec6734952] [http-nio-8081-exec-8] c.b.config.logging.HttpLoggingFilter - Headers: auth=absent content-type=null accept=application/json, text/plain, */*
2026-01-07 19:58:02.441 [34mINFO [0;39m [c985a3cd-c146-4f09-9fe6-e51ec6734952] [http-nio-8081-exec-8] c.b.config.logging.HttpLoggingFilter - Response payload: {"totals":{"subtotal":0.0,"itemsCount":0},"items":[]}
2026-01-07 19:58:02.452 [39mDEBUG[0;39m [467478e1-6c0c-4b26-8e6e-a805d811d5e9] [http-nio-8081-exec-7] c.b.c.logging.MethodLoggingAspect - Controller enter: StorefrontCartController.getCart(..) args=[demo-store, guest_1763142291071_p6hkbv]
2026-01-07 19:58:02.452 [34mINFO [0;39m [467478e1-6c0c-4b26-8e6e-a805d811d5e9] [http-nio-8081-exec-7] c.b.web.StorefrontCartController - Storefront get cart: tenant=demo-store userId=guest-guest_1763142291071_p6hkbv 
2026-01-07 19:58:02.454 [39mDEBUG[0;39m [467478e1-6c0c-4b26-8e6e-a805d811d5e9] [http-nio-8081-exec-7] c.b.c.logging.MethodLoggingAspect - Service enter: CartService.getCart(..) args=[guest-guest_1763142291071_p6hkbv]
2026-01-07 19:58:02.454 [34mINFO [0;39m [467478e1-6c0c-4b26-8e6e-a805d811d5e9] [http-nio-8081-exec-7] c.b.c.logging.MethodLoggingAspect - Service exit: CartService.getCart(..) (0 ms)
2026-01-07 19:58:02.454 [39mDEBUG[0;39m [467478e1-6c0c-4b26-8e6e-a805d811d5e9] [http-nio-8081-exec-7] c.b.c.logging.MethodLoggingAspect - Service result: CartService.getCart(..) => ArrayList[size=0]
2026-01-07 19:58:02.454 [34mINFO [0;39m [467478e1-6c0c-4b26-8e6e-a805d811d5e9] [http-nio-8081-exec-7] c.b.c.logging.MethodLoggingAspect - Controller exit: StorefrontCartController.getCart(..) -> status=200 (2 ms)
2026-01-07 19:58:02.454 [39mDEBUG[0;39m [467478e1-6c0c-4b26-8e6e-a805d811d5e9] [http-nio-8081-exec-7] c.b.c.logging.MethodLoggingAspect - Controller result: StorefrontCartController.getCart(..) => ResponseEntity(status=200)
2026-01-07 19:58:02.456 [34mINFO [0;39m [467478e1-6c0c-4b26-8e6e-a805d811d5e9] [http-nio-8081-exec-7] c.b.config.logging.HttpLoggingFilter - GET /api/storefront/cart -> 200 (7 ms)
2026-01-07 19:58:02.457 [34mINFO [0;39m [467478e1-6c0c-4b26-8e6e-a805d811d5e9] [http-nio-8081-exec-7] c.b.config.logging.HttpLoggingFilter - Headers: auth=absent content-type=null accept=application/json, text/plain, */*
2026-01-07 19:58:02.457 [34mINFO [0;39m [467478e1-6c0c-4b26-8e6e-a805d811d5e9] [http-nio-8081-exec-7] c.b.config.logging.HttpLoggingFilter - Response payload: {"totals":{"subtotal":0.0,"itemsCount":0},"items":[]}
2026-01-07 19:58:02.592 [39mDEBUG[0;39m [dc454a88-c222-4e94-9722-e69389ccac82] [http-nio-8081-exec-6] c.b.c.logging.MethodLoggingAspect - Controller enter: StoreDiscoveryController.stores(..) args=[null, null]
2026-01-07 19:58:02.592 [34mINFO [0;39m [dc454a88-c222-4e94-9722-e69389ccac82] [http-nio-8081-exec-6] c.b.web.StoreDiscoveryController - Discover stores: tenant=demo-store search=null category=null
2026-01-07 19:58:02.592 [39mDEBUG[0;39m [dc454a88-c222-4e94-9722-e69389ccac82] [http-nio-8081-exec-6] c.b.c.logging.MethodLoggingAspect - Factory enter: FactoryProvider.getFactory() args=[]
2026-01-07 19:58:02.592 [34mINFO [0;39m [dc454a88-c222-4e94-9722-e69389ccac82] [http-nio-8081-exec-6] c.b.c.logging.MethodLoggingAspect - Factory exit: FactoryProvider.getFactory() (0 ms)
2026-01-07 19:58:02.592 [39mDEBUG[0;39m [dc454a88-c222-4e94-9722-e69389ccac82] [http-nio-8081-exec-6] c.b.c.logging.MethodLoggingAspect - Factory result: FactoryProvider.getFactory() => DefaultStorefrontFactory$$SpringCGLIB$$0(com.bharatshop.factory.impl.DefaultStorefrontFactory@30b35687)
2026-01-07 19:58:02.592 [39mDEBUG[0;39m [dc454a88-c222-4e94-9722-e69389ccac82] [http-nio-8081-exec-6] c.b.c.logging.MethodLoggingAspect - Factory enter: DefaultStorefrontFactory.stores() args=[]
2026-01-07 19:58:02.592 [34mINFO [0;39m [dc454a88-c222-4e94-9722-e69389ccac82] [http-nio-8081-exec-6] c.b.c.logging.MethodLoggingAspect - Factory exit: DefaultStorefrontFactory.stores() (0 ms)
2026-01-07 19:58:02.592 [39mDEBUG[0;39m [dc454a88-c222-4e94-9722-e69389ccac82] [http-nio-8081-exec-6] c.b.c.logging.MethodLoggingAspect - Factory result: DefaultStorefrontFactory.stores() => (com.bharatshop.factory.impl.DefaultStorefrontFactory$2@1a15f859)
2026-01-07 19:58:02.592 [39mDEBUG[0;39m [dc454a88-c222-4e94-9722-e69389ccac82] [http-nio-8081-exec-6] c.b.c.logging.MethodLoggingAspect - Service enter: StoreService.list(..) args=[null, null]
2026-01-07 19:58:02.597 [34mINFO [0;39m [dc454a88-c222-4e94-9722-e69389ccac82] [http-nio-8081-exec-6] c.b.c.logging.MethodLoggingAspect - Service exit: StoreService.list(..) (5 ms)
2026-01-07 19:58:02.599 [39mDEBUG[0;39m [dc454a88-c222-4e94-9722-e69389ccac82] [http-nio-8081-exec-6] c.b.c.logging.MethodLoggingAspect - Service result: StoreService.list(..) => ArrayList[size=3]
2026-01-07 19:58:02.600 [34mINFO [0;39m [dc454a88-c222-4e94-9722-e69389ccac82] [http-nio-8081-exec-6] c.b.c.logging.MethodLoggingAspect - Controller exit: StoreDiscoveryController.stores(..) -> status=200 (8 ms)
2026-01-07 19:58:02.600 [39mDEBUG[0;39m [dc454a88-c222-4e94-9722-e69389ccac82] [http-nio-8081-exec-6] c.b.c.logging.MethodLoggingAspect - Controller result: StoreDiscoveryController.stores(..) => ResponseEntity(status=200)
2026-01-07 19:58:02.603 [34mINFO [0;39m [dc454a88-c222-4e94-9722-e69389ccac82] [http-nio-8081-exec-6] c.b.config.logging.HttpLoggingFilter - GET /api/stores -> 200 (13 ms)
2026-01-07 19:58:02.603 [34mINFO [0;39m [dc454a88-c222-4e94-9722-e69389ccac82] [http-nio-8081-exec-6] c.b.config.logging.HttpLoggingFilter - Headers: auth=absent content-type=null accept=application/json, text/plain, */*
2026-01-07 19:58:02.603 [34mINFO [0;39m [dc454a88-c222-4e94-9722-e69389ccac82] [http-nio-8081-exec-6] c.b.config.logging.HttpLoggingFilter - Response payload: [{"id":"9d72b824-254a-4055-b893-eca7fbb44c7e","name":"City Pharmacy","area":"Brigade","category":"pharmacy","status":"open","orderingDisabled":false,"updatedAt":"2026-01-07T13:52:45.314753Z"},{"id":"fcc0735f-7395-4acc-a086-40195c7ff4c1","name":"Fresh Mart","area":"MG Road","category":"grocery","status":"open","orderingDisabled":false,"updatedAt":"2026-01-07T13:52:45.229915Z"},{"id":"e3a21b9e-4c25-4ef4-928d-0c2b3c7d8830","name":"Sunrise Hotel","area":"Beach","category":"hospitality","status":"open","orderingDisabled":false,"updatedAt":"2026-01-07T13:52:45.318432Z"}]
2026-01-07 19:58:24.926 [39mDEBUG[0;39m [be628e0d-8475-4b1c-91df-0d578071f23c] [http-nio-8081-exec-5] c.b.c.logging.MethodLoggingAspect - Controller enter: StoreDiscoveryController.getStore(..) args=[9d72b824-254a-4055-b893-eca7fbb44c7e]
2026-01-07 19:58:24.926 [39mDEBUG[0;39m [8b9af66c-53f5-491d-ba10-70182f4b0836] [http-nio-8081-exec-9] c.b.c.logging.MethodLoggingAspect - Controller enter: StoreDiscoveryController.productsByStore(..) args=[9d72b824-254a-4055-b893-eca7fbb44c7e]
2026-01-07 19:58:24.932 [34mINFO [0;39m [8b9af66c-53f5-491d-ba10-70182f4b0836] [http-nio-8081-exec-9] c.b.web.StoreDiscoveryController - Products by store: tenant=demo-store storeId=9d72b824-254a-4055-b893-eca7fbb44c7e
2026-01-07 19:58:24.932 [34mINFO [0;39m [be628e0d-8475-4b1c-91df-0d578071f23c] [http-nio-8081-exec-5] c.b.web.StoreDiscoveryController - Get store: tenant=demo-store id=9d72b824-254a-4055-b893-eca7fbb44c7e
2026-01-07 19:58:24.932 [39mDEBUG[0;39m [8b9af66c-53f5-491d-ba10-70182f4b0836] [http-nio-8081-exec-9] c.b.c.logging.MethodLoggingAspect - Factory enter: FactoryProvider.getFactory() args=[]
2026-01-07 19:58:24.932 [39mDEBUG[0;39m [be628e0d-8475-4b1c-91df-0d578071f23c] [http-nio-8081-exec-5] c.b.c.logging.MethodLoggingAspect - Factory enter: FactoryProvider.getFactory() args=[]
2026-01-07 19:58:24.932 [34mINFO [0;39m [8b9af66c-53f5-491d-ba10-70182f4b0836] [http-nio-8081-exec-9] c.b.c.logging.MethodLoggingAspect - Factory exit: FactoryProvider.getFactory() (0 ms)
2026-01-07 19:58:24.932 [34mINFO [0;39m [be628e0d-8475-4b1c-91df-0d578071f23c] [http-nio-8081-exec-5] c.b.c.logging.MethodLoggingAspect - Factory exit: FactoryProvider.getFactory() (0 ms)
2026-01-07 19:58:24.932 [39mDEBUG[0;39m [8b9af66c-53f5-491d-ba10-70182f4b0836] [http-nio-8081-exec-9] c.b.c.logging.MethodLoggingAspect - Factory result: FactoryProvider.getFactory() => DefaultStorefrontFactory$$SpringCGLIB$$0(com.bharatshop.factory.impl.DefaultStorefrontFactory@30b35687)
2026-01-07 19:58:24.932 [39mDEBUG[0;39m [8b9af66c-53f5-491d-ba10-70182f4b0836] [http-nio-8081-exec-9] c.b.c.logging.MethodLoggingAspect - Factory enter: DefaultStorefrontFactory.products() args=[]
2026-01-07 19:58:24.932 [39mDEBUG[0;39m [be628e0d-8475-4b1c-91df-0d578071f23c] [http-nio-8081-exec-5] c.b.c.logging.MethodLoggingAspect - Factory result: FactoryProvider.getFactory() => DefaultStorefrontFactory$$SpringCGLIB$$0(com.bharatshop.factory.impl.DefaultStorefrontFactory@30b35687)
2026-01-07 19:58:24.934 [39mDEBUG[0;39m [be628e0d-8475-4b1c-91df-0d578071f23c] [http-nio-8081-exec-5] c.b.c.logging.MethodLoggingAspect - Factory enter: DefaultStorefrontFactory.stores() args=[]
2026-01-07 19:58:24.934 [34mINFO [0;39m [8b9af66c-53f5-491d-ba10-70182f4b0836] [http-nio-8081-exec-9] c.b.c.logging.MethodLoggingAspect - Factory exit: DefaultStorefrontFactory.products() (2 ms)
2026-01-07 19:58:24.934 [34mINFO [0;39m [be628e0d-8475-4b1c-91df-0d578071f23c] [http-nio-8081-exec-5] c.b.c.logging.MethodLoggingAspect - Factory exit: DefaultStorefrontFactory.stores() (0 ms)
2026-01-07 19:58:24.934 [39mDEBUG[0;39m [8b9af66c-53f5-491d-ba10-70182f4b0836] [http-nio-8081-exec-9] c.b.c.logging.MethodLoggingAspect - Factory result: DefaultStorefrontFactory.products() => (com.bharatshop.factory.impl.DefaultStorefrontFactory$1@3c5f20c2)
2026-01-07 19:58:24.934 [39mDEBUG[0;39m [8b9af66c-53f5-491d-ba10-70182f4b0836] [http-nio-8081-exec-9] c.b.c.logging.MethodLoggingAspect - Service enter: ProductService.getByStore(..) args=[9d72b824-254a-4055-b893-eca7fbb44c7e]
2026-01-07 19:58:24.934 [39mDEBUG[0;39m [be628e0d-8475-4b1c-91df-0d578071f23c] [http-nio-8081-exec-5] c.b.c.logging.MethodLoggingAspect - Factory result: DefaultStorefrontFactory.stores() => (com.bharatshop.factory.impl.DefaultStorefrontFactory$2@3cbbfd35)
2026-01-07 19:58:24.942 [39mDEBUG[0;39m [be628e0d-8475-4b1c-91df-0d578071f23c] [http-nio-8081-exec-5] c.b.c.logging.MethodLoggingAspect - Service enter: StoreService.get(..) args=[9d72b824-254a-4055-b893-eca7fbb44c7e]
2026-01-07 19:58:24.950 [34mINFO [0;39m [8b9af66c-53f5-491d-ba10-70182f4b0836] [http-nio-8081-exec-9] c.b.c.logging.MethodLoggingAspect - Service exit: ProductService.getByStore(..) (16 ms)
2026-01-07 19:58:24.952 [39mDEBUG[0;39m [8b9af66c-53f5-491d-ba10-70182f4b0836] [http-nio-8081-exec-9] c.b.c.logging.MethodLoggingAspect - Service result: ProductService.getByStore(..) => ArrayList[size=1]
2026-01-07 19:58:24.952 [34mINFO [0;39m [8b9af66c-53f5-491d-ba10-70182f4b0836] [http-nio-8081-exec-9] c.b.c.logging.MethodLoggingAspect - Controller exit: StoreDiscoveryController.productsByStore(..) -> status=200 (26 ms)
2026-01-07 19:58:24.952 [39mDEBUG[0;39m [8b9af66c-53f5-491d-ba10-70182f4b0836] [http-nio-8081-exec-9] c.b.c.logging.MethodLoggingAspect - Controller result: StoreDiscoveryController.productsByStore(..) => ResponseEntity(status=200)
2026-01-07 19:58:24.952 [34mINFO [0;39m [be628e0d-8475-4b1c-91df-0d578071f23c] [http-nio-8081-exec-5] c.b.c.logging.MethodLoggingAspect - Service exit: StoreService.get(..) (10 ms)
2026-01-07 19:58:24.952 [39mDEBUG[0;39m [be628e0d-8475-4b1c-91df-0d578071f23c] [http-nio-8081-exec-5] c.b.c.logging.MethodLoggingAspect - Service result: StoreService.get(..) => Store(com.bharatshop.domain.Store@7ec46d7d)
2026-01-07 19:58:24.954 [34mINFO [0;39m [be628e0d-8475-4b1c-91df-0d578071f23c] [http-nio-8081-exec-5] c.b.web.StoreDiscoveryController - Get store success: id=9d72b824-254a-4055-b893-eca7fbb44c7e name=City Pharmacy 
2026-01-07 19:58:24.954 [34mINFO [0;39m [8b9af66c-53f5-491d-ba10-70182f4b0836] [http-nio-8081-exec-9] c.b.config.logging.HttpLoggingFilter - GET /api/products?storeId=9d72b824-254a-4055-b893-eca7fbb44c7e -> 200 (28 ms)
2026-01-07 19:58:24.954 [34mINFO [0;39m [8b9af66c-53f5-491d-ba10-70182f4b0836] [http-nio-8081-exec-9] c.b.config.logging.HttpLoggingFilter - Headers: auth=absent content-type=null accept=application/json, text/plain, */*
2026-01-07 19:58:24.956 [34mINFO [0;39m [8b9af66c-53f5-491d-ba10-70182f4b0836] [http-nio-8081-exec-9] c.b.config.logging.HttpLoggingFilter - Response payload: [{"id":"efd3eee1-f2e3-4c6d-b11b-0da02e40c4b3","name":"Paracetamol","price":35.0,"category":"medicine","storeId":"9d72b824-254a-4055-b893-eca7fbb44c7e","active":true}]
2026-01-07 19:58:24.954 [34mINFO [0;39m [be628e0d-8475-4b1c-91df-0d578071f23c] [http-nio-8081-exec-5] c.b.c.logging.MethodLoggingAspect - Controller exit: StoreDiscoveryController.getStore(..) -> status=200 (28 ms)
2026-01-07 19:58:24.956 [39mDEBUG[0;39m [be628e0d-8475-4b1c-91df-0d578071f23c] [http-nio-8081-exec-5] c.b.c.logging.MethodLoggingAspect - Controller result: StoreDiscoveryController.getStore(..) => ResponseEntity(status=200)
2026-01-07 19:58:24.958 [34mINFO [0;39m [be628e0d-8475-4b1c-91df-0d578071f23c] [http-nio-8081-exec-5] c.b.config.logging.HttpLoggingFilter - GET /api/stores/9d72b824-254a-4055-b893-eca7fbb44c7e -> 200 (32 ms)
2026-01-07 19:58:24.960 [34mINFO [0;39m [be628e0d-8475-4b1c-91df-0d578071f23c] [http-nio-8081-exec-5] c.b.config.logging.HttpLoggingFilter - Headers: auth=absent content-type=null accept=application/json, text/plain, */*
2026-01-07 19:58:24.960 [34mINFO [0;39m [be628e0d-8475-4b1c-91df-0d578071f23c] [http-nio-8081-exec-5] c.b.config.logging.HttpLoggingFilter - Response payload: {"id":"9d72b824-254a-4055-b893-eca7fbb44c7e","name":"City Pharmacy","area":"Brigade","category":"pharmacy","status":"open","orderingDisabled":false,"updatedAt":"2026-01-07T13:52:45.314753Z"}
2026-01-07 19:58:41.410 [39mDEBUG[0;39m [537ec993-ceba-4203-a3f5-f29403d38973] [http-nio-8081-exec-10] c.b.c.logging.MethodLoggingAspect - Controller enter: StorefrontCartController.addItem(..) args=[demo-store, guest_1763142291071_p6hkbv, CartItem(com.bharatshop.domain.CartItem@73ec3470)]
2026-01-07 19:58:41.412 [34mINFO [0;39m [537ec993-ceba-4203-a3f5-f29403d38973] [http-nio-8081-exec-10] c.b.web.StorefrontCartController - Storefront add cart item: tenant=demo-store userId=guest-guest_1763142291071_p6hkbv itemId=null qty=1
2026-01-07 19:58:41.412 [39mDEBUG[0;39m [537ec993-ceba-4203-a3f5-f29403d38973] [http-nio-8081-exec-10] c.b.c.logging.MethodLoggingAspect - Service enter: CartService.addItem(..) args=[guest-guest_1763142291071_p6hkbv, CartItem(com.bharatshop.domain.CartItem@73ec3470)]
2026-01-07 19:58:41.413 [34mINFO [0;39m [537ec993-ceba-4203-a3f5-f29403d38973] [http-nio-8081-exec-10] c.b.c.logging.MethodLoggingAspect - Service exit: CartService.addItem(..) (1 ms)
2026-01-07 19:58:41.415 [39mDEBUG[0;39m [537ec993-ceba-4203-a3f5-f29403d38973] [http-nio-8081-exec-10] c.b.c.logging.MethodLoggingAspect - Service result: CartService.addItem(..) => ArrayList[size=1]
2026-01-07 19:58:41.415 [34mINFO [0;39m [537ec993-ceba-4203-a3f5-f29403d38973] [http-nio-8081-exec-10] c.b.c.logging.MethodLoggingAspect - Controller exit: StorefrontCartController.addItem(..) -> status=200 (5 ms)
2026-01-07 19:58:41.415 [39mDEBUG[0;39m [537ec993-ceba-4203-a3f5-f29403d38973] [http-nio-8081-exec-10] c.b.c.logging.MethodLoggingAspect - Controller result: StorefrontCartController.addItem(..) => ResponseEntity(status=200)
2026-01-07 19:58:41.417 [34mINFO [0;39m [537ec993-ceba-4203-a3f5-f29403d38973] [http-nio-8081-exec-10] c.b.config.logging.HttpLoggingFilter - POST /api/storefront/cart/items -> 200 (8 ms)
2026-01-07 19:58:41.417 [34mINFO [0;39m [537ec993-ceba-4203-a3f5-f29403d38973] [http-nio-8081-exec-10] c.b.config.logging.HttpLoggingFilter - Headers: auth=absent content-type=application/json accept=application/json, text/plain, */*
2026-01-07 19:58:41.417 [34mINFO [0;39m [537ec993-ceba-4203-a3f5-f29403d38973] [http-nio-8081-exec-10] c.b.config.logging.HttpLoggingFilter - Request payload: {"productId":"efd3eee1-f2e3-4c6d-b11b-0da02e40c4b3__v:standard__a:","quantity":1,"storeId":"9d72b824-254a-4055-b893-eca7fbb44c7e"}
2026-01-07 19:58:41.419 [34mINFO [0;39m [537ec993-ceba-4203-a3f5-f29403d38973] [http-nio-8081-exec-10] c.b.config.logging.HttpLoggingFilter - Response payload: {"totals":{"subtotal":0.0,"itemsCount":1},"items":[{"price":0.0,"quantity":1}]}
2026-01-07 19:59:58.959 [39mDEBUG[0;39m [3f4d50a7-47bb-4c73-84b4-a8662626ef19] [http-nio-8081-exec-1] c.b.c.logging.MethodLoggingAspect - Controller enter: StorefrontCartController.addItem(..) args=[demo-store, guest_1763142291071_p6hkbv, CartItem(com.bharatshop.domain.CartItem@76157bbe)]
2026-01-07 19:59:58.959 [34mINFO [0;39m [3f4d50a7-47bb-4c73-84b4-a8662626ef19] [http-nio-8081-exec-1] c.b.web.StorefrontCartController - Storefront add cart item: tenant=demo-store userId=guest-guest_1763142291071_p6hkbv itemId=null qty=1
2026-01-07 19:59:58.959 [39mDEBUG[0;39m [3f4d50a7-47bb-4c73-84b4-a8662626ef19] [http-nio-8081-exec-1] c.b.c.logging.MethodLoggingAspect - Service enter: CartService.addItem(..) args=[guest-guest_1763142291071_p6hkbv, CartItem(com.bharatshop.domain.CartItem@76157bbe)]
2026-01-07 19:59:58.959 [34mINFO [0;39m [3f4d50a7-47bb-4c73-84b4-a8662626ef19] [http-nio-8081-exec-1] c.b.c.logging.MethodLoggingAspect - Service exit: CartService.addItem(..) (0 ms)
2026-01-07 19:59:58.959 [39mDEBUG[0;39m [3f4d50a7-47bb-4c73-84b4-a8662626ef19] [http-nio-8081-exec-1] c.b.c.logging.MethodLoggingAspect - Service result: CartService.addItem(..) => ArrayList[size=2]
2026-01-07 19:59:58.959 [34mINFO [0;39m [3f4d50a7-47bb-4c73-84b4-a8662626ef19] [http-nio-8081-exec-1] c.b.c.logging.MethodLoggingAspect - Controller exit: StorefrontCartController.addItem(..) -> status=200 (2 ms)
2026-01-07 19:59:58.961 [39mDEBUG[0;39m [3f4d50a7-47bb-4c73-84b4-a8662626ef19] [http-nio-8081-exec-1] c.b.c.logging.MethodLoggingAspect - Controller result: StorefrontCartController.addItem(..) => ResponseEntity(status=200)
2026-01-07 19:59:58.963 [34mINFO [0;39m [3f4d50a7-47bb-4c73-84b4-a8662626ef19] [http-nio-8081-exec-1] c.b.config.logging.HttpLoggingFilter - POST /api/storefront/cart/items -> 200 (12 ms)
2026-01-07 19:59:58.963 [34mINFO [0;39m [3f4d50a7-47bb-4c73-84b4-a8662626ef19] [http-nio-8081-exec-1] c.b.config.logging.HttpLoggingFilter - Headers: auth=absent content-type=application/json accept=application/json, text/plain, */*
2026-01-07 19:59:58.963 [34mINFO [0;39m [3f4d50a7-47bb-4c73-84b4-a8662626ef19] [http-nio-8081-exec-1] c.b.config.logging.HttpLoggingFilter - Request payload: {"productId":"efd3eee1-f2e3-4c6d-b11b-0da02e40c4b3__v:standard__a:","quantity":1,"storeId":"9d72b824-254a-4055-b893-eca7fbb44c7e"}
2026-01-07 19:59:58.963 [34mINFO [0;39m [3f4d50a7-47bb-4c73-84b4-a8662626ef19] [http-nio-8081-exec-1] c.b.config.logging.HttpLoggingFilter - Response payload: {"totals":{"subtotal":0.0,"itemsCount":2},"items":[{"price":0.0,"quantity":1},{"price":0.0,"quantity":1}]}
2026-01-07 20:00:04.846 [39mDEBUG[0;39m [b7100b79-0c82-4618-aca9-f350ff22c3bd] [http-nio-8081-exec-2] c.b.c.logging.MethodLoggingAspect - Controller enter: StorefrontCartController.removeItem(..) args=[demo-store, guest_1763142291071_p6hkbv, undefined]
2026-01-07 20:00:04.848 [34mINFO [0;39m [b7100b79-0c82-4618-aca9-f350ff22c3bd] [http-nio-8081-exec-2] c.b.web.StorefrontCartController - Storefront remove cart item: tenant=demo-store userId=guest-guest_1763142291071_p6hkbv id=undefined 
2026-01-07 20:00:04.848 [39mDEBUG[0;39m [b7100b79-0c82-4618-aca9-f350ff22c3bd] [http-nio-8081-exec-2] c.b.c.logging.MethodLoggingAspect - Service enter: CartService.removeItem(..) args=[guest-guest_1763142291071_p6hkbv, undefined]
2026-01-07 20:00:04.850 [34mINFO [0;39m [b7100b79-0c82-4618-aca9-f350ff22c3bd] [http-nio-8081-exec-2] c.b.c.logging.MethodLoggingAspect - Service exit: CartService.removeItem(..) (2 ms)
2026-01-07 20:00:04.850 [39mDEBUG[0;39m [b7100b79-0c82-4618-aca9-f350ff22c3bd] [http-nio-8081-exec-2] c.b.c.logging.MethodLoggingAspect - Service result: CartService.removeItem(..) => ArrayList[size=2]
2026-01-07 20:00:04.852 [34mINFO [0;39m [b7100b79-0c82-4618-aca9-f350ff22c3bd] [http-nio-8081-exec-2] c.b.c.logging.MethodLoggingAspect - Controller exit: StorefrontCartController.removeItem(..) -> status=200 (6 ms)
2026-01-07 20:00:04.852 [39mDEBUG[0;39m [b7100b79-0c82-4618-aca9-f350ff22c3bd] [http-nio-8081-exec-2] c.b.c.logging.MethodLoggingAspect - Controller result: StorefrontCartController.removeItem(..) => ResponseEntity(status=200)
2026-01-07 20:00:04.857 [34mINFO [0;39m [b7100b79-0c82-4618-aca9-f350ff22c3bd] [http-nio-8081-exec-2] c.b.config.logging.HttpLoggingFilter - DELETE /api/storefront/cart/items/undefined -> 200 (22 ms)
2026-01-07 20:00:04.857 [34mINFO [0;39m [b7100b79-0c82-4618-aca9-f350ff22c3bd] [http-nio-8081-exec-2] c.b.config.logging.HttpLoggingFilter - Headers: auth=absent content-type=null accept=application/json, text/plain, */*
2026-01-07 20:00:04.857 [34mINFO [0;39m [b7100b79-0c82-4618-aca9-f350ff22c3bd] [http-nio-8081-exec-2] c.b.config.logging.HttpLoggingFilter - Response payload: {"totals":{"subtotal":0.0,"itemsCount":2},"items":[{"price":0.0,"quantity":1},{"price":0.0,"quantity":1}]}
2026-01-07 20:00:17.442 [39mDEBUG[0;39m [7bbe7081-f0d4-49c7-84d8-6cb97fdf5be8] [http-nio-8081-exec-3] c.b.c.logging.MethodLoggingAspect - Controller enter: AuthController.sendOtp(..) args=[LinkedHashMap({phone=+917355460178, channel=sms})]
2026-01-07 20:00:17.443 [34mINFO [0;39m [7bbe7081-f0d4-49c7-84d8-6cb97fdf5be8] [http-nio-8081-exec-3] com.bharatshop.web.AuthController - OTP send requested: phone=+917355460178
2026-01-07 20:00:17.443 [39mDEBUG[0;39m [7bbe7081-f0d4-49c7-84d8-6cb97fdf5be8] [http-nio-8081-exec-3] c.b.c.logging.MethodLoggingAspect - Service enter: AuthService.sendOtp(..) args=[+917355460178]
2026-01-07 20:00:17.443 [34mINFO [0;39m [7bbe7081-f0d4-49c7-84d8-6cb97fdf5be8] [http-nio-8081-exec-3] com.bharatshop.service.AuthService - Sending OTP to phone=+917355460178
2026-01-07 20:00:17.443 [34mINFO [0;39m [7bbe7081-f0d4-49c7-84d8-6cb97fdf5be8] [http-nio-8081-exec-3] com.bharatshop.service.AuthService - OTP generated: otpId=9dd6c5cc-6922-4c6f-97f3-0a14e6644053 expiresAt=1767796337443
2026-01-07 20:00:17.443 [39mDEBUG[0;39m [7bbe7081-f0d4-49c7-84d8-6cb97fdf5be8] [http-nio-8081-exec-3] c.b.c.logging.MethodLoggingAspect - Service enter: CompositeNotificationService.sendSms(..) args=[+917355460178, Your Bharatshop OTP is 157726. Valid for 2 minutes.]
2026-01-07 20:00:17.445 [34mINFO [0;39m [7bbe7081-f0d4-49c7-84d8-6cb97fdf5be8] [http-nio-8081-exec-3] c.b.service.LogNotificationService - [SMS] to=+917355460178 message=Your Bharatshop OTP is 157726. Valid for 2 minutes.
2026-01-07 20:00:17.445 [34mINFO [0;39m [7bbe7081-f0d4-49c7-84d8-6cb97fdf5be8] [http-nio-8081-exec-3] c.b.c.logging.MethodLoggingAspect - Service exit: CompositeNotificationService.sendSms(..) (2 ms)
2026-01-07 20:00:17.445 [39mDEBUG[0;39m [7bbe7081-f0d4-49c7-84d8-6cb97fdf5be8] [http-nio-8081-exec-3] c.b.c.logging.MethodLoggingAspect - Service result: CompositeNotificationService.sendSms(..) => null
2026-01-07 20:00:17.449 [34mINFO [0;39m [7bbe7081-f0d4-49c7-84d8-6cb97fdf5be8] [http-nio-8081-exec-3] c.b.c.logging.MethodLoggingAspect - Service exit: AuthService.sendOtp(..) (6 ms)
2026-01-07 20:00:17.449 [39mDEBUG[0;39m [7bbe7081-f0d4-49c7-84d8-6cb97fdf5be8] [http-nio-8081-exec-3] c.b.c.logging.MethodLoggingAspect - Service result: AuthService.sendOtp(..) => MapN({success=true, ttlSeconds=120, otp=157726, otpId=9dd6c5cc-6922-4c6f-97f3-0a14e6644053})
2026-01-07 20:00:17.451 [34mINFO [0;39m [7bbe7081-f0d4-49c7-84d8-6cb97fdf5be8] [http-nio-8081-exec-3] c.b.c.logging.MethodLoggingAspect - Controller exit: AuthController.sendOtp(..) -> status=200 (9 ms)
2026-01-07 20:00:17.451 [39mDEBUG[0;39m [7bbe7081-f0d4-49c7-84d8-6cb97fdf5be8] [http-nio-8081-exec-3] c.b.c.logging.MethodLoggingAspect - Controller result: AuthController.sendOtp(..) => ResponseEntity(status=200)
2026-01-07 20:00:17.453 [34mINFO [0;39m [7bbe7081-f0d4-49c7-84d8-6cb97fdf5be8] [http-nio-8081-exec-3] c.b.config.logging.HttpLoggingFilter - POST /api/storefront/auth/otp/send -> 200 (13 ms)
2026-01-07 20:00:17.454 [34mINFO [0;39m [7bbe7081-f0d4-49c7-84d8-6cb97fdf5be8] [http-nio-8081-exec-3] c.b.config.logging.HttpLoggingFilter - Headers: auth=absent content-type=application/json accept=application/json, text/plain, */*
2026-01-07 20:00:17.454 [34mINFO [0;39m [7bbe7081-f0d4-49c7-84d8-6cb97fdf5be8] [http-nio-8081-exec-3] c.b.config.logging.HttpLoggingFilter - Request payload: {"phone":"+917355460178","channel":"sms"}
2026-01-07 20:00:17.454 [34mINFO [0;39m [7bbe7081-f0d4-49c7-84d8-6cb97fdf5be8] [http-nio-8081-exec-3] c.b.config.logging.HttpLoggingFilter - Response payload: {"success":true,"ttlSeconds":120,"otp":"157726","otpId":"9dd6c5cc-6922-4c6f-97f3-0a14e6644053"}
2026-01-07 20:00:43.043 [39mDEBUG[0;39m [a0a6c925-fe79-43ed-9ff8-de7c5f2e5ef3] [http-nio-8081-exec-4] c.b.c.logging.MethodLoggingAspect - Controller enter: AuthController.verifyOtp(..) args=[LinkedHashMap({phone=+917355460178, otp=157726})]
2026-01-07 20:00:43.043 [34mINFO [0;39m [a0a6c925-fe79-43ed-9ff8-de7c5f2e5ef3] [http-nio-8081-exec-4] com.bharatshop.web.AuthController - OTP verify requested: phone=+917355460178 otpPresent=true
2026-01-07 20:00:43.043 [39mDEBUG[0;39m [a0a6c925-fe79-43ed-9ff8-de7c5f2e5ef3] [http-nio-8081-exec-4] c.b.c.logging.MethodLoggingAspect - Service enter: AuthService.verifyOtp(..) args=[+917355460178, 157726]
2026-01-07 20:00:43.043 [34mINFO [0;39m [a0a6c925-fe79-43ed-9ff8-de7c5f2e5ef3] [http-nio-8081-exec-4] com.bharatshop.service.AuthService - Verifying OTP for phone=+917355460178
2026-01-07 20:00:43.043 [34mINFO [0;39m [a0a6c925-fe79-43ed-9ff8-de7c5f2e5ef3] [http-nio-8081-exec-4] com.bharatshop.service.AuthService - OTP verification success for phone=+917355460178
2026-01-07 20:00:43.043 [34mINFO [0;39m [a0a6c925-fe79-43ed-9ff8-de7c5f2e5ef3] [http-nio-8081-exec-4] com.bharatshop.service.AuthService - Login (phone) attempt: phone=+917355460178
2026-01-07 20:00:43.055 [34mINFO [0;39m [a0a6c925-fe79-43ed-9ff8-de7c5f2e5ef3] [http-nio-8081-exec-4] com.bharatshop.service.AuthService - Session created: userId=249e6a44-da5d-4db2-a982-65da424c1a9b role=consumer
2026-01-07 20:00:43.055 [34mINFO [0;39m [a0a6c925-fe79-43ed-9ff8-de7c5f2e5ef3] [http-nio-8081-exec-4] com.bharatshop.service.AuthService - Login (phone) success: userId=249e6a44-da5d-4db2-a982-65da424c1a9b token=eyJhbGciOiJIUzI1NiIsInR5cCI6IkpXVCJ9.eyJzdWIiOiIyNDllNmE0NC1kYTVkLTRkYjItYTk4Mi02NWRhNDI0YzFhOWIiLCJuYW1lIjoiVXNlcjAxNzgiLCJyb2xlIjoiY29uc3VtZXIiLCJpYXQiOjE3Njc3OTYyNDMsImV4cCI6MTc2Nzc5OTg0M30.PsVFUMCr3JUSSx5KFmXVjQSuDAqGmHSRKp9FK1Yz19o role=USER 
2026-01-07 20:00:43.055 [34mINFO [0;39m [a0a6c925-fe79-43ed-9ff8-de7c5f2e5ef3] [http-nio-8081-exec-4] c.b.c.logging.MethodLoggingAspect - Service exit: AuthService.verifyOtp(..) (12 ms)
2026-01-07 20:00:43.055 [39mDEBUG[0;39m [a0a6c925-fe79-43ed-9ff8-de7c5f2e5ef3] [http-nio-8081-exec-4] c.b.c.logging.MethodLoggingAspect - Service result: AuthService.verifyOtp(..) => Session(Session[token=eyJhbGciOiJIUzI1NiIsInR5cCI6IkpXVCJ9.eyJzdWIiOiIyNDllNmE0NC1kYTVkLTRkYjItYTk4Mi02NWRhNDI0YzFhOWIiLCJuYW1lIjoiVXNlcjAxNzgiLCJyb2xlIjoiY29uc3VtZXIiLCJpYXQiOjE3Njc3OTYyNDMsImV4cCI6MTc2Nzc5OTg0M30.PsVFUMCr3JUSSx5KFmXVjQSuDAqGmHSRKp9FK1Yz19o, userId=249e6a44-da5d-4db2-a982-65da424c1a9b, name=User0178, role=consumer])
2026-01-07 20:00:43.055 [39mDEBUG[0;39m [a0a6c925-fe79-43ed-9ff8-de7c5f2e5ef3] [http-nio-8081-exec-4] c.b.c.logging.MethodLoggingAspect - Service enter: AuthService.getProfile(..) args=[eyJhbGciOiJIUzI1NiIsInR5cCI6IkpXVCJ9.eyJzdWIiOiIyNDllNmE0NC1kYTVkLTRkYjItYTk4Mi02NWRhNDI0YzFhOWIiLCJuYW1lIjoiVXNlcjAxNzgiLCJyb2xlIjoiY29uc3VtZXIiLCJpYXQiOjE3Njc3OTYyNDMsImV4cCI6MTc2Nzc5OTg0M30.PsVFUMCr3JUSSx5KFmXVjQSuDAqGmHSRKp9FK1Yz19o]
2026-01-07 20:00:43.059 [34mINFO [0;39m [a0a6c925-fe79-43ed-9ff8-de7c5f2e5ef3] [http-nio-8081-exec-4] c.b.c.logging.MethodLoggingAspect - Service exit: AuthService.getProfile(..) (4 ms)
2026-01-07 20:00:43.059 [39mDEBUG[0;39m [a0a6c925-fe79-43ed-9ff8-de7c5f2e5ef3] [http-nio-8081-exec-4] c.b.c.logging.MethodLoggingAspect - Service result: AuthService.getProfile(..) => User(com.bharatshop.domain.User@5ab16475)
2026-01-07 20:00:43.059 [34mINFO [0;39m [a0a6c925-fe79-43ed-9ff8-de7c5f2e5ef3] [http-nio-8081-exec-4] com.bharatshop.web.AuthController - OTP verify success: userId=249e6a44-da5d-4db2-a982-65da424c1a9b tokenPresent=true
2026-01-07 20:00:43.059 [34mINFO [0;39m [a0a6c925-fe79-43ed-9ff8-de7c5f2e5ef3] [http-nio-8081-exec-4] c.b.c.logging.MethodLoggingAspect - Controller exit: AuthController.verifyOtp(..) -> status=200 (16 ms)
2026-01-07 20:00:43.059 [39mDEBUG[0;39m [a0a6c925-fe79-43ed-9ff8-de7c5f2e5ef3] [http-nio-8081-exec-4] c.b.c.logging.MethodLoggingAspect - Controller result: AuthController.verifyOtp(..) => ResponseEntity(status=200)
2026-01-07 20:00:43.061 [34mINFO [0;39m [a0a6c925-fe79-43ed-9ff8-de7c5f2e5ef3] [http-nio-8081-exec-4] c.b.config.logging.HttpLoggingFilter - POST /api/storefront/auth/otp/verify -> 200 (23 ms)
2026-01-07 20:00:43.061 [34mINFO [0;39m [a0a6c925-fe79-43ed-9ff8-de7c5f2e5ef3] [http-nio-8081-exec-4] c.b.config.logging.HttpLoggingFilter - Headers: auth=absent content-type=application/json accept=application/json, text/plain, */*
2026-01-07 20:00:43.061 [34mINFO [0;39m [a0a6c925-fe79-43ed-9ff8-de7c5f2e5ef3] [http-nio-8081-exec-4] c.b.config.logging.HttpLoggingFilter - Request payload: {"phone":"+917355460178","otp":"157726"}
2026-01-07 20:00:43.063 [34mINFO [0;39m [a0a6c925-fe79-43ed-9ff8-de7c5f2e5ef3] [http-nio-8081-exec-4] c.b.config.logging.HttpLoggingFilter - Response payload: {"success":true,"user":{"id":"249e6a44-da5d-4db2-a982-65da424c1a9b","name":"User0178","phone":"+917355460178","role":"consumer"},"token":"eyJhbGciOiJIUzI1NiIsInR5cCI6IkpXVCJ9.eyJzdWIiOiIyNDllNmE0NC1kYTVkLTRkYjItYTk4Mi02NWRhNDI0YzFhOWIiLCJuYW1lIjoiVXNlcjAxNzgiLCJyb2xlIjoiY29uc3VtZXIiLCJpYXQiOjE3Njc3OTYyNDMsImV4cCI6MTc2Nzc5OTg0M30.PsVFUMCr3JUSSx5KFmXVjQSuDAqGmHSRKp9FK1Yz19o"}
2026-01-07 20:00:43.241 [39mDEBUG[0;39m [1e355b24-bc51-41c0-bcb0-390a0afc0b97] [http-nio-8081-exec-8] c.b.c.logging.MethodLoggingAspect - Controller enter: AuthController.profile(..) args=[ContentCachingRequestWrapper(org.springframework.web.util.ContentCachingRequestWrapper@5f3cec43)]
2026-01-07 20:00:43.241 [34mINFO [0;39m [1e355b24-bc51-41c0-bcb0-390a0afc0b97] [http-nio-8081-exec-8] com.bharatshop.web.AuthController - Profile requested: tokenPresent=true 
2026-01-07 20:00:43.241 [39mDEBUG[0;39m [1e355b24-bc51-41c0-bcb0-390a0afc0b97] [http-nio-8081-exec-8] c.b.c.logging.MethodLoggingAspect - Service enter: AuthService.getProfile(..) args=[eyJhbGciOiJIUzI1NiIsInR5cCI6IkpXVCJ9.eyJzdWIiOiIyNDllNmE0NC1kYTVkLTRkYjItYTk4Mi02NWRhNDI0YzFhOWIiLCJuYW1lIjoiVXNlcjAxNzgiLCJyb2xlIjoiY29uc3VtZXIiLCJpYXQiOjE3Njc3OTYyNDMsImV4cCI6MTc2Nzc5OTg0M30.PsVFUMCr3JUSSx5KFmXVjQSuDAqGmHSRKp9FK1Yz19o]
2026-01-07 20:00:43.243 [34mINFO [0;39m [1e355b24-bc51-41c0-bcb0-390a0afc0b97] [http-nio-8081-exec-8] c.b.c.logging.MethodLoggingAspect - Service exit: AuthService.getProfile(..) (2 ms)
2026-01-07 20:00:43.243 [39mDEBUG[0;39m [1e355b24-bc51-41c0-bcb0-390a0afc0b97] [http-nio-8081-exec-8] c.b.c.logging.MethodLoggingAspect - Service result: AuthService.getProfile(..) => User(com.bharatshop.domain.User@4f1d1ad6)
2026-01-07 20:00:43.243 [34mINFO [0;39m [1e355b24-bc51-41c0-bcb0-390a0afc0b97] [http-nio-8081-exec-8] com.bharatshop.web.AuthController - Profile success: userId=249e6a44-da5d-4db2-a982-65da424c1a9b
2026-01-07 20:00:43.243 [34mINFO [0;39m [1e355b24-bc51-41c0-bcb0-390a0afc0b97] [http-nio-8081-exec-8] c.b.c.logging.MethodLoggingAspect - Controller exit: AuthController.profile(..) -> status=200 (2 ms)
2026-01-07 20:00:43.243 [39mDEBUG[0;39m [1e355b24-bc51-41c0-bcb0-390a0afc0b97] [http-nio-8081-exec-8] c.b.c.logging.MethodLoggingAspect - Controller result: AuthController.profile(..) => ResponseEntity(status=200)
2026-01-07 20:00:43.247 [34mINFO [0;39m [1e355b24-bc51-41c0-bcb0-390a0afc0b97] [http-nio-8081-exec-8] c.b.config.logging.HttpLoggingFilter - GET /api/storefront/auth/profile -> 200 (8 ms)
2026-01-07 20:00:43.247 [34mINFO [0;39m [1e355b24-bc51-41c0-bcb0-390a0afc0b97] [http-nio-8081-exec-8] c.b.config.logging.HttpLoggingFilter - Headers: auth=present content-type=null accept=application/json, text/plain, */*
2026-01-07 20:00:43.247 [34mINFO [0;39m [1e355b24-bc51-41c0-bcb0-390a0afc0b97] [http-nio-8081-exec-8] c.b.config.logging.HttpLoggingFilter - Response payload: {"id":"249e6a44-da5d-4db2-a982-65da424c1a9b","name":"User0178","phone":"+917355460178","role":"consumer"}
2026-01-07 20:00:50.447 [39mDEBUG[0;39m [2edacddb-567a-46d2-bf1a-8a5e750646f3] [http-nio-8081-exec-7] c.b.c.logging.MethodLoggingAspect - Controller enter: EventController.ingest(..) args=[demo-store, LinkedHashMap({name=payment_method_selected, payload={method=online}, timestamp=1767796250431}), ContentCachingRequestWrapper(org.springframework.web.util.ContentCachingRequestWrapper@1f4680b3)]
2026-01-07 20:00:50.447 [34mINFO [0;39m [2edacddb-567a-46d2-bf1a-8a5e750646f3] [http-nio-8081-exec-7] com.bharatshop.web.EventController - Event ingested: id=evt_bf95e046-2d02-4672-a342-385586f63275 name=payment_method_selected tenant=demo-store userId=249e6a44-da5d-4db2-a982-65da424c1a9b role=consumer ip=127.0.0.1 ua=Mozilla/5.0 (Windows NT 10.0; Win64; x64) AppleWebKit/537.36 (KHTML, like Gecko) Chrome/142.0.0.0 Safari/537.36 ts=1767796250431 payloadPresent=true
2026-01-07 20:00:50.447 [34mINFO [0;39m [2edacddb-567a-46d2-bf1a-8a5e750646f3] [http-nio-8081-exec-7] c.b.c.logging.MethodLoggingAspect - Controller exit: EventController.ingest(..) -> status=200 (0 ms)
2026-01-07 20:00:50.447 [39mDEBUG[0;39m [2edacddb-567a-46d2-bf1a-8a5e750646f3] [http-nio-8081-exec-7] c.b.c.logging.MethodLoggingAspect - Controller result: EventController.ingest(..) => ResponseEntity(status=200)
2026-01-07 20:00:50.454 [34mINFO [0;39m [2edacddb-567a-46d2-bf1a-8a5e750646f3] [http-nio-8081-exec-7] c.b.config.logging.HttpLoggingFilter - POST /api/events -> 200 (7 ms)
2026-01-07 20:00:50.454 [34mINFO [0;39m [2edacddb-567a-46d2-bf1a-8a5e750646f3] [http-nio-8081-exec-7] c.b.config.logging.HttpLoggingFilter - Headers: auth=present content-type=application/json accept=application/json, text/plain, */*
2026-01-07 20:00:50.454 [34mINFO [0;39m [2edacddb-567a-46d2-bf1a-8a5e750646f3] [http-nio-8081-exec-7] c.b.config.logging.HttpLoggingFilter - Request payload: {"name":"payment_method_selected","payload":{"method":"online"},"timestamp":1767796250431}
2026-01-07 20:00:50.455 [34mINFO [0;39m [2edacddb-567a-46d2-bf1a-8a5e750646f3] [http-nio-8081-exec-7] c.b.config.logging.HttpLoggingFilter - Response payload: {"id":"evt_bf95e046-2d02-4672-a342-385586f63275","ok":true}
2026-01-07 20:00:51.236 [39mDEBUG[0;39m [6b7572ff-81fe-4b5a-8b18-625419e13835] [http-nio-8081-exec-6] c.b.c.logging.MethodLoggingAspect - Controller enter: EventController.ingest(..) args=[demo-store, LinkedHashMap({name=payment_method_selected, payload={method=cod}, timestamp=1767796251216}), ContentCachingRequestWrapper(org.springframework.web.util.ContentCachingRequestWrapper@476b8ce8)]
2026-01-07 20:00:51.236 [34mINFO [0;39m [6b7572ff-81fe-4b5a-8b18-625419e13835] [http-nio-8081-exec-6] com.bharatshop.web.EventController - Event ingested: id=evt_11fc2596-38af-4e64-816f-472f332abd61 name=payment_method_selected tenant=demo-store userId=249e6a44-da5d-4db2-a982-65da424c1a9b role=consumer ip=127.0.0.1 ua=Mozilla/5.0 (Windows NT 10.0; Win64; x64) AppleWebKit/537.36 (KHTML, like Gecko) Chrome/142.0.0.0 Safari/537.36 ts=1767796251216 payloadPresent=true
2026-01-07 20:00:51.236 [34mINFO [0;39m [6b7572ff-81fe-4b5a-8b18-625419e13835] [http-nio-8081-exec-6] c.b.c.logging.MethodLoggingAspect - Controller exit: EventController.ingest(..) -> status=200 (0 ms)
2026-01-07 20:00:51.236 [39mDEBUG[0;39m [6b7572ff-81fe-4b5a-8b18-625419e13835] [http-nio-8081-exec-6] c.b.c.logging.MethodLoggingAspect - Controller result: EventController.ingest(..) => ResponseEntity(status=200)
2026-01-07 20:00:51.240 [34mINFO [0;39m [6b7572ff-81fe-4b5a-8b18-625419e13835] [http-nio-8081-exec-6] c.b.config.logging.HttpLoggingFilter - POST /api/events -> 200 (6 ms)
2026-01-07 20:00:51.240 [34mINFO [0;39m [6b7572ff-81fe-4b5a-8b18-625419e13835] [http-nio-8081-exec-6] c.b.config.logging.HttpLoggingFilter - Headers: auth=present content-type=application/json accept=application/json, text/plain, */*
2026-01-07 20:00:51.240 [34mINFO [0;39m [6b7572ff-81fe-4b5a-8b18-625419e13835] [http-nio-8081-exec-6] c.b.config.logging.HttpLoggingFilter - Request payload: {"name":"payment_method_selected","payload":{"method":"cod"},"timestamp":1767796251216}
2026-01-07 20:00:51.240 [34mINFO [0;39m [6b7572ff-81fe-4b5a-8b18-625419e13835] [http-nio-8081-exec-6] c.b.config.logging.HttpLoggingFilter - Response payload: {"id":"evt_11fc2596-38af-4e64-816f-472f332abd61","ok":true}
2026-01-07 20:00:52.863 [39mDEBUG[0;39m [b01ce0ea-aaec-4d1c-ad6f-c7a81f416ec8] [http-nio-8081-exec-9] c.b.c.logging.MethodLoggingAspect - Controller enter: EventController.ingest(..) args=[demo-store, LinkedHashMap({name=payment_method_selected, payload={method=cod}, timestamp=1767796252775}), ContentCachingRequestWrapper(org.springframework.web.util.ContentCachingRequestWrapper@38fbf1cc)]
2026-01-07 20:00:52.863 [34mINFO [0;39m [b01ce0ea-aaec-4d1c-ad6f-c7a81f416ec8] [http-nio-8081-exec-9] com.bharatshop.web.EventController - Event ingested: id=evt_0626084a-3504-4242-b86e-7338739a901c name=payment_method_selected tenant=demo-store userId=249e6a44-da5d-4db2-a982-65da424c1a9b role=consumer ip=127.0.0.1 ua=Mozilla/5.0 (Windows NT 10.0; Win64; x64) AppleWebKit/537.36 (KHTML, like Gecko) Chrome/142.0.0.0 Safari/537.36 ts=1767796252775 payloadPresent=true
2026-01-07 20:00:52.863 [34mINFO [0;39m [b01ce0ea-aaec-4d1c-ad6f-c7a81f416ec8] [http-nio-8081-exec-9] c.b.c.logging.MethodLoggingAspect - Controller exit: EventController.ingest(..) -> status=200 (0 ms)
2026-01-07 20:00:52.863 [39mDEBUG[0;39m [b01ce0ea-aaec-4d1c-ad6f-c7a81f416ec8] [http-nio-8081-exec-9] c.b.c.logging.MethodLoggingAspect - Controller result: EventController.ingest(..) => ResponseEntity(status=200)
2026-01-07 20:00:52.863 [34mINFO [0;39m [b01ce0ea-aaec-4d1c-ad6f-c7a81f416ec8] [http-nio-8081-exec-9] c.b.config.logging.HttpLoggingFilter - POST /api/events -> 200 (7 ms)
2026-01-07 20:00:52.863 [34mINFO [0;39m [b01ce0ea-aaec-4d1c-ad6f-c7a81f416ec8] [http-nio-8081-exec-9] c.b.config.logging.HttpLoggingFilter - Headers: auth=present content-type=application/json accept=application/json, text/plain, */*
2026-01-07 20:00:52.867 [34mINFO [0;39m [b01ce0ea-aaec-4d1c-ad6f-c7a81f416ec8] [http-nio-8081-exec-9] c.b.config.logging.HttpLoggingFilter - Request payload: {"name":"payment_method_selected","payload":{"method":"cod"},"timestamp":1767796252775}
2026-01-07 20:00:52.867 [34mINFO [0;39m [b01ce0ea-aaec-4d1c-ad6f-c7a81f416ec8] [http-nio-8081-exec-9] c.b.config.logging.HttpLoggingFilter - Response payload: {"id":"evt_0626084a-3504-4242-b86e-7338739a901c","ok":true}
2026-01-07 20:01:55.660 [39mDEBUG[0;39m [6bae29b3-6e8b-4aa6-8e85-24e47c09d1ee] [http-nio-8081-exec-5] c.b.c.logging.MethodLoggingAspect - Controller enter: CheckoutController.checkout(..) args=[CheckoutRequest(com.bharatshop.dto.CheckoutRequest@3598342c)]
2026-01-07 20:01:55.660 [34mINFO [0;39m [6bae29b3-6e8b-4aa6-8e85-24e47c09d1ee] [http-nio-8081-exec-5] c.bharatshop.web.CheckoutController - Checkout requested: items=1 paymentMethod=cod
2026-01-07 20:01:55.664 [39mDEBUG[0;39m [6bae29b3-6e8b-4aa6-8e85-24e47c09d1ee] [http-nio-8081-exec-5] c.b.c.logging.MethodLoggingAspect - Service enter: CheckoutService.checkout(..) args=[CheckoutRequest(com.bharatshop.dto.CheckoutRequest@3598342c)]
2026-01-07 20:01:55.668 [34mINFO [0;39m [6bae29b3-6e8b-4aa6-8e85-24e47c09d1ee] [http-nio-8081-exec-5] c.bharatshop.service.CheckoutService - CheckoutService: tenant=demo-store userId=249e6a44-da5d-4db2-a982-65da424c1a9b type=null storeId=null
2026-01-07 20:01:55.668 [39mDEBUG[0;39m [6bae29b3-6e8b-4aa6-8e85-24e47c09d1ee] [http-nio-8081-exec-5] c.b.c.logging.MethodLoggingAspect - Factory enter: FactoryProvider.getFactory(..) args=[demo-store]
2026-01-07 20:01:55.668 [34mINFO [0;39m [6bae29b3-6e8b-4aa6-8e85-24e47c09d1ee] [http-nio-8081-exec-5] c.b.c.logging.MethodLoggingAspect - Factory exit: FactoryProvider.getFactory(..) (0 ms)
2026-01-07 20:01:55.668 [39mDEBUG[0;39m [6bae29b3-6e8b-4aa6-8e85-24e47c09d1ee] [http-nio-8081-exec-5] c.b.c.logging.MethodLoggingAspect - Factory result: FactoryProvider.getFactory(..) => DefaultStorefrontFactory$$SpringCGLIB$$0(com.bharatshop.factory.impl.DefaultStorefrontFactory@30b35687)
2026-01-07 20:01:55.668 [39mDEBUG[0;39m [6bae29b3-6e8b-4aa6-8e85-24e47c09d1ee] [http-nio-8081-exec-5] c.b.c.logging.MethodLoggingAspect - Factory enter: DefaultStorefrontFactory.orders() args=[]
2026-01-07 20:01:55.670 [34mINFO [0;39m [6bae29b3-6e8b-4aa6-8e85-24e47c09d1ee] [http-nio-8081-exec-5] c.b.c.logging.MethodLoggingAspect - Factory exit: DefaultStorefrontFactory.orders() (2 ms)
2026-01-07 20:01:55.670 [39mDEBUG[0;39m [6bae29b3-6e8b-4aa6-8e85-24e47c09d1ee] [http-nio-8081-exec-5] c.b.c.logging.MethodLoggingAspect - Factory result: DefaultStorefrontFactory.orders() => (com.bharatshop.factory.impl.DefaultStorefrontFactory$3@36d28173)
2026-01-07 20:01:55.670 [39mDEBUG[0;39m [6bae29b3-6e8b-4aa6-8e85-24e47c09d1ee] [http-nio-8081-exec-5] c.b.c.logging.MethodLoggingAspect - Service enter: OrderService.placeOrder(..) args=[249e6a44-da5d-4db2-a982-65da424c1a9b, ArrayList[size=1], Totals(com.bharatshop.domain.Order$Totals@3afe66b6), cod, null, null, null, null]
2026-01-07 20:01:55.722 [34mINFO [0;39m [6bae29b3-6e8b-4aa6-8e85-24e47c09d1ee] [http-nio-8081-exec-5] c.b.c.logging.MethodLoggingAspect - Service exit: OrderService.placeOrder(..) (52 ms)
2026-01-07 20:01:55.722 [39mDEBUG[0;39m [6bae29b3-6e8b-4aa6-8e85-24e47c09d1ee] [http-nio-8081-exec-5] c.b.c.logging.MethodLoggingAspect - Service result: OrderService.placeOrder(..) => Order(com.bharatshop.domain.Order@29173591)
2026-01-07 20:01:55.722 [34mINFO [0;39m [6bae29b3-6e8b-4aa6-8e85-24e47c09d1ee] [http-nio-8081-exec-5] c.bharatshop.service.CheckoutService - CheckoutService: success orderId=24e2a4ec-7ede-4a36-a7a5-7ca5466cd49e reference=REF-24e2a4ec userId=249e6a44-da5d-4db2-a982-65da424c1a9b
2026-01-07 20:01:55.722 [34mINFO [0;39m [6bae29b3-6e8b-4aa6-8e85-24e47c09d1ee] [http-nio-8081-exec-5] c.b.c.logging.MethodLoggingAspect - Service exit: CheckoutService.checkout(..) (58 ms)
2026-01-07 20:01:55.722 [39mDEBUG[0;39m [6bae29b3-6e8b-4aa6-8e85-24e47c09d1ee] [http-nio-8081-exec-5] c.b.c.logging.MethodLoggingAspect - Service result: CheckoutService.checkout(..) => ResponseEntity(status=200)
2026-01-07 20:01:55.722 [34mINFO [0;39m [6bae29b3-6e8b-4aa6-8e85-24e47c09d1ee] [http-nio-8081-exec-5] c.b.c.logging.MethodLoggingAspect - Controller exit: CheckoutController.checkout(..) -> status=200 (62 ms)
2026-01-07 20:01:55.722 [39mDEBUG[0;39m [6bae29b3-6e8b-4aa6-8e85-24e47c09d1ee] [http-nio-8081-exec-5] c.b.c.logging.MethodLoggingAspect - Controller result: CheckoutController.checkout(..) => ResponseEntity(status=200)
2026-01-07 20:01:55.731 [34mINFO [0;39m [6bae29b3-6e8b-4aa6-8e85-24e47c09d1ee] [http-nio-8081-exec-5] c.b.config.logging.HttpLoggingFilter - POST /api/storefront/checkout -> 200 (129 ms)
2026-01-07 20:01:55.737 [34mINFO [0;39m [6bae29b3-6e8b-4aa6-8e85-24e47c09d1ee] [http-nio-8081-exec-5] c.b.config.logging.HttpLoggingFilter - Headers: auth=present content-type=application/json accept=application/json, text/plain, */*
2026-01-07 20:01:55.737 [34mINFO [0;39m [6bae29b3-6e8b-4aa6-8e85-24e47c09d1ee] [http-nio-8081-exec-5] c.b.config.logging.HttpLoggingFilter - Request payload: {"items":[{"id":"efd3eee1-f2e3-4c6d-b11b-0da02e40c4b3__v:standard__a:","name":"Paracetamol","price":35,"quantity":2,"storeId":"9d72b824-254a-4055-b893-eca7fbb44c7e","requiresPrescription":true}],"totals":{"subtotal":70,"discount":0,"deliveryFee":29,"tax":0,"tip":0,"payable":99},"address":{"name":"Adarsh soni","phone":"9876543211","line1":"Near Major Chauraha Balrampur","line2":"","city":"Balrampur","pincode":"271201"},"deliverySlot":"evening","promo":"hgj","deliveryInstructions":"","prescriptions":[{"name":"Gemini_Generated_Image_c7xjdoc7xjdoc7xj.png","size":1196719,"type":"image/png"}],"paymentMethod":"cod"}
2026-01-07 20:01:55.737 [34mINFO [0;39m [6bae29b3-6e8b-4aa6-8e85-24e47c09d1ee] [http-nio-8081-exec-5] c.b.config.logging.HttpLoggingFilter - Response payload: {"order":{"id":"24e2a4ec-7ede-4a36-a7a5-7ca5466cd49e","reference":"REF-24e2a4ec","status":"placed","total":99.0,"totals":{"subtotal":70.0,"discount":0.0,"deliveryFee":29.0,"tax":0.0,"tip":0.0,"payable":99.0},"items":[{"id":"efd3eee1-f2e3-4c6d-b11b-0da02e40c4b3__v:standard__a:","name":"Paracetamol","price":35.0,"quantity":2,"requiresPrescription":true}],"paymentMethod":"cod","address":{"name":"Adarsh soni","phone":"9876543211","line1":"Near Major Chauraha Balrampur","line2":"","city":"Balrampur","pincode":"271201"},"deliverySlot":"evening","deliveryInstructions":"","promo":"hgj","type":"order","createdAt":"2026-01-07T14:31:55.670507400Z","sellerResponseDeadline":"2026-01-07T14:46:55.670507400Z"},"reference":"REF-24e2a4ec"}
2026-01-07 20:01:55.757 [39mDEBUG[0;39m [3bb5755d-a868-4154-8295-e9b24e47c946] [http-nio-8081-exec-10] c.b.c.logging.MethodLoggingAspect - Controller enter: StorefrontCartController.clearCart(..) args=[demo-store, guest_1763142291071_p6hkbv]
2026-01-07 20:01:55.759 [34mINFO [0;39m [3bb5755d-a868-4154-8295-e9b24e47c946] [http-nio-8081-exec-10] c.b.web.StorefrontCartController - Storefront clear cart: tenant=demo-store userId=249e6a44-da5d-4db2-a982-65da424c1a9b 
2026-01-07 20:01:55.759 [39mDEBUG[0;39m [3bb5755d-a868-4154-8295-e9b24e47c946] [http-nio-8081-exec-10] c.b.c.logging.MethodLoggingAspect - Service enter: CartService.clearCart(..) args=[249e6a44-da5d-4db2-a982-65da424c1a9b]
2026-01-07 20:01:55.760 [34mINFO [0;39m [3bb5755d-a868-4154-8295-e9b24e47c946] [http-nio-8081-exec-10] c.b.c.logging.MethodLoggingAspect - Service exit: CartService.clearCart(..) (1 ms)
2026-01-07 20:01:55.760 [39mDEBUG[0;39m [3bb5755d-a868-4154-8295-e9b24e47c946] [http-nio-8081-exec-10] c.b.c.logging.MethodLoggingAspect - Service result: CartService.clearCart(..) => ArrayList[size=0]
2026-01-07 20:01:55.761 [34mINFO [0;39m [3bb5755d-a868-4154-8295-e9b24e47c946] [http-nio-8081-exec-10] c.b.c.logging.MethodLoggingAspect - Controller exit: StorefrontCartController.clearCart(..) -> status=200 (4 ms)
2026-01-07 20:01:55.761 [39mDEBUG[0;39m [3bb5755d-a868-4154-8295-e9b24e47c946] [http-nio-8081-exec-10] c.b.c.logging.MethodLoggingAspect - Controller result: StorefrontCartController.clearCart(..) => ResponseEntity(status=200)
2026-01-07 20:01:55.763 [34mINFO [0;39m [3bb5755d-a868-4154-8295-e9b24e47c946] [http-nio-8081-exec-10] c.b.config.logging.HttpLoggingFilter - DELETE /api/storefront/cart -> 200 (8 ms)
2026-01-07 20:01:55.765 [34mINFO [0;39m [3bb5755d-a868-4154-8295-e9b24e47c946] [http-nio-8081-exec-10] c.b.config.logging.HttpLoggingFilter - Headers: auth=present content-type=null accept=application/json, text/plain, */*
2026-01-07 20:01:55.765 [34mINFO [0;39m [3bb5755d-a868-4154-8295-e9b24e47c946] [http-nio-8081-exec-10] c.b.config.logging.HttpLoggingFilter - Response payload: {"totals":{"subtotal":0.0,"itemsCount":0},"items":[]}
2026-01-07 20:02:00.251 [39mDEBUG[0;39m [841693b1-5dcb-4406-b5a9-a3f558a5565b] [http-nio-8081-exec-1] c.b.c.logging.MethodLoggingAspect - Controller enter: StoreDiscoveryController.stores(..) args=[null, null]
2026-01-07 20:02:00.251 [34mINFO [0;39m [841693b1-5dcb-4406-b5a9-a3f558a5565b] [http-nio-8081-exec-1] c.b.web.StoreDiscoveryController - Discover stores: tenant=demo-store search=null category=null
2026-01-07 20:02:00.254 [39mDEBUG[0;39m [841693b1-5dcb-4406-b5a9-a3f558a5565b] [http-nio-8081-exec-1] c.b.c.logging.MethodLoggingAspect - Factory enter: FactoryProvider.getFactory() args=[]
2026-01-07 20:02:00.254 [34mINFO [0;39m [841693b1-5dcb-4406-b5a9-a3f558a5565b] [http-nio-8081-exec-1] c.b.c.logging.MethodLoggingAspect - Factory exit: FactoryProvider.getFactory() (0 ms)
2026-01-07 20:02:00.256 [39mDEBUG[0;39m [841693b1-5dcb-4406-b5a9-a3f558a5565b] [http-nio-8081-exec-1] c.b.c.logging.MethodLoggingAspect - Factory result: FactoryProvider.getFactory() => DefaultStorefrontFactory$$SpringCGLIB$$0(com.bharatshop.factory.impl.DefaultStorefrontFactory@30b35687)
2026-01-07 20:02:00.256 [39mDEBUG[0;39m [841693b1-5dcb-4406-b5a9-a3f558a5565b] [http-nio-8081-exec-1] c.b.c.logging.MethodLoggingAspect - Factory enter: DefaultStorefrontFactory.stores() args=[]
2026-01-07 20:02:00.256 [34mINFO [0;39m [841693b1-5dcb-4406-b5a9-a3f558a5565b] [http-nio-8081-exec-1] c.b.c.logging.MethodLoggingAspect - Factory exit: DefaultStorefrontFactory.stores() (0 ms)
2026-01-07 20:02:00.258 [39mDEBUG[0;39m [841693b1-5dcb-4406-b5a9-a3f558a5565b] [http-nio-8081-exec-1] c.b.c.logging.MethodLoggingAspect - Factory result: DefaultStorefrontFactory.stores() => (com.bharatshop.factory.impl.DefaultStorefrontFactory$2@5ec3725a)
2026-01-07 20:02:00.258 [39mDEBUG[0;39m [841693b1-5dcb-4406-b5a9-a3f558a5565b] [http-nio-8081-exec-1] c.b.c.logging.MethodLoggingAspect - Service enter: StoreService.list(..) args=[null, null]
2026-01-07 20:02:00.262 [34mINFO [0;39m [841693b1-5dcb-4406-b5a9-a3f558a5565b] [http-nio-8081-exec-1] c.b.c.logging.MethodLoggingAspect - Service exit: StoreService.list(..) (4 ms)
2026-01-07 20:02:00.262 [39mDEBUG[0;39m [841693b1-5dcb-4406-b5a9-a3f558a5565b] [http-nio-8081-exec-1] c.b.c.logging.MethodLoggingAspect - Service result: StoreService.list(..) => ArrayList[size=3]
2026-01-07 20:02:00.262 [34mINFO [0;39m [841693b1-5dcb-4406-b5a9-a3f558a5565b] [http-nio-8081-exec-1] c.b.c.logging.MethodLoggingAspect - Controller exit: StoreDiscoveryController.stores(..) -> status=200 (11 ms)
2026-01-07 20:02:00.262 [39mDEBUG[0;39m [841693b1-5dcb-4406-b5a9-a3f558a5565b] [http-nio-8081-exec-1] c.b.c.logging.MethodLoggingAspect - Controller result: StoreDiscoveryController.stores(..) => ResponseEntity(status=200)
2026-01-07 20:02:00.265 [34mINFO [0;39m [841693b1-5dcb-4406-b5a9-a3f558a5565b] [http-nio-8081-exec-1] c.b.config.logging.HttpLoggingFilter - GET /api/stores -> 200 (16 ms)
2026-01-07 20:02:00.266 [34mINFO [0;39m [841693b1-5dcb-4406-b5a9-a3f558a5565b] [http-nio-8081-exec-1] c.b.config.logging.HttpLoggingFilter - Headers: auth=present content-type=null accept=application/json, text/plain, */*
2026-01-07 20:02:00.266 [34mINFO [0;39m [841693b1-5dcb-4406-b5a9-a3f558a5565b] [http-nio-8081-exec-1] c.b.config.logging.HttpLoggingFilter - Response payload: [{"id":"9d72b824-254a-4055-b893-eca7fbb44c7e","name":"City Pharmacy","area":"Brigade","category":"pharmacy","status":"open","orderingDisabled":false,"updatedAt":"2026-01-07T13:52:45.314753Z"},{"id":"fcc0735f-7395-4acc-a086-40195c7ff4c1","name":"Fresh Mart","area":"MG Road","category":"grocery","status":"open","orderingDisabled":false,"updatedAt":"2026-01-07T13:52:45.229915Z"},{"id":"e3a21b9e-4c25-4ef4-928d-0c2b3c7d8830","name":"Sunrise Hotel","area":"Beach","category":"hospitality","status":"open","orderingDisabled":false,"updatedAt":"2026-01-07T13:52:45.318432Z"}]
2026-01-07 20:02:02.286 [39mDEBUG[0;39m [f813a488-aa4f-4da8-b423-74a257070acf] [http-nio-8081-exec-2] c.b.c.logging.MethodLoggingAspect - Controller enter: StoreDiscoveryController.stores(..) args=[null, null]
2026-01-07 20:02:02.288 [34mINFO [0;39m [f813a488-aa4f-4da8-b423-74a257070acf] [http-nio-8081-exec-2] c.b.web.StoreDiscoveryController - Discover stores: tenant=demo-store search=null category=null
2026-01-07 20:02:02.292 [39mDEBUG[0;39m [f813a488-aa4f-4da8-b423-74a257070acf] [http-nio-8081-exec-2] c.b.c.logging.MethodLoggingAspect - Factory enter: FactoryProvider.getFactory() args=[]
2026-01-07 20:02:02.292 [34mINFO [0;39m [f813a488-aa4f-4da8-b423-74a257070acf] [http-nio-8081-exec-2] c.b.c.logging.MethodLoggingAspect - Factory exit: FactoryProvider.getFactory() (0 ms)
2026-01-07 20:02:02.292 [39mDEBUG[0;39m [f813a488-aa4f-4da8-b423-74a257070acf] [http-nio-8081-exec-2] c.b.c.logging.MethodLoggingAspect - Factory result: FactoryProvider.getFactory() => DefaultStorefrontFactory$$SpringCGLIB$$0(com.bharatshop.factory.impl.DefaultStorefrontFactory@30b35687)
2026-01-07 20:02:02.292 [39mDEBUG[0;39m [f813a488-aa4f-4da8-b423-74a257070acf] [http-nio-8081-exec-2] c.b.c.logging.MethodLoggingAspect - Factory enter: DefaultStorefrontFactory.stores() args=[]
2026-01-07 20:02:02.292 [34mINFO [0;39m [f813a488-aa4f-4da8-b423-74a257070acf] [http-nio-8081-exec-2] c.b.c.logging.MethodLoggingAspect - Factory exit: DefaultStorefrontFactory.stores() (0 ms)
2026-01-07 20:02:02.292 [39mDEBUG[0;39m [f813a488-aa4f-4da8-b423-74a257070acf] [http-nio-8081-exec-2] c.b.c.logging.MethodLoggingAspect - Factory result: DefaultStorefrontFactory.stores() => (com.bharatshop.factory.impl.DefaultStorefrontFactory$2@4e1b5d51)
2026-01-07 20:02:02.292 [39mDEBUG[0;39m [f813a488-aa4f-4da8-b423-74a257070acf] [http-nio-8081-exec-2] c.b.c.logging.MethodLoggingAspect - Service enter: StoreService.list(..) args=[null, null]
2026-01-07 20:02:02.295 [34mINFO [0;39m [f813a488-aa4f-4da8-b423-74a257070acf] [http-nio-8081-exec-2] c.b.c.logging.MethodLoggingAspect - Service exit: StoreService.list(..) (3 ms)
2026-01-07 20:02:02.298 [39mDEBUG[0;39m [f813a488-aa4f-4da8-b423-74a257070acf] [http-nio-8081-exec-2] c.b.c.logging.MethodLoggingAspect - Service result: StoreService.list(..) => ArrayList[size=3]
2026-01-07 20:02:02.298 [34mINFO [0;39m [f813a488-aa4f-4da8-b423-74a257070acf] [http-nio-8081-exec-2] c.b.c.logging.MethodLoggingAspect - Controller exit: StoreDiscoveryController.stores(..) -> status=200 (12 ms)
2026-01-07 20:02:02.298 [39mDEBUG[0;39m [f813a488-aa4f-4da8-b423-74a257070acf] [http-nio-8081-exec-2] c.b.c.logging.MethodLoggingAspect - Controller result: StoreDiscoveryController.stores(..) => ResponseEntity(status=200)
2026-01-07 20:02:02.300 [34mINFO [0;39m [f813a488-aa4f-4da8-b423-74a257070acf] [http-nio-8081-exec-2] c.b.config.logging.HttpLoggingFilter - GET /api/stores?city=Balrampur&lat=27.4235392&lon=82.1854208&lng=82.1854208 -> 200 (14 ms)
2026-01-07 20:02:02.300 [34mINFO [0;39m [f813a488-aa4f-4da8-b423-74a257070acf] [http-nio-8081-exec-2] c.b.config.logging.HttpLoggingFilter - Headers: auth=present content-type=null accept=application/json, text/plain, */*
2026-01-07 20:02:02.300 [34mINFO [0;39m [f813a488-aa4f-4da8-b423-74a257070acf] [http-nio-8081-exec-2] c.b.config.logging.HttpLoggingFilter - Response payload: [{"id":"9d72b824-254a-4055-b893-eca7fbb44c7e","name":"City Pharmacy","area":"Brigade","category":"pharmacy","status":"open","orderingDisabled":false,"updatedAt":"2026-01-07T13:52:45.314753Z"},{"id":"fcc0735f-7395-4acc-a086-40195c7ff4c1","name":"Fresh Mart","area":"MG Road","category":"grocery","status":"open","orderingDisabled":false,"updatedAt":"2026-01-07T13:52:45.229915Z"},{"id":"e3a21b9e-4c25-4ef4-928d-0c2b3c7d8830","name":"Sunrise Hotel","area":"Beach","category":"hospitality","status":"open","orderingDisabled":false,"updatedAt":"2026-01-07T13:52:45.318432Z"}]
2026-01-07 20:02:10.124 [39mDEBUG[0;39m [8e31503c-2e16-46d6-b205-49aebb240ce2] [http-nio-8081-exec-3] c.b.c.logging.MethodLoggingAspect - Controller enter: StoreDiscoveryController.stores(..) args=[null, null]
2026-01-07 20:02:10.126 [34mINFO [0;39m [8e31503c-2e16-46d6-b205-49aebb240ce2] [http-nio-8081-exec-3] c.b.web.StoreDiscoveryController - Discover stores: tenant=demo-store search=null category=null
2026-01-07 20:02:10.126 [39mDEBUG[0;39m [8e31503c-2e16-46d6-b205-49aebb240ce2] [http-nio-8081-exec-3] c.b.c.logging.MethodLoggingAspect - Factory enter: FactoryProvider.getFactory() args=[]
2026-01-07 20:02:10.126 [34mINFO [0;39m [8e31503c-2e16-46d6-b205-49aebb240ce2] [http-nio-8081-exec-3] c.b.c.logging.MethodLoggingAspect - Factory exit: FactoryProvider.getFactory() (0 ms)
2026-01-07 20:02:10.126 [39mDEBUG[0;39m [8e31503c-2e16-46d6-b205-49aebb240ce2] [http-nio-8081-exec-3] c.b.c.logging.MethodLoggingAspect - Factory result: FactoryProvider.getFactory() => DefaultStorefrontFactory$$SpringCGLIB$$0(com.bharatshop.factory.impl.DefaultStorefrontFactory@30b35687)
2026-01-07 20:02:10.126 [39mDEBUG[0;39m [8e31503c-2e16-46d6-b205-49aebb240ce2] [http-nio-8081-exec-3] c.b.c.logging.MethodLoggingAspect - Factory enter: DefaultStorefrontFactory.stores() args=[]
2026-01-07 20:02:10.126 [34mINFO [0;39m [8e31503c-2e16-46d6-b205-49aebb240ce2] [http-nio-8081-exec-3] c.b.c.logging.MethodLoggingAspect - Factory exit: DefaultStorefrontFactory.stores() (0 ms)
2026-01-07 20:02:10.128 [39mDEBUG[0;39m [8e31503c-2e16-46d6-b205-49aebb240ce2] [http-nio-8081-exec-3] c.b.c.logging.MethodLoggingAspect - Factory result: DefaultStorefrontFactory.stores() => (com.bharatshop.factory.impl.DefaultStorefrontFactory$2@7b4952fb)
2026-01-07 20:02:10.128 [39mDEBUG[0;39m [8e31503c-2e16-46d6-b205-49aebb240ce2] [http-nio-8081-exec-3] c.b.c.logging.MethodLoggingAspect - Service enter: StoreService.list(..) args=[null, null]
2026-01-07 20:02:10.132 [34mINFO [0;39m [8e31503c-2e16-46d6-b205-49aebb240ce2] [http-nio-8081-exec-3] c.b.c.logging.MethodLoggingAspect - Service exit: StoreService.list(..) (4 ms)
2026-01-07 20:02:10.132 [39mDEBUG[0;39m [8e31503c-2e16-46d6-b205-49aebb240ce2] [http-nio-8081-exec-3] c.b.c.logging.MethodLoggingAspect - Service result: StoreService.list(..) => ArrayList[size=3]
2026-01-07 20:02:10.132 [34mINFO [0;39m [8e31503c-2e16-46d6-b205-49aebb240ce2] [http-nio-8081-exec-3] c.b.c.logging.MethodLoggingAspect - Controller exit: StoreDiscoveryController.stores(..) -> status=200 (8 ms)
2026-01-07 20:02:10.132 [39mDEBUG[0;39m [8e31503c-2e16-46d6-b205-49aebb240ce2] [http-nio-8081-exec-3] c.b.c.logging.MethodLoggingAspect - Controller result: StoreDiscoveryController.stores(..) => ResponseEntity(status=200)
2026-01-07 20:02:10.139 [34mINFO [0;39m [8e31503c-2e16-46d6-b205-49aebb240ce2] [http-nio-8081-exec-3] c.b.config.logging.HttpLoggingFilter - GET /api/stores -> 200 (21 ms)
2026-01-07 20:02:10.139 [34mINFO [0;39m [8e31503c-2e16-46d6-b205-49aebb240ce2] [http-nio-8081-exec-3] c.b.config.logging.HttpLoggingFilter - Headers: auth=present content-type=null accept=application/json, text/plain, */*
2026-01-07 20:02:10.139 [34mINFO [0;39m [8e31503c-2e16-46d6-b205-49aebb240ce2] [http-nio-8081-exec-3] c.b.config.logging.HttpLoggingFilter - Response payload: [{"id":"9d72b824-254a-4055-b893-eca7fbb44c7e","name":"City Pharmacy","area":"Brigade","category":"pharmacy","status":"open","orderingDisabled":false,"updatedAt":"2026-01-07T13:52:45.314753Z"},{"id":"fcc0735f-7395-4acc-a086-40195c7ff4c1","name":"Fresh Mart","area":"MG Road","category":"grocery","status":"open","orderingDisabled":false,"updatedAt":"2026-01-07T13:52:45.229915Z"},{"id":"e3a21b9e-4c25-4ef4-928d-0c2b3c7d8830","name":"Sunrise Hotel","area":"Beach","category":"hospitality","status":"open","orderingDisabled":false,"updatedAt":"2026-01-07T13:52:45.318432Z"}]
2026-01-07 20:02:49.603 [39mDEBUG[0;39m [79f122b3-4e55-4798-ac48-a346723d5905] [http-nio-8081-exec-4] c.b.c.logging.MethodLoggingAspect - Controller enter: EventController.ingest(..) args=[demo-store, LinkedHashMap({name=nav_click, payload={target=language_modal, context=desktop_topbar}, timestamp=1767796369588}), ContentCachingRequestWrapper(org.springframework.web.util.ContentCachingRequestWrapper@42bf7717)]
2026-01-07 20:02:49.603 [34mINFO [0;39m [79f122b3-4e55-4798-ac48-a346723d5905] [http-nio-8081-exec-4] com.bharatshop.web.EventController - Event ingested: id=evt_82a77a75-48d2-408f-8263-a6f9854bd1d5 name=nav_click tenant=demo-store userId=249e6a44-da5d-4db2-a982-65da424c1a9b role=consumer ip=127.0.0.1 ua=Mozilla/5.0 (Windows NT 10.0; Win64; x64) AppleWebKit/537.36 (KHTML, like Gecko) Chrome/142.0.0.0 Safari/537.36 ts=1767796369588 payloadPresent=true
2026-01-07 20:02:49.603 [34mINFO [0;39m [79f122b3-4e55-4798-ac48-a346723d5905] [http-nio-8081-exec-4] c.b.c.logging.MethodLoggingAspect - Controller exit: EventController.ingest(..) -> status=200 (0 ms)
2026-01-07 20:02:49.605 [39mDEBUG[0;39m [79f122b3-4e55-4798-ac48-a346723d5905] [http-nio-8081-exec-4] c.b.c.logging.MethodLoggingAspect - Controller result: EventController.ingest(..) => ResponseEntity(status=200)
2026-01-07 20:02:49.606 [34mINFO [0;39m [79f122b3-4e55-4798-ac48-a346723d5905] [http-nio-8081-exec-4] c.b.config.logging.HttpLoggingFilter - POST /api/events -> 200 (5 ms)
2026-01-07 20:02:49.606 [34mINFO [0;39m [79f122b3-4e55-4798-ac48-a346723d5905] [http-nio-8081-exec-4] c.b.config.logging.HttpLoggingFilter - Headers: auth=present content-type=application/json accept=application/json, text/plain, */*
2026-01-07 20:02:49.606 [34mINFO [0;39m [79f122b3-4e55-4798-ac48-a346723d5905] [http-nio-8081-exec-4] c.b.config.logging.HttpLoggingFilter - Request payload: {"name":"nav_click","payload":{"target":"language_modal","context":"desktop_topbar"},"timestamp":1767796369588}
2026-01-07 20:02:49.606 [34mINFO [0;39m [79f122b3-4e55-4798-ac48-a346723d5905] [http-nio-8081-exec-4] c.b.config.logging.HttpLoggingFilter - Response payload: {"id":"evt_82a77a75-48d2-408f-8263-a6f9854bd1d5","ok":true}
2026-01-07 20:02:51.289 [39mDEBUG[0;39m [8bdbfae6-fa58-42aa-acd9-acb572526b47] [http-nio-8081-exec-7] c.b.c.logging.MethodLoggingAspect - Controller enter: EventController.ingest(..) args=[demo-store, LinkedHashMap({name=language_change, payload={locale=hi}, timestamp=1767796371276}), ContentCachingRequestWrapper(org.springframework.web.util.ContentCachingRequestWrapper@5053b45f)]
2026-01-07 20:02:51.289 [39mDEBUG[0;39m [1ffff2ee-bc38-481b-b66e-05422d4c6b8e] [http-nio-8081-exec-8] c.b.c.logging.MethodLoggingAspect - Controller enter: EventController.ingest(..) args=[demo-store, LinkedHashMap({name=language_change, payload={locale=hi, ui=modal}, timestamp=1767796371274}), ContentCachingRequestWrapper(org.springframework.web.util.ContentCachingRequestWrapper@55f90ce3)]
2026-01-07 20:02:51.291 [34mINFO [0;39m [8bdbfae6-fa58-42aa-acd9-acb572526b47] [http-nio-8081-exec-7] com.bharatshop.web.EventController - Event ingested: id=evt_19dc8a7f-4663-4678-8a7f-8d6f564ca8ad name=language_change tenant=demo-store userId=249e6a44-da5d-4db2-a982-65da424c1a9b role=consumer ip=127.0.0.1 ua=Mozilla/5.0 (Windows NT 10.0; Win64; x64) AppleWebKit/537.36 (KHTML, like Gecko) Chrome/142.0.0.0 Safari/537.36 ts=1767796371276 payloadPresent=true
2026-01-07 20:02:51.291 [34mINFO [0;39m [1ffff2ee-bc38-481b-b66e-05422d4c6b8e] [http-nio-8081-exec-8] com.bharatshop.web.EventController - Event ingested: id=evt_211edc4a-758e-4896-8b92-931253f08dda name=language_change tenant=demo-store userId=249e6a44-da5d-4db2-a982-65da424c1a9b role=consumer ip=127.0.0.1 ua=Mozilla/5.0 (Windows NT 10.0; Win64; x64) AppleWebKit/537.36 (KHTML, like Gecko) Chrome/142.0.0.0 Safari/537.36 ts=1767796371274 payloadPresent=true
2026-01-07 20:02:51.291 [34mINFO [0;39m [1ffff2ee-bc38-481b-b66e-05422d4c6b8e] [http-nio-8081-exec-8] c.b.c.logging.MethodLoggingAspect - Controller exit: EventController.ingest(..) -> status=200 (2 ms)
2026-01-07 20:02:51.291 [34mINFO [0;39m [8bdbfae6-fa58-42aa-acd9-acb572526b47] [http-nio-8081-exec-7] c.b.c.logging.MethodLoggingAspect - Controller exit: EventController.ingest(..) -> status=200 (2 ms)
2026-01-07 20:02:51.291 [39mDEBUG[0;39m [1ffff2ee-bc38-481b-b66e-05422d4c6b8e] [http-nio-8081-exec-8] c.b.c.logging.MethodLoggingAspect - Controller result: EventController.ingest(..) => ResponseEntity(status=200)
2026-01-07 20:02:51.291 [39mDEBUG[0;39m [8bdbfae6-fa58-42aa-acd9-acb572526b47] [http-nio-8081-exec-7] c.b.c.logging.MethodLoggingAspect - Controller result: EventController.ingest(..) => ResponseEntity(status=200)
2026-01-07 20:02:51.293 [34mINFO [0;39m [8bdbfae6-fa58-42aa-acd9-acb572526b47] [http-nio-8081-exec-7] c.b.config.logging.HttpLoggingFilter - POST /api/events -> 200 (6 ms)
2026-01-07 20:02:51.293 [34mINFO [0;39m [1ffff2ee-bc38-481b-b66e-05422d4c6b8e] [http-nio-8081-exec-8] c.b.config.logging.HttpLoggingFilter - POST /api/events -> 200 (6 ms)
2026-01-07 20:02:51.293 [34mINFO [0;39m [8bdbfae6-fa58-42aa-acd9-acb572526b47] [http-nio-8081-exec-7] c.b.config.logging.HttpLoggingFilter - Headers: auth=present content-type=application/json accept=application/json, text/plain, */*
2026-01-07 20:02:51.293 [34mINFO [0;39m [1ffff2ee-bc38-481b-b66e-05422d4c6b8e] [http-nio-8081-exec-8] c.b.config.logging.HttpLoggingFilter - Headers: auth=present content-type=application/json accept=application/json, text/plain, */*
2026-01-07 20:02:51.295 [34mINFO [0;39m [8bdbfae6-fa58-42aa-acd9-acb572526b47] [http-nio-8081-exec-7] c.b.config.logging.HttpLoggingFilter - Request payload: {"name":"language_change","payload":{"locale":"hi"},"timestamp":1767796371276}
2026-01-07 20:02:51.295 [34mINFO [0;39m [8bdbfae6-fa58-42aa-acd9-acb572526b47] [http-nio-8081-exec-7] c.b.config.logging.HttpLoggingFilter - Response payload: {"id":"evt_19dc8a7f-4663-4678-8a7f-8d6f564ca8ad","ok":true}
2026-01-07 20:02:51.295 [34mINFO [0;39m [1ffff2ee-bc38-481b-b66e-05422d4c6b8e] [http-nio-8081-exec-8] c.b.config.logging.HttpLoggingFilter - Request payload: {"name":"language_change","payload":{"locale":"hi","ui":"modal"},"timestamp":1767796371274}
2026-01-07 20:02:51.295 [34mINFO [0;39m [1ffff2ee-bc38-481b-b66e-05422d4c6b8e] [http-nio-8081-exec-8] c.b.config.logging.HttpLoggingFilter - Response payload: {"id":"evt_211edc4a-758e-4896-8b92-931253f08dda","ok":true}
2026-01-07 20:03:25.797 [39mDEBUG[0;39m [82b21922-465b-4f40-b23a-46c8d0bff132] [http-nio-8081-exec-6] c.b.c.logging.MethodLoggingAspect - Controller enter: StoreDiscoveryController.getStore(..) args=[9d72b824-254a-4055-b893-eca7fbb44c7e]
2026-01-07 20:03:25.797 [39mDEBUG[0;39m [1505d74e-76d4-4c6e-a1db-3d4e8dab2773] [http-nio-8081-exec-9] c.b.c.logging.MethodLoggingAspect - Controller enter: StoreDiscoveryController.productsByStore(..) args=[9d72b824-254a-4055-b893-eca7fbb44c7e]
2026-01-07 20:03:25.799 [34mINFO [0;39m [1505d74e-76d4-4c6e-a1db-3d4e8dab2773] [http-nio-8081-exec-9] c.b.web.StoreDiscoveryController - Products by store: tenant=demo-store storeId=9d72b824-254a-4055-b893-eca7fbb44c7e
2026-01-07 20:03:25.799 [34mINFO [0;39m [82b21922-465b-4f40-b23a-46c8d0bff132] [http-nio-8081-exec-6] c.b.web.StoreDiscoveryController - Get store: tenant=demo-store id=9d72b824-254a-4055-b893-eca7fbb44c7e
2026-01-07 20:03:25.799 [39mDEBUG[0;39m [1505d74e-76d4-4c6e-a1db-3d4e8dab2773] [http-nio-8081-exec-9] c.b.c.logging.MethodLoggingAspect - Factory enter: FactoryProvider.getFactory() args=[]
2026-01-07 20:03:25.799 [34mINFO [0;39m [1505d74e-76d4-4c6e-a1db-3d4e8dab2773] [http-nio-8081-exec-9] c.b.c.logging.MethodLoggingAspect - Factory exit: FactoryProvider.getFactory() (0 ms)
2026-01-07 20:03:25.799 [39mDEBUG[0;39m [82b21922-465b-4f40-b23a-46c8d0bff132] [http-nio-8081-exec-6] c.b.c.logging.MethodLoggingAspect - Factory enter: FactoryProvider.getFactory() args=[]
2026-01-07 20:03:25.801 [39mDEBUG[0;39m [1505d74e-76d4-4c6e-a1db-3d4e8dab2773] [http-nio-8081-exec-9] c.b.c.logging.MethodLoggingAspect - Factory result: FactoryProvider.getFactory() => DefaultStorefrontFactory$$SpringCGLIB$$0(com.bharatshop.factory.impl.DefaultStorefrontFactory@30b35687)
2026-01-07 20:03:25.801 [34mINFO [0;39m [82b21922-465b-4f40-b23a-46c8d0bff132] [http-nio-8081-exec-6] c.b.c.logging.MethodLoggingAspect - Factory exit: FactoryProvider.getFactory() (2 ms)
2026-01-07 20:03:25.801 [39mDEBUG[0;39m [1505d74e-76d4-4c6e-a1db-3d4e8dab2773] [http-nio-8081-exec-9] c.b.c.logging.MethodLoggingAspect - Factory enter: DefaultStorefrontFactory.products() args=[]
2026-01-07 20:03:25.801 [39mDEBUG[0;39m [82b21922-465b-4f40-b23a-46c8d0bff132] [http-nio-8081-exec-6] c.b.c.logging.MethodLoggingAspect - Factory result: FactoryProvider.getFactory() => DefaultStorefrontFactory$$SpringCGLIB$$0(com.bharatshop.factory.impl.DefaultStorefrontFactory@30b35687)
2026-01-07 20:03:25.801 [34mINFO [0;39m [1505d74e-76d4-4c6e-a1db-3d4e8dab2773] [http-nio-8081-exec-9] c.b.c.logging.MethodLoggingAspect - Factory exit: DefaultStorefrontFactory.products() (0 ms)
2026-01-07 20:03:25.801 [39mDEBUG[0;39m [82b21922-465b-4f40-b23a-46c8d0bff132] [http-nio-8081-exec-6] c.b.c.logging.MethodLoggingAspect - Factory enter: DefaultStorefrontFactory.stores() args=[]
2026-01-07 20:03:25.801 [39mDEBUG[0;39m [1505d74e-76d4-4c6e-a1db-3d4e8dab2773] [http-nio-8081-exec-9] c.b.c.logging.MethodLoggingAspect - Factory result: DefaultStorefrontFactory.products() => (com.bharatshop.factory.impl.DefaultStorefrontFactory$1@15aba755)
2026-01-07 20:03:25.801 [34mINFO [0;39m [82b21922-465b-4f40-b23a-46c8d0bff132] [http-nio-8081-exec-6] c.b.c.logging.MethodLoggingAspect - Factory exit: DefaultStorefrontFactory.stores() (0 ms)
2026-01-07 20:03:25.801 [39mDEBUG[0;39m [1505d74e-76d4-4c6e-a1db-3d4e8dab2773] [http-nio-8081-exec-9] c.b.c.logging.MethodLoggingAspect - Service enter: ProductService.getByStore(..) args=[9d72b824-254a-4055-b893-eca7fbb44c7e]
2026-01-07 20:03:25.803 [39mDEBUG[0;39m [82b21922-465b-4f40-b23a-46c8d0bff132] [http-nio-8081-exec-6] c.b.c.logging.MethodLoggingAspect - Factory result: DefaultStorefrontFactory.stores() => (com.bharatshop.factory.impl.DefaultStorefrontFactory$2@2955b79d)
2026-01-07 20:03:25.805 [39mDEBUG[0;39m [82b21922-465b-4f40-b23a-46c8d0bff132] [http-nio-8081-exec-6] c.b.c.logging.MethodLoggingAspect - Service enter: StoreService.get(..) args=[9d72b824-254a-4055-b893-eca7fbb44c7e]
2026-01-07 20:03:25.809 [34mINFO [0;39m [82b21922-465b-4f40-b23a-46c8d0bff132] [http-nio-8081-exec-6] c.b.c.logging.MethodLoggingAspect - Service exit: StoreService.get(..) (4 ms)
2026-01-07 20:03:25.818 [39mDEBUG[0;39m [82b21922-465b-4f40-b23a-46c8d0bff132] [http-nio-8081-exec-6] c.b.c.logging.MethodLoggingAspect - Service result: StoreService.get(..) => Store(com.bharatshop.domain.Store@52f2d5a2)
2026-01-07 20:03:25.820 [34mINFO [0;39m [82b21922-465b-4f40-b23a-46c8d0bff132] [http-nio-8081-exec-6] c.b.web.StoreDiscoveryController - Get store success: id=9d72b824-254a-4055-b893-eca7fbb44c7e name=City Pharmacy 
2026-01-07 20:03:25.822 [34mINFO [0;39m [1505d74e-76d4-4c6e-a1db-3d4e8dab2773] [http-nio-8081-exec-9] c.b.c.logging.MethodLoggingAspect - Service exit: ProductService.getByStore(..) (21 ms)
2026-01-07 20:03:25.822 [34mINFO [0;39m [82b21922-465b-4f40-b23a-46c8d0bff132] [http-nio-8081-exec-6] c.b.c.logging.MethodLoggingAspect - Controller exit: StoreDiscoveryController.getStore(..) -> status=200 (25 ms)
2026-01-07 20:03:25.824 [39mDEBUG[0;39m [1505d74e-76d4-4c6e-a1db-3d4e8dab2773] [http-nio-8081-exec-9] c.b.c.logging.MethodLoggingAspect - Service result: ProductService.getByStore(..) => ArrayList[size=1]
2026-01-07 20:03:25.824 [39mDEBUG[0;39m [82b21922-465b-4f40-b23a-46c8d0bff132] [http-nio-8081-exec-6] c.b.c.logging.MethodLoggingAspect - Controller result: StoreDiscoveryController.getStore(..) => ResponseEntity(status=200)
2026-01-07 20:03:25.824 [34mINFO [0;39m [1505d74e-76d4-4c6e-a1db-3d4e8dab2773] [http-nio-8081-exec-9] c.b.c.logging.MethodLoggingAspect - Controller exit: StoreDiscoveryController.productsByStore(..) -> status=200 (27 ms)
2026-01-07 20:03:25.826 [39mDEBUG[0;39m [1505d74e-76d4-4c6e-a1db-3d4e8dab2773] [http-nio-8081-exec-9] c.b.c.logging.MethodLoggingAspect - Controller result: StoreDiscoveryController.productsByStore(..) => ResponseEntity(status=200)
2026-01-07 20:03:25.826 [34mINFO [0;39m [1505d74e-76d4-4c6e-a1db-3d4e8dab2773] [http-nio-8081-exec-9] c.b.config.logging.HttpLoggingFilter - GET /api/products?storeId=9d72b824-254a-4055-b893-eca7fbb44c7e -> 200 (31 ms)
2026-01-07 20:03:25.828 [34mINFO [0;39m [1505d74e-76d4-4c6e-a1db-3d4e8dab2773] [http-nio-8081-exec-9] c.b.config.logging.HttpLoggingFilter - Headers: auth=present content-type=null accept=application/json, text/plain, */*
2026-01-07 20:03:25.828 [34mINFO [0;39m [1505d74e-76d4-4c6e-a1db-3d4e8dab2773] [http-nio-8081-exec-9] c.b.config.logging.HttpLoggingFilter - Response payload: [{"id":"efd3eee1-f2e3-4c6d-b11b-0da02e40c4b3","name":"Paracetamol","price":35.0,"category":"medicine","storeId":"9d72b824-254a-4055-b893-eca7fbb44c7e","active":true}]
2026-01-07 20:03:25.838 [34mINFO [0;39m [82b21922-465b-4f40-b23a-46c8d0bff132] [http-nio-8081-exec-6] c.b.config.logging.HttpLoggingFilter - GET /api/stores/9d72b824-254a-4055-b893-eca7fbb44c7e -> 200 (43 ms)
2026-01-07 20:03:25.838 [34mINFO [0;39m [82b21922-465b-4f40-b23a-46c8d0bff132] [http-nio-8081-exec-6] c.b.config.logging.HttpLoggingFilter - Headers: auth=present content-type=null accept=application/json, text/plain, */*
2026-01-07 20:03:25.840 [34mINFO [0;39m [82b21922-465b-4f40-b23a-46c8d0bff132] [http-nio-8081-exec-6] c.b.config.logging.HttpLoggingFilter - Response payload: {"id":"9d72b824-254a-4055-b893-eca7fbb44c7e","name":"City Pharmacy","area":"Brigade","category":"pharmacy","status":"open","orderingDisabled":false,"updatedAt":"2026-01-07T13:52:45.314753Z"}
2026-01-07 20:03:57.685 [39mDEBUG[0;39m [d5871d86-3fb6-4dc8-af0f-2568aedfc44a] [http-nio-8081-exec-5] c.b.c.logging.MethodLoggingAspect - Controller enter: StoreDiscoveryController.stores(..) args=[null, null]
2026-01-07 20:03:57.685 [34mINFO [0;39m [d5871d86-3fb6-4dc8-af0f-2568aedfc44a] [http-nio-8081-exec-5] c.b.web.StoreDiscoveryController - Discover stores: tenant=demo-store search=null category=null
2026-01-07 20:03:57.685 [39mDEBUG[0;39m [d5871d86-3fb6-4dc8-af0f-2568aedfc44a] [http-nio-8081-exec-5] c.b.c.logging.MethodLoggingAspect - Factory enter: FactoryProvider.getFactory() args=[]
2026-01-07 20:03:57.687 [34mINFO [0;39m [d5871d86-3fb6-4dc8-af0f-2568aedfc44a] [http-nio-8081-exec-5] c.b.c.logging.MethodLoggingAspect - Factory exit: FactoryProvider.getFactory() (2 ms)
2026-01-07 20:03:57.687 [39mDEBUG[0;39m [d5871d86-3fb6-4dc8-af0f-2568aedfc44a] [http-nio-8081-exec-5] c.b.c.logging.MethodLoggingAspect - Factory result: FactoryProvider.getFactory() => DefaultStorefrontFactory$$SpringCGLIB$$0(com.bharatshop.factory.impl.DefaultStorefrontFactory@30b35687)
2026-01-07 20:03:57.689 [39mDEBUG[0;39m [d5871d86-3fb6-4dc8-af0f-2568aedfc44a] [http-nio-8081-exec-5] c.b.c.logging.MethodLoggingAspect - Factory enter: DefaultStorefrontFactory.stores() args=[]
2026-01-07 20:03:57.689 [34mINFO [0;39m [d5871d86-3fb6-4dc8-af0f-2568aedfc44a] [http-nio-8081-exec-5] c.b.c.logging.MethodLoggingAspect - Factory exit: DefaultStorefrontFactory.stores() (0 ms)
2026-01-07 20:03:57.689 [39mDEBUG[0;39m [d5871d86-3fb6-4dc8-af0f-2568aedfc44a] [http-nio-8081-exec-5] c.b.c.logging.MethodLoggingAspect - Factory result: DefaultStorefrontFactory.stores() => (com.bharatshop.factory.impl.DefaultStorefrontFactory$2@33d75616)
2026-01-07 20:03:57.691 [39mDEBUG[0;39m [d5871d86-3fb6-4dc8-af0f-2568aedfc44a] [http-nio-8081-exec-5] c.b.c.logging.MethodLoggingAspect - Service enter: StoreService.list(..) args=[null, null]
2026-01-07 20:03:57.706 [34mINFO [0;39m [d5871d86-3fb6-4dc8-af0f-2568aedfc44a] [http-nio-8081-exec-5] c.b.c.logging.MethodLoggingAspect - Service exit: StoreService.list(..) (17 ms)
2026-01-07 20:03:57.707 [39mDEBUG[0;39m [d5871d86-3fb6-4dc8-af0f-2568aedfc44a] [http-nio-8081-exec-5] c.b.c.logging.MethodLoggingAspect - Service result: StoreService.list(..) => ArrayList[size=3]
2026-01-07 20:03:57.708 [34mINFO [0;39m [d5871d86-3fb6-4dc8-af0f-2568aedfc44a] [http-nio-8081-exec-5] c.b.c.logging.MethodLoggingAspect - Controller exit: StoreDiscoveryController.stores(..) -> status=200 (23 ms)
2026-01-07 20:03:57.709 [39mDEBUG[0;39m [d5871d86-3fb6-4dc8-af0f-2568aedfc44a] [http-nio-8081-exec-5] c.b.c.logging.MethodLoggingAspect - Controller result: StoreDiscoveryController.stores(..) => ResponseEntity(status=200)
2026-01-07 20:03:57.712 [34mINFO [0;39m [d5871d86-3fb6-4dc8-af0f-2568aedfc44a] [http-nio-8081-exec-5] c.b.config.logging.HttpLoggingFilter - GET /api/stores -> 200 (29 ms)
2026-01-07 20:03:57.712 [34mINFO [0;39m [d5871d86-3fb6-4dc8-af0f-2568aedfc44a] [http-nio-8081-exec-5] c.b.config.logging.HttpLoggingFilter - Headers: auth=present content-type=null accept=application/json, text/plain, */*
2026-01-07 20:03:57.712 [34mINFO [0;39m [d5871d86-3fb6-4dc8-af0f-2568aedfc44a] [http-nio-8081-exec-5] c.b.config.logging.HttpLoggingFilter - Response payload: [{"id":"9d72b824-254a-4055-b893-eca7fbb44c7e","name":"City Pharmacy","area":"Brigade","category":"pharmacy","status":"open","orderingDisabled":false,"updatedAt":"2026-01-07T13:52:45.314753Z"},{"id":"fcc0735f-7395-4acc-a086-40195c7ff4c1","name":"Fresh Mart","area":"MG Road","category":"grocery","status":"open","orderingDisabled":false,"updatedAt":"2026-01-07T13:52:45.229915Z"},{"id":"e3a21b9e-4c25-4ef4-928d-0c2b3c7d8830","name":"Sunrise Hotel","area":"Beach","category":"hospitality","status":"open","orderingDisabled":false,"updatedAt":"2026-01-07T13:52:45.318432Z"}]
2026-01-07 20:06:03.154 [39mDEBUG[0;39m [39613f37-253f-4057-8b71-37582a073b47] [http-nio-8081-exec-10] c.b.c.logging.MethodLoggingAspect - Controller enter: StoreDiscoveryController.stores(..) args=[null, null]
2026-01-07 20:06:03.154 [34mINFO [0;39m [39613f37-253f-4057-8b71-37582a073b47] [http-nio-8081-exec-10] c.b.web.StoreDiscoveryController - Discover stores: tenant=demo-store search=null category=null
2026-01-07 20:06:03.154 [39mDEBUG[0;39m [39613f37-253f-4057-8b71-37582a073b47] [http-nio-8081-exec-10] c.b.c.logging.MethodLoggingAspect - Factory enter: FactoryProvider.getFactory() args=[]
2026-01-07 20:06:03.154 [34mINFO [0;39m [39613f37-253f-4057-8b71-37582a073b47] [http-nio-8081-exec-10] c.b.c.logging.MethodLoggingAspect - Factory exit: FactoryProvider.getFactory() (0 ms)
2026-01-07 20:06:03.154 [39mDEBUG[0;39m [39613f37-253f-4057-8b71-37582a073b47] [http-nio-8081-exec-10] c.b.c.logging.MethodLoggingAspect - Factory result: FactoryProvider.getFactory() => DefaultStorefrontFactory$$SpringCGLIB$$0(com.bharatshop.factory.impl.DefaultStorefrontFactory@30b35687)
2026-01-07 20:06:03.154 [39mDEBUG[0;39m [39613f37-253f-4057-8b71-37582a073b47] [http-nio-8081-exec-10] c.b.c.logging.MethodLoggingAspect - Factory enter: DefaultStorefrontFactory.stores() args=[]
2026-01-07 20:06:03.154 [34mINFO [0;39m [39613f37-253f-4057-8b71-37582a073b47] [http-nio-8081-exec-10] c.b.c.logging.MethodLoggingAspect - Factory exit: DefaultStorefrontFactory.stores() (0 ms)
2026-01-07 20:06:03.154 [39mDEBUG[0;39m [39613f37-253f-4057-8b71-37582a073b47] [http-nio-8081-exec-10] c.b.c.logging.MethodLoggingAspect - Factory result: DefaultStorefrontFactory.stores() => (com.bharatshop.factory.impl.DefaultStorefrontFactory$2@3e95aea0)
2026-01-07 20:06:03.154 [39mDEBUG[0;39m [39613f37-253f-4057-8b71-37582a073b47] [http-nio-8081-exec-10] c.b.c.logging.MethodLoggingAspect - Service enter: StoreService.list(..) args=[null, null]
2026-01-07 20:06:03.162 [34mINFO [0;39m [39613f37-253f-4057-8b71-37582a073b47] [http-nio-8081-exec-10] c.b.c.logging.MethodLoggingAspect - Service exit: StoreService.list(..) (8 ms)
2026-01-07 20:06:03.162 [39mDEBUG[0;39m [39613f37-253f-4057-8b71-37582a073b47] [http-nio-8081-exec-10] c.b.c.logging.MethodLoggingAspect - Service result: StoreService.list(..) => ArrayList[size=3]
2026-01-07 20:06:03.164 [34mINFO [0;39m [39613f37-253f-4057-8b71-37582a073b47] [http-nio-8081-exec-10] c.b.c.logging.MethodLoggingAspect - Controller exit: StoreDiscoveryController.stores(..) -> status=200 (10 ms)
2026-01-07 20:06:03.164 [39mDEBUG[0;39m [39613f37-253f-4057-8b71-37582a073b47] [http-nio-8081-exec-10] c.b.c.logging.MethodLoggingAspect - Controller result: StoreDiscoveryController.stores(..) => ResponseEntity(status=200)
2026-01-07 20:06:03.168 [34mINFO [0;39m [39613f37-253f-4057-8b71-37582a073b47] [http-nio-8081-exec-10] c.b.config.logging.HttpLoggingFilter - GET /api/stores -> 200 (16 ms)
2026-01-07 20:06:03.168 [34mINFO [0;39m [39613f37-253f-4057-8b71-37582a073b47] [http-nio-8081-exec-10] c.b.config.logging.HttpLoggingFilter - Headers: auth=present content-type=null accept=application/json, text/plain, */*
2026-01-07 20:06:03.169 [34mINFO [0;39m [39613f37-253f-4057-8b71-37582a073b47] [http-nio-8081-exec-10] c.b.config.logging.HttpLoggingFilter - Response payload: [{"id":"9d72b824-254a-4055-b893-eca7fbb44c7e","name":"City Pharmacy","area":"Brigade","category":"pharmacy","status":"open","orderingDisabled":false,"updatedAt":"2026-01-07T13:52:45.314753Z"},{"id":"fcc0735f-7395-4acc-a086-40195c7ff4c1","name":"Fresh Mart","area":"MG Road","category":"grocery","status":"open","orderingDisabled":false,"updatedAt":"2026-01-07T13:52:45.229915Z"},{"id":"e3a21b9e-4c25-4ef4-928d-0c2b3c7d8830","name":"Sunrise Hotel","area":"Beach","category":"hospitality","status":"open","orderingDisabled":false,"updatedAt":"2026-01-07T13:52:45.318432Z"}]
2026-01-07 20:06:04.768 [39mDEBUG[0;39m [51d5a14a-c113-495e-970a-04ead03b3d5c] [http-nio-8081-exec-1] c.b.c.logging.MethodLoggingAspect - Controller enter: StoreDiscoveryController.stores(..) args=[null, null]
2026-01-07 20:06:04.768 [34mINFO [0;39m [51d5a14a-c113-495e-970a-04ead03b3d5c] [http-nio-8081-exec-1] c.b.web.StoreDiscoveryController - Discover stores: tenant=demo-store search=null category=null
2026-01-07 20:06:04.771 [39mDEBUG[0;39m [51d5a14a-c113-495e-970a-04ead03b3d5c] [http-nio-8081-exec-1] c.b.c.logging.MethodLoggingAspect - Factory enter: FactoryProvider.getFactory() args=[]
2026-01-07 20:06:04.771 [34mINFO [0;39m [51d5a14a-c113-495e-970a-04ead03b3d5c] [http-nio-8081-exec-1] c.b.c.logging.MethodLoggingAspect - Factory exit: FactoryProvider.getFactory() (0 ms)
2026-01-07 20:06:04.771 [39mDEBUG[0;39m [51d5a14a-c113-495e-970a-04ead03b3d5c] [http-nio-8081-exec-1] c.b.c.logging.MethodLoggingAspect - Factory result: FactoryProvider.getFactory() => DefaultStorefrontFactory$$SpringCGLIB$$0(com.bharatshop.factory.impl.DefaultStorefrontFactory@30b35687)
2026-01-07 20:06:04.771 [39mDEBUG[0;39m [51d5a14a-c113-495e-970a-04ead03b3d5c] [http-nio-8081-exec-1] c.b.c.logging.MethodLoggingAspect - Factory enter: DefaultStorefrontFactory.stores() args=[]
2026-01-07 20:06:04.771 [34mINFO [0;39m [51d5a14a-c113-495e-970a-04ead03b3d5c] [http-nio-8081-exec-1] c.b.c.logging.MethodLoggingAspect - Factory exit: DefaultStorefrontFactory.stores() (0 ms)
2026-01-07 20:06:04.771 [39mDEBUG[0;39m [51d5a14a-c113-495e-970a-04ead03b3d5c] [http-nio-8081-exec-1] c.b.c.logging.MethodLoggingAspect - Factory result: DefaultStorefrontFactory.stores() => (com.bharatshop.factory.impl.DefaultStorefrontFactory$2@323530d2)
2026-01-07 20:06:04.771 [39mDEBUG[0;39m [51d5a14a-c113-495e-970a-04ead03b3d5c] [http-nio-8081-exec-1] c.b.c.logging.MethodLoggingAspect - Service enter: StoreService.list(..) args=[null, null]
2026-01-07 20:06:04.776 [34mINFO [0;39m [51d5a14a-c113-495e-970a-04ead03b3d5c] [http-nio-8081-exec-1] c.b.c.logging.MethodLoggingAspect - Service exit: StoreService.list(..) (5 ms)
2026-01-07 20:06:04.776 [39mDEBUG[0;39m [51d5a14a-c113-495e-970a-04ead03b3d5c] [http-nio-8081-exec-1] c.b.c.logging.MethodLoggingAspect - Service result: StoreService.list(..) => ArrayList[size=3]
2026-01-07 20:06:04.776 [34mINFO [0;39m [51d5a14a-c113-495e-970a-04ead03b3d5c] [http-nio-8081-exec-1] c.b.c.logging.MethodLoggingAspect - Controller exit: StoreDiscoveryController.stores(..) -> status=200 (8 ms)
2026-01-07 20:06:04.776 [39mDEBUG[0;39m [51d5a14a-c113-495e-970a-04ead03b3d5c] [http-nio-8081-exec-1] c.b.c.logging.MethodLoggingAspect - Controller result: StoreDiscoveryController.stores(..) => ResponseEntity(status=200)
2026-01-07 20:06:04.776 [34mINFO [0;39m [51d5a14a-c113-495e-970a-04ead03b3d5c] [http-nio-8081-exec-1] c.b.config.logging.HttpLoggingFilter - GET /api/stores?city=Balrampur&lat=27.4235392&lon=82.1854208&lng=82.1854208 -> 200 (8 ms)
2026-01-07 20:06:04.776 [34mINFO [0;39m [51d5a14a-c113-495e-970a-04ead03b3d5c] [http-nio-8081-exec-1] c.b.config.logging.HttpLoggingFilter - Headers: auth=present content-type=null accept=application/json, text/plain, */*
2026-01-07 20:06:04.776 [34mINFO [0;39m [51d5a14a-c113-495e-970a-04ead03b3d5c] [http-nio-8081-exec-1] c.b.config.logging.HttpLoggingFilter - Response payload: [{"id":"9d72b824-254a-4055-b893-eca7fbb44c7e","name":"City Pharmacy","area":"Brigade","category":"pharmacy","status":"open","orderingDisabled":false,"updatedAt":"2026-01-07T13:52:45.314753Z"},{"id":"fcc0735f-7395-4acc-a086-40195c7ff4c1","name":"Fresh Mart","area":"MG Road","category":"grocery","status":"open","orderingDisabled":false,"updatedAt":"2026-01-07T13:52:45.229915Z"},{"id":"e3a21b9e-4c25-4ef4-928d-0c2b3c7d8830","name":"Sunrise Hotel","area":"Beach","category":"hospitality","status":"open","orderingDisabled":false,"updatedAt":"2026-01-07T13:52:45.318432Z"}]
2026-01-07 20:06:09.392 [39mDEBUG[0;39m [0032f1a6-e1e3-4084-8673-a9abbe972f9c] [http-nio-8081-exec-2] c.b.c.logging.MethodLoggingAspect - Controller enter: StoreDiscoveryController.globalCategories() args=[]
2026-01-07 20:06:09.392 [34mINFO [0;39m [0032f1a6-e1e3-4084-8673-a9abbe972f9c] [http-nio-8081-exec-2] c.b.web.StoreDiscoveryController - Global categories requested: tenant=demo-store
2026-01-07 20:06:09.392 [39mDEBUG[0;39m [0032f1a6-e1e3-4084-8673-a9abbe972f9c] [http-nio-8081-exec-2] c.b.c.logging.MethodLoggingAspect - Factory enter: FactoryProvider.getFactory() args=[]
2026-01-07 20:06:09.392 [34mINFO [0;39m [0032f1a6-e1e3-4084-8673-a9abbe972f9c] [http-nio-8081-exec-2] c.b.c.logging.MethodLoggingAspect - Factory exit: FactoryProvider.getFactory() (0 ms)
2026-01-07 20:06:09.394 [39mDEBUG[0;39m [0032f1a6-e1e3-4084-8673-a9abbe972f9c] [http-nio-8081-exec-2] c.b.c.logging.MethodLoggingAspect - Factory result: FactoryProvider.getFactory() => DefaultStorefrontFactory$$SpringCGLIB$$0(com.bharatshop.factory.impl.DefaultStorefrontFactory@30b35687)
2026-01-07 20:06:09.394 [39mDEBUG[0;39m [0032f1a6-e1e3-4084-8673-a9abbe972f9c] [http-nio-8081-exec-2] c.b.c.logging.MethodLoggingAspect - Factory enter: DefaultStorefrontFactory.products() args=[]
2026-01-07 20:06:09.394 [34mINFO [0;39m [0032f1a6-e1e3-4084-8673-a9abbe972f9c] [http-nio-8081-exec-2] c.b.c.logging.MethodLoggingAspect - Factory exit: DefaultStorefrontFactory.products() (0 ms)
2026-01-07 20:06:09.396 [39mDEBUG[0;39m [0032f1a6-e1e3-4084-8673-a9abbe972f9c] [http-nio-8081-exec-2] c.b.c.logging.MethodLoggingAspect - Factory result: DefaultStorefrontFactory.products() => (com.bharatshop.factory.impl.DefaultStorefrontFactory$1@1e9797c9)
2026-01-07 20:06:09.396 [39mDEBUG[0;39m [0032f1a6-e1e3-4084-8673-a9abbe972f9c] [http-nio-8081-exec-2] c.b.c.logging.MethodLoggingAspect - Service enter: ProductService.categories() args=[]
2026-01-07 20:06:09.402 [34mINFO [0;39m [0032f1a6-e1e3-4084-8673-a9abbe972f9c] [http-nio-8081-exec-2] c.b.c.logging.MethodLoggingAspect - Service exit: ProductService.categories() (6 ms)
2026-01-07 20:06:09.402 [39mDEBUG[0;39m [0032f1a6-e1e3-4084-8673-a9abbe972f9c] [http-nio-8081-exec-2] c.b.c.logging.MethodLoggingAspect - Service result: ProductService.categories() => ArrayList[size=4]
2026-01-07 20:06:09.402 [34mINFO [0;39m [0032f1a6-e1e3-4084-8673-a9abbe972f9c] [http-nio-8081-exec-2] c.b.c.logging.MethodLoggingAspect - Controller exit: StoreDiscoveryController.globalCategories() -> status=200 (10 ms)
2026-01-07 20:06:09.402 [39mDEBUG[0;39m [0032f1a6-e1e3-4084-8673-a9abbe972f9c] [http-nio-8081-exec-2] c.b.c.logging.MethodLoggingAspect - Controller result: StoreDiscoveryController.globalCategories() => ResponseEntity(status=200)
2026-01-07 20:06:09.404 [34mINFO [0;39m [0032f1a6-e1e3-4084-8673-a9abbe972f9c] [http-nio-8081-exec-2] c.b.config.logging.HttpLoggingFilter - GET /api/categories -> 200 (17 ms)
2026-01-07 20:06:09.404 [34mINFO [0;39m [0032f1a6-e1e3-4084-8673-a9abbe972f9c] [http-nio-8081-exec-2] c.b.config.logging.HttpLoggingFilter - Headers: auth=present content-type=null accept=application/json, text/plain, */*
2026-01-07 20:06:09.404 [34mINFO [0;39m [0032f1a6-e1e3-4084-8673-a9abbe972f9c] [http-nio-8081-exec-2] c.b.config.logging.HttpLoggingFilter - Response payload: ["dairy","fruits","medicine","room"]
2026-01-07 20:06:09.421 [39mDEBUG[0;39m [84519886-affd-4f8c-9b61-b8441553e4ff] [http-nio-8081-exec-3] c.b.c.logging.MethodLoggingAspect - Controller enter: StoreDiscoveryController.globalCategories() args=[]
2026-01-07 20:06:09.421 [34mINFO [0;39m [84519886-affd-4f8c-9b61-b8441553e4ff] [http-nio-8081-exec-3] c.b.web.StoreDiscoveryController - Global categories requested: tenant=demo-store
2026-01-07 20:06:09.421 [39mDEBUG[0;39m [84519886-affd-4f8c-9b61-b8441553e4ff] [http-nio-8081-exec-3] c.b.c.logging.MethodLoggingAspect - Factory enter: FactoryProvider.getFactory() args=[]
2026-01-07 20:06:09.423 [34mINFO [0;39m [84519886-affd-4f8c-9b61-b8441553e4ff] [http-nio-8081-exec-3] c.b.c.logging.MethodLoggingAspect - Factory exit: FactoryProvider.getFactory() (2 ms)
2026-01-07 20:06:09.423 [39mDEBUG[0;39m [84519886-affd-4f8c-9b61-b8441553e4ff] [http-nio-8081-exec-3] c.b.c.logging.MethodLoggingAspect - Factory result: FactoryProvider.getFactory() => DefaultStorefrontFactory$$SpringCGLIB$$0(com.bharatshop.factory.impl.DefaultStorefrontFactory@30b35687)
2026-01-07 20:06:09.423 [39mDEBUG[0;39m [84519886-affd-4f8c-9b61-b8441553e4ff] [http-nio-8081-exec-3] c.b.c.logging.MethodLoggingAspect - Factory enter: DefaultStorefrontFactory.products() args=[]
2026-01-07 20:06:09.423 [34mINFO [0;39m [84519886-affd-4f8c-9b61-b8441553e4ff] [http-nio-8081-exec-3] c.b.c.logging.MethodLoggingAspect - Factory exit: DefaultStorefrontFactory.products() (0 ms)
2026-01-07 20:06:09.423 [39mDEBUG[0;39m [84519886-affd-4f8c-9b61-b8441553e4ff] [http-nio-8081-exec-3] c.b.c.logging.MethodLoggingAspect - Factory result: DefaultStorefrontFactory.products() => (com.bharatshop.factory.impl.DefaultStorefrontFactory$1@32de7c7b)
2026-01-07 20:06:09.423 [39mDEBUG[0;39m [84519886-affd-4f8c-9b61-b8441553e4ff] [http-nio-8081-exec-3] c.b.c.logging.MethodLoggingAspect - Service enter: ProductService.categories() args=[]
2026-01-07 20:06:09.429 [34mINFO [0;39m [84519886-affd-4f8c-9b61-b8441553e4ff] [http-nio-8081-exec-3] c.b.c.logging.MethodLoggingAspect - Service exit: ProductService.categories() (6 ms)
2026-01-07 20:06:09.431 [39mDEBUG[0;39m [84519886-affd-4f8c-9b61-b8441553e4ff] [http-nio-8081-exec-3] c.b.c.logging.MethodLoggingAspect - Service result: ProductService.categories() => ArrayList[size=4]
2026-01-07 20:06:09.432 [34mINFO [0;39m [84519886-affd-4f8c-9b61-b8441553e4ff] [http-nio-8081-exec-3] c.b.c.logging.MethodLoggingAspect - Controller exit: StoreDiscoveryController.globalCategories() -> status=200 (11 ms)
2026-01-07 20:06:09.432 [39mDEBUG[0;39m [84519886-affd-4f8c-9b61-b8441553e4ff] [http-nio-8081-exec-3] c.b.c.logging.MethodLoggingAspect - Controller result: StoreDiscoveryController.globalCategories() => ResponseEntity(status=200)
2026-01-07 20:06:09.434 [34mINFO [0;39m [84519886-affd-4f8c-9b61-b8441553e4ff] [http-nio-8081-exec-3] c.b.config.logging.HttpLoggingFilter - GET /api/categories -> 200 (13 ms)
2026-01-07 20:06:09.434 [34mINFO [0;39m [84519886-affd-4f8c-9b61-b8441553e4ff] [http-nio-8081-exec-3] c.b.config.logging.HttpLoggingFilter - Headers: auth=present content-type=null accept=application/json, text/plain, */*
2026-01-07 20:06:09.434 [34mINFO [0;39m [84519886-affd-4f8c-9b61-b8441553e4ff] [http-nio-8081-exec-3] c.b.config.logging.HttpLoggingFilter - Response payload: ["dairy","fruits","medicine","room"]
2026-01-07 20:06:27.063 [39mDEBUG[0;39m [e36f4403-e429-486e-989b-36ee95827fb7] [http-nio-8081-exec-4] c.b.c.logging.MethodLoggingAspect - Controller enter: StoreDiscoveryController.stores(..) args=[null, null]
2026-01-07 20:06:27.063 [34mINFO [0;39m [e36f4403-e429-486e-989b-36ee95827fb7] [http-nio-8081-exec-4] c.b.web.StoreDiscoveryController - Discover stores: tenant=demo-store search=null category=null
2026-01-07 20:06:27.063 [39mDEBUG[0;39m [e36f4403-e429-486e-989b-36ee95827fb7] [http-nio-8081-exec-4] c.b.c.logging.MethodLoggingAspect - Factory enter: FactoryProvider.getFactory() args=[]
2026-01-07 20:06:27.063 [34mINFO [0;39m [e36f4403-e429-486e-989b-36ee95827fb7] [http-nio-8081-exec-4] c.b.c.logging.MethodLoggingAspect - Factory exit: FactoryProvider.getFactory() (0 ms)
2026-01-07 20:06:27.063 [39mDEBUG[0;39m [e36f4403-e429-486e-989b-36ee95827fb7] [http-nio-8081-exec-4] c.b.c.logging.MethodLoggingAspect - Factory result: FactoryProvider.getFactory() => DefaultStorefrontFactory$$SpringCGLIB$$0(com.bharatshop.factory.impl.DefaultStorefrontFactory@30b35687)
2026-01-07 20:06:27.063 [39mDEBUG[0;39m [e36f4403-e429-486e-989b-36ee95827fb7] [http-nio-8081-exec-4] c.b.c.logging.MethodLoggingAspect - Factory enter: DefaultStorefrontFactory.stores() args=[]
2026-01-07 20:06:27.063 [34mINFO [0;39m [e36f4403-e429-486e-989b-36ee95827fb7] [http-nio-8081-exec-4] c.b.c.logging.MethodLoggingAspect - Factory exit: DefaultStorefrontFactory.stores() (0 ms)
2026-01-07 20:06:27.063 [39mDEBUG[0;39m [e36f4403-e429-486e-989b-36ee95827fb7] [http-nio-8081-exec-4] c.b.c.logging.MethodLoggingAspect - Factory result: DefaultStorefrontFactory.stores() => (com.bharatshop.factory.impl.DefaultStorefrontFactory$2@5ba19814)
2026-01-07 20:06:27.067 [39mDEBUG[0;39m [e36f4403-e429-486e-989b-36ee95827fb7] [http-nio-8081-exec-4] c.b.c.logging.MethodLoggingAspect - Service enter: StoreService.list(..) args=[null, null]
2026-01-07 20:06:27.076 [34mINFO [0;39m [e36f4403-e429-486e-989b-36ee95827fb7] [http-nio-8081-exec-4] c.b.c.logging.MethodLoggingAspect - Service exit: StoreService.list(..) (9 ms)
2026-01-07 20:06:27.077 [39mDEBUG[0;39m [e36f4403-e429-486e-989b-36ee95827fb7] [http-nio-8081-exec-4] c.b.c.logging.MethodLoggingAspect - Service result: StoreService.list(..) => ArrayList[size=3]
2026-01-07 20:06:27.077 [34mINFO [0;39m [e36f4403-e429-486e-989b-36ee95827fb7] [http-nio-8081-exec-4] c.b.c.logging.MethodLoggingAspect - Controller exit: StoreDiscoveryController.stores(..) -> status=200 (14 ms)
2026-01-07 20:06:27.077 [39mDEBUG[0;39m [e36f4403-e429-486e-989b-36ee95827fb7] [http-nio-8081-exec-4] c.b.c.logging.MethodLoggingAspect - Controller result: StoreDiscoveryController.stores(..) => ResponseEntity(status=200)
2026-01-07 20:06:27.079 [34mINFO [0;39m [e36f4403-e429-486e-989b-36ee95827fb7] [http-nio-8081-exec-4] c.b.config.logging.HttpLoggingFilter - GET /api/stores -> 200 (16 ms)
2026-01-07 20:06:27.079 [34mINFO [0;39m [e36f4403-e429-486e-989b-36ee95827fb7] [http-nio-8081-exec-4] c.b.config.logging.HttpLoggingFilter - Headers: auth=absent content-type=null accept=application/json, text/plain, */*
2026-01-07 20:06:27.079 [34mINFO [0;39m [e36f4403-e429-486e-989b-36ee95827fb7] [http-nio-8081-exec-4] c.b.config.logging.HttpLoggingFilter - Response payload: [{"id":"9d72b824-254a-4055-b893-eca7fbb44c7e","name":"City Pharmacy","area":"Brigade","category":"pharmacy","status":"open","orderingDisabled":false,"updatedAt":"2026-01-07T13:52:45.314753Z"},{"id":"fcc0735f-7395-4acc-a086-40195c7ff4c1","name":"Fresh Mart","area":"MG Road","category":"grocery","status":"open","orderingDisabled":false,"updatedAt":"2026-01-07T13:52:45.229915Z"},{"id":"e3a21b9e-4c25-4ef4-928d-0c2b3c7d8830","name":"Sunrise Hotel","area":"Beach","category":"hospitality","status":"open","orderingDisabled":false,"updatedAt":"2026-01-07T13:52:45.318432Z"}]
2026-01-07 20:08:31.864 [39mDEBUG[0;39m [814897a3-97cf-4f9d-acac-e03fe54fcd61] [http-nio-8081-exec-8] c.b.c.logging.MethodLoggingAspect - Controller enter: AuthController.sendOtp(..) args=[LinkedHashMap({phone=+917905280349, channel=sms})]
2026-01-07 20:08:31.866 [34mINFO [0;39m [814897a3-97cf-4f9d-acac-e03fe54fcd61] [http-nio-8081-exec-8] com.bharatshop.web.AuthController - OTP send requested: phone=+917905280349
2026-01-07 20:08:31.866 [39mDEBUG[0;39m [814897a3-97cf-4f9d-acac-e03fe54fcd61] [http-nio-8081-exec-8] c.b.c.logging.MethodLoggingAspect - Service enter: AuthService.sendOtp(..) args=[+917905280349]
2026-01-07 20:08:31.866 [34mINFO [0;39m [814897a3-97cf-4f9d-acac-e03fe54fcd61] [http-nio-8081-exec-8] com.bharatshop.service.AuthService - Sending OTP to phone=+917905280349
2026-01-07 20:08:31.866 [34mINFO [0;39m [814897a3-97cf-4f9d-acac-e03fe54fcd61] [http-nio-8081-exec-8] com.bharatshop.service.AuthService - OTP generated: otpId=d7ff3e7f-e851-482c-9b4d-7fddd87c77b5 expiresAt=1767796831866
2026-01-07 20:08:31.868 [39mDEBUG[0;39m [814897a3-97cf-4f9d-acac-e03fe54fcd61] [http-nio-8081-exec-8] c.b.c.logging.MethodLoggingAspect - Service enter: CompositeNotificationService.sendSms(..) args=[+917905280349, Your Bharatshop OTP is 806940. Valid for 2 minutes.]
2026-01-07 20:08:31.868 [34mINFO [0;39m [814897a3-97cf-4f9d-acac-e03fe54fcd61] [http-nio-8081-exec-8] c.b.service.LogNotificationService - [SMS] to=+917905280349 message=Your Bharatshop OTP is 806940. Valid for 2 minutes.
2026-01-07 20:08:31.868 [34mINFO [0;39m [814897a3-97cf-4f9d-acac-e03fe54fcd61] [http-nio-8081-exec-8] c.b.c.logging.MethodLoggingAspect - Service exit: CompositeNotificationService.sendSms(..) (0 ms)
2026-01-07 20:08:31.869 [39mDEBUG[0;39m [814897a3-97cf-4f9d-acac-e03fe54fcd61] [http-nio-8081-exec-8] c.b.c.logging.MethodLoggingAspect - Service result: CompositeNotificationService.sendSms(..) => null
2026-01-07 20:08:31.874 [34mINFO [0;39m [814897a3-97cf-4f9d-acac-e03fe54fcd61] [http-nio-8081-exec-8] c.b.c.logging.MethodLoggingAspect - Service exit: AuthService.sendOtp(..) (8 ms)
2026-01-07 20:08:31.874 [39mDEBUG[0;39m [814897a3-97cf-4f9d-acac-e03fe54fcd61] [http-nio-8081-exec-8] c.b.c.logging.MethodLoggingAspect - Service result: AuthService.sendOtp(..) => MapN({success=true, ttlSeconds=120, otp=806940, otpId=d7ff3e7f-e851-482c-9b4d-7fddd87c77b5})
2026-01-07 20:08:31.874 [34mINFO [0;39m [814897a3-97cf-4f9d-acac-e03fe54fcd61] [http-nio-8081-exec-8] c.b.c.logging.MethodLoggingAspect - Controller exit: AuthController.sendOtp(..) -> status=200 (10 ms)
2026-01-07 20:08:31.874 [39mDEBUG[0;39m [814897a3-97cf-4f9d-acac-e03fe54fcd61] [http-nio-8081-exec-8] c.b.c.logging.MethodLoggingAspect - Controller result: AuthController.sendOtp(..) => ResponseEntity(status=200)
2026-01-07 20:08:31.877 [34mINFO [0;39m [814897a3-97cf-4f9d-acac-e03fe54fcd61] [http-nio-8081-exec-8] c.b.config.logging.HttpLoggingFilter - POST /api/storefront/auth/otp/send -> 200 (13 ms)
2026-01-07 20:08:31.878 [34mINFO [0;39m [814897a3-97cf-4f9d-acac-e03fe54fcd61] [http-nio-8081-exec-8] c.b.config.logging.HttpLoggingFilter - Headers: auth=absent content-type=application/json accept=application/json, text/plain, */*
2026-01-07 20:08:31.878 [34mINFO [0;39m [814897a3-97cf-4f9d-acac-e03fe54fcd61] [http-nio-8081-exec-8] c.b.config.logging.HttpLoggingFilter - Request payload: {"phone":"+917905280349","channel":"sms"}
2026-01-07 20:08:31.878 [34mINFO [0;39m [814897a3-97cf-4f9d-acac-e03fe54fcd61] [http-nio-8081-exec-8] c.b.config.logging.HttpLoggingFilter - Response payload: {"success":true,"ttlSeconds":120,"otp":"806940","otpId":"d7ff3e7f-e851-482c-9b4d-7fddd87c77b5"}
2026-01-07 20:08:51.052 [39mDEBUG[0;39m [dbae9adc-b727-4854-aea2-957f95fd46f0] [http-nio-8081-exec-7] c.b.c.logging.MethodLoggingAspect - Controller enter: AuthController.verifyOtp(..) args=[LinkedHashMap({phone=+917905280349, otp=806940})]
2026-01-07 20:08:51.052 [34mINFO [0;39m [dbae9adc-b727-4854-aea2-957f95fd46f0] [http-nio-8081-exec-7] com.bharatshop.web.AuthController - OTP verify requested: phone=+917905280349 otpPresent=true
2026-01-07 20:08:51.052 [39mDEBUG[0;39m [dbae9adc-b727-4854-aea2-957f95fd46f0] [http-nio-8081-exec-7] c.b.c.logging.MethodLoggingAspect - Service enter: AuthService.verifyOtp(..) args=[+917905280349, 806940]
2026-01-07 20:08:51.052 [34mINFO [0;39m [dbae9adc-b727-4854-aea2-957f95fd46f0] [http-nio-8081-exec-7] com.bharatshop.service.AuthService - Verifying OTP for phone=+917905280349
2026-01-07 20:08:51.052 [34mINFO [0;39m [dbae9adc-b727-4854-aea2-957f95fd46f0] [http-nio-8081-exec-7] com.bharatshop.service.AuthService - OTP verification success for phone=+917905280349
2026-01-07 20:08:51.052 [34mINFO [0;39m [dbae9adc-b727-4854-aea2-957f95fd46f0] [http-nio-8081-exec-7] com.bharatshop.service.AuthService - Login (phone) attempt: phone=+917905280349
2026-01-07 20:08:51.062 [34mINFO [0;39m [dbae9adc-b727-4854-aea2-957f95fd46f0] [http-nio-8081-exec-7] com.bharatshop.service.AuthService - Session created: userId=3d06aab7-bce3-4058-be94-0591859cf253 role=consumer
2026-01-07 20:08:51.063 [34mINFO [0;39m [dbae9adc-b727-4854-aea2-957f95fd46f0] [http-nio-8081-exec-7] com.bharatshop.service.AuthService - Login (phone) success: userId=3d06aab7-bce3-4058-be94-0591859cf253 token=eyJhbGciOiJIUzI1NiIsInR5cCI6IkpXVCJ9.eyJzdWIiOiIzZDA2YWFiNy1iY2UzLTQwNTgtYmU5NC0wNTkxODU5Y2YyNTMiLCJuYW1lIjoiVXNlcjAzNDkiLCJyb2xlIjoiY29uc3VtZXIiLCJpYXQiOjE3Njc3OTY3MzEsImV4cCI6MTc2NzgwMDMzMX0.TGEFsM6nGNe9hLB6s_2xPkLwiqirYi_yxKuPLefaUx0 role=USER 
2026-01-07 20:08:51.063 [34mINFO [0;39m [dbae9adc-b727-4854-aea2-957f95fd46f0] [http-nio-8081-exec-7] c.b.c.logging.MethodLoggingAspect - Service exit: AuthService.verifyOtp(..) (11 ms)
2026-01-07 20:08:51.063 [39mDEBUG[0;39m [dbae9adc-b727-4854-aea2-957f95fd46f0] [http-nio-8081-exec-7] c.b.c.logging.MethodLoggingAspect - Service result: AuthService.verifyOtp(..) => Session(Session[token=eyJhbGciOiJIUzI1NiIsInR5cCI6IkpXVCJ9.eyJzdWIiOiIzZDA2YWFiNy1iY2UzLTQwNTgtYmU5NC0wNTkxODU5Y2YyNTMiLCJuYW1lIjoiVXNlcjAzNDkiLCJyb2xlIjoiY29uc3VtZXIiLCJpYXQiOjE3Njc3OTY3MzEsImV4cCI6MTc2NzgwMDMzMX0.TGEFsM6nGNe9hLB6s_2xPkLwiqirYi_yxKuPLefaUx0, userId=3d06aab7-bce3-4058-be94-0591859cf253, name=User0349, role=consumer])
2026-01-07 20:08:51.065 [39mDEBUG[0;39m [dbae9adc-b727-4854-aea2-957f95fd46f0] [http-nio-8081-exec-7] c.b.c.logging.MethodLoggingAspect - Service enter: AuthService.getProfile(..) args=[eyJhbGciOiJIUzI1NiIsInR5cCI6IkpXVCJ9.eyJzdWIiOiIzZDA2YWFiNy1iY2UzLTQwNTgtYmU5NC0wNTkxODU5Y2YyNTMiLCJuYW1lIjoiVXNlcjAzNDkiLCJyb2xlIjoiY29uc3VtZXIiLCJpYXQiOjE3Njc3OTY3MzEsImV4cCI6MTc2NzgwMDMzMX0.TGEFsM6nGNe9hLB6s_2xPkLwiqirYi_yxKuPLefaUx0]
2026-01-07 20:08:51.065 [34mINFO [0;39m [dbae9adc-b727-4854-aea2-957f95fd46f0] [http-nio-8081-exec-7] c.b.c.logging.MethodLoggingAspect - Service exit: AuthService.getProfile(..) (0 ms)
2026-01-07 20:08:51.065 [39mDEBUG[0;39m [dbae9adc-b727-4854-aea2-957f95fd46f0] [http-nio-8081-exec-7] c.b.c.logging.MethodLoggingAspect - Service result: AuthService.getProfile(..) => User(com.bharatshop.domain.User@1ace220e)
2026-01-07 20:08:51.069 [34mINFO [0;39m [dbae9adc-b727-4854-aea2-957f95fd46f0] [http-nio-8081-exec-7] com.bharatshop.web.AuthController - OTP verify success: userId=3d06aab7-bce3-4058-be94-0591859cf253 tokenPresent=true
2026-01-07 20:08:51.069 [34mINFO [0;39m [dbae9adc-b727-4854-aea2-957f95fd46f0] [http-nio-8081-exec-7] c.b.c.logging.MethodLoggingAspect - Controller exit: AuthController.verifyOtp(..) -> status=200 (17 ms)
2026-01-07 20:08:51.069 [39mDEBUG[0;39m [dbae9adc-b727-4854-aea2-957f95fd46f0] [http-nio-8081-exec-7] c.b.c.logging.MethodLoggingAspect - Controller result: AuthController.verifyOtp(..) => ResponseEntity(status=200)
2026-01-07 20:08:51.071 [34mINFO [0;39m [dbae9adc-b727-4854-aea2-957f95fd46f0] [http-nio-8081-exec-7] c.b.config.logging.HttpLoggingFilter - POST /api/storefront/auth/otp/verify -> 200 (23 ms)
2026-01-07 20:08:51.071 [34mINFO [0;39m [dbae9adc-b727-4854-aea2-957f95fd46f0] [http-nio-8081-exec-7] c.b.config.logging.HttpLoggingFilter - Headers: auth=absent content-type=application/json accept=application/json, text/plain, */*
2026-01-07 20:08:51.071 [34mINFO [0;39m [dbae9adc-b727-4854-aea2-957f95fd46f0] [http-nio-8081-exec-7] c.b.config.logging.HttpLoggingFilter - Request payload: {"phone":"+917905280349","otp":"806940"}
2026-01-07 20:08:51.071 [34mINFO [0;39m [dbae9adc-b727-4854-aea2-957f95fd46f0] [http-nio-8081-exec-7] c.b.config.logging.HttpLoggingFilter - Response payload: {"success":true,"user":{"id":"3d06aab7-bce3-4058-be94-0591859cf253","name":"User0349","phone":"+917905280349","role":"consumer"},"token":"eyJhbGciOiJIUzI1NiIsInR5cCI6IkpXVCJ9.eyJzdWIiOiIzZDA2YWFiNy1iY2UzLTQwNTgtYmU5NC0wNTkxODU5Y2YyNTMiLCJuYW1lIjoiVXNlcjAzNDkiLCJyb2xlIjoiY29uc3VtZXIiLCJpYXQiOjE3Njc3OTY3MzEsImV4cCI6MTc2NzgwMDMzMX0.TGEFsM6nGNe9hLB6s_2xPkLwiqirYi_yxKuPLefaUx0"}
2026-01-07 20:08:51.132 [39mDEBUG[0;39m [f75d1a39-9cc8-4979-b93d-045647873e4a] [http-nio-8081-exec-9] c.b.c.logging.MethodLoggingAspect - Controller enter: AuthController.profile(..) args=[ContentCachingRequestWrapper(org.springframework.web.util.ContentCachingRequestWrapper@4aaf7952)]
2026-01-07 20:08:51.132 [34mINFO [0;39m [f75d1a39-9cc8-4979-b93d-045647873e4a] [http-nio-8081-exec-9] com.bharatshop.web.AuthController - Profile requested: tokenPresent=true 
2026-01-07 20:08:51.132 [39mDEBUG[0;39m [f75d1a39-9cc8-4979-b93d-045647873e4a] [http-nio-8081-exec-9] c.b.c.logging.MethodLoggingAspect - Service enter: AuthService.getProfile(..) args=[eyJhbGciOiJIUzI1NiIsInR5cCI6IkpXVCJ9.eyJzdWIiOiIzZDA2YWFiNy1iY2UzLTQwNTgtYmU5NC0wNTkxODU5Y2YyNTMiLCJuYW1lIjoiVXNlcjAzNDkiLCJyb2xlIjoiY29uc3VtZXIiLCJpYXQiOjE3Njc3OTY3MzEsImV4cCI6MTc2NzgwMDMzMX0.TGEFsM6nGNe9hLB6s_2xPkLwiqirYi_yxKuPLefaUx0]
2026-01-07 20:08:51.138 [34mINFO [0;39m [f75d1a39-9cc8-4979-b93d-045647873e4a] [http-nio-8081-exec-9] c.b.c.logging.MethodLoggingAspect - Service exit: AuthService.getProfile(..) (6 ms)
2026-01-07 20:08:51.138 [39mDEBUG[0;39m [f75d1a39-9cc8-4979-b93d-045647873e4a] [http-nio-8081-exec-9] c.b.c.logging.MethodLoggingAspect - Service result: AuthService.getProfile(..) => User(com.bharatshop.domain.User@308bbe9)
2026-01-07 20:08:51.138 [34mINFO [0;39m [f75d1a39-9cc8-4979-b93d-045647873e4a] [http-nio-8081-exec-9] com.bharatshop.web.AuthController - Profile success: userId=3d06aab7-bce3-4058-be94-0591859cf253
2026-01-07 20:08:51.138 [34mINFO [0;39m [f75d1a39-9cc8-4979-b93d-045647873e4a] [http-nio-8081-exec-9] c.b.c.logging.MethodLoggingAspect - Controller exit: AuthController.profile(..) -> status=200 (6 ms)
2026-01-07 20:08:51.140 [39mDEBUG[0;39m [f75d1a39-9cc8-4979-b93d-045647873e4a] [http-nio-8081-exec-9] c.b.c.logging.MethodLoggingAspect - Controller result: AuthController.profile(..) => ResponseEntity(status=200)
2026-01-07 20:08:51.144 [34mINFO [0;39m [f75d1a39-9cc8-4979-b93d-045647873e4a] [http-nio-8081-exec-9] c.b.config.logging.HttpLoggingFilter - GET /api/storefront/auth/profile -> 200 (14 ms)
2026-01-07 20:08:51.145 [34mINFO [0;39m [f75d1a39-9cc8-4979-b93d-045647873e4a] [http-nio-8081-exec-9] c.b.config.logging.HttpLoggingFilter - Headers: auth=present content-type=null accept=application/json, text/plain, */*
2026-01-07 20:08:51.145 [34mINFO [0;39m [f75d1a39-9cc8-4979-b93d-045647873e4a] [http-nio-8081-exec-9] c.b.config.logging.HttpLoggingFilter - Response payload: {"id":"3d06aab7-bce3-4058-be94-0591859cf253","name":"User0349","phone":"+917905280349","role":"consumer"}
2026-01-07 20:08:51.152 [39mDEBUG[0;39m [233eb6ed-b1a5-4dca-929b-a433775d7e9d] [http-nio-8081-exec-6] c.b.c.logging.MethodLoggingAspect - Controller enter: StoreDiscoveryController.stores(..) args=[null, null]
2026-01-07 20:08:51.152 [34mINFO [0;39m [233eb6ed-b1a5-4dca-929b-a433775d7e9d] [http-nio-8081-exec-6] c.b.web.StoreDiscoveryController - Discover stores: tenant=demo-store search=null category=null
2026-01-07 20:08:51.152 [39mDEBUG[0;39m [233eb6ed-b1a5-4dca-929b-a433775d7e9d] [http-nio-8081-exec-6] c.b.c.logging.MethodLoggingAspect - Factory enter: FactoryProvider.getFactory() args=[]
2026-01-07 20:08:51.158 [34mINFO [0;39m [233eb6ed-b1a5-4dca-929b-a433775d7e9d] [http-nio-8081-exec-6] c.b.c.logging.MethodLoggingAspect - Factory exit: FactoryProvider.getFactory() (6 ms)
2026-01-07 20:08:51.160 [39mDEBUG[0;39m [233eb6ed-b1a5-4dca-929b-a433775d7e9d] [http-nio-8081-exec-6] c.b.c.logging.MethodLoggingAspect - Factory result: FactoryProvider.getFactory() => DefaultStorefrontFactory$$SpringCGLIB$$0(com.bharatshop.factory.impl.DefaultStorefrontFactory@30b35687)
2026-01-07 20:08:51.160 [39mDEBUG[0;39m [233eb6ed-b1a5-4dca-929b-a433775d7e9d] [http-nio-8081-exec-6] c.b.c.logging.MethodLoggingAspect - Factory enter: DefaultStorefrontFactory.stores() args=[]
2026-01-07 20:08:51.162 [34mINFO [0;39m [233eb6ed-b1a5-4dca-929b-a433775d7e9d] [http-nio-8081-exec-6] c.b.c.logging.MethodLoggingAspect - Factory exit: DefaultStorefrontFactory.stores() (2 ms)
2026-01-07 20:08:51.162 [39mDEBUG[0;39m [233eb6ed-b1a5-4dca-929b-a433775d7e9d] [http-nio-8081-exec-6] c.b.c.logging.MethodLoggingAspect - Factory result: DefaultStorefrontFactory.stores() => (com.bharatshop.factory.impl.DefaultStorefrontFactory$2@47daca1e)
2026-01-07 20:08:51.162 [39mDEBUG[0;39m [233eb6ed-b1a5-4dca-929b-a433775d7e9d] [http-nio-8081-exec-6] c.b.c.logging.MethodLoggingAspect - Service enter: StoreService.list(..) args=[null, null]
2026-01-07 20:08:51.171 [34mINFO [0;39m [233eb6ed-b1a5-4dca-929b-a433775d7e9d] [http-nio-8081-exec-6] c.b.c.logging.MethodLoggingAspect - Service exit: StoreService.list(..) (9 ms)
2026-01-07 20:08:51.171 [39mDEBUG[0;39m [233eb6ed-b1a5-4dca-929b-a433775d7e9d] [http-nio-8081-exec-6] c.b.c.logging.MethodLoggingAspect - Service result: StoreService.list(..) => ArrayList[size=3]
2026-01-07 20:08:51.173 [34mINFO [0;39m [233eb6ed-b1a5-4dca-929b-a433775d7e9d] [http-nio-8081-exec-6] c.b.c.logging.MethodLoggingAspect - Controller exit: StoreDiscoveryController.stores(..) -> status=200 (21 ms)
2026-01-07 20:08:51.173 [39mDEBUG[0;39m [233eb6ed-b1a5-4dca-929b-a433775d7e9d] [http-nio-8081-exec-6] c.b.c.logging.MethodLoggingAspect - Controller result: StoreDiscoveryController.stores(..) => ResponseEntity(status=200)
2026-01-07 20:08:51.173 [34mINFO [0;39m [233eb6ed-b1a5-4dca-929b-a433775d7e9d] [http-nio-8081-exec-6] c.b.config.logging.HttpLoggingFilter - GET /api/stores -> 200 (21 ms)
2026-01-07 20:08:51.175 [34mINFO [0;39m [233eb6ed-b1a5-4dca-929b-a433775d7e9d] [http-nio-8081-exec-6] c.b.config.logging.HttpLoggingFilter - Headers: auth=present content-type=null accept=application/json, text/plain, */*
2026-01-07 20:08:51.175 [34mINFO [0;39m [233eb6ed-b1a5-4dca-929b-a433775d7e9d] [http-nio-8081-exec-6] c.b.config.logging.HttpLoggingFilter - Response payload: [{"id":"9d72b824-254a-4055-b893-eca7fbb44c7e","name":"City Pharmacy","area":"Brigade","category":"pharmacy","status":"open","orderingDisabled":false,"updatedAt":"2026-01-07T13:52:45.314753Z"},{"id":"fcc0735f-7395-4acc-a086-40195c7ff4c1","name":"Fresh Mart","area":"MG Road","category":"grocery","status":"open","orderingDisabled":false,"updatedAt":"2026-01-07T13:52:45.229915Z"},{"id":"e3a21b9e-4c25-4ef4-928d-0c2b3c7d8830","name":"Sunrise Hotel","area":"Beach","category":"hospitality","status":"open","orderingDisabled":false,"updatedAt":"2026-01-07T13:52:45.318432Z"}]
