2026-01-19 00:13:56.979 [34mINFO [0;39m [] [main] c.bharatshop.BharatshopApplication - Starting BharatshopApplication using Java 17.0.12 with PID 49180 (C:\Users\Adarsh\Downloads\bharatshop-backend\target\bharatshop-backend-0.0.1-SNAPSHOT.jar started by Adarsh in C:\Users\Adarsh\Downloads\bharatshop-backend)
2026-01-19 00:13:56.991 [39mDEBUG[0;39m [] [main] c.bharatshop.BharatshopApplication - Running with Spring Boot v3.3.4, Spring v6.1.13
2026-01-19 00:13:56.991 [34mINFO [0;39m [] [main] c.bharatshop.BharatshopApplication - No active profile set, falling back to 1 default profile: "default"
2026-01-19 00:14:00.195 [34mINFO [0;39m [] [main] o.s.d.r.c.RepositoryConfigurationDelegate - Bootstrapping Spring Data JPA repositories in DEFAULT mode.
2026-01-19 00:14:00.435 [34mINFO [0;39m [] [main] o.s.d.r.c.RepositoryConfigurationDelegate - Finished Spring Data repository scanning in 214 ms. Found 20 JPA repository interfaces.
2026-01-19 00:14:02.895 [34mINFO [0;39m [] [main] o.s.b.w.e.tomcat.TomcatWebServer - Tomcat initialized with port 8081 (http)
2026-01-19 00:14:02.918 [34mINFO [0;39m [] [main] o.a.coyote.http11.Http11NioProtocol - Initializing ProtocolHandler ["http-nio-8081"]
2026-01-19 00:14:02.927 [34mINFO [0;39m [] [main] o.a.catalina.core.StandardService - Starting service [Tomcat]
2026-01-19 00:14:02.927 [34mINFO [0;39m [] [main] o.a.catalina.core.StandardEngine - Starting Servlet engine: [Apache Tomcat/10.1.30]
2026-01-19 00:14:03.028 [34mINFO [0;39m [] [main] o.a.c.c.C.[Tomcat].[localhost].[/] - Initializing Spring embedded WebApplicationContext
2026-01-19 00:14:03.028 [34mINFO [0;39m [] [main] o.s.b.w.s.c.ServletWebServerApplicationContext - Root WebApplicationContext: initialization completed in 5899 ms
2026-01-19 00:14:03.481 [34mINFO [0;39m [] [main] com.zaxxer.hikari.HikariDataSource - HikariPool-1 - Starting...
2026-01-19 00:14:03.944 [34mINFO [0;39m [] [main] com.zaxxer.hikari.pool.HikariPool - HikariPool-1 - Added connection conn0: url=jdbc:h2:mem:bharatshop user=SA
2026-01-19 00:14:03.947 [34mINFO [0;39m [] [main] com.zaxxer.hikari.HikariDataSource - HikariPool-1 - Start completed.
2026-01-19 00:14:03.974 [34mINFO [0;39m [] [main] o.s.b.a.h.H2ConsoleAutoConfiguration - H2 console available at '/h2-console'. Database available at 'jdbc:h2:mem:bharatshop'
2026-01-19 00:14:05.485 [34mINFO [0;39m [] [main] o.s.o.j.p.SpringPersistenceUnitInfo - No LoadTimeWeaver setup: ignoring JPA class transformer
2026-01-19 00:14:08.885 [34mINFO [0;39m [] [main] o.s.o.j.LocalContainerEntityManagerFactoryBean - Initialized JPA EntityManagerFactory for persistence unit 'default'
2026-01-19 00:14:09.843 [34mINFO [0;39m [] [main] o.s.d.j.r.query.QueryEnhancerFactory - Hibernate is in classpath; If applicable, HQL parser will be used.
2026-01-19 00:14:10.897 [39mDEBUG[0;39m [] [main] c.b.c.logging.CorrelationIdFilter - Filter 'correlationIdFilter' configured for use
2026-01-19 00:14:10.905 [39mDEBUG[0;39m [] [main] c.b.config.logging.HttpLoggingFilter - Filter 'httpLoggingFilter' configured for use
2026-01-19 00:14:10.908 [39mDEBUG[0;39m [] [main] com.bharatshop.config.TenantFilter - Filter 'tenantFilter' configured for use
2026-01-19 00:14:10.908 [39mDEBUG[0;39m [] [main] c.b.security.TokenAuthFilter - Filter 'tokenAuthFilter' configured for use
2026-01-19 00:14:10.912 [39mDEBUG[0;39m [] [main] c.b.config.IdempotencyFilter - Filter 'idempotencyFilter' configured for use
2026-01-19 00:14:13.334 [31mWARN [0;39m [] [main] o.s.b.a.o.j.JpaBaseConfiguration$JpaWebConfiguration - spring.jpa.open-in-view is enabled by default. Therefore, database queries may be performed during view rendering. Explicitly configure spring.jpa.open-in-view to disable this warning
2026-01-19 00:14:13.417 [31mWARN [0;39m [] [main] o.s.b.a.s.s.UserDetailsServiceAutoConfiguration - 

Using generated security password: 93eae90c-a085-4361-a393-4c9fa9e1fb7f

This generated password is for development use only. Your security configuration must be updated before running your application in production.

2026-01-19 00:14:13.442 [34mINFO [0;39m [] [main] o.s.s.c.a.a.c.InitializeUserDetailsBeanManagerConfigurer$InitializeUserDetailsManagerConfigurer - Global AuthenticationManager configured with UserDetailsService bean with name inMemoryUserDetailsManager
2026-01-19 00:14:14.452 [34mINFO [0;39m [] [main] o.s.b.a.e.web.EndpointLinksResolver - Exposing 4 endpoints beneath base path '/actuator'
2026-01-19 00:14:16.026 [34mINFO [0;39m [] [main] o.a.coyote.http11.Http11NioProtocol - Starting ProtocolHandler ["http-nio-8081"]
2026-01-19 00:14:16.115 [34mINFO [0;39m [] [main] o.s.b.w.e.tomcat.TomcatWebServer - Tomcat started on port 8081 (http) with context path '/'
2026-01-19 00:14:16.153 [34mINFO [0;39m [] [main] c.bharatshop.BharatshopApplication - Started BharatshopApplication in 20.961 seconds (process running for 22.271)
2026-01-19 00:14:16.565 [1;31mERROR[0;39m [] [main] com.bharatshop.service.StoreService - [PROOF][STORE_MAP] entity.id=c173840c-65aa-4892-9c17-618d811f2bac mapped.id=c173840c-65aa-4892-9c17-618d811f2bac
2026-01-19 00:14:16.570 [1;31mERROR[0;39m [] [main] com.bharatshop.service.StoreService - [PROOF][STORE_MAP] entity.id=b3d040ae-c495-4041-9e04-5c324a60ef4f mapped.id=b3d040ae-c495-4041-9e04-5c324a60ef4f
2026-01-19 00:15:56.669 [34mINFO [0;39m [] [main] c.bharatshop.BharatshopApplication - Starting BharatshopApplication using Java 17.0.12 with PID 62028 (C:\Users\Adarsh\Downloads\bharatshop-backend\target\bharatshop-backend-0.0.1-SNAPSHOT.jar started by Adarsh in C:\Users\Adarsh\Downloads\bharatshop-backend)
2026-01-19 00:15:56.672 [39mDEBUG[0;39m [] [main] c.bharatshop.BharatshopApplication - Running with Spring Boot v3.3.4, Spring v6.1.13
2026-01-19 00:15:56.675 [34mINFO [0;39m [] [main] c.bharatshop.BharatshopApplication - No active profile set, falling back to 1 default profile: "default"
2026-01-19 00:15:59.904 [34mINFO [0;39m [] [main] o.s.d.r.c.RepositoryConfigurationDelegate - Bootstrapping Spring Data JPA repositories in DEFAULT mode.
2026-01-19 00:16:00.126 [34mINFO [0;39m [] [main] o.s.d.r.c.RepositoryConfigurationDelegate - Finished Spring Data repository scanning in 206 ms. Found 20 JPA repository interfaces.
2026-01-19 00:16:02.460 [34mINFO [0;39m [] [main] o.s.b.w.e.tomcat.TomcatWebServer - Tomcat initialized with port 8081 (http)
2026-01-19 00:16:02.491 [34mINFO [0;39m [] [main] o.a.coyote.http11.Http11NioProtocol - Initializing ProtocolHandler ["http-nio-8081"]
2026-01-19 00:16:02.502 [34mINFO [0;39m [] [main] o.a.catalina.core.StandardService - Starting service [Tomcat]
2026-01-19 00:16:02.502 [34mINFO [0;39m [] [main] o.a.catalina.core.StandardEngine - Starting Servlet engine: [Apache Tomcat/10.1.30]
2026-01-19 00:16:02.623 [34mINFO [0;39m [] [main] o.a.c.c.C.[Tomcat].[localhost].[/] - Initializing Spring embedded WebApplicationContext
2026-01-19 00:16:02.623 [34mINFO [0;39m [] [main] o.s.b.w.s.c.ServletWebServerApplicationContext - Root WebApplicationContext: initialization completed in 5825 ms
2026-01-19 00:16:03.025 [34mINFO [0;39m [] [main] com.zaxxer.hikari.HikariDataSource - HikariPool-1 - Starting...
2026-01-19 00:16:03.460 [34mINFO [0;39m [] [main] com.zaxxer.hikari.pool.HikariPool - HikariPool-1 - Added connection conn0: url=jdbc:h2:mem:bharatshop user=SA
2026-01-19 00:16:03.463 [34mINFO [0;39m [] [main] com.zaxxer.hikari.HikariDataSource - HikariPool-1 - Start completed.
2026-01-19 00:16:03.493 [34mINFO [0;39m [] [main] o.s.b.a.h.H2ConsoleAutoConfiguration - H2 console available at '/h2-console'. Database available at 'jdbc:h2:mem:bharatshop'
2026-01-19 00:16:04.944 [34mINFO [0;39m [] [main] o.s.o.j.p.SpringPersistenceUnitInfo - No LoadTimeWeaver setup: ignoring JPA class transformer
2026-01-19 00:16:08.407 [34mINFO [0;39m [] [main] o.s.o.j.LocalContainerEntityManagerFactoryBean - Initialized JPA EntityManagerFactory for persistence unit 'default'
2026-01-19 00:16:09.395 [34mINFO [0;39m [] [main] o.s.d.j.r.query.QueryEnhancerFactory - Hibernate is in classpath; If applicable, HQL parser will be used.
2026-01-19 00:16:10.487 [39mDEBUG[0;39m [] [main] c.b.c.logging.CorrelationIdFilter - Filter 'correlationIdFilter' configured for use
2026-01-19 00:16:10.487 [39mDEBUG[0;39m [] [main] c.b.config.logging.HttpLoggingFilter - Filter 'httpLoggingFilter' configured for use
2026-01-19 00:16:10.493 [39mDEBUG[0;39m [] [main] com.bharatshop.config.TenantFilter - Filter 'tenantFilter' configured for use
2026-01-19 00:16:10.493 [39mDEBUG[0;39m [] [main] c.b.security.TokenAuthFilter - Filter 'tokenAuthFilter' configured for use
2026-01-19 00:16:10.501 [39mDEBUG[0;39m [] [main] c.b.config.IdempotencyFilter - Filter 'idempotencyFilter' configured for use
2026-01-19 00:16:13.111 [31mWARN [0;39m [] [main] o.s.b.a.o.j.JpaBaseConfiguration$JpaWebConfiguration - spring.jpa.open-in-view is enabled by default. Therefore, database queries may be performed during view rendering. Explicitly configure spring.jpa.open-in-view to disable this warning
2026-01-19 00:16:13.182 [31mWARN [0;39m [] [main] o.s.b.a.s.s.UserDetailsServiceAutoConfiguration - 

Using generated security password: 29d6a922-c258-4fb1-81f0-b0ac3fddd919

This generated password is for development use only. Your security configuration must be updated before running your application in production.

2026-01-19 00:16:13.213 [34mINFO [0;39m [] [main] o.s.s.c.a.a.c.InitializeUserDetailsBeanManagerConfigurer$InitializeUserDetailsManagerConfigurer - Global AuthenticationManager configured with UserDetailsService bean with name inMemoryUserDetailsManager
2026-01-19 00:16:14.178 [34mINFO [0;39m [] [main] o.s.b.a.e.web.EndpointLinksResolver - Exposing 4 endpoints beneath base path '/actuator'
2026-01-19 00:16:15.585 [34mINFO [0;39m [] [main] o.a.coyote.http11.Http11NioProtocol - Starting ProtocolHandler ["http-nio-8081"]
2026-01-19 00:16:15.660 [34mINFO [0;39m [] [main] o.s.b.w.e.tomcat.TomcatWebServer - Tomcat started on port 8081 (http) with context path '/'
2026-01-19 00:16:15.705 [34mINFO [0;39m [] [main] c.bharatshop.BharatshopApplication - Started BharatshopApplication in 20.675 seconds (process running for 21.983)
2026-01-19 00:16:16.039 [1;31mERROR[0;39m [] [main] com.bharatshop.service.StoreService - [PROOF][STORE_MAP] entity.id=10cd4ad7-f8cd-4048-80dd-3ebfd31fcedc mapped.id=10cd4ad7-f8cd-4048-80dd-3ebfd31fcedc
2026-01-19 00:16:16.043 [1;31mERROR[0;39m [] [main] com.bharatshop.service.StoreService - [PROOF][STORE_MAP] entity.id=e83ca7f4-582f-42f5-9d68-e0acae2beb40 mapped.id=e83ca7f4-582f-42f5-9d68-e0acae2beb40
2026-01-19 00:16:16.074 [34mINFO [0;39m [] [main] c.b.devtools.TenantDataNormalizer - TENANT NORMALIZE: updated stores=2 updated products=3 (NULL/default -> tenantA)
2026-01-19 00:16:16.095 [34mINFO [0;39m [] [main] c.b.devtools.TenantDataInspector - TENANT CHECK: DISTINCT store tenants=[tenantA] DISTINCT product tenants=[tenantA] 
2026-01-19 00:16:16.095 [34mINFO [0;39m [] [main] c.b.devtools.TenantDataInspector - TENANT CHECK: COUNT(stores, tenantA)=2 COUNT(products, tenantA)=3
2026-01-19 00:17:02.381 [34mINFO [0;39m [] [http-nio-8081-exec-1] o.a.c.c.C.[Tomcat].[localhost].[/] - Initializing Spring DispatcherServlet 'dispatcherServlet'
2026-01-19 00:17:02.383 [34mINFO [0;39m [] [http-nio-8081-exec-1] o.s.web.servlet.DispatcherServlet - Initializing Servlet 'dispatcherServlet'
2026-01-19 00:17:02.385 [34mINFO [0;39m [] [http-nio-8081-exec-1] o.s.web.servlet.DispatcherServlet - Completed initialization in 2 ms
2026-01-19 00:17:02.728 [34mINFO [0;39m [3a956d5e-a7d1-4c07-9559-d4ff3ac7d3e9] [http-nio-8081-exec-1] c.b.config.logging.HttpLoggingFilter - GET /actuator/health -> 200 (256 ms)
2026-01-19 00:17:02.728 [34mINFO [0;39m [3a956d5e-a7d1-4c07-9559-d4ff3ac7d3e9] [http-nio-8081-exec-1] c.b.config.logging.HttpLoggingFilter - Headers: auth=absent content-type=null accept=null
2026-01-19 00:17:02.728 [34mINFO [0;39m [3a956d5e-a7d1-4c07-9559-d4ff3ac7d3e9] [http-nio-8081-exec-1] c.b.config.logging.HttpLoggingFilter - Response payload: {"status":"UP","components":{"db":{"status":"UP","details":{"database":"H2","validationQuery":"isValid()"}},"diskSpace":{"status":"UP","details":{"total":511023509504,"free":143744614400,"threshold":10485760,"path":"C:\\Users\\Adarsh\\Downloads\\bharatshop-backend\\.","exists":true}},"ping":{"status":"UP"}}}
2026-01-19 00:17:05.536 [34mINFO [0;39m [a9947006-c17e-48db-9966-8aaaebb14d16] [http-nio-8081-exec-2] o.s.api.AbstractOpenApiResource - Init duration for springdoc-openapi is: 2296 ms
2026-01-19 00:17:05.611 [34mINFO [0;39m [a9947006-c17e-48db-9966-8aaaebb14d16] [http-nio-8081-exec-2] c.b.config.logging.HttpLoggingFilter - GET /v3/api-docs -> 200 (2394 ms)
2026-01-19 00:17:05.611 [34mINFO [0;39m [a9947006-c17e-48db-9966-8aaaebb14d16] [http-nio-8081-exec-2] c.b.config.logging.HttpLoggingFilter - Headers: auth=absent content-type=null accept=null
2026-01-19 00:17:05.612 [34mINFO [0;39m [a9947006-c17e-48db-9966-8aaaebb14d16] [http-nio-8081-exec-2] c.b.config.logging.HttpLoggingFilter - Response payload: {"openapi":"3.0.1","info":{"title":"OpenAPI definition","version":"v0"},"servers":[{"url":"http://localhost:8081","description":"Generated server url"}],"paths":{"/api/tenant/config/{configKey}":{"get":{"tags":["tenant-configuration-controller"],"operationId":"getConfiguration","parameters":[{"name":"configKey","in":"path","required":true,"schema":{"type":"string"}}],"responses":{"200":{"description":"OK","content":{"*/*":{"schema":{"type":"object","additionalProperties":{"type":"object"}}}}}}},"put":{"tags":["tenant-configuration-controller"],"operationId":"updateConfiguration","parameters":[{"name":"configKey","in":"path","required":true,"schema":{"type":"string"}}],"requestBody":{"content":{"application/json":{"schema":{"type":"object","additionalProperties":{"type":"object"}}}},"required":true},"responses":{"200":{"description":"OK","content":{"*/*":{"schema":{"type":"object","additionalProperties":{"type":"object"}}}}}}},"delete":{"tags":["tenant-configuration-controller"],"operationId":"deleteConfiguration","parameters":[{"name":"configKey","in":"path","required":true,"schema":{"type":"string"}}],"responses":{"200":{"description":"OK","content":{"*/*":{"schema":{"type":"object","additionalProperties":{"type":"object"}}}}}}}},"/api/admin/zones/{zoneId}":{"put":{"tags":["admin-zone-controller"],"operationId":"update","parameters":[{"name":"zoneId","in":"path","required":true,"schema":{"type":"string"}}],"requestBody":{"content":{"application/json":{"schema":{"type":"object","additionalProperties":{"type":"object"}}}},"required":true},"responses":{"200":{"description":"OK","content":{"*/*":{"schema":{"type":"object"}}}}}},"delete":{"tags":["admin-zone-controller"],"operationId":"delete_2","parameters":[{"name":"zoneId","in":"path","required":true,"schema":{"type":"string"}}],"responses":{"200":{"description":"OK","content":{"*/*":{"schema":{"type":"object"}}}}}}},"/store/payments/webhook":{"post":{"tags":["store-payments-controller"],"operationId":"webhook","requestBody":{"content":{"application/json":{"schema":{"type":"object","additionalProperties":{"type":"object"}}}},"required":true},"responses":{"200":{"description":"OK","content":{"*/*":{"schema":{"type":"object"}}}}}}},"/store/payments/verify":{"post":{"tags":["store-payments-controller"],"operationId":"verify","requestBody":{"content":{"application/json":{"schema":{"type":"object","additionalProperties":{"type":"object"}}}},"required":true},"responses":{"200":{"description":"OK","content":{"*/*":{"schema":{"type":"object"}}}}}}},"/store/payments/initiate":{"post":{"tags":["store-payments-controller"],"operationId":"initiate","requestBody":{"content":{"application/json":{"schema":{"type":"object","additionalProperties":{"type":"object"}}}},"required":true},"responses":{"200":{"description":"OK","content":{"*/*":{"schema":{"type":"object"}}}}}}},"/api/zones":{"get":{"tags":["zone-controller"],"operationId":"list","parameters":[{"name":"tenantId","in":"query","required":false,"schema":{"type":"string"}}],"responses":{"200":{"description":"OK","content":{"*/*":{"schema":{"type":"object"}}}}}},"post":{"tags":["zone-controller"],"operationId":"create","requestBody":{"content":{"application/json":{"schema":{"type":"object","additionalProperties":{"type":"object"}}}},"required":true},"responses":{"200":{"description":"OK","content":{"*/*":{"schema":{"type":"object"}}}}}}},"/api/zones/attach-store":{"post":{"tags":["zone-controller"],"operationId":"attachStore","requestBody":{"content":{"application/json":{"schema":{"type":"object","additionalProperties":{"type":"string"}}}},"required":true},"responses":{"200":{"description":"OK","content":{"*/*":{"schema":{"type":"object"}}}}}}},"/api/zones/attach-rider":{"post":{"tags":["zone-controller"],"operationId":"attachRider","requestBody":{"content":{"application/json":{"schema":{"type":"object","additionalProperties":{"type":"string"}}}},"required":true},"responses":{"200":{"description":"OK","content":{"*/*":{"schema":{"type":"object"}}}}}}},"/api/user/switch-role":{"post":{"tags":["user-controller"],"operationId":"switchRo... (truncated)
2026-01-19 00:17:05.959 [34mINFO [0;39m [19859b25-52ee-42ff-ba1d-ef2c1ea1c04b] [http-nio-8081-exec-3] c.b.config.logging.HttpLoggingFilter - POST /api/storefront/auth/login -> 404 (16 ms)
2026-01-19 00:17:05.959 [34mINFO [0;39m [19859b25-52ee-42ff-ba1d-ef2c1ea1c04b] [http-nio-8081-exec-3] c.b.config.logging.HttpLoggingFilter - Headers: auth=absent content-type=application/json accept=null
2026-01-19 00:17:06.478 [34mINFO [0;39m [7aeb1473-1221-4563-85d5-d034d82c24c0] [http-nio-8081-exec-6] c.b.web.SellerAuthController - Register/upgrade seller: email=seller_20260119001702@example.com phone=null
2026-01-19 00:17:07.041 [34mINFO [0;39m [7aeb1473-1221-4563-85d5-d034d82c24c0] [http-nio-8081-exec-6] com.bharatshop.service.AuthService - Session created: userId=a1538f5c-e6f4-4ead-80ca-c9c2bbe65c1a activeRole=SELLER
2026-01-19 00:17:07.041 [34mINFO [0;39m [7aeb1473-1221-4563-85d5-d034d82c24c0] [http-nio-8081-exec-6] com.bharatshop.service.AuthService - Created new SELLER: userId=a1538f5c-e6f4-4ead-80ca-c9c2bbe65c1a email=seller_20260119001702@example.com phone=null tokenPresent=true
2026-01-19 00:17:07.078 [34mINFO [0;39m [7aeb1473-1221-4563-85d5-d034d82c24c0] [http-nio-8081-exec-6] c.b.web.SellerAuthController - Seller register/upgrade success: userId=a1538f5c-e6f4-4ead-80ca-c9c2bbe65c1a role=SELLER
2026-01-19 00:17:07.084 [34mINFO [0;39m [7aeb1473-1221-4563-85d5-d034d82c24c0] [http-nio-8081-exec-6] c.b.config.logging.HttpLoggingFilter - POST /api/auth/seller/register -> 200 (626 ms)
2026-01-19 00:17:07.084 [34mINFO [0;39m [7aeb1473-1221-4563-85d5-d034d82c24c0] [http-nio-8081-exec-6] c.b.config.logging.HttpLoggingFilter - Headers: auth=absent content-type=application/json accept=null
2026-01-19 00:17:07.084 [34mINFO [0;39m [7aeb1473-1221-4563-85d5-d034d82c24c0] [http-nio-8081-exec-6] c.b.config.logging.HttpLoggingFilter - Request payload: {
    "email":  "seller_20260119001702@example.com",
    "name":  "Seller Smoke",
    "password":  "Passw0rd!"
}
2026-01-19 00:17:07.084 [34mINFO [0;39m [7aeb1473-1221-4563-85d5-d034d82c24c0] [http-nio-8081-exec-6] c.b.config.logging.HttpLoggingFilter - Response payload: {"token":"eyJhbGciOiJIUzI1NiIsInR5cCI6IkpXVCJ9.eyJzdWIiOiJhMTUzOGY1Yy1lNmY0LTRlYWQtODBjYS1jOWMyYmJlNjVjMWEiLCJpc3MiOiJiaGFyYXRzaG9wIiwiYXVkIjoiYmhhcmF0c2hvcC1jbGllbnRzIiwibmFtZSI6IlNlbGxlciBTbW9rZSIsInJvbGUiOiJTRUxMRVIiLCJ0ZW5hbnRJZCI6ImRlZmF1bHQiLCJhY3RpdmVSb2xlIjoiU0VMTEVSIiwicm9sZXMiOlsiQ1VTVE9NRVIiLCJTRUxMRVIiXSwiaWF0IjoxNzY4NzYyMDI2LCJleHAiOjE3Njg3NjU2MjZ9.KvVGVvv4RL5_n1L-t3onJHwDsvq7tnLQZtCD5gGMmXY","user":{"id":"a1538f5c-e6f4-4ead-80ca-c9c2bbe65c1a","name":"Seller Smoke","email":"seller_20260119001702@example.com","role":"SELLER"}}
2026-01-19 00:17:07.252 [34mINFO [0;39m [3234ceab-d232-43b1-85f0-34ae071fa357] [http-nio-8081-exec-7] c.b.web.SellerAuthController - Login seller: email=seller_20260119001702@example.com
2026-01-19 00:17:07.252 [34mINFO [0;39m [3234ceab-d232-43b1-85f0-34ae071fa357] [http-nio-8081-exec-7] com.bharatshop.service.AuthService - Login (seller) attempt: email=seller_20260119001702@example.com
2026-01-19 00:17:07.398 [34mINFO [0;39m [3234ceab-d232-43b1-85f0-34ae071fa357] [http-nio-8081-exec-7] com.bharatshop.service.AuthService - Session created: userId=a1538f5c-e6f4-4ead-80ca-c9c2bbe65c1a activeRole=SELLER
2026-01-19 00:17:07.398 [34mINFO [0;39m [3234ceab-d232-43b1-85f0-34ae071fa357] [http-nio-8081-exec-7] com.bharatshop.service.AuthService - Login (seller) success: userId=a1538f5c-e6f4-4ead-80ca-c9c2bbe65c1a token=eyJhbGciOiJIUzI1NiIsInR5cCI6IkpXVCJ9.eyJzdWIiOiJhMTUzOGY1Yy1lNmY0LTRlYWQtODBjYS1jOWMyYmJlNjVjMWEiLCJpc3MiOiJiaGFyYXRzaG9wIiwiYXVkIjoiYmhhcmF0c2hvcC1jbGllbnRzIiwibmFtZSI6IlNlbGxlciBTbW9rZSIsInJvbGUiOiJTRUxMRVIiLCJ0ZW5hbnRJZCI6ImRlZmF1bHQiLCJhY3RpdmVSb2xlIjoiU0VMTEVSIiwicm9sZXMiOlsiQ1VTVE9NRVIiLCJTRUxMRVIiXSwiaWF0IjoxNzY4NzYyMDI3LCJleHAiOjE3Njg3NjU2Mjd9.KAAW3Iq6saA6F3eM3CnVzA6Hjp73V754T0gpuA3VQ0E activeRole=SELLER 
2026-01-19 00:17:07.402 [34mINFO [0;39m [3234ceab-d232-43b1-85f0-34ae071fa357] [http-nio-8081-exec-7] c.b.web.SellerAuthController - Seller login success: userId=a1538f5c-e6f4-4ead-80ca-c9c2bbe65c1a
2026-01-19 00:17:07.405 [34mINFO [0;39m [3234ceab-d232-43b1-85f0-34ae071fa357] [http-nio-8081-exec-7] c.b.config.logging.HttpLoggingFilter - POST /api/auth/seller/login -> 200 (272 ms)
2026-01-19 00:17:07.405 [34mINFO [0;39m [3234ceab-d232-43b1-85f0-34ae071fa357] [http-nio-8081-exec-7] c.b.config.logging.HttpLoggingFilter - Headers: auth=absent content-type=application/json accept=null
2026-01-19 00:17:07.406 [34mINFO [0;39m [3234ceab-d232-43b1-85f0-34ae071fa357] [http-nio-8081-exec-7] c.b.config.logging.HttpLoggingFilter - Request payload: {
    "password":  "Passw0rd!",
    "email":  "seller_20260119001702@example.com"
}
2026-01-19 00:17:07.406 [34mINFO [0;39m [3234ceab-d232-43b1-85f0-34ae071fa357] [http-nio-8081-exec-7] c.b.config.logging.HttpLoggingFilter - Response payload: {"token":"eyJhbGciOiJIUzI1NiIsInR5cCI6IkpXVCJ9.eyJzdWIiOiJhMTUzOGY1Yy1lNmY0LTRlYWQtODBjYS1jOWMyYmJlNjVjMWEiLCJpc3MiOiJiaGFyYXRzaG9wIiwiYXVkIjoiYmhhcmF0c2hvcC1jbGllbnRzIiwibmFtZSI6IlNlbGxlciBTbW9rZSIsInJvbGUiOiJTRUxMRVIiLCJ0ZW5hbnRJZCI6ImRlZmF1bHQiLCJhY3RpdmVSb2xlIjoiU0VMTEVSIiwicm9sZXMiOlsiQ1VTVE9NRVIiLCJTRUxMRVIiXSwiaWF0IjoxNzY4NzYyMDI3LCJleHAiOjE3Njg3NjU2Mjd9.KAAW3Iq6saA6F3eM3CnVzA6Hjp73V754T0gpuA3VQ0E","user":{"id":"a1538f5c-e6f4-4ead-80ca-c9c2bbe65c1a","name":"Seller Smoke","email":"seller_20260119001702@example.com","role":"SELLER"}}
2026-01-19 00:17:07.573 [34mINFO [0;39m [4946db1b-7bd7-45e2-b77c-85f4a67fa837] [http-nio-8081-exec-8] c.b.web.seller.SellerStoreController - Seller create store requested: name=null city=null area=null category=null imagePresent=false
2026-01-19 00:17:07.583 [1;31mERROR[0;39m [4946db1b-7bd7-45e2-b77c-85f4a67fa837] [http-nio-8081-exec-8] com.bharatshop.service.StoreService - [PROOF][STORE_MAP] entity.id=f72df2bf-ff69-4c01-93e0-b89a5592693b mapped.id=f72df2bf-ff69-4c01-93e0-b89a5592693b
2026-01-19 00:17:07.585 [34mINFO [0;39m [4946db1b-7bd7-45e2-b77c-85f4a67fa837] [http-nio-8081-exec-8] c.b.web.seller.SellerStoreController - Seller create store success: id=f72df2bf-ff69-4c01-93e0-b89a5592693b name=Smoke Store 
2026-01-19 00:17:07.600 [34mINFO [0;39m [4946db1b-7bd7-45e2-b77c-85f4a67fa837] [http-nio-8081-exec-8] com.bharatshop.service.AuthService - User role upgraded via user_roles: userId=a1538f5c-e6f4-4ead-80ca-c9c2bbe65c1a activeRole=SELLER
2026-01-19 00:17:07.604 [34mINFO [0;39m [4946db1b-7bd7-45e2-b77c-85f4a67fa837] [http-nio-8081-exec-8] c.b.config.logging.HttpLoggingFilter - POST /api/seller/stores -> 200 (83 ms)
2026-01-19 00:17:07.606 [34mINFO [0;39m [4946db1b-7bd7-45e2-b77c-85f4a67fa837] [http-nio-8081-exec-8] c.b.config.logging.HttpLoggingFilter - Headers: auth=present content-type=application/json accept=null
2026-01-19 00:17:07.606 [34mINFO [0;39m [4946db1b-7bd7-45e2-b77c-85f4a67fa837] [http-nio-8081-exec-8] c.b.config.logging.HttpLoggingFilter - Request payload: {
    "area":  "Area",
    "category":  "General",
    "name":  "Smoke Store",
    "city":  "City"
}
2026-01-19 00:17:07.606 [34mINFO [0;39m [4946db1b-7bd7-45e2-b77c-85f4a67fa837] [http-nio-8081-exec-8] c.b.config.logging.HttpLoggingFilter - Response payload: {"name":"Smoke Store","id":"f72df2bf-ff69-4c01-93e0-b89a5592693b","status":"open"}
2026-01-19 00:17:07.676 [34mINFO [0;39m [64fbc643-0ef2-419a-867b-22404b44261a] [http-nio-8081-exec-9] c.b.w.seller.SellerProductController - Seller list products: storeId=f72df2bf-ff69-4c01-93e0-b89a5592693b search=null category=null active=null page=null limit=null tenant=local
2026-01-19 00:17:07.678 [1;31mERROR[0;39m [64fbc643-0ef2-419a-867b-22404b44261a] [http-nio-8081-exec-9] c.bharatshop.service.ProductService - [PROOF][PRODUCT_QUERY] requested storeId=f72df2bf-ff69-4c01-93e0-b89a5592693b
2026-01-19 00:17:07.688 [34mINFO [0;39m [64fbc643-0ef2-419a-867b-22404b44261a] [http-nio-8081-exec-9] c.b.w.seller.SellerProductController - Seller list products success: count=0
2026-01-19 00:17:07.690 [34mINFO [0;39m [64fbc643-0ef2-419a-867b-22404b44261a] [http-nio-8081-exec-9] c.b.config.logging.HttpLoggingFilter - GET /api/seller/stores/f72df2bf-ff69-4c01-93e0-b89a5592693b/products -> 200 (18 ms)
2026-01-19 00:17:07.693 [34mINFO [0;39m [64fbc643-0ef2-419a-867b-22404b44261a] [http-nio-8081-exec-9] c.b.config.logging.HttpLoggingFilter - Headers: auth=present content-type=null accept=null
2026-01-19 00:17:07.693 [34mINFO [0;39m [64fbc643-0ef2-419a-867b-22404b44261a] [http-nio-8081-exec-9] c.b.config.logging.HttpLoggingFilter - Response payload: []
2026-01-19 00:17:07.756 [34mINFO [0;39m [c96add66-e4d0-4e50-8bef-50351cf9529b] [http-nio-8081-exec-10] c.b.config.logging.HttpLoggingFilter - GET /store/products -> 404 (6 ms)
2026-01-19 00:17:07.756 [34mINFO [0;39m [c96add66-e4d0-4e50-8bef-50351cf9529b] [http-nio-8081-exec-10] c.b.config.logging.HttpLoggingFilter - Headers: auth=present content-type=null accept=null
2026-01-19 00:17:07.795 [34mINFO [0;39m [ca17e3b7-60d7-4939-942c-b8f8b59e36d3] [http-nio-8081-exec-1] c.b.config.logging.HttpLoggingFilter - GET /store/categories -> 404 (4 ms)
2026-01-19 00:17:07.800 [34mINFO [0;39m [ca17e3b7-60d7-4939-942c-b8f8b59e36d3] [http-nio-8081-exec-1] c.b.config.logging.HttpLoggingFilter - Headers: auth=present content-type=null accept=null
2026-01-19 00:17:07.828 [34mINFO [0;39m [fc0ab611-862b-49d1-bf96-77ae23c511e5] [http-nio-8081-exec-2] c.b.config.logging.HttpLoggingFilter - GET /store/orders -> 404 (7 ms)
2026-01-19 00:17:07.830 [34mINFO [0;39m [fc0ab611-862b-49d1-bf96-77ae23c511e5] [http-nio-8081-exec-2] c.b.config.logging.HttpLoggingFilter - Headers: auth=present content-type=null accept=null
2026-01-19 00:17:07.885 [34mINFO [0;39m [28461242-215e-4172-857d-83b7c29ec7c0] [http-nio-8081-exec-3] c.b.config.logging.HttpLoggingFilter - POST /store/checkout -> 404 (6 ms)
2026-01-19 00:17:07.887 [34mINFO [0;39m [28461242-215e-4172-857d-83b7c29ec7c0] [http-nio-8081-exec-3] c.b.config.logging.HttpLoggingFilter - Headers: auth=present content-type=application/json accept=null
2026-01-19 00:17:07.937 [34mINFO [0;39m [c4ce6032-569a-43f6-ad87-358811318378] [http-nio-8081-exec-4] c.b.web.StorePaymentsController - Legacy initiate: userId=a1538f5c-e6f4-4ead-80ca-c9c2bbe65c1a tenant=null amount=100 currency=INR
2026-01-19 00:17:07.937 [34mINFO [0;39m [c4ce6032-569a-43f6-ad87-358811318378] [http-nio-8081-exec-4] c.b.web.StorePaymentsController - Legacy initiate success: orderId=4bcb5ee2-9e61-4fe5-9a93-2b877c1a41c7 amount=100
2026-01-19 00:17:07.943 [34mINFO [0;39m [c4ce6032-569a-43f6-ad87-358811318378] [http-nio-8081-exec-4] c.b.config.logging.HttpLoggingFilter - POST /store/payments/initiate -> 200 (6 ms)
2026-01-19 00:17:07.946 [34mINFO [0;39m [c4ce6032-569a-43f6-ad87-358811318378] [http-nio-8081-exec-4] c.b.config.logging.HttpLoggingFilter - Headers: auth=present content-type=application/json accept=null
2026-01-19 00:17:07.946 [34mINFO [0;39m [c4ce6032-569a-43f6-ad87-358811318378] [http-nio-8081-exec-4] c.b.config.logging.HttpLoggingFilter - Request payload: {
    "currency":  "INR",
    "amount":  100
}
2026-01-19 00:17:07.947 [34mINFO [0;39m [c4ce6032-569a-43f6-ad87-358811318378] [http-nio-8081-exec-4] c.b.config.logging.HttpLoggingFilter - Response payload: {"id":"4bcb5ee2-9e61-4fe5-9a93-2b877c1a41c7","amount":100}
2026-01-19 00:17:08.005 [34mINFO [0;39m [8a43f8d5-6277-4625-ae4c-e28f18958fa1] [http-nio-8081-exec-5] c.b.config.logging.HttpLoggingFilter - POST /store/payments/webhook -> 200 (6 ms)
2026-01-19 00:17:08.005 [34mINFO [0;39m [8a43f8d5-6277-4625-ae4c-e28f18958fa1] [http-nio-8081-exec-5] c.b.config.logging.HttpLoggingFilter - Headers: auth=present content-type=application/json accept=null
2026-01-19 00:17:08.005 [34mINFO [0;39m [8a43f8d5-6277-4625-ae4c-e28f18958fa1] [http-nio-8081-exec-5] c.b.config.logging.HttpLoggingFilter - Request payload: {
    "event":  "payment.captured",
    "payload":  {
                    "id":  "pay_123"
                }
}
2026-01-19 00:17:08.005 [34mINFO [0;39m [8a43f8d5-6277-4625-ae4c-e28f18958fa1] [http-nio-8081-exec-5] c.b.config.logging.HttpLoggingFilter - Response payload: {"received":"payment.captured","status":"ok"}
2026-01-19 00:17:08.057 [34mINFO [0;39m [43dd36f0-fb62-4b70-a864-40c9a751fbfb] [http-nio-8081-exec-6] c.bharatshop.web.PaymentController - Create-order: userId=a1538f5c-e6f4-4ead-80ca-c9c2bbe65c1a tenant=local amount=100 currency=INR
2026-01-19 00:17:08.057 [34mINFO [0;39m [43dd36f0-fb62-4b70-a864-40c9a751fbfb] [http-nio-8081-exec-6] c.bharatshop.web.PaymentController - Create-order success: orderId=703eba9a-1bd6-4dd3-9b28-c6f2010a066e amount=100
2026-01-19 00:17:08.057 [34mINFO [0;39m [43dd36f0-fb62-4b70-a864-40c9a751fbfb] [http-nio-8081-exec-6] c.b.config.logging.HttpLoggingFilter - POST /api/storefront/payments/create-order -> 200 (0 ms)
2026-01-19 00:17:08.057 [34mINFO [0;39m [43dd36f0-fb62-4b70-a864-40c9a751fbfb] [http-nio-8081-exec-6] c.b.config.logging.HttpLoggingFilter - Headers: auth=present content-type=application/json accept=null
2026-01-19 00:17:08.057 [34mINFO [0;39m [43dd36f0-fb62-4b70-a864-40c9a751fbfb] [http-nio-8081-exec-6] c.b.config.logging.HttpLoggingFilter - Request payload: {
    "currency":  "INR",
    "amount":  100
}
2026-01-19 00:17:08.057 [34mINFO [0;39m [43dd36f0-fb62-4b70-a864-40c9a751fbfb] [http-nio-8081-exec-6] c.b.config.logging.HttpLoggingFilter - Response payload: {"id":"703eba9a-1bd6-4dd3-9b28-c6f2010a066e","amount":100}
2026-01-19 00:17:08.109 [34mINFO [0;39m [c66a70f0-c4a1-437b-be33-473d471c56e9] [http-nio-8081-exec-7] c.bharatshop.web.PaymentController - Verify payment: userId=a1538f5c-e6f4-4ead-80ca-c9c2bbe65c1a tenant=local orderId=order_123 paymentId=pay_123 signaturePresent=true
2026-01-19 00:17:08.109 [34mINFO [0;39m [c66a70f0-c4a1-437b-be33-473d471c56e9] [http-nio-8081-exec-7] c.bharatshop.web.PaymentController - Verify result: status=ok message=mock_verified
2026-01-19 00:17:08.112 [34mINFO [0;39m [c66a70f0-c4a1-437b-be33-473d471c56e9] [http-nio-8081-exec-7] c.b.config.logging.HttpLoggingFilter - POST /api/storefront/payments/verify -> 200 (3 ms)
2026-01-19 00:17:08.112 [34mINFO [0;39m [c66a70f0-c4a1-437b-be33-473d471c56e9] [http-nio-8081-exec-7] c.b.config.logging.HttpLoggingFilter - Headers: auth=present content-type=application/json accept=null
2026-01-19 00:17:08.115 [34mINFO [0;39m [c66a70f0-c4a1-437b-be33-473d471c56e9] [http-nio-8081-exec-7] c.b.config.logging.HttpLoggingFilter - Request payload: {
    "orderId":  "order_123",
    "signature":  "sig_abc",
    "paymentId":  "pay_123"
}
2026-01-19 00:17:08.115 [34mINFO [0;39m [c66a70f0-c4a1-437b-be33-473d471c56e9] [http-nio-8081-exec-7] c.b.config.logging.HttpLoggingFilter - Response payload: {"status":"ok","message":"mock_verified"}
2026-01-19 00:26:18.679 [34mINFO [0;39m [] [main] c.bharatshop.BharatshopApplication - Starting BharatshopApplication using Java 17.0.12 with PID 60276 (C:\Users\Adarsh\Downloads\bharatshop-backend\target\bharatshop-backend-0.0.1-SNAPSHOT.jar started by Adarsh in C:\Users\Adarsh\Downloads\bharatshop-backend)
2026-01-19 00:26:18.683 [39mDEBUG[0;39m [] [main] c.bharatshop.BharatshopApplication - Running with Spring Boot v3.3.4, Spring v6.1.13
2026-01-19 00:26:18.685 [34mINFO [0;39m [] [main] c.bharatshop.BharatshopApplication - No active profile set, falling back to 1 default profile: "default"
2026-01-19 00:26:21.841 [34mINFO [0;39m [] [main] o.s.d.r.c.RepositoryConfigurationDelegate - Bootstrapping Spring Data JPA repositories in DEFAULT mode.
2026-01-19 00:26:22.107 [34mINFO [0;39m [] [main] o.s.d.r.c.RepositoryConfigurationDelegate - Finished Spring Data repository scanning in 246 ms. Found 20 JPA repository interfaces.
2026-01-19 00:26:24.401 [34mINFO [0;39m [] [main] o.s.b.w.e.tomcat.TomcatWebServer - Tomcat initialized with port 8081 (http)
2026-01-19 00:26:24.426 [34mINFO [0;39m [] [main] o.a.coyote.http11.Http11NioProtocol - Initializing ProtocolHandler ["http-nio-8081"]
2026-01-19 00:26:24.435 [34mINFO [0;39m [] [main] o.a.catalina.core.StandardService - Starting service [Tomcat]
2026-01-19 00:26:24.435 [34mINFO [0;39m [] [main] o.a.catalina.core.StandardEngine - Starting Servlet engine: [Apache Tomcat/10.1.30]
2026-01-19 00:26:24.539 [34mINFO [0;39m [] [main] o.a.c.c.C.[Tomcat].[localhost].[/] - Initializing Spring embedded WebApplicationContext
2026-01-19 00:26:24.540 [34mINFO [0;39m [] [main] o.s.b.w.s.c.ServletWebServerApplicationContext - Root WebApplicationContext: initialization completed in 5733 ms
2026-01-19 00:26:25.011 [34mINFO [0;39m [] [main] com.zaxxer.hikari.HikariDataSource - HikariPool-1 - Starting...
2026-01-19 00:26:25.456 [34mINFO [0;39m [] [main] com.zaxxer.hikari.pool.HikariPool - HikariPool-1 - Added connection conn0: url=jdbc:h2:mem:bharatshop user=SA
2026-01-19 00:26:25.460 [34mINFO [0;39m [] [main] com.zaxxer.hikari.HikariDataSource - HikariPool-1 - Start completed.
2026-01-19 00:26:25.479 [34mINFO [0;39m [] [main] o.s.b.a.h.H2ConsoleAutoConfiguration - H2 console available at '/h2-console'. Database available at 'jdbc:h2:mem:bharatshop'
2026-01-19 00:26:27.040 [34mINFO [0;39m [] [main] o.s.o.j.p.SpringPersistenceUnitInfo - No LoadTimeWeaver setup: ignoring JPA class transformer
2026-01-19 00:26:30.663 [34mINFO [0;39m [] [main] o.s.o.j.LocalContainerEntityManagerFactoryBean - Initialized JPA EntityManagerFactory for persistence unit 'default'
2026-01-19 00:26:31.557 [34mINFO [0;39m [] [main] o.s.d.j.r.query.QueryEnhancerFactory - Hibernate is in classpath; If applicable, HQL parser will be used.
2026-01-19 00:26:32.759 [39mDEBUG[0;39m [] [main] c.b.c.logging.CorrelationIdFilter - Filter 'correlationIdFilter' configured for use
2026-01-19 00:26:32.762 [39mDEBUG[0;39m [] [main] c.b.config.logging.HttpLoggingFilter - Filter 'httpLoggingFilter' configured for use
2026-01-19 00:26:32.768 [39mDEBUG[0;39m [] [main] com.bharatshop.config.TenantFilter - Filter 'tenantFilter' configured for use
2026-01-19 00:26:32.769 [39mDEBUG[0;39m [] [main] c.b.security.TokenAuthFilter - Filter 'tokenAuthFilter' configured for use
2026-01-19 00:26:32.775 [39mDEBUG[0;39m [] [main] c.b.config.IdempotencyFilter - Filter 'idempotencyFilter' configured for use
2026-01-19 00:26:33.787 [31mWARN [0;39m [] [main] o.s.b.w.s.c.AnnotationConfigServletWebServerApplicationContext - Exception encountered during context initialization - cancelling refresh attempt: org.springframework.beans.factory.UnsatisfiedDependencyException: Error creating bean with name 'notificationScheduler' defined in URL [jar:nested:/C:/Users/Adarsh/Downloads/bharatshop-backend/target/bharatshop-backend-0.0.1-SNAPSHOT.jar/!BOOT-INF/classes/!/com/bharatshop/config/NotificationScheduler.class]: Unsatisfied dependency expressed through constructor parameter 0: Error creating bean with name 'notificationService' defined in URL [jar:nested:/C:/Users/Adarsh/Downloads/bharatshop-backend/target/bharatshop-backend-0.0.1-SNAPSHOT.jar/!BOOT-INF/classes/!/com/bharatshop/service/NotificationService.class]: Unsatisfied dependency expressed through constructor parameter 6: No qualifying bean of type 'com.bharatshop.service.EmailService' available: expected at least 1 bean which qualifies as autowire candidate. Dependency annotations: {}
2026-01-19 00:26:33.817 [34mINFO [0;39m [] [main] o.s.o.j.LocalContainerEntityManagerFactoryBean - Closing JPA EntityManagerFactory for persistence unit 'default'
2026-01-19 00:26:33.820 [34mINFO [0;39m [] [main] com.zaxxer.hikari.HikariDataSource - HikariPool-1 - Shutdown initiated...
2026-01-19 00:26:33.825 [34mINFO [0;39m [] [main] com.zaxxer.hikari.HikariDataSource - HikariPool-1 - Shutdown completed.
2026-01-19 00:26:33.829 [34mINFO [0;39m [] [main] o.a.catalina.core.StandardService - Stopping service [Tomcat]
2026-01-19 00:26:33.877 [34mINFO [0;39m [] [main] o.s.b.a.l.ConditionEvaluationReportLogger - 

Error starting ApplicationContext. To display the condition evaluation report re-run your application with 'debug' enabled.
2026-01-19 00:26:33.993 [1;31mERROR[0;39m [] [main] o.s.b.d.LoggingFailureAnalysisReporter - 

***************************
APPLICATION FAILED TO START
***************************

Description:

Parameter 6 of constructor in com.bharatshop.service.NotificationService required a bean of type 'com.bharatshop.service.EmailService' that could not be found.


Action:

Consider defining a bean of type 'com.bharatshop.service.EmailService' in your configuration.

2026-01-19 00:28:20.638 [34mINFO [0;39m [] [main] c.bharatshop.BharatshopApplication - Starting BharatshopApplication using Java 17.0.12 with PID 14080 (C:\Users\Adarsh\Downloads\bharatshop-backend\target\bharatshop-backend-0.0.1-SNAPSHOT.jar started by Adarsh in C:\Users\Adarsh\Downloads\bharatshop-backend)
2026-01-19 00:28:20.642 [39mDEBUG[0;39m [] [main] c.bharatshop.BharatshopApplication - Running with Spring Boot v3.3.4, Spring v6.1.13
2026-01-19 00:28:20.646 [34mINFO [0;39m [] [main] c.bharatshop.BharatshopApplication - No active profile set, falling back to 1 default profile: "default"
2026-01-19 00:28:23.846 [34mINFO [0;39m [] [main] o.s.d.r.c.RepositoryConfigurationDelegate - Bootstrapping Spring Data JPA repositories in DEFAULT mode.
2026-01-19 00:28:24.090 [34mINFO [0;39m [] [main] o.s.d.r.c.RepositoryConfigurationDelegate - Finished Spring Data repository scanning in 215 ms. Found 20 JPA repository interfaces.
2026-01-19 00:28:26.576 [34mINFO [0;39m [] [main] o.s.b.w.e.tomcat.TomcatWebServer - Tomcat initialized with port 8081 (http)
2026-01-19 00:28:26.595 [34mINFO [0;39m [] [main] o.a.coyote.http11.Http11NioProtocol - Initializing ProtocolHandler ["http-nio-8081"]
2026-01-19 00:28:26.610 [34mINFO [0;39m [] [main] o.a.catalina.core.StandardService - Starting service [Tomcat]
2026-01-19 00:28:26.610 [34mINFO [0;39m [] [main] o.a.catalina.core.StandardEngine - Starting Servlet engine: [Apache Tomcat/10.1.30]
2026-01-19 00:28:26.714 [34mINFO [0;39m [] [main] o.a.c.c.C.[Tomcat].[localhost].[/] - Initializing Spring embedded WebApplicationContext
2026-01-19 00:28:26.714 [34mINFO [0;39m [] [main] o.s.b.w.s.c.ServletWebServerApplicationContext - Root WebApplicationContext: initialization completed in 5927 ms
2026-01-19 00:28:27.308 [34mINFO [0;39m [] [main] com.zaxxer.hikari.HikariDataSource - HikariPool-1 - Starting...
2026-01-19 00:28:27.839 [34mINFO [0;39m [] [main] com.zaxxer.hikari.pool.HikariPool - HikariPool-1 - Added connection conn0: url=jdbc:h2:mem:bharatshop user=SA
2026-01-19 00:28:27.843 [34mINFO [0;39m [] [main] com.zaxxer.hikari.HikariDataSource - HikariPool-1 - Start completed.
2026-01-19 00:28:27.865 [34mINFO [0;39m [] [main] o.s.b.a.h.H2ConsoleAutoConfiguration - H2 console available at '/h2-console'. Database available at 'jdbc:h2:mem:bharatshop'
2026-01-19 00:28:29.414 [34mINFO [0;39m [] [main] o.s.o.j.p.SpringPersistenceUnitInfo - No LoadTimeWeaver setup: ignoring JPA class transformer
2026-01-19 00:28:33.025 [34mINFO [0;39m [] [main] o.s.o.j.LocalContainerEntityManagerFactoryBean - Initialized JPA EntityManagerFactory for persistence unit 'default'
2026-01-19 00:28:33.893 [34mINFO [0;39m [] [main] o.s.d.j.r.query.QueryEnhancerFactory - Hibernate is in classpath; If applicable, HQL parser will be used.
2026-01-19 00:28:34.915 [39mDEBUG[0;39m [] [main] c.b.c.logging.CorrelationIdFilter - Filter 'correlationIdFilter' configured for use
2026-01-19 00:28:34.915 [39mDEBUG[0;39m [] [main] c.b.config.logging.HttpLoggingFilter - Filter 'httpLoggingFilter' configured for use
2026-01-19 00:28:34.922 [39mDEBUG[0;39m [] [main] com.bharatshop.config.TenantFilter - Filter 'tenantFilter' configured for use
2026-01-19 00:28:34.922 [39mDEBUG[0;39m [] [main] c.b.security.TokenAuthFilter - Filter 'tokenAuthFilter' configured for use
2026-01-19 00:28:34.929 [39mDEBUG[0;39m [] [main] c.b.config.IdempotencyFilter - Filter 'idempotencyFilter' configured for use
2026-01-19 00:28:38.559 [31mWARN [0;39m [] [main] o.s.b.a.o.j.JpaBaseConfiguration$JpaWebConfiguration - spring.jpa.open-in-view is enabled by default. Therefore, database queries may be performed during view rendering. Explicitly configure spring.jpa.open-in-view to disable this warning
2026-01-19 00:28:38.630 [31mWARN [0;39m [] [main] o.s.b.a.s.s.UserDetailsServiceAutoConfiguration - 

Using generated security password: 42d22ee8-9cc7-4609-9315-1ac0926f2fba

This generated password is for development use only. Your security configuration must be updated before running your application in production.

2026-01-19 00:28:38.671 [34mINFO [0;39m [] [main] o.s.s.c.a.a.c.InitializeUserDetailsBeanManagerConfigurer$InitializeUserDetailsManagerConfigurer - Global AuthenticationManager configured with UserDetailsService bean with name inMemoryUserDetailsManager
2026-01-19 00:28:39.862 [34mINFO [0;39m [] [main] o.s.b.a.e.web.EndpointLinksResolver - Exposing 4 endpoints beneath base path '/actuator'
2026-01-19 00:28:41.379 [34mINFO [0;39m [] [main] o.a.coyote.http11.Http11NioProtocol - Starting ProtocolHandler ["http-nio-8081"]
2026-01-19 00:28:41.472 [34mINFO [0;39m [] [main] o.s.b.w.e.tomcat.TomcatWebServer - Tomcat started on port 8081 (http) with context path '/'
2026-01-19 00:28:41.527 [34mINFO [0;39m [] [main] c.bharatshop.BharatshopApplication - Started BharatshopApplication in 22.62 seconds (process running for 24.074)
2026-01-19 00:28:41.691 [34mINFO [0;39m [] [main] c.b.devtools.TenantDataInspector - TENANT CHECK: DISTINCT store tenants=[] DISTINCT product tenants=[] 
2026-01-19 00:28:41.691 [34mINFO [0;39m [] [main] c.b.devtools.TenantDataInspector - TENANT CHECK: COUNT(stores, tenantA)=0 COUNT(products, tenantA)=0
2026-01-19 00:28:41.709 [34mINFO [0;39m [] [main] c.b.devtools.TenantDataNormalizer - TENANT NORMALIZE: updated stores=0 updated products=0 (NULL/default -> tenantA)
2026-01-19 00:28:42.037 [1;31mERROR[0;39m [] [main] com.bharatshop.service.StoreService - [PROOF][STORE_MAP] entity.id=64d6161b-eca5-4cec-8cdc-47f1ce3a07cf mapped.id=64d6161b-eca5-4cec-8cdc-47f1ce3a07cf
2026-01-19 00:28:42.042 [1;31mERROR[0;39m [] [main] com.bharatshop.service.StoreService - [PROOF][STORE_MAP] entity.id=2aa12ceb-894c-415f-9c45-32d4b0e34243 mapped.id=2aa12ceb-894c-415f-9c45-32d4b0e34243
2026-01-19 00:28:51.338 [34mINFO [0;39m [] [http-nio-8081-exec-1] o.a.c.c.C.[Tomcat].[localhost].[/] - Initializing Spring DispatcherServlet 'dispatcherServlet'
2026-01-19 00:28:51.340 [34mINFO [0;39m [] [http-nio-8081-exec-1] o.s.web.servlet.DispatcherServlet - Initializing Servlet 'dispatcherServlet'
2026-01-19 00:28:51.344 [34mINFO [0;39m [] [http-nio-8081-exec-1] o.s.web.servlet.DispatcherServlet - Completed initialization in 4 ms
2026-01-19 00:28:51.770 [34mINFO [0;39m [8bfa16c2-3365-44d0-baf8-8f8375ea2aca] [http-nio-8081-exec-1] c.b.config.logging.HttpLoggingFilter - GET /actuator/health -> 200 (315 ms)
2026-01-19 00:28:51.777 [34mINFO [0;39m [8bfa16c2-3365-44d0-baf8-8f8375ea2aca] [http-nio-8081-exec-1] c.b.config.logging.HttpLoggingFilter - Headers: auth=absent content-type=null accept=null
2026-01-19 00:28:51.777 [34mINFO [0;39m [8bfa16c2-3365-44d0-baf8-8f8375ea2aca] [http-nio-8081-exec-1] c.b.config.logging.HttpLoggingFilter - Response payload: {"status":"UP","components":{"db":{"status":"UP","details":{"database":"H2","validationQuery":"isValid()"}},"diskSpace":{"status":"UP","details":{"total":511023509504,"free":143735533568,"threshold":10485760,"path":"C:\\Users\\Adarsh\\Downloads\\bharatshop-backend\\.","exists":true}},"ping":{"status":"UP"}}}
2026-01-19 00:28:55.023 [34mINFO [0;39m [b371077f-c43c-4c0a-a162-9e8e8a8945bb] [http-nio-8081-exec-2] o.s.api.AbstractOpenApiResource - Init duration for springdoc-openapi is: 2875 ms
2026-01-19 00:28:55.124 [34mINFO [0;39m [b371077f-c43c-4c0a-a162-9e8e8a8945bb] [http-nio-8081-exec-2] c.b.config.logging.HttpLoggingFilter - GET /v3/api-docs -> 200 (3011 ms)
2026-01-19 00:28:55.126 [34mINFO [0;39m [b371077f-c43c-4c0a-a162-9e8e8a8945bb] [http-nio-8081-exec-2] c.b.config.logging.HttpLoggingFilter - Headers: auth=absent content-type=null accept=null
2026-01-19 00:28:55.126 [34mINFO [0;39m [b371077f-c43c-4c0a-a162-9e8e8a8945bb] [http-nio-8081-exec-2] c.b.config.logging.HttpLoggingFilter - Response payload: {"openapi":"3.0.1","info":{"title":"OpenAPI definition","version":"v0"},"servers":[{"url":"http://localhost:8081","description":"Generated server url"}],"paths":{"/api/tenant/config/{configKey}":{"get":{"tags":["tenant-configuration-controller"],"operationId":"getConfiguration","parameters":[{"name":"configKey","in":"path","required":true,"schema":{"type":"string"}}],"responses":{"200":{"description":"OK","content":{"*/*":{"schema":{"type":"object","additionalProperties":{"type":"object"}}}}}}},"put":{"tags":["tenant-configuration-controller"],"operationId":"updateConfiguration","parameters":[{"name":"configKey","in":"path","required":true,"schema":{"type":"string"}}],"requestBody":{"content":{"application/json":{"schema":{"type":"object","additionalProperties":{"type":"object"}}}},"required":true},"responses":{"200":{"description":"OK","content":{"*/*":{"schema":{"type":"object","additionalProperties":{"type":"object"}}}}}}},"delete":{"tags":["tenant-configuration-controller"],"operationId":"deleteConfiguration","parameters":[{"name":"configKey","in":"path","required":true,"schema":{"type":"string"}}],"responses":{"200":{"description":"OK","content":{"*/*":{"schema":{"type":"object","additionalProperties":{"type":"object"}}}}}}}},"/api/admin/zones/{zoneId}":{"put":{"tags":["admin-zone-controller"],"operationId":"update","parameters":[{"name":"zoneId","in":"path","required":true,"schema":{"type":"string"}}],"requestBody":{"content":{"application/json":{"schema":{"type":"object","additionalProperties":{"type":"object"}}}},"required":true},"responses":{"200":{"description":"OK","content":{"*/*":{"schema":{"type":"object"}}}}}},"delete":{"tags":["admin-zone-controller"],"operationId":"delete_2","parameters":[{"name":"zoneId","in":"path","required":true,"schema":{"type":"string"}}],"responses":{"200":{"description":"OK","content":{"*/*":{"schema":{"type":"object"}}}}}}},"/store/payments/webhook":{"post":{"tags":["store-payments-controller"],"operationId":"webhook","requestBody":{"content":{"application/json":{"schema":{"type":"object","additionalProperties":{"type":"object"}}}},"required":true},"responses":{"200":{"description":"OK","content":{"*/*":{"schema":{"type":"object"}}}}}}},"/store/payments/verify":{"post":{"tags":["store-payments-controller"],"operationId":"verify","requestBody":{"content":{"application/json":{"schema":{"type":"object","additionalProperties":{"type":"object"}}}},"required":true},"responses":{"200":{"description":"OK","content":{"*/*":{"schema":{"type":"object"}}}}}}},"/store/payments/initiate":{"post":{"tags":["store-payments-controller"],"operationId":"initiate","requestBody":{"content":{"application/json":{"schema":{"type":"object","additionalProperties":{"type":"object"}}}},"required":true},"responses":{"200":{"description":"OK","content":{"*/*":{"schema":{"type":"object"}}}}}}},"/api/zones":{"get":{"tags":["zone-controller"],"operationId":"list","parameters":[{"name":"tenantId","in":"query","required":false,"schema":{"type":"string"}}],"responses":{"200":{"description":"OK","content":{"*/*":{"schema":{"type":"object"}}}}}},"post":{"tags":["zone-controller"],"operationId":"create","requestBody":{"content":{"application/json":{"schema":{"type":"object","additionalProperties":{"type":"object"}}}},"required":true},"responses":{"200":{"description":"OK","content":{"*/*":{"schema":{"type":"object"}}}}}}},"/api/zones/attach-store":{"post":{"tags":["zone-controller"],"operationId":"attachStore","requestBody":{"content":{"application/json":{"schema":{"type":"object","additionalProperties":{"type":"string"}}}},"required":true},"responses":{"200":{"description":"OK","content":{"*/*":{"schema":{"type":"object"}}}}}}},"/api/zones/attach-rider":{"post":{"tags":["zone-controller"],"operationId":"attachRider","requestBody":{"content":{"application/json":{"schema":{"type":"object","additionalProperties":{"type":"string"}}}},"required":true},"responses":{"200":{"description":"OK","content":{"*/*":{"schema":{"type":"object"}}}}}}},"/api/user/switch-role":{"post":{"tags":["user-controller"],"operationId":"switchRo... (truncated)
2026-01-19 00:28:55.429 [34mINFO [0;39m [ed517233-a7be-4893-a17f-0adade46ccd4] [http-nio-8081-exec-3] c.b.web.StorefrontAuthController - Login storefront customer: email=sf_20260119002851@example.com
2026-01-19 00:28:55.431 [34mINFO [0;39m [ed517233-a7be-4893-a17f-0adade46ccd4] [http-nio-8081-exec-3] com.bharatshop.service.AuthService - Login (storefront) attempt: email=sf_20260119002851@example.com
2026-01-19 00:28:56.235 [34mINFO [0;39m [ed517233-a7be-4893-a17f-0adade46ccd4] [http-nio-8081-exec-3] com.bharatshop.service.AuthService - Session created: userId=bbc33067-9f27-456b-b400-a1dab1d85fd3 activeRole=CUSTOMER
2026-01-19 00:28:56.235 [34mINFO [0;39m [ed517233-a7be-4893-a17f-0adade46ccd4] [http-nio-8081-exec-3] com.bharatshop.service.AuthService - Login (storefront) success: userId=bbc33067-9f27-456b-b400-a1dab1d85fd3 token=eyJhbGciOiJIUzI1NiIsInR5cCI6IkpXVCJ9.eyJzdWIiOiJiYmMzMzA2Ny05ZjI3LTQ1NmItYjQwMC1hMWRhYjFkODVmZDMiLCJpc3MiOiJiaGFyYXRzaG9wIiwiYXVkIjoiYmhhcmF0c2hvcC1jbGllbnRzIiwibmFtZSI6InNmXzIwMjYwMTE5MDAyODUxIiwicm9sZSI6IkNVU1RPTUVSIiwidGVuYW50SWQiOiJkZWZhdWx0IiwiYWN0aXZlUm9sZSI6IkNVU1RPTUVSIiwicm9sZXMiOlsiQ1VTVE9NRVIiXSwiaWF0IjoxNzY4NzYyNzM2LCJleHAiOjE3Njg3NjYzMzZ9.85DFKBe7rqYAAwaXh2GaDzv8FZq3ZwVu0FPEgeRTYLw activeRole=CUSTOMER
2026-01-19 00:28:56.304 [34mINFO [0;39m [ed517233-a7be-4893-a17f-0adade46ccd4] [http-nio-8081-exec-3] c.b.web.StorefrontAuthController - Storefront login success: userId=bbc33067-9f27-456b-b400-a1dab1d85fd3 role=CUSTOMER
2026-01-19 00:28:56.317 [34mINFO [0;39m [ed517233-a7be-4893-a17f-0adade46ccd4] [http-nio-8081-exec-3] c.b.config.logging.HttpLoggingFilter - POST /api/storefront/auth/login -> 200 (1038 ms)
2026-01-19 00:28:56.317 [34mINFO [0;39m [ed517233-a7be-4893-a17f-0adade46ccd4] [http-nio-8081-exec-3] c.b.config.logging.HttpLoggingFilter - Headers: auth=absent content-type=application/json accept=null
2026-01-19 00:28:56.317 [34mINFO [0;39m [ed517233-a7be-4893-a17f-0adade46ccd4] [http-nio-8081-exec-3] c.b.config.logging.HttpLoggingFilter - Request payload: {
    "password":  "Passw0rd!",
    "email":  "sf_20260119002851@example.com"
}
2026-01-19 00:28:56.317 [34mINFO [0;39m [ed517233-a7be-4893-a17f-0adade46ccd4] [http-nio-8081-exec-3] c.b.config.logging.HttpLoggingFilter - Response payload: {"token":"eyJhbGciOiJIUzI1NiIsInR5cCI6IkpXVCJ9.eyJzdWIiOiJiYmMzMzA2Ny05ZjI3LTQ1NmItYjQwMC1hMWRhYjFkODVmZDMiLCJpc3MiOiJiaGFyYXRzaG9wIiwiYXVkIjoiYmhhcmF0c2hvcC1jbGllbnRzIiwibmFtZSI6InNmXzIwMjYwMTE5MDAyODUxIiwicm9sZSI6IkNVU1RPTUVSIiwidGVuYW50SWQiOiJkZWZhdWx0IiwiYWN0aXZlUm9sZSI6IkNVU1RPTUVSIiwicm9sZXMiOlsiQ1VTVE9NRVIiXSwiaWF0IjoxNzY4NzYyNzM2LCJleHAiOjE3Njg3NjYzMzZ9.85DFKBe7rqYAAwaXh2GaDzv8FZq3ZwVu0FPEgeRTYLw","user":{"id":"bbc33067-9f27-456b-b400-a1dab1d85fd3","name":"sf_20260119002851","email":"sf_20260119002851@example.com","role":"CUSTOMER"}}
2026-01-19 00:28:56.435 [34mINFO [0;39m [e7ecd696-3b39-4bfc-9c08-28aa5dded37e] [http-nio-8081-exec-4] c.b.web.CustomerStorefrontController - Customer storefront: list products tenant=tenantA userId=bbc33067-9f27-456b-b400-a1dab1d85fd3 category=null search=null 
2026-01-19 00:28:56.445 [34mINFO [0;39m [e7ecd696-3b39-4bfc-9c08-28aa5dded37e] [http-nio-8081-exec-4] c.b.config.logging.HttpLoggingFilter - GET /api/storefront/products -> 200 (47 ms)
2026-01-19 00:28:56.445 [34mINFO [0;39m [e7ecd696-3b39-4bfc-9c08-28aa5dded37e] [http-nio-8081-exec-4] c.b.config.logging.HttpLoggingFilter - Headers: auth=present content-type=null accept=null
2026-01-19 00:28:56.445 [34mINFO [0;39m [e7ecd696-3b39-4bfc-9c08-28aa5dded37e] [http-nio-8081-exec-4] c.b.config.logging.HttpLoggingFilter - Response payload: []
2026-01-19 00:28:56.535 [34mINFO [0;39m [1a4d6368-4643-424f-9280-cbe5056ad0d0] [http-nio-8081-exec-5] c.b.web.CustomerStorefrontController - Customer storefront: list categories tenant=tenantA userId=bbc33067-9f27-456b-b400-a1dab1d85fd3
2026-01-19 00:28:56.543 [34mINFO [0;39m [1a4d6368-4643-424f-9280-cbe5056ad0d0] [http-nio-8081-exec-5] c.b.config.logging.HttpLoggingFilter - GET /api/storefront/categories -> 200 (12 ms)
2026-01-19 00:28:56.545 [34mINFO [0;39m [1a4d6368-4643-424f-9280-cbe5056ad0d0] [http-nio-8081-exec-5] c.b.config.logging.HttpLoggingFilter - Headers: auth=present content-type=null accept=null
2026-01-19 00:28:56.545 [34mINFO [0;39m [1a4d6368-4643-424f-9280-cbe5056ad0d0] [http-nio-8081-exec-5] c.b.config.logging.HttpLoggingFilter - Response payload: []
2026-01-19 00:28:56.611 [34mINFO [0;39m [1bacdd93-0e22-4332-a07e-02bc1391af31] [http-nio-8081-exec-6] c.b.web.SellerAuthController - Register/upgrade seller: email=seller_20260119002851@example.com phone=null
2026-01-19 00:28:56.806 [34mINFO [0;39m [1bacdd93-0e22-4332-a07e-02bc1391af31] [http-nio-8081-exec-6] com.bharatshop.service.AuthService - Session created: userId=5a365629-7624-4898-b80f-e1957a3455e9 activeRole=SELLER
2026-01-19 00:28:56.806 [34mINFO [0;39m [1bacdd93-0e22-4332-a07e-02bc1391af31] [http-nio-8081-exec-6] com.bharatshop.service.AuthService - Created new SELLER: userId=5a365629-7624-4898-b80f-e1957a3455e9 email=seller_20260119002851@example.com phone=null tokenPresent=true
2026-01-19 00:28:56.810 [34mINFO [0;39m [1bacdd93-0e22-4332-a07e-02bc1391af31] [http-nio-8081-exec-6] c.b.web.SellerAuthController - Seller register/upgrade success: userId=5a365629-7624-4898-b80f-e1957a3455e9 role=SELLER
2026-01-19 00:28:56.812 [34mINFO [0;39m [1bacdd93-0e22-4332-a07e-02bc1391af31] [http-nio-8081-exec-6] c.b.config.logging.HttpLoggingFilter - POST /api/auth/seller/register -> 200 (203 ms)
2026-01-19 00:28:56.814 [34mINFO [0;39m [1bacdd93-0e22-4332-a07e-02bc1391af31] [http-nio-8081-exec-6] c.b.config.logging.HttpLoggingFilter - Headers: auth=present content-type=application/json accept=null
2026-01-19 00:28:56.814 [34mINFO [0;39m [1bacdd93-0e22-4332-a07e-02bc1391af31] [http-nio-8081-exec-6] c.b.config.logging.HttpLoggingFilter - Request payload: {
    "email":  "seller_20260119002851@example.com",
    "name":  "Seller Smoke",
    "password":  "Passw0rd!"
}
2026-01-19 00:28:56.814 [34mINFO [0;39m [1bacdd93-0e22-4332-a07e-02bc1391af31] [http-nio-8081-exec-6] c.b.config.logging.HttpLoggingFilter - Response payload: {"token":"eyJhbGciOiJIUzI1NiIsInR5cCI6IkpXVCJ9.eyJzdWIiOiI1YTM2NTYyOS03NjI0LTQ4OTgtYjgwZi1lMTk1N2EzNDU1ZTkiLCJpc3MiOiJiaGFyYXRzaG9wIiwiYXVkIjoiYmhhcmF0c2hvcC1jbGllbnRzIiwibmFtZSI6IlNlbGxlciBTbW9rZSIsInJvbGUiOiJTRUxMRVIiLCJ0ZW5hbnRJZCI6ImRlZmF1bHQiLCJhY3RpdmVSb2xlIjoiU0VMTEVSIiwicm9sZXMiOlsiQ1VTVE9NRVIiLCJTRUxMRVIiXSwiaWF0IjoxNzY4NzYyNzM2LCJleHAiOjE3Njg3NjYzMzZ9.sl97rkSLiIW9Fy3HbJamx5NoA1D3RTR-aNJ-4s5HmZ0","user":{"id":"5a365629-7624-4898-b80f-e1957a3455e9","name":"Seller Smoke","email":"seller_20260119002851@example.com","role":"SELLER"}}
2026-01-19 00:28:56.903 [34mINFO [0;39m [d94fc6f5-5192-4ebc-8256-286c4e64df57] [http-nio-8081-exec-7] c.b.web.SellerAuthController - Login seller: email=seller_20260119002851@example.com
2026-01-19 00:28:56.903 [34mINFO [0;39m [d94fc6f5-5192-4ebc-8256-286c4e64df57] [http-nio-8081-exec-7] com.bharatshop.service.AuthService - Login (seller) attempt: email=seller_20260119002851@example.com
2026-01-19 00:28:57.093 [34mINFO [0;39m [d94fc6f5-5192-4ebc-8256-286c4e64df57] [http-nio-8081-exec-7] com.bharatshop.service.AuthService - Session created: userId=5a365629-7624-4898-b80f-e1957a3455e9 activeRole=SELLER
2026-01-19 00:28:57.097 [34mINFO [0;39m [d94fc6f5-5192-4ebc-8256-286c4e64df57] [http-nio-8081-exec-7] com.bharatshop.service.AuthService - Login (seller) success: userId=5a365629-7624-4898-b80f-e1957a3455e9 token=eyJhbGciOiJIUzI1NiIsInR5cCI6IkpXVCJ9.eyJzdWIiOiI1YTM2NTYyOS03NjI0LTQ4OTgtYjgwZi1lMTk1N2EzNDU1ZTkiLCJpc3MiOiJiaGFyYXRzaG9wIiwiYXVkIjoiYmhhcmF0c2hvcC1jbGllbnRzIiwibmFtZSI6IlNlbGxlciBTbW9rZSIsInJvbGUiOiJTRUxMRVIiLCJ0ZW5hbnRJZCI6ImRlZmF1bHQiLCJhY3RpdmVSb2xlIjoiU0VMTEVSIiwicm9sZXMiOlsiQ1VTVE9NRVIiLCJTRUxMRVIiXSwiaWF0IjoxNzY4NzYyNzM3LCJleHAiOjE3Njg3NjYzMzd9.NLIWZp8He_In5QB-vNKaEEERtHhVkfd9L-GC2ZjJuOY activeRole=SELLER 
2026-01-19 00:28:57.111 [34mINFO [0;39m [d94fc6f5-5192-4ebc-8256-286c4e64df57] [http-nio-8081-exec-7] c.b.web.SellerAuthController - Seller login success: userId=5a365629-7624-4898-b80f-e1957a3455e9
2026-01-19 00:28:57.114 [34mINFO [0;39m [d94fc6f5-5192-4ebc-8256-286c4e64df57] [http-nio-8081-exec-7] c.b.config.logging.HttpLoggingFilter - POST /api/auth/seller/login -> 200 (216 ms)
2026-01-19 00:28:57.118 [34mINFO [0;39m [d94fc6f5-5192-4ebc-8256-286c4e64df57] [http-nio-8081-exec-7] c.b.config.logging.HttpLoggingFilter - Headers: auth=present content-type=application/json accept=null
2026-01-19 00:28:57.118 [34mINFO [0;39m [d94fc6f5-5192-4ebc-8256-286c4e64df57] [http-nio-8081-exec-7] c.b.config.logging.HttpLoggingFilter - Request payload: {
    "password":  "Passw0rd!",
    "email":  "seller_20260119002851@example.com"
}
2026-01-19 00:28:57.120 [34mINFO [0;39m [d94fc6f5-5192-4ebc-8256-286c4e64df57] [http-nio-8081-exec-7] c.b.config.logging.HttpLoggingFilter - Response payload: {"token":"eyJhbGciOiJIUzI1NiIsInR5cCI6IkpXVCJ9.eyJzdWIiOiI1YTM2NTYyOS03NjI0LTQ4OTgtYjgwZi1lMTk1N2EzNDU1ZTkiLCJpc3MiOiJiaGFyYXRzaG9wIiwiYXVkIjoiYmhhcmF0c2hvcC1jbGllbnRzIiwibmFtZSI6IlNlbGxlciBTbW9rZSIsInJvbGUiOiJTRUxMRVIiLCJ0ZW5hbnRJZCI6ImRlZmF1bHQiLCJhY3RpdmVSb2xlIjoiU0VMTEVSIiwicm9sZXMiOlsiQ1VTVE9NRVIiLCJTRUxMRVIiXSwiaWF0IjoxNzY4NzYyNzM3LCJleHAiOjE3Njg3NjYzMzd9.NLIWZp8He_In5QB-vNKaEEERtHhVkfd9L-GC2ZjJuOY","user":{"id":"5a365629-7624-4898-b80f-e1957a3455e9","name":"Seller Smoke","email":"seller_20260119002851@example.com","role":"SELLER"}}
2026-01-19 00:28:57.230 [34mINFO [0;39m [11f9bbc4-ae05-4367-840c-70bfa988673d] [http-nio-8081-exec-8] c.b.web.seller.SellerStoreController - Seller create store requested: name=null city=null area=null category=null imagePresent=false
2026-01-19 00:28:57.248 [1;31mERROR[0;39m [11f9bbc4-ae05-4367-840c-70bfa988673d] [http-nio-8081-exec-8] com.bharatshop.service.StoreService - [PROOF][STORE_MAP] entity.id=389dc4a1-3058-443e-8962-8caca9ab5876 mapped.id=389dc4a1-3058-443e-8962-8caca9ab5876
2026-01-19 00:28:57.248 [34mINFO [0;39m [11f9bbc4-ae05-4367-840c-70bfa988673d] [http-nio-8081-exec-8] c.b.web.seller.SellerStoreController - Seller create store success: id=389dc4a1-3058-443e-8962-8caca9ab5876 name=Smoke Store 
2026-01-19 00:28:57.274 [34mINFO [0;39m [11f9bbc4-ae05-4367-840c-70bfa988673d] [http-nio-8081-exec-8] com.bharatshop.service.AuthService - User role upgraded via user_roles: userId=5a365629-7624-4898-b80f-e1957a3455e9 activeRole=SELLER
2026-01-19 00:28:57.279 [34mINFO [0;39m [11f9bbc4-ae05-4367-840c-70bfa988673d] [http-nio-8081-exec-8] c.b.config.logging.HttpLoggingFilter - POST /api/seller/stores -> 200 (83 ms)
2026-01-19 00:28:57.283 [34mINFO [0;39m [11f9bbc4-ae05-4367-840c-70bfa988673d] [http-nio-8081-exec-8] c.b.config.logging.HttpLoggingFilter - Headers: auth=present content-type=application/json accept=null
2026-01-19 00:28:57.287 [34mINFO [0;39m [11f9bbc4-ae05-4367-840c-70bfa988673d] [http-nio-8081-exec-8] c.b.config.logging.HttpLoggingFilter - Request payload: {
    "area":  "Area",
    "category":  "General",
    "name":  "Smoke Store",
    "city":  "City"
}
2026-01-19 00:28:57.287 [34mINFO [0;39m [11f9bbc4-ae05-4367-840c-70bfa988673d] [http-nio-8081-exec-8] c.b.config.logging.HttpLoggingFilter - Response payload: {"name":"Smoke Store","id":"389dc4a1-3058-443e-8962-8caca9ab5876","status":"open"}
2026-01-19 00:28:57.414 [34mINFO [0;39m [d71b3b4e-3c83-4fee-8d24-47ed365f9e42] [http-nio-8081-exec-10] c.b.w.seller.SellerProductController - Seller list products: storeId=389dc4a1-3058-443e-8962-8caca9ab5876 search=null category=null active=null page=null limit=null tenant=tenantA
2026-01-19 00:28:57.420 [1;31mERROR[0;39m [d71b3b4e-3c83-4fee-8d24-47ed365f9e42] [http-nio-8081-exec-10] c.bharatshop.service.ProductService - [PROOF][PRODUCT_QUERY] requested storeId=389dc4a1-3058-443e-8962-8caca9ab5876
2026-01-19 00:28:57.428 [34mINFO [0;39m [d71b3b4e-3c83-4fee-8d24-47ed365f9e42] [http-nio-8081-exec-10] c.b.w.seller.SellerProductController - Seller list products success: count=0
2026-01-19 00:28:57.432 [34mINFO [0;39m [d71b3b4e-3c83-4fee-8d24-47ed365f9e42] [http-nio-8081-exec-10] c.b.config.logging.HttpLoggingFilter - GET /api/seller/stores/389dc4a1-3058-443e-8962-8caca9ab5876/products -> 200 (22 ms)
2026-01-19 00:28:57.433 [34mINFO [0;39m [d71b3b4e-3c83-4fee-8d24-47ed365f9e42] [http-nio-8081-exec-10] c.b.config.logging.HttpLoggingFilter - Headers: auth=present content-type=null accept=null
2026-01-19 00:28:57.433 [34mINFO [0;39m [d71b3b4e-3c83-4fee-8d24-47ed365f9e42] [http-nio-8081-exec-10] c.b.config.logging.HttpLoggingFilter - Response payload: []
2026-01-19 00:28:57.525 [34mINFO [0;39m [c769fc89-732e-47f3-b857-599153ddd064] [http-nio-8081-exec-9] c.b.config.logging.HttpLoggingFilter - GET /store/products -> 404 (18 ms)
2026-01-19 00:28:57.526 [34mINFO [0;39m [c769fc89-732e-47f3-b857-599153ddd064] [http-nio-8081-exec-9] c.b.config.logging.HttpLoggingFilter - Headers: auth=present content-type=null accept=null
2026-01-19 00:28:57.745 [34mINFO [0;39m [cbfd2e41-c6f4-4150-b1ec-45528283d938] [http-nio-8081-exec-1] c.b.config.logging.HttpLoggingFilter - GET /store/categories -> 404 (5 ms)
2026-01-19 00:28:57.747 [34mINFO [0;39m [cbfd2e41-c6f4-4150-b1ec-45528283d938] [http-nio-8081-exec-1] c.b.config.logging.HttpLoggingFilter - Headers: auth=present content-type=null accept=null
2026-01-19 00:28:57.774 [34mINFO [0;39m [392d7912-ce30-4aa2-8be8-4079a3163032] [http-nio-8081-exec-2] c.b.config.logging.HttpLoggingFilter - GET /store/orders -> 404 (6 ms)
2026-01-19 00:28:57.776 [34mINFO [0;39m [392d7912-ce30-4aa2-8be8-4079a3163032] [http-nio-8081-exec-2] c.b.config.logging.HttpLoggingFilter - Headers: auth=present content-type=null accept=null
2026-01-19 00:28:57.880 [34mINFO [0;39m [7c50eb7b-d0c5-490f-915d-f9d6927e326d] [http-nio-8081-exec-3] c.b.config.logging.HttpLoggingFilter - POST /store/checkout -> 404 (7 ms)
2026-01-19 00:28:57.880 [34mINFO [0;39m [7c50eb7b-d0c5-490f-915d-f9d6927e326d] [http-nio-8081-exec-3] c.b.config.logging.HttpLoggingFilter - Headers: auth=present content-type=application/json accept=null
2026-01-19 00:28:57.921 [34mINFO [0;39m [88d90caf-a824-4cd9-b2da-454d38e94273] [http-nio-8081-exec-4] c.b.web.StorePaymentsController - Legacy initiate: userId=bbc33067-9f27-456b-b400-a1dab1d85fd3 tenant=null amount=100 currency=INR
2026-01-19 00:28:57.923 [34mINFO [0;39m [88d90caf-a824-4cd9-b2da-454d38e94273] [http-nio-8081-exec-4] c.b.web.StorePaymentsController - Legacy initiate success: orderId=e90f92c0-7aac-4169-814c-f3def60a67dd amount=100
2026-01-19 00:28:57.927 [34mINFO [0;39m [88d90caf-a824-4cd9-b2da-454d38e94273] [http-nio-8081-exec-4] c.b.config.logging.HttpLoggingFilter - POST /store/payments/initiate -> 200 (10 ms)
2026-01-19 00:28:57.927 [34mINFO [0;39m [88d90caf-a824-4cd9-b2da-454d38e94273] [http-nio-8081-exec-4] c.b.config.logging.HttpLoggingFilter - Headers: auth=present content-type=application/json accept=null
2026-01-19 00:28:57.927 [34mINFO [0;39m [88d90caf-a824-4cd9-b2da-454d38e94273] [http-nio-8081-exec-4] c.b.config.logging.HttpLoggingFilter - Request payload: {
    "currency":  "INR",
    "amount":  100
}
2026-01-19 00:28:57.927 [34mINFO [0;39m [88d90caf-a824-4cd9-b2da-454d38e94273] [http-nio-8081-exec-4] c.b.config.logging.HttpLoggingFilter - Response payload: {"id":"e90f92c0-7aac-4169-814c-f3def60a67dd","amount":100}
2026-01-19 00:28:57.988 [34mINFO [0;39m [46565a26-2425-464a-955f-d2c4667f4063] [http-nio-8081-exec-5] c.b.config.logging.HttpLoggingFilter - POST /store/payments/webhook -> 200 (4 ms)
2026-01-19 00:28:57.988 [34mINFO [0;39m [46565a26-2425-464a-955f-d2c4667f4063] [http-nio-8081-exec-5] c.b.config.logging.HttpLoggingFilter - Headers: auth=present content-type=application/json accept=null
2026-01-19 00:28:57.988 [34mINFO [0;39m [46565a26-2425-464a-955f-d2c4667f4063] [http-nio-8081-exec-5] c.b.config.logging.HttpLoggingFilter - Request payload: {
    "event":  "payment.captured",
    "payload":  {
                    "id":  "pay_123"
                }
}
2026-01-19 00:28:57.988 [34mINFO [0;39m [46565a26-2425-464a-955f-d2c4667f4063] [http-nio-8081-exec-5] c.b.config.logging.HttpLoggingFilter - Response payload: {"status":"ok","received":"payment.captured"}
2026-01-19 00:28:58.051 [34mINFO [0;39m [dd803e9f-e8fd-430d-87eb-f7ffbfc29a93] [http-nio-8081-exec-6] c.bharatshop.web.PaymentController - Create-order: userId=bbc33067-9f27-456b-b400-a1dab1d85fd3 tenant=tenantA amount=100 currency=INR
2026-01-19 00:28:58.053 [34mINFO [0;39m [dd803e9f-e8fd-430d-87eb-f7ffbfc29a93] [http-nio-8081-exec-6] c.bharatshop.web.PaymentController - Create-order success: orderId=05cc4b47-6c62-4d05-8356-ed519d128877 amount=100
2026-01-19 00:28:58.056 [34mINFO [0;39m [dd803e9f-e8fd-430d-87eb-f7ffbfc29a93] [http-nio-8081-exec-6] c.b.config.logging.HttpLoggingFilter - POST /api/storefront/payments/create-order -> 200 (7 ms)
2026-01-19 00:28:58.056 [34mINFO [0;39m [dd803e9f-e8fd-430d-87eb-f7ffbfc29a93] [http-nio-8081-exec-6] c.b.config.logging.HttpLoggingFilter - Headers: auth=present content-type=application/json accept=null
2026-01-19 00:28:58.056 [34mINFO [0;39m [dd803e9f-e8fd-430d-87eb-f7ffbfc29a93] [http-nio-8081-exec-6] c.b.config.logging.HttpLoggingFilter - Request payload: {
    "currency":  "INR",
    "amount":  100
}
2026-01-19 00:28:58.058 [34mINFO [0;39m [dd803e9f-e8fd-430d-87eb-f7ffbfc29a93] [http-nio-8081-exec-6] c.b.config.logging.HttpLoggingFilter - Response payload: {"id":"05cc4b47-6c62-4d05-8356-ed519d128877","amount":100}
2026-01-19 00:28:58.132 [34mINFO [0;39m [ef1e816f-7706-41ce-8670-ad6f600ee64b] [http-nio-8081-exec-7] c.bharatshop.web.PaymentController - Verify payment: userId=bbc33067-9f27-456b-b400-a1dab1d85fd3 tenant=tenantA orderId=order_123 paymentId=pay_123 signaturePresent=true
2026-01-19 00:28:58.134 [34mINFO [0;39m [ef1e816f-7706-41ce-8670-ad6f600ee64b] [http-nio-8081-exec-7] c.bharatshop.web.PaymentController - Verify result: status=ok message=mock_verified
2026-01-19 00:28:58.136 [34mINFO [0;39m [ef1e816f-7706-41ce-8670-ad6f600ee64b] [http-nio-8081-exec-7] c.b.config.logging.HttpLoggingFilter - POST /api/storefront/payments/verify -> 200 (6 ms)
2026-01-19 00:28:58.138 [34mINFO [0;39m [ef1e816f-7706-41ce-8670-ad6f600ee64b] [http-nio-8081-exec-7] c.b.config.logging.HttpLoggingFilter - Headers: auth=present content-type=application/json accept=null
2026-01-19 00:28:58.138 [34mINFO [0;39m [ef1e816f-7706-41ce-8670-ad6f600ee64b] [http-nio-8081-exec-7] c.b.config.logging.HttpLoggingFilter - Request payload: {
    "orderId":  "order_123",
    "signature":  "sig_abc",
    "paymentId":  "pay_123"
}
2026-01-19 00:28:58.138 [34mINFO [0;39m [ef1e816f-7706-41ce-8670-ad6f600ee64b] [http-nio-8081-exec-7] c.b.config.logging.HttpLoggingFilter - Response payload: {"status":"ok","message":"mock_verified"}
2026-01-19 00:29:14.013 [34mINFO [0;39m [daf16dcc-386d-4d94-9877-01e8894f1ecc] [http-nio-8081-exec-8] c.b.config.logging.HttpLoggingFilter - GET /actuator/health -> 200 (8 ms)
2026-01-19 00:29:14.015 [34mINFO [0;39m [daf16dcc-386d-4d94-9877-01e8894f1ecc] [http-nio-8081-exec-8] c.b.config.logging.HttpLoggingFilter - Headers: auth=absent content-type=null accept=null
2026-01-19 00:29:14.015 [34mINFO [0;39m [daf16dcc-386d-4d94-9877-01e8894f1ecc] [http-nio-8081-exec-8] c.b.config.logging.HttpLoggingFilter - Response payload: {"status":"UP","components":{"db":{"status":"UP","details":{"database":"H2","validationQuery":"isValid()"}},"diskSpace":{"status":"UP","details":{"total":511023509504,"free":143735144448,"threshold":10485760,"path":"C:\\Users\\Adarsh\\Downloads\\bharatshop-backend\\.","exists":true}},"ping":{"status":"UP"}}}
2026-01-19 00:29:14.101 [34mINFO [0;39m [5bdf6560-3455-41b8-b863-7bf28aefddcd] [http-nio-8081-exec-10] c.b.config.logging.HttpLoggingFilter - GET /v3/api-docs -> 200 (21 ms)
2026-01-19 00:29:14.101 [34mINFO [0;39m [5bdf6560-3455-41b8-b863-7bf28aefddcd] [http-nio-8081-exec-10] c.b.config.logging.HttpLoggingFilter - Headers: auth=absent content-type=null accept=null
2026-01-19 00:29:14.105 [34mINFO [0;39m [5bdf6560-3455-41b8-b863-7bf28aefddcd] [http-nio-8081-exec-10] c.b.config.logging.HttpLoggingFilter - Response payload: {"openapi":"3.0.1","info":{"title":"OpenAPI definition","version":"v0"},"servers":[{"url":"http://localhost:8081","description":"Generated server url"}],"paths":{"/api/tenant/config/{configKey}":{"get":{"tags":["tenant-configuration-controller"],"operationId":"getConfiguration","parameters":[{"name":"configKey","in":"path","required":true,"schema":{"type":"string"}}],"responses":{"200":{"description":"OK","content":{"*/*":{"schema":{"type":"object","additionalProperties":{"type":"object"}}}}}}},"put":{"tags":["tenant-configuration-controller"],"operationId":"updateConfiguration","parameters":[{"name":"configKey","in":"path","required":true,"schema":{"type":"string"}}],"requestBody":{"content":{"application/json":{"schema":{"type":"object","additionalProperties":{"type":"object"}}}},"required":true},"responses":{"200":{"description":"OK","content":{"*/*":{"schema":{"type":"object","additionalProperties":{"type":"object"}}}}}}},"delete":{"tags":["tenant-configuration-controller"],"operationId":"deleteConfiguration","parameters":[{"name":"configKey","in":"path","required":true,"schema":{"type":"string"}}],"responses":{"200":{"description":"OK","content":{"*/*":{"schema":{"type":"object","additionalProperties":{"type":"object"}}}}}}}},"/api/admin/zones/{zoneId}":{"put":{"tags":["admin-zone-controller"],"operationId":"update","parameters":[{"name":"zoneId","in":"path","required":true,"schema":{"type":"string"}}],"requestBody":{"content":{"application/json":{"schema":{"type":"object","additionalProperties":{"type":"object"}}}},"required":true},"responses":{"200":{"description":"OK","content":{"*/*":{"schema":{"type":"object"}}}}}},"delete":{"tags":["admin-zone-controller"],"operationId":"delete_2","parameters":[{"name":"zoneId","in":"path","required":true,"schema":{"type":"string"}}],"responses":{"200":{"description":"OK","content":{"*/*":{"schema":{"type":"object"}}}}}}},"/store/payments/webhook":{"post":{"tags":["store-payments-controller"],"operationId":"webhook","requestBody":{"content":{"application/json":{"schema":{"type":"object","additionalProperties":{"type":"object"}}}},"required":true},"responses":{"200":{"description":"OK","content":{"*/*":{"schema":{"type":"object"}}}}}}},"/store/payments/verify":{"post":{"tags":["store-payments-controller"],"operationId":"verify","requestBody":{"content":{"application/json":{"schema":{"type":"object","additionalProperties":{"type":"object"}}}},"required":true},"responses":{"200":{"description":"OK","content":{"*/*":{"schema":{"type":"object"}}}}}}},"/store/payments/initiate":{"post":{"tags":["store-payments-controller"],"operationId":"initiate","requestBody":{"content":{"application/json":{"schema":{"type":"object","additionalProperties":{"type":"object"}}}},"required":true},"responses":{"200":{"description":"OK","content":{"*/*":{"schema":{"type":"object"}}}}}}},"/api/zones":{"get":{"tags":["zone-controller"],"operationId":"list","parameters":[{"name":"tenantId","in":"query","required":false,"schema":{"type":"string"}}],"responses":{"200":{"description":"OK","content":{"*/*":{"schema":{"type":"object"}}}}}},"post":{"tags":["zone-controller"],"operationId":"create","requestBody":{"content":{"application/json":{"schema":{"type":"object","additionalProperties":{"type":"object"}}}},"required":true},"responses":{"200":{"description":"OK","content":{"*/*":{"schema":{"type":"object"}}}}}}},"/api/zones/attach-store":{"post":{"tags":["zone-controller"],"operationId":"attachStore","requestBody":{"content":{"application/json":{"schema":{"type":"object","additionalProperties":{"type":"string"}}}},"required":true},"responses":{"200":{"description":"OK","content":{"*/*":{"schema":{"type":"object"}}}}}}},"/api/zones/attach-rider":{"post":{"tags":["zone-controller"],"operationId":"attachRider","requestBody":{"content":{"application/json":{"schema":{"type":"object","additionalProperties":{"type":"string"}}}},"required":true},"responses":{"200":{"description":"OK","content":{"*/*":{"schema":{"type":"object"}}}}}}},"/api/user/switch-role":{"post":{"tags":["user-controller"],"operationId":"switchRo... (truncated)
2026-01-19 00:29:14.248 [34mINFO [0;39m [a7b6d4be-1f72-4a7b-abd5-e4a0f7a8e328] [http-nio-8081-exec-9] c.b.web.StorefrontAuthController - Login storefront customer: email=sf_20260119002913@example.com
2026-01-19 00:29:14.250 [34mINFO [0;39m [a7b6d4be-1f72-4a7b-abd5-e4a0f7a8e328] [http-nio-8081-exec-9] com.bharatshop.service.AuthService - Login (storefront) attempt: email=sf_20260119002913@example.com
2026-01-19 00:29:14.573 [34mINFO [0;39m [a7b6d4be-1f72-4a7b-abd5-e4a0f7a8e328] [http-nio-8081-exec-9] com.bharatshop.service.AuthService - Session created: userId=d08b93d2-67f6-4456-9dee-71ad2605b801 activeRole=CUSTOMER
2026-01-19 00:29:14.573 [34mINFO [0;39m [a7b6d4be-1f72-4a7b-abd5-e4a0f7a8e328] [http-nio-8081-exec-9] com.bharatshop.service.AuthService - Login (storefront) success: userId=d08b93d2-67f6-4456-9dee-71ad2605b801 token=eyJhbGciOiJIUzI1NiIsInR5cCI6IkpXVCJ9.eyJzdWIiOiJkMDhiOTNkMi02N2Y2LTQ0NTYtOWRlZS03MWFkMjYwNWI4MDEiLCJpc3MiOiJiaGFyYXRzaG9wIiwiYXVkIjoiYmhhcmF0c2hvcC1jbGllbnRzIiwibmFtZSI6InNmXzIwMjYwMTE5MDAyOTEzIiwicm9sZSI6IkNVU1RPTUVSIiwidGVuYW50SWQiOiJkZWZhdWx0IiwiYWN0aXZlUm9sZSI6IkNVU1RPTUVSIiwicm9sZXMiOlsiQ1VTVE9NRVIiXSwiaWF0IjoxNzY4NzYyNzU0LCJleHAiOjE3Njg3NjYzNTR9.0IhcURQzYF7vs5cXlvgqa1ypOrsffQFfMwOzk8894ME activeRole=CUSTOMER
2026-01-19 00:29:14.578 [34mINFO [0;39m [a7b6d4be-1f72-4a7b-abd5-e4a0f7a8e328] [http-nio-8081-exec-9] c.b.web.StorefrontAuthController - Storefront login success: userId=d08b93d2-67f6-4456-9dee-71ad2605b801 role=CUSTOMER
2026-01-19 00:29:14.578 [34mINFO [0;39m [a7b6d4be-1f72-4a7b-abd5-e4a0f7a8e328] [http-nio-8081-exec-9] c.b.config.logging.HttpLoggingFilter - POST /api/storefront/auth/login -> 200 (330 ms)
2026-01-19 00:29:14.578 [34mINFO [0;39m [a7b6d4be-1f72-4a7b-abd5-e4a0f7a8e328] [http-nio-8081-exec-9] c.b.config.logging.HttpLoggingFilter - Headers: auth=absent content-type=application/json accept=null
2026-01-19 00:29:14.578 [34mINFO [0;39m [a7b6d4be-1f72-4a7b-abd5-e4a0f7a8e328] [http-nio-8081-exec-9] c.b.config.logging.HttpLoggingFilter - Request payload: {
    "password":  "Passw0rd!",
    "email":  "sf_20260119002913@example.com"
}
2026-01-19 00:29:14.578 [34mINFO [0;39m [a7b6d4be-1f72-4a7b-abd5-e4a0f7a8e328] [http-nio-8081-exec-9] c.b.config.logging.HttpLoggingFilter - Response payload: {"token":"eyJhbGciOiJIUzI1NiIsInR5cCI6IkpXVCJ9.eyJzdWIiOiJkMDhiOTNkMi02N2Y2LTQ0NTYtOWRlZS03MWFkMjYwNWI4MDEiLCJpc3MiOiJiaGFyYXRzaG9wIiwiYXVkIjoiYmhhcmF0c2hvcC1jbGllbnRzIiwibmFtZSI6InNmXzIwMjYwMTE5MDAyOTEzIiwicm9sZSI6IkNVU1RPTUVSIiwidGVuYW50SWQiOiJkZWZhdWx0IiwiYWN0aXZlUm9sZSI6IkNVU1RPTUVSIiwicm9sZXMiOlsiQ1VTVE9NRVIiXSwiaWF0IjoxNzY4NzYyNzU0LCJleHAiOjE3Njg3NjYzNTR9.0IhcURQzYF7vs5cXlvgqa1ypOrsffQFfMwOzk8894ME","user":{"id":"d08b93d2-67f6-4456-9dee-71ad2605b801","name":"sf_20260119002913","email":"sf_20260119002913@example.com","role":"CUSTOMER"}}
2026-01-19 00:29:14.659 [34mINFO [0;39m [db3410ea-54c6-444f-b824-d238cc458ac6] [http-nio-8081-exec-1] c.b.web.CustomerStorefrontController - Customer storefront: list products tenant=tenantA userId=d08b93d2-67f6-4456-9dee-71ad2605b801 category=null search=null 
2026-01-19 00:29:14.665 [34mINFO [0;39m [db3410ea-54c6-444f-b824-d238cc458ac6] [http-nio-8081-exec-1] c.b.config.logging.HttpLoggingFilter - GET /api/storefront/products -> 200 (8 ms)
2026-01-19 00:29:14.665 [34mINFO [0;39m [db3410ea-54c6-444f-b824-d238cc458ac6] [http-nio-8081-exec-1] c.b.config.logging.HttpLoggingFilter - Headers: auth=present content-type=null accept=null
2026-01-19 00:29:14.665 [34mINFO [0;39m [db3410ea-54c6-444f-b824-d238cc458ac6] [http-nio-8081-exec-1] c.b.config.logging.HttpLoggingFilter - Response payload: []
2026-01-19 00:29:14.746 [34mINFO [0;39m [0404cfcf-06e8-41b5-ac73-cfc6878bcaf1] [http-nio-8081-exec-2] c.b.web.CustomerStorefrontController - Customer storefront: list categories tenant=tenantA userId=d08b93d2-67f6-4456-9dee-71ad2605b801
2026-01-19 00:29:14.751 [34mINFO [0;39m [0404cfcf-06e8-41b5-ac73-cfc6878bcaf1] [http-nio-8081-exec-2] c.b.config.logging.HttpLoggingFilter - GET /api/storefront/categories -> 200 (7 ms)
2026-01-19 00:29:14.751 [34mINFO [0;39m [0404cfcf-06e8-41b5-ac73-cfc6878bcaf1] [http-nio-8081-exec-2] c.b.config.logging.HttpLoggingFilter - Headers: auth=present content-type=null accept=null
2026-01-19 00:29:14.751 [34mINFO [0;39m [0404cfcf-06e8-41b5-ac73-cfc6878bcaf1] [http-nio-8081-exec-2] c.b.config.logging.HttpLoggingFilter - Response payload: []
2026-01-19 00:29:14.815 [34mINFO [0;39m [d4e865a6-8938-4f81-ad18-a9d30dae49cf] [http-nio-8081-exec-3] c.b.web.SellerAuthController - Register/upgrade seller: email=seller_20260119002913@example.com phone=null
2026-01-19 00:29:15.010 [34mINFO [0;39m [d4e865a6-8938-4f81-ad18-a9d30dae49cf] [http-nio-8081-exec-3] com.bharatshop.service.AuthService - Session created: userId=e01cb23b-6f60-43c2-a97c-b7c6c3812967 activeRole=SELLER
2026-01-19 00:29:15.010 [34mINFO [0;39m [d4e865a6-8938-4f81-ad18-a9d30dae49cf] [http-nio-8081-exec-3] com.bharatshop.service.AuthService - Created new SELLER: userId=e01cb23b-6f60-43c2-a97c-b7c6c3812967 email=seller_20260119002913@example.com phone=null tokenPresent=true
2026-01-19 00:29:15.010 [34mINFO [0;39m [d4e865a6-8938-4f81-ad18-a9d30dae49cf] [http-nio-8081-exec-3] c.b.web.SellerAuthController - Seller register/upgrade success: userId=e01cb23b-6f60-43c2-a97c-b7c6c3812967 role=SELLER
2026-01-19 00:29:15.010 [34mINFO [0;39m [d4e865a6-8938-4f81-ad18-a9d30dae49cf] [http-nio-8081-exec-3] c.b.config.logging.HttpLoggingFilter - POST /api/auth/seller/register -> 200 (195 ms)
2026-01-19 00:29:15.017 [34mINFO [0;39m [d4e865a6-8938-4f81-ad18-a9d30dae49cf] [http-nio-8081-exec-3] c.b.config.logging.HttpLoggingFilter - Headers: auth=present content-type=application/json accept=null
2026-01-19 00:29:15.017 [34mINFO [0;39m [d4e865a6-8938-4f81-ad18-a9d30dae49cf] [http-nio-8081-exec-3] c.b.config.logging.HttpLoggingFilter - Request payload: {
    "email":  "seller_20260119002913@example.com",
    "name":  "Seller Smoke",
    "password":  "Passw0rd!"
}
2026-01-19 00:29:15.017 [34mINFO [0;39m [d4e865a6-8938-4f81-ad18-a9d30dae49cf] [http-nio-8081-exec-3] c.b.config.logging.HttpLoggingFilter - Response payload: {"token":"eyJhbGciOiJIUzI1NiIsInR5cCI6IkpXVCJ9.eyJzdWIiOiJlMDFjYjIzYi02ZjYwLTQzYzItYTk3Yy1iN2M2YzM4MTI5NjciLCJpc3MiOiJiaGFyYXRzaG9wIiwiYXVkIjoiYmhhcmF0c2hvcC1jbGllbnRzIiwibmFtZSI6IlNlbGxlciBTbW9rZSIsInJvbGUiOiJTRUxMRVIiLCJ0ZW5hbnRJZCI6ImRlZmF1bHQiLCJhY3RpdmVSb2xlIjoiU0VMTEVSIiwicm9sZXMiOlsiQ1VTVE9NRVIiLCJTRUxMRVIiXSwiaWF0IjoxNzY4NzYyNzU1LCJleHAiOjE3Njg3NjYzNTV9.swngEk1MPR63IPXhhWNVjnWynGy1qEm-jiljvHLlIpw","user":{"id":"e01cb23b-6f60-43c2-a97c-b7c6c3812967","name":"Seller Smoke","email":"seller_20260119002913@example.com","role":"SELLER"}}
2026-01-19 00:29:15.083 [34mINFO [0;39m [53ebc5f8-264d-45b1-a108-013e0ffeab13] [http-nio-8081-exec-4] c.b.web.SellerAuthController - Login seller: email=seller_20260119002913@example.com
2026-01-19 00:29:15.083 [34mINFO [0;39m [53ebc5f8-264d-45b1-a108-013e0ffeab13] [http-nio-8081-exec-4] com.bharatshop.service.AuthService - Login (seller) attempt: email=seller_20260119002913@example.com
2026-01-19 00:29:15.235 [34mINFO [0;39m [53ebc5f8-264d-45b1-a108-013e0ffeab13] [http-nio-8081-exec-4] com.bharatshop.service.AuthService - Session created: userId=e01cb23b-6f60-43c2-a97c-b7c6c3812967 activeRole=SELLER
2026-01-19 00:29:15.238 [34mINFO [0;39m [53ebc5f8-264d-45b1-a108-013e0ffeab13] [http-nio-8081-exec-4] com.bharatshop.service.AuthService - Login (seller) success: userId=e01cb23b-6f60-43c2-a97c-b7c6c3812967 token=eyJhbGciOiJIUzI1NiIsInR5cCI6IkpXVCJ9.eyJzdWIiOiJlMDFjYjIzYi02ZjYwLTQzYzItYTk3Yy1iN2M2YzM4MTI5NjciLCJpc3MiOiJiaGFyYXRzaG9wIiwiYXVkIjoiYmhhcmF0c2hvcC1jbGllbnRzIiwibmFtZSI6IlNlbGxlciBTbW9rZSIsInJvbGUiOiJTRUxMRVIiLCJ0ZW5hbnRJZCI6ImRlZmF1bHQiLCJhY3RpdmVSb2xlIjoiU0VMTEVSIiwicm9sZXMiOlsiQ1VTVE9NRVIiLCJTRUxMRVIiXSwiaWF0IjoxNzY4NzYyNzU1LCJleHAiOjE3Njg3NjYzNTV9.swngEk1MPR63IPXhhWNVjnWynGy1qEm-jiljvHLlIpw activeRole=SELLER 
2026-01-19 00:29:15.240 [34mINFO [0;39m [53ebc5f8-264d-45b1-a108-013e0ffeab13] [http-nio-8081-exec-4] c.b.web.SellerAuthController - Seller login success: userId=e01cb23b-6f60-43c2-a97c-b7c6c3812967
2026-01-19 00:29:15.243 [34mINFO [0;39m [53ebc5f8-264d-45b1-a108-013e0ffeab13] [http-nio-8081-exec-4] c.b.config.logging.HttpLoggingFilter - POST /api/auth/seller/login -> 200 (163 ms)
2026-01-19 00:29:15.243 [34mINFO [0;39m [53ebc5f8-264d-45b1-a108-013e0ffeab13] [http-nio-8081-exec-4] c.b.config.logging.HttpLoggingFilter - Headers: auth=present content-type=application/json accept=null
2026-01-19 00:29:15.243 [34mINFO [0;39m [53ebc5f8-264d-45b1-a108-013e0ffeab13] [http-nio-8081-exec-4] c.b.config.logging.HttpLoggingFilter - Request payload: {
    "password":  "Passw0rd!",
    "email":  "seller_20260119002913@example.com"
}
2026-01-19 00:29:15.243 [34mINFO [0;39m [53ebc5f8-264d-45b1-a108-013e0ffeab13] [http-nio-8081-exec-4] c.b.config.logging.HttpLoggingFilter - Response payload: {"token":"eyJhbGciOiJIUzI1NiIsInR5cCI6IkpXVCJ9.eyJzdWIiOiJlMDFjYjIzYi02ZjYwLTQzYzItYTk3Yy1iN2M2YzM4MTI5NjciLCJpc3MiOiJiaGFyYXRzaG9wIiwiYXVkIjoiYmhhcmF0c2hvcC1jbGllbnRzIiwibmFtZSI6IlNlbGxlciBTbW9rZSIsInJvbGUiOiJTRUxMRVIiLCJ0ZW5hbnRJZCI6ImRlZmF1bHQiLCJhY3RpdmVSb2xlIjoiU0VMTEVSIiwicm9sZXMiOlsiQ1VTVE9NRVIiLCJTRUxMRVIiXSwiaWF0IjoxNzY4NzYyNzU1LCJleHAiOjE3Njg3NjYzNTV9.swngEk1MPR63IPXhhWNVjnWynGy1qEm-jiljvHLlIpw","user":{"id":"e01cb23b-6f60-43c2-a97c-b7c6c3812967","name":"Seller Smoke","email":"seller_20260119002913@example.com","role":"SELLER"}}
2026-01-19 00:29:15.304 [34mINFO [0;39m [927f6c4d-83b6-4e6a-b9a3-5be9c80bec12] [http-nio-8081-exec-5] c.b.web.seller.SellerStoreController - Seller create store requested: name=null city=null area=null category=null imagePresent=false
2026-01-19 00:29:15.308 [1;31mERROR[0;39m [927f6c4d-83b6-4e6a-b9a3-5be9c80bec12] [http-nio-8081-exec-5] com.bharatshop.service.StoreService - [PROOF][STORE_MAP] entity.id=641cb70b-fa94-4a46-a95e-30a43e7202bc mapped.id=641cb70b-fa94-4a46-a95e-30a43e7202bc
2026-01-19 00:29:15.308 [34mINFO [0;39m [927f6c4d-83b6-4e6a-b9a3-5be9c80bec12] [http-nio-8081-exec-5] c.b.web.seller.SellerStoreController - Seller create store success: id=641cb70b-fa94-4a46-a95e-30a43e7202bc name=Smoke Store 
2026-01-19 00:29:15.326 [34mINFO [0;39m [927f6c4d-83b6-4e6a-b9a3-5be9c80bec12] [http-nio-8081-exec-5] com.bharatshop.service.AuthService - User role upgraded via user_roles: userId=e01cb23b-6f60-43c2-a97c-b7c6c3812967 activeRole=SELLER
2026-01-19 00:29:15.328 [34mINFO [0;39m [927f6c4d-83b6-4e6a-b9a3-5be9c80bec12] [http-nio-8081-exec-5] c.b.config.logging.HttpLoggingFilter - POST /api/seller/stores -> 200 (30 ms)
2026-01-19 00:29:15.328 [34mINFO [0;39m [927f6c4d-83b6-4e6a-b9a3-5be9c80bec12] [http-nio-8081-exec-5] c.b.config.logging.HttpLoggingFilter - Headers: auth=present content-type=application/json accept=null
2026-01-19 00:29:15.328 [34mINFO [0;39m [927f6c4d-83b6-4e6a-b9a3-5be9c80bec12] [http-nio-8081-exec-5] c.b.config.logging.HttpLoggingFilter - Request payload: {
    "area":  "Area",
    "category":  "General",
    "name":  "Smoke Store",
    "city":  "City"
}
2026-01-19 00:29:15.328 [34mINFO [0;39m [927f6c4d-83b6-4e6a-b9a3-5be9c80bec12] [http-nio-8081-exec-5] c.b.config.logging.HttpLoggingFilter - Response payload: {"name":"Smoke Store","id":"641cb70b-fa94-4a46-a95e-30a43e7202bc","status":"open"}
2026-01-19 00:29:15.387 [34mINFO [0;39m [6093dfdc-d98d-45b1-80f5-849fdf6759db] [http-nio-8081-exec-6] c.b.w.seller.SellerProductController - Seller list products: storeId=641cb70b-fa94-4a46-a95e-30a43e7202bc search=null category=null active=null page=null limit=null tenant=tenantA
2026-01-19 00:29:15.387 [1;31mERROR[0;39m [6093dfdc-d98d-45b1-80f5-849fdf6759db] [http-nio-8081-exec-6] c.bharatshop.service.ProductService - [PROOF][PRODUCT_QUERY] requested storeId=641cb70b-fa94-4a46-a95e-30a43e7202bc
2026-01-19 00:29:15.393 [34mINFO [0;39m [6093dfdc-d98d-45b1-80f5-849fdf6759db] [http-nio-8081-exec-6] c.b.w.seller.SellerProductController - Seller list products success: count=0
2026-01-19 00:29:15.394 [34mINFO [0;39m [6093dfdc-d98d-45b1-80f5-849fdf6759db] [http-nio-8081-exec-6] c.b.config.logging.HttpLoggingFilter - GET /api/seller/stores/641cb70b-fa94-4a46-a95e-30a43e7202bc/products -> 200 (10 ms)
2026-01-19 00:29:15.394 [34mINFO [0;39m [6093dfdc-d98d-45b1-80f5-849fdf6759db] [http-nio-8081-exec-6] c.b.config.logging.HttpLoggingFilter - Headers: auth=present content-type=null accept=null
2026-01-19 00:29:15.394 [34mINFO [0;39m [6093dfdc-d98d-45b1-80f5-849fdf6759db] [http-nio-8081-exec-6] c.b.config.logging.HttpLoggingFilter - Response payload: []
2026-01-19 00:29:15.457 [34mINFO [0;39m [501567dd-9a11-4d50-83c9-359a8ba383b0] [http-nio-8081-exec-7] c.b.config.logging.HttpLoggingFilter - GET /store/products -> 404 (6 ms)
2026-01-19 00:29:15.460 [34mINFO [0;39m [501567dd-9a11-4d50-83c9-359a8ba383b0] [http-nio-8081-exec-7] c.b.config.logging.HttpLoggingFilter - Headers: auth=present content-type=null accept=null
2026-01-19 00:29:15.482 [34mINFO [0;39m [0ebffc32-6e5b-41e1-94a7-0153ac97d084] [http-nio-8081-exec-8] c.b.config.logging.HttpLoggingFilter - GET /store/categories -> 404 (6 ms)
2026-01-19 00:29:15.482 [34mINFO [0;39m [0ebffc32-6e5b-41e1-94a7-0153ac97d084] [http-nio-8081-exec-8] c.b.config.logging.HttpLoggingFilter - Headers: auth=present content-type=null accept=null
2026-01-19 00:29:15.503 [34mINFO [0;39m [906205c9-bbf5-45b5-9981-cf90387a7828] [http-nio-8081-exec-10] c.b.config.logging.HttpLoggingFilter - GET /store/orders -> 404 (5 ms)
2026-01-19 00:29:15.503 [34mINFO [0;39m [906205c9-bbf5-45b5-9981-cf90387a7828] [http-nio-8081-exec-10] c.b.config.logging.HttpLoggingFilter - Headers: auth=present content-type=null accept=null
2026-01-19 00:29:15.555 [34mINFO [0;39m [b9af9501-652d-4565-9b1f-2c9911b49138] [http-nio-8081-exec-9] c.b.config.logging.HttpLoggingFilter - POST /store/checkout -> 404 (4 ms)
2026-01-19 00:29:15.555 [34mINFO [0;39m [b9af9501-652d-4565-9b1f-2c9911b49138] [http-nio-8081-exec-9] c.b.config.logging.HttpLoggingFilter - Headers: auth=present content-type=application/json accept=null
2026-01-19 00:29:15.596 [34mINFO [0;39m [ede4e3ea-d02a-4d6e-9527-2c1938c35f23] [http-nio-8081-exec-1] c.b.web.StorePaymentsController - Legacy initiate: userId=d08b93d2-67f6-4456-9dee-71ad2605b801 tenant=null amount=100 currency=INR
2026-01-19 00:29:15.596 [34mINFO [0;39m [ede4e3ea-d02a-4d6e-9527-2c1938c35f23] [http-nio-8081-exec-1] c.b.web.StorePaymentsController - Legacy initiate success: orderId=45217827-c86e-444a-a731-2dfa8ce795ad amount=100
2026-01-19 00:29:15.596 [34mINFO [0;39m [ede4e3ea-d02a-4d6e-9527-2c1938c35f23] [http-nio-8081-exec-1] c.b.config.logging.HttpLoggingFilter - POST /store/payments/initiate -> 200 (0 ms)
2026-01-19 00:29:15.596 [34mINFO [0;39m [ede4e3ea-d02a-4d6e-9527-2c1938c35f23] [http-nio-8081-exec-1] c.b.config.logging.HttpLoggingFilter - Headers: auth=present content-type=application/json accept=null
2026-01-19 00:29:15.596 [34mINFO [0;39m [ede4e3ea-d02a-4d6e-9527-2c1938c35f23] [http-nio-8081-exec-1] c.b.config.logging.HttpLoggingFilter - Request payload: {
    "currency":  "INR",
    "amount":  100
}
2026-01-19 00:29:15.596 [34mINFO [0;39m [ede4e3ea-d02a-4d6e-9527-2c1938c35f23] [http-nio-8081-exec-1] c.b.config.logging.HttpLoggingFilter - Response payload: {"id":"45217827-c86e-444a-a731-2dfa8ce795ad","amount":100}
2026-01-19 00:29:15.662 [34mINFO [0;39m [eab43560-bbb3-483f-8811-5542e14742a4] [http-nio-8081-exec-2] c.b.config.logging.HttpLoggingFilter - POST /store/payments/webhook -> 200 (0 ms)
2026-01-19 00:29:15.662 [34mINFO [0;39m [eab43560-bbb3-483f-8811-5542e14742a4] [http-nio-8081-exec-2] c.b.config.logging.HttpLoggingFilter - Headers: auth=present content-type=application/json accept=null
2026-01-19 00:29:15.662 [34mINFO [0;39m [eab43560-bbb3-483f-8811-5542e14742a4] [http-nio-8081-exec-2] c.b.config.logging.HttpLoggingFilter - Request payload: {
    "event":  "payment.captured",
    "payload":  {
                    "id":  "pay_123"
                }
}
2026-01-19 00:29:15.662 [34mINFO [0;39m [eab43560-bbb3-483f-8811-5542e14742a4] [http-nio-8081-exec-2] c.b.config.logging.HttpLoggingFilter - Response payload: {"status":"ok","received":"payment.captured"}
2026-01-19 00:29:15.746 [34mINFO [0;39m [2072cc02-b9f9-43c7-b1ba-7a3688866ab1] [http-nio-8081-exec-3] c.bharatshop.web.PaymentController - Create-order: userId=d08b93d2-67f6-4456-9dee-71ad2605b801 tenant=tenantA amount=100 currency=INR
2026-01-19 00:29:15.748 [34mINFO [0;39m [2072cc02-b9f9-43c7-b1ba-7a3688866ab1] [http-nio-8081-exec-3] c.bharatshop.web.PaymentController - Create-order success: orderId=0b5d1490-90eb-4f90-ae10-4457fae5c682 amount=100
2026-01-19 00:29:15.750 [34mINFO [0;39m [2072cc02-b9f9-43c7-b1ba-7a3688866ab1] [http-nio-8081-exec-3] c.b.config.logging.HttpLoggingFilter - POST /api/storefront/payments/create-order -> 200 (4 ms)
2026-01-19 00:29:15.750 [34mINFO [0;39m [2072cc02-b9f9-43c7-b1ba-7a3688866ab1] [http-nio-8081-exec-3] c.b.config.logging.HttpLoggingFilter - Headers: auth=present content-type=application/json accept=null
2026-01-19 00:29:15.750 [34mINFO [0;39m [2072cc02-b9f9-43c7-b1ba-7a3688866ab1] [http-nio-8081-exec-3] c.b.config.logging.HttpLoggingFilter - Request payload: {
    "currency":  "INR",
    "amount":  100
}
2026-01-19 00:29:15.750 [34mINFO [0;39m [2072cc02-b9f9-43c7-b1ba-7a3688866ab1] [http-nio-8081-exec-3] c.b.config.logging.HttpLoggingFilter - Response payload: {"id":"0b5d1490-90eb-4f90-ae10-4457fae5c682","amount":100}
2026-01-19 00:29:15.813 [34mINFO [0;39m [976af81b-ab12-44c7-b98b-9cc88290eaad] [http-nio-8081-exec-4] c.bharatshop.web.PaymentController - Verify payment: userId=d08b93d2-67f6-4456-9dee-71ad2605b801 tenant=tenantA orderId=order_123 paymentId=pay_123 signaturePresent=true
2026-01-19 00:29:15.813 [34mINFO [0;39m [976af81b-ab12-44c7-b98b-9cc88290eaad] [http-nio-8081-exec-4] c.bharatshop.web.PaymentController - Verify result: status=ok message=mock_verified
2026-01-19 00:29:15.815 [34mINFO [0;39m [976af81b-ab12-44c7-b98b-9cc88290eaad] [http-nio-8081-exec-4] c.b.config.logging.HttpLoggingFilter - POST /api/storefront/payments/verify -> 200 (4 ms)
2026-01-19 00:29:15.815 [34mINFO [0;39m [976af81b-ab12-44c7-b98b-9cc88290eaad] [http-nio-8081-exec-4] c.b.config.logging.HttpLoggingFilter - Headers: auth=present content-type=application/json accept=null
2026-01-19 00:29:15.815 [34mINFO [0;39m [976af81b-ab12-44c7-b98b-9cc88290eaad] [http-nio-8081-exec-4] c.b.config.logging.HttpLoggingFilter - Request payload: {
    "orderId":  "order_123",
    "signature":  "sig_abc",
    "paymentId":  "pay_123"
}
2026-01-19 00:29:15.815 [34mINFO [0;39m [976af81b-ab12-44c7-b98b-9cc88290eaad] [http-nio-8081-exec-4] c.b.config.logging.HttpLoggingFilter - Response payload: {"status":"ok","message":"mock_verified"}
2026-01-19 01:11:02.782 [34mINFO [0;39m [] [main] c.bharatshop.BharatshopApplication - Starting BharatshopApplication using Java 17.0.12 with PID 59972 (C:\Users\Adarsh\Downloads\bharatshop-backend\target\bharatshop-backend-0.0.1-SNAPSHOT.jar started by Adarsh in C:\Users\Adarsh\Downloads\bharatshop-backend)
2026-01-19 01:11:02.786 [39mDEBUG[0;39m [] [main] c.bharatshop.BharatshopApplication - Running with Spring Boot v3.3.4, Spring v6.1.13
2026-01-19 01:11:02.788 [34mINFO [0;39m [] [main] c.bharatshop.BharatshopApplication - No active profile set, falling back to 1 default profile: "default"
2026-01-19 01:11:05.819 [34mINFO [0;39m [] [main] o.s.d.r.c.RepositoryConfigurationDelegate - Bootstrapping Spring Data JPA repositories in DEFAULT mode.
2026-01-19 01:11:06.027 [34mINFO [0;39m [] [main] o.s.d.r.c.RepositoryConfigurationDelegate - Finished Spring Data repository scanning in 190 ms. Found 20 JPA repository interfaces.
2026-01-19 01:11:08.060 [34mINFO [0;39m [] [main] o.s.b.w.e.tomcat.TomcatWebServer - Tomcat initialized with port 8080 (http)
2026-01-19 01:11:08.082 [34mINFO [0;39m [] [main] o.a.coyote.http11.Http11NioProtocol - Initializing ProtocolHandler ["http-nio-8080"]
2026-01-19 01:11:08.091 [34mINFO [0;39m [] [main] o.a.catalina.core.StandardService - Starting service [Tomcat]
2026-01-19 01:11:08.092 [34mINFO [0;39m [] [main] o.a.catalina.core.StandardEngine - Starting Servlet engine: [Apache Tomcat/10.1.30]
2026-01-19 01:11:08.197 [34mINFO [0;39m [] [main] o.a.c.c.C.[Tomcat].[localhost].[/] - Initializing Spring embedded WebApplicationContext
2026-01-19 01:11:08.198 [34mINFO [0;39m [] [main] o.s.b.w.s.c.ServletWebServerApplicationContext - Root WebApplicationContext: initialization completed in 5273 ms
2026-01-19 01:11:08.674 [34mINFO [0;39m [] [main] com.zaxxer.hikari.HikariDataSource - HikariPool-1 - Starting...
2026-01-19 01:11:09.098 [34mINFO [0;39m [] [main] com.zaxxer.hikari.pool.HikariPool - HikariPool-1 - Added connection conn0: url=jdbc:h2:mem:bharatshop user=SA
2026-01-19 01:11:09.101 [34mINFO [0;39m [] [main] com.zaxxer.hikari.HikariDataSource - HikariPool-1 - Start completed.
2026-01-19 01:11:09.122 [34mINFO [0;39m [] [main] o.s.b.a.h.H2ConsoleAutoConfiguration - H2 console available at '/h2-console'. Database available at 'jdbc:h2:mem:bharatshop'
2026-01-19 01:11:10.588 [34mINFO [0;39m [] [main] o.s.o.j.p.SpringPersistenceUnitInfo - No LoadTimeWeaver setup: ignoring JPA class transformer
2026-01-19 01:11:13.927 [34mINFO [0;39m [] [main] o.s.o.j.LocalContainerEntityManagerFactoryBean - Initialized JPA EntityManagerFactory for persistence unit 'default'
2026-01-19 01:11:14.756 [34mINFO [0;39m [] [main] o.s.d.j.r.query.QueryEnhancerFactory - Hibernate is in classpath; If applicable, HQL parser will be used.
2026-01-19 01:11:15.827 [39mDEBUG[0;39m [] [main] c.b.c.logging.CorrelationIdFilter - Filter 'correlationIdFilter' configured for use
2026-01-19 01:11:15.828 [39mDEBUG[0;39m [] [main] c.b.config.logging.HttpLoggingFilter - Filter 'httpLoggingFilter' configured for use
2026-01-19 01:11:15.831 [39mDEBUG[0;39m [] [main] com.bharatshop.config.TenantFilter - Filter 'tenantFilter' configured for use
2026-01-19 01:11:15.832 [39mDEBUG[0;39m [] [main] c.b.security.TokenAuthFilter - Filter 'tokenAuthFilter' configured for use
2026-01-19 01:11:15.836 [39mDEBUG[0;39m [] [main] c.b.config.IdempotencyFilter - Filter 'idempotencyFilter' configured for use
2026-01-19 01:11:18.391 [31mWARN [0;39m [] [main] o.s.b.a.o.j.JpaBaseConfiguration$JpaWebConfiguration - spring.jpa.open-in-view is enabled by default. Therefore, database queries may be performed during view rendering. Explicitly configure spring.jpa.open-in-view to disable this warning
2026-01-19 01:11:18.464 [31mWARN [0;39m [] [main] o.s.b.a.s.s.UserDetailsServiceAutoConfiguration - 

Using generated security password: 0133a6f2-b993-43ae-82dd-f4c85f8c2f20

This generated password is for development use only. Your security configuration must be updated before running your application in production.

2026-01-19 01:11:18.500 [34mINFO [0;39m [] [main] o.s.s.c.a.a.c.InitializeUserDetailsBeanManagerConfigurer$InitializeUserDetailsManagerConfigurer - Global AuthenticationManager configured with UserDetailsService bean with name inMemoryUserDetailsManager
2026-01-19 01:11:19.539 [34mINFO [0;39m [] [main] o.s.b.a.e.web.EndpointLinksResolver - Exposing 4 endpoints beneath base path '/actuator'
2026-01-19 01:11:21.109 [34mINFO [0;39m [] [main] o.a.coyote.http11.Http11NioProtocol - Starting ProtocolHandler ["http-nio-8080"]
2026-01-19 01:11:21.188 [34mINFO [0;39m [] [main] o.s.b.w.e.tomcat.TomcatWebServer - Tomcat started on port 8080 (http) with context path '/'
2026-01-19 01:11:21.224 [34mINFO [0;39m [] [main] c.bharatshop.BharatshopApplication - Started BharatshopApplication in 19.942 seconds (process running for 21.398)
2026-01-19 01:11:21.581 [1;31mERROR[0;39m [] [main] com.bharatshop.service.StoreService - [PROOF][STORE_MAP] entity.id=6f719910-68b1-4383-ada8-2c3defbb1371 mapped.id=6f719910-68b1-4383-ada8-2c3defbb1371
2026-01-19 01:11:21.586 [1;31mERROR[0;39m [] [main] com.bharatshop.service.StoreService - [PROOF][STORE_MAP] entity.id=9fd9cf7c-7676-406e-901e-c3592ea73688 mapped.id=9fd9cf7c-7676-406e-901e-c3592ea73688
2026-01-19 01:11:21.630 [34mINFO [0;39m [] [main] c.b.devtools.TenantDataInspector - TENANT CHECK: DISTINCT store tenants=[default] DISTINCT product tenants=[default] 
2026-01-19 01:11:21.631 [34mINFO [0;39m [] [main] c.b.devtools.TenantDataInspector - TENANT CHECK: COUNT(stores, tenantA)=0 COUNT(products, tenantA)=0
2026-01-19 01:11:21.644 [34mINFO [0;39m [] [main] c.b.devtools.TenantDataNormalizer - TENANT NORMALIZE: updated stores=2 updated products=3 (NULL/default -> tenantA)
2026-01-19 01:16:17.778 [34mINFO [0;39m [] [http-nio-8080-exec-1] o.a.c.c.C.[Tomcat].[localhost].[/] - Initializing Spring DispatcherServlet 'dispatcherServlet'
2026-01-19 01:16:17.779 [34mINFO [0;39m [] [http-nio-8080-exec-1] o.s.web.servlet.DispatcherServlet - Initializing Servlet 'dispatcherServlet'
2026-01-19 01:16:17.782 [34mINFO [0;39m [] [http-nio-8080-exec-1] o.s.web.servlet.DispatcherServlet - Completed initialization in 3 ms
2026-01-19 01:16:17.984 [34mINFO [0;39m [d7ef6238-f710-4e47-a82a-156c2c296b7b] [http-nio-8080-exec-1] c.b.config.logging.HttpLoggingFilter - GET /?ide_webview_request_time=1768756291848 -> 404 (43 ms)
2026-01-19 01:16:17.986 [34mINFO [0;39m [d7ef6238-f710-4e47-a82a-156c2c296b7b] [http-nio-8080-exec-1] c.b.config.logging.HttpLoggingFilter - Headers: auth=absent content-type=null accept=text/html,application/xhtml+xml,application/xml;q=0.9,image/avif,image/webp,image/apng,*/*;q=0.8,application/signed-exchange;v=b3;q=0.7
2026-01-19 01:19:56.234 [34mINFO [0;39m [] [main] c.bharatshop.BharatshopApplication - Starting BharatshopApplication using Java 17.0.12 with PID 36644 (C:\Users\Adarsh\Downloads\bharatshop-backend\target\bharatshop-backend-0.0.1-SNAPSHOT.jar started by Adarsh in C:\Users\Adarsh\Downloads\bharatshop-backend)
2026-01-19 01:19:56.238 [39mDEBUG[0;39m [] [main] c.bharatshop.BharatshopApplication - Running with Spring Boot v3.3.4, Spring v6.1.13
2026-01-19 01:19:56.240 [34mINFO [0;39m [] [main] c.bharatshop.BharatshopApplication - No active profile set, falling back to 1 default profile: "default"
2026-01-19 01:19:59.399 [34mINFO [0;39m [] [main] o.s.d.r.c.RepositoryConfigurationDelegate - Bootstrapping Spring Data JPA repositories in DEFAULT mode.
2026-01-19 01:19:59.604 [34mINFO [0;39m [] [main] o.s.d.r.c.RepositoryConfigurationDelegate - Finished Spring Data repository scanning in 185 ms. Found 20 JPA repository interfaces.
2026-01-19 01:20:02.192 [34mINFO [0;39m [] [main] o.s.b.w.e.tomcat.TomcatWebServer - Tomcat initialized with port 8080 (http)
2026-01-19 01:20:02.218 [34mINFO [0;39m [] [main] o.a.coyote.http11.Http11NioProtocol - Initializing ProtocolHandler ["http-nio-8080"]
2026-01-19 01:20:02.227 [34mINFO [0;39m [] [main] o.a.catalina.core.StandardService - Starting service [Tomcat]
2026-01-19 01:20:02.228 [34mINFO [0;39m [] [main] o.a.catalina.core.StandardEngine - Starting Servlet engine: [Apache Tomcat/10.1.30]
2026-01-19 01:20:02.415 [34mINFO [0;39m [] [main] o.a.c.c.C.[Tomcat].[localhost].[/] - Initializing Spring embedded WebApplicationContext
2026-01-19 01:20:02.417 [34mINFO [0;39m [] [main] o.s.b.w.s.c.ServletWebServerApplicationContext - Root WebApplicationContext: initialization completed in 6049 ms
2026-01-19 01:20:02.851 [34mINFO [0;39m [] [main] com.zaxxer.hikari.HikariDataSource - HikariPool-1 - Starting...
2026-01-19 01:20:03.280 [34mINFO [0;39m [] [main] com.zaxxer.hikari.pool.HikariPool - HikariPool-1 - Added connection conn0: url=jdbc:h2:mem:bharatshop user=SA
2026-01-19 01:20:03.285 [34mINFO [0;39m [] [main] com.zaxxer.hikari.HikariDataSource - HikariPool-1 - Start completed.
2026-01-19 01:20:03.304 [34mINFO [0;39m [] [main] o.s.b.a.h.H2ConsoleAutoConfiguration - H2 console available at '/h2-console'. Database available at 'jdbc:h2:mem:bharatshop'
2026-01-19 01:20:04.744 [34mINFO [0;39m [] [main] o.s.o.j.p.SpringPersistenceUnitInfo - No LoadTimeWeaver setup: ignoring JPA class transformer
2026-01-19 01:20:08.990 [34mINFO [0;39m [] [main] o.s.o.j.LocalContainerEntityManagerFactoryBean - Initialized JPA EntityManagerFactory for persistence unit 'default'
2026-01-19 01:20:09.912 [34mINFO [0;39m [] [main] o.s.d.j.r.query.QueryEnhancerFactory - Hibernate is in classpath; If applicable, HQL parser will be used.
2026-01-19 01:20:11.048 [39mDEBUG[0;39m [] [main] c.b.c.logging.CorrelationIdFilter - Filter 'correlationIdFilter' configured for use
2026-01-19 01:20:11.049 [39mDEBUG[0;39m [] [main] c.b.config.logging.HttpLoggingFilter - Filter 'httpLoggingFilter' configured for use
2026-01-19 01:20:11.056 [39mDEBUG[0;39m [] [main] com.bharatshop.config.TenantFilter - Filter 'tenantFilter' configured for use
2026-01-19 01:20:11.057 [39mDEBUG[0;39m [] [main] c.b.security.TokenAuthFilter - Filter 'tokenAuthFilter' configured for use
2026-01-19 01:20:11.064 [39mDEBUG[0;39m [] [main] c.b.config.IdempotencyFilter - Filter 'idempotencyFilter' configured for use
2026-01-19 01:20:14.746 [31mWARN [0;39m [] [main] o.s.b.a.o.j.JpaBaseConfiguration$JpaWebConfiguration - spring.jpa.open-in-view is enabled by default. Therefore, database queries may be performed during view rendering. Explicitly configure spring.jpa.open-in-view to disable this warning
2026-01-19 01:20:14.827 [31mWARN [0;39m [] [main] o.s.b.a.s.s.UserDetailsServiceAutoConfiguration - 

Using generated security password: e47e67fa-76a8-4f34-b9e4-f0f8a8dbb366

This generated password is for development use only. Your security configuration must be updated before running your application in production.

2026-01-19 01:20:14.864 [34mINFO [0;39m [] [main] o.s.s.c.a.a.c.InitializeUserDetailsBeanManagerConfigurer$InitializeUserDetailsManagerConfigurer - Global AuthenticationManager configured with UserDetailsService bean with name inMemoryUserDetailsManager
2026-01-19 01:20:15.901 [34mINFO [0;39m [] [main] o.s.b.a.e.web.EndpointLinksResolver - Exposing 4 endpoints beneath base path '/actuator'
2026-01-19 01:20:17.408 [34mINFO [0;39m [] [main] o.a.coyote.http11.Http11NioProtocol - Starting ProtocolHandler ["http-nio-8080"]
2026-01-19 01:20:17.489 [34mINFO [0;39m [] [main] o.s.b.w.e.tomcat.TomcatWebServer - Tomcat started on port 8080 (http) with context path '/'
2026-01-19 01:20:17.535 [34mINFO [0;39m [] [main] c.bharatshop.BharatshopApplication - Started BharatshopApplication in 22.848 seconds (process running for 24.165)
2026-01-19 01:20:17.672 [34mINFO [0;39m [] [main] c.b.devtools.TenantDataInspector - TENANT CHECK: DISTINCT store tenants=[] DISTINCT product tenants=[] 
2026-01-19 01:20:17.673 [34mINFO [0;39m [] [main] c.b.devtools.TenantDataInspector - TENANT CHECK: COUNT(stores, tenantA)=0 COUNT(products, tenantA)=0
2026-01-19 01:20:17.940 [1;31mERROR[0;39m [] [main] com.bharatshop.service.StoreService - [PROOF][STORE_MAP] entity.id=09106784-b9e9-455c-8a69-6fcacd9d6c11 mapped.id=09106784-b9e9-455c-8a69-6fcacd9d6c11
2026-01-19 01:20:17.945 [1;31mERROR[0;39m [] [main] com.bharatshop.service.StoreService - [PROOF][STORE_MAP] entity.id=961ad265-57f3-4597-9fad-ffde2a966211 mapped.id=961ad265-57f3-4597-9fad-ffde2a966211
2026-01-19 01:20:17.974 [34mINFO [0;39m [] [main] c.b.devtools.TenantDataNormalizer - TENANT NORMALIZE: updated stores=2 updated products=3 (NULL/default -> tenantA)
2026-01-19 01:20:34.656 [34mINFO [0;39m [] [http-nio-8080-exec-1] o.a.c.c.C.[Tomcat].[localhost].[/] - Initializing Spring DispatcherServlet 'dispatcherServlet'
2026-01-19 01:20:34.657 [34mINFO [0;39m [] [http-nio-8080-exec-1] o.s.web.servlet.DispatcherServlet - Initializing Servlet 'dispatcherServlet'
2026-01-19 01:20:34.663 [34mINFO [0;39m [] [http-nio-8080-exec-1] o.s.web.servlet.DispatcherServlet - Completed initialization in 5 ms
2026-01-19 01:20:35.069 [34mINFO [0;39m [ba00fd0c-f86f-4c10-b74e-8599463a4e18] [http-nio-8080-exec-1] c.b.config.logging.HttpLoggingFilter - GET /actuator/health -> 200 (294 ms)
2026-01-19 01:20:35.070 [34mINFO [0;39m [ba00fd0c-f86f-4c10-b74e-8599463a4e18] [http-nio-8080-exec-1] c.b.config.logging.HttpLoggingFilter - Headers: auth=absent content-type=null accept=null
2026-01-19 01:20:35.070 [34mINFO [0;39m [ba00fd0c-f86f-4c10-b74e-8599463a4e18] [http-nio-8080-exec-1] c.b.config.logging.HttpLoggingFilter - Response payload: {"status":"UP","components":{"db":{"status":"UP","details":{"database":"H2","validationQuery":"isValid()"}},"diskSpace":{"status":"UP","details":{"total":511023509504,"free":143717302272,"threshold":10485760,"path":"C:\\Users\\Adarsh\\Downloads\\bharatshop-backend\\.","exists":true}},"ping":{"status":"UP"}}}
2026-01-19 01:20:54.089 [34mINFO [0;39m [8aac223a-922c-4dc9-bae0-1945f8240c55] [http-nio-8080-exec-2] c.b.config.logging.HttpLoggingFilter - GET /actuator/health -> 200 (11 ms)
2026-01-19 01:20:54.090 [34mINFO [0;39m [8aac223a-922c-4dc9-bae0-1945f8240c55] [http-nio-8080-exec-2] c.b.config.logging.HttpLoggingFilter - Headers: auth=absent content-type=null accept=null
2026-01-19 01:20:54.090 [34mINFO [0;39m [8aac223a-922c-4dc9-bae0-1945f8240c55] [http-nio-8080-exec-2] c.b.config.logging.HttpLoggingFilter - Response payload: {"status":"UP","components":{"db":{"status":"UP","details":{"database":"H2","validationQuery":"isValid()"}},"diskSpace":{"status":"UP","details":{"total":511023509504,"free":143716651008,"threshold":10485760,"path":"C:\\Users\\Adarsh\\Downloads\\bharatshop-backend\\.","exists":true}},"ping":{"status":"UP"}}}
2026-01-19 01:23:05.620 [34mINFO [0;39m [159f2a41-31bc-4b19-bd59-a2edb9b1f43b] [http-nio-8080-exec-5] c.b.config.TenantInterceptor - tenant-context: tenant=tenantA method=POST path=/api/auth/send-otp
2026-01-19 01:23:05.673 [34mINFO [0;39m [159f2a41-31bc-4b19-bd59-a2edb9b1f43b] [http-nio-8080-exec-5] com.bharatshop.web.AuthController - OTP send requested: phone=9876543210
2026-01-19 01:23:05.674 [34mINFO [0;39m [159f2a41-31bc-4b19-bd59-a2edb9b1f43b] [http-nio-8080-exec-5] com.bharatshop.service.AuthService - Sending OTP to phone=9876543210
2026-01-19 01:23:05.676 [34mINFO [0;39m [159f2a41-31bc-4b19-bd59-a2edb9b1f43b] [http-nio-8080-exec-5] com.bharatshop.service.AuthService - OTP generated: otpId=0b3b4be0-6df7-465c-91c5-6ea6c3f7a79d expiresAt=1768766105676
2026-01-19 01:23:05.680 [34mINFO [0;39m [159f2a41-31bc-4b19-bd59-a2edb9b1f43b] [http-nio-8080-exec-5] c.b.config.logging.HttpLoggingFilter - POST /api/auth/send-otp -> 200 (61 ms)
2026-01-19 01:23:05.681 [34mINFO [0;39m [159f2a41-31bc-4b19-bd59-a2edb9b1f43b] [http-nio-8080-exec-5] c.b.config.logging.HttpLoggingFilter - Headers: auth=present content-type=application/json accept=*/*
2026-01-19 01:23:05.682 [34mINFO [0;39m [159f2a41-31bc-4b19-bd59-a2edb9b1f43b] [http-nio-8080-exec-5] c.b.config.logging.HttpLoggingFilter - Request payload: {"phone":"9876543210"}
2026-01-19 01:23:05.682 [34mINFO [0;39m [159f2a41-31bc-4b19-bd59-a2edb9b1f43b] [http-nio-8080-exec-5] c.b.config.logging.HttpLoggingFilter - Response payload: {"otp":"671620","ttlSeconds":120,"success":true,"otpId":"0b3b4be0-6df7-465c-91c5-6ea6c3f7a79d"}
2026-01-19 01:23:32.155 [34mINFO [0;39m [ac992bdb-cbec-46e7-b1ec-ce4d40c7b766] [http-nio-8080-exec-6] c.b.config.TenantInterceptor - tenant-context: tenant=tenantA method=POST path=/api/auth/verify-otp
2026-01-19 01:23:32.157 [34mINFO [0;39m [ac992bdb-cbec-46e7-b1ec-ce4d40c7b766] [http-nio-8080-exec-6] com.bharatshop.web.AuthController - OTP verify requested: phone=9876543210 otpPresent=true
2026-01-19 01:23:32.158 [34mINFO [0;39m [ac992bdb-cbec-46e7-b1ec-ce4d40c7b766] [http-nio-8080-exec-6] com.bharatshop.service.AuthService - Verifying OTP for phone=9876543210
2026-01-19 01:23:32.158 [34mINFO [0;39m [ac992bdb-cbec-46e7-b1ec-ce4d40c7b766] [http-nio-8080-exec-6] com.bharatshop.service.AuthService - OTP verification success for phone=9876543210
2026-01-19 01:23:32.158 [34mINFO [0;39m [ac992bdb-cbec-46e7-b1ec-ce4d40c7b766] [http-nio-8080-exec-6] com.bharatshop.service.AuthService - Login (phone) attempt: phone=9876543210
2026-01-19 01:23:32.439 [34mINFO [0;39m [ac992bdb-cbec-46e7-b1ec-ce4d40c7b766] [http-nio-8080-exec-6] com.bharatshop.service.AuthService - Session created: userId=df8197cf-e77d-4f28-8166-28e1723c845c activeRole=CUSTOMER
2026-01-19 01:23:32.440 [34mINFO [0;39m [ac992bdb-cbec-46e7-b1ec-ce4d40c7b766] [http-nio-8080-exec-6] com.bharatshop.service.AuthService - Login (phone) success: userId=df8197cf-e77d-4f28-8166-28e1723c845c token=eyJhbGciOiJIUzI1NiIsInR5cCI6IkpXVCJ9.eyJzdWIiOiJkZjgxOTdjZi1lNzdkLTRmMjgtODE2Ni0yOGUxNzIzYzg0NWMiLCJpc3MiOiJiaGFyYXRzaG9wIiwiYXVkIjoiYmhhcmF0c2hvcC1jbGllbnRzIiwibmFtZSI6IlVzZXIzMjEwIiwicm9sZSI6IkNVU1RPTUVSIiwidGVuYW50SWQiOiJkZWZhdWx0IiwiYWN0aXZlUm9sZSI6IkNVU1RPTUVSIiwicm9sZXMiOlsiQ1VTVE9NRVIiXSwiaWF0IjoxNzY4NzY2MDEyLCJleHAiOjE3Njg3Njk2MTJ9.OBVUws1snkYCDq17T5Y9gcph40C11_197vCdSv2Yox8 activeRole=CUSTOMER 
2026-01-19 01:23:32.450 [34mINFO [0;39m [ac992bdb-cbec-46e7-b1ec-ce4d40c7b766] [http-nio-8080-exec-6] com.bharatshop.web.AuthController - OTP verify success: userId=df8197cf-e77d-4f28-8166-28e1723c845c tokenPresent=true
2026-01-19 01:23:32.454 [34mINFO [0;39m [ac992bdb-cbec-46e7-b1ec-ce4d40c7b766] [http-nio-8080-exec-6] c.b.config.logging.HttpLoggingFilter - POST /api/auth/verify-otp -> 200 (300 ms)
2026-01-19 01:23:32.455 [34mINFO [0;39m [ac992bdb-cbec-46e7-b1ec-ce4d40c7b766] [http-nio-8080-exec-6] c.b.config.logging.HttpLoggingFilter - Headers: auth=present content-type=application/json accept=*/*
2026-01-19 01:23:32.455 [34mINFO [0;39m [ac992bdb-cbec-46e7-b1ec-ce4d40c7b766] [http-nio-8080-exec-6] c.b.config.logging.HttpLoggingFilter - Request payload: {"phone":"9876543210","otp":"671620"}
2026-01-19 01:23:32.455 [34mINFO [0;39m [ac992bdb-cbec-46e7-b1ec-ce4d40c7b766] [http-nio-8080-exec-6] c.b.config.logging.HttpLoggingFilter - Response payload: {"user":{"id":"df8197cf-e77d-4f28-8166-28e1723c845c","name":"User3210","phone":"9876543210","role":"CUSTOMER"},"success":true,"token":"eyJhbGciOiJIUzI1NiIsInR5cCI6IkpXVCJ9.eyJzdWIiOiJkZjgxOTdjZi1lNzdkLTRmMjgtODE2Ni0yOGUxNzIzYzg0NWMiLCJpc3MiOiJiaGFyYXRzaG9wIiwiYXVkIjoiYmhhcmF0c2hvcC1jbGllbnRzIiwibmFtZSI6IlVzZXIzMjEwIiwicm9sZSI6IkNVU1RPTUVSIiwidGVuYW50SWQiOiJkZWZhdWx0IiwiYWN0aXZlUm9sZSI6IkNVU1RPTUVSIiwicm9sZXMiOlsiQ1VTVE9NRVIiXSwiaWF0IjoxNzY4NzY2MDEyLCJleHAiOjE3Njg3Njk2MTJ9.OBVUws1snkYCDq17T5Y9gcph40C11_197vCdSv2Yox8"}
2026-01-19 01:23:32.494 [34mINFO [0;39m [0c4183bd-017a-4f22-8c88-9f7b78c54411] [http-nio-8080-exec-7] c.b.config.TenantInterceptor - tenant-context: tenant=tenantA method=GET path=/api/storefront/stores
2026-01-19 01:23:32.532 [34mINFO [0;39m [0c4183bd-017a-4f22-8c88-9f7b78c54411] [http-nio-8080-exec-7] c.b.web.CustomerStorefrontController - Customer storefront: list stores tenant=tenantA userId=df8197cf-e77d-4f28-8166-28e1723c845c search=null category=null
2026-01-19 01:23:32.547 [1;31mERROR[0;39m [0c4183bd-017a-4f22-8c88-9f7b78c54411] [http-nio-8080-exec-7] com.bharatshop.service.StoreService - [PROOF][STORE_REPO] store.id=09106784-b9e9-455c-8a69-6fcacd9d6c11 source=DB
2026-01-19 01:23:32.548 [1;31mERROR[0;39m [0c4183bd-017a-4f22-8c88-9f7b78c54411] [http-nio-8080-exec-7] com.bharatshop.service.StoreService - [PROOF][STORE_REPO] store.id=961ad265-57f3-4597-9fad-ffde2a966211 source=DB
2026-01-19 01:23:32.549 [1;31mERROR[0;39m [0c4183bd-017a-4f22-8c88-9f7b78c54411] [http-nio-8080-exec-7] com.bharatshop.service.StoreService - [PROOF][STORE_MAP] entity.id=09106784-b9e9-455c-8a69-6fcacd9d6c11 mapped.id=09106784-b9e9-455c-8a69-6fcacd9d6c11
2026-01-19 01:23:32.550 [1;31mERROR[0;39m [0c4183bd-017a-4f22-8c88-9f7b78c54411] [http-nio-8080-exec-7] com.bharatshop.service.StoreService - [PROOF][STORE_MAP] entity.id=961ad265-57f3-4597-9fad-ffde2a966211 mapped.id=961ad265-57f3-4597-9fad-ffde2a966211
2026-01-19 01:23:32.550 [1;31mERROR[0;39m [0c4183bd-017a-4f22-8c88-9f7b78c54411] [http-nio-8080-exec-7] c.b.web.CustomerStorefrontController - [PROOF][STORE_LIST] store.id=961ad265-57f3-4597-9fad-ffde2a966211 tenant=tenantA source=DB
2026-01-19 01:23:32.551 [1;31mERROR[0;39m [0c4183bd-017a-4f22-8c88-9f7b78c54411] [http-nio-8080-exec-7] c.b.web.CustomerStorefrontController - [PROOF][STORE_LIST] store.id=09106784-b9e9-455c-8a69-6fcacd9d6c11 tenant=tenantA source=DB
2026-01-19 01:23:32.562 [34mINFO [0;39m [0c4183bd-017a-4f22-8c88-9f7b78c54411] [http-nio-8080-exec-7] c.b.config.logging.HttpLoggingFilter - GET /api/storefront/stores -> 200 (69 ms)
2026-01-19 01:23:32.562 [34mINFO [0;39m [0c4183bd-017a-4f22-8c88-9f7b78c54411] [http-nio-8080-exec-7] c.b.config.logging.HttpLoggingFilter - Headers: auth=present content-type=application/json accept=*/*
2026-01-19 01:23:32.563 [34mINFO [0;39m [0c4183bd-017a-4f22-8c88-9f7b78c54411] [http-nio-8080-exec-7] c.b.config.logging.HttpLoggingFilter - Response payload: [{"id":"961ad265-57f3-4597-9fad-ffde2a966211","name":"City Pharmacy","area":"Brigade","category":"pharmacy","status":"open","orderingDisabled":false,"updatedAt":"2026-01-18T19:50:17.942885Z"},{"id":"09106784-b9e9-455c-8a69-6fcacd9d6c11","name":"Fresh Mart","area":"MG Road","category":"grocery","status":"open","orderingDisabled":false,"updatedAt":"2026-01-18T19:50:17.829665Z"}]
2026-01-19 01:23:32.581 [34mINFO [0;39m [139c0a0b-7a4d-4e1f-946f-bab01fa2ea50] [http-nio-8080-exec-8] c.b.config.TenantInterceptor - tenant-context: tenant=tenantA method=GET path=/api/storefront/stores
2026-01-19 01:23:32.583 [34mINFO [0;39m [139c0a0b-7a4d-4e1f-946f-bab01fa2ea50] [http-nio-8080-exec-8] c.b.web.CustomerStorefrontController - Customer storefront: list stores tenant=tenantA userId=df8197cf-e77d-4f28-8166-28e1723c845c search=null category=null
2026-01-19 01:23:32.587 [1;31mERROR[0;39m [139c0a0b-7a4d-4e1f-946f-bab01fa2ea50] [http-nio-8080-exec-8] com.bharatshop.service.StoreService - [PROOF][STORE_REPO] store.id=09106784-b9e9-455c-8a69-6fcacd9d6c11 source=DB
2026-01-19 01:23:32.587 [34mINFO [0;39m [3a60ff79-27b2-472f-bcea-c88519881ba0] [http-nio-8080-exec-9] c.b.config.TenantInterceptor - tenant-context: tenant=tenantA method=GET path=/api/storefront/categories
2026-01-19 01:23:32.588 [1;31mERROR[0;39m [139c0a0b-7a4d-4e1f-946f-bab01fa2ea50] [http-nio-8080-exec-8] com.bharatshop.service.StoreService - [PROOF][STORE_REPO] store.id=961ad265-57f3-4597-9fad-ffde2a966211 source=DB
2026-01-19 01:23:32.588 [1;31mERROR[0;39m [139c0a0b-7a4d-4e1f-946f-bab01fa2ea50] [http-nio-8080-exec-8] com.bharatshop.service.StoreService - [PROOF][STORE_MAP] entity.id=09106784-b9e9-455c-8a69-6fcacd9d6c11 mapped.id=09106784-b9e9-455c-8a69-6fcacd9d6c11
2026-01-19 01:23:32.589 [1;31mERROR[0;39m [139c0a0b-7a4d-4e1f-946f-bab01fa2ea50] [http-nio-8080-exec-8] com.bharatshop.service.StoreService - [PROOF][STORE_MAP] entity.id=961ad265-57f3-4597-9fad-ffde2a966211 mapped.id=961ad265-57f3-4597-9fad-ffde2a966211
2026-01-19 01:23:32.589 [1;31mERROR[0;39m [139c0a0b-7a4d-4e1f-946f-bab01fa2ea50] [http-nio-8080-exec-8] c.b.web.CustomerStorefrontController - [PROOF][STORE_LIST] store.id=961ad265-57f3-4597-9fad-ffde2a966211 tenant=tenantA source=DB
2026-01-19 01:23:32.589 [1;31mERROR[0;39m [139c0a0b-7a4d-4e1f-946f-bab01fa2ea50] [http-nio-8080-exec-8] c.b.web.CustomerStorefrontController - [PROOF][STORE_LIST] store.id=09106784-b9e9-455c-8a69-6fcacd9d6c11 tenant=tenantA source=DB
2026-01-19 01:23:32.590 [34mINFO [0;39m [3a60ff79-27b2-472f-bcea-c88519881ba0] [http-nio-8080-exec-9] c.b.web.CustomerStorefrontController - Customer storefront: list categories tenant=tenantA userId=df8197cf-e77d-4f28-8166-28e1723c845c
2026-01-19 01:23:32.591 [34mINFO [0;39m [139c0a0b-7a4d-4e1f-946f-bab01fa2ea50] [http-nio-8080-exec-8] c.b.config.logging.HttpLoggingFilter - GET /api/storefront/stores -> 200 (11 ms)
2026-01-19 01:23:32.592 [34mINFO [0;39m [139c0a0b-7a4d-4e1f-946f-bab01fa2ea50] [http-nio-8080-exec-8] c.b.config.logging.HttpLoggingFilter - Headers: auth=present content-type=application/json accept=*/*
2026-01-19 01:23:32.593 [34mINFO [0;39m [139c0a0b-7a4d-4e1f-946f-bab01fa2ea50] [http-nio-8080-exec-8] c.b.config.logging.HttpLoggingFilter - Response payload: [{"id":"961ad265-57f3-4597-9fad-ffde2a966211","name":"City Pharmacy","area":"Brigade","category":"pharmacy","status":"open","orderingDisabled":false,"updatedAt":"2026-01-18T19:50:17.942885Z"},{"id":"09106784-b9e9-455c-8a69-6fcacd9d6c11","name":"Fresh Mart","area":"MG Road","category":"grocery","status":"open","orderingDisabled":false,"updatedAt":"2026-01-18T19:50:17.829665Z"}]
2026-01-19 01:23:32.601 [34mINFO [0;39m [3a60ff79-27b2-472f-bcea-c88519881ba0] [http-nio-8080-exec-9] c.b.config.logging.HttpLoggingFilter - GET /api/storefront/categories -> 200 (15 ms)
2026-01-19 01:23:32.602 [34mINFO [0;39m [3a60ff79-27b2-472f-bcea-c88519881ba0] [http-nio-8080-exec-9] c.b.config.logging.HttpLoggingFilter - Headers: auth=present content-type=application/json accept=*/*
2026-01-19 01:23:32.602 [34mINFO [0;39m [3a60ff79-27b2-472f-bcea-c88519881ba0] [http-nio-8080-exec-9] c.b.config.logging.HttpLoggingFilter - Response payload: ["dairy","fruits","medicine"]
2026-01-19 01:23:32.616 [34mINFO [0;39m [32e21620-b8ef-488b-952b-750b37266975] [http-nio-8080-exec-10] c.b.config.TenantInterceptor - tenant-context: tenant=tenantA method=GET path=/api/storefront/categories
2026-01-19 01:23:32.617 [34mINFO [0;39m [32e21620-b8ef-488b-952b-750b37266975] [http-nio-8080-exec-10] c.b.web.CustomerStorefrontController - Customer storefront: list categories tenant=tenantA userId=df8197cf-e77d-4f28-8166-28e1723c845c
2026-01-19 01:23:32.623 [34mINFO [0;39m [32e21620-b8ef-488b-952b-750b37266975] [http-nio-8080-exec-10] c.b.config.logging.HttpLoggingFilter - GET /api/storefront/categories -> 200 (8 ms)
2026-01-19 01:23:32.623 [34mINFO [0;39m [32e21620-b8ef-488b-952b-750b37266975] [http-nio-8080-exec-10] c.b.config.logging.HttpLoggingFilter - Headers: auth=present content-type=application/json accept=*/*
2026-01-19 01:23:32.624 [34mINFO [0;39m [32e21620-b8ef-488b-952b-750b37266975] [http-nio-8080-exec-10] c.b.config.logging.HttpLoggingFilter - Response payload: ["dairy","fruits","medicine"]
2026-01-19 01:25:43.258 [34mINFO [0;39m [408557f0-d318-4af3-b995-17abba9197fa] [http-nio-8080-exec-1] c.b.config.TenantInterceptor - tenant-context: tenant=tenantA method=GET path=/api/storefront/stores
2026-01-19 01:25:43.260 [34mINFO [0;39m [408557f0-d318-4af3-b995-17abba9197fa] [http-nio-8080-exec-1] c.b.web.CustomerStorefrontController - Customer storefront: list stores tenant=tenantA userId=df8197cf-e77d-4f28-8166-28e1723c845c search=null category=null
2026-01-19 01:25:43.264 [1;31mERROR[0;39m [408557f0-d318-4af3-b995-17abba9197fa] [http-nio-8080-exec-1] com.bharatshop.service.StoreService - [PROOF][STORE_REPO] store.id=09106784-b9e9-455c-8a69-6fcacd9d6c11 source=DB
2026-01-19 01:25:43.265 [1;31mERROR[0;39m [408557f0-d318-4af3-b995-17abba9197fa] [http-nio-8080-exec-1] com.bharatshop.service.StoreService - [PROOF][STORE_REPO] store.id=961ad265-57f3-4597-9fad-ffde2a966211 source=DB
2026-01-19 01:25:43.266 [1;31mERROR[0;39m [408557f0-d318-4af3-b995-17abba9197fa] [http-nio-8080-exec-1] com.bharatshop.service.StoreService - [PROOF][STORE_MAP] entity.id=09106784-b9e9-455c-8a69-6fcacd9d6c11 mapped.id=09106784-b9e9-455c-8a69-6fcacd9d6c11
2026-01-19 01:25:43.266 [1;31mERROR[0;39m [408557f0-d318-4af3-b995-17abba9197fa] [http-nio-8080-exec-1] com.bharatshop.service.StoreService - [PROOF][STORE_MAP] entity.id=961ad265-57f3-4597-9fad-ffde2a966211 mapped.id=961ad265-57f3-4597-9fad-ffde2a966211
2026-01-19 01:25:43.267 [1;31mERROR[0;39m [408557f0-d318-4af3-b995-17abba9197fa] [http-nio-8080-exec-1] c.b.web.CustomerStorefrontController - [PROOF][STORE_LIST] store.id=961ad265-57f3-4597-9fad-ffde2a966211 tenant=tenantA source=DB
2026-01-19 01:25:43.268 [1;31mERROR[0;39m [408557f0-d318-4af3-b995-17abba9197fa] [http-nio-8080-exec-1] c.b.web.CustomerStorefrontController - [PROOF][STORE_LIST] store.id=09106784-b9e9-455c-8a69-6fcacd9d6c11 tenant=tenantA source=DB
2026-01-19 01:25:43.270 [34mINFO [0;39m [408557f0-d318-4af3-b995-17abba9197fa] [http-nio-8080-exec-1] c.b.config.logging.HttpLoggingFilter - GET /api/storefront/stores -> 200 (12 ms)
2026-01-19 01:25:43.270 [34mINFO [0;39m [408557f0-d318-4af3-b995-17abba9197fa] [http-nio-8080-exec-1] c.b.config.logging.HttpLoggingFilter - Headers: auth=present content-type=application/json accept=*/*
2026-01-19 01:25:43.271 [34mINFO [0;39m [408557f0-d318-4af3-b995-17abba9197fa] [http-nio-8080-exec-1] c.b.config.logging.HttpLoggingFilter - Response payload: [{"id":"961ad265-57f3-4597-9fad-ffde2a966211","name":"City Pharmacy","area":"Brigade","category":"pharmacy","status":"open","orderingDisabled":false,"updatedAt":"2026-01-18T19:50:17.942885Z"},{"id":"09106784-b9e9-455c-8a69-6fcacd9d6c11","name":"Fresh Mart","area":"MG Road","category":"grocery","status":"open","orderingDisabled":false,"updatedAt":"2026-01-18T19:50:17.829665Z"}]
2026-01-19 01:25:43.291 [34mINFO [0;39m [ce66d526-5ec7-47e6-b799-61de61f47522] [http-nio-8080-exec-2] c.b.config.TenantInterceptor - tenant-context: tenant=tenantA method=GET path=/api/storefront/stores
2026-01-19 01:25:43.293 [34mINFO [0;39m [ce66d526-5ec7-47e6-b799-61de61f47522] [http-nio-8080-exec-2] c.b.web.CustomerStorefrontController - Customer storefront: list stores tenant=tenantA userId=df8197cf-e77d-4f28-8166-28e1723c845c search=null category=null
2026-01-19 01:25:43.295 [34mINFO [0;39m [40690bab-ffcf-421b-9b34-4c5959af713a] [http-nio-8080-exec-3] c.b.config.TenantInterceptor - tenant-context: tenant=tenantA method=GET path=/api/storefront/categories
2026-01-19 01:25:43.298 [34mINFO [0;39m [40690bab-ffcf-421b-9b34-4c5959af713a] [http-nio-8080-exec-3] c.b.web.CustomerStorefrontController - Customer storefront: list categories tenant=tenantA userId=df8197cf-e77d-4f28-8166-28e1723c845c
2026-01-19 01:25:43.298 [1;31mERROR[0;39m [ce66d526-5ec7-47e6-b799-61de61f47522] [http-nio-8080-exec-2] com.bharatshop.service.StoreService - [PROOF][STORE_REPO] store.id=09106784-b9e9-455c-8a69-6fcacd9d6c11 source=DB
2026-01-19 01:25:43.298 [1;31mERROR[0;39m [ce66d526-5ec7-47e6-b799-61de61f47522] [http-nio-8080-exec-2] com.bharatshop.service.StoreService - [PROOF][STORE_REPO] store.id=961ad265-57f3-4597-9fad-ffde2a966211 source=DB
2026-01-19 01:25:43.299 [1;31mERROR[0;39m [ce66d526-5ec7-47e6-b799-61de61f47522] [http-nio-8080-exec-2] com.bharatshop.service.StoreService - [PROOF][STORE_MAP] entity.id=09106784-b9e9-455c-8a69-6fcacd9d6c11 mapped.id=09106784-b9e9-455c-8a69-6fcacd9d6c11
2026-01-19 01:25:43.299 [1;31mERROR[0;39m [ce66d526-5ec7-47e6-b799-61de61f47522] [http-nio-8080-exec-2] com.bharatshop.service.StoreService - [PROOF][STORE_MAP] entity.id=961ad265-57f3-4597-9fad-ffde2a966211 mapped.id=961ad265-57f3-4597-9fad-ffde2a966211
2026-01-19 01:25:43.300 [1;31mERROR[0;39m [ce66d526-5ec7-47e6-b799-61de61f47522] [http-nio-8080-exec-2] c.b.web.CustomerStorefrontController - [PROOF][STORE_LIST] store.id=961ad265-57f3-4597-9fad-ffde2a966211 tenant=tenantA source=DB
2026-01-19 01:25:43.300 [1;31mERROR[0;39m [ce66d526-5ec7-47e6-b799-61de61f47522] [http-nio-8080-exec-2] c.b.web.CustomerStorefrontController - [PROOF][STORE_LIST] store.id=09106784-b9e9-455c-8a69-6fcacd9d6c11 tenant=tenantA source=DB
2026-01-19 01:25:43.303 [34mINFO [0;39m [ce66d526-5ec7-47e6-b799-61de61f47522] [http-nio-8080-exec-2] c.b.config.logging.HttpLoggingFilter - GET /api/storefront/stores -> 200 (14 ms)
2026-01-19 01:25:43.303 [34mINFO [0;39m [ce66d526-5ec7-47e6-b799-61de61f47522] [http-nio-8080-exec-2] c.b.config.logging.HttpLoggingFilter - Headers: auth=present content-type=application/json accept=*/*
2026-01-19 01:25:43.304 [34mINFO [0;39m [ce66d526-5ec7-47e6-b799-61de61f47522] [http-nio-8080-exec-2] c.b.config.logging.HttpLoggingFilter - Response payload: [{"id":"961ad265-57f3-4597-9fad-ffde2a966211","name":"City Pharmacy","area":"Brigade","category":"pharmacy","status":"open","orderingDisabled":false,"updatedAt":"2026-01-18T19:50:17.942885Z"},{"id":"09106784-b9e9-455c-8a69-6fcacd9d6c11","name":"Fresh Mart","area":"MG Road","category":"grocery","status":"open","orderingDisabled":false,"updatedAt":"2026-01-18T19:50:17.829665Z"}]
2026-01-19 01:25:43.305 [34mINFO [0;39m [40690bab-ffcf-421b-9b34-4c5959af713a] [http-nio-8080-exec-3] c.b.config.logging.HttpLoggingFilter - GET /api/storefront/categories -> 200 (11 ms)
2026-01-19 01:25:43.307 [34mINFO [0;39m [40690bab-ffcf-421b-9b34-4c5959af713a] [http-nio-8080-exec-3] c.b.config.logging.HttpLoggingFilter - Headers: auth=present content-type=application/json accept=*/*
2026-01-19 01:25:43.307 [34mINFO [0;39m [40690bab-ffcf-421b-9b34-4c5959af713a] [http-nio-8080-exec-3] c.b.config.logging.HttpLoggingFilter - Response payload: ["dairy","fruits","medicine"]
2026-01-19 01:25:43.326 [34mINFO [0;39m [bab60a73-c9cc-4f9f-a2ed-957c2f1d28e4] [http-nio-8080-exec-4] c.b.config.TenantInterceptor - tenant-context: tenant=tenantA method=GET path=/api/storefront/categories
2026-01-19 01:25:43.327 [34mINFO [0;39m [bab60a73-c9cc-4f9f-a2ed-957c2f1d28e4] [http-nio-8080-exec-4] c.b.web.CustomerStorefrontController - Customer storefront: list categories tenant=tenantA userId=df8197cf-e77d-4f28-8166-28e1723c845c
2026-01-19 01:25:43.333 [34mINFO [0;39m [bab60a73-c9cc-4f9f-a2ed-957c2f1d28e4] [http-nio-8080-exec-4] c.b.config.logging.HttpLoggingFilter - GET /api/storefront/categories -> 200 (8 ms)
2026-01-19 01:25:43.334 [34mINFO [0;39m [bab60a73-c9cc-4f9f-a2ed-957c2f1d28e4] [http-nio-8080-exec-4] c.b.config.logging.HttpLoggingFilter - Headers: auth=present content-type=application/json accept=*/*
2026-01-19 01:25:43.334 [34mINFO [0;39m [bab60a73-c9cc-4f9f-a2ed-957c2f1d28e4] [http-nio-8080-exec-4] c.b.config.logging.HttpLoggingFilter - Response payload: ["dairy","fruits","medicine"]
2026-01-19 01:38:04.791 [34mINFO [0;39m [] [SpringApplicationShutdownHook] o.s.o.j.LocalContainerEntityManagerFactoryBean - Closing JPA EntityManagerFactory for persistence unit 'default'
2026-01-19 01:38:04.803 [34mINFO [0;39m [] [SpringApplicationShutdownHook] com.zaxxer.hikari.HikariDataSource - HikariPool-1 - Shutdown initiated...
2026-01-19 01:38:04.815 [34mINFO [0;39m [] [SpringApplicationShutdownHook] com.zaxxer.hikari.HikariDataSource - HikariPool-1 - Shutdown completed.
2026-01-19 01:38:52.627 [34mINFO [0;39m [] [main] c.bharatshop.BharatshopApplication - Starting BharatshopApplication using Java 17.0.12 with PID 60856 (C:\Users\Adarsh\Downloads\bharatshop-backend\target\bharatshop-backend-0.0.1-SNAPSHOT.jar started by Adarsh in C:\Users\Adarsh\Downloads\bharatshop-backend)
2026-01-19 01:38:52.631 [39mDEBUG[0;39m [] [main] c.bharatshop.BharatshopApplication - Running with Spring Boot v3.3.4, Spring v6.1.13
2026-01-19 01:38:52.634 [34mINFO [0;39m [] [main] c.bharatshop.BharatshopApplication - The following 1 profile is active: "mysql"
2026-01-19 01:38:56.042 [34mINFO [0;39m [] [main] o.s.d.r.c.RepositoryConfigurationDelegate - Bootstrapping Spring Data JPA repositories in DEFAULT mode.
2026-01-19 01:38:56.273 [34mINFO [0;39m [] [main] o.s.d.r.c.RepositoryConfigurationDelegate - Finished Spring Data repository scanning in 213 ms. Found 20 JPA repository interfaces.
2026-01-19 01:38:58.745 [34mINFO [0;39m [] [main] o.s.b.w.e.tomcat.TomcatWebServer - Tomcat initialized with port 8080 (http)
2026-01-19 01:38:58.765 [34mINFO [0;39m [] [main] o.a.coyote.http11.Http11NioProtocol - Initializing ProtocolHandler ["http-nio-8080"]
2026-01-19 01:38:58.773 [34mINFO [0;39m [] [main] o.a.catalina.core.StandardService - Starting service [Tomcat]
2026-01-19 01:38:58.774 [34mINFO [0;39m [] [main] o.a.catalina.core.StandardEngine - Starting Servlet engine: [Apache Tomcat/10.1.30]
2026-01-19 01:38:58.869 [34mINFO [0;39m [] [main] o.a.c.c.C.[Tomcat].[localhost].[/] - Initializing Spring embedded WebApplicationContext
2026-01-19 01:38:58.870 [34mINFO [0;39m [] [main] o.s.b.w.s.c.ServletWebServerApplicationContext - Root WebApplicationContext: initialization completed in 6142 ms
2026-01-19 01:39:00.850 [34mINFO [0;39m [] [main] o.s.o.j.p.SpringPersistenceUnitInfo - No LoadTimeWeaver setup: ignoring JPA class transformer
2026-01-19 01:39:00.933 [34mINFO [0;39m [] [main] com.zaxxer.hikari.HikariDataSource - HikariPool-1 - Starting...
2026-01-19 01:39:01.367 [34mINFO [0;39m [] [main] com.zaxxer.hikari.pool.HikariPool - HikariPool-1 - Added connection com.mysql.cj.jdbc.ConnectionImpl@768e40af
2026-01-19 01:39:01.374 [34mINFO [0;39m [] [main] com.zaxxer.hikari.HikariDataSource - HikariPool-1 - Start completed.
2026-01-19 01:39:04.344 [34mINFO [0;39m [] [main] o.s.o.j.LocalContainerEntityManagerFactoryBean - Initialized JPA EntityManagerFactory for persistence unit 'default'
2026-01-19 01:39:05.257 [34mINFO [0;39m [] [main] o.s.d.j.r.query.QueryEnhancerFactory - Hibernate is in classpath; If applicable, HQL parser will be used.
2026-01-19 01:39:06.301 [39mDEBUG[0;39m [] [main] c.b.c.logging.CorrelationIdFilter - Filter 'correlationIdFilter' configured for use
2026-01-19 01:39:06.302 [39mDEBUG[0;39m [] [main] c.b.config.logging.HttpLoggingFilter - Filter 'httpLoggingFilter' configured for use
2026-01-19 01:39:06.312 [39mDEBUG[0;39m [] [main] com.bharatshop.config.TenantFilter - Filter 'tenantFilter' configured for use
2026-01-19 01:39:06.313 [39mDEBUG[0;39m [] [main] c.b.security.TokenAuthFilter - Filter 'tokenAuthFilter' configured for use
2026-01-19 01:39:06.323 [39mDEBUG[0;39m [] [main] c.b.config.IdempotencyFilter - Filter 'idempotencyFilter' configured for use
2026-01-19 01:39:06.364 [34mINFO [0;39m [] [main] c.b.config.DatabaseIdentityLogger - [PROFILES] active=mysql
2026-01-19 01:39:06.368 [34mINFO [0;39m [] [main] c.b.config.DatabaseIdentityLogger - [DB] url=jdbc:mysql://localhost:3306/bharatshop?createDatabaseIfNotExist=true&useSSL=false&allowPublicKeyRetrieval=true&serverTimezone=UTC schema=null user=root@localhost catalog=bharatshop
2026-01-19 01:39:09.066 [31mWARN [0;39m [] [main] o.s.b.a.o.j.JpaBaseConfiguration$JpaWebConfiguration - spring.jpa.open-in-view is enabled by default. Therefore, database queries may be performed during view rendering. Explicitly configure spring.jpa.open-in-view to disable this warning
2026-01-19 01:39:09.146 [31mWARN [0;39m [] [main] o.s.b.a.s.s.UserDetailsServiceAutoConfiguration - 

Using generated security password: 0ccd3b28-6c74-47df-9a80-091c2f11ab91

This generated password is for development use only. Your security configuration must be updated before running your application in production.

2026-01-19 01:39:09.171 [34mINFO [0;39m [] [main] o.s.s.c.a.a.c.InitializeUserDetailsBeanManagerConfigurer$InitializeUserDetailsManagerConfigurer - Global AuthenticationManager configured with UserDetailsService bean with name inMemoryUserDetailsManager
2026-01-19 01:39:10.369 [34mINFO [0;39m [] [main] o.s.b.a.e.web.EndpointLinksResolver - Exposing 4 endpoints beneath base path '/actuator'
2026-01-19 01:39:11.800 [34mINFO [0;39m [] [main] o.a.coyote.http11.Http11NioProtocol - Starting ProtocolHandler ["http-nio-8080"]
2026-01-19 01:39:11.861 [34mINFO [0;39m [] [main] o.s.b.w.e.tomcat.TomcatWebServer - Tomcat started on port 8080 (http) with context path '/'
2026-01-19 01:39:11.891 [34mINFO [0;39m [] [main] c.bharatshop.BharatshopApplication - Started BharatshopApplication in 20.853 seconds (process running for 22.04)
2026-01-19 01:39:12.083 [34mINFO [0;39m [] [main] c.b.devtools.TenantDataInspector - TENANT CHECK: DISTINCT store tenants=[tenantA] DISTINCT product tenants=[tenantA] 
2026-01-19 01:39:12.084 [34mINFO [0;39m [] [main] c.b.devtools.TenantDataInspector - TENANT CHECK: COUNT(stores, tenantA)=9 COUNT(products, tenantA)=15
2026-01-19 01:39:12.415 [1;31mERROR[0;39m [] [main] com.bharatshop.service.StoreService - [PROOF][STORE_MAP] entity.id=90e791d5-27d3-4330-b834-48510b7dea41 mapped.id=90e791d5-27d3-4330-b834-48510b7dea41
2026-01-19 01:39:12.434 [1;31mERROR[0;39m [] [main] com.bharatshop.service.StoreService - [PROOF][STORE_MAP] entity.id=7bcf0556-b5ba-4df8-9196-1d24f45488c0 mapped.id=7bcf0556-b5ba-4df8-9196-1d24f45488c0
2026-01-19 01:39:12.502 [34mINFO [0;39m [] [main] c.b.devtools.TenantDataNormalizer - TENANT NORMALIZE: updated stores=2 updated products=3 (NULL/default -> tenantA)
2026-01-19 01:39:46.666 [34mINFO [0;39m [] [SpringApplicationShutdownHook] o.s.o.j.LocalContainerEntityManagerFactoryBean - Closing JPA EntityManagerFactory for persistence unit 'default'
2026-01-19 01:39:46.670 [34mINFO [0;39m [] [SpringApplicationShutdownHook] com.zaxxer.hikari.HikariDataSource - HikariPool-1 - Shutdown initiated...
2026-01-19 01:39:46.692 [34mINFO [0;39m [] [SpringApplicationShutdownHook] com.zaxxer.hikari.HikariDataSource - HikariPool-1 - Shutdown completed.
2026-01-19 01:43:19.066 [34mINFO [0;39m [] [main] c.bharatshop.BharatshopApplication - Starting BharatshopApplication using Java 17.0.12 with PID 17452 (C:\Users\Adarsh\Downloads\bharatshop-backend\target\bharatshop-backend-0.0.1-SNAPSHOT.jar started by Adarsh in C:\Users\Adarsh\Downloads\bharatshop-backend)
2026-01-19 01:43:19.071 [39mDEBUG[0;39m [] [main] c.bharatshop.BharatshopApplication - Running with Spring Boot v3.3.4, Spring v6.1.13
2026-01-19 01:43:19.072 [34mINFO [0;39m [] [main] c.bharatshop.BharatshopApplication - The following 1 profile is active: "mysql"
2026-01-19 01:43:22.313 [34mINFO [0;39m [] [main] o.s.d.r.c.RepositoryConfigurationDelegate - Bootstrapping Spring Data JPA repositories in DEFAULT mode.
2026-01-19 01:43:22.522 [34mINFO [0;39m [] [main] o.s.d.r.c.RepositoryConfigurationDelegate - Finished Spring Data repository scanning in 193 ms. Found 20 JPA repository interfaces.
2026-01-19 01:43:24.924 [34mINFO [0;39m [] [main] o.s.b.w.e.tomcat.TomcatWebServer - Tomcat initialized with port 8080 (http)
2026-01-19 01:43:24.946 [34mINFO [0;39m [] [main] o.a.coyote.http11.Http11NioProtocol - Initializing ProtocolHandler ["http-nio-8080"]
2026-01-19 01:43:24.953 [34mINFO [0;39m [] [main] o.a.catalina.core.StandardService - Starting service [Tomcat]
2026-01-19 01:43:24.955 [34mINFO [0;39m [] [main] o.a.catalina.core.StandardEngine - Starting Servlet engine: [Apache Tomcat/10.1.30]
2026-01-19 01:43:25.058 [34mINFO [0;39m [] [main] o.a.c.c.C.[Tomcat].[localhost].[/] - Initializing Spring embedded WebApplicationContext
2026-01-19 01:43:25.060 [34mINFO [0;39m [] [main] o.s.b.w.s.c.ServletWebServerApplicationContext - Root WebApplicationContext: initialization completed in 5875 ms
2026-01-19 01:43:27.025 [34mINFO [0;39m [] [main] o.s.o.j.p.SpringPersistenceUnitInfo - No LoadTimeWeaver setup: ignoring JPA class transformer
2026-01-19 01:43:27.114 [34mINFO [0;39m [] [main] com.zaxxer.hikari.HikariDataSource - HikariPool-1 - Starting...
2026-01-19 01:43:27.512 [34mINFO [0;39m [] [main] com.zaxxer.hikari.pool.HikariPool - HikariPool-1 - Added connection com.mysql.cj.jdbc.ConnectionImpl@452e2210
2026-01-19 01:43:27.516 [34mINFO [0;39m [] [main] com.zaxxer.hikari.HikariDataSource - HikariPool-1 - Start completed.
2026-01-19 01:43:30.706 [34mINFO [0;39m [] [main] o.s.o.j.LocalContainerEntityManagerFactoryBean - Initialized JPA EntityManagerFactory for persistence unit 'default'
2026-01-19 01:43:31.580 [34mINFO [0;39m [] [main] o.s.d.j.r.query.QueryEnhancerFactory - Hibernate is in classpath; If applicable, HQL parser will be used.
2026-01-19 01:43:32.561 [39mDEBUG[0;39m [] [main] c.b.c.logging.CorrelationIdFilter - Filter 'correlationIdFilter' configured for use
2026-01-19 01:43:32.562 [39mDEBUG[0;39m [] [main] c.b.config.logging.HttpLoggingFilter - Filter 'httpLoggingFilter' configured for use
2026-01-19 01:43:32.567 [39mDEBUG[0;39m [] [main] com.bharatshop.config.TenantFilter - Filter 'tenantFilter' configured for use
2026-01-19 01:43:32.568 [39mDEBUG[0;39m [] [main] c.b.security.TokenAuthFilter - Filter 'tokenAuthFilter' configured for use
2026-01-19 01:43:32.572 [39mDEBUG[0;39m [] [main] c.b.config.IdempotencyFilter - Filter 'idempotencyFilter' configured for use
2026-01-19 01:43:32.611 [34mINFO [0;39m [] [main] c.b.config.DatabaseIdentityLogger - [PROFILES] active=mysql
2026-01-19 01:43:32.614 [34mINFO [0;39m [] [main] c.b.config.DatabaseIdentityLogger - [DB] url=jdbc:mysql://localhost:3306/bharatshop?createDatabaseIfNotExist=true&useSSL=false&allowPublicKeyRetrieval=true&serverTimezone=UTC schema=null user=root@localhost catalog=bharatshop
2026-01-19 01:43:35.505 [31mWARN [0;39m [] [main] o.s.b.a.o.j.JpaBaseConfiguration$JpaWebConfiguration - spring.jpa.open-in-view is enabled by default. Therefore, database queries may be performed during view rendering. Explicitly configure spring.jpa.open-in-view to disable this warning
2026-01-19 01:43:35.580 [31mWARN [0;39m [] [main] o.s.b.a.s.s.UserDetailsServiceAutoConfiguration - 

Using generated security password: bb5d82f0-736e-4a0f-ac03-917617ef5569

This generated password is for development use only. Your security configuration must be updated before running your application in production.

2026-01-19 01:43:35.604 [34mINFO [0;39m [] [main] o.s.s.c.a.a.c.InitializeUserDetailsBeanManagerConfigurer$InitializeUserDetailsManagerConfigurer - Global AuthenticationManager configured with UserDetailsService bean with name inMemoryUserDetailsManager
2026-01-19 01:43:36.800 [34mINFO [0;39m [] [main] o.s.b.a.e.web.EndpointLinksResolver - Exposing 4 endpoints beneath base path '/actuator'
2026-01-19 01:43:38.230 [34mINFO [0;39m [] [main] o.a.coyote.http11.Http11NioProtocol - Starting ProtocolHandler ["http-nio-8080"]
2026-01-19 01:43:38.290 [34mINFO [0;39m [] [main] o.s.b.w.e.tomcat.TomcatWebServer - Tomcat started on port 8080 (http) with context path '/'
2026-01-19 01:43:38.324 [34mINFO [0;39m [] [main] c.bharatshop.BharatshopApplication - Started BharatshopApplication in 20.996 seconds (process running for 22.335)
2026-01-19 01:43:38.658 [1;31mERROR[0;39m [] [main] com.bharatshop.service.StoreService - [PROOF][STORE_MAP] entity.id=aee5f433-686e-45bb-be6b-2160a9267cb2 mapped.id=aee5f433-686e-45bb-be6b-2160a9267cb2
2026-01-19 01:43:38.673 [1;31mERROR[0;39m [] [main] com.bharatshop.service.StoreService - [PROOF][STORE_MAP] entity.id=63a5a059-9fb3-4f8e-9b44-b1d3ebf7e683 mapped.id=63a5a059-9fb3-4f8e-9b44-b1d3ebf7e683
2026-01-19 01:43:38.737 [34mINFO [0;39m [] [main] c.b.devtools.TenantDataInspector - TENANT CHECK: DISTINCT store tenants=[tenantA, default] DISTINCT product tenants=[default, tenantA] 
2026-01-19 01:43:38.737 [34mINFO [0;39m [] [main] c.b.devtools.TenantDataInspector - TENANT CHECK: COUNT(stores, tenantA)=11 COUNT(products, tenantA)=18
2026-01-19 01:43:38.747 [34mINFO [0;39m [] [main] c.b.devtools.TenantDataNormalizer - TENANT NORMALIZE: updated stores=2 updated products=3 (NULL/default -> tenantA)
2026-01-19 01:43:43.458 [34mINFO [0;39m [] [http-nio-8080-exec-1] o.a.c.c.C.[Tomcat].[localhost].[/] - Initializing Spring DispatcherServlet 'dispatcherServlet'
2026-01-19 01:43:43.459 [34mINFO [0;39m [] [http-nio-8080-exec-1] o.s.web.servlet.DispatcherServlet - Initializing Servlet 'dispatcherServlet'
2026-01-19 01:43:43.463 [34mINFO [0;39m [] [http-nio-8080-exec-1] o.s.web.servlet.DispatcherServlet - Completed initialization in 3 ms
2026-01-19 01:43:43.652 [34mINFO [0;39m [24891249-af23-411c-b7a8-921ec3305b0b] [http-nio-8080-exec-1] c.b.config.logging.HttpLoggingFilter - GET /?ide_webview_request_time=1768756291848 -> 404 (47 ms)
2026-01-19 01:43:43.655 [34mINFO [0;39m [24891249-af23-411c-b7a8-921ec3305b0b] [http-nio-8080-exec-1] c.b.config.logging.HttpLoggingFilter - Headers: auth=absent content-type=null accept=text/html,application/xhtml+xml,application/xml;q=0.9,image/avif,image/webp,image/apng,*/*;q=0.8,application/signed-exchange;v=b3;q=0.7
2026-01-19 01:43:43.820 [31mWARN [0;39m [] [http-nio-8080-exec-1] o.a.c.util.SessionIdGeneratorBase - Creation of SecureRandom instance for session ID generation using [SHA1PRNG] took [104] milliseconds.
2026-01-19 01:44:32.525 [34mINFO [0;39m [3db093d9-70d2-46f1-b309-df491593c49e] [http-nio-8080-exec-3] c.b.config.TenantInterceptor - tenant-context: tenant=tenantA method=GET path=/api/storefront/stores
2026-01-19 01:44:32.592 [34mINFO [0;39m [3db093d9-70d2-46f1-b309-df491593c49e] [http-nio-8080-exec-3] c.b.web.CustomerStorefrontController - Customer storefront: list stores tenant=tenantA userId=df8197cf-e77d-4f28-8166-28e1723c845c search=null category=null
2026-01-19 01:44:32.737 [34mINFO [0;39m [3db093d9-70d2-46f1-b309-df491593c49e] [http-nio-8080-exec-3] c.b.logging.RepositoryLoggingAspect - [REPO_CALL] table=stores tenant=tenantA ids=[24ab445b-351b-441e-b886-7e6b905c269b, 33b16e50-5c33-4fc8-b546-8c796895cf49, 3ce3b1bf-7c55-4fa5-bbe3-f45f8a93c67a, 63a5a059-9fb3-4f8e-9b44-b1d3ebf7e683, 68a008cd-6b10-4e48-b036-e3d752230378, 7bcf0556-b5ba-4df8-9196-1d24f45488c0, 871a0bfe-570b-44ed-b7c4-ef60b2d18cf1, 90e791d5-27d3-4330-b834-48510b7dea41, 9a0c37d7-50b9-462e-a551-dcdd782d8a5f, aee5f433-686e-45bb-be6b-2160a9267cb2, b585adf9-d1e7-41be-ba0f-179581c84259, ce9a05aa-7780-4da8-a071-1039ff4b1e4f, storeA]
2026-01-19 01:44:32.738 [1;31mERROR[0;39m [3db093d9-70d2-46f1-b309-df491593c49e] [http-nio-8080-exec-3] com.bharatshop.service.StoreService - [PROOF][STORE_REPO] store.id=24ab445b-351b-441e-b886-7e6b905c269b source=DB
2026-01-19 01:44:32.738 [1;31mERROR[0;39m [3db093d9-70d2-46f1-b309-df491593c49e] [http-nio-8080-exec-3] com.bharatshop.service.StoreService - [PROOF][STORE_REPO] store.id=33b16e50-5c33-4fc8-b546-8c796895cf49 source=DB
2026-01-19 01:44:32.738 [1;31mERROR[0;39m [3db093d9-70d2-46f1-b309-df491593c49e] [http-nio-8080-exec-3] com.bharatshop.service.StoreService - [PROOF][STORE_REPO] store.id=3ce3b1bf-7c55-4fa5-bbe3-f45f8a93c67a source=DB
2026-01-19 01:44:32.739 [1;31mERROR[0;39m [3db093d9-70d2-46f1-b309-df491593c49e] [http-nio-8080-exec-3] com.bharatshop.service.StoreService - [PROOF][STORE_REPO] store.id=63a5a059-9fb3-4f8e-9b44-b1d3ebf7e683 source=DB
2026-01-19 01:44:32.739 [1;31mERROR[0;39m [3db093d9-70d2-46f1-b309-df491593c49e] [http-nio-8080-exec-3] com.bharatshop.service.StoreService - [PROOF][STORE_REPO] store.id=68a008cd-6b10-4e48-b036-e3d752230378 source=DB
2026-01-19 01:44:32.739 [1;31mERROR[0;39m [3db093d9-70d2-46f1-b309-df491593c49e] [http-nio-8080-exec-3] com.bharatshop.service.StoreService - [PROOF][STORE_REPO] store.id=7bcf0556-b5ba-4df8-9196-1d24f45488c0 source=DB
2026-01-19 01:44:32.740 [1;31mERROR[0;39m [3db093d9-70d2-46f1-b309-df491593c49e] [http-nio-8080-exec-3] com.bharatshop.service.StoreService - [PROOF][STORE_REPO] store.id=871a0bfe-570b-44ed-b7c4-ef60b2d18cf1 source=DB
2026-01-19 01:44:32.740 [1;31mERROR[0;39m [3db093d9-70d2-46f1-b309-df491593c49e] [http-nio-8080-exec-3] com.bharatshop.service.StoreService - [PROOF][STORE_REPO] store.id=90e791d5-27d3-4330-b834-48510b7dea41 source=DB
2026-01-19 01:44:32.740 [1;31mERROR[0;39m [3db093d9-70d2-46f1-b309-df491593c49e] [http-nio-8080-exec-3] com.bharatshop.service.StoreService - [PROOF][STORE_REPO] store.id=9a0c37d7-50b9-462e-a551-dcdd782d8a5f source=DB
2026-01-19 01:44:32.740 [1;31mERROR[0;39m [3db093d9-70d2-46f1-b309-df491593c49e] [http-nio-8080-exec-3] com.bharatshop.service.StoreService - [PROOF][STORE_REPO] store.id=aee5f433-686e-45bb-be6b-2160a9267cb2 source=DB
2026-01-19 01:44:32.741 [1;31mERROR[0;39m [3db093d9-70d2-46f1-b309-df491593c49e] [http-nio-8080-exec-3] com.bharatshop.service.StoreService - [PROOF][STORE_REPO] store.id=b585adf9-d1e7-41be-ba0f-179581c84259 source=DB
2026-01-19 01:44:32.741 [1;31mERROR[0;39m [3db093d9-70d2-46f1-b309-df491593c49e] [http-nio-8080-exec-3] com.bharatshop.service.StoreService - [PROOF][STORE_REPO] store.id=ce9a05aa-7780-4da8-a071-1039ff4b1e4f source=DB
2026-01-19 01:44:32.741 [1;31mERROR[0;39m [3db093d9-70d2-46f1-b309-df491593c49e] [http-nio-8080-exec-3] com.bharatshop.service.StoreService - [PROOF][STORE_REPO] store.id=storeA source=DB
2026-01-19 01:44:32.743 [1;31mERROR[0;39m [3db093d9-70d2-46f1-b309-df491593c49e] [http-nio-8080-exec-3] com.bharatshop.service.StoreService - [PROOF][STORE_MAP] entity.id=24ab445b-351b-441e-b886-7e6b905c269b mapped.id=24ab445b-351b-441e-b886-7e6b905c269b
2026-01-19 01:44:32.744 [1;31mERROR[0;39m [3db093d9-70d2-46f1-b309-df491593c49e] [http-nio-8080-exec-3] com.bharatshop.service.StoreService - [PROOF][STORE_MAP] entity.id=33b16e50-5c33-4fc8-b546-8c796895cf49 mapped.id=33b16e50-5c33-4fc8-b546-8c796895cf49
2026-01-19 01:44:32.744 [1;31mERROR[0;39m [3db093d9-70d2-46f1-b309-df491593c49e] [http-nio-8080-exec-3] com.bharatshop.service.StoreService - [PROOF][STORE_MAP] entity.id=3ce3b1bf-7c55-4fa5-bbe3-f45f8a93c67a mapped.id=3ce3b1bf-7c55-4fa5-bbe3-f45f8a93c67a
2026-01-19 01:44:32.745 [1;31mERROR[0;39m [3db093d9-70d2-46f1-b309-df491593c49e] [http-nio-8080-exec-3] com.bharatshop.service.StoreService - [PROOF][STORE_MAP] entity.id=63a5a059-9fb3-4f8e-9b44-b1d3ebf7e683 mapped.id=63a5a059-9fb3-4f8e-9b44-b1d3ebf7e683
2026-01-19 01:44:32.745 [1;31mERROR[0;39m [3db093d9-70d2-46f1-b309-df491593c49e] [http-nio-8080-exec-3] com.bharatshop.service.StoreService - [PROOF][STORE_MAP] entity.id=68a008cd-6b10-4e48-b036-e3d752230378 mapped.id=68a008cd-6b10-4e48-b036-e3d752230378
2026-01-19 01:44:32.745 [1;31mERROR[0;39m [3db093d9-70d2-46f1-b309-df491593c49e] [http-nio-8080-exec-3] com.bharatshop.service.StoreService - [PROOF][STORE_MAP] entity.id=7bcf0556-b5ba-4df8-9196-1d24f45488c0 mapped.id=7bcf0556-b5ba-4df8-9196-1d24f45488c0
2026-01-19 01:44:32.746 [1;31mERROR[0;39m [3db093d9-70d2-46f1-b309-df491593c49e] [http-nio-8080-exec-3] com.bharatshop.service.StoreService - [PROOF][STORE_MAP] entity.id=871a0bfe-570b-44ed-b7c4-ef60b2d18cf1 mapped.id=871a0bfe-570b-44ed-b7c4-ef60b2d18cf1
2026-01-19 01:44:32.746 [1;31mERROR[0;39m [3db093d9-70d2-46f1-b309-df491593c49e] [http-nio-8080-exec-3] com.bharatshop.service.StoreService - [PROOF][STORE_MAP] entity.id=90e791d5-27d3-4330-b834-48510b7dea41 mapped.id=90e791d5-27d3-4330-b834-48510b7dea41
2026-01-19 01:44:32.746 [1;31mERROR[0;39m [3db093d9-70d2-46f1-b309-df491593c49e] [http-nio-8080-exec-3] com.bharatshop.service.StoreService - [PROOF][STORE_MAP] entity.id=9a0c37d7-50b9-462e-a551-dcdd782d8a5f mapped.id=9a0c37d7-50b9-462e-a551-dcdd782d8a5f
2026-01-19 01:44:32.747 [1;31mERROR[0;39m [3db093d9-70d2-46f1-b309-df491593c49e] [http-nio-8080-exec-3] com.bharatshop.service.StoreService - [PROOF][STORE_MAP] entity.id=aee5f433-686e-45bb-be6b-2160a9267cb2 mapped.id=aee5f433-686e-45bb-be6b-2160a9267cb2
2026-01-19 01:44:32.747 [1;31mERROR[0;39m [3db093d9-70d2-46f1-b309-df491593c49e] [http-nio-8080-exec-3] com.bharatshop.service.StoreService - [PROOF][STORE_MAP] entity.id=b585adf9-d1e7-41be-ba0f-179581c84259 mapped.id=b585adf9-d1e7-41be-ba0f-179581c84259
2026-01-19 01:44:32.747 [1;31mERROR[0;39m [3db093d9-70d2-46f1-b309-df491593c49e] [http-nio-8080-exec-3] com.bharatshop.service.StoreService - [PROOF][STORE_MAP] entity.id=ce9a05aa-7780-4da8-a071-1039ff4b1e4f mapped.id=ce9a05aa-7780-4da8-a071-1039ff4b1e4f
2026-01-19 01:44:32.747 [1;31mERROR[0;39m [3db093d9-70d2-46f1-b309-df491593c49e] [http-nio-8080-exec-3] com.bharatshop.service.StoreService - [PROOF][STORE_MAP] entity.id=storeA mapped.id=storeA
2026-01-19 01:44:32.749 [1;31mERROR[0;39m [3db093d9-70d2-46f1-b309-df491593c49e] [http-nio-8080-exec-3] c.b.web.CustomerStorefrontController - [PROOF][STORE_LIST] store.id=storeA tenant=tenantA source=DB
2026-01-19 01:44:32.749 [1;31mERROR[0;39m [3db093d9-70d2-46f1-b309-df491593c49e] [http-nio-8080-exec-3] c.b.web.CustomerStorefrontController - [PROOF][STORE_LIST] store.id=33b16e50-5c33-4fc8-b546-8c796895cf49 tenant=tenantA source=DB
2026-01-19 01:44:32.749 [1;31mERROR[0;39m [3db093d9-70d2-46f1-b309-df491593c49e] [http-nio-8080-exec-3] c.b.web.CustomerStorefrontController - [PROOF][STORE_LIST] store.id=63a5a059-9fb3-4f8e-9b44-b1d3ebf7e683 tenant=tenantA source=DB
2026-01-19 01:44:32.750 [1;31mERROR[0;39m [3db093d9-70d2-46f1-b309-df491593c49e] [http-nio-8080-exec-3] c.b.web.CustomerStorefrontController - [PROOF][STORE_LIST] store.id=68a008cd-6b10-4e48-b036-e3d752230378 tenant=tenantA source=DB
2026-01-19 01:44:32.750 [1;31mERROR[0;39m [3db093d9-70d2-46f1-b309-df491593c49e] [http-nio-8080-exec-3] c.b.web.CustomerStorefrontController - [PROOF][STORE_LIST] store.id=7bcf0556-b5ba-4df8-9196-1d24f45488c0 tenant=tenantA source=DB
2026-01-19 01:44:32.750 [1;31mERROR[0;39m [3db093d9-70d2-46f1-b309-df491593c49e] [http-nio-8080-exec-3] c.b.web.CustomerStorefrontController - [PROOF][STORE_LIST] store.id=9a0c37d7-50b9-462e-a551-dcdd782d8a5f tenant=tenantA source=DB
2026-01-19 01:44:32.751 [1;31mERROR[0;39m [3db093d9-70d2-46f1-b309-df491593c49e] [http-nio-8080-exec-3] c.b.web.CustomerStorefrontController - [PROOF][STORE_LIST] store.id=b585adf9-d1e7-41be-ba0f-179581c84259 tenant=tenantA source=DB
2026-01-19 01:44:32.751 [1;31mERROR[0;39m [3db093d9-70d2-46f1-b309-df491593c49e] [http-nio-8080-exec-3] c.b.web.CustomerStorefrontController - [PROOF][STORE_LIST] store.id=24ab445b-351b-441e-b886-7e6b905c269b tenant=tenantA source=DB
2026-01-19 01:44:32.751 [1;31mERROR[0;39m [3db093d9-70d2-46f1-b309-df491593c49e] [http-nio-8080-exec-3] c.b.web.CustomerStorefrontController - [PROOF][STORE_LIST] store.id=3ce3b1bf-7c55-4fa5-bbe3-f45f8a93c67a tenant=tenantA source=DB
2026-01-19 01:44:32.752 [1;31mERROR[0;39m [3db093d9-70d2-46f1-b309-df491593c49e] [http-nio-8080-exec-3] c.b.web.CustomerStorefrontController - [PROOF][STORE_LIST] store.id=871a0bfe-570b-44ed-b7c4-ef60b2d18cf1 tenant=tenantA source=DB
2026-01-19 01:44:32.752 [1;31mERROR[0;39m [3db093d9-70d2-46f1-b309-df491593c49e] [http-nio-8080-exec-3] c.b.web.CustomerStorefrontController - [PROOF][STORE_LIST] store.id=90e791d5-27d3-4330-b834-48510b7dea41 tenant=tenantA source=DB
2026-01-19 01:44:32.752 [1;31mERROR[0;39m [3db093d9-70d2-46f1-b309-df491593c49e] [http-nio-8080-exec-3] c.b.web.CustomerStorefrontController - [PROOF][STORE_LIST] store.id=aee5f433-686e-45bb-be6b-2160a9267cb2 tenant=tenantA source=DB
2026-01-19 01:44:32.753 [1;31mERROR[0;39m [3db093d9-70d2-46f1-b309-df491593c49e] [http-nio-8080-exec-3] c.b.web.CustomerStorefrontController - [PROOF][STORE_LIST] store.id=ce9a05aa-7780-4da8-a071-1039ff4b1e4f tenant=tenantA source=DB
2026-01-19 01:44:32.929 [34mINFO [0;39m [3db093d9-70d2-46f1-b309-df491593c49e] [http-nio-8080-exec-3] c.b.config.logging.HttpLoggingFilter - GET /api/storefront/stores -> 200 (405 ms)
2026-01-19 01:44:32.931 [34mINFO [0;39m [3db093d9-70d2-46f1-b309-df491593c49e] [http-nio-8080-exec-3] c.b.config.logging.HttpLoggingFilter - Headers: auth=present content-type=application/json accept=*/*
2026-01-19 01:44:32.931 [34mINFO [0;39m [3db093d9-70d2-46f1-b309-df491593c49e] [http-nio-8080-exec-3] c.b.config.logging.HttpLoggingFilter - Response payload: [{"id":"storeA","name":"Alpha Kirana Store","area":"Connaught Place","category":"grocery","ownerId":null,"ownerPhone":"9000000002","products":null,"status":"open","orderingDisabled":false,"closedReason":null,"closedUntil":null,"logo":null,"updatedAt":"2026-01-16T00:06:49Z"},{"id":"33b16e50-5c33-4fc8-b546-8c796895cf49","name":"City Pharmacy","area":"Brigade","category":"pharmacy","ownerId":null,"ownerPhone":null,"products":null,"status":"open","orderingDisabled":false,"closedReason":null,"closedUntil":null,"logo":null,"updatedAt":"2026-01-15T18:57:31.724056Z"},{"id":"63a5a059-9fb3-4f8e-9b44-b1d3ebf7e683","name":"City Pharmacy","area":"Brigade","category":"pharmacy","ownerId":null,"ownerPhone":null,"products":null,"status":"open","orderingDisabled":false,"closedReason":null,"closedUntil":null,"logo":null,"updatedAt":"2026-01-18T20:13:38.663820Z"},{"id":"68a008cd-6b10-4e48-b036-e3d752230378","name":"City Pharmacy","area":"Brigade","category":"pharmacy","ownerId":null,"ownerPhone":null,"products":null,"status":"open","orderingDisabled":false,"closedReason":null,"closedUntil":null,"logo":null,"updatedAt":"2026-01-15T19:03:29.647598Z"},{"id":"7bcf0556-b5ba-4df8-9196-1d24f45488c0","name":"City Pharmacy","area":"Brigade","category":"pharmacy","ownerId":null,"ownerPhone":null,"products":null,"status":"open","orderingDisabled":false,"closedReason":null,"closedUntil":null,"logo":null,"updatedAt":"2026-01-18T20:09:12.421625Z"},{"id":"9a0c37d7-50b9-462e-a551-dcdd782d8a5f","name":"City Pharmacy","area":"Brigade","category":"pharmacy","ownerId":null,"ownerPhone":null,"products":null,"status":"open","orderingDisabled":false,"closedReason":null,"closedUntil":null,"logo":null,"updatedAt":"2026-01-15T19:11:19.048431Z"},{"id":"b585adf9-d1e7-41be-ba0f-179581c84259","name":"City Pharmacy","area":"Brigade","category":"pharmacy","ownerId":null,"ownerPhone":null,"products":null,"status":"open","orderingDisabled":false,"closedReason":null,"closedUntil":null,"logo":null,"updatedAt":"2026-01-15T17:56:53.379793Z"},{"id":"24ab445b-351b-441e-b886-7e6b905c269b","name":"Fresh Mart","area":"MG Road","category":"grocery","ownerId":null,"ownerPhone":null,"products":null,"status":"open","orderingDisabled":false,"closedReason":null,"closedUntil":null,"logo":null,"updatedAt":"2026-01-15T19:11:18.918553Z"},{"id":"3ce3b1bf-7c55-4fa5-bbe3-f45f8a93c67a","name":"Fresh Mart","area":"MG Road","category":"grocery","ownerId":null,"ownerPhone":null,"products":null,"status":"open","orderingDisabled":false,"closedReason":null,"closedUntil":null,"logo":null,"updatedAt":"2026-01-15T17:56:53.251484Z"},{"id":"871a0bfe-570b-44ed-b7c4-ef60b2d18cf1","name":"Fresh Mart","area":"MG Road","category":"grocery","ownerId":null,"ownerPhone":null,"products":null,"status":"open","orderingDisabled":false,"closedReason":null,"closedUntil":null,"logo":null,"updatedAt":"2026-01-15T19:03:29.540557Z"},{"id":"90e791d5-27d3-4330-b834-48510b7dea41","name":"Fresh Mart","area":"MG Road","category":"grocery","ownerId":null,"ownerPhone":null,"products":null,"status":"open","orderingDisabled":false,"closedReason":null,"closedUntil":null,"logo":null,"updatedAt":"2026-01-18T20:09:12.272954Z"},{"id":"aee5f433-686e-45bb-be6b-2160a9267cb2","name":"Fresh Mart","area":"MG Road","category":"grocery","ownerId":null,"ownerPhone":null,"products":null,"status":"open","orderingDisabled":false,"closedReason":null,"closedUntil":null,"logo":null,"updatedAt":"2026-01-18T20:13:38.568416Z"},{"id":"ce9a05aa-7780-4da8-a071-1039ff4b1e4f","name":"Fresh Mart","area":"MG Road","category":"grocery","ownerId":null,"ownerPhone":null,"products":null,"status":"open","orderingDisabled":false,"closedReason":null,"closedUntil":null,"logo":null,"updatedAt":"2026-01-15T18:57:31.588523Z"}]
2026-01-19 01:44:32.951 [34mINFO [0;39m [97dd1836-62ea-47e2-8d7b-e2850bfe25dd] [http-nio-8080-exec-6] c.b.config.TenantInterceptor - tenant-context: tenant=tenantA method=GET path=/api/storefront/stores
2026-01-19 01:44:32.954 [34mINFO [0;39m [97dd1836-62ea-47e2-8d7b-e2850bfe25dd] [http-nio-8080-exec-6] c.b.web.CustomerStorefrontController - Customer storefront: list stores tenant=tenantA userId=df8197cf-e77d-4f28-8166-28e1723c845c search=null category=null
2026-01-19 01:44:32.958 [34mINFO [0;39m [0b81a64c-9de8-4652-aaf6-c364a7477371] [http-nio-8080-exec-5] c.b.config.TenantInterceptor - tenant-context: tenant=tenantA method=GET path=/api/storefront/categories
2026-01-19 01:44:32.962 [34mINFO [0;39m [0b81a64c-9de8-4652-aaf6-c364a7477371] [http-nio-8080-exec-5] c.b.web.CustomerStorefrontController - Customer storefront: list categories tenant=tenantA userId=df8197cf-e77d-4f28-8166-28e1723c845c
2026-01-19 01:44:32.968 [34mINFO [0;39m [97dd1836-62ea-47e2-8d7b-e2850bfe25dd] [http-nio-8080-exec-6] c.b.logging.RepositoryLoggingAspect - [REPO_CALL] table=stores tenant=tenantA ids=[24ab445b-351b-441e-b886-7e6b905c269b, 33b16e50-5c33-4fc8-b546-8c796895cf49, 3ce3b1bf-7c55-4fa5-bbe3-f45f8a93c67a, 63a5a059-9fb3-4f8e-9b44-b1d3ebf7e683, 68a008cd-6b10-4e48-b036-e3d752230378, 7bcf0556-b5ba-4df8-9196-1d24f45488c0, 871a0bfe-570b-44ed-b7c4-ef60b2d18cf1, 90e791d5-27d3-4330-b834-48510b7dea41, 9a0c37d7-50b9-462e-a551-dcdd782d8a5f, aee5f433-686e-45bb-be6b-2160a9267cb2, b585adf9-d1e7-41be-ba0f-179581c84259, ce9a05aa-7780-4da8-a071-1039ff4b1e4f, storeA]
2026-01-19 01:44:32.969 [1;31mERROR[0;39m [97dd1836-62ea-47e2-8d7b-e2850bfe25dd] [http-nio-8080-exec-6] com.bharatshop.service.StoreService - [PROOF][STORE_REPO] store.id=24ab445b-351b-441e-b886-7e6b905c269b source=DB
2026-01-19 01:44:32.970 [1;31mERROR[0;39m [97dd1836-62ea-47e2-8d7b-e2850bfe25dd] [http-nio-8080-exec-6] com.bharatshop.service.StoreService - [PROOF][STORE_REPO] store.id=33b16e50-5c33-4fc8-b546-8c796895cf49 source=DB
2026-01-19 01:44:32.971 [1;31mERROR[0;39m [97dd1836-62ea-47e2-8d7b-e2850bfe25dd] [http-nio-8080-exec-6] com.bharatshop.service.StoreService - [PROOF][STORE_REPO] store.id=3ce3b1bf-7c55-4fa5-bbe3-f45f8a93c67a source=DB
2026-01-19 01:44:32.971 [1;31mERROR[0;39m [97dd1836-62ea-47e2-8d7b-e2850bfe25dd] [http-nio-8080-exec-6] com.bharatshop.service.StoreService - [PROOF][STORE_REPO] store.id=63a5a059-9fb3-4f8e-9b44-b1d3ebf7e683 source=DB
2026-01-19 01:44:32.971 [1;31mERROR[0;39m [97dd1836-62ea-47e2-8d7b-e2850bfe25dd] [http-nio-8080-exec-6] com.bharatshop.service.StoreService - [PROOF][STORE_REPO] store.id=68a008cd-6b10-4e48-b036-e3d752230378 source=DB
2026-01-19 01:44:32.971 [1;31mERROR[0;39m [97dd1836-62ea-47e2-8d7b-e2850bfe25dd] [http-nio-8080-exec-6] com.bharatshop.service.StoreService - [PROOF][STORE_REPO] store.id=7bcf0556-b5ba-4df8-9196-1d24f45488c0 source=DB
2026-01-19 01:44:32.972 [1;31mERROR[0;39m [97dd1836-62ea-47e2-8d7b-e2850bfe25dd] [http-nio-8080-exec-6] com.bharatshop.service.StoreService - [PROOF][STORE_REPO] store.id=871a0bfe-570b-44ed-b7c4-ef60b2d18cf1 source=DB
2026-01-19 01:44:32.972 [1;31mERROR[0;39m [97dd1836-62ea-47e2-8d7b-e2850bfe25dd] [http-nio-8080-exec-6] com.bharatshop.service.StoreService - [PROOF][STORE_REPO] store.id=90e791d5-27d3-4330-b834-48510b7dea41 source=DB
2026-01-19 01:44:32.973 [1;31mERROR[0;39m [97dd1836-62ea-47e2-8d7b-e2850bfe25dd] [http-nio-8080-exec-6] com.bharatshop.service.StoreService - [PROOF][STORE_REPO] store.id=9a0c37d7-50b9-462e-a551-dcdd782d8a5f source=DB
2026-01-19 01:44:32.973 [1;31mERROR[0;39m [97dd1836-62ea-47e2-8d7b-e2850bfe25dd] [http-nio-8080-exec-6] com.bharatshop.service.StoreService - [PROOF][STORE_REPO] store.id=aee5f433-686e-45bb-be6b-2160a9267cb2 source=DB
2026-01-19 01:44:32.974 [1;31mERROR[0;39m [97dd1836-62ea-47e2-8d7b-e2850bfe25dd] [http-nio-8080-exec-6] com.bharatshop.service.StoreService - [PROOF][STORE_REPO] store.id=b585adf9-d1e7-41be-ba0f-179581c84259 source=DB
2026-01-19 01:44:32.974 [1;31mERROR[0;39m [97dd1836-62ea-47e2-8d7b-e2850bfe25dd] [http-nio-8080-exec-6] com.bharatshop.service.StoreService - [PROOF][STORE_REPO] store.id=ce9a05aa-7780-4da8-a071-1039ff4b1e4f source=DB
2026-01-19 01:44:32.974 [1;31mERROR[0;39m [97dd1836-62ea-47e2-8d7b-e2850bfe25dd] [http-nio-8080-exec-6] com.bharatshop.service.StoreService - [PROOF][STORE_REPO] store.id=storeA source=DB
2026-01-19 01:44:32.975 [1;31mERROR[0;39m [97dd1836-62ea-47e2-8d7b-e2850bfe25dd] [http-nio-8080-exec-6] com.bharatshop.service.StoreService - [PROOF][STORE_MAP] entity.id=24ab445b-351b-441e-b886-7e6b905c269b mapped.id=24ab445b-351b-441e-b886-7e6b905c269b
2026-01-19 01:44:32.975 [1;31mERROR[0;39m [97dd1836-62ea-47e2-8d7b-e2850bfe25dd] [http-nio-8080-exec-6] com.bharatshop.service.StoreService - [PROOF][STORE_MAP] entity.id=33b16e50-5c33-4fc8-b546-8c796895cf49 mapped.id=33b16e50-5c33-4fc8-b546-8c796895cf49
2026-01-19 01:44:32.976 [1;31mERROR[0;39m [97dd1836-62ea-47e2-8d7b-e2850bfe25dd] [http-nio-8080-exec-6] com.bharatshop.service.StoreService - [PROOF][STORE_MAP] entity.id=3ce3b1bf-7c55-4fa5-bbe3-f45f8a93c67a mapped.id=3ce3b1bf-7c55-4fa5-bbe3-f45f8a93c67a
2026-01-19 01:44:32.976 [1;31mERROR[0;39m [97dd1836-62ea-47e2-8d7b-e2850bfe25dd] [http-nio-8080-exec-6] com.bharatshop.service.StoreService - [PROOF][STORE_MAP] entity.id=63a5a059-9fb3-4f8e-9b44-b1d3ebf7e683 mapped.id=63a5a059-9fb3-4f8e-9b44-b1d3ebf7e683
2026-01-19 01:44:32.977 [1;31mERROR[0;39m [97dd1836-62ea-47e2-8d7b-e2850bfe25dd] [http-nio-8080-exec-6] com.bharatshop.service.StoreService - [PROOF][STORE_MAP] entity.id=68a008cd-6b10-4e48-b036-e3d752230378 mapped.id=68a008cd-6b10-4e48-b036-e3d752230378
2026-01-19 01:44:32.978 [1;31mERROR[0;39m [97dd1836-62ea-47e2-8d7b-e2850bfe25dd] [http-nio-8080-exec-6] com.bharatshop.service.StoreService - [PROOF][STORE_MAP] entity.id=7bcf0556-b5ba-4df8-9196-1d24f45488c0 mapped.id=7bcf0556-b5ba-4df8-9196-1d24f45488c0
2026-01-19 01:44:32.979 [1;31mERROR[0;39m [97dd1836-62ea-47e2-8d7b-e2850bfe25dd] [http-nio-8080-exec-6] com.bharatshop.service.StoreService - [PROOF][STORE_MAP] entity.id=871a0bfe-570b-44ed-b7c4-ef60b2d18cf1 mapped.id=871a0bfe-570b-44ed-b7c4-ef60b2d18cf1
2026-01-19 01:44:32.979 [1;31mERROR[0;39m [97dd1836-62ea-47e2-8d7b-e2850bfe25dd] [http-nio-8080-exec-6] com.bharatshop.service.StoreService - [PROOF][STORE_MAP] entity.id=90e791d5-27d3-4330-b834-48510b7dea41 mapped.id=90e791d5-27d3-4330-b834-48510b7dea41
2026-01-19 01:44:32.979 [1;31mERROR[0;39m [97dd1836-62ea-47e2-8d7b-e2850bfe25dd] [http-nio-8080-exec-6] com.bharatshop.service.StoreService - [PROOF][STORE_MAP] entity.id=9a0c37d7-50b9-462e-a551-dcdd782d8a5f mapped.id=9a0c37d7-50b9-462e-a551-dcdd782d8a5f
2026-01-19 01:44:32.980 [1;31mERROR[0;39m [97dd1836-62ea-47e2-8d7b-e2850bfe25dd] [http-nio-8080-exec-6] com.bharatshop.service.StoreService - [PROOF][STORE_MAP] entity.id=aee5f433-686e-45bb-be6b-2160a9267cb2 mapped.id=aee5f433-686e-45bb-be6b-2160a9267cb2
2026-01-19 01:44:32.980 [1;31mERROR[0;39m [97dd1836-62ea-47e2-8d7b-e2850bfe25dd] [http-nio-8080-exec-6] com.bharatshop.service.StoreService - [PROOF][STORE_MAP] entity.id=b585adf9-d1e7-41be-ba0f-179581c84259 mapped.id=b585adf9-d1e7-41be-ba0f-179581c84259
2026-01-19 01:44:32.981 [1;31mERROR[0;39m [97dd1836-62ea-47e2-8d7b-e2850bfe25dd] [http-nio-8080-exec-6] com.bharatshop.service.StoreService - [PROOF][STORE_MAP] entity.id=ce9a05aa-7780-4da8-a071-1039ff4b1e4f mapped.id=ce9a05aa-7780-4da8-a071-1039ff4b1e4f
2026-01-19 01:44:32.981 [1;31mERROR[0;39m [97dd1836-62ea-47e2-8d7b-e2850bfe25dd] [http-nio-8080-exec-6] com.bharatshop.service.StoreService - [PROOF][STORE_MAP] entity.id=storeA mapped.id=storeA
2026-01-19 01:44:32.981 [1;31mERROR[0;39m [97dd1836-62ea-47e2-8d7b-e2850bfe25dd] [http-nio-8080-exec-6] c.b.web.CustomerStorefrontController - [PROOF][STORE_LIST] store.id=storeA tenant=tenantA source=DB
2026-01-19 01:44:32.982 [1;31mERROR[0;39m [97dd1836-62ea-47e2-8d7b-e2850bfe25dd] [http-nio-8080-exec-6] c.b.web.CustomerStorefrontController - [PROOF][STORE_LIST] store.id=33b16e50-5c33-4fc8-b546-8c796895cf49 tenant=tenantA source=DB
2026-01-19 01:44:32.982 [1;31mERROR[0;39m [97dd1836-62ea-47e2-8d7b-e2850bfe25dd] [http-nio-8080-exec-6] c.b.web.CustomerStorefrontController - [PROOF][STORE_LIST] store.id=63a5a059-9fb3-4f8e-9b44-b1d3ebf7e683 tenant=tenantA source=DB
2026-01-19 01:44:32.983 [1;31mERROR[0;39m [97dd1836-62ea-47e2-8d7b-e2850bfe25dd] [http-nio-8080-exec-6] c.b.web.CustomerStorefrontController - [PROOF][STORE_LIST] store.id=68a008cd-6b10-4e48-b036-e3d752230378 tenant=tenantA source=DB
2026-01-19 01:44:32.984 [1;31mERROR[0;39m [97dd1836-62ea-47e2-8d7b-e2850bfe25dd] [http-nio-8080-exec-6] c.b.web.CustomerStorefrontController - [PROOF][STORE_LIST] store.id=7bcf0556-b5ba-4df8-9196-1d24f45488c0 tenant=tenantA source=DB
2026-01-19 01:44:32.984 [1;31mERROR[0;39m [97dd1836-62ea-47e2-8d7b-e2850bfe25dd] [http-nio-8080-exec-6] c.b.web.CustomerStorefrontController - [PROOF][STORE_LIST] store.id=9a0c37d7-50b9-462e-a551-dcdd782d8a5f tenant=tenantA source=DB
2026-01-19 01:44:32.985 [1;31mERROR[0;39m [97dd1836-62ea-47e2-8d7b-e2850bfe25dd] [http-nio-8080-exec-6] c.b.web.CustomerStorefrontController - [PROOF][STORE_LIST] store.id=b585adf9-d1e7-41be-ba0f-179581c84259 tenant=tenantA source=DB
2026-01-19 01:44:32.985 [1;31mERROR[0;39m [97dd1836-62ea-47e2-8d7b-e2850bfe25dd] [http-nio-8080-exec-6] c.b.web.CustomerStorefrontController - [PROOF][STORE_LIST] store.id=24ab445b-351b-441e-b886-7e6b905c269b tenant=tenantA source=DB
2026-01-19 01:44:32.985 [1;31mERROR[0;39m [97dd1836-62ea-47e2-8d7b-e2850bfe25dd] [http-nio-8080-exec-6] c.b.web.CustomerStorefrontController - [PROOF][STORE_LIST] store.id=3ce3b1bf-7c55-4fa5-bbe3-f45f8a93c67a tenant=tenantA source=DB
2026-01-19 01:44:32.986 [1;31mERROR[0;39m [97dd1836-62ea-47e2-8d7b-e2850bfe25dd] [http-nio-8080-exec-6] c.b.web.CustomerStorefrontController - [PROOF][STORE_LIST] store.id=871a0bfe-570b-44ed-b7c4-ef60b2d18cf1 tenant=tenantA source=DB
2026-01-19 01:44:32.986 [1;31mERROR[0;39m [97dd1836-62ea-47e2-8d7b-e2850bfe25dd] [http-nio-8080-exec-6] c.b.web.CustomerStorefrontController - [PROOF][STORE_LIST] store.id=90e791d5-27d3-4330-b834-48510b7dea41 tenant=tenantA source=DB
2026-01-19 01:44:32.986 [1;31mERROR[0;39m [97dd1836-62ea-47e2-8d7b-e2850bfe25dd] [http-nio-8080-exec-6] c.b.web.CustomerStorefrontController - [PROOF][STORE_LIST] store.id=aee5f433-686e-45bb-be6b-2160a9267cb2 tenant=tenantA source=DB
2026-01-19 01:44:32.987 [1;31mERROR[0;39m [97dd1836-62ea-47e2-8d7b-e2850bfe25dd] [http-nio-8080-exec-6] c.b.web.CustomerStorefrontController - [PROOF][STORE_LIST] store.id=ce9a05aa-7780-4da8-a071-1039ff4b1e4f tenant=tenantA source=DB
2026-01-19 01:44:33.000 [34mINFO [0;39m [97dd1836-62ea-47e2-8d7b-e2850bfe25dd] [http-nio-8080-exec-6] c.b.config.logging.HttpLoggingFilter - GET /api/storefront/stores -> 200 (50 ms)
2026-01-19 01:44:33.001 [34mINFO [0;39m [97dd1836-62ea-47e2-8d7b-e2850bfe25dd] [http-nio-8080-exec-6] c.b.config.logging.HttpLoggingFilter - Headers: auth=present content-type=application/json accept=*/*
2026-01-19 01:44:33.001 [34mINFO [0;39m [97dd1836-62ea-47e2-8d7b-e2850bfe25dd] [http-nio-8080-exec-6] c.b.config.logging.HttpLoggingFilter - Response payload: [{"id":"storeA","name":"Alpha Kirana Store","area":"Connaught Place","category":"grocery","ownerId":null,"ownerPhone":"9000000002","products":null,"status":"open","orderingDisabled":false,"closedReason":null,"closedUntil":null,"logo":null,"updatedAt":"2026-01-16T00:06:49Z"},{"id":"33b16e50-5c33-4fc8-b546-8c796895cf49","name":"City Pharmacy","area":"Brigade","category":"pharmacy","ownerId":null,"ownerPhone":null,"products":null,"status":"open","orderingDisabled":false,"closedReason":null,"closedUntil":null,"logo":null,"updatedAt":"2026-01-15T18:57:31.724056Z"},{"id":"63a5a059-9fb3-4f8e-9b44-b1d3ebf7e683","name":"City Pharmacy","area":"Brigade","category":"pharmacy","ownerId":null,"ownerPhone":null,"products":null,"status":"open","orderingDisabled":false,"closedReason":null,"closedUntil":null,"logo":null,"updatedAt":"2026-01-18T20:13:38.663820Z"},{"id":"68a008cd-6b10-4e48-b036-e3d752230378","name":"City Pharmacy","area":"Brigade","category":"pharmacy","ownerId":null,"ownerPhone":null,"products":null,"status":"open","orderingDisabled":false,"closedReason":null,"closedUntil":null,"logo":null,"updatedAt":"2026-01-15T19:03:29.647598Z"},{"id":"7bcf0556-b5ba-4df8-9196-1d24f45488c0","name":"City Pharmacy","area":"Brigade","category":"pharmacy","ownerId":null,"ownerPhone":null,"products":null,"status":"open","orderingDisabled":false,"closedReason":null,"closedUntil":null,"logo":null,"updatedAt":"2026-01-18T20:09:12.421625Z"},{"id":"9a0c37d7-50b9-462e-a551-dcdd782d8a5f","name":"City Pharmacy","area":"Brigade","category":"pharmacy","ownerId":null,"ownerPhone":null,"products":null,"status":"open","orderingDisabled":false,"closedReason":null,"closedUntil":null,"logo":null,"updatedAt":"2026-01-15T19:11:19.048431Z"},{"id":"b585adf9-d1e7-41be-ba0f-179581c84259","name":"City Pharmacy","area":"Brigade","category":"pharmacy","ownerId":null,"ownerPhone":null,"products":null,"status":"open","orderingDisabled":false,"closedReason":null,"closedUntil":null,"logo":null,"updatedAt":"2026-01-15T17:56:53.379793Z"},{"id":"24ab445b-351b-441e-b886-7e6b905c269b","name":"Fresh Mart","area":"MG Road","category":"grocery","ownerId":null,"ownerPhone":null,"products":null,"status":"open","orderingDisabled":false,"closedReason":null,"closedUntil":null,"logo":null,"updatedAt":"2026-01-15T19:11:18.918553Z"},{"id":"3ce3b1bf-7c55-4fa5-bbe3-f45f8a93c67a","name":"Fresh Mart","area":"MG Road","category":"grocery","ownerId":null,"ownerPhone":null,"products":null,"status":"open","orderingDisabled":false,"closedReason":null,"closedUntil":null,"logo":null,"updatedAt":"2026-01-15T17:56:53.251484Z"},{"id":"871a0bfe-570b-44ed-b7c4-ef60b2d18cf1","name":"Fresh Mart","area":"MG Road","category":"grocery","ownerId":null,"ownerPhone":null,"products":null,"status":"open","orderingDisabled":false,"closedReason":null,"closedUntil":null,"logo":null,"updatedAt":"2026-01-15T19:03:29.540557Z"},{"id":"90e791d5-27d3-4330-b834-48510b7dea41","name":"Fresh Mart","area":"MG Road","category":"grocery","ownerId":null,"ownerPhone":null,"products":null,"status":"open","orderingDisabled":false,"closedReason":null,"closedUntil":null,"logo":null,"updatedAt":"2026-01-18T20:09:12.272954Z"},{"id":"aee5f433-686e-45bb-be6b-2160a9267cb2","name":"Fresh Mart","area":"MG Road","category":"grocery","ownerId":null,"ownerPhone":null,"products":null,"status":"open","orderingDisabled":false,"closedReason":null,"closedUntil":null,"logo":null,"updatedAt":"2026-01-18T20:13:38.568416Z"},{"id":"ce9a05aa-7780-4da8-a071-1039ff4b1e4f","name":"Fresh Mart","area":"MG Road","category":"grocery","ownerId":null,"ownerPhone":null,"products":null,"status":"open","orderingDisabled":false,"closedReason":null,"closedUntil":null,"logo":null,"updatedAt":"2026-01-15T18:57:31.588523Z"}]
2026-01-19 01:44:33.003 [34mINFO [0;39m [0b81a64c-9de8-4652-aaf6-c364a7477371] [http-nio-8080-exec-5] c.b.config.logging.HttpLoggingFilter - GET /api/storefront/categories -> 200 (46 ms)
2026-01-19 01:44:33.003 [34mINFO [0;39m [0b81a64c-9de8-4652-aaf6-c364a7477371] [http-nio-8080-exec-5] c.b.config.logging.HttpLoggingFilter - Headers: auth=present content-type=application/json accept=*/*
2026-01-19 01:44:33.004 [34mINFO [0;39m [0b81a64c-9de8-4652-aaf6-c364a7477371] [http-nio-8080-exec-5] c.b.config.logging.HttpLoggingFilter - Response payload: ["dairy","fruits","grocery","medicine"]
2026-01-19 01:44:33.029 [34mINFO [0;39m [f9dc4b77-6dbf-42b8-8285-c53f2570a447] [http-nio-8080-exec-7] c.b.config.TenantInterceptor - tenant-context: tenant=tenantA method=GET path=/api/storefront/categories
2026-01-19 01:44:33.032 [34mINFO [0;39m [f9dc4b77-6dbf-42b8-8285-c53f2570a447] [http-nio-8080-exec-7] c.b.web.CustomerStorefrontController - Customer storefront: list categories tenant=tenantA userId=df8197cf-e77d-4f28-8166-28e1723c845c
2026-01-19 01:44:33.049 [34mINFO [0;39m [f9dc4b77-6dbf-42b8-8285-c53f2570a447] [http-nio-8080-exec-7] c.b.config.logging.HttpLoggingFilter - GET /api/storefront/categories -> 200 (21 ms)
2026-01-19 01:44:33.050 [34mINFO [0;39m [f9dc4b77-6dbf-42b8-8285-c53f2570a447] [http-nio-8080-exec-7] c.b.config.logging.HttpLoggingFilter - Headers: auth=present content-type=application/json accept=*/*
2026-01-19 01:44:33.051 [34mINFO [0;39m [f9dc4b77-6dbf-42b8-8285-c53f2570a447] [http-nio-8080-exec-7] c.b.config.logging.HttpLoggingFilter - Response payload: ["dairy","fruits","grocery","medicine"]
2026-01-19 01:45:39.554 [34mINFO [0;39m [94dd0186-1ec6-402b-8ecd-29e7d4ff70f2] [http-nio-8080-exec-8] c.b.config.TenantInterceptor - tenant-context: tenant=tenantA method=GET path=/api/storefront/stores/storeA
2026-01-19 01:45:39.570 [34mINFO [0;39m [94dd0186-1ec6-402b-8ecd-29e7d4ff70f2] [http-nio-8080-exec-8] c.b.web.CustomerStorefrontController - Customer storefront: get store tenant=tenantA userId=df8197cf-e77d-4f28-8166-28e1723c845c storeId=storeA 
2026-01-19 01:45:39.572 [1;31mERROR[0;39m [94dd0186-1ec6-402b-8ecd-29e7d4ff70f2] [http-nio-8080-exec-8] c.b.web.CustomerStorefrontController - [PROOF][STORE_API] requested storeId=storeA
2026-01-19 01:45:39.589 [1;31mERROR[0;39m [94dd0186-1ec6-402b-8ecd-29e7d4ff70f2] [http-nio-8080-exec-8] com.bharatshop.service.StoreService - [PROOF][STORE_MAP] entity.id=storeA mapped.id=storeA
2026-01-19 01:45:39.590 [1;31mERROR[0;39m [94dd0186-1ec6-402b-8ecd-29e7d4ff70f2] [http-nio-8080-exec-8] c.b.web.CustomerStorefrontController - [PROOF][STORE_API] store.from.db id=storeA
2026-01-19 01:45:39.596 [34mINFO [0;39m [94dd0186-1ec6-402b-8ecd-29e7d4ff70f2] [http-nio-8080-exec-8] c.b.config.logging.HttpLoggingFilter - GET /api/storefront/stores/storeA -> 200 (44 ms)
2026-01-19 01:45:39.597 [34mINFO [0;39m [94dd0186-1ec6-402b-8ecd-29e7d4ff70f2] [http-nio-8080-exec-8] c.b.config.logging.HttpLoggingFilter - Headers: auth=present content-type=application/json accept=*/*
2026-01-19 01:45:39.598 [34mINFO [0;39m [94dd0186-1ec6-402b-8ecd-29e7d4ff70f2] [http-nio-8080-exec-8] c.b.config.logging.HttpLoggingFilter - Response payload: {"id":"storeA","name":"Alpha Kirana Store","area":"Connaught Place","category":"grocery","ownerId":null,"ownerPhone":"9000000002","products":null,"status":"open","orderingDisabled":false,"closedReason":null,"closedUntil":null,"logo":null,"updatedAt":"2026-01-16T00:06:49Z"}
2026-01-19 01:45:39.624 [34mINFO [0;39m [d19324d2-edc1-435d-94a1-f2c69728fcea] [http-nio-8080-exec-9] c.b.config.TenantInterceptor - tenant-context: tenant=tenantA method=GET path=/api/storefront/stores/storeA
2026-01-19 01:45:39.626 [34mINFO [0;39m [d19324d2-edc1-435d-94a1-f2c69728fcea] [http-nio-8080-exec-9] c.b.web.CustomerStorefrontController - Customer storefront: get store tenant=tenantA userId=df8197cf-e77d-4f28-8166-28e1723c845c storeId=storeA 
2026-01-19 01:45:39.627 [1;31mERROR[0;39m [d19324d2-edc1-435d-94a1-f2c69728fcea] [http-nio-8080-exec-9] c.b.web.CustomerStorefrontController - [PROOF][STORE_API] requested storeId=storeA
2026-01-19 01:45:39.630 [34mINFO [0;39m [91da19b8-b2ee-4797-a5b9-6b7920ab2bf5] [http-nio-8080-exec-10] c.b.config.TenantInterceptor - tenant-context: tenant=tenantA method=GET path=/api/storefront/stores/storeA/products
2026-01-19 01:45:39.633 [34mINFO [0;39m [91da19b8-b2ee-4797-a5b9-6b7920ab2bf5] [http-nio-8080-exec-10] c.b.web.CustomerStorefrontController - Customer storefront: list products by store tenant=tenantA userId=df8197cf-e77d-4f28-8166-28e1723c845c storeId=storeA 
2026-01-19 01:45:39.633 [1;31mERROR[0;39m [d19324d2-edc1-435d-94a1-f2c69728fcea] [http-nio-8080-exec-9] com.bharatshop.service.StoreService - [PROOF][STORE_MAP] entity.id=storeA mapped.id=storeA
2026-01-19 01:45:39.633 [1;31mERROR[0;39m [91da19b8-b2ee-4797-a5b9-6b7920ab2bf5] [http-nio-8080-exec-10] c.b.web.CustomerStorefrontController - [PROOF][PRODUCT_API] requested storeId=storeA
2026-01-19 01:45:39.634 [1;31mERROR[0;39m [d19324d2-edc1-435d-94a1-f2c69728fcea] [http-nio-8080-exec-9] c.b.web.CustomerStorefrontController - [PROOF][STORE_API] store.from.db id=storeA
2026-01-19 01:45:39.636 [34mINFO [0;39m [d19324d2-edc1-435d-94a1-f2c69728fcea] [http-nio-8080-exec-9] c.b.config.logging.HttpLoggingFilter - GET /api/storefront/stores/storeA -> 200 (15 ms)
2026-01-19 01:45:39.637 [34mINFO [0;39m [d19324d2-edc1-435d-94a1-f2c69728fcea] [http-nio-8080-exec-9] c.b.config.logging.HttpLoggingFilter - Headers: auth=present content-type=application/json accept=*/*
2026-01-19 01:45:39.637 [34mINFO [0;39m [d19324d2-edc1-435d-94a1-f2c69728fcea] [http-nio-8080-exec-9] c.b.config.logging.HttpLoggingFilter - Response payload: {"id":"storeA","name":"Alpha Kirana Store","area":"Connaught Place","category":"grocery","ownerId":null,"ownerPhone":"9000000002","products":null,"status":"open","orderingDisabled":false,"closedReason":null,"closedUntil":null,"logo":null,"updatedAt":"2026-01-16T00:06:49Z"}
2026-01-19 01:45:39.642 [1;31mERROR[0;39m [91da19b8-b2ee-4797-a5b9-6b7920ab2bf5] [http-nio-8080-exec-10] com.bharatshop.service.StoreService - [PROOF][STORE_MAP] entity.id=storeA mapped.id=storeA
2026-01-19 01:45:39.642 [1;31mERROR[0;39m [91da19b8-b2ee-4797-a5b9-6b7920ab2bf5] [http-nio-8080-exec-10] c.bharatshop.service.ProductService - [PROOF][PRODUCT_QUERY] requested storeId=storeA
2026-01-19 01:45:39.652 [34mINFO [0;39m [91da19b8-b2ee-4797-a5b9-6b7920ab2bf5] [http-nio-8080-exec-10] c.b.logging.RepositoryLoggingAspect - [REPO_CALL] table=products tenant=tenantA ids=[prodA1, prodA2, prodA3]
2026-01-19 01:45:39.653 [1;31mERROR[0;39m [91da19b8-b2ee-4797-a5b9-6b7920ab2bf5] [http-nio-8080-exec-10] c.bharatshop.service.ProductService - [PROOF][PRODUCT_DB] product.id=prodA1 storeId=storeA
2026-01-19 01:45:39.654 [1;31mERROR[0;39m [91da19b8-b2ee-4797-a5b9-6b7920ab2bf5] [http-nio-8080-exec-10] c.bharatshop.service.ProductService - [PROOF][PRODUCT_DB] product.id=prodA2 storeId=storeA
2026-01-19 01:45:39.654 [1;31mERROR[0;39m [91da19b8-b2ee-4797-a5b9-6b7920ab2bf5] [http-nio-8080-exec-10] c.bharatshop.service.ProductService - [PROOF][PRODUCT_DB] product.id=prodA3 storeId=storeA
2026-01-19 01:45:39.655 [1;31mERROR[0;39m [91da19b8-b2ee-4797-a5b9-6b7920ab2bf5] [http-nio-8080-exec-10] c.b.web.CustomerStorefrontController - [PROOF][PRODUCT_DB] productId=prodA1 storeId=storeA tenant=tenantA
2026-01-19 01:45:39.656 [1;31mERROR[0;39m [91da19b8-b2ee-4797-a5b9-6b7920ab2bf5] [http-nio-8080-exec-10] c.b.web.CustomerStorefrontController - [PROOF][PRODUCT_DB] productId=prodA2 storeId=storeA tenant=tenantA
2026-01-19 01:45:39.657 [1;31mERROR[0;39m [91da19b8-b2ee-4797-a5b9-6b7920ab2bf5] [http-nio-8080-exec-10] c.b.web.CustomerStorefrontController - [PROOF][PRODUCT_DB] productId=prodA3 storeId=storeA tenant=tenantA
2026-01-19 01:45:39.665 [34mINFO [0;39m [91da19b8-b2ee-4797-a5b9-6b7920ab2bf5] [http-nio-8080-exec-10] c.b.config.logging.HttpLoggingFilter - GET /api/storefront/stores/storeA/products -> 200 (36 ms)
2026-01-19 01:45:39.666 [34mINFO [0;39m [91da19b8-b2ee-4797-a5b9-6b7920ab2bf5] [http-nio-8080-exec-10] c.b.config.logging.HttpLoggingFilter - Headers: auth=present content-type=application/json accept=*/*
2026-01-19 01:45:39.666 [34mINFO [0;39m [91da19b8-b2ee-4797-a5b9-6b7920ab2bf5] [http-nio-8080-exec-10] c.b.config.logging.HttpLoggingFilter - Response payload: [{"id":"prodA1","name":"Aata 1kg","price":55.0,"description":null,"image":null,"category":"grocery","storeId":"storeA","currency":"INR","sku":null,"stock":null,"active":true},{"id":"prodA2","name":"Rice 1kg","price":65.0,"description":null,"image":null,"category":"grocery","storeId":"storeA","currency":"INR","sku":null,"stock":null,"active":true},{"id":"prodA3","name":"Milk 500ml","price":30.0,"description":null,"image":null,"category":"dairy","storeId":"storeA","currency":"INR","sku":null,"stock":null,"active":true}]
2026-01-19 01:45:39.681 [34mINFO [0;39m [19510052-9134-4f9b-855d-b9e2174a9b43] [http-nio-8080-exec-1] c.b.config.TenantInterceptor - tenant-context: tenant=tenantA method=GET path=/api/storefront/stores/storeA/products
2026-01-19 01:45:39.683 [34mINFO [0;39m [19510052-9134-4f9b-855d-b9e2174a9b43] [http-nio-8080-exec-1] c.b.web.CustomerStorefrontController - Customer storefront: list products by store tenant=tenantA userId=df8197cf-e77d-4f28-8166-28e1723c845c storeId=storeA 
2026-01-19 01:45:39.684 [1;31mERROR[0;39m [19510052-9134-4f9b-855d-b9e2174a9b43] [http-nio-8080-exec-1] c.b.web.CustomerStorefrontController - [PROOF][PRODUCT_API] requested storeId=storeA
2026-01-19 01:45:39.692 [1;31mERROR[0;39m [19510052-9134-4f9b-855d-b9e2174a9b43] [http-nio-8080-exec-1] com.bharatshop.service.StoreService - [PROOF][STORE_MAP] entity.id=storeA mapped.id=storeA
2026-01-19 01:45:39.692 [1;31mERROR[0;39m [19510052-9134-4f9b-855d-b9e2174a9b43] [http-nio-8080-exec-1] c.bharatshop.service.ProductService - [PROOF][PRODUCT_QUERY] requested storeId=storeA
2026-01-19 01:45:39.699 [34mINFO [0;39m [19510052-9134-4f9b-855d-b9e2174a9b43] [http-nio-8080-exec-1] c.b.logging.RepositoryLoggingAspect - [REPO_CALL] table=products tenant=tenantA ids=[prodA1, prodA2, prodA3]
2026-01-19 01:45:39.700 [1;31mERROR[0;39m [19510052-9134-4f9b-855d-b9e2174a9b43] [http-nio-8080-exec-1] c.bharatshop.service.ProductService - [PROOF][PRODUCT_DB] product.id=prodA1 storeId=storeA
2026-01-19 01:45:39.701 [1;31mERROR[0;39m [19510052-9134-4f9b-855d-b9e2174a9b43] [http-nio-8080-exec-1] c.bharatshop.service.ProductService - [PROOF][PRODUCT_DB] product.id=prodA2 storeId=storeA
2026-01-19 01:45:39.701 [1;31mERROR[0;39m [19510052-9134-4f9b-855d-b9e2174a9b43] [http-nio-8080-exec-1] c.bharatshop.service.ProductService - [PROOF][PRODUCT_DB] product.id=prodA3 storeId=storeA
2026-01-19 01:45:39.701 [1;31mERROR[0;39m [19510052-9134-4f9b-855d-b9e2174a9b43] [http-nio-8080-exec-1] c.b.web.CustomerStorefrontController - [PROOF][PRODUCT_DB] productId=prodA1 storeId=storeA tenant=tenantA
2026-01-19 01:45:39.702 [1;31mERROR[0;39m [19510052-9134-4f9b-855d-b9e2174a9b43] [http-nio-8080-exec-1] c.b.web.CustomerStorefrontController - [PROOF][PRODUCT_DB] productId=prodA2 storeId=storeA tenant=tenantA
2026-01-19 01:45:39.702 [1;31mERROR[0;39m [19510052-9134-4f9b-855d-b9e2174a9b43] [http-nio-8080-exec-1] c.b.web.CustomerStorefrontController - [PROOF][PRODUCT_DB] productId=prodA3 storeId=storeA tenant=tenantA
2026-01-19 01:45:39.704 [34mINFO [0;39m [19510052-9134-4f9b-855d-b9e2174a9b43] [http-nio-8080-exec-1] c.b.config.logging.HttpLoggingFilter - GET /api/storefront/stores/storeA/products -> 200 (24 ms)
2026-01-19 01:45:39.705 [34mINFO [0;39m [19510052-9134-4f9b-855d-b9e2174a9b43] [http-nio-8080-exec-1] c.b.config.logging.HttpLoggingFilter - Headers: auth=present content-type=application/json accept=*/*
2026-01-19 01:45:39.705 [34mINFO [0;39m [19510052-9134-4f9b-855d-b9e2174a9b43] [http-nio-8080-exec-1] c.b.config.logging.HttpLoggingFilter - Response payload: [{"id":"prodA1","name":"Aata 1kg","price":55.0,"description":null,"image":null,"category":"grocery","storeId":"storeA","currency":"INR","sku":null,"stock":null,"active":true},{"id":"prodA2","name":"Rice 1kg","price":65.0,"description":null,"image":null,"category":"grocery","storeId":"storeA","currency":"INR","sku":null,"stock":null,"active":true},{"id":"prodA3","name":"Milk 500ml","price":30.0,"description":null,"image":null,"category":"dairy","storeId":"storeA","currency":"INR","sku":null,"stock":null,"active":true}]
2026-01-19 01:45:55.219 [34mINFO [0;39m [90bb7d09-a878-4633-9448-37ba36823e92] [http-nio-8080-exec-2] c.b.config.TenantInterceptor - tenant-context: tenant=tenantA method=POST path=/api/orders
2026-01-19 01:45:55.292 [34mINFO [0;39m [90bb7d09-a878-4633-9448-37ba36823e92] [http-nio-8080-exec-2] c.bharatshop.web.OrdersApiController - Create order via canonical endpoint: tenant=tenantA userId=df8197cf-e77d-4f28-8166-28e1723c845c items=1 paymentMethod=COD
2026-01-19 01:45:55.292 [1;31mERROR[0;39m [90bb7d09-a878-4633-9448-37ba36823e92] [http-nio-8080-exec-2] c.bharatshop.web.OrdersApiController - [PROOF][ORDER_API] payload=com.bharatshop.dto.CheckoutRequest@5b99b5cf
2026-01-19 01:45:55.293 [1;31mERROR[0;39m [90bb7d09-a878-4633-9448-37ba36823e92] [http-nio-8080-exec-2] c.bharatshop.web.OrdersApiController - [PROOF][ORDER_ITEM] productId=prodA1
2026-01-19 01:45:55.293 [34mINFO [0;39m [90bb7d09-a878-4633-9448-37ba36823e92] [http-nio-8080-exec-2] c.bharatshop.service.CheckoutService - CheckoutService: tenant=tenantA userId=df8197cf-e77d-4f28-8166-28e1723c845c
2026-01-19 01:45:55.294 [34mINFO [0;39m [90bb7d09-a878-4633-9448-37ba36823e92] [http-nio-8080-exec-2] c.bharatshop.service.CheckoutService - CheckoutRequest: items.size=1 itemClass=com.bharatshop.dto.CheckoutItem productIds=prodA1
2026-01-19 01:45:55.303 [1;31mERROR[0;39m [90bb7d09-a878-4633-9448-37ba36823e92] [http-nio-8080-exec-2] c.bharatshop.service.CheckoutService - [PROOF][CHECKOUT] lookup productId=prodA1 found=true
2026-01-19 01:45:55.304 [1;31mERROR[0;39m [90bb7d09-a878-4633-9448-37ba36823e92] [http-nio-8080-exec-2] c.bharatshop.service.CheckoutService - [PROOF][CHECKOUT] product.id=prodA1 product.storeId=storeA tenant=tenantA
2026-01-19 01:45:55.304 [34mINFO [0;39m [90bb7d09-a878-4633-9448-37ba36823e92] [http-nio-8080-exec-2] c.bharatshop.service.CheckoutService - CheckoutService: storeId resolved=storeA
2026-01-19 01:45:55.311 [1;31mERROR[0;39m [90bb7d09-a878-4633-9448-37ba36823e92] [http-nio-8080-exec-2] com.bharatshop.service.StoreService - [PROOF][STORE_MAP] entity.id=storeA mapped.id=storeA
2026-01-19 01:45:55.332 [34mINFO [0;39m [90bb7d09-a878-4633-9448-37ba36823e92] [http-nio-8080-exec-2] c.bharatshop.service.CheckoutService - CheckoutService: total computed=55.0
2026-01-19 01:45:55.474 [34mINFO [0;39m [90bb7d09-a878-4633-9448-37ba36823e92] [http-nio-8080-exec-2] c.bharatshop.service.CheckoutService - CheckoutService: success orderId=9201c75b-0a9a-4699-bdc2-d14e1bfb4006 reference=REF-9201c75b userId=df8197cf-e77d-4f28-8166-28e1723c845c
2026-01-19 01:45:55.498 [34mINFO [0;39m [90bb7d09-a878-4633-9448-37ba36823e92] [http-nio-8080-exec-2] c.b.config.logging.HttpLoggingFilter - POST /api/orders -> 200 (279 ms)
2026-01-19 01:45:55.499 [34mINFO [0;39m [90bb7d09-a878-4633-9448-37ba36823e92] [http-nio-8080-exec-2] c.b.config.logging.HttpLoggingFilter - Headers: auth=present content-type=application/json accept=*/*
2026-01-19 01:45:55.500 [34mINFO [0;39m [90bb7d09-a878-4633-9448-37ba36823e92] [http-nio-8080-exec-2] c.b.config.logging.HttpLoggingFilter - Request payload: {"items":[{"productId":"prodA1","quantity":1}],"paymentMethod":"COD"}
2026-01-19 01:45:55.500 [34mINFO [0;39m [90bb7d09-a878-4633-9448-37ba36823e92] [http-nio-8080-exec-2] c.b.config.logging.HttpLoggingFilter - Response payload: {"order":{"id":"9201c75b-0a9a-4699-bdc2-d14e1bfb4006","reference":"REF-9201c75b","status":"placed","total":55.0,"totals":{"subtotal":null,"deliveryFee":null,"tax":null,"tip":null,"payable":55.0},"items":[{"id":"prodA1","name":"Aata 1kg","price":55.0,"quantity":1,"requiresPrescription":null,"status":null}],"paymentMethod":"COD","paymentInfo":null,"address":null,"deliverySlot":null,"deliveryInstructions":null,"type":"order","createdAt":"2026-01-18T20:15:55.334354800Z","sellerResponseDeadline":"2026-01-18T20:30:55.334354800Z","sellerAcceptedAt":null,"cancelledAt":null,"cancellationReason":null,"storeId":"storeA","notes":null},"reference":"REF-9201c75b"}
2026-01-19 01:45:55.659 [34mINFO [0;39m [] [ForkJoinPool.commonPool-worker-1] c.b.service.NotificationService - No active notification preferences for user df8197cf-e77d-4f28-8166-28e1723c845c in tenant tenantA
2026-01-19 01:45:55.708 [34mINFO [0;39m [9b4f5940-ceef-4612-8c5c-647fe1fcf362] [http-nio-8080-exec-4] c.b.config.TenantInterceptor - tenant-context: tenant=tenantA method=GET path=/api/orders
2026-01-19 01:45:55.710 [34mINFO [0;39m [9b4f5940-ceef-4612-8c5c-647fe1fcf362] [http-nio-8080-exec-4] c.bharatshop.web.OrdersApiController - List orders (canonical): tenant=tenantA userId=df8197cf-e77d-4f28-8166-28e1723c845c
2026-01-19 01:45:55.746 [34mINFO [0;39m [9b4f5940-ceef-4612-8c5c-647fe1fcf362] [http-nio-8080-exec-4] c.bharatshop.web.OrdersApiController - Orders fetched: count=1
2026-01-19 01:45:55.752 [1;31mERROR[0;39m [9b4f5940-ceef-4612-8c5c-647fe1fcf362] [http-nio-8080-exec-4] com.bharatshop.service.StoreService - [PROOF][STORE_MAP] entity.id=storeA mapped.id=storeA
2026-01-19 01:45:55.758 [34mINFO [0;39m [9b4f5940-ceef-4612-8c5c-647fe1fcf362] [http-nio-8080-exec-4] c.b.config.logging.HttpLoggingFilter - GET /api/orders -> 200 (50 ms)
2026-01-19 01:45:55.758 [34mINFO [0;39m [9b4f5940-ceef-4612-8c5c-647fe1fcf362] [http-nio-8080-exec-4] c.b.config.logging.HttpLoggingFilter - Headers: auth=present content-type=application/json accept=*/*
2026-01-19 01:45:55.759 [34mINFO [0;39m [9b4f5940-ceef-4612-8c5c-647fe1fcf362] [http-nio-8080-exec-4] c.b.config.logging.HttpLoggingFilter - Response payload: [{"createdAt":"2026-01-18T20:15:55.334355Z","total":55.0,"id":"9201c75b-0a9a-4699-bdc2-d14e1bfb4006","store":{"name":"Alpha Kirana Store","id":"storeA"},"items":[{"quantity":1,"productId":"prodA1","name":"Aata 1kg"}],"status":"placed"}]
2026-01-19 01:45:55.771 [34mINFO [0;39m [6f8af47c-82bc-4726-ad7a-8a3013bdedde] [http-nio-8080-exec-3] c.b.config.TenantInterceptor - tenant-context: tenant=tenantA method=GET path=/api/orders
2026-01-19 01:45:55.773 [34mINFO [0;39m [6f8af47c-82bc-4726-ad7a-8a3013bdedde] [http-nio-8080-exec-3] c.bharatshop.web.OrdersApiController - List orders (canonical): tenant=tenantA userId=df8197cf-e77d-4f28-8166-28e1723c845c
2026-01-19 01:45:55.788 [34mINFO [0;39m [6f8af47c-82bc-4726-ad7a-8a3013bdedde] [http-nio-8080-exec-3] c.bharatshop.web.OrdersApiController - Orders fetched: count=1
2026-01-19 01:45:55.792 [1;31mERROR[0;39m [6f8af47c-82bc-4726-ad7a-8a3013bdedde] [http-nio-8080-exec-3] com.bharatshop.service.StoreService - [PROOF][STORE_MAP] entity.id=storeA mapped.id=storeA
2026-01-19 01:45:55.794 [34mINFO [0;39m [6f8af47c-82bc-4726-ad7a-8a3013bdedde] [http-nio-8080-exec-3] c.b.config.logging.HttpLoggingFilter - GET /api/orders -> 200 (23 ms)
2026-01-19 01:45:55.794 [34mINFO [0;39m [6f8af47c-82bc-4726-ad7a-8a3013bdedde] [http-nio-8080-exec-3] c.b.config.logging.HttpLoggingFilter - Headers: auth=present content-type=application/json accept=*/*
2026-01-19 01:45:55.795 [34mINFO [0;39m [6f8af47c-82bc-4726-ad7a-8a3013bdedde] [http-nio-8080-exec-3] c.b.config.logging.HttpLoggingFilter - Response payload: [{"createdAt":"2026-01-18T20:15:55.334355Z","total":55.0,"id":"9201c75b-0a9a-4699-bdc2-d14e1bfb4006","store":{"name":"Alpha Kirana Store","id":"storeA"},"items":[{"quantity":1,"productId":"prodA1","name":"Aata 1kg"}],"status":"placed"}]
2026-01-19 01:46:11.716 [34mINFO [0;39m [11b89ec9-ed08-4c46-9e7e-24a413e9d5dd] [http-nio-8080-exec-6] c.b.config.TenantInterceptor - tenant-context: tenant=tenantA method=GET path=/api/storefront/stores
2026-01-19 01:46:11.718 [34mINFO [0;39m [11b89ec9-ed08-4c46-9e7e-24a413e9d5dd] [http-nio-8080-exec-6] c.b.web.CustomerStorefrontController - Customer storefront: list stores tenant=tenantA userId=df8197cf-e77d-4f28-8166-28e1723c845c search=null category=null
2026-01-19 01:46:11.727 [34mINFO [0;39m [11b89ec9-ed08-4c46-9e7e-24a413e9d5dd] [http-nio-8080-exec-6] c.b.logging.RepositoryLoggingAspect - [REPO_CALL] table=stores tenant=tenantA ids=[24ab445b-351b-441e-b886-7e6b905c269b, 33b16e50-5c33-4fc8-b546-8c796895cf49, 3ce3b1bf-7c55-4fa5-bbe3-f45f8a93c67a, 63a5a059-9fb3-4f8e-9b44-b1d3ebf7e683, 68a008cd-6b10-4e48-b036-e3d752230378, 7bcf0556-b5ba-4df8-9196-1d24f45488c0, 871a0bfe-570b-44ed-b7c4-ef60b2d18cf1, 90e791d5-27d3-4330-b834-48510b7dea41, 9a0c37d7-50b9-462e-a551-dcdd782d8a5f, aee5f433-686e-45bb-be6b-2160a9267cb2, b585adf9-d1e7-41be-ba0f-179581c84259, ce9a05aa-7780-4da8-a071-1039ff4b1e4f, storeA]
2026-01-19 01:46:11.728 [1;31mERROR[0;39m [11b89ec9-ed08-4c46-9e7e-24a413e9d5dd] [http-nio-8080-exec-6] com.bharatshop.service.StoreService - [PROOF][STORE_REPO] store.id=24ab445b-351b-441e-b886-7e6b905c269b source=DB
2026-01-19 01:46:11.728 [1;31mERROR[0;39m [11b89ec9-ed08-4c46-9e7e-24a413e9d5dd] [http-nio-8080-exec-6] com.bharatshop.service.StoreService - [PROOF][STORE_REPO] store.id=33b16e50-5c33-4fc8-b546-8c796895cf49 source=DB
2026-01-19 01:46:11.729 [1;31mERROR[0;39m [11b89ec9-ed08-4c46-9e7e-24a413e9d5dd] [http-nio-8080-exec-6] com.bharatshop.service.StoreService - [PROOF][STORE_REPO] store.id=3ce3b1bf-7c55-4fa5-bbe3-f45f8a93c67a source=DB
2026-01-19 01:46:11.729 [1;31mERROR[0;39m [11b89ec9-ed08-4c46-9e7e-24a413e9d5dd] [http-nio-8080-exec-6] com.bharatshop.service.StoreService - [PROOF][STORE_REPO] store.id=63a5a059-9fb3-4f8e-9b44-b1d3ebf7e683 source=DB
2026-01-19 01:46:11.729 [1;31mERROR[0;39m [11b89ec9-ed08-4c46-9e7e-24a413e9d5dd] [http-nio-8080-exec-6] com.bharatshop.service.StoreService - [PROOF][STORE_REPO] store.id=68a008cd-6b10-4e48-b036-e3d752230378 source=DB
2026-01-19 01:46:11.730 [1;31mERROR[0;39m [11b89ec9-ed08-4c46-9e7e-24a413e9d5dd] [http-nio-8080-exec-6] com.bharatshop.service.StoreService - [PROOF][STORE_REPO] store.id=7bcf0556-b5ba-4df8-9196-1d24f45488c0 source=DB
2026-01-19 01:46:11.730 [1;31mERROR[0;39m [11b89ec9-ed08-4c46-9e7e-24a413e9d5dd] [http-nio-8080-exec-6] com.bharatshop.service.StoreService - [PROOF][STORE_REPO] store.id=871a0bfe-570b-44ed-b7c4-ef60b2d18cf1 source=DB
2026-01-19 01:46:11.730 [1;31mERROR[0;39m [11b89ec9-ed08-4c46-9e7e-24a413e9d5dd] [http-nio-8080-exec-6] com.bharatshop.service.StoreService - [PROOF][STORE_REPO] store.id=90e791d5-27d3-4330-b834-48510b7dea41 source=DB
2026-01-19 01:46:11.732 [1;31mERROR[0;39m [11b89ec9-ed08-4c46-9e7e-24a413e9d5dd] [http-nio-8080-exec-6] com.bharatshop.service.StoreService - [PROOF][STORE_REPO] store.id=9a0c37d7-50b9-462e-a551-dcdd782d8a5f source=DB
2026-01-19 01:46:11.732 [1;31mERROR[0;39m [11b89ec9-ed08-4c46-9e7e-24a413e9d5dd] [http-nio-8080-exec-6] com.bharatshop.service.StoreService - [PROOF][STORE_REPO] store.id=aee5f433-686e-45bb-be6b-2160a9267cb2 source=DB
2026-01-19 01:46:11.732 [1;31mERROR[0;39m [11b89ec9-ed08-4c46-9e7e-24a413e9d5dd] [http-nio-8080-exec-6] com.bharatshop.service.StoreService - [PROOF][STORE_REPO] store.id=b585adf9-d1e7-41be-ba0f-179581c84259 source=DB
2026-01-19 01:46:11.732 [1;31mERROR[0;39m [11b89ec9-ed08-4c46-9e7e-24a413e9d5dd] [http-nio-8080-exec-6] com.bharatshop.service.StoreService - [PROOF][STORE_REPO] store.id=ce9a05aa-7780-4da8-a071-1039ff4b1e4f source=DB
2026-01-19 01:46:11.733 [1;31mERROR[0;39m [11b89ec9-ed08-4c46-9e7e-24a413e9d5dd] [http-nio-8080-exec-6] com.bharatshop.service.StoreService - [PROOF][STORE_REPO] store.id=storeA source=DB
2026-01-19 01:46:11.733 [1;31mERROR[0;39m [11b89ec9-ed08-4c46-9e7e-24a413e9d5dd] [http-nio-8080-exec-6] com.bharatshop.service.StoreService - [PROOF][STORE_MAP] entity.id=24ab445b-351b-441e-b886-7e6b905c269b mapped.id=24ab445b-351b-441e-b886-7e6b905c269b
2026-01-19 01:46:11.733 [1;31mERROR[0;39m [11b89ec9-ed08-4c46-9e7e-24a413e9d5dd] [http-nio-8080-exec-6] com.bharatshop.service.StoreService - [PROOF][STORE_MAP] entity.id=33b16e50-5c33-4fc8-b546-8c796895cf49 mapped.id=33b16e50-5c33-4fc8-b546-8c796895cf49
2026-01-19 01:46:11.733 [1;31mERROR[0;39m [11b89ec9-ed08-4c46-9e7e-24a413e9d5dd] [http-nio-8080-exec-6] com.bharatshop.service.StoreService - [PROOF][STORE_MAP] entity.id=3ce3b1bf-7c55-4fa5-bbe3-f45f8a93c67a mapped.id=3ce3b1bf-7c55-4fa5-bbe3-f45f8a93c67a
2026-01-19 01:46:11.734 [1;31mERROR[0;39m [11b89ec9-ed08-4c46-9e7e-24a413e9d5dd] [http-nio-8080-exec-6] com.bharatshop.service.StoreService - [PROOF][STORE_MAP] entity.id=63a5a059-9fb3-4f8e-9b44-b1d3ebf7e683 mapped.id=63a5a059-9fb3-4f8e-9b44-b1d3ebf7e683
2026-01-19 01:46:11.734 [1;31mERROR[0;39m [11b89ec9-ed08-4c46-9e7e-24a413e9d5dd] [http-nio-8080-exec-6] com.bharatshop.service.StoreService - [PROOF][STORE_MAP] entity.id=68a008cd-6b10-4e48-b036-e3d752230378 mapped.id=68a008cd-6b10-4e48-b036-e3d752230378
2026-01-19 01:46:11.734 [1;31mERROR[0;39m [11b89ec9-ed08-4c46-9e7e-24a413e9d5dd] [http-nio-8080-exec-6] com.bharatshop.service.StoreService - [PROOF][STORE_MAP] entity.id=7bcf0556-b5ba-4df8-9196-1d24f45488c0 mapped.id=7bcf0556-b5ba-4df8-9196-1d24f45488c0
2026-01-19 01:46:11.734 [1;31mERROR[0;39m [11b89ec9-ed08-4c46-9e7e-24a413e9d5dd] [http-nio-8080-exec-6] com.bharatshop.service.StoreService - [PROOF][STORE_MAP] entity.id=871a0bfe-570b-44ed-b7c4-ef60b2d18cf1 mapped.id=871a0bfe-570b-44ed-b7c4-ef60b2d18cf1
2026-01-19 01:46:11.736 [1;31mERROR[0;39m [11b89ec9-ed08-4c46-9e7e-24a413e9d5dd] [http-nio-8080-exec-6] com.bharatshop.service.StoreService - [PROOF][STORE_MAP] entity.id=90e791d5-27d3-4330-b834-48510b7dea41 mapped.id=90e791d5-27d3-4330-b834-48510b7dea41
2026-01-19 01:46:11.736 [1;31mERROR[0;39m [11b89ec9-ed08-4c46-9e7e-24a413e9d5dd] [http-nio-8080-exec-6] com.bharatshop.service.StoreService - [PROOF][STORE_MAP] entity.id=9a0c37d7-50b9-462e-a551-dcdd782d8a5f mapped.id=9a0c37d7-50b9-462e-a551-dcdd782d8a5f
2026-01-19 01:46:11.736 [1;31mERROR[0;39m [11b89ec9-ed08-4c46-9e7e-24a413e9d5dd] [http-nio-8080-exec-6] com.bharatshop.service.StoreService - [PROOF][STORE_MAP] entity.id=aee5f433-686e-45bb-be6b-2160a9267cb2 mapped.id=aee5f433-686e-45bb-be6b-2160a9267cb2
2026-01-19 01:46:11.737 [1;31mERROR[0;39m [11b89ec9-ed08-4c46-9e7e-24a413e9d5dd] [http-nio-8080-exec-6] com.bharatshop.service.StoreService - [PROOF][STORE_MAP] entity.id=b585adf9-d1e7-41be-ba0f-179581c84259 mapped.id=b585adf9-d1e7-41be-ba0f-179581c84259
2026-01-19 01:46:11.737 [1;31mERROR[0;39m [11b89ec9-ed08-4c46-9e7e-24a413e9d5dd] [http-nio-8080-exec-6] com.bharatshop.service.StoreService - [PROOF][STORE_MAP] entity.id=ce9a05aa-7780-4da8-a071-1039ff4b1e4f mapped.id=ce9a05aa-7780-4da8-a071-1039ff4b1e4f
2026-01-19 01:46:11.737 [1;31mERROR[0;39m [11b89ec9-ed08-4c46-9e7e-24a413e9d5dd] [http-nio-8080-exec-6] com.bharatshop.service.StoreService - [PROOF][STORE_MAP] entity.id=storeA mapped.id=storeA
2026-01-19 01:46:11.738 [1;31mERROR[0;39m [11b89ec9-ed08-4c46-9e7e-24a413e9d5dd] [http-nio-8080-exec-6] c.b.web.CustomerStorefrontController - [PROOF][STORE_LIST] store.id=storeA tenant=tenantA source=DB
2026-01-19 01:46:11.738 [1;31mERROR[0;39m [11b89ec9-ed08-4c46-9e7e-24a413e9d5dd] [http-nio-8080-exec-6] c.b.web.CustomerStorefrontController - [PROOF][STORE_LIST] store.id=33b16e50-5c33-4fc8-b546-8c796895cf49 tenant=tenantA source=DB
2026-01-19 01:46:11.738 [1;31mERROR[0;39m [11b89ec9-ed08-4c46-9e7e-24a413e9d5dd] [http-nio-8080-exec-6] c.b.web.CustomerStorefrontController - [PROOF][STORE_LIST] store.id=63a5a059-9fb3-4f8e-9b44-b1d3ebf7e683 tenant=tenantA source=DB
2026-01-19 01:46:11.739 [1;31mERROR[0;39m [11b89ec9-ed08-4c46-9e7e-24a413e9d5dd] [http-nio-8080-exec-6] c.b.web.CustomerStorefrontController - [PROOF][STORE_LIST] store.id=68a008cd-6b10-4e48-b036-e3d752230378 tenant=tenantA source=DB
2026-01-19 01:46:11.739 [1;31mERROR[0;39m [11b89ec9-ed08-4c46-9e7e-24a413e9d5dd] [http-nio-8080-exec-6] c.b.web.CustomerStorefrontController - [PROOF][STORE_LIST] store.id=7bcf0556-b5ba-4df8-9196-1d24f45488c0 tenant=tenantA source=DB
2026-01-19 01:46:11.739 [1;31mERROR[0;39m [11b89ec9-ed08-4c46-9e7e-24a413e9d5dd] [http-nio-8080-exec-6] c.b.web.CustomerStorefrontController - [PROOF][STORE_LIST] store.id=9a0c37d7-50b9-462e-a551-dcdd782d8a5f tenant=tenantA source=DB
2026-01-19 01:46:11.740 [1;31mERROR[0;39m [11b89ec9-ed08-4c46-9e7e-24a413e9d5dd] [http-nio-8080-exec-6] c.b.web.CustomerStorefrontController - [PROOF][STORE_LIST] store.id=b585adf9-d1e7-41be-ba0f-179581c84259 tenant=tenantA source=DB
2026-01-19 01:46:11.740 [1;31mERROR[0;39m [11b89ec9-ed08-4c46-9e7e-24a413e9d5dd] [http-nio-8080-exec-6] c.b.web.CustomerStorefrontController - [PROOF][STORE_LIST] store.id=24ab445b-351b-441e-b886-7e6b905c269b tenant=tenantA source=DB
2026-01-19 01:46:11.740 [1;31mERROR[0;39m [11b89ec9-ed08-4c46-9e7e-24a413e9d5dd] [http-nio-8080-exec-6] c.b.web.CustomerStorefrontController - [PROOF][STORE_LIST] store.id=3ce3b1bf-7c55-4fa5-bbe3-f45f8a93c67a tenant=tenantA source=DB
2026-01-19 01:46:11.741 [1;31mERROR[0;39m [11b89ec9-ed08-4c46-9e7e-24a413e9d5dd] [http-nio-8080-exec-6] c.b.web.CustomerStorefrontController - [PROOF][STORE_LIST] store.id=871a0bfe-570b-44ed-b7c4-ef60b2d18cf1 tenant=tenantA source=DB
2026-01-19 01:46:11.741 [1;31mERROR[0;39m [11b89ec9-ed08-4c46-9e7e-24a413e9d5dd] [http-nio-8080-exec-6] c.b.web.CustomerStorefrontController - [PROOF][STORE_LIST] store.id=90e791d5-27d3-4330-b834-48510b7dea41 tenant=tenantA source=DB
2026-01-19 01:46:11.742 [1;31mERROR[0;39m [11b89ec9-ed08-4c46-9e7e-24a413e9d5dd] [http-nio-8080-exec-6] c.b.web.CustomerStorefrontController - [PROOF][STORE_LIST] store.id=aee5f433-686e-45bb-be6b-2160a9267cb2 tenant=tenantA source=DB
2026-01-19 01:46:11.742 [1;31mERROR[0;39m [11b89ec9-ed08-4c46-9e7e-24a413e9d5dd] [http-nio-8080-exec-6] c.b.web.CustomerStorefrontController - [PROOF][STORE_LIST] store.id=ce9a05aa-7780-4da8-a071-1039ff4b1e4f tenant=tenantA source=DB
2026-01-19 01:46:11.745 [34mINFO [0;39m [11b89ec9-ed08-4c46-9e7e-24a413e9d5dd] [http-nio-8080-exec-6] c.b.config.logging.HttpLoggingFilter - GET /api/storefront/stores -> 200 (29 ms)
2026-01-19 01:46:11.746 [34mINFO [0;39m [11b89ec9-ed08-4c46-9e7e-24a413e9d5dd] [http-nio-8080-exec-6] c.b.config.logging.HttpLoggingFilter - Headers: auth=present content-type=application/json accept=*/*
2026-01-19 01:46:11.746 [34mINFO [0;39m [11b89ec9-ed08-4c46-9e7e-24a413e9d5dd] [http-nio-8080-exec-6] c.b.config.logging.HttpLoggingFilter - Response payload: [{"id":"storeA","name":"Alpha Kirana Store","area":"Connaught Place","category":"grocery","ownerId":null,"ownerPhone":"9000000002","products":null,"status":"open","orderingDisabled":false,"closedReason":null,"closedUntil":null,"logo":null,"updatedAt":"2026-01-16T00:06:49Z"},{"id":"33b16e50-5c33-4fc8-b546-8c796895cf49","name":"City Pharmacy","area":"Brigade","category":"pharmacy","ownerId":null,"ownerPhone":null,"products":null,"status":"open","orderingDisabled":false,"closedReason":null,"closedUntil":null,"logo":null,"updatedAt":"2026-01-15T18:57:31.724056Z"},{"id":"63a5a059-9fb3-4f8e-9b44-b1d3ebf7e683","name":"City Pharmacy","area":"Brigade","category":"pharmacy","ownerId":null,"ownerPhone":null,"products":null,"status":"open","orderingDisabled":false,"closedReason":null,"closedUntil":null,"logo":null,"updatedAt":"2026-01-18T20:13:38.663820Z"},{"id":"68a008cd-6b10-4e48-b036-e3d752230378","name":"City Pharmacy","area":"Brigade","category":"pharmacy","ownerId":null,"ownerPhone":null,"products":null,"status":"open","orderingDisabled":false,"closedReason":null,"closedUntil":null,"logo":null,"updatedAt":"2026-01-15T19:03:29.647598Z"},{"id":"7bcf0556-b5ba-4df8-9196-1d24f45488c0","name":"City Pharmacy","area":"Brigade","category":"pharmacy","ownerId":null,"ownerPhone":null,"products":null,"status":"open","orderingDisabled":false,"closedReason":null,"closedUntil":null,"logo":null,"updatedAt":"2026-01-18T20:09:12.421625Z"},{"id":"9a0c37d7-50b9-462e-a551-dcdd782d8a5f","name":"City Pharmacy","area":"Brigade","category":"pharmacy","ownerId":null,"ownerPhone":null,"products":null,"status":"open","orderingDisabled":false,"closedReason":null,"closedUntil":null,"logo":null,"updatedAt":"2026-01-15T19:11:19.048431Z"},{"id":"b585adf9-d1e7-41be-ba0f-179581c84259","name":"City Pharmacy","area":"Brigade","category":"pharmacy","ownerId":null,"ownerPhone":null,"products":null,"status":"open","orderingDisabled":false,"closedReason":null,"closedUntil":null,"logo":null,"updatedAt":"2026-01-15T17:56:53.379793Z"},{"id":"24ab445b-351b-441e-b886-7e6b905c269b","name":"Fresh Mart","area":"MG Road","category":"grocery","ownerId":null,"ownerPhone":null,"products":null,"status":"open","orderingDisabled":false,"closedReason":null,"closedUntil":null,"logo":null,"updatedAt":"2026-01-15T19:11:18.918553Z"},{"id":"3ce3b1bf-7c55-4fa5-bbe3-f45f8a93c67a","name":"Fresh Mart","area":"MG Road","category":"grocery","ownerId":null,"ownerPhone":null,"products":null,"status":"open","orderingDisabled":false,"closedReason":null,"closedUntil":null,"logo":null,"updatedAt":"2026-01-15T17:56:53.251484Z"},{"id":"871a0bfe-570b-44ed-b7c4-ef60b2d18cf1","name":"Fresh Mart","area":"MG Road","category":"grocery","ownerId":null,"ownerPhone":null,"products":null,"status":"open","orderingDisabled":false,"closedReason":null,"closedUntil":null,"logo":null,"updatedAt":"2026-01-15T19:03:29.540557Z"},{"id":"90e791d5-27d3-4330-b834-48510b7dea41","name":"Fresh Mart","area":"MG Road","category":"grocery","ownerId":null,"ownerPhone":null,"products":null,"status":"open","orderingDisabled":false,"closedReason":null,"closedUntil":null,"logo":null,"updatedAt":"2026-01-18T20:09:12.272954Z"},{"id":"aee5f433-686e-45bb-be6b-2160a9267cb2","name":"Fresh Mart","area":"MG Road","category":"grocery","ownerId":null,"ownerPhone":null,"products":null,"status":"open","orderingDisabled":false,"closedReason":null,"closedUntil":null,"logo":null,"updatedAt":"2026-01-18T20:13:38.568416Z"},{"id":"ce9a05aa-7780-4da8-a071-1039ff4b1e4f","name":"Fresh Mart","area":"MG Road","category":"grocery","ownerId":null,"ownerPhone":null,"products":null,"status":"open","orderingDisabled":false,"closedReason":null,"closedUntil":null,"logo":null,"updatedAt":"2026-01-15T18:57:31.588523Z"}]
2026-01-19 01:46:11.762 [34mINFO [0;39m [e5427915-3f64-481b-a14a-434ce6c8e7a6] [http-nio-8080-exec-5] c.b.config.TenantInterceptor - tenant-context: tenant=tenantA method=GET path=/api/storefront/stores
2026-01-19 01:46:11.763 [34mINFO [0;39m [e5427915-3f64-481b-a14a-434ce6c8e7a6] [http-nio-8080-exec-5] c.b.web.CustomerStorefrontController - Customer storefront: list stores tenant=tenantA userId=df8197cf-e77d-4f28-8166-28e1723c845c search=null category=null
2026-01-19 01:46:11.767 [34mINFO [0;39m [566eaf8b-2ad5-4be8-b25d-3da65f7983f6] [http-nio-8080-exec-7] c.b.config.TenantInterceptor - tenant-context: tenant=tenantA method=GET path=/api/storefront/categories
2026-01-19 01:46:11.768 [34mINFO [0;39m [566eaf8b-2ad5-4be8-b25d-3da65f7983f6] [http-nio-8080-exec-7] c.b.web.CustomerStorefrontController - Customer storefront: list categories tenant=tenantA userId=df8197cf-e77d-4f28-8166-28e1723c845c
2026-01-19 01:46:11.774 [34mINFO [0;39m [e5427915-3f64-481b-a14a-434ce6c8e7a6] [http-nio-8080-exec-5] c.b.logging.RepositoryLoggingAspect - [REPO_CALL] table=stores tenant=tenantA ids=[24ab445b-351b-441e-b886-7e6b905c269b, 33b16e50-5c33-4fc8-b546-8c796895cf49, 3ce3b1bf-7c55-4fa5-bbe3-f45f8a93c67a, 63a5a059-9fb3-4f8e-9b44-b1d3ebf7e683, 68a008cd-6b10-4e48-b036-e3d752230378, 7bcf0556-b5ba-4df8-9196-1d24f45488c0, 871a0bfe-570b-44ed-b7c4-ef60b2d18cf1, 90e791d5-27d3-4330-b834-48510b7dea41, 9a0c37d7-50b9-462e-a551-dcdd782d8a5f, aee5f433-686e-45bb-be6b-2160a9267cb2, b585adf9-d1e7-41be-ba0f-179581c84259, ce9a05aa-7780-4da8-a071-1039ff4b1e4f, storeA]
2026-01-19 01:46:11.777 [1;31mERROR[0;39m [e5427915-3f64-481b-a14a-434ce6c8e7a6] [http-nio-8080-exec-5] com.bharatshop.service.StoreService - [PROOF][STORE_REPO] store.id=24ab445b-351b-441e-b886-7e6b905c269b source=DB
2026-01-19 01:46:11.778 [1;31mERROR[0;39m [e5427915-3f64-481b-a14a-434ce6c8e7a6] [http-nio-8080-exec-5] com.bharatshop.service.StoreService - [PROOF][STORE_REPO] store.id=33b16e50-5c33-4fc8-b546-8c796895cf49 source=DB
2026-01-19 01:46:11.778 [1;31mERROR[0;39m [e5427915-3f64-481b-a14a-434ce6c8e7a6] [http-nio-8080-exec-5] com.bharatshop.service.StoreService - [PROOF][STORE_REPO] store.id=3ce3b1bf-7c55-4fa5-bbe3-f45f8a93c67a source=DB
2026-01-19 01:46:11.779 [1;31mERROR[0;39m [e5427915-3f64-481b-a14a-434ce6c8e7a6] [http-nio-8080-exec-5] com.bharatshop.service.StoreService - [PROOF][STORE_REPO] store.id=63a5a059-9fb3-4f8e-9b44-b1d3ebf7e683 source=DB
2026-01-19 01:46:11.779 [1;31mERROR[0;39m [e5427915-3f64-481b-a14a-434ce6c8e7a6] [http-nio-8080-exec-5] com.bharatshop.service.StoreService - [PROOF][STORE_REPO] store.id=68a008cd-6b10-4e48-b036-e3d752230378 source=DB
2026-01-19 01:46:11.780 [1;31mERROR[0;39m [e5427915-3f64-481b-a14a-434ce6c8e7a6] [http-nio-8080-exec-5] com.bharatshop.service.StoreService - [PROOF][STORE_REPO] store.id=7bcf0556-b5ba-4df8-9196-1d24f45488c0 source=DB
2026-01-19 01:46:11.780 [34mINFO [0;39m [566eaf8b-2ad5-4be8-b25d-3da65f7983f6] [http-nio-8080-exec-7] c.b.config.logging.HttpLoggingFilter - GET /api/storefront/categories -> 200 (14 ms)
2026-01-19 01:46:11.780 [1;31mERROR[0;39m [e5427915-3f64-481b-a14a-434ce6c8e7a6] [http-nio-8080-exec-5] com.bharatshop.service.StoreService - [PROOF][STORE_REPO] store.id=871a0bfe-570b-44ed-b7c4-ef60b2d18cf1 source=DB
2026-01-19 01:46:11.780 [34mINFO [0;39m [566eaf8b-2ad5-4be8-b25d-3da65f7983f6] [http-nio-8080-exec-7] c.b.config.logging.HttpLoggingFilter - Headers: auth=present content-type=application/json accept=*/*
2026-01-19 01:46:11.781 [1;31mERROR[0;39m [e5427915-3f64-481b-a14a-434ce6c8e7a6] [http-nio-8080-exec-5] com.bharatshop.service.StoreService - [PROOF][STORE_REPO] store.id=90e791d5-27d3-4330-b834-48510b7dea41 source=DB
2026-01-19 01:46:11.781 [34mINFO [0;39m [566eaf8b-2ad5-4be8-b25d-3da65f7983f6] [http-nio-8080-exec-7] c.b.config.logging.HttpLoggingFilter - Response payload: ["dairy","fruits","grocery","medicine"]
2026-01-19 01:46:11.781 [1;31mERROR[0;39m [e5427915-3f64-481b-a14a-434ce6c8e7a6] [http-nio-8080-exec-5] com.bharatshop.service.StoreService - [PROOF][STORE_REPO] store.id=9a0c37d7-50b9-462e-a551-dcdd782d8a5f source=DB
2026-01-19 01:46:11.781 [1;31mERROR[0;39m [e5427915-3f64-481b-a14a-434ce6c8e7a6] [http-nio-8080-exec-5] com.bharatshop.service.StoreService - [PROOF][STORE_REPO] store.id=aee5f433-686e-45bb-be6b-2160a9267cb2 source=DB
2026-01-19 01:46:11.781 [1;31mERROR[0;39m [e5427915-3f64-481b-a14a-434ce6c8e7a6] [http-nio-8080-exec-5] com.bharatshop.service.StoreService - [PROOF][STORE_REPO] store.id=b585adf9-d1e7-41be-ba0f-179581c84259 source=DB
2026-01-19 01:46:11.782 [1;31mERROR[0;39m [e5427915-3f64-481b-a14a-434ce6c8e7a6] [http-nio-8080-exec-5] com.bharatshop.service.StoreService - [PROOF][STORE_REPO] store.id=ce9a05aa-7780-4da8-a071-1039ff4b1e4f source=DB
2026-01-19 01:46:11.783 [1;31mERROR[0;39m [e5427915-3f64-481b-a14a-434ce6c8e7a6] [http-nio-8080-exec-5] com.bharatshop.service.StoreService - [PROOF][STORE_REPO] store.id=storeA source=DB
2026-01-19 01:46:11.783 [1;31mERROR[0;39m [e5427915-3f64-481b-a14a-434ce6c8e7a6] [http-nio-8080-exec-5] com.bharatshop.service.StoreService - [PROOF][STORE_MAP] entity.id=24ab445b-351b-441e-b886-7e6b905c269b mapped.id=24ab445b-351b-441e-b886-7e6b905c269b
2026-01-19 01:46:11.784 [1;31mERROR[0;39m [e5427915-3f64-481b-a14a-434ce6c8e7a6] [http-nio-8080-exec-5] com.bharatshop.service.StoreService - [PROOF][STORE_MAP] entity.id=33b16e50-5c33-4fc8-b546-8c796895cf49 mapped.id=33b16e50-5c33-4fc8-b546-8c796895cf49
2026-01-19 01:46:11.784 [1;31mERROR[0;39m [e5427915-3f64-481b-a14a-434ce6c8e7a6] [http-nio-8080-exec-5] com.bharatshop.service.StoreService - [PROOF][STORE_MAP] entity.id=3ce3b1bf-7c55-4fa5-bbe3-f45f8a93c67a mapped.id=3ce3b1bf-7c55-4fa5-bbe3-f45f8a93c67a
2026-01-19 01:46:11.784 [1;31mERROR[0;39m [e5427915-3f64-481b-a14a-434ce6c8e7a6] [http-nio-8080-exec-5] com.bharatshop.service.StoreService - [PROOF][STORE_MAP] entity.id=63a5a059-9fb3-4f8e-9b44-b1d3ebf7e683 mapped.id=63a5a059-9fb3-4f8e-9b44-b1d3ebf7e683
2026-01-19 01:46:11.785 [1;31mERROR[0;39m [e5427915-3f64-481b-a14a-434ce6c8e7a6] [http-nio-8080-exec-5] com.bharatshop.service.StoreService - [PROOF][STORE_MAP] entity.id=68a008cd-6b10-4e48-b036-e3d752230378 mapped.id=68a008cd-6b10-4e48-b036-e3d752230378
2026-01-19 01:46:11.785 [1;31mERROR[0;39m [e5427915-3f64-481b-a14a-434ce6c8e7a6] [http-nio-8080-exec-5] com.bharatshop.service.StoreService - [PROOF][STORE_MAP] entity.id=7bcf0556-b5ba-4df8-9196-1d24f45488c0 mapped.id=7bcf0556-b5ba-4df8-9196-1d24f45488c0
2026-01-19 01:46:11.786 [1;31mERROR[0;39m [e5427915-3f64-481b-a14a-434ce6c8e7a6] [http-nio-8080-exec-5] com.bharatshop.service.StoreService - [PROOF][STORE_MAP] entity.id=871a0bfe-570b-44ed-b7c4-ef60b2d18cf1 mapped.id=871a0bfe-570b-44ed-b7c4-ef60b2d18cf1
2026-01-19 01:46:11.786 [1;31mERROR[0;39m [e5427915-3f64-481b-a14a-434ce6c8e7a6] [http-nio-8080-exec-5] com.bharatshop.service.StoreService - [PROOF][STORE_MAP] entity.id=90e791d5-27d3-4330-b834-48510b7dea41 mapped.id=90e791d5-27d3-4330-b834-48510b7dea41
2026-01-19 01:46:11.786 [1;31mERROR[0;39m [e5427915-3f64-481b-a14a-434ce6c8e7a6] [http-nio-8080-exec-5] com.bharatshop.service.StoreService - [PROOF][STORE_MAP] entity.id=9a0c37d7-50b9-462e-a551-dcdd782d8a5f mapped.id=9a0c37d7-50b9-462e-a551-dcdd782d8a5f
2026-01-19 01:46:11.787 [1;31mERROR[0;39m [e5427915-3f64-481b-a14a-434ce6c8e7a6] [http-nio-8080-exec-5] com.bharatshop.service.StoreService - [PROOF][STORE_MAP] entity.id=aee5f433-686e-45bb-be6b-2160a9267cb2 mapped.id=aee5f433-686e-45bb-be6b-2160a9267cb2
2026-01-19 01:46:11.787 [1;31mERROR[0;39m [e5427915-3f64-481b-a14a-434ce6c8e7a6] [http-nio-8080-exec-5] com.bharatshop.service.StoreService - [PROOF][STORE_MAP] entity.id=b585adf9-d1e7-41be-ba0f-179581c84259 mapped.id=b585adf9-d1e7-41be-ba0f-179581c84259
2026-01-19 01:46:11.788 [1;31mERROR[0;39m [e5427915-3f64-481b-a14a-434ce6c8e7a6] [http-nio-8080-exec-5] com.bharatshop.service.StoreService - [PROOF][STORE_MAP] entity.id=ce9a05aa-7780-4da8-a071-1039ff4b1e4f mapped.id=ce9a05aa-7780-4da8-a071-1039ff4b1e4f
2026-01-19 01:46:11.789 [1;31mERROR[0;39m [e5427915-3f64-481b-a14a-434ce6c8e7a6] [http-nio-8080-exec-5] com.bharatshop.service.StoreService - [PROOF][STORE_MAP] entity.id=storeA mapped.id=storeA
2026-01-19 01:46:11.790 [1;31mERROR[0;39m [e5427915-3f64-481b-a14a-434ce6c8e7a6] [http-nio-8080-exec-5] c.b.web.CustomerStorefrontController - [PROOF][STORE_LIST] store.id=storeA tenant=tenantA source=DB
2026-01-19 01:46:11.790 [1;31mERROR[0;39m [e5427915-3f64-481b-a14a-434ce6c8e7a6] [http-nio-8080-exec-5] c.b.web.CustomerStorefrontController - [PROOF][STORE_LIST] store.id=33b16e50-5c33-4fc8-b546-8c796895cf49 tenant=tenantA source=DB
2026-01-19 01:46:11.791 [1;31mERROR[0;39m [e5427915-3f64-481b-a14a-434ce6c8e7a6] [http-nio-8080-exec-5] c.b.web.CustomerStorefrontController - [PROOF][STORE_LIST] store.id=63a5a059-9fb3-4f8e-9b44-b1d3ebf7e683 tenant=tenantA source=DB
2026-01-19 01:46:11.792 [1;31mERROR[0;39m [e5427915-3f64-481b-a14a-434ce6c8e7a6] [http-nio-8080-exec-5] c.b.web.CustomerStorefrontController - [PROOF][STORE_LIST] store.id=68a008cd-6b10-4e48-b036-e3d752230378 tenant=tenantA source=DB
2026-01-19 01:46:11.792 [1;31mERROR[0;39m [e5427915-3f64-481b-a14a-434ce6c8e7a6] [http-nio-8080-exec-5] c.b.web.CustomerStorefrontController - [PROOF][STORE_LIST] store.id=7bcf0556-b5ba-4df8-9196-1d24f45488c0 tenant=tenantA source=DB
2026-01-19 01:46:11.793 [1;31mERROR[0;39m [e5427915-3f64-481b-a14a-434ce6c8e7a6] [http-nio-8080-exec-5] c.b.web.CustomerStorefrontController - [PROOF][STORE_LIST] store.id=9a0c37d7-50b9-462e-a551-dcdd782d8a5f tenant=tenantA source=DB
2026-01-19 01:46:11.793 [1;31mERROR[0;39m [e5427915-3f64-481b-a14a-434ce6c8e7a6] [http-nio-8080-exec-5] c.b.web.CustomerStorefrontController - [PROOF][STORE_LIST] store.id=b585adf9-d1e7-41be-ba0f-179581c84259 tenant=tenantA source=DB
2026-01-19 01:46:11.793 [1;31mERROR[0;39m [e5427915-3f64-481b-a14a-434ce6c8e7a6] [http-nio-8080-exec-5] c.b.web.CustomerStorefrontController - [PROOF][STORE_LIST] store.id=24ab445b-351b-441e-b886-7e6b905c269b tenant=tenantA source=DB
2026-01-19 01:46:11.794 [1;31mERROR[0;39m [e5427915-3f64-481b-a14a-434ce6c8e7a6] [http-nio-8080-exec-5] c.b.web.CustomerStorefrontController - [PROOF][STORE_LIST] store.id=3ce3b1bf-7c55-4fa5-bbe3-f45f8a93c67a tenant=tenantA source=DB
2026-01-19 01:46:11.794 [1;31mERROR[0;39m [e5427915-3f64-481b-a14a-434ce6c8e7a6] [http-nio-8080-exec-5] c.b.web.CustomerStorefrontController - [PROOF][STORE_LIST] store.id=871a0bfe-570b-44ed-b7c4-ef60b2d18cf1 tenant=tenantA source=DB
2026-01-19 01:46:11.794 [1;31mERROR[0;39m [e5427915-3f64-481b-a14a-434ce6c8e7a6] [http-nio-8080-exec-5] c.b.web.CustomerStorefrontController - [PROOF][STORE_LIST] store.id=90e791d5-27d3-4330-b834-48510b7dea41 tenant=tenantA source=DB
2026-01-19 01:46:11.795 [1;31mERROR[0;39m [e5427915-3f64-481b-a14a-434ce6c8e7a6] [http-nio-8080-exec-5] c.b.web.CustomerStorefrontController - [PROOF][STORE_LIST] store.id=aee5f433-686e-45bb-be6b-2160a9267cb2 tenant=tenantA source=DB
2026-01-19 01:46:11.795 [1;31mERROR[0;39m [e5427915-3f64-481b-a14a-434ce6c8e7a6] [http-nio-8080-exec-5] c.b.web.CustomerStorefrontController - [PROOF][STORE_LIST] store.id=ce9a05aa-7780-4da8-a071-1039ff4b1e4f tenant=tenantA source=DB
2026-01-19 01:46:11.798 [34mINFO [0;39m [e5427915-3f64-481b-a14a-434ce6c8e7a6] [http-nio-8080-exec-5] c.b.config.logging.HttpLoggingFilter - GET /api/storefront/stores -> 200 (37 ms)
2026-01-19 01:46:11.799 [34mINFO [0;39m [e5427915-3f64-481b-a14a-434ce6c8e7a6] [http-nio-8080-exec-5] c.b.config.logging.HttpLoggingFilter - Headers: auth=present content-type=application/json accept=*/*
2026-01-19 01:46:11.800 [34mINFO [0;39m [e5427915-3f64-481b-a14a-434ce6c8e7a6] [http-nio-8080-exec-5] c.b.config.logging.HttpLoggingFilter - Response payload: [{"id":"storeA","name":"Alpha Kirana Store","area":"Connaught Place","category":"grocery","ownerId":null,"ownerPhone":"9000000002","products":null,"status":"open","orderingDisabled":false,"closedReason":null,"closedUntil":null,"logo":null,"updatedAt":"2026-01-16T00:06:49Z"},{"id":"33b16e50-5c33-4fc8-b546-8c796895cf49","name":"City Pharmacy","area":"Brigade","category":"pharmacy","ownerId":null,"ownerPhone":null,"products":null,"status":"open","orderingDisabled":false,"closedReason":null,"closedUntil":null,"logo":null,"updatedAt":"2026-01-15T18:57:31.724056Z"},{"id":"63a5a059-9fb3-4f8e-9b44-b1d3ebf7e683","name":"City Pharmacy","area":"Brigade","category":"pharmacy","ownerId":null,"ownerPhone":null,"products":null,"status":"open","orderingDisabled":false,"closedReason":null,"closedUntil":null,"logo":null,"updatedAt":"2026-01-18T20:13:38.663820Z"},{"id":"68a008cd-6b10-4e48-b036-e3d752230378","name":"City Pharmacy","area":"Brigade","category":"pharmacy","ownerId":null,"ownerPhone":null,"products":null,"status":"open","orderingDisabled":false,"closedReason":null,"closedUntil":null,"logo":null,"updatedAt":"2026-01-15T19:03:29.647598Z"},{"id":"7bcf0556-b5ba-4df8-9196-1d24f45488c0","name":"City Pharmacy","area":"Brigade","category":"pharmacy","ownerId":null,"ownerPhone":null,"products":null,"status":"open","orderingDisabled":false,"closedReason":null,"closedUntil":null,"logo":null,"updatedAt":"2026-01-18T20:09:12.421625Z"},{"id":"9a0c37d7-50b9-462e-a551-dcdd782d8a5f","name":"City Pharmacy","area":"Brigade","category":"pharmacy","ownerId":null,"ownerPhone":null,"products":null,"status":"open","orderingDisabled":false,"closedReason":null,"closedUntil":null,"logo":null,"updatedAt":"2026-01-15T19:11:19.048431Z"},{"id":"b585adf9-d1e7-41be-ba0f-179581c84259","name":"City Pharmacy","area":"Brigade","category":"pharmacy","ownerId":null,"ownerPhone":null,"products":null,"status":"open","orderingDisabled":false,"closedReason":null,"closedUntil":null,"logo":null,"updatedAt":"2026-01-15T17:56:53.379793Z"},{"id":"24ab445b-351b-441e-b886-7e6b905c269b","name":"Fresh Mart","area":"MG Road","category":"grocery","ownerId":null,"ownerPhone":null,"products":null,"status":"open","orderingDisabled":false,"closedReason":null,"closedUntil":null,"logo":null,"updatedAt":"2026-01-15T19:11:18.918553Z"},{"id":"3ce3b1bf-7c55-4fa5-bbe3-f45f8a93c67a","name":"Fresh Mart","area":"MG Road","category":"grocery","ownerId":null,"ownerPhone":null,"products":null,"status":"open","orderingDisabled":false,"closedReason":null,"closedUntil":null,"logo":null,"updatedAt":"2026-01-15T17:56:53.251484Z"},{"id":"871a0bfe-570b-44ed-b7c4-ef60b2d18cf1","name":"Fresh Mart","area":"MG Road","category":"grocery","ownerId":null,"ownerPhone":null,"products":null,"status":"open","orderingDisabled":false,"closedReason":null,"closedUntil":null,"logo":null,"updatedAt":"2026-01-15T19:03:29.540557Z"},{"id":"90e791d5-27d3-4330-b834-48510b7dea41","name":"Fresh Mart","area":"MG Road","category":"grocery","ownerId":null,"ownerPhone":null,"products":null,"status":"open","orderingDisabled":false,"closedReason":null,"closedUntil":null,"logo":null,"updatedAt":"2026-01-18T20:09:12.272954Z"},{"id":"aee5f433-686e-45bb-be6b-2160a9267cb2","name":"Fresh Mart","area":"MG Road","category":"grocery","ownerId":null,"ownerPhone":null,"products":null,"status":"open","orderingDisabled":false,"closedReason":null,"closedUntil":null,"logo":null,"updatedAt":"2026-01-18T20:13:38.568416Z"},{"id":"ce9a05aa-7780-4da8-a071-1039ff4b1e4f","name":"Fresh Mart","area":"MG Road","category":"grocery","ownerId":null,"ownerPhone":null,"products":null,"status":"open","orderingDisabled":false,"closedReason":null,"closedUntil":null,"logo":null,"updatedAt":"2026-01-15T18:57:31.588523Z"}]
2026-01-19 01:46:11.824 [34mINFO [0;39m [2ebbdb7b-4fb1-488e-90e3-5d0828656880] [http-nio-8080-exec-8] c.b.config.TenantInterceptor - tenant-context: tenant=tenantA method=GET path=/api/storefront/categories
2026-01-19 01:46:11.826 [34mINFO [0;39m [2ebbdb7b-4fb1-488e-90e3-5d0828656880] [http-nio-8080-exec-8] c.b.web.CustomerStorefrontController - Customer storefront: list categories tenant=tenantA userId=df8197cf-e77d-4f28-8166-28e1723c845c
2026-01-19 01:46:11.837 [34mINFO [0;39m [2ebbdb7b-4fb1-488e-90e3-5d0828656880] [http-nio-8080-exec-8] c.b.config.logging.HttpLoggingFilter - GET /api/storefront/categories -> 200 (14 ms)
2026-01-19 01:46:11.838 [34mINFO [0;39m [2ebbdb7b-4fb1-488e-90e3-5d0828656880] [http-nio-8080-exec-8] c.b.config.logging.HttpLoggingFilter - Headers: auth=present content-type=application/json accept=*/*
2026-01-19 01:46:11.838 [34mINFO [0;39m [2ebbdb7b-4fb1-488e-90e3-5d0828656880] [http-nio-8080-exec-8] c.b.config.logging.HttpLoggingFilter - Response payload: ["dairy","fruits","grocery","medicine"]
2026-01-19 01:46:36.796 [34mINFO [0;39m [f889270f-028e-4bf4-85d1-5465f0218985] [http-nio-8080-exec-9] c.b.config.TenantInterceptor - tenant-context: tenant=tenantA method=GET path=/api/storefront/stores/storeA
2026-01-19 01:46:36.798 [34mINFO [0;39m [f889270f-028e-4bf4-85d1-5465f0218985] [http-nio-8080-exec-9] c.b.web.CustomerStorefrontController - Customer storefront: get store tenant=tenantA userId=df8197cf-e77d-4f28-8166-28e1723c845c storeId=storeA 
2026-01-19 01:46:36.799 [1;31mERROR[0;39m [f889270f-028e-4bf4-85d1-5465f0218985] [http-nio-8080-exec-9] c.b.web.CustomerStorefrontController - [PROOF][STORE_API] requested storeId=storeA
2026-01-19 01:46:36.807 [1;31mERROR[0;39m [f889270f-028e-4bf4-85d1-5465f0218985] [http-nio-8080-exec-9] com.bharatshop.service.StoreService - [PROOF][STORE_MAP] entity.id=storeA mapped.id=storeA
2026-01-19 01:46:36.808 [1;31mERROR[0;39m [f889270f-028e-4bf4-85d1-5465f0218985] [http-nio-8080-exec-9] c.b.web.CustomerStorefrontController - [PROOF][STORE_API] store.from.db id=storeA
2026-01-19 01:46:36.809 [34mINFO [0;39m [f889270f-028e-4bf4-85d1-5465f0218985] [http-nio-8080-exec-9] c.b.config.logging.HttpLoggingFilter - GET /api/storefront/stores/storeA -> 200 (14 ms)
2026-01-19 01:46:36.810 [34mINFO [0;39m [f889270f-028e-4bf4-85d1-5465f0218985] [http-nio-8080-exec-9] c.b.config.logging.HttpLoggingFilter - Headers: auth=present content-type=application/json accept=*/*
2026-01-19 01:46:36.811 [34mINFO [0;39m [f889270f-028e-4bf4-85d1-5465f0218985] [http-nio-8080-exec-9] c.b.config.logging.HttpLoggingFilter - Response payload: {"id":"storeA","name":"Alpha Kirana Store","area":"Connaught Place","category":"grocery","ownerId":null,"ownerPhone":"9000000002","products":null,"status":"open","orderingDisabled":false,"closedReason":null,"closedUntil":null,"logo":null,"updatedAt":"2026-01-16T00:06:49Z"}
2026-01-19 01:46:36.829 [34mINFO [0;39m [690c44d9-6b5b-46ea-8aab-03e556c75ddf] [http-nio-8080-exec-10] c.b.config.TenantInterceptor - tenant-context: tenant=tenantA method=GET path=/api/storefront/stores/storeA
2026-01-19 01:46:36.831 [34mINFO [0;39m [690c44d9-6b5b-46ea-8aab-03e556c75ddf] [http-nio-8080-exec-10] c.b.web.CustomerStorefrontController - Customer storefront: get store tenant=tenantA userId=df8197cf-e77d-4f28-8166-28e1723c845c storeId=storeA 
2026-01-19 01:46:36.831 [1;31mERROR[0;39m [690c44d9-6b5b-46ea-8aab-03e556c75ddf] [http-nio-8080-exec-10] c.b.web.CustomerStorefrontController - [PROOF][STORE_API] requested storeId=storeA
2026-01-19 01:46:36.838 [1;31mERROR[0;39m [690c44d9-6b5b-46ea-8aab-03e556c75ddf] [http-nio-8080-exec-10] com.bharatshop.service.StoreService - [PROOF][STORE_MAP] entity.id=storeA mapped.id=storeA
2026-01-19 01:46:36.839 [1;31mERROR[0;39m [690c44d9-6b5b-46ea-8aab-03e556c75ddf] [http-nio-8080-exec-10] c.b.web.CustomerStorefrontController - [PROOF][STORE_API] store.from.db id=storeA
2026-01-19 01:46:36.841 [34mINFO [0;39m [690c44d9-6b5b-46ea-8aab-03e556c75ddf] [http-nio-8080-exec-10] c.b.config.logging.HttpLoggingFilter - GET /api/storefront/stores/storeA -> 200 (13 ms)
2026-01-19 01:46:36.842 [34mINFO [0;39m [690c44d9-6b5b-46ea-8aab-03e556c75ddf] [http-nio-8080-exec-10] c.b.config.logging.HttpLoggingFilter - Headers: auth=present content-type=application/json accept=*/*
2026-01-19 01:46:36.843 [34mINFO [0;39m [690c44d9-6b5b-46ea-8aab-03e556c75ddf] [http-nio-8080-exec-10] c.b.config.logging.HttpLoggingFilter - Response payload: {"id":"storeA","name":"Alpha Kirana Store","area":"Connaught Place","category":"grocery","ownerId":null,"ownerPhone":"9000000002","products":null,"status":"open","orderingDisabled":false,"closedReason":null,"closedUntil":null,"logo":null,"updatedAt":"2026-01-16T00:06:49Z"}
2026-01-19 01:46:36.845 [34mINFO [0;39m [3a794c75-482b-494c-84ad-b39d528b87e2] [http-nio-8080-exec-1] c.b.config.TenantInterceptor - tenant-context: tenant=tenantA method=GET path=/api/storefront/stores/storeA/products
2026-01-19 01:46:36.847 [34mINFO [0;39m [3a794c75-482b-494c-84ad-b39d528b87e2] [http-nio-8080-exec-1] c.b.web.CustomerStorefrontController - Customer storefront: list products by store tenant=tenantA userId=df8197cf-e77d-4f28-8166-28e1723c845c storeId=storeA 
2026-01-19 01:46:36.848 [1;31mERROR[0;39m [3a794c75-482b-494c-84ad-b39d528b87e2] [http-nio-8080-exec-1] c.b.web.CustomerStorefrontController - [PROOF][PRODUCT_API] requested storeId=storeA
2026-01-19 01:46:36.856 [1;31mERROR[0;39m [3a794c75-482b-494c-84ad-b39d528b87e2] [http-nio-8080-exec-1] com.bharatshop.service.StoreService - [PROOF][STORE_MAP] entity.id=storeA mapped.id=storeA
2026-01-19 01:46:36.857 [1;31mERROR[0;39m [3a794c75-482b-494c-84ad-b39d528b87e2] [http-nio-8080-exec-1] c.bharatshop.service.ProductService - [PROOF][PRODUCT_QUERY] requested storeId=storeA
2026-01-19 01:46:36.864 [34mINFO [0;39m [3a794c75-482b-494c-84ad-b39d528b87e2] [http-nio-8080-exec-1] c.b.logging.RepositoryLoggingAspect - [REPO_CALL] table=products tenant=tenantA ids=[prodA1, prodA2, prodA3]
2026-01-19 01:46:36.865 [1;31mERROR[0;39m [3a794c75-482b-494c-84ad-b39d528b87e2] [http-nio-8080-exec-1] c.bharatshop.service.ProductService - [PROOF][PRODUCT_DB] product.id=prodA1 storeId=storeA
2026-01-19 01:46:36.866 [1;31mERROR[0;39m [3a794c75-482b-494c-84ad-b39d528b87e2] [http-nio-8080-exec-1] c.bharatshop.service.ProductService - [PROOF][PRODUCT_DB] product.id=prodA2 storeId=storeA
2026-01-19 01:46:36.866 [1;31mERROR[0;39m [3a794c75-482b-494c-84ad-b39d528b87e2] [http-nio-8080-exec-1] c.bharatshop.service.ProductService - [PROOF][PRODUCT_DB] product.id=prodA3 storeId=storeA
2026-01-19 01:46:36.866 [1;31mERROR[0;39m [3a794c75-482b-494c-84ad-b39d528b87e2] [http-nio-8080-exec-1] c.b.web.CustomerStorefrontController - [PROOF][PRODUCT_DB] productId=prodA1 storeId=storeA tenant=tenantA
2026-01-19 01:46:36.867 [1;31mERROR[0;39m [3a794c75-482b-494c-84ad-b39d528b87e2] [http-nio-8080-exec-1] c.b.web.CustomerStorefrontController - [PROOF][PRODUCT_DB] productId=prodA2 storeId=storeA tenant=tenantA
2026-01-19 01:46:36.867 [1;31mERROR[0;39m [3a794c75-482b-494c-84ad-b39d528b87e2] [http-nio-8080-exec-1] c.b.web.CustomerStorefrontController - [PROOF][PRODUCT_DB] productId=prodA3 storeId=storeA tenant=tenantA
2026-01-19 01:46:36.869 [34mINFO [0;39m [3a794c75-482b-494c-84ad-b39d528b87e2] [http-nio-8080-exec-1] c.b.config.logging.HttpLoggingFilter - GET /api/storefront/stores/storeA/products -> 200 (26 ms)
2026-01-19 01:46:36.870 [34mINFO [0;39m [3a794c75-482b-494c-84ad-b39d528b87e2] [http-nio-8080-exec-1] c.b.config.logging.HttpLoggingFilter - Headers: auth=present content-type=application/json accept=*/*
2026-01-19 01:46:36.870 [34mINFO [0;39m [3a794c75-482b-494c-84ad-b39d528b87e2] [http-nio-8080-exec-1] c.b.config.logging.HttpLoggingFilter - Response payload: [{"id":"prodA1","name":"Aata 1kg","price":55.0,"description":null,"image":null,"category":"grocery","storeId":"storeA","currency":"INR","sku":null,"stock":null,"active":true},{"id":"prodA2","name":"Rice 1kg","price":65.0,"description":null,"image":null,"category":"grocery","storeId":"storeA","currency":"INR","sku":null,"stock":null,"active":true},{"id":"prodA3","name":"Milk 500ml","price":30.0,"description":null,"image":null,"category":"dairy","storeId":"storeA","currency":"INR","sku":null,"stock":null,"active":true}]
2026-01-19 01:46:36.888 [34mINFO [0;39m [81cdce9c-561a-4489-804f-62a65f4c8aa5] [http-nio-8080-exec-2] c.b.config.TenantInterceptor - tenant-context: tenant=tenantA method=GET path=/api/storefront/stores/storeA/products
2026-01-19 01:46:36.889 [34mINFO [0;39m [81cdce9c-561a-4489-804f-62a65f4c8aa5] [http-nio-8080-exec-2] c.b.web.CustomerStorefrontController - Customer storefront: list products by store tenant=tenantA userId=df8197cf-e77d-4f28-8166-28e1723c845c storeId=storeA 
2026-01-19 01:46:36.890 [1;31mERROR[0;39m [81cdce9c-561a-4489-804f-62a65f4c8aa5] [http-nio-8080-exec-2] c.b.web.CustomerStorefrontController - [PROOF][PRODUCT_API] requested storeId=storeA
2026-01-19 01:46:36.897 [1;31mERROR[0;39m [81cdce9c-561a-4489-804f-62a65f4c8aa5] [http-nio-8080-exec-2] com.bharatshop.service.StoreService - [PROOF][STORE_MAP] entity.id=storeA mapped.id=storeA
2026-01-19 01:46:36.898 [1;31mERROR[0;39m [81cdce9c-561a-4489-804f-62a65f4c8aa5] [http-nio-8080-exec-2] c.bharatshop.service.ProductService - [PROOF][PRODUCT_QUERY] requested storeId=storeA
2026-01-19 01:46:36.904 [34mINFO [0;39m [81cdce9c-561a-4489-804f-62a65f4c8aa5] [http-nio-8080-exec-2] c.b.logging.RepositoryLoggingAspect - [REPO_CALL] table=products tenant=tenantA ids=[prodA1, prodA2, prodA3]
2026-01-19 01:46:36.904 [1;31mERROR[0;39m [81cdce9c-561a-4489-804f-62a65f4c8aa5] [http-nio-8080-exec-2] c.bharatshop.service.ProductService - [PROOF][PRODUCT_DB] product.id=prodA1 storeId=storeA
2026-01-19 01:46:36.905 [1;31mERROR[0;39m [81cdce9c-561a-4489-804f-62a65f4c8aa5] [http-nio-8080-exec-2] c.bharatshop.service.ProductService - [PROOF][PRODUCT_DB] product.id=prodA2 storeId=storeA
2026-01-19 01:46:36.905 [1;31mERROR[0;39m [81cdce9c-561a-4489-804f-62a65f4c8aa5] [http-nio-8080-exec-2] c.bharatshop.service.ProductService - [PROOF][PRODUCT_DB] product.id=prodA3 storeId=storeA
2026-01-19 01:46:36.905 [1;31mERROR[0;39m [81cdce9c-561a-4489-804f-62a65f4c8aa5] [http-nio-8080-exec-2] c.b.web.CustomerStorefrontController - [PROOF][PRODUCT_DB] productId=prodA1 storeId=storeA tenant=tenantA
2026-01-19 01:46:36.906 [1;31mERROR[0;39m [81cdce9c-561a-4489-804f-62a65f4c8aa5] [http-nio-8080-exec-2] c.b.web.CustomerStorefrontController - [PROOF][PRODUCT_DB] productId=prodA2 storeId=storeA tenant=tenantA
2026-01-19 01:46:36.906 [1;31mERROR[0;39m [81cdce9c-561a-4489-804f-62a65f4c8aa5] [http-nio-8080-exec-2] c.b.web.CustomerStorefrontController - [PROOF][PRODUCT_DB] productId=prodA3 storeId=storeA tenant=tenantA
2026-01-19 01:46:36.908 [34mINFO [0;39m [81cdce9c-561a-4489-804f-62a65f4c8aa5] [http-nio-8080-exec-2] c.b.config.logging.HttpLoggingFilter - GET /api/storefront/stores/storeA/products -> 200 (21 ms)
2026-01-19 01:46:36.908 [34mINFO [0;39m [81cdce9c-561a-4489-804f-62a65f4c8aa5] [http-nio-8080-exec-2] c.b.config.logging.HttpLoggingFilter - Headers: auth=present content-type=application/json accept=*/*
2026-01-19 01:46:36.909 [34mINFO [0;39m [81cdce9c-561a-4489-804f-62a65f4c8aa5] [http-nio-8080-exec-2] c.b.config.logging.HttpLoggingFilter - Response payload: [{"id":"prodA1","name":"Aata 1kg","price":55.0,"description":null,"image":null,"category":"grocery","storeId":"storeA","currency":"INR","sku":null,"stock":null,"active":true},{"id":"prodA2","name":"Rice 1kg","price":65.0,"description":null,"image":null,"category":"grocery","storeId":"storeA","currency":"INR","sku":null,"stock":null,"active":true},{"id":"prodA3","name":"Milk 500ml","price":30.0,"description":null,"image":null,"category":"dairy","storeId":"storeA","currency":"INR","sku":null,"stock":null,"active":true}]
2026-01-19 01:46:45.923 [34mINFO [0;39m [89cb100d-4e37-4209-b4d5-91c9e3ec4ae0] [http-nio-8080-exec-4] c.b.config.TenantInterceptor - tenant-context: tenant=tenantA method=POST path=/api/orders
2026-01-19 01:46:45.925 [34mINFO [0;39m [89cb100d-4e37-4209-b4d5-91c9e3ec4ae0] [http-nio-8080-exec-4] c.bharatshop.web.OrdersApiController - Create order via canonical endpoint: tenant=tenantA userId=df8197cf-e77d-4f28-8166-28e1723c845c items=1 paymentMethod=COD
2026-01-19 01:46:45.925 [1;31mERROR[0;39m [89cb100d-4e37-4209-b4d5-91c9e3ec4ae0] [http-nio-8080-exec-4] c.bharatshop.web.OrdersApiController - [PROOF][ORDER_API] payload=com.bharatshop.dto.CheckoutRequest@1bd16c21
2026-01-19 01:46:45.925 [1;31mERROR[0;39m [89cb100d-4e37-4209-b4d5-91c9e3ec4ae0] [http-nio-8080-exec-4] c.bharatshop.web.OrdersApiController - [PROOF][ORDER_ITEM] productId=prodA3
2026-01-19 01:46:45.926 [34mINFO [0;39m [89cb100d-4e37-4209-b4d5-91c9e3ec4ae0] [http-nio-8080-exec-4] c.bharatshop.service.CheckoutService - CheckoutService: tenant=tenantA userId=df8197cf-e77d-4f28-8166-28e1723c845c
2026-01-19 01:46:45.926 [34mINFO [0;39m [89cb100d-4e37-4209-b4d5-91c9e3ec4ae0] [http-nio-8080-exec-4] c.bharatshop.service.CheckoutService - CheckoutRequest: items.size=1 itemClass=com.bharatshop.dto.CheckoutItem productIds=prodA3
2026-01-19 01:46:45.932 [1;31mERROR[0;39m [89cb100d-4e37-4209-b4d5-91c9e3ec4ae0] [http-nio-8080-exec-4] c.bharatshop.service.CheckoutService - [PROOF][CHECKOUT] lookup productId=prodA3 found=true
2026-01-19 01:46:45.932 [1;31mERROR[0;39m [89cb100d-4e37-4209-b4d5-91c9e3ec4ae0] [http-nio-8080-exec-4] c.bharatshop.service.CheckoutService - [PROOF][CHECKOUT] product.id=prodA3 product.storeId=storeA tenant=tenantA
2026-01-19 01:46:45.932 [34mINFO [0;39m [89cb100d-4e37-4209-b4d5-91c9e3ec4ae0] [http-nio-8080-exec-4] c.bharatshop.service.CheckoutService - CheckoutService: storeId resolved=storeA
2026-01-19 01:46:45.938 [1;31mERROR[0;39m [89cb100d-4e37-4209-b4d5-91c9e3ec4ae0] [http-nio-8080-exec-4] com.bharatshop.service.StoreService - [PROOF][STORE_MAP] entity.id=storeA mapped.id=storeA
2026-01-19 01:46:45.943 [34mINFO [0;39m [89cb100d-4e37-4209-b4d5-91c9e3ec4ae0] [http-nio-8080-exec-4] c.bharatshop.service.CheckoutService - CheckoutService: total computed=30.0
2026-01-19 01:46:45.978 [34mINFO [0;39m [89cb100d-4e37-4209-b4d5-91c9e3ec4ae0] [http-nio-8080-exec-4] c.bharatshop.service.CheckoutService - CheckoutService: success orderId=a0e3da69-b5b1-4e1d-bf39-3769ac9f115d reference=REF-a0e3da69 userId=df8197cf-e77d-4f28-8166-28e1723c845c
2026-01-19 01:46:45.980 [34mINFO [0;39m [89cb100d-4e37-4209-b4d5-91c9e3ec4ae0] [http-nio-8080-exec-4] c.b.config.logging.HttpLoggingFilter - POST /api/orders -> 200 (58 ms)
2026-01-19 01:46:45.980 [34mINFO [0;39m [89cb100d-4e37-4209-b4d5-91c9e3ec4ae0] [http-nio-8080-exec-4] c.b.config.logging.HttpLoggingFilter - Headers: auth=present content-type=application/json accept=*/*
2026-01-19 01:46:45.981 [34mINFO [0;39m [89cb100d-4e37-4209-b4d5-91c9e3ec4ae0] [http-nio-8080-exec-4] c.b.config.logging.HttpLoggingFilter - Request payload: {"items":[{"productId":"prodA3","quantity":1}],"paymentMethod":"COD"}
2026-01-19 01:46:45.981 [34mINFO [0;39m [89cb100d-4e37-4209-b4d5-91c9e3ec4ae0] [http-nio-8080-exec-4] c.b.config.logging.HttpLoggingFilter - Response payload: {"order":{"id":"a0e3da69-b5b1-4e1d-bf39-3769ac9f115d","reference":"REF-a0e3da69","status":"placed","total":30.0,"totals":{"subtotal":null,"deliveryFee":null,"tax":null,"tip":null,"payable":30.0},"items":[{"id":"prodA3","name":"Milk 500ml","price":30.0,"quantity":1,"requiresPrescription":null,"status":null}],"paymentMethod":"COD","paymentInfo":null,"address":null,"deliverySlot":null,"deliveryInstructions":null,"type":"order","createdAt":"2026-01-18T20:16:45.944206400Z","sellerResponseDeadline":"2026-01-18T20:31:45.944206400Z","sellerAcceptedAt":null,"cancelledAt":null,"cancellationReason":null,"storeId":"storeA","notes":null},"reference":"REF-a0e3da69"}
2026-01-19 01:46:45.993 [34mINFO [0;39m [] [ForkJoinPool.commonPool-worker-1] c.b.service.NotificationService - No active notification preferences for user df8197cf-e77d-4f28-8166-28e1723c845c in tenant tenantA
2026-01-19 01:46:46.011 [34mINFO [0;39m [85a2b0bb-7045-4f9b-852d-8ab12751f6e0] [http-nio-8080-exec-3] c.b.config.TenantInterceptor - tenant-context: tenant=tenantA method=GET path=/api/orders
2026-01-19 01:46:46.012 [34mINFO [0;39m [85a2b0bb-7045-4f9b-852d-8ab12751f6e0] [http-nio-8080-exec-3] c.bharatshop.web.OrdersApiController - List orders (canonical): tenant=tenantA userId=df8197cf-e77d-4f28-8166-28e1723c845c
2026-01-19 01:46:46.035 [34mINFO [0;39m [85a2b0bb-7045-4f9b-852d-8ab12751f6e0] [http-nio-8080-exec-3] c.bharatshop.web.OrdersApiController - Orders fetched: count=2
2026-01-19 01:46:46.040 [1;31mERROR[0;39m [85a2b0bb-7045-4f9b-852d-8ab12751f6e0] [http-nio-8080-exec-3] com.bharatshop.service.StoreService - [PROOF][STORE_MAP] entity.id=storeA mapped.id=storeA
2026-01-19 01:46:46.043 [1;31mERROR[0;39m [85a2b0bb-7045-4f9b-852d-8ab12751f6e0] [http-nio-8080-exec-3] com.bharatshop.service.StoreService - [PROOF][STORE_MAP] entity.id=storeA mapped.id=storeA
2026-01-19 01:46:46.045 [34mINFO [0;39m [85a2b0bb-7045-4f9b-852d-8ab12751f6e0] [http-nio-8080-exec-3] c.b.config.logging.HttpLoggingFilter - GET /api/orders -> 200 (35 ms)
2026-01-19 01:46:46.045 [34mINFO [0;39m [85a2b0bb-7045-4f9b-852d-8ab12751f6e0] [http-nio-8080-exec-3] c.b.config.logging.HttpLoggingFilter - Headers: auth=present content-type=application/json accept=*/*
2026-01-19 01:46:46.045 [34mINFO [0;39m [85a2b0bb-7045-4f9b-852d-8ab12751f6e0] [http-nio-8080-exec-3] c.b.config.logging.HttpLoggingFilter - Response payload: [{"createdAt":"2026-01-18T20:16:45.944206Z","total":30.0,"id":"a0e3da69-b5b1-4e1d-bf39-3769ac9f115d","store":{"name":"Alpha Kirana Store","id":"storeA"},"items":[{"quantity":1,"productId":"prodA3","name":"Milk 500ml"}],"status":"placed"},{"createdAt":"2026-01-18T20:15:55.334355Z","total":55.0,"id":"9201c75b-0a9a-4699-bdc2-d14e1bfb4006","store":{"name":"Alpha Kirana Store","id":"storeA"},"items":[{"quantity":1,"productId":"prodA1","name":"Aata 1kg"}],"status":"placed"}]
2026-01-19 01:46:46.058 [34mINFO [0;39m [ae4899c8-a985-4e13-b34e-e2bed508a74f] [http-nio-8080-exec-6] c.b.config.TenantInterceptor - tenant-context: tenant=tenantA method=GET path=/api/orders
2026-01-19 01:46:46.059 [34mINFO [0;39m [ae4899c8-a985-4e13-b34e-e2bed508a74f] [http-nio-8080-exec-6] c.bharatshop.web.OrdersApiController - List orders (canonical): tenant=tenantA userId=df8197cf-e77d-4f28-8166-28e1723c845c
2026-01-19 01:46:46.081 [34mINFO [0;39m [ae4899c8-a985-4e13-b34e-e2bed508a74f] [http-nio-8080-exec-6] c.bharatshop.web.OrdersApiController - Orders fetched: count=2
2026-01-19 01:46:46.085 [1;31mERROR[0;39m [ae4899c8-a985-4e13-b34e-e2bed508a74f] [http-nio-8080-exec-6] com.bharatshop.service.StoreService - [PROOF][STORE_MAP] entity.id=storeA mapped.id=storeA
2026-01-19 01:46:46.090 [1;31mERROR[0;39m [ae4899c8-a985-4e13-b34e-e2bed508a74f] [http-nio-8080-exec-6] com.bharatshop.service.StoreService - [PROOF][STORE_MAP] entity.id=storeA mapped.id=storeA
2026-01-19 01:46:46.092 [34mINFO [0;39m [ae4899c8-a985-4e13-b34e-e2bed508a74f] [http-nio-8080-exec-6] c.b.config.logging.HttpLoggingFilter - GET /api/orders -> 200 (35 ms)
2026-01-19 01:46:46.093 [34mINFO [0;39m [ae4899c8-a985-4e13-b34e-e2bed508a74f] [http-nio-8080-exec-6] c.b.config.logging.HttpLoggingFilter - Headers: auth=present content-type=application/json accept=*/*
2026-01-19 01:46:46.093 [34mINFO [0;39m [ae4899c8-a985-4e13-b34e-e2bed508a74f] [http-nio-8080-exec-6] c.b.config.logging.HttpLoggingFilter - Response payload: [{"createdAt":"2026-01-18T20:16:45.944206Z","total":30.0,"id":"a0e3da69-b5b1-4e1d-bf39-3769ac9f115d","store":{"name":"Alpha Kirana Store","id":"storeA"},"items":[{"quantity":1,"productId":"prodA3","name":"Milk 500ml"}],"status":"placed"},{"createdAt":"2026-01-18T20:15:55.334355Z","total":55.0,"id":"9201c75b-0a9a-4699-bdc2-d14e1bfb4006","store":{"name":"Alpha Kirana Store","id":"storeA"},"items":[{"quantity":1,"productId":"prodA1","name":"Aata 1kg"}],"status":"placed"}]
2026-01-19 01:48:00.463 [34mINFO [0;39m [a0c5d16e-3b43-472c-960e-8ea9af40784f] [http-nio-8080-exec-7] c.b.config.TenantInterceptor - tenant-context: tenant=tenantA method=GET path=/api/orders
2026-01-19 01:48:00.464 [34mINFO [0;39m [a0c5d16e-3b43-472c-960e-8ea9af40784f] [http-nio-8080-exec-7] c.bharatshop.web.OrdersApiController - List orders (canonical): tenant=tenantA userId=df8197cf-e77d-4f28-8166-28e1723c845c
2026-01-19 01:48:00.491 [34mINFO [0;39m [a0c5d16e-3b43-472c-960e-8ea9af40784f] [http-nio-8080-exec-7] c.bharatshop.web.OrdersApiController - Orders fetched: count=2
2026-01-19 01:48:00.495 [1;31mERROR[0;39m [a0c5d16e-3b43-472c-960e-8ea9af40784f] [http-nio-8080-exec-7] com.bharatshop.service.StoreService - [PROOF][STORE_MAP] entity.id=storeA mapped.id=storeA
2026-01-19 01:48:00.501 [1;31mERROR[0;39m [a0c5d16e-3b43-472c-960e-8ea9af40784f] [http-nio-8080-exec-7] com.bharatshop.service.StoreService - [PROOF][STORE_MAP] entity.id=storeA mapped.id=storeA
2026-01-19 01:48:00.502 [34mINFO [0;39m [a0c5d16e-3b43-472c-960e-8ea9af40784f] [http-nio-8080-exec-7] c.b.config.logging.HttpLoggingFilter - GET /api/orders -> 200 (40 ms)
2026-01-19 01:48:00.503 [34mINFO [0;39m [a0c5d16e-3b43-472c-960e-8ea9af40784f] [http-nio-8080-exec-7] c.b.config.logging.HttpLoggingFilter - Headers: auth=present content-type=application/json accept=*/*
2026-01-19 01:48:00.503 [34mINFO [0;39m [a0c5d16e-3b43-472c-960e-8ea9af40784f] [http-nio-8080-exec-7] c.b.config.logging.HttpLoggingFilter - Response payload: [{"createdAt":"2026-01-18T20:16:45.944206Z","total":30.0,"id":"a0e3da69-b5b1-4e1d-bf39-3769ac9f115d","store":{"name":"Alpha Kirana Store","id":"storeA"},"items":[{"quantity":1,"productId":"prodA3","name":"Milk 500ml"}],"status":"placed"},{"createdAt":"2026-01-18T20:15:55.334355Z","total":55.0,"id":"9201c75b-0a9a-4699-bdc2-d14e1bfb4006","store":{"name":"Alpha Kirana Store","id":"storeA"},"items":[{"quantity":1,"productId":"prodA1","name":"Aata 1kg"}],"status":"placed"}]
2026-01-19 01:48:00.516 [34mINFO [0;39m [9f82357d-46ab-47db-90fc-f3b3738faaa0] [http-nio-8080-exec-5] c.b.config.TenantInterceptor - tenant-context: tenant=tenantA method=GET path=/api/orders
2026-01-19 01:48:00.518 [34mINFO [0;39m [9f82357d-46ab-47db-90fc-f3b3738faaa0] [http-nio-8080-exec-5] c.bharatshop.web.OrdersApiController - List orders (canonical): tenant=tenantA userId=df8197cf-e77d-4f28-8166-28e1723c845c
2026-01-19 01:48:00.541 [34mINFO [0;39m [9f82357d-46ab-47db-90fc-f3b3738faaa0] [http-nio-8080-exec-5] c.bharatshop.web.OrdersApiController - Orders fetched: count=2
2026-01-19 01:48:00.545 [1;31mERROR[0;39m [9f82357d-46ab-47db-90fc-f3b3738faaa0] [http-nio-8080-exec-5] com.bharatshop.service.StoreService - [PROOF][STORE_MAP] entity.id=storeA mapped.id=storeA
2026-01-19 01:48:00.549 [1;31mERROR[0;39m [9f82357d-46ab-47db-90fc-f3b3738faaa0] [http-nio-8080-exec-5] com.bharatshop.service.StoreService - [PROOF][STORE_MAP] entity.id=storeA mapped.id=storeA
2026-01-19 01:48:00.550 [34mINFO [0;39m [9f82357d-46ab-47db-90fc-f3b3738faaa0] [http-nio-8080-exec-5] c.b.config.logging.HttpLoggingFilter - GET /api/orders -> 200 (35 ms)
2026-01-19 01:48:00.551 [34mINFO [0;39m [9f82357d-46ab-47db-90fc-f3b3738faaa0] [http-nio-8080-exec-5] c.b.config.logging.HttpLoggingFilter - Headers: auth=present content-type=application/json accept=*/*
2026-01-19 01:48:00.551 [34mINFO [0;39m [9f82357d-46ab-47db-90fc-f3b3738faaa0] [http-nio-8080-exec-5] c.b.config.logging.HttpLoggingFilter - Response payload: [{"createdAt":"2026-01-18T20:16:45.944206Z","total":30.0,"id":"a0e3da69-b5b1-4e1d-bf39-3769ac9f115d","store":{"name":"Alpha Kirana Store","id":"storeA"},"items":[{"quantity":1,"productId":"prodA3","name":"Milk 500ml"}],"status":"placed"},{"createdAt":"2026-01-18T20:15:55.334355Z","total":55.0,"id":"9201c75b-0a9a-4699-bdc2-d14e1bfb4006","store":{"name":"Alpha Kirana Store","id":"storeA"},"items":[{"quantity":1,"productId":"prodA1","name":"Aata 1kg"}],"status":"placed"}]
2026-01-19 01:48:05.746 [34mINFO [0;39m [c80a5365-7834-4883-852a-a33888a65585] [http-nio-8080-exec-8] c.b.config.TenantInterceptor - tenant-context: tenant=tenantA method=GET path=/api/orders
2026-01-19 01:48:05.748 [34mINFO [0;39m [c80a5365-7834-4883-852a-a33888a65585] [http-nio-8080-exec-8] c.bharatshop.web.OrdersApiController - List orders (canonical): tenant=tenantA userId=df8197cf-e77d-4f28-8166-28e1723c845c
2026-01-19 01:48:05.777 [34mINFO [0;39m [c80a5365-7834-4883-852a-a33888a65585] [http-nio-8080-exec-8] c.bharatshop.web.OrdersApiController - Orders fetched: count=2
2026-01-19 01:48:05.784 [1;31mERROR[0;39m [c80a5365-7834-4883-852a-a33888a65585] [http-nio-8080-exec-8] com.bharatshop.service.StoreService - [PROOF][STORE_MAP] entity.id=storeA mapped.id=storeA
2026-01-19 01:48:05.789 [1;31mERROR[0;39m [c80a5365-7834-4883-852a-a33888a65585] [http-nio-8080-exec-8] com.bharatshop.service.StoreService - [PROOF][STORE_MAP] entity.id=storeA mapped.id=storeA
2026-01-19 01:48:05.791 [34mINFO [0;39m [c80a5365-7834-4883-852a-a33888a65585] [http-nio-8080-exec-8] c.b.config.logging.HttpLoggingFilter - GET /api/orders -> 200 (46 ms)
2026-01-19 01:48:05.791 [34mINFO [0;39m [c80a5365-7834-4883-852a-a33888a65585] [http-nio-8080-exec-8] c.b.config.logging.HttpLoggingFilter - Headers: auth=present content-type=application/json accept=*/*
2026-01-19 01:48:05.792 [34mINFO [0;39m [c80a5365-7834-4883-852a-a33888a65585] [http-nio-8080-exec-8] c.b.config.logging.HttpLoggingFilter - Response payload: [{"createdAt":"2026-01-18T20:16:45.944206Z","total":30.0,"id":"a0e3da69-b5b1-4e1d-bf39-3769ac9f115d","store":{"name":"Alpha Kirana Store","id":"storeA"},"items":[{"quantity":1,"productId":"prodA3","name":"Milk 500ml"}],"status":"placed"},{"createdAt":"2026-01-18T20:15:55.334355Z","total":55.0,"id":"9201c75b-0a9a-4699-bdc2-d14e1bfb4006","store":{"name":"Alpha Kirana Store","id":"storeA"},"items":[{"quantity":1,"productId":"prodA1","name":"Aata 1kg"}],"status":"placed"}]
2026-01-19 01:48:05.807 [34mINFO [0;39m [3596773e-7002-436c-be89-e987dc316da3] [http-nio-8080-exec-9] c.b.config.TenantInterceptor - tenant-context: tenant=tenantA method=GET path=/api/orders
2026-01-19 01:48:05.809 [34mINFO [0;39m [3596773e-7002-436c-be89-e987dc316da3] [http-nio-8080-exec-9] c.bharatshop.web.OrdersApiController - List orders (canonical): tenant=tenantA userId=df8197cf-e77d-4f28-8166-28e1723c845c
2026-01-19 01:48:05.838 [34mINFO [0;39m [3596773e-7002-436c-be89-e987dc316da3] [http-nio-8080-exec-9] c.bharatshop.web.OrdersApiController - Orders fetched: count=2
2026-01-19 01:48:05.843 [1;31mERROR[0;39m [3596773e-7002-436c-be89-e987dc316da3] [http-nio-8080-exec-9] com.bharatshop.service.StoreService - [PROOF][STORE_MAP] entity.id=storeA mapped.id=storeA
2026-01-19 01:48:05.847 [1;31mERROR[0;39m [3596773e-7002-436c-be89-e987dc316da3] [http-nio-8080-exec-9] com.bharatshop.service.StoreService - [PROOF][STORE_MAP] entity.id=storeA mapped.id=storeA
2026-01-19 01:48:05.849 [34mINFO [0;39m [3596773e-7002-436c-be89-e987dc316da3] [http-nio-8080-exec-9] c.b.config.logging.HttpLoggingFilter - GET /api/orders -> 200 (43 ms)
2026-01-19 01:48:05.850 [34mINFO [0;39m [3596773e-7002-436c-be89-e987dc316da3] [http-nio-8080-exec-9] c.b.config.logging.HttpLoggingFilter - Headers: auth=present content-type=application/json accept=*/*
2026-01-19 01:48:05.850 [34mINFO [0;39m [3596773e-7002-436c-be89-e987dc316da3] [http-nio-8080-exec-9] c.b.config.logging.HttpLoggingFilter - Response payload: [{"createdAt":"2026-01-18T20:16:45.944206Z","total":30.0,"id":"a0e3da69-b5b1-4e1d-bf39-3769ac9f115d","store":{"name":"Alpha Kirana Store","id":"storeA"},"items":[{"quantity":1,"productId":"prodA3","name":"Milk 500ml"}],"status":"placed"},{"createdAt":"2026-01-18T20:15:55.334355Z","total":55.0,"id":"9201c75b-0a9a-4699-bdc2-d14e1bfb4006","store":{"name":"Alpha Kirana Store","id":"storeA"},"items":[{"quantity":1,"productId":"prodA1","name":"Aata 1kg"}],"status":"placed"}]
2026-01-19 01:56:49.780 [34mINFO [0;39m [0a1af8fa-05ce-44cc-8285-0fb216d248fa] [http-nio-8080-exec-10] c.b.config.TenantInterceptor - tenant-context: tenant=tenantA method=GET path=/api/storefront/stores
2026-01-19 01:56:49.784 [34mINFO [0;39m [0a1af8fa-05ce-44cc-8285-0fb216d248fa] [http-nio-8080-exec-10] c.b.web.CustomerStorefrontController - Customer storefront: list stores tenant=tenantA userId=df8197cf-e77d-4f28-8166-28e1723c845c search=null category=null
2026-01-19 01:56:49.793 [34mINFO [0;39m [0a1af8fa-05ce-44cc-8285-0fb216d248fa] [http-nio-8080-exec-10] c.b.logging.RepositoryLoggingAspect - [REPO_CALL] table=stores tenant=tenantA ids=[24ab445b-351b-441e-b886-7e6b905c269b, 33b16e50-5c33-4fc8-b546-8c796895cf49, 3ce3b1bf-7c55-4fa5-bbe3-f45f8a93c67a, 63a5a059-9fb3-4f8e-9b44-b1d3ebf7e683, 68a008cd-6b10-4e48-b036-e3d752230378, 7bcf0556-b5ba-4df8-9196-1d24f45488c0, 871a0bfe-570b-44ed-b7c4-ef60b2d18cf1, 90e791d5-27d3-4330-b834-48510b7dea41, 9a0c37d7-50b9-462e-a551-dcdd782d8a5f, aee5f433-686e-45bb-be6b-2160a9267cb2, b585adf9-d1e7-41be-ba0f-179581c84259, ce9a05aa-7780-4da8-a071-1039ff4b1e4f, storeA]
2026-01-19 01:56:49.794 [1;31mERROR[0;39m [0a1af8fa-05ce-44cc-8285-0fb216d248fa] [http-nio-8080-exec-10] com.bharatshop.service.StoreService - [PROOF][STORE_REPO] store.id=24ab445b-351b-441e-b886-7e6b905c269b source=DB
2026-01-19 01:56:49.794 [1;31mERROR[0;39m [0a1af8fa-05ce-44cc-8285-0fb216d248fa] [http-nio-8080-exec-10] com.bharatshop.service.StoreService - [PROOF][STORE_REPO] store.id=33b16e50-5c33-4fc8-b546-8c796895cf49 source=DB
2026-01-19 01:56:49.794 [1;31mERROR[0;39m [0a1af8fa-05ce-44cc-8285-0fb216d248fa] [http-nio-8080-exec-10] com.bharatshop.service.StoreService - [PROOF][STORE_REPO] store.id=3ce3b1bf-7c55-4fa5-bbe3-f45f8a93c67a source=DB
2026-01-19 01:56:49.794 [1;31mERROR[0;39m [0a1af8fa-05ce-44cc-8285-0fb216d248fa] [http-nio-8080-exec-10] com.bharatshop.service.StoreService - [PROOF][STORE_REPO] store.id=63a5a059-9fb3-4f8e-9b44-b1d3ebf7e683 source=DB
2026-01-19 01:56:49.796 [1;31mERROR[0;39m [0a1af8fa-05ce-44cc-8285-0fb216d248fa] [http-nio-8080-exec-10] com.bharatshop.service.StoreService - [PROOF][STORE_REPO] store.id=68a008cd-6b10-4e48-b036-e3d752230378 source=DB
2026-01-19 01:56:49.796 [1;31mERROR[0;39m [0a1af8fa-05ce-44cc-8285-0fb216d248fa] [http-nio-8080-exec-10] com.bharatshop.service.StoreService - [PROOF][STORE_REPO] store.id=7bcf0556-b5ba-4df8-9196-1d24f45488c0 source=DB
2026-01-19 01:56:49.796 [1;31mERROR[0;39m [0a1af8fa-05ce-44cc-8285-0fb216d248fa] [http-nio-8080-exec-10] com.bharatshop.service.StoreService - [PROOF][STORE_REPO] store.id=871a0bfe-570b-44ed-b7c4-ef60b2d18cf1 source=DB
2026-01-19 01:56:49.796 [1;31mERROR[0;39m [0a1af8fa-05ce-44cc-8285-0fb216d248fa] [http-nio-8080-exec-10] com.bharatshop.service.StoreService - [PROOF][STORE_REPO] store.id=90e791d5-27d3-4330-b834-48510b7dea41 source=DB
2026-01-19 01:56:49.796 [1;31mERROR[0;39m [0a1af8fa-05ce-44cc-8285-0fb216d248fa] [http-nio-8080-exec-10] com.bharatshop.service.StoreService - [PROOF][STORE_REPO] store.id=9a0c37d7-50b9-462e-a551-dcdd782d8a5f source=DB
2026-01-19 01:56:49.796 [1;31mERROR[0;39m [0a1af8fa-05ce-44cc-8285-0fb216d248fa] [http-nio-8080-exec-10] com.bharatshop.service.StoreService - [PROOF][STORE_REPO] store.id=aee5f433-686e-45bb-be6b-2160a9267cb2 source=DB
2026-01-19 01:56:49.797 [1;31mERROR[0;39m [0a1af8fa-05ce-44cc-8285-0fb216d248fa] [http-nio-8080-exec-10] com.bharatshop.service.StoreService - [PROOF][STORE_REPO] store.id=b585adf9-d1e7-41be-ba0f-179581c84259 source=DB
2026-01-19 01:56:49.798 [1;31mERROR[0;39m [0a1af8fa-05ce-44cc-8285-0fb216d248fa] [http-nio-8080-exec-10] com.bharatshop.service.StoreService - [PROOF][STORE_REPO] store.id=ce9a05aa-7780-4da8-a071-1039ff4b1e4f source=DB
2026-01-19 01:56:49.804 [1;31mERROR[0;39m [0a1af8fa-05ce-44cc-8285-0fb216d248fa] [http-nio-8080-exec-10] com.bharatshop.service.StoreService - [PROOF][STORE_REPO] store.id=storeA source=DB
2026-01-19 01:56:49.806 [1;31mERROR[0;39m [0a1af8fa-05ce-44cc-8285-0fb216d248fa] [http-nio-8080-exec-10] com.bharatshop.service.StoreService - [PROOF][STORE_MAP] entity.id=24ab445b-351b-441e-b886-7e6b905c269b mapped.id=24ab445b-351b-441e-b886-7e6b905c269b
2026-01-19 01:56:49.806 [1;31mERROR[0;39m [0a1af8fa-05ce-44cc-8285-0fb216d248fa] [http-nio-8080-exec-10] com.bharatshop.service.StoreService - [PROOF][STORE_MAP] entity.id=33b16e50-5c33-4fc8-b546-8c796895cf49 mapped.id=33b16e50-5c33-4fc8-b546-8c796895cf49
2026-01-19 01:56:49.808 [1;31mERROR[0;39m [0a1af8fa-05ce-44cc-8285-0fb216d248fa] [http-nio-8080-exec-10] com.bharatshop.service.StoreService - [PROOF][STORE_MAP] entity.id=3ce3b1bf-7c55-4fa5-bbe3-f45f8a93c67a mapped.id=3ce3b1bf-7c55-4fa5-bbe3-f45f8a93c67a
2026-01-19 01:56:49.808 [1;31mERROR[0;39m [0a1af8fa-05ce-44cc-8285-0fb216d248fa] [http-nio-8080-exec-10] com.bharatshop.service.StoreService - [PROOF][STORE_MAP] entity.id=63a5a059-9fb3-4f8e-9b44-b1d3ebf7e683 mapped.id=63a5a059-9fb3-4f8e-9b44-b1d3ebf7e683
2026-01-19 01:56:49.810 [1;31mERROR[0;39m [0a1af8fa-05ce-44cc-8285-0fb216d248fa] [http-nio-8080-exec-10] com.bharatshop.service.StoreService - [PROOF][STORE_MAP] entity.id=68a008cd-6b10-4e48-b036-e3d752230378 mapped.id=68a008cd-6b10-4e48-b036-e3d752230378
2026-01-19 01:56:49.810 [1;31mERROR[0;39m [0a1af8fa-05ce-44cc-8285-0fb216d248fa] [http-nio-8080-exec-10] com.bharatshop.service.StoreService - [PROOF][STORE_MAP] entity.id=7bcf0556-b5ba-4df8-9196-1d24f45488c0 mapped.id=7bcf0556-b5ba-4df8-9196-1d24f45488c0
2026-01-19 01:56:49.810 [1;31mERROR[0;39m [0a1af8fa-05ce-44cc-8285-0fb216d248fa] [http-nio-8080-exec-10] com.bharatshop.service.StoreService - [PROOF][STORE_MAP] entity.id=871a0bfe-570b-44ed-b7c4-ef60b2d18cf1 mapped.id=871a0bfe-570b-44ed-b7c4-ef60b2d18cf1
2026-01-19 01:56:49.812 [1;31mERROR[0;39m [0a1af8fa-05ce-44cc-8285-0fb216d248fa] [http-nio-8080-exec-10] com.bharatshop.service.StoreService - [PROOF][STORE_MAP] entity.id=90e791d5-27d3-4330-b834-48510b7dea41 mapped.id=90e791d5-27d3-4330-b834-48510b7dea41
2026-01-19 01:56:49.812 [1;31mERROR[0;39m [0a1af8fa-05ce-44cc-8285-0fb216d248fa] [http-nio-8080-exec-10] com.bharatshop.service.StoreService - [PROOF][STORE_MAP] entity.id=9a0c37d7-50b9-462e-a551-dcdd782d8a5f mapped.id=9a0c37d7-50b9-462e-a551-dcdd782d8a5f
2026-01-19 01:56:49.812 [1;31mERROR[0;39m [0a1af8fa-05ce-44cc-8285-0fb216d248fa] [http-nio-8080-exec-10] com.bharatshop.service.StoreService - [PROOF][STORE_MAP] entity.id=aee5f433-686e-45bb-be6b-2160a9267cb2 mapped.id=aee5f433-686e-45bb-be6b-2160a9267cb2
2026-01-19 01:56:49.812 [1;31mERROR[0;39m [0a1af8fa-05ce-44cc-8285-0fb216d248fa] [http-nio-8080-exec-10] com.bharatshop.service.StoreService - [PROOF][STORE_MAP] entity.id=b585adf9-d1e7-41be-ba0f-179581c84259 mapped.id=b585adf9-d1e7-41be-ba0f-179581c84259
2026-01-19 01:56:49.812 [1;31mERROR[0;39m [0a1af8fa-05ce-44cc-8285-0fb216d248fa] [http-nio-8080-exec-10] com.bharatshop.service.StoreService - [PROOF][STORE_MAP] entity.id=ce9a05aa-7780-4da8-a071-1039ff4b1e4f mapped.id=ce9a05aa-7780-4da8-a071-1039ff4b1e4f
2026-01-19 01:56:49.814 [1;31mERROR[0;39m [0a1af8fa-05ce-44cc-8285-0fb216d248fa] [http-nio-8080-exec-10] com.bharatshop.service.StoreService - [PROOF][STORE_MAP] entity.id=storeA mapped.id=storeA
2026-01-19 01:56:49.814 [1;31mERROR[0;39m [0a1af8fa-05ce-44cc-8285-0fb216d248fa] [http-nio-8080-exec-10] c.b.web.CustomerStorefrontController - [PROOF][STORE_LIST] store.id=storeA tenant=tenantA source=DB
2026-01-19 01:56:49.814 [1;31mERROR[0;39m [0a1af8fa-05ce-44cc-8285-0fb216d248fa] [http-nio-8080-exec-10] c.b.web.CustomerStorefrontController - [PROOF][STORE_LIST] store.id=33b16e50-5c33-4fc8-b546-8c796895cf49 tenant=tenantA source=DB
2026-01-19 01:56:49.814 [1;31mERROR[0;39m [0a1af8fa-05ce-44cc-8285-0fb216d248fa] [http-nio-8080-exec-10] c.b.web.CustomerStorefrontController - [PROOF][STORE_LIST] store.id=63a5a059-9fb3-4f8e-9b44-b1d3ebf7e683 tenant=tenantA source=DB
2026-01-19 01:56:49.816 [1;31mERROR[0;39m [0a1af8fa-05ce-44cc-8285-0fb216d248fa] [http-nio-8080-exec-10] c.b.web.CustomerStorefrontController - [PROOF][STORE_LIST] store.id=68a008cd-6b10-4e48-b036-e3d752230378 tenant=tenantA source=DB
2026-01-19 01:56:49.816 [1;31mERROR[0;39m [0a1af8fa-05ce-44cc-8285-0fb216d248fa] [http-nio-8080-exec-10] c.b.web.CustomerStorefrontController - [PROOF][STORE_LIST] store.id=7bcf0556-b5ba-4df8-9196-1d24f45488c0 tenant=tenantA source=DB
2026-01-19 01:56:49.818 [1;31mERROR[0;39m [0a1af8fa-05ce-44cc-8285-0fb216d248fa] [http-nio-8080-exec-10] c.b.web.CustomerStorefrontController - [PROOF][STORE_LIST] store.id=9a0c37d7-50b9-462e-a551-dcdd782d8a5f tenant=tenantA source=DB
2026-01-19 01:56:49.819 [1;31mERROR[0;39m [0a1af8fa-05ce-44cc-8285-0fb216d248fa] [http-nio-8080-exec-10] c.b.web.CustomerStorefrontController - [PROOF][STORE_LIST] store.id=b585adf9-d1e7-41be-ba0f-179581c84259 tenant=tenantA source=DB
2026-01-19 01:56:49.819 [1;31mERROR[0;39m [0a1af8fa-05ce-44cc-8285-0fb216d248fa] [http-nio-8080-exec-10] c.b.web.CustomerStorefrontController - [PROOF][STORE_LIST] store.id=24ab445b-351b-441e-b886-7e6b905c269b tenant=tenantA source=DB
2026-01-19 01:56:49.822 [1;31mERROR[0;39m [0a1af8fa-05ce-44cc-8285-0fb216d248fa] [http-nio-8080-exec-10] c.b.web.CustomerStorefrontController - [PROOF][STORE_LIST] store.id=3ce3b1bf-7c55-4fa5-bbe3-f45f8a93c67a tenant=tenantA source=DB
2026-01-19 01:56:49.824 [1;31mERROR[0;39m [0a1af8fa-05ce-44cc-8285-0fb216d248fa] [http-nio-8080-exec-10] c.b.web.CustomerStorefrontController - [PROOF][STORE_LIST] store.id=871a0bfe-570b-44ed-b7c4-ef60b2d18cf1 tenant=tenantA source=DB
2026-01-19 01:56:49.826 [1;31mERROR[0;39m [0a1af8fa-05ce-44cc-8285-0fb216d248fa] [http-nio-8080-exec-10] c.b.web.CustomerStorefrontController - [PROOF][STORE_LIST] store.id=90e791d5-27d3-4330-b834-48510b7dea41 tenant=tenantA source=DB
2026-01-19 01:56:49.826 [1;31mERROR[0;39m [0a1af8fa-05ce-44cc-8285-0fb216d248fa] [http-nio-8080-exec-10] c.b.web.CustomerStorefrontController - [PROOF][STORE_LIST] store.id=aee5f433-686e-45bb-be6b-2160a9267cb2 tenant=tenantA source=DB
2026-01-19 01:56:49.827 [1;31mERROR[0;39m [0a1af8fa-05ce-44cc-8285-0fb216d248fa] [http-nio-8080-exec-10] c.b.web.CustomerStorefrontController - [PROOF][STORE_LIST] store.id=ce9a05aa-7780-4da8-a071-1039ff4b1e4f tenant=tenantA source=DB
2026-01-19 01:56:49.831 [34mINFO [0;39m [0a1af8fa-05ce-44cc-8285-0fb216d248fa] [http-nio-8080-exec-10] c.b.config.logging.HttpLoggingFilter - GET /api/storefront/stores -> 200 (51 ms)
2026-01-19 01:56:49.831 [34mINFO [0;39m [0a1af8fa-05ce-44cc-8285-0fb216d248fa] [http-nio-8080-exec-10] c.b.config.logging.HttpLoggingFilter - Headers: auth=present content-type=application/json accept=*/*
2026-01-19 01:56:49.831 [34mINFO [0;39m [0a1af8fa-05ce-44cc-8285-0fb216d248fa] [http-nio-8080-exec-10] c.b.config.logging.HttpLoggingFilter - Response payload: [{"id":"storeA","name":"Alpha Kirana Store","area":"Connaught Place","category":"grocery","ownerId":null,"ownerPhone":"9000000002","products":null,"status":"open","orderingDisabled":false,"closedReason":null,"closedUntil":null,"logo":null,"updatedAt":"2026-01-16T00:06:49Z"},{"id":"33b16e50-5c33-4fc8-b546-8c796895cf49","name":"City Pharmacy","area":"Brigade","category":"pharmacy","ownerId":null,"ownerPhone":null,"products":null,"status":"open","orderingDisabled":false,"closedReason":null,"closedUntil":null,"logo":null,"updatedAt":"2026-01-15T18:57:31.724056Z"},{"id":"63a5a059-9fb3-4f8e-9b44-b1d3ebf7e683","name":"City Pharmacy","area":"Brigade","category":"pharmacy","ownerId":null,"ownerPhone":null,"products":null,"status":"open","orderingDisabled":false,"closedReason":null,"closedUntil":null,"logo":null,"updatedAt":"2026-01-18T20:13:38.663820Z"},{"id":"68a008cd-6b10-4e48-b036-e3d752230378","name":"City Pharmacy","area":"Brigade","category":"pharmacy","ownerId":null,"ownerPhone":null,"products":null,"status":"open","orderingDisabled":false,"closedReason":null,"closedUntil":null,"logo":null,"updatedAt":"2026-01-15T19:03:29.647598Z"},{"id":"7bcf0556-b5ba-4df8-9196-1d24f45488c0","name":"City Pharmacy","area":"Brigade","category":"pharmacy","ownerId":null,"ownerPhone":null,"products":null,"status":"open","orderingDisabled":false,"closedReason":null,"closedUntil":null,"logo":null,"updatedAt":"2026-01-18T20:09:12.421625Z"},{"id":"9a0c37d7-50b9-462e-a551-dcdd782d8a5f","name":"City Pharmacy","area":"Brigade","category":"pharmacy","ownerId":null,"ownerPhone":null,"products":null,"status":"open","orderingDisabled":false,"closedReason":null,"closedUntil":null,"logo":null,"updatedAt":"2026-01-15T19:11:19.048431Z"},{"id":"b585adf9-d1e7-41be-ba0f-179581c84259","name":"City Pharmacy","area":"Brigade","category":"pharmacy","ownerId":null,"ownerPhone":null,"products":null,"status":"open","orderingDisabled":false,"closedReason":null,"closedUntil":null,"logo":null,"updatedAt":"2026-01-15T17:56:53.379793Z"},{"id":"24ab445b-351b-441e-b886-7e6b905c269b","name":"Fresh Mart","area":"MG Road","category":"grocery","ownerId":null,"ownerPhone":null,"products":null,"status":"open","orderingDisabled":false,"closedReason":null,"closedUntil":null,"logo":null,"updatedAt":"2026-01-15T19:11:18.918553Z"},{"id":"3ce3b1bf-7c55-4fa5-bbe3-f45f8a93c67a","name":"Fresh Mart","area":"MG Road","category":"grocery","ownerId":null,"ownerPhone":null,"products":null,"status":"open","orderingDisabled":false,"closedReason":null,"closedUntil":null,"logo":null,"updatedAt":"2026-01-15T17:56:53.251484Z"},{"id":"871a0bfe-570b-44ed-b7c4-ef60b2d18cf1","name":"Fresh Mart","area":"MG Road","category":"grocery","ownerId":null,"ownerPhone":null,"products":null,"status":"open","orderingDisabled":false,"closedReason":null,"closedUntil":null,"logo":null,"updatedAt":"2026-01-15T19:03:29.540557Z"},{"id":"90e791d5-27d3-4330-b834-48510b7dea41","name":"Fresh Mart","area":"MG Road","category":"grocery","ownerId":null,"ownerPhone":null,"products":null,"status":"open","orderingDisabled":false,"closedReason":null,"closedUntil":null,"logo":null,"updatedAt":"2026-01-18T20:09:12.272954Z"},{"id":"aee5f433-686e-45bb-be6b-2160a9267cb2","name":"Fresh Mart","area":"MG Road","category":"grocery","ownerId":null,"ownerPhone":null,"products":null,"status":"open","orderingDisabled":false,"closedReason":null,"closedUntil":null,"logo":null,"updatedAt":"2026-01-18T20:13:38.568416Z"},{"id":"ce9a05aa-7780-4da8-a071-1039ff4b1e4f","name":"Fresh Mart","area":"MG Road","category":"grocery","ownerId":null,"ownerPhone":null,"products":null,"status":"open","orderingDisabled":false,"closedReason":null,"closedUntil":null,"logo":null,"updatedAt":"2026-01-15T18:57:31.588523Z"}]
2026-01-19 01:56:49.856 [34mINFO [0;39m [95e6e62d-8ca5-4cd4-a2b1-b5842d578273] [http-nio-8080-exec-1] c.b.config.TenantInterceptor - tenant-context: tenant=tenantA method=GET path=/api/storefront/stores
2026-01-19 01:56:49.858 [34mINFO [0;39m [95e6e62d-8ca5-4cd4-a2b1-b5842d578273] [http-nio-8080-exec-1] c.b.web.CustomerStorefrontController - Customer storefront: list stores tenant=tenantA userId=df8197cf-e77d-4f28-8166-28e1723c845c search=null category=null
2026-01-19 01:56:49.863 [34mINFO [0;39m [bab651ee-377f-4220-ab84-12bc69783920] [http-nio-8080-exec-2] c.b.config.TenantInterceptor - tenant-context: tenant=tenantA method=GET path=/api/storefront/categories
2026-01-19 01:56:49.863 [34mINFO [0;39m [bab651ee-377f-4220-ab84-12bc69783920] [http-nio-8080-exec-2] c.b.web.CustomerStorefrontController - Customer storefront: list categories tenant=tenantA userId=df8197cf-e77d-4f28-8166-28e1723c845c
2026-01-19 01:56:49.870 [34mINFO [0;39m [95e6e62d-8ca5-4cd4-a2b1-b5842d578273] [http-nio-8080-exec-1] c.b.logging.RepositoryLoggingAspect - [REPO_CALL] table=stores tenant=tenantA ids=[24ab445b-351b-441e-b886-7e6b905c269b, 33b16e50-5c33-4fc8-b546-8c796895cf49, 3ce3b1bf-7c55-4fa5-bbe3-f45f8a93c67a, 63a5a059-9fb3-4f8e-9b44-b1d3ebf7e683, 68a008cd-6b10-4e48-b036-e3d752230378, 7bcf0556-b5ba-4df8-9196-1d24f45488c0, 871a0bfe-570b-44ed-b7c4-ef60b2d18cf1, 90e791d5-27d3-4330-b834-48510b7dea41, 9a0c37d7-50b9-462e-a551-dcdd782d8a5f, aee5f433-686e-45bb-be6b-2160a9267cb2, b585adf9-d1e7-41be-ba0f-179581c84259, ce9a05aa-7780-4da8-a071-1039ff4b1e4f, storeA]
2026-01-19 01:56:49.874 [1;31mERROR[0;39m [95e6e62d-8ca5-4cd4-a2b1-b5842d578273] [http-nio-8080-exec-1] com.bharatshop.service.StoreService - [PROOF][STORE_REPO] store.id=24ab445b-351b-441e-b886-7e6b905c269b source=DB
2026-01-19 01:56:49.877 [1;31mERROR[0;39m [95e6e62d-8ca5-4cd4-a2b1-b5842d578273] [http-nio-8080-exec-1] com.bharatshop.service.StoreService - [PROOF][STORE_REPO] store.id=33b16e50-5c33-4fc8-b546-8c796895cf49 source=DB
2026-01-19 01:56:49.877 [1;31mERROR[0;39m [95e6e62d-8ca5-4cd4-a2b1-b5842d578273] [http-nio-8080-exec-1] com.bharatshop.service.StoreService - [PROOF][STORE_REPO] store.id=3ce3b1bf-7c55-4fa5-bbe3-f45f8a93c67a source=DB
2026-01-19 01:56:49.878 [34mINFO [0;39m [bab651ee-377f-4220-ab84-12bc69783920] [http-nio-8080-exec-2] c.b.config.logging.HttpLoggingFilter - GET /api/storefront/categories -> 200 (15 ms)
2026-01-19 01:56:49.878 [1;31mERROR[0;39m [95e6e62d-8ca5-4cd4-a2b1-b5842d578273] [http-nio-8080-exec-1] com.bharatshop.service.StoreService - [PROOF][STORE_REPO] store.id=63a5a059-9fb3-4f8e-9b44-b1d3ebf7e683 source=DB
2026-01-19 01:56:49.878 [34mINFO [0;39m [bab651ee-377f-4220-ab84-12bc69783920] [http-nio-8080-exec-2] c.b.config.logging.HttpLoggingFilter - Headers: auth=present content-type=application/json accept=*/*
2026-01-19 01:56:49.878 [1;31mERROR[0;39m [95e6e62d-8ca5-4cd4-a2b1-b5842d578273] [http-nio-8080-exec-1] com.bharatshop.service.StoreService - [PROOF][STORE_REPO] store.id=68a008cd-6b10-4e48-b036-e3d752230378 source=DB
2026-01-19 01:56:49.880 [34mINFO [0;39m [bab651ee-377f-4220-ab84-12bc69783920] [http-nio-8080-exec-2] c.b.config.logging.HttpLoggingFilter - Response payload: ["dairy","fruits","grocery","medicine"]
2026-01-19 01:56:49.880 [1;31mERROR[0;39m [95e6e62d-8ca5-4cd4-a2b1-b5842d578273] [http-nio-8080-exec-1] com.bharatshop.service.StoreService - [PROOF][STORE_REPO] store.id=7bcf0556-b5ba-4df8-9196-1d24f45488c0 source=DB
2026-01-19 01:56:49.880 [1;31mERROR[0;39m [95e6e62d-8ca5-4cd4-a2b1-b5842d578273] [http-nio-8080-exec-1] com.bharatshop.service.StoreService - [PROOF][STORE_REPO] store.id=871a0bfe-570b-44ed-b7c4-ef60b2d18cf1 source=DB
2026-01-19 01:56:49.880 [1;31mERROR[0;39m [95e6e62d-8ca5-4cd4-a2b1-b5842d578273] [http-nio-8080-exec-1] com.bharatshop.service.StoreService - [PROOF][STORE_REPO] store.id=90e791d5-27d3-4330-b834-48510b7dea41 source=DB
2026-01-19 01:56:49.882 [1;31mERROR[0;39m [95e6e62d-8ca5-4cd4-a2b1-b5842d578273] [http-nio-8080-exec-1] com.bharatshop.service.StoreService - [PROOF][STORE_REPO] store.id=9a0c37d7-50b9-462e-a551-dcdd782d8a5f source=DB
2026-01-19 01:56:49.882 [1;31mERROR[0;39m [95e6e62d-8ca5-4cd4-a2b1-b5842d578273] [http-nio-8080-exec-1] com.bharatshop.service.StoreService - [PROOF][STORE_REPO] store.id=aee5f433-686e-45bb-be6b-2160a9267cb2 source=DB
2026-01-19 01:56:49.882 [1;31mERROR[0;39m [95e6e62d-8ca5-4cd4-a2b1-b5842d578273] [http-nio-8080-exec-1] com.bharatshop.service.StoreService - [PROOF][STORE_REPO] store.id=b585adf9-d1e7-41be-ba0f-179581c84259 source=DB
2026-01-19 01:56:49.884 [1;31mERROR[0;39m [95e6e62d-8ca5-4cd4-a2b1-b5842d578273] [http-nio-8080-exec-1] com.bharatshop.service.StoreService - [PROOF][STORE_REPO] store.id=ce9a05aa-7780-4da8-a071-1039ff4b1e4f source=DB
2026-01-19 01:56:49.884 [1;31mERROR[0;39m [95e6e62d-8ca5-4cd4-a2b1-b5842d578273] [http-nio-8080-exec-1] com.bharatshop.service.StoreService - [PROOF][STORE_REPO] store.id=storeA source=DB
2026-01-19 01:56:49.884 [1;31mERROR[0;39m [95e6e62d-8ca5-4cd4-a2b1-b5842d578273] [http-nio-8080-exec-1] com.bharatshop.service.StoreService - [PROOF][STORE_MAP] entity.id=24ab445b-351b-441e-b886-7e6b905c269b mapped.id=24ab445b-351b-441e-b886-7e6b905c269b
2026-01-19 01:56:49.886 [1;31mERROR[0;39m [95e6e62d-8ca5-4cd4-a2b1-b5842d578273] [http-nio-8080-exec-1] com.bharatshop.service.StoreService - [PROOF][STORE_MAP] entity.id=33b16e50-5c33-4fc8-b546-8c796895cf49 mapped.id=33b16e50-5c33-4fc8-b546-8c796895cf49
2026-01-19 01:56:49.886 [1;31mERROR[0;39m [95e6e62d-8ca5-4cd4-a2b1-b5842d578273] [http-nio-8080-exec-1] com.bharatshop.service.StoreService - [PROOF][STORE_MAP] entity.id=3ce3b1bf-7c55-4fa5-bbe3-f45f8a93c67a mapped.id=3ce3b1bf-7c55-4fa5-bbe3-f45f8a93c67a
2026-01-19 01:56:49.887 [1;31mERROR[0;39m [95e6e62d-8ca5-4cd4-a2b1-b5842d578273] [http-nio-8080-exec-1] com.bharatshop.service.StoreService - [PROOF][STORE_MAP] entity.id=63a5a059-9fb3-4f8e-9b44-b1d3ebf7e683 mapped.id=63a5a059-9fb3-4f8e-9b44-b1d3ebf7e683
2026-01-19 01:56:49.888 [1;31mERROR[0;39m [95e6e62d-8ca5-4cd4-a2b1-b5842d578273] [http-nio-8080-exec-1] com.bharatshop.service.StoreService - [PROOF][STORE_MAP] entity.id=68a008cd-6b10-4e48-b036-e3d752230378 mapped.id=68a008cd-6b10-4e48-b036-e3d752230378
2026-01-19 01:56:49.888 [1;31mERROR[0;39m [95e6e62d-8ca5-4cd4-a2b1-b5842d578273] [http-nio-8080-exec-1] com.bharatshop.service.StoreService - [PROOF][STORE_MAP] entity.id=7bcf0556-b5ba-4df8-9196-1d24f45488c0 mapped.id=7bcf0556-b5ba-4df8-9196-1d24f45488c0
2026-01-19 01:56:49.888 [1;31mERROR[0;39m [95e6e62d-8ca5-4cd4-a2b1-b5842d578273] [http-nio-8080-exec-1] com.bharatshop.service.StoreService - [PROOF][STORE_MAP] entity.id=871a0bfe-570b-44ed-b7c4-ef60b2d18cf1 mapped.id=871a0bfe-570b-44ed-b7c4-ef60b2d18cf1
2026-01-19 01:56:49.888 [1;31mERROR[0;39m [95e6e62d-8ca5-4cd4-a2b1-b5842d578273] [http-nio-8080-exec-1] com.bharatshop.service.StoreService - [PROOF][STORE_MAP] entity.id=90e791d5-27d3-4330-b834-48510b7dea41 mapped.id=90e791d5-27d3-4330-b834-48510b7dea41
2026-01-19 01:56:49.890 [1;31mERROR[0;39m [95e6e62d-8ca5-4cd4-a2b1-b5842d578273] [http-nio-8080-exec-1] com.bharatshop.service.StoreService - [PROOF][STORE_MAP] entity.id=9a0c37d7-50b9-462e-a551-dcdd782d8a5f mapped.id=9a0c37d7-50b9-462e-a551-dcdd782d8a5f
2026-01-19 01:56:49.890 [1;31mERROR[0;39m [95e6e62d-8ca5-4cd4-a2b1-b5842d578273] [http-nio-8080-exec-1] com.bharatshop.service.StoreService - [PROOF][STORE_MAP] entity.id=aee5f433-686e-45bb-be6b-2160a9267cb2 mapped.id=aee5f433-686e-45bb-be6b-2160a9267cb2
2026-01-19 01:56:49.892 [1;31mERROR[0;39m [95e6e62d-8ca5-4cd4-a2b1-b5842d578273] [http-nio-8080-exec-1] com.bharatshop.service.StoreService - [PROOF][STORE_MAP] entity.id=b585adf9-d1e7-41be-ba0f-179581c84259 mapped.id=b585adf9-d1e7-41be-ba0f-179581c84259
2026-01-19 01:56:49.892 [1;31mERROR[0;39m [95e6e62d-8ca5-4cd4-a2b1-b5842d578273] [http-nio-8080-exec-1] com.bharatshop.service.StoreService - [PROOF][STORE_MAP] entity.id=ce9a05aa-7780-4da8-a071-1039ff4b1e4f mapped.id=ce9a05aa-7780-4da8-a071-1039ff4b1e4f
2026-01-19 01:56:49.892 [1;31mERROR[0;39m [95e6e62d-8ca5-4cd4-a2b1-b5842d578273] [http-nio-8080-exec-1] com.bharatshop.service.StoreService - [PROOF][STORE_MAP] entity.id=storeA mapped.id=storeA
2026-01-19 01:56:49.894 [1;31mERROR[0;39m [95e6e62d-8ca5-4cd4-a2b1-b5842d578273] [http-nio-8080-exec-1] c.b.web.CustomerStorefrontController - [PROOF][STORE_LIST] store.id=storeA tenant=tenantA source=DB
2026-01-19 01:56:49.894 [1;31mERROR[0;39m [95e6e62d-8ca5-4cd4-a2b1-b5842d578273] [http-nio-8080-exec-1] c.b.web.CustomerStorefrontController - [PROOF][STORE_LIST] store.id=33b16e50-5c33-4fc8-b546-8c796895cf49 tenant=tenantA source=DB
2026-01-19 01:56:49.894 [1;31mERROR[0;39m [95e6e62d-8ca5-4cd4-a2b1-b5842d578273] [http-nio-8080-exec-1] c.b.web.CustomerStorefrontController - [PROOF][STORE_LIST] store.id=63a5a059-9fb3-4f8e-9b44-b1d3ebf7e683 tenant=tenantA source=DB
2026-01-19 01:56:49.894 [1;31mERROR[0;39m [95e6e62d-8ca5-4cd4-a2b1-b5842d578273] [http-nio-8080-exec-1] c.b.web.CustomerStorefrontController - [PROOF][STORE_LIST] store.id=68a008cd-6b10-4e48-b036-e3d752230378 tenant=tenantA source=DB
2026-01-19 01:56:49.896 [1;31mERROR[0;39m [95e6e62d-8ca5-4cd4-a2b1-b5842d578273] [http-nio-8080-exec-1] c.b.web.CustomerStorefrontController - [PROOF][STORE_LIST] store.id=7bcf0556-b5ba-4df8-9196-1d24f45488c0 tenant=tenantA source=DB
2026-01-19 01:56:49.896 [1;31mERROR[0;39m [95e6e62d-8ca5-4cd4-a2b1-b5842d578273] [http-nio-8080-exec-1] c.b.web.CustomerStorefrontController - [PROOF][STORE_LIST] store.id=9a0c37d7-50b9-462e-a551-dcdd782d8a5f tenant=tenantA source=DB
2026-01-19 01:56:49.898 [1;31mERROR[0;39m [95e6e62d-8ca5-4cd4-a2b1-b5842d578273] [http-nio-8080-exec-1] c.b.web.CustomerStorefrontController - [PROOF][STORE_LIST] store.id=b585adf9-d1e7-41be-ba0f-179581c84259 tenant=tenantA source=DB
2026-01-19 01:56:49.898 [1;31mERROR[0;39m [95e6e62d-8ca5-4cd4-a2b1-b5842d578273] [http-nio-8080-exec-1] c.b.web.CustomerStorefrontController - [PROOF][STORE_LIST] store.id=24ab445b-351b-441e-b886-7e6b905c269b tenant=tenantA source=DB
2026-01-19 01:56:49.898 [1;31mERROR[0;39m [95e6e62d-8ca5-4cd4-a2b1-b5842d578273] [http-nio-8080-exec-1] c.b.web.CustomerStorefrontController - [PROOF][STORE_LIST] store.id=3ce3b1bf-7c55-4fa5-bbe3-f45f8a93c67a tenant=tenantA source=DB
2026-01-19 01:56:49.898 [1;31mERROR[0;39m [95e6e62d-8ca5-4cd4-a2b1-b5842d578273] [http-nio-8080-exec-1] c.b.web.CustomerStorefrontController - [PROOF][STORE_LIST] store.id=871a0bfe-570b-44ed-b7c4-ef60b2d18cf1 tenant=tenantA source=DB
2026-01-19 01:56:49.898 [1;31mERROR[0;39m [95e6e62d-8ca5-4cd4-a2b1-b5842d578273] [http-nio-8080-exec-1] c.b.web.CustomerStorefrontController - [PROOF][STORE_LIST] store.id=90e791d5-27d3-4330-b834-48510b7dea41 tenant=tenantA source=DB
2026-01-19 01:56:49.900 [1;31mERROR[0;39m [95e6e62d-8ca5-4cd4-a2b1-b5842d578273] [http-nio-8080-exec-1] c.b.web.CustomerStorefrontController - [PROOF][STORE_LIST] store.id=aee5f433-686e-45bb-be6b-2160a9267cb2 tenant=tenantA source=DB
2026-01-19 01:56:49.900 [1;31mERROR[0;39m [95e6e62d-8ca5-4cd4-a2b1-b5842d578273] [http-nio-8080-exec-1] c.b.web.CustomerStorefrontController - [PROOF][STORE_LIST] store.id=ce9a05aa-7780-4da8-a071-1039ff4b1e4f tenant=tenantA source=DB
2026-01-19 01:56:49.902 [34mINFO [0;39m [95e6e62d-8ca5-4cd4-a2b1-b5842d578273] [http-nio-8080-exec-1] c.b.config.logging.HttpLoggingFilter - GET /api/storefront/stores -> 200 (48 ms)
2026-01-19 01:56:49.904 [34mINFO [0;39m [95e6e62d-8ca5-4cd4-a2b1-b5842d578273] [http-nio-8080-exec-1] c.b.config.logging.HttpLoggingFilter - Headers: auth=present content-type=application/json accept=*/*
2026-01-19 01:56:49.906 [34mINFO [0;39m [95e6e62d-8ca5-4cd4-a2b1-b5842d578273] [http-nio-8080-exec-1] c.b.config.logging.HttpLoggingFilter - Response payload: [{"id":"storeA","name":"Alpha Kirana Store","area":"Connaught Place","category":"grocery","ownerId":null,"ownerPhone":"9000000002","products":null,"status":"open","orderingDisabled":false,"closedReason":null,"closedUntil":null,"logo":null,"updatedAt":"2026-01-16T00:06:49Z"},{"id":"33b16e50-5c33-4fc8-b546-8c796895cf49","name":"City Pharmacy","area":"Brigade","category":"pharmacy","ownerId":null,"ownerPhone":null,"products":null,"status":"open","orderingDisabled":false,"closedReason":null,"closedUntil":null,"logo":null,"updatedAt":"2026-01-15T18:57:31.724056Z"},{"id":"63a5a059-9fb3-4f8e-9b44-b1d3ebf7e683","name":"City Pharmacy","area":"Brigade","category":"pharmacy","ownerId":null,"ownerPhone":null,"products":null,"status":"open","orderingDisabled":false,"closedReason":null,"closedUntil":null,"logo":null,"updatedAt":"2026-01-18T20:13:38.663820Z"},{"id":"68a008cd-6b10-4e48-b036-e3d752230378","name":"City Pharmacy","area":"Brigade","category":"pharmacy","ownerId":null,"ownerPhone":null,"products":null,"status":"open","orderingDisabled":false,"closedReason":null,"closedUntil":null,"logo":null,"updatedAt":"2026-01-15T19:03:29.647598Z"},{"id":"7bcf0556-b5ba-4df8-9196-1d24f45488c0","name":"City Pharmacy","area":"Brigade","category":"pharmacy","ownerId":null,"ownerPhone":null,"products":null,"status":"open","orderingDisabled":false,"closedReason":null,"closedUntil":null,"logo":null,"updatedAt":"2026-01-18T20:09:12.421625Z"},{"id":"9a0c37d7-50b9-462e-a551-dcdd782d8a5f","name":"City Pharmacy","area":"Brigade","category":"pharmacy","ownerId":null,"ownerPhone":null,"products":null,"status":"open","orderingDisabled":false,"closedReason":null,"closedUntil":null,"logo":null,"updatedAt":"2026-01-15T19:11:19.048431Z"},{"id":"b585adf9-d1e7-41be-ba0f-179581c84259","name":"City Pharmacy","area":"Brigade","category":"pharmacy","ownerId":null,"ownerPhone":null,"products":null,"status":"open","orderingDisabled":false,"closedReason":null,"closedUntil":null,"logo":null,"updatedAt":"2026-01-15T17:56:53.379793Z"},{"id":"24ab445b-351b-441e-b886-7e6b905c269b","name":"Fresh Mart","area":"MG Road","category":"grocery","ownerId":null,"ownerPhone":null,"products":null,"status":"open","orderingDisabled":false,"closedReason":null,"closedUntil":null,"logo":null,"updatedAt":"2026-01-15T19:11:18.918553Z"},{"id":"3ce3b1bf-7c55-4fa5-bbe3-f45f8a93c67a","name":"Fresh Mart","area":"MG Road","category":"grocery","ownerId":null,"ownerPhone":null,"products":null,"status":"open","orderingDisabled":false,"closedReason":null,"closedUntil":null,"logo":null,"updatedAt":"2026-01-15T17:56:53.251484Z"},{"id":"871a0bfe-570b-44ed-b7c4-ef60b2d18cf1","name":"Fresh Mart","area":"MG Road","category":"grocery","ownerId":null,"ownerPhone":null,"products":null,"status":"open","orderingDisabled":false,"closedReason":null,"closedUntil":null,"logo":null,"updatedAt":"2026-01-15T19:03:29.540557Z"},{"id":"90e791d5-27d3-4330-b834-48510b7dea41","name":"Fresh Mart","area":"MG Road","category":"grocery","ownerId":null,"ownerPhone":null,"products":null,"status":"open","orderingDisabled":false,"closedReason":null,"closedUntil":null,"logo":null,"updatedAt":"2026-01-18T20:09:12.272954Z"},{"id":"aee5f433-686e-45bb-be6b-2160a9267cb2","name":"Fresh Mart","area":"MG Road","category":"grocery","ownerId":null,"ownerPhone":null,"products":null,"status":"open","orderingDisabled":false,"closedReason":null,"closedUntil":null,"logo":null,"updatedAt":"2026-01-18T20:13:38.568416Z"},{"id":"ce9a05aa-7780-4da8-a071-1039ff4b1e4f","name":"Fresh Mart","area":"MG Road","category":"grocery","ownerId":null,"ownerPhone":null,"products":null,"status":"open","orderingDisabled":false,"closedReason":null,"closedUntil":null,"logo":null,"updatedAt":"2026-01-15T18:57:31.588523Z"}]
2026-01-19 01:56:49.948 [34mINFO [0;39m [b51099e4-4ce3-44d2-9c7e-010c1c7d4bac] [http-nio-8080-exec-4] c.b.config.TenantInterceptor - tenant-context: tenant=tenantA method=GET path=/api/storefront/categories
2026-01-19 01:56:49.950 [34mINFO [0;39m [b51099e4-4ce3-44d2-9c7e-010c1c7d4bac] [http-nio-8080-exec-4] c.b.web.CustomerStorefrontController - Customer storefront: list categories tenant=tenantA userId=df8197cf-e77d-4f28-8166-28e1723c845c
2026-01-19 01:56:49.962 [34mINFO [0;39m [b51099e4-4ce3-44d2-9c7e-010c1c7d4bac] [http-nio-8080-exec-4] c.b.config.logging.HttpLoggingFilter - GET /api/storefront/categories -> 200 (17 ms)
2026-01-19 01:56:49.963 [34mINFO [0;39m [b51099e4-4ce3-44d2-9c7e-010c1c7d4bac] [http-nio-8080-exec-4] c.b.config.logging.HttpLoggingFilter - Headers: auth=present content-type=application/json accept=*/*
2026-01-19 01:56:49.963 [34mINFO [0;39m [b51099e4-4ce3-44d2-9c7e-010c1c7d4bac] [http-nio-8080-exec-4] c.b.config.logging.HttpLoggingFilter - Response payload: ["dairy","fruits","grocery","medicine"]
2026-01-19 01:56:53.598 [34mINFO [0;39m [5ec7b4e1-3cc5-486f-a632-d08d41eabb82] [http-nio-8080-exec-3] c.b.config.TenantInterceptor - tenant-context: tenant=tenantA method=GET path=/api/orders
2026-01-19 01:56:53.605 [34mINFO [0;39m [5ec7b4e1-3cc5-486f-a632-d08d41eabb82] [http-nio-8080-exec-3] c.bharatshop.web.OrdersApiController - List orders (canonical): tenant=tenantA userId=df8197cf-e77d-4f28-8166-28e1723c845c
2026-01-19 01:56:53.758 [34mINFO [0;39m [] [ForkJoinPool.commonPool-worker-2] c.b.service.NotificationService - No active notification preferences for user df8197cf-e77d-4f28-8166-28e1723c845c in tenant tenantA
2026-01-19 01:56:53.777 [34mINFO [0;39m [5ec7b4e1-3cc5-486f-a632-d08d41eabb82] [http-nio-8080-exec-3] c.bharatshop.web.OrdersApiController - Orders fetched: count=2
2026-01-19 01:56:53.784 [1;31mERROR[0;39m [5ec7b4e1-3cc5-486f-a632-d08d41eabb82] [http-nio-8080-exec-3] com.bharatshop.service.StoreService - [PROOF][STORE_MAP] entity.id=storeA mapped.id=storeA
2026-01-19 01:56:53.790 [1;31mERROR[0;39m [5ec7b4e1-3cc5-486f-a632-d08d41eabb82] [http-nio-8080-exec-3] com.bharatshop.service.StoreService - [PROOF][STORE_MAP] entity.id=storeA mapped.id=storeA
2026-01-19 01:56:53.795 [34mINFO [0;39m [5ec7b4e1-3cc5-486f-a632-d08d41eabb82] [http-nio-8080-exec-3] c.b.config.logging.HttpLoggingFilter - GET /api/orders -> 200 (197 ms)
2026-01-19 01:56:53.795 [34mINFO [0;39m [5ec7b4e1-3cc5-486f-a632-d08d41eabb82] [http-nio-8080-exec-3] c.b.config.logging.HttpLoggingFilter - Headers: auth=present content-type=application/json accept=*/*
2026-01-19 01:56:53.795 [34mINFO [0;39m [5ec7b4e1-3cc5-486f-a632-d08d41eabb82] [http-nio-8080-exec-3] c.b.config.logging.HttpLoggingFilter - Response payload: [{"createdAt":"2026-01-18T20:16:45.944206Z","total":30.0,"id":"a0e3da69-b5b1-4e1d-bf39-3769ac9f115d","store":{"name":"Alpha Kirana Store","id":"storeA"},"items":[{"quantity":1,"productId":"prodA3","name":"Milk 500ml"}],"status":"cancelled"},{"createdAt":"2026-01-18T20:15:55.334355Z","total":55.0,"id":"9201c75b-0a9a-4699-bdc2-d14e1bfb4006","store":{"name":"Alpha Kirana Store","id":"storeA"},"items":[{"quantity":1,"productId":"prodA1","name":"Aata 1kg"}],"status":"cancelled"}]
2026-01-19 01:56:53.798 [34mINFO [0;39m [] [ForkJoinPool.commonPool-worker-3] c.b.service.NotificationService - No active notification preferences for user df8197cf-e77d-4f28-8166-28e1723c845c in tenant tenantA
2026-01-19 01:56:53.822 [34mINFO [0;39m [54d2a14a-5e91-4dcc-aeb1-410cff6808ae] [http-nio-8080-exec-6] c.b.config.TenantInterceptor - tenant-context: tenant=tenantA method=GET path=/api/orders
2026-01-19 01:56:53.824 [34mINFO [0;39m [54d2a14a-5e91-4dcc-aeb1-410cff6808ae] [http-nio-8080-exec-6] c.bharatshop.web.OrdersApiController - List orders (canonical): tenant=tenantA userId=df8197cf-e77d-4f28-8166-28e1723c845c
2026-01-19 01:56:53.850 [34mINFO [0;39m [54d2a14a-5e91-4dcc-aeb1-410cff6808ae] [http-nio-8080-exec-6] c.bharatshop.web.OrdersApiController - Orders fetched: count=2
2026-01-19 01:56:53.858 [1;31mERROR[0;39m [54d2a14a-5e91-4dcc-aeb1-410cff6808ae] [http-nio-8080-exec-6] com.bharatshop.service.StoreService - [PROOF][STORE_MAP] entity.id=storeA mapped.id=storeA
2026-01-19 01:56:53.867 [1;31mERROR[0;39m [54d2a14a-5e91-4dcc-aeb1-410cff6808ae] [http-nio-8080-exec-6] com.bharatshop.service.StoreService - [PROOF][STORE_MAP] entity.id=storeA mapped.id=storeA
2026-01-19 01:56:53.870 [34mINFO [0;39m [54d2a14a-5e91-4dcc-aeb1-410cff6808ae] [http-nio-8080-exec-6] c.b.config.logging.HttpLoggingFilter - GET /api/orders -> 200 (50 ms)
2026-01-19 01:56:53.871 [34mINFO [0;39m [54d2a14a-5e91-4dcc-aeb1-410cff6808ae] [http-nio-8080-exec-6] c.b.config.logging.HttpLoggingFilter - Headers: auth=present content-type=application/json accept=*/*
2026-01-19 01:56:53.871 [34mINFO [0;39m [54d2a14a-5e91-4dcc-aeb1-410cff6808ae] [http-nio-8080-exec-6] c.b.config.logging.HttpLoggingFilter - Response payload: [{"createdAt":"2026-01-18T20:16:45.944206Z","total":30.0,"id":"a0e3da69-b5b1-4e1d-bf39-3769ac9f115d","store":{"name":"Alpha Kirana Store","id":"storeA"},"items":[{"quantity":1,"productId":"prodA3","name":"Milk 500ml"}],"status":"cancelled"},{"createdAt":"2026-01-18T20:15:55.334355Z","total":55.0,"id":"9201c75b-0a9a-4699-bdc2-d14e1bfb4006","store":{"name":"Alpha Kirana Store","id":"storeA"},"items":[{"quantity":1,"productId":"prodA1","name":"Aata 1kg"}],"status":"cancelled"}]
2026-01-19 11:28:11.781 [31mWARN [0;39m [] [HikariPool-1 housekeeper] com.zaxxer.hikari.pool.HikariPool - HikariPool-1 - Thread starvation or clock leap detected (housekeeper delta=9h31m13s870ms972µs).
2026-01-19 18:50:53.378 [31mWARN [0;39m [] [HikariPool-1 housekeeper] com.zaxxer.hikari.pool.HikariPool - HikariPool-1 - Thread starvation or clock leap detected (housekeeper delta=7h22m45s940ms793µs600ns).
2026-01-19 18:55:45.242 [34mINFO [0;39m [6b790e8c-0118-482c-b4ac-006c35ac005f] [http-nio-8080-exec-7] c.b.config.logging.HttpLoggingFilter - GET /?ide_webview_request_time=1768756291848 -> 404 (87 ms)
2026-01-19 18:55:45.244 [34mINFO [0;39m [6b790e8c-0118-482c-b4ac-006c35ac005f] [http-nio-8080-exec-7] c.b.config.logging.HttpLoggingFilter - Headers: auth=absent content-type=null accept=text/html,application/xhtml+xml,application/xml;q=0.9,image/avif,image/webp,image/apng,*/*;q=0.8,application/signed-exchange;v=b3;q=0.7
2026-01-19 18:56:11.768 [34mINFO [0;39m [974ce883-b0f2-4cb4-978a-107eaa7e4135] [http-nio-8080-exec-1] c.b.config.TenantInterceptor - tenant-context: tenant=tenantA method=POST path=/api/auth/send-otp
2026-01-19 18:56:11.898 [34mINFO [0;39m [974ce883-b0f2-4cb4-978a-107eaa7e4135] [http-nio-8080-exec-1] com.bharatshop.web.AuthController - OTP send requested: phone=7355460178
2026-01-19 18:56:11.904 [34mINFO [0;39m [974ce883-b0f2-4cb4-978a-107eaa7e4135] [http-nio-8080-exec-1] com.bharatshop.service.AuthService - Sending OTP to phone=7355460178
2026-01-19 18:56:11.920 [34mINFO [0;39m [974ce883-b0f2-4cb4-978a-107eaa7e4135] [http-nio-8080-exec-1] com.bharatshop.service.AuthService - OTP generated: otpId=fa913cf2-ffa1-4ded-8467-cd1e5c2ab82b expiresAt=1768829291920
2026-01-19 18:56:11.952 [34mINFO [0;39m [974ce883-b0f2-4cb4-978a-107eaa7e4135] [http-nio-8080-exec-1] c.b.config.logging.HttpLoggingFilter - POST /api/auth/send-otp -> 200 (186 ms)
2026-01-19 18:56:11.954 [34mINFO [0;39m [974ce883-b0f2-4cb4-978a-107eaa7e4135] [http-nio-8080-exec-1] c.b.config.logging.HttpLoggingFilter - Headers: auth=present content-type=application/json accept=*/*
2026-01-19 18:56:11.954 [34mINFO [0;39m [974ce883-b0f2-4cb4-978a-107eaa7e4135] [http-nio-8080-exec-1] c.b.config.logging.HttpLoggingFilter - Request payload: {"phone":"7355460178"}
2026-01-19 18:56:11.954 [34mINFO [0;39m [974ce883-b0f2-4cb4-978a-107eaa7e4135] [http-nio-8080-exec-1] c.b.config.logging.HttpLoggingFilter - Response payload: {"ttlSeconds":120,"otp":"685959","otpId":"fa913cf2-ffa1-4ded-8467-cd1e5c2ab82b","success":true}
2026-01-19 18:56:35.019 [34mINFO [0;39m [a3003792-25a8-4291-a749-e88dc1de4d2c] [http-nio-8080-exec-3] c.b.config.TenantInterceptor - tenant-context: tenant=tenantA method=POST path=/api/auth/verify-otp
2026-01-19 18:56:35.024 [34mINFO [0;39m [a3003792-25a8-4291-a749-e88dc1de4d2c] [http-nio-8080-exec-3] com.bharatshop.web.AuthController - OTP verify requested: phone=7355460178 otpPresent=true
2026-01-19 18:56:35.024 [34mINFO [0;39m [a3003792-25a8-4291-a749-e88dc1de4d2c] [http-nio-8080-exec-3] com.bharatshop.service.AuthService - Verifying OTP for phone=7355460178
2026-01-19 18:56:35.024 [34mINFO [0;39m [a3003792-25a8-4291-a749-e88dc1de4d2c] [http-nio-8080-exec-3] com.bharatshop.service.AuthService - OTP verification success for phone=7355460178
2026-01-19 18:56:35.027 [34mINFO [0;39m [a3003792-25a8-4291-a749-e88dc1de4d2c] [http-nio-8080-exec-3] com.bharatshop.service.AuthService - Login (phone) attempt: phone=7355460178
2026-01-19 18:56:36.195 [34mINFO [0;39m [a3003792-25a8-4291-a749-e88dc1de4d2c] [http-nio-8080-exec-3] com.bharatshop.service.AuthService - Session created: userId=e3e7d01b-88f2-420d-b460-5bbd89bb9944 activeRole=CUSTOMER
2026-01-19 18:56:36.195 [34mINFO [0;39m [a3003792-25a8-4291-a749-e88dc1de4d2c] [http-nio-8080-exec-3] com.bharatshop.service.AuthService - Login (phone) success: userId=e3e7d01b-88f2-420d-b460-5bbd89bb9944 token=eyJhbGciOiJIUzI1NiIsInR5cCI6IkpXVCJ9.eyJzdWIiOiJlM2U3ZDAxYi04OGYyLTQyMGQtYjQ2MC01YmJkODliYjk5NDQiLCJpc3MiOiJiaGFyYXRzaG9wIiwiYXVkIjoiYmhhcmF0c2hvcC1jbGllbnRzIiwibmFtZSI6IlVzZXIwMTc4Iiwicm9sZSI6IkNVU1RPTUVSIiwidGVuYW50SWQiOiJkZWZhdWx0IiwiYWN0aXZlUm9sZSI6IkNVU1RPTUVSIiwicm9sZXMiOlsiQ1VTVE9NRVIiXSwiaWF0IjoxNzY4ODI5MTk2LCJleHAiOjE3Njg4MzI3OTZ9._Vb1UAy4uqNJh2iOD_OgnUOdylC0TVUXlhiROSrDA7A activeRole=CUSTOMER 
2026-01-19 18:56:36.213 [34mINFO [0;39m [a3003792-25a8-4291-a749-e88dc1de4d2c] [http-nio-8080-exec-3] com.bharatshop.web.AuthController - OTP verify success: userId=e3e7d01b-88f2-420d-b460-5bbd89bb9944 tokenPresent=true
2026-01-19 18:56:36.239 [34mINFO [0;39m [a3003792-25a8-4291-a749-e88dc1de4d2c] [http-nio-8080-exec-3] c.b.config.logging.HttpLoggingFilter - POST /api/auth/verify-otp -> 200 (1223 ms)
2026-01-19 18:56:36.239 [34mINFO [0;39m [a3003792-25a8-4291-a749-e88dc1de4d2c] [http-nio-8080-exec-3] c.b.config.logging.HttpLoggingFilter - Headers: auth=present content-type=application/json accept=*/*
2026-01-19 18:56:36.239 [34mINFO [0;39m [a3003792-25a8-4291-a749-e88dc1de4d2c] [http-nio-8080-exec-3] c.b.config.logging.HttpLoggingFilter - Request payload: {"phone":"7355460178","otp":"685959"}
2026-01-19 18:56:36.239 [34mINFO [0;39m [a3003792-25a8-4291-a749-e88dc1de4d2c] [http-nio-8080-exec-3] c.b.config.logging.HttpLoggingFilter - Response payload: {"user":{"id":"e3e7d01b-88f2-420d-b460-5bbd89bb9944","name":"User0178","email":null,"phone":"7355460178","role":"CUSTOMER","tenantId":null},"token":"eyJhbGciOiJIUzI1NiIsInR5cCI6IkpXVCJ9.eyJzdWIiOiJlM2U3ZDAxYi04OGYyLTQyMGQtYjQ2MC01YmJkODliYjk5NDQiLCJpc3MiOiJiaGFyYXRzaG9wIiwiYXVkIjoiYmhhcmF0c2hvcC1jbGllbnRzIiwibmFtZSI6IlVzZXIwMTc4Iiwicm9sZSI6IkNVU1RPTUVSIiwidGVuYW50SWQiOiJkZWZhdWx0IiwiYWN0aXZlUm9sZSI6IkNVU1RPTUVSIiwicm9sZXMiOlsiQ1VTVE9NRVIiXSwiaWF0IjoxNzY4ODI5MTk2LCJleHAiOjE3Njg4MzI3OTZ9._Vb1UAy4uqNJh2iOD_OgnUOdylC0TVUXlhiROSrDA7A","success":true}
2026-01-19 18:56:36.280 [34mINFO [0;39m [edf8a484-c1bd-43ec-8e1d-4b0fd3358003] [http-nio-8080-exec-6] c.b.config.TenantInterceptor - tenant-context: tenant=tenantA method=GET path=/api/storefront/stores
2026-01-19 18:56:36.308 [34mINFO [0;39m [edf8a484-c1bd-43ec-8e1d-4b0fd3358003] [http-nio-8080-exec-6] c.b.web.CustomerStorefrontController - Customer storefront: list stores tenant=tenantA userId=e3e7d01b-88f2-420d-b460-5bbd89bb9944 search=null category=null
2026-01-19 18:56:36.381 [34mINFO [0;39m [edf8a484-c1bd-43ec-8e1d-4b0fd3358003] [http-nio-8080-exec-6] c.b.logging.RepositoryLoggingAspect - [REPO_CALL] table=stores tenant=tenantA ids=[24ab445b-351b-441e-b886-7e6b905c269b, 33b16e50-5c33-4fc8-b546-8c796895cf49, 3ce3b1bf-7c55-4fa5-bbe3-f45f8a93c67a, 63a5a059-9fb3-4f8e-9b44-b1d3ebf7e683, 68a008cd-6b10-4e48-b036-e3d752230378, 7bcf0556-b5ba-4df8-9196-1d24f45488c0, 871a0bfe-570b-44ed-b7c4-ef60b2d18cf1, 90e791d5-27d3-4330-b834-48510b7dea41, 9a0c37d7-50b9-462e-a551-dcdd782d8a5f, aee5f433-686e-45bb-be6b-2160a9267cb2, b585adf9-d1e7-41be-ba0f-179581c84259, ce9a05aa-7780-4da8-a071-1039ff4b1e4f, storeA]
2026-01-19 18:56:36.381 [1;31mERROR[0;39m [edf8a484-c1bd-43ec-8e1d-4b0fd3358003] [http-nio-8080-exec-6] com.bharatshop.service.StoreService - [PROOF][STORE_REPO] store.id=24ab445b-351b-441e-b886-7e6b905c269b source=DB
2026-01-19 18:56:36.381 [1;31mERROR[0;39m [edf8a484-c1bd-43ec-8e1d-4b0fd3358003] [http-nio-8080-exec-6] com.bharatshop.service.StoreService - [PROOF][STORE_REPO] store.id=33b16e50-5c33-4fc8-b546-8c796895cf49 source=DB
2026-01-19 18:56:36.381 [1;31mERROR[0;39m [edf8a484-c1bd-43ec-8e1d-4b0fd3358003] [http-nio-8080-exec-6] com.bharatshop.service.StoreService - [PROOF][STORE_REPO] store.id=3ce3b1bf-7c55-4fa5-bbe3-f45f8a93c67a source=DB
2026-01-19 18:56:36.381 [1;31mERROR[0;39m [edf8a484-c1bd-43ec-8e1d-4b0fd3358003] [http-nio-8080-exec-6] com.bharatshop.service.StoreService - [PROOF][STORE_REPO] store.id=63a5a059-9fb3-4f8e-9b44-b1d3ebf7e683 source=DB
2026-01-19 18:56:36.387 [1;31mERROR[0;39m [edf8a484-c1bd-43ec-8e1d-4b0fd3358003] [http-nio-8080-exec-6] com.bharatshop.service.StoreService - [PROOF][STORE_REPO] store.id=68a008cd-6b10-4e48-b036-e3d752230378 source=DB
2026-01-19 18:56:36.387 [1;31mERROR[0;39m [edf8a484-c1bd-43ec-8e1d-4b0fd3358003] [http-nio-8080-exec-6] com.bharatshop.service.StoreService - [PROOF][STORE_REPO] store.id=7bcf0556-b5ba-4df8-9196-1d24f45488c0 source=DB
2026-01-19 18:56:36.387 [1;31mERROR[0;39m [edf8a484-c1bd-43ec-8e1d-4b0fd3358003] [http-nio-8080-exec-6] com.bharatshop.service.StoreService - [PROOF][STORE_REPO] store.id=871a0bfe-570b-44ed-b7c4-ef60b2d18cf1 source=DB
2026-01-19 18:56:36.387 [1;31mERROR[0;39m [edf8a484-c1bd-43ec-8e1d-4b0fd3358003] [http-nio-8080-exec-6] com.bharatshop.service.StoreService - [PROOF][STORE_REPO] store.id=90e791d5-27d3-4330-b834-48510b7dea41 source=DB
2026-01-19 18:56:36.387 [1;31mERROR[0;39m [edf8a484-c1bd-43ec-8e1d-4b0fd3358003] [http-nio-8080-exec-6] com.bharatshop.service.StoreService - [PROOF][STORE_REPO] store.id=9a0c37d7-50b9-462e-a551-dcdd782d8a5f source=DB
2026-01-19 18:56:36.389 [1;31mERROR[0;39m [edf8a484-c1bd-43ec-8e1d-4b0fd3358003] [http-nio-8080-exec-6] com.bharatshop.service.StoreService - [PROOF][STORE_REPO] store.id=aee5f433-686e-45bb-be6b-2160a9267cb2 source=DB
2026-01-19 18:56:36.389 [1;31mERROR[0;39m [edf8a484-c1bd-43ec-8e1d-4b0fd3358003] [http-nio-8080-exec-6] com.bharatshop.service.StoreService - [PROOF][STORE_REPO] store.id=b585adf9-d1e7-41be-ba0f-179581c84259 source=DB
2026-01-19 18:56:36.389 [1;31mERROR[0;39m [edf8a484-c1bd-43ec-8e1d-4b0fd3358003] [http-nio-8080-exec-6] com.bharatshop.service.StoreService - [PROOF][STORE_REPO] store.id=ce9a05aa-7780-4da8-a071-1039ff4b1e4f source=DB
2026-01-19 18:56:36.390 [1;31mERROR[0;39m [edf8a484-c1bd-43ec-8e1d-4b0fd3358003] [http-nio-8080-exec-6] com.bharatshop.service.StoreService - [PROOF][STORE_REPO] store.id=storeA source=DB
2026-01-19 18:56:36.390 [1;31mERROR[0;39m [edf8a484-c1bd-43ec-8e1d-4b0fd3358003] [http-nio-8080-exec-6] com.bharatshop.service.StoreService - [PROOF][STORE_MAP] entity.id=24ab445b-351b-441e-b886-7e6b905c269b mapped.id=24ab445b-351b-441e-b886-7e6b905c269b
2026-01-19 18:56:36.390 [1;31mERROR[0;39m [edf8a484-c1bd-43ec-8e1d-4b0fd3358003] [http-nio-8080-exec-6] com.bharatshop.service.StoreService - [PROOF][STORE_MAP] entity.id=33b16e50-5c33-4fc8-b546-8c796895cf49 mapped.id=33b16e50-5c33-4fc8-b546-8c796895cf49
2026-01-19 18:56:36.390 [1;31mERROR[0;39m [edf8a484-c1bd-43ec-8e1d-4b0fd3358003] [http-nio-8080-exec-6] com.bharatshop.service.StoreService - [PROOF][STORE_MAP] entity.id=3ce3b1bf-7c55-4fa5-bbe3-f45f8a93c67a mapped.id=3ce3b1bf-7c55-4fa5-bbe3-f45f8a93c67a
2026-01-19 18:56:36.392 [1;31mERROR[0;39m [edf8a484-c1bd-43ec-8e1d-4b0fd3358003] [http-nio-8080-exec-6] com.bharatshop.service.StoreService - [PROOF][STORE_MAP] entity.id=63a5a059-9fb3-4f8e-9b44-b1d3ebf7e683 mapped.id=63a5a059-9fb3-4f8e-9b44-b1d3ebf7e683
2026-01-19 18:56:36.392 [1;31mERROR[0;39m [edf8a484-c1bd-43ec-8e1d-4b0fd3358003] [http-nio-8080-exec-6] com.bharatshop.service.StoreService - [PROOF][STORE_MAP] entity.id=68a008cd-6b10-4e48-b036-e3d752230378 mapped.id=68a008cd-6b10-4e48-b036-e3d752230378
2026-01-19 18:56:36.392 [1;31mERROR[0;39m [edf8a484-c1bd-43ec-8e1d-4b0fd3358003] [http-nio-8080-exec-6] com.bharatshop.service.StoreService - [PROOF][STORE_MAP] entity.id=7bcf0556-b5ba-4df8-9196-1d24f45488c0 mapped.id=7bcf0556-b5ba-4df8-9196-1d24f45488c0
2026-01-19 18:56:36.392 [1;31mERROR[0;39m [edf8a484-c1bd-43ec-8e1d-4b0fd3358003] [http-nio-8080-exec-6] com.bharatshop.service.StoreService - [PROOF][STORE_MAP] entity.id=871a0bfe-570b-44ed-b7c4-ef60b2d18cf1 mapped.id=871a0bfe-570b-44ed-b7c4-ef60b2d18cf1
2026-01-19 18:56:36.392 [1;31mERROR[0;39m [edf8a484-c1bd-43ec-8e1d-4b0fd3358003] [http-nio-8080-exec-6] com.bharatshop.service.StoreService - [PROOF][STORE_MAP] entity.id=90e791d5-27d3-4330-b834-48510b7dea41 mapped.id=90e791d5-27d3-4330-b834-48510b7dea41
2026-01-19 18:56:36.392 [1;31mERROR[0;39m [edf8a484-c1bd-43ec-8e1d-4b0fd3358003] [http-nio-8080-exec-6] com.bharatshop.service.StoreService - [PROOF][STORE_MAP] entity.id=9a0c37d7-50b9-462e-a551-dcdd782d8a5f mapped.id=9a0c37d7-50b9-462e-a551-dcdd782d8a5f
2026-01-19 18:56:36.392 [1;31mERROR[0;39m [edf8a484-c1bd-43ec-8e1d-4b0fd3358003] [http-nio-8080-exec-6] com.bharatshop.service.StoreService - [PROOF][STORE_MAP] entity.id=aee5f433-686e-45bb-be6b-2160a9267cb2 mapped.id=aee5f433-686e-45bb-be6b-2160a9267cb2
2026-01-19 18:56:36.392 [1;31mERROR[0;39m [edf8a484-c1bd-43ec-8e1d-4b0fd3358003] [http-nio-8080-exec-6] com.bharatshop.service.StoreService - [PROOF][STORE_MAP] entity.id=b585adf9-d1e7-41be-ba0f-179581c84259 mapped.id=b585adf9-d1e7-41be-ba0f-179581c84259
2026-01-19 18:56:36.392 [1;31mERROR[0;39m [edf8a484-c1bd-43ec-8e1d-4b0fd3358003] [http-nio-8080-exec-6] com.bharatshop.service.StoreService - [PROOF][STORE_MAP] entity.id=ce9a05aa-7780-4da8-a071-1039ff4b1e4f mapped.id=ce9a05aa-7780-4da8-a071-1039ff4b1e4f
2026-01-19 18:56:36.392 [1;31mERROR[0;39m [edf8a484-c1bd-43ec-8e1d-4b0fd3358003] [http-nio-8080-exec-6] com.bharatshop.service.StoreService - [PROOF][STORE_MAP] entity.id=storeA mapped.id=storeA
2026-01-19 18:56:36.396 [1;31mERROR[0;39m [edf8a484-c1bd-43ec-8e1d-4b0fd3358003] [http-nio-8080-exec-6] c.b.web.CustomerStorefrontController - [PROOF][STORE_LIST] store.id=storeA tenant=tenantA source=DB
2026-01-19 18:56:36.397 [1;31mERROR[0;39m [edf8a484-c1bd-43ec-8e1d-4b0fd3358003] [http-nio-8080-exec-6] c.b.web.CustomerStorefrontController - [PROOF][STORE_LIST] store.id=33b16e50-5c33-4fc8-b546-8c796895cf49 tenant=tenantA source=DB
2026-01-19 18:56:36.397 [1;31mERROR[0;39m [edf8a484-c1bd-43ec-8e1d-4b0fd3358003] [http-nio-8080-exec-6] c.b.web.CustomerStorefrontController - [PROOF][STORE_LIST] store.id=63a5a059-9fb3-4f8e-9b44-b1d3ebf7e683 tenant=tenantA source=DB
2026-01-19 18:56:36.397 [1;31mERROR[0;39m [edf8a484-c1bd-43ec-8e1d-4b0fd3358003] [http-nio-8080-exec-6] c.b.web.CustomerStorefrontController - [PROOF][STORE_LIST] store.id=68a008cd-6b10-4e48-b036-e3d752230378 tenant=tenantA source=DB
2026-01-19 18:56:36.398 [1;31mERROR[0;39m [edf8a484-c1bd-43ec-8e1d-4b0fd3358003] [http-nio-8080-exec-6] c.b.web.CustomerStorefrontController - [PROOF][STORE_LIST] store.id=7bcf0556-b5ba-4df8-9196-1d24f45488c0 tenant=tenantA source=DB
2026-01-19 18:56:36.398 [1;31mERROR[0;39m [edf8a484-c1bd-43ec-8e1d-4b0fd3358003] [http-nio-8080-exec-6] c.b.web.CustomerStorefrontController - [PROOF][STORE_LIST] store.id=9a0c37d7-50b9-462e-a551-dcdd782d8a5f tenant=tenantA source=DB
2026-01-19 18:56:36.398 [1;31mERROR[0;39m [edf8a484-c1bd-43ec-8e1d-4b0fd3358003] [http-nio-8080-exec-6] c.b.web.CustomerStorefrontController - [PROOF][STORE_LIST] store.id=b585adf9-d1e7-41be-ba0f-179581c84259 tenant=tenantA source=DB
2026-01-19 18:56:36.398 [1;31mERROR[0;39m [edf8a484-c1bd-43ec-8e1d-4b0fd3358003] [http-nio-8080-exec-6] c.b.web.CustomerStorefrontController - [PROOF][STORE_LIST] store.id=24ab445b-351b-441e-b886-7e6b905c269b tenant=tenantA source=DB
2026-01-19 18:56:36.398 [1;31mERROR[0;39m [edf8a484-c1bd-43ec-8e1d-4b0fd3358003] [http-nio-8080-exec-6] c.b.web.CustomerStorefrontController - [PROOF][STORE_LIST] store.id=3ce3b1bf-7c55-4fa5-bbe3-f45f8a93c67a tenant=tenantA source=DB
2026-01-19 18:56:36.398 [1;31mERROR[0;39m [edf8a484-c1bd-43ec-8e1d-4b0fd3358003] [http-nio-8080-exec-6] c.b.web.CustomerStorefrontController - [PROOF][STORE_LIST] store.id=871a0bfe-570b-44ed-b7c4-ef60b2d18cf1 tenant=tenantA source=DB
2026-01-19 18:56:36.398 [1;31mERROR[0;39m [edf8a484-c1bd-43ec-8e1d-4b0fd3358003] [http-nio-8080-exec-6] c.b.web.CustomerStorefrontController - [PROOF][STORE_LIST] store.id=90e791d5-27d3-4330-b834-48510b7dea41 tenant=tenantA source=DB
2026-01-19 18:56:36.398 [1;31mERROR[0;39m [edf8a484-c1bd-43ec-8e1d-4b0fd3358003] [http-nio-8080-exec-6] c.b.web.CustomerStorefrontController - [PROOF][STORE_LIST] store.id=aee5f433-686e-45bb-be6b-2160a9267cb2 tenant=tenantA source=DB
2026-01-19 18:56:36.398 [1;31mERROR[0;39m [edf8a484-c1bd-43ec-8e1d-4b0fd3358003] [http-nio-8080-exec-6] c.b.web.CustomerStorefrontController - [PROOF][STORE_LIST] store.id=ce9a05aa-7780-4da8-a071-1039ff4b1e4f tenant=tenantA source=DB
2026-01-19 18:56:36.408 [34mINFO [0;39m [edf8a484-c1bd-43ec-8e1d-4b0fd3358003] [http-nio-8080-exec-6] c.b.config.logging.HttpLoggingFilter - GET /api/storefront/stores -> 200 (130 ms)
2026-01-19 18:56:36.408 [34mINFO [0;39m [edf8a484-c1bd-43ec-8e1d-4b0fd3358003] [http-nio-8080-exec-6] c.b.config.logging.HttpLoggingFilter - Headers: auth=present content-type=application/json accept=*/*
2026-01-19 18:56:36.408 [34mINFO [0;39m [edf8a484-c1bd-43ec-8e1d-4b0fd3358003] [http-nio-8080-exec-6] c.b.config.logging.HttpLoggingFilter - Response payload: [{"id":"storeA","name":"Alpha Kirana Store","area":"Connaught Place","category":"grocery","ownerId":null,"ownerPhone":"9000000002","products":null,"status":"open","orderingDisabled":false,"closedReason":null,"closedUntil":null,"logo":null,"updatedAt":"2026-01-16T00:06:49Z"},{"id":"33b16e50-5c33-4fc8-b546-8c796895cf49","name":"City Pharmacy","area":"Brigade","category":"pharmacy","ownerId":null,"ownerPhone":null,"products":null,"status":"open","orderingDisabled":false,"closedReason":null,"closedUntil":null,"logo":null,"updatedAt":"2026-01-15T18:57:31.724056Z"},{"id":"63a5a059-9fb3-4f8e-9b44-b1d3ebf7e683","name":"City Pharmacy","area":"Brigade","category":"pharmacy","ownerId":null,"ownerPhone":null,"products":null,"status":"open","orderingDisabled":false,"closedReason":null,"closedUntil":null,"logo":null,"updatedAt":"2026-01-18T20:13:38.663820Z"},{"id":"68a008cd-6b10-4e48-b036-e3d752230378","name":"City Pharmacy","area":"Brigade","category":"pharmacy","ownerId":null,"ownerPhone":null,"products":null,"status":"open","orderingDisabled":false,"closedReason":null,"closedUntil":null,"logo":null,"updatedAt":"2026-01-15T19:03:29.647598Z"},{"id":"7bcf0556-b5ba-4df8-9196-1d24f45488c0","name":"City Pharmacy","area":"Brigade","category":"pharmacy","ownerId":null,"ownerPhone":null,"products":null,"status":"open","orderingDisabled":false,"closedReason":null,"closedUntil":null,"logo":null,"updatedAt":"2026-01-18T20:09:12.421625Z"},{"id":"9a0c37d7-50b9-462e-a551-dcdd782d8a5f","name":"City Pharmacy","area":"Brigade","category":"pharmacy","ownerId":null,"ownerPhone":null,"products":null,"status":"open","orderingDisabled":false,"closedReason":null,"closedUntil":null,"logo":null,"updatedAt":"2026-01-15T19:11:19.048431Z"},{"id":"b585adf9-d1e7-41be-ba0f-179581c84259","name":"City Pharmacy","area":"Brigade","category":"pharmacy","ownerId":null,"ownerPhone":null,"products":null,"status":"open","orderingDisabled":false,"closedReason":null,"closedUntil":null,"logo":null,"updatedAt":"2026-01-15T17:56:53.379793Z"},{"id":"24ab445b-351b-441e-b886-7e6b905c269b","name":"Fresh Mart","area":"MG Road","category":"grocery","ownerId":null,"ownerPhone":null,"products":null,"status":"open","orderingDisabled":false,"closedReason":null,"closedUntil":null,"logo":null,"updatedAt":"2026-01-15T19:11:18.918553Z"},{"id":"3ce3b1bf-7c55-4fa5-bbe3-f45f8a93c67a","name":"Fresh Mart","area":"MG Road","category":"grocery","ownerId":null,"ownerPhone":null,"products":null,"status":"open","orderingDisabled":false,"closedReason":null,"closedUntil":null,"logo":null,"updatedAt":"2026-01-15T17:56:53.251484Z"},{"id":"871a0bfe-570b-44ed-b7c4-ef60b2d18cf1","name":"Fresh Mart","area":"MG Road","category":"grocery","ownerId":null,"ownerPhone":null,"products":null,"status":"open","orderingDisabled":false,"closedReason":null,"closedUntil":null,"logo":null,"updatedAt":"2026-01-15T19:03:29.540557Z"},{"id":"90e791d5-27d3-4330-b834-48510b7dea41","name":"Fresh Mart","area":"MG Road","category":"grocery","ownerId":null,"ownerPhone":null,"products":null,"status":"open","orderingDisabled":false,"closedReason":null,"closedUntil":null,"logo":null,"updatedAt":"2026-01-18T20:09:12.272954Z"},{"id":"aee5f433-686e-45bb-be6b-2160a9267cb2","name":"Fresh Mart","area":"MG Road","category":"grocery","ownerId":null,"ownerPhone":null,"products":null,"status":"open","orderingDisabled":false,"closedReason":null,"closedUntil":null,"logo":null,"updatedAt":"2026-01-18T20:13:38.568416Z"},{"id":"ce9a05aa-7780-4da8-a071-1039ff4b1e4f","name":"Fresh Mart","area":"MG Road","category":"grocery","ownerId":null,"ownerPhone":null,"products":null,"status":"open","orderingDisabled":false,"closedReason":null,"closedUntil":null,"logo":null,"updatedAt":"2026-01-15T18:57:31.588523Z"}]
2026-01-19 18:56:36.427 [34mINFO [0;39m [df2237bf-1f5a-4a98-a3a4-3152c674edb9] [http-nio-8080-exec-7] c.b.config.TenantInterceptor - tenant-context: tenant=tenantA method=GET path=/api/storefront/stores
2026-01-19 18:56:36.432 [34mINFO [0;39m [df2237bf-1f5a-4a98-a3a4-3152c674edb9] [http-nio-8080-exec-7] c.b.web.CustomerStorefrontController - Customer storefront: list stores tenant=tenantA userId=e3e7d01b-88f2-420d-b460-5bbd89bb9944 search=null category=null
2026-01-19 18:56:36.435 [34mINFO [0;39m [36529c56-2c27-4d99-a0a7-8665ecb27a24] [http-nio-8080-exec-5] c.b.config.TenantInterceptor - tenant-context: tenant=tenantA method=GET path=/api/storefront/categories
2026-01-19 18:56:36.440 [34mINFO [0;39m [36529c56-2c27-4d99-a0a7-8665ecb27a24] [http-nio-8080-exec-5] c.b.web.CustomerStorefrontController - Customer storefront: list categories tenant=tenantA userId=e3e7d01b-88f2-420d-b460-5bbd89bb9944
2026-01-19 18:56:36.442 [34mINFO [0;39m [df2237bf-1f5a-4a98-a3a4-3152c674edb9] [http-nio-8080-exec-7] c.b.logging.RepositoryLoggingAspect - [REPO_CALL] table=stores tenant=tenantA ids=[24ab445b-351b-441e-b886-7e6b905c269b, 33b16e50-5c33-4fc8-b546-8c796895cf49, 3ce3b1bf-7c55-4fa5-bbe3-f45f8a93c67a, 63a5a059-9fb3-4f8e-9b44-b1d3ebf7e683, 68a008cd-6b10-4e48-b036-e3d752230378, 7bcf0556-b5ba-4df8-9196-1d24f45488c0, 871a0bfe-570b-44ed-b7c4-ef60b2d18cf1, 90e791d5-27d3-4330-b834-48510b7dea41, 9a0c37d7-50b9-462e-a551-dcdd782d8a5f, aee5f433-686e-45bb-be6b-2160a9267cb2, b585adf9-d1e7-41be-ba0f-179581c84259, ce9a05aa-7780-4da8-a071-1039ff4b1e4f, storeA]
2026-01-19 18:56:36.444 [1;31mERROR[0;39m [df2237bf-1f5a-4a98-a3a4-3152c674edb9] [http-nio-8080-exec-7] com.bharatshop.service.StoreService - [PROOF][STORE_REPO] store.id=24ab445b-351b-441e-b886-7e6b905c269b source=DB
2026-01-19 18:56:36.444 [1;31mERROR[0;39m [df2237bf-1f5a-4a98-a3a4-3152c674edb9] [http-nio-8080-exec-7] com.bharatshop.service.StoreService - [PROOF][STORE_REPO] store.id=33b16e50-5c33-4fc8-b546-8c796895cf49 source=DB
2026-01-19 18:56:36.444 [1;31mERROR[0;39m [df2237bf-1f5a-4a98-a3a4-3152c674edb9] [http-nio-8080-exec-7] com.bharatshop.service.StoreService - [PROOF][STORE_REPO] store.id=3ce3b1bf-7c55-4fa5-bbe3-f45f8a93c67a source=DB
2026-01-19 18:56:36.444 [1;31mERROR[0;39m [df2237bf-1f5a-4a98-a3a4-3152c674edb9] [http-nio-8080-exec-7] com.bharatshop.service.StoreService - [PROOF][STORE_REPO] store.id=63a5a059-9fb3-4f8e-9b44-b1d3ebf7e683 source=DB
2026-01-19 18:56:36.446 [1;31mERROR[0;39m [df2237bf-1f5a-4a98-a3a4-3152c674edb9] [http-nio-8080-exec-7] com.bharatshop.service.StoreService - [PROOF][STORE_REPO] store.id=68a008cd-6b10-4e48-b036-e3d752230378 source=DB
2026-01-19 18:56:36.446 [1;31mERROR[0;39m [df2237bf-1f5a-4a98-a3a4-3152c674edb9] [http-nio-8080-exec-7] com.bharatshop.service.StoreService - [PROOF][STORE_REPO] store.id=7bcf0556-b5ba-4df8-9196-1d24f45488c0 source=DB
2026-01-19 18:56:36.446 [1;31mERROR[0;39m [df2237bf-1f5a-4a98-a3a4-3152c674edb9] [http-nio-8080-exec-7] com.bharatshop.service.StoreService - [PROOF][STORE_REPO] store.id=871a0bfe-570b-44ed-b7c4-ef60b2d18cf1 source=DB
2026-01-19 18:56:36.446 [1;31mERROR[0;39m [df2237bf-1f5a-4a98-a3a4-3152c674edb9] [http-nio-8080-exec-7] com.bharatshop.service.StoreService - [PROOF][STORE_REPO] store.id=90e791d5-27d3-4330-b834-48510b7dea41 source=DB
2026-01-19 18:56:36.446 [1;31mERROR[0;39m [df2237bf-1f5a-4a98-a3a4-3152c674edb9] [http-nio-8080-exec-7] com.bharatshop.service.StoreService - [PROOF][STORE_REPO] store.id=9a0c37d7-50b9-462e-a551-dcdd782d8a5f source=DB
2026-01-19 18:56:36.448 [1;31mERROR[0;39m [df2237bf-1f5a-4a98-a3a4-3152c674edb9] [http-nio-8080-exec-7] com.bharatshop.service.StoreService - [PROOF][STORE_REPO] store.id=aee5f433-686e-45bb-be6b-2160a9267cb2 source=DB
2026-01-19 18:56:36.449 [1;31mERROR[0;39m [df2237bf-1f5a-4a98-a3a4-3152c674edb9] [http-nio-8080-exec-7] com.bharatshop.service.StoreService - [PROOF][STORE_REPO] store.id=b585adf9-d1e7-41be-ba0f-179581c84259 source=DB
2026-01-19 18:56:36.451 [1;31mERROR[0;39m [df2237bf-1f5a-4a98-a3a4-3152c674edb9] [http-nio-8080-exec-7] com.bharatshop.service.StoreService - [PROOF][STORE_REPO] store.id=ce9a05aa-7780-4da8-a071-1039ff4b1e4f source=DB
2026-01-19 18:56:36.451 [1;31mERROR[0;39m [df2237bf-1f5a-4a98-a3a4-3152c674edb9] [http-nio-8080-exec-7] com.bharatshop.service.StoreService - [PROOF][STORE_REPO] store.id=storeA source=DB
2026-01-19 18:56:36.451 [1;31mERROR[0;39m [df2237bf-1f5a-4a98-a3a4-3152c674edb9] [http-nio-8080-exec-7] com.bharatshop.service.StoreService - [PROOF][STORE_MAP] entity.id=24ab445b-351b-441e-b886-7e6b905c269b mapped.id=24ab445b-351b-441e-b886-7e6b905c269b
2026-01-19 18:56:36.451 [1;31mERROR[0;39m [df2237bf-1f5a-4a98-a3a4-3152c674edb9] [http-nio-8080-exec-7] com.bharatshop.service.StoreService - [PROOF][STORE_MAP] entity.id=33b16e50-5c33-4fc8-b546-8c796895cf49 mapped.id=33b16e50-5c33-4fc8-b546-8c796895cf49
2026-01-19 18:56:36.453 [1;31mERROR[0;39m [df2237bf-1f5a-4a98-a3a4-3152c674edb9] [http-nio-8080-exec-7] com.bharatshop.service.StoreService - [PROOF][STORE_MAP] entity.id=3ce3b1bf-7c55-4fa5-bbe3-f45f8a93c67a mapped.id=3ce3b1bf-7c55-4fa5-bbe3-f45f8a93c67a
2026-01-19 18:56:36.453 [1;31mERROR[0;39m [df2237bf-1f5a-4a98-a3a4-3152c674edb9] [http-nio-8080-exec-7] com.bharatshop.service.StoreService - [PROOF][STORE_MAP] entity.id=63a5a059-9fb3-4f8e-9b44-b1d3ebf7e683 mapped.id=63a5a059-9fb3-4f8e-9b44-b1d3ebf7e683
2026-01-19 18:56:36.453 [1;31mERROR[0;39m [df2237bf-1f5a-4a98-a3a4-3152c674edb9] [http-nio-8080-exec-7] com.bharatshop.service.StoreService - [PROOF][STORE_MAP] entity.id=68a008cd-6b10-4e48-b036-e3d752230378 mapped.id=68a008cd-6b10-4e48-b036-e3d752230378
2026-01-19 18:56:36.455 [1;31mERROR[0;39m [df2237bf-1f5a-4a98-a3a4-3152c674edb9] [http-nio-8080-exec-7] com.bharatshop.service.StoreService - [PROOF][STORE_MAP] entity.id=7bcf0556-b5ba-4df8-9196-1d24f45488c0 mapped.id=7bcf0556-b5ba-4df8-9196-1d24f45488c0
2026-01-19 18:56:36.455 [1;31mERROR[0;39m [df2237bf-1f5a-4a98-a3a4-3152c674edb9] [http-nio-8080-exec-7] com.bharatshop.service.StoreService - [PROOF][STORE_MAP] entity.id=871a0bfe-570b-44ed-b7c4-ef60b2d18cf1 mapped.id=871a0bfe-570b-44ed-b7c4-ef60b2d18cf1
2026-01-19 18:56:36.455 [1;31mERROR[0;39m [df2237bf-1f5a-4a98-a3a4-3152c674edb9] [http-nio-8080-exec-7] com.bharatshop.service.StoreService - [PROOF][STORE_MAP] entity.id=90e791d5-27d3-4330-b834-48510b7dea41 mapped.id=90e791d5-27d3-4330-b834-48510b7dea41
2026-01-19 18:56:36.455 [1;31mERROR[0;39m [df2237bf-1f5a-4a98-a3a4-3152c674edb9] [http-nio-8080-exec-7] com.bharatshop.service.StoreService - [PROOF][STORE_MAP] entity.id=9a0c37d7-50b9-462e-a551-dcdd782d8a5f mapped.id=9a0c37d7-50b9-462e-a551-dcdd782d8a5f
2026-01-19 18:56:36.455 [1;31mERROR[0;39m [df2237bf-1f5a-4a98-a3a4-3152c674edb9] [http-nio-8080-exec-7] com.bharatshop.service.StoreService - [PROOF][STORE_MAP] entity.id=aee5f433-686e-45bb-be6b-2160a9267cb2 mapped.id=aee5f433-686e-45bb-be6b-2160a9267cb2
2026-01-19 18:56:36.455 [1;31mERROR[0;39m [df2237bf-1f5a-4a98-a3a4-3152c674edb9] [http-nio-8080-exec-7] com.bharatshop.service.StoreService - [PROOF][STORE_MAP] entity.id=b585adf9-d1e7-41be-ba0f-179581c84259 mapped.id=b585adf9-d1e7-41be-ba0f-179581c84259
2026-01-19 18:56:36.457 [1;31mERROR[0;39m [df2237bf-1f5a-4a98-a3a4-3152c674edb9] [http-nio-8080-exec-7] com.bharatshop.service.StoreService - [PROOF][STORE_MAP] entity.id=ce9a05aa-7780-4da8-a071-1039ff4b1e4f mapped.id=ce9a05aa-7780-4da8-a071-1039ff4b1e4f
2026-01-19 18:56:36.457 [1;31mERROR[0;39m [df2237bf-1f5a-4a98-a3a4-3152c674edb9] [http-nio-8080-exec-7] com.bharatshop.service.StoreService - [PROOF][STORE_MAP] entity.id=storeA mapped.id=storeA
2026-01-19 18:56:36.457 [1;31mERROR[0;39m [df2237bf-1f5a-4a98-a3a4-3152c674edb9] [http-nio-8080-exec-7] c.b.web.CustomerStorefrontController - [PROOF][STORE_LIST] store.id=storeA tenant=tenantA source=DB
2026-01-19 18:56:36.457 [1;31mERROR[0;39m [df2237bf-1f5a-4a98-a3a4-3152c674edb9] [http-nio-8080-exec-7] c.b.web.CustomerStorefrontController - [PROOF][STORE_LIST] store.id=33b16e50-5c33-4fc8-b546-8c796895cf49 tenant=tenantA source=DB
2026-01-19 18:56:36.457 [1;31mERROR[0;39m [df2237bf-1f5a-4a98-a3a4-3152c674edb9] [http-nio-8080-exec-7] c.b.web.CustomerStorefrontController - [PROOF][STORE_LIST] store.id=63a5a059-9fb3-4f8e-9b44-b1d3ebf7e683 tenant=tenantA source=DB
2026-01-19 18:56:36.459 [1;31mERROR[0;39m [df2237bf-1f5a-4a98-a3a4-3152c674edb9] [http-nio-8080-exec-7] c.b.web.CustomerStorefrontController - [PROOF][STORE_LIST] store.id=68a008cd-6b10-4e48-b036-e3d752230378 tenant=tenantA source=DB
2026-01-19 18:56:36.459 [1;31mERROR[0;39m [df2237bf-1f5a-4a98-a3a4-3152c674edb9] [http-nio-8080-exec-7] c.b.web.CustomerStorefrontController - [PROOF][STORE_LIST] store.id=7bcf0556-b5ba-4df8-9196-1d24f45488c0 tenant=tenantA source=DB
2026-01-19 18:56:36.459 [1;31mERROR[0;39m [df2237bf-1f5a-4a98-a3a4-3152c674edb9] [http-nio-8080-exec-7] c.b.web.CustomerStorefrontController - [PROOF][STORE_LIST] store.id=9a0c37d7-50b9-462e-a551-dcdd782d8a5f tenant=tenantA source=DB
2026-01-19 18:56:36.459 [1;31mERROR[0;39m [df2237bf-1f5a-4a98-a3a4-3152c674edb9] [http-nio-8080-exec-7] c.b.web.CustomerStorefrontController - [PROOF][STORE_LIST] store.id=b585adf9-d1e7-41be-ba0f-179581c84259 tenant=tenantA source=DB
2026-01-19 18:56:36.459 [1;31mERROR[0;39m [df2237bf-1f5a-4a98-a3a4-3152c674edb9] [http-nio-8080-exec-7] c.b.web.CustomerStorefrontController - [PROOF][STORE_LIST] store.id=24ab445b-351b-441e-b886-7e6b905c269b tenant=tenantA source=DB
2026-01-19 18:56:36.461 [1;31mERROR[0;39m [df2237bf-1f5a-4a98-a3a4-3152c674edb9] [http-nio-8080-exec-7] c.b.web.CustomerStorefrontController - [PROOF][STORE_LIST] store.id=3ce3b1bf-7c55-4fa5-bbe3-f45f8a93c67a tenant=tenantA source=DB
2026-01-19 18:56:36.461 [1;31mERROR[0;39m [df2237bf-1f5a-4a98-a3a4-3152c674edb9] [http-nio-8080-exec-7] c.b.web.CustomerStorefrontController - [PROOF][STORE_LIST] store.id=871a0bfe-570b-44ed-b7c4-ef60b2d18cf1 tenant=tenantA source=DB
2026-01-19 18:56:36.461 [1;31mERROR[0;39m [df2237bf-1f5a-4a98-a3a4-3152c674edb9] [http-nio-8080-exec-7] c.b.web.CustomerStorefrontController - [PROOF][STORE_LIST] store.id=90e791d5-27d3-4330-b834-48510b7dea41 tenant=tenantA source=DB
2026-01-19 18:56:36.461 [1;31mERROR[0;39m [df2237bf-1f5a-4a98-a3a4-3152c674edb9] [http-nio-8080-exec-7] c.b.web.CustomerStorefrontController - [PROOF][STORE_LIST] store.id=aee5f433-686e-45bb-be6b-2160a9267cb2 tenant=tenantA source=DB
2026-01-19 18:56:36.461 [1;31mERROR[0;39m [df2237bf-1f5a-4a98-a3a4-3152c674edb9] [http-nio-8080-exec-7] c.b.web.CustomerStorefrontController - [PROOF][STORE_LIST] store.id=ce9a05aa-7780-4da8-a071-1039ff4b1e4f tenant=tenantA source=DB
2026-01-19 18:56:36.465 [34mINFO [0;39m [df2237bf-1f5a-4a98-a3a4-3152c674edb9] [http-nio-8080-exec-7] c.b.config.logging.HttpLoggingFilter - GET /api/storefront/stores -> 200 (38 ms)
2026-01-19 18:56:36.465 [34mINFO [0;39m [df2237bf-1f5a-4a98-a3a4-3152c674edb9] [http-nio-8080-exec-7] c.b.config.logging.HttpLoggingFilter - Headers: auth=present content-type=application/json accept=*/*
2026-01-19 18:56:36.465 [34mINFO [0;39m [df2237bf-1f5a-4a98-a3a4-3152c674edb9] [http-nio-8080-exec-7] c.b.config.logging.HttpLoggingFilter - Response payload: [{"id":"storeA","name":"Alpha Kirana Store","area":"Connaught Place","category":"grocery","ownerId":null,"ownerPhone":"9000000002","products":null,"status":"open","orderingDisabled":false,"closedReason":null,"closedUntil":null,"logo":null,"updatedAt":"2026-01-16T00:06:49Z"},{"id":"33b16e50-5c33-4fc8-b546-8c796895cf49","name":"City Pharmacy","area":"Brigade","category":"pharmacy","ownerId":null,"ownerPhone":null,"products":null,"status":"open","orderingDisabled":false,"closedReason":null,"closedUntil":null,"logo":null,"updatedAt":"2026-01-15T18:57:31.724056Z"},{"id":"63a5a059-9fb3-4f8e-9b44-b1d3ebf7e683","name":"City Pharmacy","area":"Brigade","category":"pharmacy","ownerId":null,"ownerPhone":null,"products":null,"status":"open","orderingDisabled":false,"closedReason":null,"closedUntil":null,"logo":null,"updatedAt":"2026-01-18T20:13:38.663820Z"},{"id":"68a008cd-6b10-4e48-b036-e3d752230378","name":"City Pharmacy","area":"Brigade","category":"pharmacy","ownerId":null,"ownerPhone":null,"products":null,"status":"open","orderingDisabled":false,"closedReason":null,"closedUntil":null,"logo":null,"updatedAt":"2026-01-15T19:03:29.647598Z"},{"id":"7bcf0556-b5ba-4df8-9196-1d24f45488c0","name":"City Pharmacy","area":"Brigade","category":"pharmacy","ownerId":null,"ownerPhone":null,"products":null,"status":"open","orderingDisabled":false,"closedReason":null,"closedUntil":null,"logo":null,"updatedAt":"2026-01-18T20:09:12.421625Z"},{"id":"9a0c37d7-50b9-462e-a551-dcdd782d8a5f","name":"City Pharmacy","area":"Brigade","category":"pharmacy","ownerId":null,"ownerPhone":null,"products":null,"status":"open","orderingDisabled":false,"closedReason":null,"closedUntil":null,"logo":null,"updatedAt":"2026-01-15T19:11:19.048431Z"},{"id":"b585adf9-d1e7-41be-ba0f-179581c84259","name":"City Pharmacy","area":"Brigade","category":"pharmacy","ownerId":null,"ownerPhone":null,"products":null,"status":"open","orderingDisabled":false,"closedReason":null,"closedUntil":null,"logo":null,"updatedAt":"2026-01-15T17:56:53.379793Z"},{"id":"24ab445b-351b-441e-b886-7e6b905c269b","name":"Fresh Mart","area":"MG Road","category":"grocery","ownerId":null,"ownerPhone":null,"products":null,"status":"open","orderingDisabled":false,"closedReason":null,"closedUntil":null,"logo":null,"updatedAt":"2026-01-15T19:11:18.918553Z"},{"id":"3ce3b1bf-7c55-4fa5-bbe3-f45f8a93c67a","name":"Fresh Mart","area":"MG Road","category":"grocery","ownerId":null,"ownerPhone":null,"products":null,"status":"open","orderingDisabled":false,"closedReason":null,"closedUntil":null,"logo":null,"updatedAt":"2026-01-15T17:56:53.251484Z"},{"id":"871a0bfe-570b-44ed-b7c4-ef60b2d18cf1","name":"Fresh Mart","area":"MG Road","category":"grocery","ownerId":null,"ownerPhone":null,"products":null,"status":"open","orderingDisabled":false,"closedReason":null,"closedUntil":null,"logo":null,"updatedAt":"2026-01-15T19:03:29.540557Z"},{"id":"90e791d5-27d3-4330-b834-48510b7dea41","name":"Fresh Mart","area":"MG Road","category":"grocery","ownerId":null,"ownerPhone":null,"products":null,"status":"open","orderingDisabled":false,"closedReason":null,"closedUntil":null,"logo":null,"updatedAt":"2026-01-18T20:09:12.272954Z"},{"id":"aee5f433-686e-45bb-be6b-2160a9267cb2","name":"Fresh Mart","area":"MG Road","category":"grocery","ownerId":null,"ownerPhone":null,"products":null,"status":"open","orderingDisabled":false,"closedReason":null,"closedUntil":null,"logo":null,"updatedAt":"2026-01-18T20:13:38.568416Z"},{"id":"ce9a05aa-7780-4da8-a071-1039ff4b1e4f","name":"Fresh Mart","area":"MG Road","category":"grocery","ownerId":null,"ownerPhone":null,"products":null,"status":"open","orderingDisabled":false,"closedReason":null,"closedUntil":null,"logo":null,"updatedAt":"2026-01-15T18:57:31.588523Z"}]
2026-01-19 18:56:36.477 [34mINFO [0;39m [36529c56-2c27-4d99-a0a7-8665ecb27a24] [http-nio-8080-exec-5] c.b.config.logging.HttpLoggingFilter - GET /api/storefront/categories -> 200 (42 ms)
2026-01-19 18:56:36.479 [34mINFO [0;39m [36529c56-2c27-4d99-a0a7-8665ecb27a24] [http-nio-8080-exec-5] c.b.config.logging.HttpLoggingFilter - Headers: auth=present content-type=application/json accept=*/*
2026-01-19 18:56:36.479 [34mINFO [0;39m [36529c56-2c27-4d99-a0a7-8665ecb27a24] [http-nio-8080-exec-5] c.b.config.logging.HttpLoggingFilter - Response payload: ["dairy","fruits","grocery","medicine"]
2026-01-19 18:56:36.504 [34mINFO [0;39m [4e381238-d3ff-4e3d-80fd-90d954f235c2] [http-nio-8080-exec-8] c.b.config.TenantInterceptor - tenant-context: tenant=tenantA method=GET path=/api/storefront/categories
2026-01-19 18:56:36.511 [34mINFO [0;39m [4e381238-d3ff-4e3d-80fd-90d954f235c2] [http-nio-8080-exec-8] c.b.web.CustomerStorefrontController - Customer storefront: list categories tenant=tenantA userId=e3e7d01b-88f2-420d-b460-5bbd89bb9944
2026-01-19 18:56:36.528 [34mINFO [0;39m [4e381238-d3ff-4e3d-80fd-90d954f235c2] [http-nio-8080-exec-8] c.b.config.logging.HttpLoggingFilter - GET /api/storefront/categories -> 200 (26 ms)
2026-01-19 18:56:36.530 [34mINFO [0;39m [4e381238-d3ff-4e3d-80fd-90d954f235c2] [http-nio-8080-exec-8] c.b.config.logging.HttpLoggingFilter - Headers: auth=present content-type=application/json accept=*/*
2026-01-19 18:56:36.530 [34mINFO [0;39m [4e381238-d3ff-4e3d-80fd-90d954f235c2] [http-nio-8080-exec-8] c.b.config.logging.HttpLoggingFilter - Response payload: ["dairy","fruits","grocery","medicine"]
2026-01-19 18:56:42.694 [34mINFO [0;39m [e82d52f6-dc9a-48cc-a3f3-3da637395717] [http-nio-8080-exec-9] c.b.config.TenantInterceptor - tenant-context: tenant=tenantA method=GET path=/api/orders
2026-01-19 18:56:42.702 [34mINFO [0;39m [e82d52f6-dc9a-48cc-a3f3-3da637395717] [http-nio-8080-exec-9] c.bharatshop.web.OrdersApiController - List orders (canonical): tenant=tenantA userId=e3e7d01b-88f2-420d-b460-5bbd89bb9944
2026-01-19 18:56:42.726 [34mINFO [0;39m [e82d52f6-dc9a-48cc-a3f3-3da637395717] [http-nio-8080-exec-9] c.bharatshop.web.OrdersApiController - Orders fetched: count=0
2026-01-19 18:56:42.727 [34mINFO [0;39m [e82d52f6-dc9a-48cc-a3f3-3da637395717] [http-nio-8080-exec-9] c.b.config.logging.HttpLoggingFilter - GET /api/orders -> 200 (33 ms)
2026-01-19 18:56:42.730 [34mINFO [0;39m [e82d52f6-dc9a-48cc-a3f3-3da637395717] [http-nio-8080-exec-9] c.b.config.logging.HttpLoggingFilter - Headers: auth=present content-type=application/json accept=*/*
2026-01-19 18:56:42.730 [34mINFO [0;39m [e82d52f6-dc9a-48cc-a3f3-3da637395717] [http-nio-8080-exec-9] c.b.config.logging.HttpLoggingFilter - Response payload: []
2026-01-19 18:56:42.745 [34mINFO [0;39m [9572f4c6-59e2-4f0b-86d0-7ca4d4544235] [http-nio-8080-exec-10] c.b.config.TenantInterceptor - tenant-context: tenant=tenantA method=GET path=/api/orders
2026-01-19 18:56:42.745 [34mINFO [0;39m [9572f4c6-59e2-4f0b-86d0-7ca4d4544235] [http-nio-8080-exec-10] c.bharatshop.web.OrdersApiController - List orders (canonical): tenant=tenantA userId=e3e7d01b-88f2-420d-b460-5bbd89bb9944
2026-01-19 18:56:42.754 [34mINFO [0;39m [9572f4c6-59e2-4f0b-86d0-7ca4d4544235] [http-nio-8080-exec-10] c.bharatshop.web.OrdersApiController - Orders fetched: count=0
2026-01-19 18:56:42.757 [34mINFO [0;39m [9572f4c6-59e2-4f0b-86d0-7ca4d4544235] [http-nio-8080-exec-10] c.b.config.logging.HttpLoggingFilter - GET /api/orders -> 200 (12 ms)
2026-01-19 18:56:42.757 [34mINFO [0;39m [9572f4c6-59e2-4f0b-86d0-7ca4d4544235] [http-nio-8080-exec-10] c.b.config.logging.HttpLoggingFilter - Headers: auth=present content-type=application/json accept=*/*
2026-01-19 18:56:42.760 [34mINFO [0;39m [9572f4c6-59e2-4f0b-86d0-7ca4d4544235] [http-nio-8080-exec-10] c.b.config.logging.HttpLoggingFilter - Response payload: []
2026-01-19 18:56:49.740 [34mINFO [0;39m [b9f7319e-7cd8-4c2d-a4b1-cf91f637764c] [http-nio-8080-exec-2] c.b.config.TenantInterceptor - tenant-context: tenant=tenantA method=GET path=/api/storefront/stores
2026-01-19 18:56:49.743 [34mINFO [0;39m [b9f7319e-7cd8-4c2d-a4b1-cf91f637764c] [http-nio-8080-exec-2] c.b.web.CustomerStorefrontController - Customer storefront: list stores tenant=tenantA userId=e3e7d01b-88f2-420d-b460-5bbd89bb9944 search=null category=null
2026-01-19 18:56:49.752 [34mINFO [0;39m [b9f7319e-7cd8-4c2d-a4b1-cf91f637764c] [http-nio-8080-exec-2] c.b.logging.RepositoryLoggingAspect - [REPO_CALL] table=stores tenant=tenantA ids=[24ab445b-351b-441e-b886-7e6b905c269b, 33b16e50-5c33-4fc8-b546-8c796895cf49, 3ce3b1bf-7c55-4fa5-bbe3-f45f8a93c67a, 63a5a059-9fb3-4f8e-9b44-b1d3ebf7e683, 68a008cd-6b10-4e48-b036-e3d752230378, 7bcf0556-b5ba-4df8-9196-1d24f45488c0, 871a0bfe-570b-44ed-b7c4-ef60b2d18cf1, 90e791d5-27d3-4330-b834-48510b7dea41, 9a0c37d7-50b9-462e-a551-dcdd782d8a5f, aee5f433-686e-45bb-be6b-2160a9267cb2, b585adf9-d1e7-41be-ba0f-179581c84259, ce9a05aa-7780-4da8-a071-1039ff4b1e4f, storeA]
2026-01-19 18:56:49.754 [1;31mERROR[0;39m [b9f7319e-7cd8-4c2d-a4b1-cf91f637764c] [http-nio-8080-exec-2] com.bharatshop.service.StoreService - [PROOF][STORE_REPO] store.id=24ab445b-351b-441e-b886-7e6b905c269b source=DB
2026-01-19 18:56:49.754 [1;31mERROR[0;39m [b9f7319e-7cd8-4c2d-a4b1-cf91f637764c] [http-nio-8080-exec-2] com.bharatshop.service.StoreService - [PROOF][STORE_REPO] store.id=33b16e50-5c33-4fc8-b546-8c796895cf49 source=DB
2026-01-19 18:56:49.754 [1;31mERROR[0;39m [b9f7319e-7cd8-4c2d-a4b1-cf91f637764c] [http-nio-8080-exec-2] com.bharatshop.service.StoreService - [PROOF][STORE_REPO] store.id=3ce3b1bf-7c55-4fa5-bbe3-f45f8a93c67a source=DB
2026-01-19 18:56:49.754 [1;31mERROR[0;39m [b9f7319e-7cd8-4c2d-a4b1-cf91f637764c] [http-nio-8080-exec-2] com.bharatshop.service.StoreService - [PROOF][STORE_REPO] store.id=63a5a059-9fb3-4f8e-9b44-b1d3ebf7e683 source=DB
2026-01-19 18:56:49.754 [1;31mERROR[0;39m [b9f7319e-7cd8-4c2d-a4b1-cf91f637764c] [http-nio-8080-exec-2] com.bharatshop.service.StoreService - [PROOF][STORE_REPO] store.id=68a008cd-6b10-4e48-b036-e3d752230378 source=DB
2026-01-19 18:56:49.754 [1;31mERROR[0;39m [b9f7319e-7cd8-4c2d-a4b1-cf91f637764c] [http-nio-8080-exec-2] com.bharatshop.service.StoreService - [PROOF][STORE_REPO] store.id=7bcf0556-b5ba-4df8-9196-1d24f45488c0 source=DB
2026-01-19 18:56:49.756 [1;31mERROR[0;39m [b9f7319e-7cd8-4c2d-a4b1-cf91f637764c] [http-nio-8080-exec-2] com.bharatshop.service.StoreService - [PROOF][STORE_REPO] store.id=871a0bfe-570b-44ed-b7c4-ef60b2d18cf1 source=DB
2026-01-19 18:56:49.757 [1;31mERROR[0;39m [b9f7319e-7cd8-4c2d-a4b1-cf91f637764c] [http-nio-8080-exec-2] com.bharatshop.service.StoreService - [PROOF][STORE_REPO] store.id=90e791d5-27d3-4330-b834-48510b7dea41 source=DB
2026-01-19 18:56:49.757 [1;31mERROR[0;39m [b9f7319e-7cd8-4c2d-a4b1-cf91f637764c] [http-nio-8080-exec-2] com.bharatshop.service.StoreService - [PROOF][STORE_REPO] store.id=9a0c37d7-50b9-462e-a551-dcdd782d8a5f source=DB
2026-01-19 18:56:49.757 [1;31mERROR[0;39m [b9f7319e-7cd8-4c2d-a4b1-cf91f637764c] [http-nio-8080-exec-2] com.bharatshop.service.StoreService - [PROOF][STORE_REPO] store.id=aee5f433-686e-45bb-be6b-2160a9267cb2 source=DB
2026-01-19 18:56:49.757 [1;31mERROR[0;39m [b9f7319e-7cd8-4c2d-a4b1-cf91f637764c] [http-nio-8080-exec-2] com.bharatshop.service.StoreService - [PROOF][STORE_REPO] store.id=b585adf9-d1e7-41be-ba0f-179581c84259 source=DB
2026-01-19 18:56:49.759 [1;31mERROR[0;39m [b9f7319e-7cd8-4c2d-a4b1-cf91f637764c] [http-nio-8080-exec-2] com.bharatshop.service.StoreService - [PROOF][STORE_REPO] store.id=ce9a05aa-7780-4da8-a071-1039ff4b1e4f source=DB
2026-01-19 18:56:49.759 [1;31mERROR[0;39m [b9f7319e-7cd8-4c2d-a4b1-cf91f637764c] [http-nio-8080-exec-2] com.bharatshop.service.StoreService - [PROOF][STORE_REPO] store.id=storeA source=DB
2026-01-19 18:56:49.759 [1;31mERROR[0;39m [b9f7319e-7cd8-4c2d-a4b1-cf91f637764c] [http-nio-8080-exec-2] com.bharatshop.service.StoreService - [PROOF][STORE_MAP] entity.id=24ab445b-351b-441e-b886-7e6b905c269b mapped.id=24ab445b-351b-441e-b886-7e6b905c269b
2026-01-19 18:56:49.759 [1;31mERROR[0;39m [b9f7319e-7cd8-4c2d-a4b1-cf91f637764c] [http-nio-8080-exec-2] com.bharatshop.service.StoreService - [PROOF][STORE_MAP] entity.id=33b16e50-5c33-4fc8-b546-8c796895cf49 mapped.id=33b16e50-5c33-4fc8-b546-8c796895cf49
2026-01-19 18:56:49.759 [1;31mERROR[0;39m [b9f7319e-7cd8-4c2d-a4b1-cf91f637764c] [http-nio-8080-exec-2] com.bharatshop.service.StoreService - [PROOF][STORE_MAP] entity.id=3ce3b1bf-7c55-4fa5-bbe3-f45f8a93c67a mapped.id=3ce3b1bf-7c55-4fa5-bbe3-f45f8a93c67a
2026-01-19 18:56:49.759 [1;31mERROR[0;39m [b9f7319e-7cd8-4c2d-a4b1-cf91f637764c] [http-nio-8080-exec-2] com.bharatshop.service.StoreService - [PROOF][STORE_MAP] entity.id=63a5a059-9fb3-4f8e-9b44-b1d3ebf7e683 mapped.id=63a5a059-9fb3-4f8e-9b44-b1d3ebf7e683
2026-01-19 18:56:49.761 [1;31mERROR[0;39m [b9f7319e-7cd8-4c2d-a4b1-cf91f637764c] [http-nio-8080-exec-2] com.bharatshop.service.StoreService - [PROOF][STORE_MAP] entity.id=68a008cd-6b10-4e48-b036-e3d752230378 mapped.id=68a008cd-6b10-4e48-b036-e3d752230378
2026-01-19 18:56:49.761 [1;31mERROR[0;39m [b9f7319e-7cd8-4c2d-a4b1-cf91f637764c] [http-nio-8080-exec-2] com.bharatshop.service.StoreService - [PROOF][STORE_MAP] entity.id=7bcf0556-b5ba-4df8-9196-1d24f45488c0 mapped.id=7bcf0556-b5ba-4df8-9196-1d24f45488c0
2026-01-19 18:56:49.761 [1;31mERROR[0;39m [b9f7319e-7cd8-4c2d-a4b1-cf91f637764c] [http-nio-8080-exec-2] com.bharatshop.service.StoreService - [PROOF][STORE_MAP] entity.id=871a0bfe-570b-44ed-b7c4-ef60b2d18cf1 mapped.id=871a0bfe-570b-44ed-b7c4-ef60b2d18cf1
2026-01-19 18:56:49.761 [1;31mERROR[0;39m [b9f7319e-7cd8-4c2d-a4b1-cf91f637764c] [http-nio-8080-exec-2] com.bharatshop.service.StoreService - [PROOF][STORE_MAP] entity.id=90e791d5-27d3-4330-b834-48510b7dea41 mapped.id=90e791d5-27d3-4330-b834-48510b7dea41
2026-01-19 18:56:49.762 [1;31mERROR[0;39m [b9f7319e-7cd8-4c2d-a4b1-cf91f637764c] [http-nio-8080-exec-2] com.bharatshop.service.StoreService - [PROOF][STORE_MAP] entity.id=9a0c37d7-50b9-462e-a551-dcdd782d8a5f mapped.id=9a0c37d7-50b9-462e-a551-dcdd782d8a5f
2026-01-19 18:56:49.762 [1;31mERROR[0;39m [b9f7319e-7cd8-4c2d-a4b1-cf91f637764c] [http-nio-8080-exec-2] com.bharatshop.service.StoreService - [PROOF][STORE_MAP] entity.id=aee5f433-686e-45bb-be6b-2160a9267cb2 mapped.id=aee5f433-686e-45bb-be6b-2160a9267cb2
2026-01-19 18:56:49.762 [1;31mERROR[0;39m [b9f7319e-7cd8-4c2d-a4b1-cf91f637764c] [http-nio-8080-exec-2] com.bharatshop.service.StoreService - [PROOF][STORE_MAP] entity.id=b585adf9-d1e7-41be-ba0f-179581c84259 mapped.id=b585adf9-d1e7-41be-ba0f-179581c84259
2026-01-19 18:56:49.762 [1;31mERROR[0;39m [b9f7319e-7cd8-4c2d-a4b1-cf91f637764c] [http-nio-8080-exec-2] com.bharatshop.service.StoreService - [PROOF][STORE_MAP] entity.id=ce9a05aa-7780-4da8-a071-1039ff4b1e4f mapped.id=ce9a05aa-7780-4da8-a071-1039ff4b1e4f
2026-01-19 18:56:49.764 [1;31mERROR[0;39m [b9f7319e-7cd8-4c2d-a4b1-cf91f637764c] [http-nio-8080-exec-2] com.bharatshop.service.StoreService - [PROOF][STORE_MAP] entity.id=storeA mapped.id=storeA
2026-01-19 18:56:49.764 [1;31mERROR[0;39m [b9f7319e-7cd8-4c2d-a4b1-cf91f637764c] [http-nio-8080-exec-2] c.b.web.CustomerStorefrontController - [PROOF][STORE_LIST] store.id=storeA tenant=tenantA source=DB
2026-01-19 18:56:49.764 [1;31mERROR[0;39m [b9f7319e-7cd8-4c2d-a4b1-cf91f637764c] [http-nio-8080-exec-2] c.b.web.CustomerStorefrontController - [PROOF][STORE_LIST] store.id=33b16e50-5c33-4fc8-b546-8c796895cf49 tenant=tenantA source=DB
2026-01-19 18:56:49.765 [1;31mERROR[0;39m [b9f7319e-7cd8-4c2d-a4b1-cf91f637764c] [http-nio-8080-exec-2] c.b.web.CustomerStorefrontController - [PROOF][STORE_LIST] store.id=63a5a059-9fb3-4f8e-9b44-b1d3ebf7e683 tenant=tenantA source=DB
2026-01-19 18:56:49.765 [1;31mERROR[0;39m [b9f7319e-7cd8-4c2d-a4b1-cf91f637764c] [http-nio-8080-exec-2] c.b.web.CustomerStorefrontController - [PROOF][STORE_LIST] store.id=68a008cd-6b10-4e48-b036-e3d752230378 tenant=tenantA source=DB
2026-01-19 18:56:49.765 [1;31mERROR[0;39m [b9f7319e-7cd8-4c2d-a4b1-cf91f637764c] [http-nio-8080-exec-2] c.b.web.CustomerStorefrontController - [PROOF][STORE_LIST] store.id=7bcf0556-b5ba-4df8-9196-1d24f45488c0 tenant=tenantA source=DB
2026-01-19 18:56:49.767 [1;31mERROR[0;39m [b9f7319e-7cd8-4c2d-a4b1-cf91f637764c] [http-nio-8080-exec-2] c.b.web.CustomerStorefrontController - [PROOF][STORE_LIST] store.id=9a0c37d7-50b9-462e-a551-dcdd782d8a5f tenant=tenantA source=DB
2026-01-19 18:56:49.767 [1;31mERROR[0;39m [b9f7319e-7cd8-4c2d-a4b1-cf91f637764c] [http-nio-8080-exec-2] c.b.web.CustomerStorefrontController - [PROOF][STORE_LIST] store.id=b585adf9-d1e7-41be-ba0f-179581c84259 tenant=tenantA source=DB
2026-01-19 18:56:49.767 [1;31mERROR[0;39m [b9f7319e-7cd8-4c2d-a4b1-cf91f637764c] [http-nio-8080-exec-2] c.b.web.CustomerStorefrontController - [PROOF][STORE_LIST] store.id=24ab445b-351b-441e-b886-7e6b905c269b tenant=tenantA source=DB
2026-01-19 18:56:49.767 [1;31mERROR[0;39m [b9f7319e-7cd8-4c2d-a4b1-cf91f637764c] [http-nio-8080-exec-2] c.b.web.CustomerStorefrontController - [PROOF][STORE_LIST] store.id=3ce3b1bf-7c55-4fa5-bbe3-f45f8a93c67a tenant=tenantA source=DB
2026-01-19 18:56:49.767 [1;31mERROR[0;39m [b9f7319e-7cd8-4c2d-a4b1-cf91f637764c] [http-nio-8080-exec-2] c.b.web.CustomerStorefrontController - [PROOF][STORE_LIST] store.id=871a0bfe-570b-44ed-b7c4-ef60b2d18cf1 tenant=tenantA source=DB
2026-01-19 18:56:49.767 [1;31mERROR[0;39m [b9f7319e-7cd8-4c2d-a4b1-cf91f637764c] [http-nio-8080-exec-2] c.b.web.CustomerStorefrontController - [PROOF][STORE_LIST] store.id=90e791d5-27d3-4330-b834-48510b7dea41 tenant=tenantA source=DB
2026-01-19 18:56:49.767 [1;31mERROR[0;39m [b9f7319e-7cd8-4c2d-a4b1-cf91f637764c] [http-nio-8080-exec-2] c.b.web.CustomerStorefrontController - [PROOF][STORE_LIST] store.id=aee5f433-686e-45bb-be6b-2160a9267cb2 tenant=tenantA source=DB
2026-01-19 18:56:49.767 [1;31mERROR[0;39m [b9f7319e-7cd8-4c2d-a4b1-cf91f637764c] [http-nio-8080-exec-2] c.b.web.CustomerStorefrontController - [PROOF][STORE_LIST] store.id=ce9a05aa-7780-4da8-a071-1039ff4b1e4f tenant=tenantA source=DB
2026-01-19 18:56:49.771 [34mINFO [0;39m [b9f7319e-7cd8-4c2d-a4b1-cf91f637764c] [http-nio-8080-exec-2] c.b.config.logging.HttpLoggingFilter - GET /api/storefront/stores -> 200 (34 ms)
2026-01-19 18:56:49.771 [34mINFO [0;39m [b9f7319e-7cd8-4c2d-a4b1-cf91f637764c] [http-nio-8080-exec-2] c.b.config.logging.HttpLoggingFilter - Headers: auth=present content-type=application/json accept=*/*
2026-01-19 18:56:49.771 [34mINFO [0;39m [b9f7319e-7cd8-4c2d-a4b1-cf91f637764c] [http-nio-8080-exec-2] c.b.config.logging.HttpLoggingFilter - Response payload: [{"id":"storeA","name":"Alpha Kirana Store","area":"Connaught Place","category":"grocery","ownerId":null,"ownerPhone":"9000000002","products":null,"status":"open","orderingDisabled":false,"closedReason":null,"closedUntil":null,"logo":null,"updatedAt":"2026-01-16T00:06:49Z"},{"id":"33b16e50-5c33-4fc8-b546-8c796895cf49","name":"City Pharmacy","area":"Brigade","category":"pharmacy","ownerId":null,"ownerPhone":null,"products":null,"status":"open","orderingDisabled":false,"closedReason":null,"closedUntil":null,"logo":null,"updatedAt":"2026-01-15T18:57:31.724056Z"},{"id":"63a5a059-9fb3-4f8e-9b44-b1d3ebf7e683","name":"City Pharmacy","area":"Brigade","category":"pharmacy","ownerId":null,"ownerPhone":null,"products":null,"status":"open","orderingDisabled":false,"closedReason":null,"closedUntil":null,"logo":null,"updatedAt":"2026-01-18T20:13:38.663820Z"},{"id":"68a008cd-6b10-4e48-b036-e3d752230378","name":"City Pharmacy","area":"Brigade","category":"pharmacy","ownerId":null,"ownerPhone":null,"products":null,"status":"open","orderingDisabled":false,"closedReason":null,"closedUntil":null,"logo":null,"updatedAt":"2026-01-15T19:03:29.647598Z"},{"id":"7bcf0556-b5ba-4df8-9196-1d24f45488c0","name":"City Pharmacy","area":"Brigade","category":"pharmacy","ownerId":null,"ownerPhone":null,"products":null,"status":"open","orderingDisabled":false,"closedReason":null,"closedUntil":null,"logo":null,"updatedAt":"2026-01-18T20:09:12.421625Z"},{"id":"9a0c37d7-50b9-462e-a551-dcdd782d8a5f","name":"City Pharmacy","area":"Brigade","category":"pharmacy","ownerId":null,"ownerPhone":null,"products":null,"status":"open","orderingDisabled":false,"closedReason":null,"closedUntil":null,"logo":null,"updatedAt":"2026-01-15T19:11:19.048431Z"},{"id":"b585adf9-d1e7-41be-ba0f-179581c84259","name":"City Pharmacy","area":"Brigade","category":"pharmacy","ownerId":null,"ownerPhone":null,"products":null,"status":"open","orderingDisabled":false,"closedReason":null,"closedUntil":null,"logo":null,"updatedAt":"2026-01-15T17:56:53.379793Z"},{"id":"24ab445b-351b-441e-b886-7e6b905c269b","name":"Fresh Mart","area":"MG Road","category":"grocery","ownerId":null,"ownerPhone":null,"products":null,"status":"open","orderingDisabled":false,"closedReason":null,"closedUntil":null,"logo":null,"updatedAt":"2026-01-15T19:11:18.918553Z"},{"id":"3ce3b1bf-7c55-4fa5-bbe3-f45f8a93c67a","name":"Fresh Mart","area":"MG Road","category":"grocery","ownerId":null,"ownerPhone":null,"products":null,"status":"open","orderingDisabled":false,"closedReason":null,"closedUntil":null,"logo":null,"updatedAt":"2026-01-15T17:56:53.251484Z"},{"id":"871a0bfe-570b-44ed-b7c4-ef60b2d18cf1","name":"Fresh Mart","area":"MG Road","category":"grocery","ownerId":null,"ownerPhone":null,"products":null,"status":"open","orderingDisabled":false,"closedReason":null,"closedUntil":null,"logo":null,"updatedAt":"2026-01-15T19:03:29.540557Z"},{"id":"90e791d5-27d3-4330-b834-48510b7dea41","name":"Fresh Mart","area":"MG Road","category":"grocery","ownerId":null,"ownerPhone":null,"products":null,"status":"open","orderingDisabled":false,"closedReason":null,"closedUntil":null,"logo":null,"updatedAt":"2026-01-18T20:09:12.272954Z"},{"id":"aee5f433-686e-45bb-be6b-2160a9267cb2","name":"Fresh Mart","area":"MG Road","category":"grocery","ownerId":null,"ownerPhone":null,"products":null,"status":"open","orderingDisabled":false,"closedReason":null,"closedUntil":null,"logo":null,"updatedAt":"2026-01-18T20:13:38.568416Z"},{"id":"ce9a05aa-7780-4da8-a071-1039ff4b1e4f","name":"Fresh Mart","area":"MG Road","category":"grocery","ownerId":null,"ownerPhone":null,"products":null,"status":"open","orderingDisabled":false,"closedReason":null,"closedUntil":null,"logo":null,"updatedAt":"2026-01-15T18:57:31.588523Z"}]
2026-01-19 18:56:49.803 [34mINFO [0;39m [ee8f943b-3d3a-4097-93fa-1a637eeb4f92] [http-nio-8080-exec-1] c.b.config.TenantInterceptor - tenant-context: tenant=tenantA method=GET path=/api/storefront/stores
2026-01-19 18:56:49.805 [34mINFO [0;39m [ee8f943b-3d3a-4097-93fa-1a637eeb4f92] [http-nio-8080-exec-1] c.b.web.CustomerStorefrontController - Customer storefront: list stores tenant=tenantA userId=e3e7d01b-88f2-420d-b460-5bbd89bb9944 search=null category=null
2026-01-19 18:56:49.805 [34mINFO [0;39m [2ca9b38f-212e-4e47-b0ea-286ea2484e81] [http-nio-8080-exec-4] c.b.config.TenantInterceptor - tenant-context: tenant=tenantA method=GET path=/api/storefront/categories
2026-01-19 18:56:49.805 [34mINFO [0;39m [2ca9b38f-212e-4e47-b0ea-286ea2484e81] [http-nio-8080-exec-4] c.b.web.CustomerStorefrontController - Customer storefront: list categories tenant=tenantA userId=e3e7d01b-88f2-420d-b460-5bbd89bb9944
2026-01-19 18:56:49.814 [34mINFO [0;39m [ee8f943b-3d3a-4097-93fa-1a637eeb4f92] [http-nio-8080-exec-1] c.b.logging.RepositoryLoggingAspect - [REPO_CALL] table=stores tenant=tenantA ids=[24ab445b-351b-441e-b886-7e6b905c269b, 33b16e50-5c33-4fc8-b546-8c796895cf49, 3ce3b1bf-7c55-4fa5-bbe3-f45f8a93c67a, 63a5a059-9fb3-4f8e-9b44-b1d3ebf7e683, 68a008cd-6b10-4e48-b036-e3d752230378, 7bcf0556-b5ba-4df8-9196-1d24f45488c0, 871a0bfe-570b-44ed-b7c4-ef60b2d18cf1, 90e791d5-27d3-4330-b834-48510b7dea41, 9a0c37d7-50b9-462e-a551-dcdd782d8a5f, aee5f433-686e-45bb-be6b-2160a9267cb2, b585adf9-d1e7-41be-ba0f-179581c84259, ce9a05aa-7780-4da8-a071-1039ff4b1e4f, storeA]
2026-01-19 18:56:49.816 [1;31mERROR[0;39m [ee8f943b-3d3a-4097-93fa-1a637eeb4f92] [http-nio-8080-exec-1] com.bharatshop.service.StoreService - [PROOF][STORE_REPO] store.id=24ab445b-351b-441e-b886-7e6b905c269b source=DB
2026-01-19 18:56:49.816 [1;31mERROR[0;39m [ee8f943b-3d3a-4097-93fa-1a637eeb4f92] [http-nio-8080-exec-1] com.bharatshop.service.StoreService - [PROOF][STORE_REPO] store.id=33b16e50-5c33-4fc8-b546-8c796895cf49 source=DB
2026-01-19 18:56:49.816 [1;31mERROR[0;39m [ee8f943b-3d3a-4097-93fa-1a637eeb4f92] [http-nio-8080-exec-1] com.bharatshop.service.StoreService - [PROOF][STORE_REPO] store.id=3ce3b1bf-7c55-4fa5-bbe3-f45f8a93c67a source=DB
2026-01-19 18:56:49.816 [1;31mERROR[0;39m [ee8f943b-3d3a-4097-93fa-1a637eeb4f92] [http-nio-8080-exec-1] com.bharatshop.service.StoreService - [PROOF][STORE_REPO] store.id=63a5a059-9fb3-4f8e-9b44-b1d3ebf7e683 source=DB
2026-01-19 18:56:49.816 [1;31mERROR[0;39m [ee8f943b-3d3a-4097-93fa-1a637eeb4f92] [http-nio-8080-exec-1] com.bharatshop.service.StoreService - [PROOF][STORE_REPO] store.id=68a008cd-6b10-4e48-b036-e3d752230378 source=DB
2026-01-19 18:56:49.817 [1;31mERROR[0;39m [ee8f943b-3d3a-4097-93fa-1a637eeb4f92] [http-nio-8080-exec-1] com.bharatshop.service.StoreService - [PROOF][STORE_REPO] store.id=7bcf0556-b5ba-4df8-9196-1d24f45488c0 source=DB
2026-01-19 18:56:49.817 [1;31mERROR[0;39m [ee8f943b-3d3a-4097-93fa-1a637eeb4f92] [http-nio-8080-exec-1] com.bharatshop.service.StoreService - [PROOF][STORE_REPO] store.id=871a0bfe-570b-44ed-b7c4-ef60b2d18cf1 source=DB
2026-01-19 18:56:49.818 [1;31mERROR[0;39m [ee8f943b-3d3a-4097-93fa-1a637eeb4f92] [http-nio-8080-exec-1] com.bharatshop.service.StoreService - [PROOF][STORE_REPO] store.id=90e791d5-27d3-4330-b834-48510b7dea41 source=DB
2026-01-19 18:56:49.818 [1;31mERROR[0;39m [ee8f943b-3d3a-4097-93fa-1a637eeb4f92] [http-nio-8080-exec-1] com.bharatshop.service.StoreService - [PROOF][STORE_REPO] store.id=9a0c37d7-50b9-462e-a551-dcdd782d8a5f source=DB
2026-01-19 18:56:49.818 [1;31mERROR[0;39m [ee8f943b-3d3a-4097-93fa-1a637eeb4f92] [http-nio-8080-exec-1] com.bharatshop.service.StoreService - [PROOF][STORE_REPO] store.id=aee5f433-686e-45bb-be6b-2160a9267cb2 source=DB
2026-01-19 18:56:49.818 [1;31mERROR[0;39m [ee8f943b-3d3a-4097-93fa-1a637eeb4f92] [http-nio-8080-exec-1] com.bharatshop.service.StoreService - [PROOF][STORE_REPO] store.id=b585adf9-d1e7-41be-ba0f-179581c84259 source=DB
2026-01-19 18:56:49.818 [1;31mERROR[0;39m [ee8f943b-3d3a-4097-93fa-1a637eeb4f92] [http-nio-8080-exec-1] com.bharatshop.service.StoreService - [PROOF][STORE_REPO] store.id=ce9a05aa-7780-4da8-a071-1039ff4b1e4f source=DB
2026-01-19 18:56:49.820 [1;31mERROR[0;39m [ee8f943b-3d3a-4097-93fa-1a637eeb4f92] [http-nio-8080-exec-1] com.bharatshop.service.StoreService - [PROOF][STORE_REPO] store.id=storeA source=DB
2026-01-19 18:56:49.820 [1;31mERROR[0;39m [ee8f943b-3d3a-4097-93fa-1a637eeb4f92] [http-nio-8080-exec-1] com.bharatshop.service.StoreService - [PROOF][STORE_MAP] entity.id=24ab445b-351b-441e-b886-7e6b905c269b mapped.id=24ab445b-351b-441e-b886-7e6b905c269b
2026-01-19 18:56:49.820 [34mINFO [0;39m [2ca9b38f-212e-4e47-b0ea-286ea2484e81] [http-nio-8080-exec-4] c.b.config.logging.HttpLoggingFilter - GET /api/storefront/categories -> 200 (15 ms)
2026-01-19 18:56:49.820 [1;31mERROR[0;39m [ee8f943b-3d3a-4097-93fa-1a637eeb4f92] [http-nio-8080-exec-1] com.bharatshop.service.StoreService - [PROOF][STORE_MAP] entity.id=33b16e50-5c33-4fc8-b546-8c796895cf49 mapped.id=33b16e50-5c33-4fc8-b546-8c796895cf49
2026-01-19 18:56:49.820 [34mINFO [0;39m [2ca9b38f-212e-4e47-b0ea-286ea2484e81] [http-nio-8080-exec-4] c.b.config.logging.HttpLoggingFilter - Headers: auth=present content-type=application/json accept=*/*
2026-01-19 18:56:49.820 [1;31mERROR[0;39m [ee8f943b-3d3a-4097-93fa-1a637eeb4f92] [http-nio-8080-exec-1] com.bharatshop.service.StoreService - [PROOF][STORE_MAP] entity.id=3ce3b1bf-7c55-4fa5-bbe3-f45f8a93c67a mapped.id=3ce3b1bf-7c55-4fa5-bbe3-f45f8a93c67a
2026-01-19 18:56:49.823 [34mINFO [0;39m [2ca9b38f-212e-4e47-b0ea-286ea2484e81] [http-nio-8080-exec-4] c.b.config.logging.HttpLoggingFilter - Response payload: ["dairy","fruits","grocery","medicine"]
2026-01-19 18:56:49.823 [1;31mERROR[0;39m [ee8f943b-3d3a-4097-93fa-1a637eeb4f92] [http-nio-8080-exec-1] com.bharatshop.service.StoreService - [PROOF][STORE_MAP] entity.id=63a5a059-9fb3-4f8e-9b44-b1d3ebf7e683 mapped.id=63a5a059-9fb3-4f8e-9b44-b1d3ebf7e683
2026-01-19 18:56:49.823 [1;31mERROR[0;39m [ee8f943b-3d3a-4097-93fa-1a637eeb4f92] [http-nio-8080-exec-1] com.bharatshop.service.StoreService - [PROOF][STORE_MAP] entity.id=68a008cd-6b10-4e48-b036-e3d752230378 mapped.id=68a008cd-6b10-4e48-b036-e3d752230378
2026-01-19 18:56:49.823 [1;31mERROR[0;39m [ee8f943b-3d3a-4097-93fa-1a637eeb4f92] [http-nio-8080-exec-1] com.bharatshop.service.StoreService - [PROOF][STORE_MAP] entity.id=7bcf0556-b5ba-4df8-9196-1d24f45488c0 mapped.id=7bcf0556-b5ba-4df8-9196-1d24f45488c0
2026-01-19 18:56:49.823 [1;31mERROR[0;39m [ee8f943b-3d3a-4097-93fa-1a637eeb4f92] [http-nio-8080-exec-1] com.bharatshop.service.StoreService - [PROOF][STORE_MAP] entity.id=871a0bfe-570b-44ed-b7c4-ef60b2d18cf1 mapped.id=871a0bfe-570b-44ed-b7c4-ef60b2d18cf1
2026-01-19 18:56:49.823 [1;31mERROR[0;39m [ee8f943b-3d3a-4097-93fa-1a637eeb4f92] [http-nio-8080-exec-1] com.bharatshop.service.StoreService - [PROOF][STORE_MAP] entity.id=90e791d5-27d3-4330-b834-48510b7dea41 mapped.id=90e791d5-27d3-4330-b834-48510b7dea41
2026-01-19 18:56:49.823 [1;31mERROR[0;39m [ee8f943b-3d3a-4097-93fa-1a637eeb4f92] [http-nio-8080-exec-1] com.bharatshop.service.StoreService - [PROOF][STORE_MAP] entity.id=9a0c37d7-50b9-462e-a551-dcdd782d8a5f mapped.id=9a0c37d7-50b9-462e-a551-dcdd782d8a5f
2026-01-19 18:56:49.823 [1;31mERROR[0;39m [ee8f943b-3d3a-4097-93fa-1a637eeb4f92] [http-nio-8080-exec-1] com.bharatshop.service.StoreService - [PROOF][STORE_MAP] entity.id=aee5f433-686e-45bb-be6b-2160a9267cb2 mapped.id=aee5f433-686e-45bb-be6b-2160a9267cb2
2026-01-19 18:56:49.823 [1;31mERROR[0;39m [ee8f943b-3d3a-4097-93fa-1a637eeb4f92] [http-nio-8080-exec-1] com.bharatshop.service.StoreService - [PROOF][STORE_MAP] entity.id=b585adf9-d1e7-41be-ba0f-179581c84259 mapped.id=b585adf9-d1e7-41be-ba0f-179581c84259
2026-01-19 18:56:49.823 [1;31mERROR[0;39m [ee8f943b-3d3a-4097-93fa-1a637eeb4f92] [http-nio-8080-exec-1] com.bharatshop.service.StoreService - [PROOF][STORE_MAP] entity.id=ce9a05aa-7780-4da8-a071-1039ff4b1e4f mapped.id=ce9a05aa-7780-4da8-a071-1039ff4b1e4f
2026-01-19 18:56:49.823 [1;31mERROR[0;39m [ee8f943b-3d3a-4097-93fa-1a637eeb4f92] [http-nio-8080-exec-1] com.bharatshop.service.StoreService - [PROOF][STORE_MAP] entity.id=storeA mapped.id=storeA
2026-01-19 18:56:49.823 [1;31mERROR[0;39m [ee8f943b-3d3a-4097-93fa-1a637eeb4f92] [http-nio-8080-exec-1] c.b.web.CustomerStorefrontController - [PROOF][STORE_LIST] store.id=storeA tenant=tenantA source=DB
2026-01-19 18:56:49.827 [1;31mERROR[0;39m [ee8f943b-3d3a-4097-93fa-1a637eeb4f92] [http-nio-8080-exec-1] c.b.web.CustomerStorefrontController - [PROOF][STORE_LIST] store.id=33b16e50-5c33-4fc8-b546-8c796895cf49 tenant=tenantA source=DB
2026-01-19 18:56:49.827 [1;31mERROR[0;39m [ee8f943b-3d3a-4097-93fa-1a637eeb4f92] [http-nio-8080-exec-1] c.b.web.CustomerStorefrontController - [PROOF][STORE_LIST] store.id=63a5a059-9fb3-4f8e-9b44-b1d3ebf7e683 tenant=tenantA source=DB
2026-01-19 18:56:49.827 [1;31mERROR[0;39m [ee8f943b-3d3a-4097-93fa-1a637eeb4f92] [http-nio-8080-exec-1] c.b.web.CustomerStorefrontController - [PROOF][STORE_LIST] store.id=68a008cd-6b10-4e48-b036-e3d752230378 tenant=tenantA source=DB
2026-01-19 18:56:49.827 [1;31mERROR[0;39m [ee8f943b-3d3a-4097-93fa-1a637eeb4f92] [http-nio-8080-exec-1] c.b.web.CustomerStorefrontController - [PROOF][STORE_LIST] store.id=7bcf0556-b5ba-4df8-9196-1d24f45488c0 tenant=tenantA source=DB
2026-01-19 18:56:49.827 [1;31mERROR[0;39m [ee8f943b-3d3a-4097-93fa-1a637eeb4f92] [http-nio-8080-exec-1] c.b.web.CustomerStorefrontController - [PROOF][STORE_LIST] store.id=9a0c37d7-50b9-462e-a551-dcdd782d8a5f tenant=tenantA source=DB
2026-01-19 18:56:49.827 [1;31mERROR[0;39m [ee8f943b-3d3a-4097-93fa-1a637eeb4f92] [http-nio-8080-exec-1] c.b.web.CustomerStorefrontController - [PROOF][STORE_LIST] store.id=b585adf9-d1e7-41be-ba0f-179581c84259 tenant=tenantA source=DB
2026-01-19 18:56:49.829 [1;31mERROR[0;39m [ee8f943b-3d3a-4097-93fa-1a637eeb4f92] [http-nio-8080-exec-1] c.b.web.CustomerStorefrontController - [PROOF][STORE_LIST] store.id=24ab445b-351b-441e-b886-7e6b905c269b tenant=tenantA source=DB
2026-01-19 18:56:49.829 [1;31mERROR[0;39m [ee8f943b-3d3a-4097-93fa-1a637eeb4f92] [http-nio-8080-exec-1] c.b.web.CustomerStorefrontController - [PROOF][STORE_LIST] store.id=3ce3b1bf-7c55-4fa5-bbe3-f45f8a93c67a tenant=tenantA source=DB
2026-01-19 18:56:49.829 [1;31mERROR[0;39m [ee8f943b-3d3a-4097-93fa-1a637eeb4f92] [http-nio-8080-exec-1] c.b.web.CustomerStorefrontController - [PROOF][STORE_LIST] store.id=871a0bfe-570b-44ed-b7c4-ef60b2d18cf1 tenant=tenantA source=DB
2026-01-19 18:56:49.829 [1;31mERROR[0;39m [ee8f943b-3d3a-4097-93fa-1a637eeb4f92] [http-nio-8080-exec-1] c.b.web.CustomerStorefrontController - [PROOF][STORE_LIST] store.id=90e791d5-27d3-4330-b834-48510b7dea41 tenant=tenantA source=DB
2026-01-19 18:56:49.830 [1;31mERROR[0;39m [ee8f943b-3d3a-4097-93fa-1a637eeb4f92] [http-nio-8080-exec-1] c.b.web.CustomerStorefrontController - [PROOF][STORE_LIST] store.id=aee5f433-686e-45bb-be6b-2160a9267cb2 tenant=tenantA source=DB
2026-01-19 18:56:49.831 [1;31mERROR[0;39m [ee8f943b-3d3a-4097-93fa-1a637eeb4f92] [http-nio-8080-exec-1] c.b.web.CustomerStorefrontController - [PROOF][STORE_LIST] store.id=ce9a05aa-7780-4da8-a071-1039ff4b1e4f tenant=tenantA source=DB
2026-01-19 18:56:49.832 [34mINFO [0;39m [ee8f943b-3d3a-4097-93fa-1a637eeb4f92] [http-nio-8080-exec-1] c.b.config.logging.HttpLoggingFilter - GET /api/storefront/stores -> 200 (31 ms)
2026-01-19 18:56:49.832 [34mINFO [0;39m [ee8f943b-3d3a-4097-93fa-1a637eeb4f92] [http-nio-8080-exec-1] c.b.config.logging.HttpLoggingFilter - Headers: auth=present content-type=application/json accept=*/*
2026-01-19 18:56:49.832 [34mINFO [0;39m [ee8f943b-3d3a-4097-93fa-1a637eeb4f92] [http-nio-8080-exec-1] c.b.config.logging.HttpLoggingFilter - Response payload: [{"id":"storeA","name":"Alpha Kirana Store","area":"Connaught Place","category":"grocery","ownerId":null,"ownerPhone":"9000000002","products":null,"status":"open","orderingDisabled":false,"closedReason":null,"closedUntil":null,"logo":null,"updatedAt":"2026-01-16T00:06:49Z"},{"id":"33b16e50-5c33-4fc8-b546-8c796895cf49","name":"City Pharmacy","area":"Brigade","category":"pharmacy","ownerId":null,"ownerPhone":null,"products":null,"status":"open","orderingDisabled":false,"closedReason":null,"closedUntil":null,"logo":null,"updatedAt":"2026-01-15T18:57:31.724056Z"},{"id":"63a5a059-9fb3-4f8e-9b44-b1d3ebf7e683","name":"City Pharmacy","area":"Brigade","category":"pharmacy","ownerId":null,"ownerPhone":null,"products":null,"status":"open","orderingDisabled":false,"closedReason":null,"closedUntil":null,"logo":null,"updatedAt":"2026-01-18T20:13:38.663820Z"},{"id":"68a008cd-6b10-4e48-b036-e3d752230378","name":"City Pharmacy","area":"Brigade","category":"pharmacy","ownerId":null,"ownerPhone":null,"products":null,"status":"open","orderingDisabled":false,"closedReason":null,"closedUntil":null,"logo":null,"updatedAt":"2026-01-15T19:03:29.647598Z"},{"id":"7bcf0556-b5ba-4df8-9196-1d24f45488c0","name":"City Pharmacy","area":"Brigade","category":"pharmacy","ownerId":null,"ownerPhone":null,"products":null,"status":"open","orderingDisabled":false,"closedReason":null,"closedUntil":null,"logo":null,"updatedAt":"2026-01-18T20:09:12.421625Z"},{"id":"9a0c37d7-50b9-462e-a551-dcdd782d8a5f","name":"City Pharmacy","area":"Brigade","category":"pharmacy","ownerId":null,"ownerPhone":null,"products":null,"status":"open","orderingDisabled":false,"closedReason":null,"closedUntil":null,"logo":null,"updatedAt":"2026-01-15T19:11:19.048431Z"},{"id":"b585adf9-d1e7-41be-ba0f-179581c84259","name":"City Pharmacy","area":"Brigade","category":"pharmacy","ownerId":null,"ownerPhone":null,"products":null,"status":"open","orderingDisabled":false,"closedReason":null,"closedUntil":null,"logo":null,"updatedAt":"2026-01-15T17:56:53.379793Z"},{"id":"24ab445b-351b-441e-b886-7e6b905c269b","name":"Fresh Mart","area":"MG Road","category":"grocery","ownerId":null,"ownerPhone":null,"products":null,"status":"open","orderingDisabled":false,"closedReason":null,"closedUntil":null,"logo":null,"updatedAt":"2026-01-15T19:11:18.918553Z"},{"id":"3ce3b1bf-7c55-4fa5-bbe3-f45f8a93c67a","name":"Fresh Mart","area":"MG Road","category":"grocery","ownerId":null,"ownerPhone":null,"products":null,"status":"open","orderingDisabled":false,"closedReason":null,"closedUntil":null,"logo":null,"updatedAt":"2026-01-15T17:56:53.251484Z"},{"id":"871a0bfe-570b-44ed-b7c4-ef60b2d18cf1","name":"Fresh Mart","area":"MG Road","category":"grocery","ownerId":null,"ownerPhone":null,"products":null,"status":"open","orderingDisabled":false,"closedReason":null,"closedUntil":null,"logo":null,"updatedAt":"2026-01-15T19:03:29.540557Z"},{"id":"90e791d5-27d3-4330-b834-48510b7dea41","name":"Fresh Mart","area":"MG Road","category":"grocery","ownerId":null,"ownerPhone":null,"products":null,"status":"open","orderingDisabled":false,"closedReason":null,"closedUntil":null,"logo":null,"updatedAt":"2026-01-18T20:09:12.272954Z"},{"id":"aee5f433-686e-45bb-be6b-2160a9267cb2","name":"Fresh Mart","area":"MG Road","category":"grocery","ownerId":null,"ownerPhone":null,"products":null,"status":"open","orderingDisabled":false,"closedReason":null,"closedUntil":null,"logo":null,"updatedAt":"2026-01-18T20:13:38.568416Z"},{"id":"ce9a05aa-7780-4da8-a071-1039ff4b1e4f","name":"Fresh Mart","area":"MG Road","category":"grocery","ownerId":null,"ownerPhone":null,"products":null,"status":"open","orderingDisabled":false,"closedReason":null,"closedUntil":null,"logo":null,"updatedAt":"2026-01-15T18:57:31.588523Z"}]
2026-01-19 18:56:49.857 [34mINFO [0;39m [1d22917c-a387-45c1-8597-1c829d1670ce] [http-nio-8080-exec-3] c.b.config.TenantInterceptor - tenant-context: tenant=tenantA method=GET path=/api/storefront/categories
2026-01-19 18:56:49.860 [34mINFO [0;39m [1d22917c-a387-45c1-8597-1c829d1670ce] [http-nio-8080-exec-3] c.b.web.CustomerStorefrontController - Customer storefront: list categories tenant=tenantA userId=e3e7d01b-88f2-420d-b460-5bbd89bb9944
2026-01-19 18:56:49.872 [34mINFO [0;39m [1d22917c-a387-45c1-8597-1c829d1670ce] [http-nio-8080-exec-3] c.b.config.logging.HttpLoggingFilter - GET /api/storefront/categories -> 200 (15 ms)
2026-01-19 18:56:49.872 [34mINFO [0;39m [1d22917c-a387-45c1-8597-1c829d1670ce] [http-nio-8080-exec-3] c.b.config.logging.HttpLoggingFilter - Headers: auth=present content-type=application/json accept=*/*
2026-01-19 18:56:49.872 [34mINFO [0;39m [1d22917c-a387-45c1-8597-1c829d1670ce] [http-nio-8080-exec-3] c.b.config.logging.HttpLoggingFilter - Response payload: ["dairy","fruits","grocery","medicine"]
2026-01-19 18:56:51.511 [34mINFO [0;39m [09ed27d8-973f-4f62-91da-997f0b7544f1] [http-nio-8080-exec-6] c.b.config.TenantInterceptor - tenant-context: tenant=tenantA method=GET path=/api/storefront/stores/storeA
2026-01-19 18:56:51.515 [34mINFO [0;39m [09ed27d8-973f-4f62-91da-997f0b7544f1] [http-nio-8080-exec-6] c.b.web.CustomerStorefrontController - Customer storefront: get store tenant=tenantA userId=e3e7d01b-88f2-420d-b460-5bbd89bb9944 storeId=storeA 
2026-01-19 18:56:51.517 [1;31mERROR[0;39m [09ed27d8-973f-4f62-91da-997f0b7544f1] [http-nio-8080-exec-6] c.b.web.CustomerStorefrontController - [PROOF][STORE_API] requested storeId=storeA
2026-01-19 18:56:51.525 [1;31mERROR[0;39m [09ed27d8-973f-4f62-91da-997f0b7544f1] [http-nio-8080-exec-6] com.bharatshop.service.StoreService - [PROOF][STORE_MAP] entity.id=storeA mapped.id=storeA
2026-01-19 18:56:51.525 [1;31mERROR[0;39m [09ed27d8-973f-4f62-91da-997f0b7544f1] [http-nio-8080-exec-6] c.b.web.CustomerStorefrontController - [PROOF][STORE_API] store.from.db id=storeA
2026-01-19 18:56:51.529 [34mINFO [0;39m [09ed27d8-973f-4f62-91da-997f0b7544f1] [http-nio-8080-exec-6] c.b.config.logging.HttpLoggingFilter - GET /api/storefront/stores/storeA -> 200 (20 ms)
2026-01-19 18:56:51.529 [34mINFO [0;39m [09ed27d8-973f-4f62-91da-997f0b7544f1] [http-nio-8080-exec-6] c.b.config.logging.HttpLoggingFilter - Headers: auth=present content-type=application/json accept=*/*
2026-01-19 18:56:51.529 [34mINFO [0;39m [09ed27d8-973f-4f62-91da-997f0b7544f1] [http-nio-8080-exec-6] c.b.config.logging.HttpLoggingFilter - Response payload: {"id":"storeA","name":"Alpha Kirana Store","area":"Connaught Place","category":"grocery","ownerId":null,"ownerPhone":"9000000002","products":null,"status":"open","orderingDisabled":false,"closedReason":null,"closedUntil":null,"logo":null,"updatedAt":"2026-01-16T00:06:49Z"}
2026-01-19 18:56:51.551 [34mINFO [0;39m [28ecbdb0-35f0-4853-ad58-c9b01299a5a2] [http-nio-8080-exec-7] c.b.config.TenantInterceptor - tenant-context: tenant=tenantA method=GET path=/api/storefront/stores/storeA
2026-01-19 18:56:51.553 [34mINFO [0;39m [28ecbdb0-35f0-4853-ad58-c9b01299a5a2] [http-nio-8080-exec-7] c.b.web.CustomerStorefrontController - Customer storefront: get store tenant=tenantA userId=e3e7d01b-88f2-420d-b460-5bbd89bb9944 storeId=storeA 
2026-01-19 18:56:51.555 [1;31mERROR[0;39m [28ecbdb0-35f0-4853-ad58-c9b01299a5a2] [http-nio-8080-exec-7] c.b.web.CustomerStorefrontController - [PROOF][STORE_API] requested storeId=storeA
2026-01-19 18:56:51.563 [34mINFO [0;39m [a520fbd9-9ef9-44e1-93d9-063b18143063] [http-nio-8080-exec-5] c.b.config.TenantInterceptor - tenant-context: tenant=tenantA method=GET path=/api/storefront/stores/storeA/products
2026-01-19 18:56:51.565 [1;31mERROR[0;39m [28ecbdb0-35f0-4853-ad58-c9b01299a5a2] [http-nio-8080-exec-7] com.bharatshop.service.StoreService - [PROOF][STORE_MAP] entity.id=storeA mapped.id=storeA
2026-01-19 18:56:51.567 [1;31mERROR[0;39m [28ecbdb0-35f0-4853-ad58-c9b01299a5a2] [http-nio-8080-exec-7] c.b.web.CustomerStorefrontController - [PROOF][STORE_API] store.from.db id=storeA
2026-01-19 18:56:51.569 [34mINFO [0;39m [28ecbdb0-35f0-4853-ad58-c9b01299a5a2] [http-nio-8080-exec-7] c.b.config.logging.HttpLoggingFilter - GET /api/storefront/stores/storeA -> 200 (20 ms)
2026-01-19 18:56:51.569 [34mINFO [0;39m [28ecbdb0-35f0-4853-ad58-c9b01299a5a2] [http-nio-8080-exec-7] c.b.config.logging.HttpLoggingFilter - Headers: auth=present content-type=application/json accept=*/*
2026-01-19 18:56:51.569 [34mINFO [0;39m [a520fbd9-9ef9-44e1-93d9-063b18143063] [http-nio-8080-exec-5] c.b.web.CustomerStorefrontController - Customer storefront: list products by store tenant=tenantA userId=e3e7d01b-88f2-420d-b460-5bbd89bb9944 storeId=storeA 
2026-01-19 18:56:51.569 [34mINFO [0;39m [28ecbdb0-35f0-4853-ad58-c9b01299a5a2] [http-nio-8080-exec-7] c.b.config.logging.HttpLoggingFilter - Response payload: {"id":"storeA","name":"Alpha Kirana Store","area":"Connaught Place","category":"grocery","ownerId":null,"ownerPhone":"9000000002","products":null,"status":"open","orderingDisabled":false,"closedReason":null,"closedUntil":null,"logo":null,"updatedAt":"2026-01-16T00:06:49Z"}
2026-01-19 18:56:51.569 [1;31mERROR[0;39m [a520fbd9-9ef9-44e1-93d9-063b18143063] [http-nio-8080-exec-5] c.b.web.CustomerStorefrontController - [PROOF][PRODUCT_API] requested storeId=storeA
2026-01-19 18:56:51.582 [1;31mERROR[0;39m [a520fbd9-9ef9-44e1-93d9-063b18143063] [http-nio-8080-exec-5] com.bharatshop.service.StoreService - [PROOF][STORE_MAP] entity.id=storeA mapped.id=storeA
2026-01-19 18:56:51.582 [1;31mERROR[0;39m [a520fbd9-9ef9-44e1-93d9-063b18143063] [http-nio-8080-exec-5] c.bharatshop.service.ProductService - [PROOF][PRODUCT_QUERY] requested storeId=storeA
2026-01-19 18:56:51.592 [34mINFO [0;39m [a520fbd9-9ef9-44e1-93d9-063b18143063] [http-nio-8080-exec-5] c.b.logging.RepositoryLoggingAspect - [REPO_CALL] table=products tenant=tenantA ids=[prodA1, prodA2, prodA3]
2026-01-19 18:56:51.595 [1;31mERROR[0;39m [a520fbd9-9ef9-44e1-93d9-063b18143063] [http-nio-8080-exec-5] c.bharatshop.service.ProductService - [PROOF][PRODUCT_DB] product.id=prodA1 storeId=storeA
2026-01-19 18:56:51.595 [1;31mERROR[0;39m [a520fbd9-9ef9-44e1-93d9-063b18143063] [http-nio-8080-exec-5] c.bharatshop.service.ProductService - [PROOF][PRODUCT_DB] product.id=prodA2 storeId=storeA
2026-01-19 18:56:51.595 [1;31mERROR[0;39m [a520fbd9-9ef9-44e1-93d9-063b18143063] [http-nio-8080-exec-5] c.bharatshop.service.ProductService - [PROOF][PRODUCT_DB] product.id=prodA3 storeId=storeA
2026-01-19 18:56:51.595 [1;31mERROR[0;39m [a520fbd9-9ef9-44e1-93d9-063b18143063] [http-nio-8080-exec-5] c.b.web.CustomerStorefrontController - [PROOF][PRODUCT_DB] productId=prodA1 storeId=storeA tenant=tenantA
2026-01-19 18:56:51.596 [1;31mERROR[0;39m [a520fbd9-9ef9-44e1-93d9-063b18143063] [http-nio-8080-exec-5] c.b.web.CustomerStorefrontController - [PROOF][PRODUCT_DB] productId=prodA2 storeId=storeA tenant=tenantA
2026-01-19 18:56:51.596 [1;31mERROR[0;39m [a520fbd9-9ef9-44e1-93d9-063b18143063] [http-nio-8080-exec-5] c.b.web.CustomerStorefrontController - [PROOF][PRODUCT_DB] productId=prodA3 storeId=storeA tenant=tenantA
2026-01-19 18:56:51.600 [34mINFO [0;39m [a520fbd9-9ef9-44e1-93d9-063b18143063] [http-nio-8080-exec-5] c.b.config.logging.HttpLoggingFilter - GET /api/storefront/stores/storeA/products -> 200 (37 ms)
2026-01-19 18:56:51.600 [34mINFO [0;39m [a520fbd9-9ef9-44e1-93d9-063b18143063] [http-nio-8080-exec-5] c.b.config.logging.HttpLoggingFilter - Headers: auth=present content-type=application/json accept=*/*
2026-01-19 18:56:51.602 [34mINFO [0;39m [a520fbd9-9ef9-44e1-93d9-063b18143063] [http-nio-8080-exec-5] c.b.config.logging.HttpLoggingFilter - Response payload: [{"id":"prodA1","name":"Aata 1kg","price":55.0,"description":null,"image":null,"category":"grocery","storeId":"storeA","currency":"INR","sku":null,"stock":null,"active":true},{"id":"prodA2","name":"Rice 1kg","price":65.0,"description":null,"image":null,"category":"grocery","storeId":"storeA","currency":"INR","sku":null,"stock":null,"active":true},{"id":"prodA3","name":"Milk 500ml","price":30.0,"description":null,"image":null,"category":"dairy","storeId":"storeA","currency":"INR","sku":null,"stock":null,"active":true}]
2026-01-19 18:56:51.617 [34mINFO [0;39m [af7a4c21-cd92-4927-bfc7-7b463577b841] [http-nio-8080-exec-8] c.b.config.TenantInterceptor - tenant-context: tenant=tenantA method=GET path=/api/storefront/stores/storeA/products
2026-01-19 18:56:51.620 [34mINFO [0;39m [af7a4c21-cd92-4927-bfc7-7b463577b841] [http-nio-8080-exec-8] c.b.web.CustomerStorefrontController - Customer storefront: list products by store tenant=tenantA userId=e3e7d01b-88f2-420d-b460-5bbd89bb9944 storeId=storeA 
2026-01-19 18:56:51.620 [1;31mERROR[0;39m [af7a4c21-cd92-4927-bfc7-7b463577b841] [http-nio-8080-exec-8] c.b.web.CustomerStorefrontController - [PROOF][PRODUCT_API] requested storeId=storeA
2026-01-19 18:56:51.625 [1;31mERROR[0;39m [af7a4c21-cd92-4927-bfc7-7b463577b841] [http-nio-8080-exec-8] com.bharatshop.service.StoreService - [PROOF][STORE_MAP] entity.id=storeA mapped.id=storeA
2026-01-19 18:56:51.625 [1;31mERROR[0;39m [af7a4c21-cd92-4927-bfc7-7b463577b841] [http-nio-8080-exec-8] c.bharatshop.service.ProductService - [PROOF][PRODUCT_QUERY] requested storeId=storeA
2026-01-19 18:56:51.634 [34mINFO [0;39m [af7a4c21-cd92-4927-bfc7-7b463577b841] [http-nio-8080-exec-8] c.b.logging.RepositoryLoggingAspect - [REPO_CALL] table=products tenant=tenantA ids=[prodA1, prodA2, prodA3]
2026-01-19 18:56:51.634 [1;31mERROR[0;39m [af7a4c21-cd92-4927-bfc7-7b463577b841] [http-nio-8080-exec-8] c.bharatshop.service.ProductService - [PROOF][PRODUCT_DB] product.id=prodA1 storeId=storeA
2026-01-19 18:56:51.636 [1;31mERROR[0;39m [af7a4c21-cd92-4927-bfc7-7b463577b841] [http-nio-8080-exec-8] c.bharatshop.service.ProductService - [PROOF][PRODUCT_DB] product.id=prodA2 storeId=storeA
2026-01-19 18:56:51.636 [1;31mERROR[0;39m [af7a4c21-cd92-4927-bfc7-7b463577b841] [http-nio-8080-exec-8] c.bharatshop.service.ProductService - [PROOF][PRODUCT_DB] product.id=prodA3 storeId=storeA
2026-01-19 18:56:51.636 [1;31mERROR[0;39m [af7a4c21-cd92-4927-bfc7-7b463577b841] [http-nio-8080-exec-8] c.b.web.CustomerStorefrontController - [PROOF][PRODUCT_DB] productId=prodA1 storeId=storeA tenant=tenantA
2026-01-19 18:56:51.636 [1;31mERROR[0;39m [af7a4c21-cd92-4927-bfc7-7b463577b841] [http-nio-8080-exec-8] c.b.web.CustomerStorefrontController - [PROOF][PRODUCT_DB] productId=prodA2 storeId=storeA tenant=tenantA
2026-01-19 18:56:51.636 [1;31mERROR[0;39m [af7a4c21-cd92-4927-bfc7-7b463577b841] [http-nio-8080-exec-8] c.b.web.CustomerStorefrontController - [PROOF][PRODUCT_DB] productId=prodA3 storeId=storeA tenant=tenantA
2026-01-19 18:56:51.649 [34mINFO [0;39m [af7a4c21-cd92-4927-bfc7-7b463577b841] [http-nio-8080-exec-8] c.b.config.logging.HttpLoggingFilter - GET /api/storefront/stores/storeA/products -> 200 (32 ms)
2026-01-19 18:56:51.650 [34mINFO [0;39m [af7a4c21-cd92-4927-bfc7-7b463577b841] [http-nio-8080-exec-8] c.b.config.logging.HttpLoggingFilter - Headers: auth=present content-type=application/json accept=*/*
2026-01-19 18:56:51.650 [34mINFO [0;39m [af7a4c21-cd92-4927-bfc7-7b463577b841] [http-nio-8080-exec-8] c.b.config.logging.HttpLoggingFilter - Response payload: [{"id":"prodA1","name":"Aata 1kg","price":55.0,"description":null,"image":null,"category":"grocery","storeId":"storeA","currency":"INR","sku":null,"stock":null,"active":true},{"id":"prodA2","name":"Rice 1kg","price":65.0,"description":null,"image":null,"category":"grocery","storeId":"storeA","currency":"INR","sku":null,"stock":null,"active":true},{"id":"prodA3","name":"Milk 500ml","price":30.0,"description":null,"image":null,"category":"dairy","storeId":"storeA","currency":"INR","sku":null,"stock":null,"active":true}]
2026-01-19 18:56:58.894 [34mINFO [0;39m [4a182bcc-2837-4156-b899-503445d84d19] [http-nio-8080-exec-9] c.b.config.TenantInterceptor - tenant-context: tenant=tenantA method=POST path=/api/orders
2026-01-19 18:56:58.907 [34mINFO [0;39m [4a182bcc-2837-4156-b899-503445d84d19] [http-nio-8080-exec-9] c.bharatshop.web.OrdersApiController - Create order via canonical endpoint: tenant=tenantA userId=e3e7d01b-88f2-420d-b460-5bbd89bb9944 items=1 paymentMethod=COD
2026-01-19 18:56:58.907 [1;31mERROR[0;39m [4a182bcc-2837-4156-b899-503445d84d19] [http-nio-8080-exec-9] c.bharatshop.web.OrdersApiController - [PROOF][ORDER_API] payload=com.bharatshop.dto.CheckoutRequest@3a235f4b
2026-01-19 18:56:58.907 [1;31mERROR[0;39m [4a182bcc-2837-4156-b899-503445d84d19] [http-nio-8080-exec-9] c.bharatshop.web.OrdersApiController - [PROOF][ORDER_ITEM] productId=prodA1
2026-01-19 18:56:58.912 [34mINFO [0;39m [4a182bcc-2837-4156-b899-503445d84d19] [http-nio-8080-exec-9] c.bharatshop.service.CheckoutService - CheckoutService: tenant=tenantA userId=e3e7d01b-88f2-420d-b460-5bbd89bb9944
2026-01-19 18:56:58.912 [34mINFO [0;39m [4a182bcc-2837-4156-b899-503445d84d19] [http-nio-8080-exec-9] c.bharatshop.service.CheckoutService - CheckoutRequest: items.size=1 itemClass=com.bharatshop.dto.CheckoutItem productIds=prodA1
2026-01-19 18:56:58.916 [1;31mERROR[0;39m [4a182bcc-2837-4156-b899-503445d84d19] [http-nio-8080-exec-9] c.bharatshop.service.CheckoutService - [PROOF][CHECKOUT] lookup productId=prodA1 found=true
2026-01-19 18:56:58.916 [1;31mERROR[0;39m [4a182bcc-2837-4156-b899-503445d84d19] [http-nio-8080-exec-9] c.bharatshop.service.CheckoutService - [PROOF][CHECKOUT] product.id=prodA1 product.storeId=storeA tenant=tenantA
2026-01-19 18:56:58.916 [34mINFO [0;39m [4a182bcc-2837-4156-b899-503445d84d19] [http-nio-8080-exec-9] c.bharatshop.service.CheckoutService - CheckoutService: storeId resolved=storeA
2026-01-19 18:56:58.929 [1;31mERROR[0;39m [4a182bcc-2837-4156-b899-503445d84d19] [http-nio-8080-exec-9] com.bharatshop.service.StoreService - [PROOF][STORE_MAP] entity.id=storeA mapped.id=storeA
2026-01-19 18:56:58.947 [34mINFO [0;39m [4a182bcc-2837-4156-b899-503445d84d19] [http-nio-8080-exec-9] c.bharatshop.service.CheckoutService - CheckoutService: total computed=55.0
2026-01-19 18:56:59.023 [34mINFO [0;39m [4a182bcc-2837-4156-b899-503445d84d19] [http-nio-8080-exec-9] c.bharatshop.service.CheckoutService - CheckoutService: success orderId=ff1ad22e-8a96-4821-9147-4e821e679438 reference=REF-ff1ad22e userId=e3e7d01b-88f2-420d-b460-5bbd89bb9944
2026-01-19 18:56:59.027 [34mINFO [0;39m [4a182bcc-2837-4156-b899-503445d84d19] [http-nio-8080-exec-9] c.b.config.logging.HttpLoggingFilter - POST /api/orders -> 200 (133 ms)
2026-01-19 18:56:59.028 [34mINFO [0;39m [4a182bcc-2837-4156-b899-503445d84d19] [http-nio-8080-exec-9] c.b.config.logging.HttpLoggingFilter - Headers: auth=present content-type=application/json accept=*/*
2026-01-19 18:56:59.028 [34mINFO [0;39m [4a182bcc-2837-4156-b899-503445d84d19] [http-nio-8080-exec-9] c.b.config.logging.HttpLoggingFilter - Request payload: {"items":[{"productId":"prodA1","quantity":1}],"paymentMethod":"COD"}
2026-01-19 18:56:59.028 [34mINFO [0;39m [4a182bcc-2837-4156-b899-503445d84d19] [http-nio-8080-exec-9] c.b.config.logging.HttpLoggingFilter - Response payload: {"order":{"id":"ff1ad22e-8a96-4821-9147-4e821e679438","reference":"REF-ff1ad22e","status":"placed","total":55.0,"totals":{"subtotal":null,"deliveryFee":null,"tax":null,"tip":null,"payable":55.0},"items":[{"id":"prodA1","name":"Aata 1kg","price":55.0,"quantity":1,"requiresPrescription":null,"status":null}],"paymentMethod":"COD","paymentInfo":null,"address":null,"deliverySlot":null,"deliveryInstructions":null,"type":"order","createdAt":"2026-01-19T13:26:58.949200200Z","sellerResponseDeadline":"2026-01-19T13:41:58.949200200Z","sellerAcceptedAt":null,"cancelledAt":null,"cancellationReason":null,"storeId":"storeA","notes":null},"reference":"REF-ff1ad22e"}
2026-01-19 18:56:59.064 [34mINFO [0;39m [52047d16-9733-4967-a409-0a89d807132c] [http-nio-8080-exec-10] c.b.config.TenantInterceptor - tenant-context: tenant=tenantA method=GET path=/api/orders
2026-01-19 18:56:59.064 [34mINFO [0;39m [52047d16-9733-4967-a409-0a89d807132c] [http-nio-8080-exec-10] c.bharatshop.web.OrdersApiController - List orders (canonical): tenant=tenantA userId=e3e7d01b-88f2-420d-b460-5bbd89bb9944
2026-01-19 18:56:59.092 [34mINFO [0;39m [52047d16-9733-4967-a409-0a89d807132c] [http-nio-8080-exec-10] c.bharatshop.web.OrdersApiController - Orders fetched: count=1
2026-01-19 18:56:59.098 [1;31mERROR[0;39m [52047d16-9733-4967-a409-0a89d807132c] [http-nio-8080-exec-10] com.bharatshop.service.StoreService - [PROOF][STORE_MAP] entity.id=storeA mapped.id=storeA
2026-01-19 18:56:59.102 [34mINFO [0;39m [52047d16-9733-4967-a409-0a89d807132c] [http-nio-8080-exec-10] c.b.config.logging.HttpLoggingFilter - GET /api/orders -> 200 (38 ms)
2026-01-19 18:56:59.102 [34mINFO [0;39m [52047d16-9733-4967-a409-0a89d807132c] [http-nio-8080-exec-10] c.b.config.logging.HttpLoggingFilter - Headers: auth=present content-type=application/json accept=*/*
2026-01-19 18:56:59.102 [34mINFO [0;39m [52047d16-9733-4967-a409-0a89d807132c] [http-nio-8080-exec-10] c.b.config.logging.HttpLoggingFilter - Response payload: [{"createdAt":"2026-01-19T13:26:58.949200Z","total":55.0,"id":"ff1ad22e-8a96-4821-9147-4e821e679438","store":{"name":"Alpha Kirana Store","id":"storeA"},"items":[{"quantity":1,"productId":"prodA1","name":"Aata 1kg"}],"status":"placed"}]
2026-01-19 18:56:59.118 [34mINFO [0;39m [daf72e52-b189-4bc7-9cb2-82b38973f69d] [http-nio-8080-exec-2] c.b.config.TenantInterceptor - tenant-context: tenant=tenantA method=GET path=/api/orders
2026-01-19 18:56:59.118 [34mINFO [0;39m [daf72e52-b189-4bc7-9cb2-82b38973f69d] [http-nio-8080-exec-2] c.bharatshop.web.OrdersApiController - List orders (canonical): tenant=tenantA userId=e3e7d01b-88f2-420d-b460-5bbd89bb9944
2026-01-19 18:56:59.136 [34mINFO [0;39m [daf72e52-b189-4bc7-9cb2-82b38973f69d] [http-nio-8080-exec-2] c.bharatshop.web.OrdersApiController - Orders fetched: count=1
2026-01-19 18:56:59.142 [1;31mERROR[0;39m [daf72e52-b189-4bc7-9cb2-82b38973f69d] [http-nio-8080-exec-2] com.bharatshop.service.StoreService - [PROOF][STORE_MAP] entity.id=storeA mapped.id=storeA
2026-01-19 18:56:59.145 [34mINFO [0;39m [daf72e52-b189-4bc7-9cb2-82b38973f69d] [http-nio-8080-exec-2] c.b.config.logging.HttpLoggingFilter - GET /api/orders -> 200 (28 ms)
2026-01-19 18:56:59.146 [34mINFO [0;39m [daf72e52-b189-4bc7-9cb2-82b38973f69d] [http-nio-8080-exec-2] c.b.config.logging.HttpLoggingFilter - Headers: auth=present content-type=application/json accept=*/*
2026-01-19 18:56:59.146 [34mINFO [0;39m [daf72e52-b189-4bc7-9cb2-82b38973f69d] [http-nio-8080-exec-2] c.b.config.logging.HttpLoggingFilter - Response payload: [{"createdAt":"2026-01-19T13:26:58.949200Z","total":55.0,"id":"ff1ad22e-8a96-4821-9147-4e821e679438","store":{"name":"Alpha Kirana Store","id":"storeA"},"items":[{"quantity":1,"productId":"prodA1","name":"Aata 1kg"}],"status":"placed"}]
2026-01-19 18:56:59.159 [31mWARN [0;39m [] [ForkJoinPool.commonPool-worker-4] c.b.service.NotificationService - No template found for event ORDER_PLACED channel WHATSAPP language en
2026-01-19 18:56:59.171 [31mWARN [0;39m [] [ForkJoinPool.commonPool-worker-4] c.b.service.NotificationService - No template found for event ORDER_PLACED channel SMS language en
2026-01-19 18:56:59.183 [31mWARN [0;39m [] [ForkJoinPool.commonPool-worker-4] c.b.service.NotificationService - No template found for event ORDER_PLACED channel EMAIL language en
2026-01-19 19:13:57.088 [34mINFO [0;39m [b2bf4890-0b92-49ab-8a71-b038b0fd2b4b] [http-nio-8080-exec-4] c.b.config.TenantInterceptor - tenant-context: tenant=tenantA method=GET path=/api/storefront/stores
2026-01-19 19:13:57.095 [34mINFO [0;39m [b2bf4890-0b92-49ab-8a71-b038b0fd2b4b] [http-nio-8080-exec-4] c.b.web.CustomerStorefrontController - Customer storefront: list stores tenant=tenantA userId=e3e7d01b-88f2-420d-b460-5bbd89bb9944 search=null category=null
2026-01-19 19:13:57.121 [34mINFO [0;39m [b2bf4890-0b92-49ab-8a71-b038b0fd2b4b] [http-nio-8080-exec-4] c.b.logging.RepositoryLoggingAspect - [REPO_CALL] table=stores tenant=tenantA ids=[24ab445b-351b-441e-b886-7e6b905c269b, 33b16e50-5c33-4fc8-b546-8c796895cf49, 3ce3b1bf-7c55-4fa5-bbe3-f45f8a93c67a, 63a5a059-9fb3-4f8e-9b44-b1d3ebf7e683, 68a008cd-6b10-4e48-b036-e3d752230378, 7bcf0556-b5ba-4df8-9196-1d24f45488c0, 871a0bfe-570b-44ed-b7c4-ef60b2d18cf1, 90e791d5-27d3-4330-b834-48510b7dea41, 9a0c37d7-50b9-462e-a551-dcdd782d8a5f, aee5f433-686e-45bb-be6b-2160a9267cb2, b585adf9-d1e7-41be-ba0f-179581c84259, ce9a05aa-7780-4da8-a071-1039ff4b1e4f, storeA]
2026-01-19 19:13:57.121 [1;31mERROR[0;39m [b2bf4890-0b92-49ab-8a71-b038b0fd2b4b] [http-nio-8080-exec-4] com.bharatshop.service.StoreService - [PROOF][STORE_REPO] store.id=24ab445b-351b-441e-b886-7e6b905c269b source=DB
2026-01-19 19:13:57.123 [1;31mERROR[0;39m [b2bf4890-0b92-49ab-8a71-b038b0fd2b4b] [http-nio-8080-exec-4] com.bharatshop.service.StoreService - [PROOF][STORE_REPO] store.id=33b16e50-5c33-4fc8-b546-8c796895cf49 source=DB
2026-01-19 19:13:57.123 [1;31mERROR[0;39m [b2bf4890-0b92-49ab-8a71-b038b0fd2b4b] [http-nio-8080-exec-4] com.bharatshop.service.StoreService - [PROOF][STORE_REPO] store.id=3ce3b1bf-7c55-4fa5-bbe3-f45f8a93c67a source=DB
2026-01-19 19:13:57.123 [1;31mERROR[0;39m [b2bf4890-0b92-49ab-8a71-b038b0fd2b4b] [http-nio-8080-exec-4] com.bharatshop.service.StoreService - [PROOF][STORE_REPO] store.id=63a5a059-9fb3-4f8e-9b44-b1d3ebf7e683 source=DB
2026-01-19 19:13:57.125 [1;31mERROR[0;39m [b2bf4890-0b92-49ab-8a71-b038b0fd2b4b] [http-nio-8080-exec-4] com.bharatshop.service.StoreService - [PROOF][STORE_REPO] store.id=68a008cd-6b10-4e48-b036-e3d752230378 source=DB
2026-01-19 19:13:57.125 [1;31mERROR[0;39m [b2bf4890-0b92-49ab-8a71-b038b0fd2b4b] [http-nio-8080-exec-4] com.bharatshop.service.StoreService - [PROOF][STORE_REPO] store.id=7bcf0556-b5ba-4df8-9196-1d24f45488c0 source=DB
2026-01-19 19:13:57.127 [1;31mERROR[0;39m [b2bf4890-0b92-49ab-8a71-b038b0fd2b4b] [http-nio-8080-exec-4] com.bharatshop.service.StoreService - [PROOF][STORE_REPO] store.id=871a0bfe-570b-44ed-b7c4-ef60b2d18cf1 source=DB
2026-01-19 19:13:57.129 [1;31mERROR[0;39m [b2bf4890-0b92-49ab-8a71-b038b0fd2b4b] [http-nio-8080-exec-4] com.bharatshop.service.StoreService - [PROOF][STORE_REPO] store.id=90e791d5-27d3-4330-b834-48510b7dea41 source=DB
2026-01-19 19:13:57.129 [1;31mERROR[0;39m [b2bf4890-0b92-49ab-8a71-b038b0fd2b4b] [http-nio-8080-exec-4] com.bharatshop.service.StoreService - [PROOF][STORE_REPO] store.id=9a0c37d7-50b9-462e-a551-dcdd782d8a5f source=DB
2026-01-19 19:13:57.131 [1;31mERROR[0;39m [b2bf4890-0b92-49ab-8a71-b038b0fd2b4b] [http-nio-8080-exec-4] com.bharatshop.service.StoreService - [PROOF][STORE_REPO] store.id=aee5f433-686e-45bb-be6b-2160a9267cb2 source=DB
2026-01-19 19:13:57.131 [1;31mERROR[0;39m [b2bf4890-0b92-49ab-8a71-b038b0fd2b4b] [http-nio-8080-exec-4] com.bharatshop.service.StoreService - [PROOF][STORE_REPO] store.id=b585adf9-d1e7-41be-ba0f-179581c84259 source=DB
2026-01-19 19:13:57.133 [1;31mERROR[0;39m [b2bf4890-0b92-49ab-8a71-b038b0fd2b4b] [http-nio-8080-exec-4] com.bharatshop.service.StoreService - [PROOF][STORE_REPO] store.id=ce9a05aa-7780-4da8-a071-1039ff4b1e4f source=DB
2026-01-19 19:13:57.133 [1;31mERROR[0;39m [b2bf4890-0b92-49ab-8a71-b038b0fd2b4b] [http-nio-8080-exec-4] com.bharatshop.service.StoreService - [PROOF][STORE_REPO] store.id=storeA source=DB
2026-01-19 19:13:57.137 [1;31mERROR[0;39m [b2bf4890-0b92-49ab-8a71-b038b0fd2b4b] [http-nio-8080-exec-4] com.bharatshop.service.StoreService - [PROOF][STORE_MAP] entity.id=24ab445b-351b-441e-b886-7e6b905c269b mapped.id=24ab445b-351b-441e-b886-7e6b905c269b
2026-01-19 19:13:57.139 [1;31mERROR[0;39m [b2bf4890-0b92-49ab-8a71-b038b0fd2b4b] [http-nio-8080-exec-4] com.bharatshop.service.StoreService - [PROOF][STORE_MAP] entity.id=33b16e50-5c33-4fc8-b546-8c796895cf49 mapped.id=33b16e50-5c33-4fc8-b546-8c796895cf49
2026-01-19 19:13:57.149 [1;31mERROR[0;39m [b2bf4890-0b92-49ab-8a71-b038b0fd2b4b] [http-nio-8080-exec-4] com.bharatshop.service.StoreService - [PROOF][STORE_MAP] entity.id=3ce3b1bf-7c55-4fa5-bbe3-f45f8a93c67a mapped.id=3ce3b1bf-7c55-4fa5-bbe3-f45f8a93c67a
2026-01-19 19:13:57.153 [1;31mERROR[0;39m [b2bf4890-0b92-49ab-8a71-b038b0fd2b4b] [http-nio-8080-exec-4] com.bharatshop.service.StoreService - [PROOF][STORE_MAP] entity.id=63a5a059-9fb3-4f8e-9b44-b1d3ebf7e683 mapped.id=63a5a059-9fb3-4f8e-9b44-b1d3ebf7e683
2026-01-19 19:13:57.155 [1;31mERROR[0;39m [b2bf4890-0b92-49ab-8a71-b038b0fd2b4b] [http-nio-8080-exec-4] com.bharatshop.service.StoreService - [PROOF][STORE_MAP] entity.id=68a008cd-6b10-4e48-b036-e3d752230378 mapped.id=68a008cd-6b10-4e48-b036-e3d752230378
2026-01-19 19:13:57.155 [1;31mERROR[0;39m [b2bf4890-0b92-49ab-8a71-b038b0fd2b4b] [http-nio-8080-exec-4] com.bharatshop.service.StoreService - [PROOF][STORE_MAP] entity.id=7bcf0556-b5ba-4df8-9196-1d24f45488c0 mapped.id=7bcf0556-b5ba-4df8-9196-1d24f45488c0
2026-01-19 19:13:57.157 [1;31mERROR[0;39m [b2bf4890-0b92-49ab-8a71-b038b0fd2b4b] [http-nio-8080-exec-4] com.bharatshop.service.StoreService - [PROOF][STORE_MAP] entity.id=871a0bfe-570b-44ed-b7c4-ef60b2d18cf1 mapped.id=871a0bfe-570b-44ed-b7c4-ef60b2d18cf1
2026-01-19 19:13:57.157 [1;31mERROR[0;39m [b2bf4890-0b92-49ab-8a71-b038b0fd2b4b] [http-nio-8080-exec-4] com.bharatshop.service.StoreService - [PROOF][STORE_MAP] entity.id=90e791d5-27d3-4330-b834-48510b7dea41 mapped.id=90e791d5-27d3-4330-b834-48510b7dea41
2026-01-19 19:13:57.160 [1;31mERROR[0;39m [b2bf4890-0b92-49ab-8a71-b038b0fd2b4b] [http-nio-8080-exec-4] com.bharatshop.service.StoreService - [PROOF][STORE_MAP] entity.id=9a0c37d7-50b9-462e-a551-dcdd782d8a5f mapped.id=9a0c37d7-50b9-462e-a551-dcdd782d8a5f
2026-01-19 19:13:57.162 [1;31mERROR[0;39m [b2bf4890-0b92-49ab-8a71-b038b0fd2b4b] [http-nio-8080-exec-4] com.bharatshop.service.StoreService - [PROOF][STORE_MAP] entity.id=aee5f433-686e-45bb-be6b-2160a9267cb2 mapped.id=aee5f433-686e-45bb-be6b-2160a9267cb2
2026-01-19 19:13:57.162 [1;31mERROR[0;39m [b2bf4890-0b92-49ab-8a71-b038b0fd2b4b] [http-nio-8080-exec-4] com.bharatshop.service.StoreService - [PROOF][STORE_MAP] entity.id=b585adf9-d1e7-41be-ba0f-179581c84259 mapped.id=b585adf9-d1e7-41be-ba0f-179581c84259
2026-01-19 19:13:57.162 [1;31mERROR[0;39m [b2bf4890-0b92-49ab-8a71-b038b0fd2b4b] [http-nio-8080-exec-4] com.bharatshop.service.StoreService - [PROOF][STORE_MAP] entity.id=ce9a05aa-7780-4da8-a071-1039ff4b1e4f mapped.id=ce9a05aa-7780-4da8-a071-1039ff4b1e4f
2026-01-19 19:13:57.164 [1;31mERROR[0;39m [b2bf4890-0b92-49ab-8a71-b038b0fd2b4b] [http-nio-8080-exec-4] com.bharatshop.service.StoreService - [PROOF][STORE_MAP] entity.id=storeA mapped.id=storeA
2026-01-19 19:13:57.164 [1;31mERROR[0;39m [b2bf4890-0b92-49ab-8a71-b038b0fd2b4b] [http-nio-8080-exec-4] c.b.web.CustomerStorefrontController - [PROOF][STORE_LIST] store.id=storeA tenant=tenantA source=DB
2026-01-19 19:13:57.166 [1;31mERROR[0;39m [b2bf4890-0b92-49ab-8a71-b038b0fd2b4b] [http-nio-8080-exec-4] c.b.web.CustomerStorefrontController - [PROOF][STORE_LIST] store.id=33b16e50-5c33-4fc8-b546-8c796895cf49 tenant=tenantA source=DB
2026-01-19 19:13:57.167 [1;31mERROR[0;39m [b2bf4890-0b92-49ab-8a71-b038b0fd2b4b] [http-nio-8080-exec-4] c.b.web.CustomerStorefrontController - [PROOF][STORE_LIST] store.id=63a5a059-9fb3-4f8e-9b44-b1d3ebf7e683 tenant=tenantA source=DB
2026-01-19 19:13:57.191 [1;31mERROR[0;39m [b2bf4890-0b92-49ab-8a71-b038b0fd2b4b] [http-nio-8080-exec-4] c.b.web.CustomerStorefrontController - [PROOF][STORE_LIST] store.id=68a008cd-6b10-4e48-b036-e3d752230378 tenant=tenantA source=DB
2026-01-19 19:13:57.192 [1;31mERROR[0;39m [b2bf4890-0b92-49ab-8a71-b038b0fd2b4b] [http-nio-8080-exec-4] c.b.web.CustomerStorefrontController - [PROOF][STORE_LIST] store.id=7bcf0556-b5ba-4df8-9196-1d24f45488c0 tenant=tenantA source=DB
2026-01-19 19:13:57.194 [1;31mERROR[0;39m [b2bf4890-0b92-49ab-8a71-b038b0fd2b4b] [http-nio-8080-exec-4] c.b.web.CustomerStorefrontController - [PROOF][STORE_LIST] store.id=9a0c37d7-50b9-462e-a551-dcdd782d8a5f tenant=tenantA source=DB
2026-01-19 19:13:57.194 [1;31mERROR[0;39m [b2bf4890-0b92-49ab-8a71-b038b0fd2b4b] [http-nio-8080-exec-4] c.b.web.CustomerStorefrontController - [PROOF][STORE_LIST] store.id=b585adf9-d1e7-41be-ba0f-179581c84259 tenant=tenantA source=DB
2026-01-19 19:13:57.198 [1;31mERROR[0;39m [b2bf4890-0b92-49ab-8a71-b038b0fd2b4b] [http-nio-8080-exec-4] c.b.web.CustomerStorefrontController - [PROOF][STORE_LIST] store.id=24ab445b-351b-441e-b886-7e6b905c269b tenant=tenantA source=DB
2026-01-19 19:13:57.202 [1;31mERROR[0;39m [b2bf4890-0b92-49ab-8a71-b038b0fd2b4b] [http-nio-8080-exec-4] c.b.web.CustomerStorefrontController - [PROOF][STORE_LIST] store.id=3ce3b1bf-7c55-4fa5-bbe3-f45f8a93c67a tenant=tenantA source=DB
2026-01-19 19:13:57.204 [1;31mERROR[0;39m [b2bf4890-0b92-49ab-8a71-b038b0fd2b4b] [http-nio-8080-exec-4] c.b.web.CustomerStorefrontController - [PROOF][STORE_LIST] store.id=871a0bfe-570b-44ed-b7c4-ef60b2d18cf1 tenant=tenantA source=DB
2026-01-19 19:13:57.204 [1;31mERROR[0;39m [b2bf4890-0b92-49ab-8a71-b038b0fd2b4b] [http-nio-8080-exec-4] c.b.web.CustomerStorefrontController - [PROOF][STORE_LIST] store.id=90e791d5-27d3-4330-b834-48510b7dea41 tenant=tenantA source=DB
2026-01-19 19:13:57.204 [1;31mERROR[0;39m [b2bf4890-0b92-49ab-8a71-b038b0fd2b4b] [http-nio-8080-exec-4] c.b.web.CustomerStorefrontController - [PROOF][STORE_LIST] store.id=aee5f433-686e-45bb-be6b-2160a9267cb2 tenant=tenantA source=DB
2026-01-19 19:13:57.204 [1;31mERROR[0;39m [b2bf4890-0b92-49ab-8a71-b038b0fd2b4b] [http-nio-8080-exec-4] c.b.web.CustomerStorefrontController - [PROOF][STORE_LIST] store.id=ce9a05aa-7780-4da8-a071-1039ff4b1e4f tenant=tenantA source=DB
2026-01-19 19:13:57.212 [34mINFO [0;39m [b2bf4890-0b92-49ab-8a71-b038b0fd2b4b] [http-nio-8080-exec-4] c.b.config.logging.HttpLoggingFilter - GET /api/storefront/stores -> 200 (126 ms)
2026-01-19 19:13:57.220 [34mINFO [0;39m [b2bf4890-0b92-49ab-8a71-b038b0fd2b4b] [http-nio-8080-exec-4] c.b.config.logging.HttpLoggingFilter - Headers: auth=present content-type=application/json accept=*/*
2026-01-19 19:13:57.224 [34mINFO [0;39m [b2bf4890-0b92-49ab-8a71-b038b0fd2b4b] [http-nio-8080-exec-4] c.b.config.logging.HttpLoggingFilter - Response payload: [{"id":"storeA","name":"Alpha Kirana Store","area":"Connaught Place","category":"grocery","ownerId":null,"ownerPhone":"9000000002","products":null,"status":"open","orderingDisabled":false,"closedReason":null,"closedUntil":null,"logo":null,"updatedAt":"2026-01-16T00:06:49Z"},{"id":"33b16e50-5c33-4fc8-b546-8c796895cf49","name":"City Pharmacy","area":"Brigade","category":"pharmacy","ownerId":null,"ownerPhone":null,"products":null,"status":"open","orderingDisabled":false,"closedReason":null,"closedUntil":null,"logo":null,"updatedAt":"2026-01-15T18:57:31.724056Z"},{"id":"63a5a059-9fb3-4f8e-9b44-b1d3ebf7e683","name":"City Pharmacy","area":"Brigade","category":"pharmacy","ownerId":null,"ownerPhone":null,"products":null,"status":"open","orderingDisabled":false,"closedReason":null,"closedUntil":null,"logo":null,"updatedAt":"2026-01-18T20:13:38.663820Z"},{"id":"68a008cd-6b10-4e48-b036-e3d752230378","name":"City Pharmacy","area":"Brigade","category":"pharmacy","ownerId":null,"ownerPhone":null,"products":null,"status":"open","orderingDisabled":false,"closedReason":null,"closedUntil":null,"logo":null,"updatedAt":"2026-01-15T19:03:29.647598Z"},{"id":"7bcf0556-b5ba-4df8-9196-1d24f45488c0","name":"City Pharmacy","area":"Brigade","category":"pharmacy","ownerId":null,"ownerPhone":null,"products":null,"status":"open","orderingDisabled":false,"closedReason":null,"closedUntil":null,"logo":null,"updatedAt":"2026-01-18T20:09:12.421625Z"},{"id":"9a0c37d7-50b9-462e-a551-dcdd782d8a5f","name":"City Pharmacy","area":"Brigade","category":"pharmacy","ownerId":null,"ownerPhone":null,"products":null,"status":"open","orderingDisabled":false,"closedReason":null,"closedUntil":null,"logo":null,"updatedAt":"2026-01-15T19:11:19.048431Z"},{"id":"b585adf9-d1e7-41be-ba0f-179581c84259","name":"City Pharmacy","area":"Brigade","category":"pharmacy","ownerId":null,"ownerPhone":null,"products":null,"status":"open","orderingDisabled":false,"closedReason":null,"closedUntil":null,"logo":null,"updatedAt":"2026-01-15T17:56:53.379793Z"},{"id":"24ab445b-351b-441e-b886-7e6b905c269b","name":"Fresh Mart","area":"MG Road","category":"grocery","ownerId":null,"ownerPhone":null,"products":null,"status":"open","orderingDisabled":false,"closedReason":null,"closedUntil":null,"logo":null,"updatedAt":"2026-01-15T19:11:18.918553Z"},{"id":"3ce3b1bf-7c55-4fa5-bbe3-f45f8a93c67a","name":"Fresh Mart","area":"MG Road","category":"grocery","ownerId":null,"ownerPhone":null,"products":null,"status":"open","orderingDisabled":false,"closedReason":null,"closedUntil":null,"logo":null,"updatedAt":"2026-01-15T17:56:53.251484Z"},{"id":"871a0bfe-570b-44ed-b7c4-ef60b2d18cf1","name":"Fresh Mart","area":"MG Road","category":"grocery","ownerId":null,"ownerPhone":null,"products":null,"status":"open","orderingDisabled":false,"closedReason":null,"closedUntil":null,"logo":null,"updatedAt":"2026-01-15T19:03:29.540557Z"},{"id":"90e791d5-27d3-4330-b834-48510b7dea41","name":"Fresh Mart","area":"MG Road","category":"grocery","ownerId":null,"ownerPhone":null,"products":null,"status":"open","orderingDisabled":false,"closedReason":null,"closedUntil":null,"logo":null,"updatedAt":"2026-01-18T20:09:12.272954Z"},{"id":"aee5f433-686e-45bb-be6b-2160a9267cb2","name":"Fresh Mart","area":"MG Road","category":"grocery","ownerId":null,"ownerPhone":null,"products":null,"status":"open","orderingDisabled":false,"closedReason":null,"closedUntil":null,"logo":null,"updatedAt":"2026-01-18T20:13:38.568416Z"},{"id":"ce9a05aa-7780-4da8-a071-1039ff4b1e4f","name":"Fresh Mart","area":"MG Road","category":"grocery","ownerId":null,"ownerPhone":null,"products":null,"status":"open","orderingDisabled":false,"closedReason":null,"closedUntil":null,"logo":null,"updatedAt":"2026-01-15T18:57:31.588523Z"}]
2026-01-19 19:13:57.250 [34mINFO [0;39m [23603cae-2466-4fe6-9bbc-20ced86a61c1] [http-nio-8080-exec-3] c.b.config.TenantInterceptor - tenant-context: tenant=tenantA method=GET path=/api/storefront/categories
2026-01-19 19:13:57.252 [34mINFO [0;39m [e5907fe4-2707-42ac-8545-8f30f0c94dca] [http-nio-8080-exec-1] c.b.config.TenantInterceptor - tenant-context: tenant=tenantA method=GET path=/api/storefront/stores
2026-01-19 19:13:57.252 [34mINFO [0;39m [23603cae-2466-4fe6-9bbc-20ced86a61c1] [http-nio-8080-exec-3] c.b.web.CustomerStorefrontController - Customer storefront: list categories tenant=tenantA userId=e3e7d01b-88f2-420d-b460-5bbd89bb9944
2026-01-19 19:13:57.256 [34mINFO [0;39m [e5907fe4-2707-42ac-8545-8f30f0c94dca] [http-nio-8080-exec-1] c.b.web.CustomerStorefrontController - Customer storefront: list stores tenant=tenantA userId=e3e7d01b-88f2-420d-b460-5bbd89bb9944 search=null category=null
2026-01-19 19:13:57.276 [34mINFO [0;39m [e5907fe4-2707-42ac-8545-8f30f0c94dca] [http-nio-8080-exec-1] c.b.logging.RepositoryLoggingAspect - [REPO_CALL] table=stores tenant=tenantA ids=[24ab445b-351b-441e-b886-7e6b905c269b, 33b16e50-5c33-4fc8-b546-8c796895cf49, 3ce3b1bf-7c55-4fa5-bbe3-f45f8a93c67a, 63a5a059-9fb3-4f8e-9b44-b1d3ebf7e683, 68a008cd-6b10-4e48-b036-e3d752230378, 7bcf0556-b5ba-4df8-9196-1d24f45488c0, 871a0bfe-570b-44ed-b7c4-ef60b2d18cf1, 90e791d5-27d3-4330-b834-48510b7dea41, 9a0c37d7-50b9-462e-a551-dcdd782d8a5f, aee5f433-686e-45bb-be6b-2160a9267cb2, b585adf9-d1e7-41be-ba0f-179581c84259, ce9a05aa-7780-4da8-a071-1039ff4b1e4f, storeA]
2026-01-19 19:13:57.277 [1;31mERROR[0;39m [e5907fe4-2707-42ac-8545-8f30f0c94dca] [http-nio-8080-exec-1] com.bharatshop.service.StoreService - [PROOF][STORE_REPO] store.id=24ab445b-351b-441e-b886-7e6b905c269b source=DB
2026-01-19 19:13:57.279 [1;31mERROR[0;39m [e5907fe4-2707-42ac-8545-8f30f0c94dca] [http-nio-8080-exec-1] com.bharatshop.service.StoreService - [PROOF][STORE_REPO] store.id=33b16e50-5c33-4fc8-b546-8c796895cf49 source=DB
2026-01-19 19:13:57.279 [1;31mERROR[0;39m [e5907fe4-2707-42ac-8545-8f30f0c94dca] [http-nio-8080-exec-1] com.bharatshop.service.StoreService - [PROOF][STORE_REPO] store.id=3ce3b1bf-7c55-4fa5-bbe3-f45f8a93c67a source=DB
2026-01-19 19:13:57.281 [1;31mERROR[0;39m [e5907fe4-2707-42ac-8545-8f30f0c94dca] [http-nio-8080-exec-1] com.bharatshop.service.StoreService - [PROOF][STORE_REPO] store.id=63a5a059-9fb3-4f8e-9b44-b1d3ebf7e683 source=DB
2026-01-19 19:13:57.281 [1;31mERROR[0;39m [e5907fe4-2707-42ac-8545-8f30f0c94dca] [http-nio-8080-exec-1] com.bharatshop.service.StoreService - [PROOF][STORE_REPO] store.id=68a008cd-6b10-4e48-b036-e3d752230378 source=DB
2026-01-19 19:13:57.283 [1;31mERROR[0;39m [e5907fe4-2707-42ac-8545-8f30f0c94dca] [http-nio-8080-exec-1] com.bharatshop.service.StoreService - [PROOF][STORE_REPO] store.id=7bcf0556-b5ba-4df8-9196-1d24f45488c0 source=DB
2026-01-19 19:13:57.283 [1;31mERROR[0;39m [e5907fe4-2707-42ac-8545-8f30f0c94dca] [http-nio-8080-exec-1] com.bharatshop.service.StoreService - [PROOF][STORE_REPO] store.id=871a0bfe-570b-44ed-b7c4-ef60b2d18cf1 source=DB
2026-01-19 19:13:57.285 [1;31mERROR[0;39m [e5907fe4-2707-42ac-8545-8f30f0c94dca] [http-nio-8080-exec-1] com.bharatshop.service.StoreService - [PROOF][STORE_REPO] store.id=90e791d5-27d3-4330-b834-48510b7dea41 source=DB
2026-01-19 19:13:57.287 [1;31mERROR[0;39m [e5907fe4-2707-42ac-8545-8f30f0c94dca] [http-nio-8080-exec-1] com.bharatshop.service.StoreService - [PROOF][STORE_REPO] store.id=9a0c37d7-50b9-462e-a551-dcdd782d8a5f source=DB
2026-01-19 19:13:57.287 [1;31mERROR[0;39m [e5907fe4-2707-42ac-8545-8f30f0c94dca] [http-nio-8080-exec-1] com.bharatshop.service.StoreService - [PROOF][STORE_REPO] store.id=aee5f433-686e-45bb-be6b-2160a9267cb2 source=DB
2026-01-19 19:13:57.287 [34mINFO [0;39m [23603cae-2466-4fe6-9bbc-20ced86a61c1] [http-nio-8080-exec-3] c.b.config.logging.HttpLoggingFilter - GET /api/storefront/categories -> 200 (37 ms)
2026-01-19 19:13:57.287 [1;31mERROR[0;39m [e5907fe4-2707-42ac-8545-8f30f0c94dca] [http-nio-8080-exec-1] com.bharatshop.service.StoreService - [PROOF][STORE_REPO] store.id=b585adf9-d1e7-41be-ba0f-179581c84259 source=DB
2026-01-19 19:13:57.287 [34mINFO [0;39m [23603cae-2466-4fe6-9bbc-20ced86a61c1] [http-nio-8080-exec-3] c.b.config.logging.HttpLoggingFilter - Headers: auth=present content-type=application/json accept=*/*
2026-01-19 19:13:57.289 [1;31mERROR[0;39m [e5907fe4-2707-42ac-8545-8f30f0c94dca] [http-nio-8080-exec-1] com.bharatshop.service.StoreService - [PROOF][STORE_REPO] store.id=ce9a05aa-7780-4da8-a071-1039ff4b1e4f source=DB
2026-01-19 19:13:57.289 [34mINFO [0;39m [23603cae-2466-4fe6-9bbc-20ced86a61c1] [http-nio-8080-exec-3] c.b.config.logging.HttpLoggingFilter - Response payload: ["dairy","fruits","grocery","medicine"]
2026-01-19 19:13:57.289 [1;31mERROR[0;39m [e5907fe4-2707-42ac-8545-8f30f0c94dca] [http-nio-8080-exec-1] com.bharatshop.service.StoreService - [PROOF][STORE_REPO] store.id=storeA source=DB
2026-01-19 19:13:57.291 [1;31mERROR[0;39m [e5907fe4-2707-42ac-8545-8f30f0c94dca] [http-nio-8080-exec-1] com.bharatshop.service.StoreService - [PROOF][STORE_MAP] entity.id=24ab445b-351b-441e-b886-7e6b905c269b mapped.id=24ab445b-351b-441e-b886-7e6b905c269b
2026-01-19 19:13:57.291 [1;31mERROR[0;39m [e5907fe4-2707-42ac-8545-8f30f0c94dca] [http-nio-8080-exec-1] com.bharatshop.service.StoreService - [PROOF][STORE_MAP] entity.id=33b16e50-5c33-4fc8-b546-8c796895cf49 mapped.id=33b16e50-5c33-4fc8-b546-8c796895cf49
2026-01-19 19:13:57.293 [1;31mERROR[0;39m [e5907fe4-2707-42ac-8545-8f30f0c94dca] [http-nio-8080-exec-1] com.bharatshop.service.StoreService - [PROOF][STORE_MAP] entity.id=3ce3b1bf-7c55-4fa5-bbe3-f45f8a93c67a mapped.id=3ce3b1bf-7c55-4fa5-bbe3-f45f8a93c67a
2026-01-19 19:13:57.299 [1;31mERROR[0;39m [e5907fe4-2707-42ac-8545-8f30f0c94dca] [http-nio-8080-exec-1] com.bharatshop.service.StoreService - [PROOF][STORE_MAP] entity.id=63a5a059-9fb3-4f8e-9b44-b1d3ebf7e683 mapped.id=63a5a059-9fb3-4f8e-9b44-b1d3ebf7e683
2026-01-19 19:13:57.300 [1;31mERROR[0;39m [e5907fe4-2707-42ac-8545-8f30f0c94dca] [http-nio-8080-exec-1] com.bharatshop.service.StoreService - [PROOF][STORE_MAP] entity.id=68a008cd-6b10-4e48-b036-e3d752230378 mapped.id=68a008cd-6b10-4e48-b036-e3d752230378
2026-01-19 19:13:57.301 [1;31mERROR[0;39m [e5907fe4-2707-42ac-8545-8f30f0c94dca] [http-nio-8080-exec-1] com.bharatshop.service.StoreService - [PROOF][STORE_MAP] entity.id=7bcf0556-b5ba-4df8-9196-1d24f45488c0 mapped.id=7bcf0556-b5ba-4df8-9196-1d24f45488c0
2026-01-19 19:13:57.301 [1;31mERROR[0;39m [e5907fe4-2707-42ac-8545-8f30f0c94dca] [http-nio-8080-exec-1] com.bharatshop.service.StoreService - [PROOF][STORE_MAP] entity.id=871a0bfe-570b-44ed-b7c4-ef60b2d18cf1 mapped.id=871a0bfe-570b-44ed-b7c4-ef60b2d18cf1
2026-01-19 19:13:57.303 [1;31mERROR[0;39m [e5907fe4-2707-42ac-8545-8f30f0c94dca] [http-nio-8080-exec-1] com.bharatshop.service.StoreService - [PROOF][STORE_MAP] entity.id=90e791d5-27d3-4330-b834-48510b7dea41 mapped.id=90e791d5-27d3-4330-b834-48510b7dea41
2026-01-19 19:13:57.303 [1;31mERROR[0;39m [e5907fe4-2707-42ac-8545-8f30f0c94dca] [http-nio-8080-exec-1] com.bharatshop.service.StoreService - [PROOF][STORE_MAP] entity.id=9a0c37d7-50b9-462e-a551-dcdd782d8a5f mapped.id=9a0c37d7-50b9-462e-a551-dcdd782d8a5f
2026-01-19 19:13:57.303 [1;31mERROR[0;39m [e5907fe4-2707-42ac-8545-8f30f0c94dca] [http-nio-8080-exec-1] com.bharatshop.service.StoreService - [PROOF][STORE_MAP] entity.id=aee5f433-686e-45bb-be6b-2160a9267cb2 mapped.id=aee5f433-686e-45bb-be6b-2160a9267cb2
2026-01-19 19:13:57.305 [1;31mERROR[0;39m [e5907fe4-2707-42ac-8545-8f30f0c94dca] [http-nio-8080-exec-1] com.bharatshop.service.StoreService - [PROOF][STORE_MAP] entity.id=b585adf9-d1e7-41be-ba0f-179581c84259 mapped.id=b585adf9-d1e7-41be-ba0f-179581c84259
2026-01-19 19:13:57.305 [1;31mERROR[0;39m [e5907fe4-2707-42ac-8545-8f30f0c94dca] [http-nio-8080-exec-1] com.bharatshop.service.StoreService - [PROOF][STORE_MAP] entity.id=ce9a05aa-7780-4da8-a071-1039ff4b1e4f mapped.id=ce9a05aa-7780-4da8-a071-1039ff4b1e4f
2026-01-19 19:13:57.305 [1;31mERROR[0;39m [e5907fe4-2707-42ac-8545-8f30f0c94dca] [http-nio-8080-exec-1] com.bharatshop.service.StoreService - [PROOF][STORE_MAP] entity.id=storeA mapped.id=storeA
2026-01-19 19:13:57.309 [1;31mERROR[0;39m [e5907fe4-2707-42ac-8545-8f30f0c94dca] [http-nio-8080-exec-1] c.b.web.CustomerStorefrontController - [PROOF][STORE_LIST] store.id=storeA tenant=tenantA source=DB
2026-01-19 19:13:57.311 [1;31mERROR[0;39m [e5907fe4-2707-42ac-8545-8f30f0c94dca] [http-nio-8080-exec-1] c.b.web.CustomerStorefrontController - [PROOF][STORE_LIST] store.id=33b16e50-5c33-4fc8-b546-8c796895cf49 tenant=tenantA source=DB
2026-01-19 19:13:57.311 [1;31mERROR[0;39m [e5907fe4-2707-42ac-8545-8f30f0c94dca] [http-nio-8080-exec-1] c.b.web.CustomerStorefrontController - [PROOF][STORE_LIST] store.id=63a5a059-9fb3-4f8e-9b44-b1d3ebf7e683 tenant=tenantA source=DB
2026-01-19 19:13:57.313 [1;31mERROR[0;39m [e5907fe4-2707-42ac-8545-8f30f0c94dca] [http-nio-8080-exec-1] c.b.web.CustomerStorefrontController - [PROOF][STORE_LIST] store.id=68a008cd-6b10-4e48-b036-e3d752230378 tenant=tenantA source=DB
2026-01-19 19:13:57.313 [1;31mERROR[0;39m [e5907fe4-2707-42ac-8545-8f30f0c94dca] [http-nio-8080-exec-1] c.b.web.CustomerStorefrontController - [PROOF][STORE_LIST] store.id=7bcf0556-b5ba-4df8-9196-1d24f45488c0 tenant=tenantA source=DB
2026-01-19 19:13:57.315 [1;31mERROR[0;39m [e5907fe4-2707-42ac-8545-8f30f0c94dca] [http-nio-8080-exec-1] c.b.web.CustomerStorefrontController - [PROOF][STORE_LIST] store.id=9a0c37d7-50b9-462e-a551-dcdd782d8a5f tenant=tenantA source=DB
2026-01-19 19:13:57.315 [1;31mERROR[0;39m [e5907fe4-2707-42ac-8545-8f30f0c94dca] [http-nio-8080-exec-1] c.b.web.CustomerStorefrontController - [PROOF][STORE_LIST] store.id=b585adf9-d1e7-41be-ba0f-179581c84259 tenant=tenantA source=DB
2026-01-19 19:13:57.317 [1;31mERROR[0;39m [e5907fe4-2707-42ac-8545-8f30f0c94dca] [http-nio-8080-exec-1] c.b.web.CustomerStorefrontController - [PROOF][STORE_LIST] store.id=24ab445b-351b-441e-b886-7e6b905c269b tenant=tenantA source=DB
2026-01-19 19:13:57.317 [1;31mERROR[0;39m [e5907fe4-2707-42ac-8545-8f30f0c94dca] [http-nio-8080-exec-1] c.b.web.CustomerStorefrontController - [PROOF][STORE_LIST] store.id=3ce3b1bf-7c55-4fa5-bbe3-f45f8a93c67a tenant=tenantA source=DB
2026-01-19 19:13:57.317 [1;31mERROR[0;39m [e5907fe4-2707-42ac-8545-8f30f0c94dca] [http-nio-8080-exec-1] c.b.web.CustomerStorefrontController - [PROOF][STORE_LIST] store.id=871a0bfe-570b-44ed-b7c4-ef60b2d18cf1 tenant=tenantA source=DB
2026-01-19 19:13:57.317 [1;31mERROR[0;39m [e5907fe4-2707-42ac-8545-8f30f0c94dca] [http-nio-8080-exec-1] c.b.web.CustomerStorefrontController - [PROOF][STORE_LIST] store.id=90e791d5-27d3-4330-b834-48510b7dea41 tenant=tenantA source=DB
2026-01-19 19:13:57.319 [1;31mERROR[0;39m [e5907fe4-2707-42ac-8545-8f30f0c94dca] [http-nio-8080-exec-1] c.b.web.CustomerStorefrontController - [PROOF][STORE_LIST] store.id=aee5f433-686e-45bb-be6b-2160a9267cb2 tenant=tenantA source=DB
2026-01-19 19:13:57.319 [1;31mERROR[0;39m [e5907fe4-2707-42ac-8545-8f30f0c94dca] [http-nio-8080-exec-1] c.b.web.CustomerStorefrontController - [PROOF][STORE_LIST] store.id=ce9a05aa-7780-4da8-a071-1039ff4b1e4f tenant=tenantA source=DB
2026-01-19 19:13:57.325 [34mINFO [0;39m [e5907fe4-2707-42ac-8545-8f30f0c94dca] [http-nio-8080-exec-1] c.b.config.logging.HttpLoggingFilter - GET /api/storefront/stores -> 200 (73 ms)
2026-01-19 19:13:57.327 [34mINFO [0;39m [e5907fe4-2707-42ac-8545-8f30f0c94dca] [http-nio-8080-exec-1] c.b.config.logging.HttpLoggingFilter - Headers: auth=present content-type=application/json accept=*/*
2026-01-19 19:13:57.329 [34mINFO [0;39m [e5907fe4-2707-42ac-8545-8f30f0c94dca] [http-nio-8080-exec-1] c.b.config.logging.HttpLoggingFilter - Response payload: [{"id":"storeA","name":"Alpha Kirana Store","area":"Connaught Place","category":"grocery","ownerId":null,"ownerPhone":"9000000002","products":null,"status":"open","orderingDisabled":false,"closedReason":null,"closedUntil":null,"logo":null,"updatedAt":"2026-01-16T00:06:49Z"},{"id":"33b16e50-5c33-4fc8-b546-8c796895cf49","name":"City Pharmacy","area":"Brigade","category":"pharmacy","ownerId":null,"ownerPhone":null,"products":null,"status":"open","orderingDisabled":false,"closedReason":null,"closedUntil":null,"logo":null,"updatedAt":"2026-01-15T18:57:31.724056Z"},{"id":"63a5a059-9fb3-4f8e-9b44-b1d3ebf7e683","name":"City Pharmacy","area":"Brigade","category":"pharmacy","ownerId":null,"ownerPhone":null,"products":null,"status":"open","orderingDisabled":false,"closedReason":null,"closedUntil":null,"logo":null,"updatedAt":"2026-01-18T20:13:38.663820Z"},{"id":"68a008cd-6b10-4e48-b036-e3d752230378","name":"City Pharmacy","area":"Brigade","category":"pharmacy","ownerId":null,"ownerPhone":null,"products":null,"status":"open","orderingDisabled":false,"closedReason":null,"closedUntil":null,"logo":null,"updatedAt":"2026-01-15T19:03:29.647598Z"},{"id":"7bcf0556-b5ba-4df8-9196-1d24f45488c0","name":"City Pharmacy","area":"Brigade","category":"pharmacy","ownerId":null,"ownerPhone":null,"products":null,"status":"open","orderingDisabled":false,"closedReason":null,"closedUntil":null,"logo":null,"updatedAt":"2026-01-18T20:09:12.421625Z"},{"id":"9a0c37d7-50b9-462e-a551-dcdd782d8a5f","name":"City Pharmacy","area":"Brigade","category":"pharmacy","ownerId":null,"ownerPhone":null,"products":null,"status":"open","orderingDisabled":false,"closedReason":null,"closedUntil":null,"logo":null,"updatedAt":"2026-01-15T19:11:19.048431Z"},{"id":"b585adf9-d1e7-41be-ba0f-179581c84259","name":"City Pharmacy","area":"Brigade","category":"pharmacy","ownerId":null,"ownerPhone":null,"products":null,"status":"open","orderingDisabled":false,"closedReason":null,"closedUntil":null,"logo":null,"updatedAt":"2026-01-15T17:56:53.379793Z"},{"id":"24ab445b-351b-441e-b886-7e6b905c269b","name":"Fresh Mart","area":"MG Road","category":"grocery","ownerId":null,"ownerPhone":null,"products":null,"status":"open","orderingDisabled":false,"closedReason":null,"closedUntil":null,"logo":null,"updatedAt":"2026-01-15T19:11:18.918553Z"},{"id":"3ce3b1bf-7c55-4fa5-bbe3-f45f8a93c67a","name":"Fresh Mart","area":"MG Road","category":"grocery","ownerId":null,"ownerPhone":null,"products":null,"status":"open","orderingDisabled":false,"closedReason":null,"closedUntil":null,"logo":null,"updatedAt":"2026-01-15T17:56:53.251484Z"},{"id":"871a0bfe-570b-44ed-b7c4-ef60b2d18cf1","name":"Fresh Mart","area":"MG Road","category":"grocery","ownerId":null,"ownerPhone":null,"products":null,"status":"open","orderingDisabled":false,"closedReason":null,"closedUntil":null,"logo":null,"updatedAt":"2026-01-15T19:03:29.540557Z"},{"id":"90e791d5-27d3-4330-b834-48510b7dea41","name":"Fresh Mart","area":"MG Road","category":"grocery","ownerId":null,"ownerPhone":null,"products":null,"status":"open","orderingDisabled":false,"closedReason":null,"closedUntil":null,"logo":null,"updatedAt":"2026-01-18T20:09:12.272954Z"},{"id":"aee5f433-686e-45bb-be6b-2160a9267cb2","name":"Fresh Mart","area":"MG Road","category":"grocery","ownerId":null,"ownerPhone":null,"products":null,"status":"open","orderingDisabled":false,"closedReason":null,"closedUntil":null,"logo":null,"updatedAt":"2026-01-18T20:13:38.568416Z"},{"id":"ce9a05aa-7780-4da8-a071-1039ff4b1e4f","name":"Fresh Mart","area":"MG Road","category":"grocery","ownerId":null,"ownerPhone":null,"products":null,"status":"open","orderingDisabled":false,"closedReason":null,"closedUntil":null,"logo":null,"updatedAt":"2026-01-15T18:57:31.588523Z"}]
2026-01-19 19:13:57.366 [34mINFO [0;39m [4e0866ff-d717-4e09-9f6c-3d68db712391] [http-nio-8080-exec-6] c.b.config.TenantInterceptor - tenant-context: tenant=tenantA method=GET path=/api/storefront/categories
2026-01-19 19:13:57.368 [34mINFO [0;39m [4e0866ff-d717-4e09-9f6c-3d68db712391] [http-nio-8080-exec-6] c.b.web.CustomerStorefrontController - Customer storefront: list categories tenant=tenantA userId=e3e7d01b-88f2-420d-b460-5bbd89bb9944
2026-01-19 19:13:57.386 [34mINFO [0;39m [4e0866ff-d717-4e09-9f6c-3d68db712391] [http-nio-8080-exec-6] c.b.config.logging.HttpLoggingFilter - GET /api/storefront/categories -> 200 (23 ms)
2026-01-19 19:13:57.388 [34mINFO [0;39m [4e0866ff-d717-4e09-9f6c-3d68db712391] [http-nio-8080-exec-6] c.b.config.logging.HttpLoggingFilter - Headers: auth=present content-type=application/json accept=*/*
2026-01-19 19:13:57.390 [34mINFO [0;39m [4e0866ff-d717-4e09-9f6c-3d68db712391] [http-nio-8080-exec-6] c.b.config.logging.HttpLoggingFilter - Response payload: ["dairy","fruits","grocery","medicine"]
2026-01-19 19:13:59.323 [34mINFO [0;39m [980b1a86-b288-4691-aab4-e16e01e7c0d7] [http-nio-8080-exec-7] c.b.config.TenantInterceptor - tenant-context: tenant=tenantA method=GET path=/api/orders
2026-01-19 19:13:59.329 [34mINFO [0;39m [980b1a86-b288-4691-aab4-e16e01e7c0d7] [http-nio-8080-exec-7] c.bharatshop.web.OrdersApiController - List orders (canonical): tenant=tenantA userId=e3e7d01b-88f2-420d-b460-5bbd89bb9944
2026-01-19 19:13:59.396 [34mINFO [0;39m [980b1a86-b288-4691-aab4-e16e01e7c0d7] [http-nio-8080-exec-7] c.bharatshop.web.OrdersApiController - Orders fetched: count=1
2026-01-19 19:13:59.404 [1;31mERROR[0;39m [980b1a86-b288-4691-aab4-e16e01e7c0d7] [http-nio-8080-exec-7] com.bharatshop.service.StoreService - [PROOF][STORE_MAP] entity.id=storeA mapped.id=storeA
2026-01-19 19:13:59.406 [34mINFO [0;39m [980b1a86-b288-4691-aab4-e16e01e7c0d7] [http-nio-8080-exec-7] c.b.config.logging.HttpLoggingFilter - GET /api/orders -> 200 (83 ms)
2026-01-19 19:13:59.408 [34mINFO [0;39m [980b1a86-b288-4691-aab4-e16e01e7c0d7] [http-nio-8080-exec-7] c.b.config.logging.HttpLoggingFilter - Headers: auth=present content-type=application/json accept=*/*
2026-01-19 19:13:59.408 [34mINFO [0;39m [980b1a86-b288-4691-aab4-e16e01e7c0d7] [http-nio-8080-exec-7] c.b.config.logging.HttpLoggingFilter - Response payload: [{"createdAt":"2026-01-19T13:26:58.949200Z","total":55.0,"id":"ff1ad22e-8a96-4821-9147-4e821e679438","store":{"name":"Alpha Kirana Store","id":"storeA"},"items":[{"quantity":1,"productId":"prodA1","name":"Aata 1kg"}],"status":"cancelled"}]
2026-01-19 19:13:59.432 [34mINFO [0;39m [cd3847fe-613c-44ab-944b-ab5ef8a0f44d] [http-nio-8080-exec-5] c.b.config.TenantInterceptor - tenant-context: tenant=tenantA method=GET path=/api/orders
2026-01-19 19:13:59.438 [34mINFO [0;39m [cd3847fe-613c-44ab-944b-ab5ef8a0f44d] [http-nio-8080-exec-5] c.bharatshop.web.OrdersApiController - List orders (canonical): tenant=tenantA userId=e3e7d01b-88f2-420d-b460-5bbd89bb9944
2026-01-19 19:13:59.440 [31mWARN [0;39m [] [ForkJoinPool.commonPool-worker-5] c.b.service.NotificationService - No template found for event ORDER_CANCELLED channel WHATSAPP language en
2026-01-19 19:13:59.457 [34mINFO [0;39m [cd3847fe-613c-44ab-944b-ab5ef8a0f44d] [http-nio-8080-exec-5] c.bharatshop.web.OrdersApiController - Orders fetched: count=1
2026-01-19 19:13:59.459 [31mWARN [0;39m [] [ForkJoinPool.commonPool-worker-5] c.b.service.NotificationService - No template found for event ORDER_CANCELLED channel SMS language en
2026-01-19 19:13:59.474 [1;31mERROR[0;39m [cd3847fe-613c-44ab-944b-ab5ef8a0f44d] [http-nio-8080-exec-5] com.bharatshop.service.StoreService - [PROOF][STORE_MAP] entity.id=storeA mapped.id=storeA
2026-01-19 19:13:59.486 [34mINFO [0;39m [cd3847fe-613c-44ab-944b-ab5ef8a0f44d] [http-nio-8080-exec-5] c.b.config.logging.HttpLoggingFilter - GET /api/orders -> 200 (56 ms)
2026-01-19 19:13:59.492 [34mINFO [0;39m [cd3847fe-613c-44ab-944b-ab5ef8a0f44d] [http-nio-8080-exec-5] c.b.config.logging.HttpLoggingFilter - Headers: auth=present content-type=application/json accept=*/*
2026-01-19 19:13:59.493 [34mINFO [0;39m [cd3847fe-613c-44ab-944b-ab5ef8a0f44d] [http-nio-8080-exec-5] c.b.config.logging.HttpLoggingFilter - Response payload: [{"createdAt":"2026-01-19T13:26:58.949200Z","total":55.0,"id":"ff1ad22e-8a96-4821-9147-4e821e679438","store":{"name":"Alpha Kirana Store","id":"storeA"},"items":[{"quantity":1,"productId":"prodA1","name":"Aata 1kg"}],"status":"cancelled"}]
2026-01-19 19:13:59.493 [31mWARN [0;39m [] [ForkJoinPool.commonPool-worker-5] c.b.service.NotificationService - No template found for event ORDER_CANCELLED channel EMAIL language en
2026-01-19 19:14:09.724 [34mINFO [0;39m [772b83d2-4aa5-41e1-b519-05b397f5eb1a] [http-nio-8080-exec-8] c.b.config.TenantInterceptor - tenant-context: tenant=tenantA method=GET path=/api/storefront/stores
2026-01-19 19:14:09.731 [34mINFO [0;39m [772b83d2-4aa5-41e1-b519-05b397f5eb1a] [http-nio-8080-exec-8] c.b.web.CustomerStorefrontController - Customer storefront: list stores tenant=tenantA userId=e3e7d01b-88f2-420d-b460-5bbd89bb9944 search=null category=null
2026-01-19 19:14:09.741 [34mINFO [0;39m [772b83d2-4aa5-41e1-b519-05b397f5eb1a] [http-nio-8080-exec-8] c.b.logging.RepositoryLoggingAspect - [REPO_CALL] table=stores tenant=tenantA ids=[24ab445b-351b-441e-b886-7e6b905c269b, 33b16e50-5c33-4fc8-b546-8c796895cf49, 3ce3b1bf-7c55-4fa5-bbe3-f45f8a93c67a, 63a5a059-9fb3-4f8e-9b44-b1d3ebf7e683, 68a008cd-6b10-4e48-b036-e3d752230378, 7bcf0556-b5ba-4df8-9196-1d24f45488c0, 871a0bfe-570b-44ed-b7c4-ef60b2d18cf1, 90e791d5-27d3-4330-b834-48510b7dea41, 9a0c37d7-50b9-462e-a551-dcdd782d8a5f, aee5f433-686e-45bb-be6b-2160a9267cb2, b585adf9-d1e7-41be-ba0f-179581c84259, ce9a05aa-7780-4da8-a071-1039ff4b1e4f, storeA]
2026-01-19 19:14:09.744 [1;31mERROR[0;39m [772b83d2-4aa5-41e1-b519-05b397f5eb1a] [http-nio-8080-exec-8] com.bharatshop.service.StoreService - [PROOF][STORE_REPO] store.id=24ab445b-351b-441e-b886-7e6b905c269b source=DB
2026-01-19 19:14:09.744 [1;31mERROR[0;39m [772b83d2-4aa5-41e1-b519-05b397f5eb1a] [http-nio-8080-exec-8] com.bharatshop.service.StoreService - [PROOF][STORE_REPO] store.id=33b16e50-5c33-4fc8-b546-8c796895cf49 source=DB
2026-01-19 19:14:09.744 [1;31mERROR[0;39m [772b83d2-4aa5-41e1-b519-05b397f5eb1a] [http-nio-8080-exec-8] com.bharatshop.service.StoreService - [PROOF][STORE_REPO] store.id=3ce3b1bf-7c55-4fa5-bbe3-f45f8a93c67a source=DB
2026-01-19 19:14:09.744 [1;31mERROR[0;39m [772b83d2-4aa5-41e1-b519-05b397f5eb1a] [http-nio-8080-exec-8] com.bharatshop.service.StoreService - [PROOF][STORE_REPO] store.id=63a5a059-9fb3-4f8e-9b44-b1d3ebf7e683 source=DB
2026-01-19 19:14:09.745 [1;31mERROR[0;39m [772b83d2-4aa5-41e1-b519-05b397f5eb1a] [http-nio-8080-exec-8] com.bharatshop.service.StoreService - [PROOF][STORE_REPO] store.id=68a008cd-6b10-4e48-b036-e3d752230378 source=DB
2026-01-19 19:14:09.745 [1;31mERROR[0;39m [772b83d2-4aa5-41e1-b519-05b397f5eb1a] [http-nio-8080-exec-8] com.bharatshop.service.StoreService - [PROOF][STORE_REPO] store.id=7bcf0556-b5ba-4df8-9196-1d24f45488c0 source=DB
2026-01-19 19:14:09.745 [1;31mERROR[0;39m [772b83d2-4aa5-41e1-b519-05b397f5eb1a] [http-nio-8080-exec-8] com.bharatshop.service.StoreService - [PROOF][STORE_REPO] store.id=871a0bfe-570b-44ed-b7c4-ef60b2d18cf1 source=DB
2026-01-19 19:14:09.745 [1;31mERROR[0;39m [772b83d2-4aa5-41e1-b519-05b397f5eb1a] [http-nio-8080-exec-8] com.bharatshop.service.StoreService - [PROOF][STORE_REPO] store.id=90e791d5-27d3-4330-b834-48510b7dea41 source=DB
2026-01-19 19:14:09.745 [1;31mERROR[0;39m [772b83d2-4aa5-41e1-b519-05b397f5eb1a] [http-nio-8080-exec-8] com.bharatshop.service.StoreService - [PROOF][STORE_REPO] store.id=9a0c37d7-50b9-462e-a551-dcdd782d8a5f source=DB
2026-01-19 19:14:09.745 [1;31mERROR[0;39m [772b83d2-4aa5-41e1-b519-05b397f5eb1a] [http-nio-8080-exec-8] com.bharatshop.service.StoreService - [PROOF][STORE_REPO] store.id=aee5f433-686e-45bb-be6b-2160a9267cb2 source=DB
2026-01-19 19:14:09.745 [1;31mERROR[0;39m [772b83d2-4aa5-41e1-b519-05b397f5eb1a] [http-nio-8080-exec-8] com.bharatshop.service.StoreService - [PROOF][STORE_REPO] store.id=b585adf9-d1e7-41be-ba0f-179581c84259 source=DB
2026-01-19 19:14:09.745 [1;31mERROR[0;39m [772b83d2-4aa5-41e1-b519-05b397f5eb1a] [http-nio-8080-exec-8] com.bharatshop.service.StoreService - [PROOF][STORE_REPO] store.id=ce9a05aa-7780-4da8-a071-1039ff4b1e4f source=DB
2026-01-19 19:14:09.745 [1;31mERROR[0;39m [772b83d2-4aa5-41e1-b519-05b397f5eb1a] [http-nio-8080-exec-8] com.bharatshop.service.StoreService - [PROOF][STORE_REPO] store.id=storeA source=DB
2026-01-19 19:14:09.748 [1;31mERROR[0;39m [772b83d2-4aa5-41e1-b519-05b397f5eb1a] [http-nio-8080-exec-8] com.bharatshop.service.StoreService - [PROOF][STORE_MAP] entity.id=24ab445b-351b-441e-b886-7e6b905c269b mapped.id=24ab445b-351b-441e-b886-7e6b905c269b
2026-01-19 19:14:09.748 [1;31mERROR[0;39m [772b83d2-4aa5-41e1-b519-05b397f5eb1a] [http-nio-8080-exec-8] com.bharatshop.service.StoreService - [PROOF][STORE_MAP] entity.id=33b16e50-5c33-4fc8-b546-8c796895cf49 mapped.id=33b16e50-5c33-4fc8-b546-8c796895cf49
2026-01-19 19:14:09.748 [1;31mERROR[0;39m [772b83d2-4aa5-41e1-b519-05b397f5eb1a] [http-nio-8080-exec-8] com.bharatshop.service.StoreService - [PROOF][STORE_MAP] entity.id=3ce3b1bf-7c55-4fa5-bbe3-f45f8a93c67a mapped.id=3ce3b1bf-7c55-4fa5-bbe3-f45f8a93c67a
2026-01-19 19:14:09.748 [1;31mERROR[0;39m [772b83d2-4aa5-41e1-b519-05b397f5eb1a] [http-nio-8080-exec-8] com.bharatshop.service.StoreService - [PROOF][STORE_MAP] entity.id=63a5a059-9fb3-4f8e-9b44-b1d3ebf7e683 mapped.id=63a5a059-9fb3-4f8e-9b44-b1d3ebf7e683
2026-01-19 19:14:09.749 [1;31mERROR[0;39m [772b83d2-4aa5-41e1-b519-05b397f5eb1a] [http-nio-8080-exec-8] com.bharatshop.service.StoreService - [PROOF][STORE_MAP] entity.id=68a008cd-6b10-4e48-b036-e3d752230378 mapped.id=68a008cd-6b10-4e48-b036-e3d752230378
2026-01-19 19:14:09.749 [1;31mERROR[0;39m [772b83d2-4aa5-41e1-b519-05b397f5eb1a] [http-nio-8080-exec-8] com.bharatshop.service.StoreService - [PROOF][STORE_MAP] entity.id=7bcf0556-b5ba-4df8-9196-1d24f45488c0 mapped.id=7bcf0556-b5ba-4df8-9196-1d24f45488c0
2026-01-19 19:14:09.749 [1;31mERROR[0;39m [772b83d2-4aa5-41e1-b519-05b397f5eb1a] [http-nio-8080-exec-8] com.bharatshop.service.StoreService - [PROOF][STORE_MAP] entity.id=871a0bfe-570b-44ed-b7c4-ef60b2d18cf1 mapped.id=871a0bfe-570b-44ed-b7c4-ef60b2d18cf1
2026-01-19 19:14:09.749 [1;31mERROR[0;39m [772b83d2-4aa5-41e1-b519-05b397f5eb1a] [http-nio-8080-exec-8] com.bharatshop.service.StoreService - [PROOF][STORE_MAP] entity.id=90e791d5-27d3-4330-b834-48510b7dea41 mapped.id=90e791d5-27d3-4330-b834-48510b7dea41
2026-01-19 19:14:09.749 [1;31mERROR[0;39m [772b83d2-4aa5-41e1-b519-05b397f5eb1a] [http-nio-8080-exec-8] com.bharatshop.service.StoreService - [PROOF][STORE_MAP] entity.id=9a0c37d7-50b9-462e-a551-dcdd782d8a5f mapped.id=9a0c37d7-50b9-462e-a551-dcdd782d8a5f
2026-01-19 19:14:09.749 [1;31mERROR[0;39m [772b83d2-4aa5-41e1-b519-05b397f5eb1a] [http-nio-8080-exec-8] com.bharatshop.service.StoreService - [PROOF][STORE_MAP] entity.id=aee5f433-686e-45bb-be6b-2160a9267cb2 mapped.id=aee5f433-686e-45bb-be6b-2160a9267cb2
2026-01-19 19:14:09.751 [1;31mERROR[0;39m [772b83d2-4aa5-41e1-b519-05b397f5eb1a] [http-nio-8080-exec-8] com.bharatshop.service.StoreService - [PROOF][STORE_MAP] entity.id=b585adf9-d1e7-41be-ba0f-179581c84259 mapped.id=b585adf9-d1e7-41be-ba0f-179581c84259
2026-01-19 19:14:09.751 [1;31mERROR[0;39m [772b83d2-4aa5-41e1-b519-05b397f5eb1a] [http-nio-8080-exec-8] com.bharatshop.service.StoreService - [PROOF][STORE_MAP] entity.id=ce9a05aa-7780-4da8-a071-1039ff4b1e4f mapped.id=ce9a05aa-7780-4da8-a071-1039ff4b1e4f
2026-01-19 19:14:09.751 [1;31mERROR[0;39m [772b83d2-4aa5-41e1-b519-05b397f5eb1a] [http-nio-8080-exec-8] com.bharatshop.service.StoreService - [PROOF][STORE_MAP] entity.id=storeA mapped.id=storeA
2026-01-19 19:14:09.751 [1;31mERROR[0;39m [772b83d2-4aa5-41e1-b519-05b397f5eb1a] [http-nio-8080-exec-8] c.b.web.CustomerStorefrontController - [PROOF][STORE_LIST] store.id=storeA tenant=tenantA source=DB
2026-01-19 19:14:09.751 [1;31mERROR[0;39m [772b83d2-4aa5-41e1-b519-05b397f5eb1a] [http-nio-8080-exec-8] c.b.web.CustomerStorefrontController - [PROOF][STORE_LIST] store.id=33b16e50-5c33-4fc8-b546-8c796895cf49 tenant=tenantA source=DB
2026-01-19 19:14:09.751 [1;31mERROR[0;39m [772b83d2-4aa5-41e1-b519-05b397f5eb1a] [http-nio-8080-exec-8] c.b.web.CustomerStorefrontController - [PROOF][STORE_LIST] store.id=63a5a059-9fb3-4f8e-9b44-b1d3ebf7e683 tenant=tenantA source=DB
2026-01-19 19:14:09.751 [1;31mERROR[0;39m [772b83d2-4aa5-41e1-b519-05b397f5eb1a] [http-nio-8080-exec-8] c.b.web.CustomerStorefrontController - [PROOF][STORE_LIST] store.id=68a008cd-6b10-4e48-b036-e3d752230378 tenant=tenantA source=DB
2026-01-19 19:14:09.751 [1;31mERROR[0;39m [772b83d2-4aa5-41e1-b519-05b397f5eb1a] [http-nio-8080-exec-8] c.b.web.CustomerStorefrontController - [PROOF][STORE_LIST] store.id=7bcf0556-b5ba-4df8-9196-1d24f45488c0 tenant=tenantA source=DB
2026-01-19 19:14:09.751 [1;31mERROR[0;39m [772b83d2-4aa5-41e1-b519-05b397f5eb1a] [http-nio-8080-exec-8] c.b.web.CustomerStorefrontController - [PROOF][STORE_LIST] store.id=9a0c37d7-50b9-462e-a551-dcdd782d8a5f tenant=tenantA source=DB
2026-01-19 19:14:09.754 [1;31mERROR[0;39m [772b83d2-4aa5-41e1-b519-05b397f5eb1a] [http-nio-8080-exec-8] c.b.web.CustomerStorefrontController - [PROOF][STORE_LIST] store.id=b585adf9-d1e7-41be-ba0f-179581c84259 tenant=tenantA source=DB
2026-01-19 19:14:09.754 [1;31mERROR[0;39m [772b83d2-4aa5-41e1-b519-05b397f5eb1a] [http-nio-8080-exec-8] c.b.web.CustomerStorefrontController - [PROOF][STORE_LIST] store.id=24ab445b-351b-441e-b886-7e6b905c269b tenant=tenantA source=DB
2026-01-19 19:14:09.754 [1;31mERROR[0;39m [772b83d2-4aa5-41e1-b519-05b397f5eb1a] [http-nio-8080-exec-8] c.b.web.CustomerStorefrontController - [PROOF][STORE_LIST] store.id=3ce3b1bf-7c55-4fa5-bbe3-f45f8a93c67a tenant=tenantA source=DB
2026-01-19 19:14:09.754 [1;31mERROR[0;39m [772b83d2-4aa5-41e1-b519-05b397f5eb1a] [http-nio-8080-exec-8] c.b.web.CustomerStorefrontController - [PROOF][STORE_LIST] store.id=871a0bfe-570b-44ed-b7c4-ef60b2d18cf1 tenant=tenantA source=DB
2026-01-19 19:14:09.754 [1;31mERROR[0;39m [772b83d2-4aa5-41e1-b519-05b397f5eb1a] [http-nio-8080-exec-8] c.b.web.CustomerStorefrontController - [PROOF][STORE_LIST] store.id=90e791d5-27d3-4330-b834-48510b7dea41 tenant=tenantA source=DB
2026-01-19 19:14:09.754 [1;31mERROR[0;39m [772b83d2-4aa5-41e1-b519-05b397f5eb1a] [http-nio-8080-exec-8] c.b.web.CustomerStorefrontController - [PROOF][STORE_LIST] store.id=aee5f433-686e-45bb-be6b-2160a9267cb2 tenant=tenantA source=DB
2026-01-19 19:14:09.754 [1;31mERROR[0;39m [772b83d2-4aa5-41e1-b519-05b397f5eb1a] [http-nio-8080-exec-8] c.b.web.CustomerStorefrontController - [PROOF][STORE_LIST] store.id=ce9a05aa-7780-4da8-a071-1039ff4b1e4f tenant=tenantA source=DB
2026-01-19 19:14:09.758 [34mINFO [0;39m [772b83d2-4aa5-41e1-b519-05b397f5eb1a] [http-nio-8080-exec-8] c.b.config.logging.HttpLoggingFilter - GET /api/storefront/stores -> 200 (34 ms)
2026-01-19 19:14:09.758 [34mINFO [0;39m [772b83d2-4aa5-41e1-b519-05b397f5eb1a] [http-nio-8080-exec-8] c.b.config.logging.HttpLoggingFilter - Headers: auth=present content-type=application/json accept=*/*
2026-01-19 19:14:09.759 [34mINFO [0;39m [772b83d2-4aa5-41e1-b519-05b397f5eb1a] [http-nio-8080-exec-8] c.b.config.logging.HttpLoggingFilter - Response payload: [{"id":"storeA","name":"Alpha Kirana Store","area":"Connaught Place","category":"grocery","ownerId":null,"ownerPhone":"9000000002","products":null,"status":"open","orderingDisabled":false,"closedReason":null,"closedUntil":null,"logo":null,"updatedAt":"2026-01-16T00:06:49Z"},{"id":"33b16e50-5c33-4fc8-b546-8c796895cf49","name":"City Pharmacy","area":"Brigade","category":"pharmacy","ownerId":null,"ownerPhone":null,"products":null,"status":"open","orderingDisabled":false,"closedReason":null,"closedUntil":null,"logo":null,"updatedAt":"2026-01-15T18:57:31.724056Z"},{"id":"63a5a059-9fb3-4f8e-9b44-b1d3ebf7e683","name":"City Pharmacy","area":"Brigade","category":"pharmacy","ownerId":null,"ownerPhone":null,"products":null,"status":"open","orderingDisabled":false,"closedReason":null,"closedUntil":null,"logo":null,"updatedAt":"2026-01-18T20:13:38.663820Z"},{"id":"68a008cd-6b10-4e48-b036-e3d752230378","name":"City Pharmacy","area":"Brigade","category":"pharmacy","ownerId":null,"ownerPhone":null,"products":null,"status":"open","orderingDisabled":false,"closedReason":null,"closedUntil":null,"logo":null,"updatedAt":"2026-01-15T19:03:29.647598Z"},{"id":"7bcf0556-b5ba-4df8-9196-1d24f45488c0","name":"City Pharmacy","area":"Brigade","category":"pharmacy","ownerId":null,"ownerPhone":null,"products":null,"status":"open","orderingDisabled":false,"closedReason":null,"closedUntil":null,"logo":null,"updatedAt":"2026-01-18T20:09:12.421625Z"},{"id":"9a0c37d7-50b9-462e-a551-dcdd782d8a5f","name":"City Pharmacy","area":"Brigade","category":"pharmacy","ownerId":null,"ownerPhone":null,"products":null,"status":"open","orderingDisabled":false,"closedReason":null,"closedUntil":null,"logo":null,"updatedAt":"2026-01-15T19:11:19.048431Z"},{"id":"b585adf9-d1e7-41be-ba0f-179581c84259","name":"City Pharmacy","area":"Brigade","category":"pharmacy","ownerId":null,"ownerPhone":null,"products":null,"status":"open","orderingDisabled":false,"closedReason":null,"closedUntil":null,"logo":null,"updatedAt":"2026-01-15T17:56:53.379793Z"},{"id":"24ab445b-351b-441e-b886-7e6b905c269b","name":"Fresh Mart","area":"MG Road","category":"grocery","ownerId":null,"ownerPhone":null,"products":null,"status":"open","orderingDisabled":false,"closedReason":null,"closedUntil":null,"logo":null,"updatedAt":"2026-01-15T19:11:18.918553Z"},{"id":"3ce3b1bf-7c55-4fa5-bbe3-f45f8a93c67a","name":"Fresh Mart","area":"MG Road","category":"grocery","ownerId":null,"ownerPhone":null,"products":null,"status":"open","orderingDisabled":false,"closedReason":null,"closedUntil":null,"logo":null,"updatedAt":"2026-01-15T17:56:53.251484Z"},{"id":"871a0bfe-570b-44ed-b7c4-ef60b2d18cf1","name":"Fresh Mart","area":"MG Road","category":"grocery","ownerId":null,"ownerPhone":null,"products":null,"status":"open","orderingDisabled":false,"closedReason":null,"closedUntil":null,"logo":null,"updatedAt":"2026-01-15T19:03:29.540557Z"},{"id":"90e791d5-27d3-4330-b834-48510b7dea41","name":"Fresh Mart","area":"MG Road","category":"grocery","ownerId":null,"ownerPhone":null,"products":null,"status":"open","orderingDisabled":false,"closedReason":null,"closedUntil":null,"logo":null,"updatedAt":"2026-01-18T20:09:12.272954Z"},{"id":"aee5f433-686e-45bb-be6b-2160a9267cb2","name":"Fresh Mart","area":"MG Road","category":"grocery","ownerId":null,"ownerPhone":null,"products":null,"status":"open","orderingDisabled":false,"closedReason":null,"closedUntil":null,"logo":null,"updatedAt":"2026-01-18T20:13:38.568416Z"},{"id":"ce9a05aa-7780-4da8-a071-1039ff4b1e4f","name":"Fresh Mart","area":"MG Road","category":"grocery","ownerId":null,"ownerPhone":null,"products":null,"status":"open","orderingDisabled":false,"closedReason":null,"closedUntil":null,"logo":null,"updatedAt":"2026-01-15T18:57:31.588523Z"}]
2026-01-19 19:14:09.774 [34mINFO [0;39m [e166488d-2560-4e34-b221-01dd1431471e] [http-nio-8080-exec-9] c.b.config.TenantInterceptor - tenant-context: tenant=tenantA method=GET path=/api/storefront/stores
2026-01-19 19:14:09.776 [34mINFO [0;39m [e166488d-2560-4e34-b221-01dd1431471e] [http-nio-8080-exec-9] c.b.web.CustomerStorefrontController - Customer storefront: list stores tenant=tenantA userId=e3e7d01b-88f2-420d-b460-5bbd89bb9944 search=null category=null
2026-01-19 19:14:09.783 [34mINFO [0;39m [d48d637d-6ce0-4684-95a7-afa70e41592d] [http-nio-8080-exec-10] c.b.config.TenantInterceptor - tenant-context: tenant=tenantA method=GET path=/api/storefront/categories
2026-01-19 19:14:09.784 [34mINFO [0;39m [d48d637d-6ce0-4684-95a7-afa70e41592d] [http-nio-8080-exec-10] c.b.web.CustomerStorefrontController - Customer storefront: list categories tenant=tenantA userId=e3e7d01b-88f2-420d-b460-5bbd89bb9944
2026-01-19 19:14:09.784 [34mINFO [0;39m [e166488d-2560-4e34-b221-01dd1431471e] [http-nio-8080-exec-9] c.b.logging.RepositoryLoggingAspect - [REPO_CALL] table=stores tenant=tenantA ids=[24ab445b-351b-441e-b886-7e6b905c269b, 33b16e50-5c33-4fc8-b546-8c796895cf49, 3ce3b1bf-7c55-4fa5-bbe3-f45f8a93c67a, 63a5a059-9fb3-4f8e-9b44-b1d3ebf7e683, 68a008cd-6b10-4e48-b036-e3d752230378, 7bcf0556-b5ba-4df8-9196-1d24f45488c0, 871a0bfe-570b-44ed-b7c4-ef60b2d18cf1, 90e791d5-27d3-4330-b834-48510b7dea41, 9a0c37d7-50b9-462e-a551-dcdd782d8a5f, aee5f433-686e-45bb-be6b-2160a9267cb2, b585adf9-d1e7-41be-ba0f-179581c84259, ce9a05aa-7780-4da8-a071-1039ff4b1e4f, storeA]
2026-01-19 19:14:09.786 [1;31mERROR[0;39m [e166488d-2560-4e34-b221-01dd1431471e] [http-nio-8080-exec-9] com.bharatshop.service.StoreService - [PROOF][STORE_REPO] store.id=24ab445b-351b-441e-b886-7e6b905c269b source=DB
2026-01-19 19:14:09.786 [1;31mERROR[0;39m [e166488d-2560-4e34-b221-01dd1431471e] [http-nio-8080-exec-9] com.bharatshop.service.StoreService - [PROOF][STORE_REPO] store.id=33b16e50-5c33-4fc8-b546-8c796895cf49 source=DB
2026-01-19 19:14:09.786 [1;31mERROR[0;39m [e166488d-2560-4e34-b221-01dd1431471e] [http-nio-8080-exec-9] com.bharatshop.service.StoreService - [PROOF][STORE_REPO] store.id=3ce3b1bf-7c55-4fa5-bbe3-f45f8a93c67a source=DB
2026-01-19 19:14:09.788 [1;31mERROR[0;39m [e166488d-2560-4e34-b221-01dd1431471e] [http-nio-8080-exec-9] com.bharatshop.service.StoreService - [PROOF][STORE_REPO] store.id=63a5a059-9fb3-4f8e-9b44-b1d3ebf7e683 source=DB
2026-01-19 19:14:09.788 [1;31mERROR[0;39m [e166488d-2560-4e34-b221-01dd1431471e] [http-nio-8080-exec-9] com.bharatshop.service.StoreService - [PROOF][STORE_REPO] store.id=68a008cd-6b10-4e48-b036-e3d752230378 source=DB
2026-01-19 19:14:09.789 [1;31mERROR[0;39m [e166488d-2560-4e34-b221-01dd1431471e] [http-nio-8080-exec-9] com.bharatshop.service.StoreService - [PROOF][STORE_REPO] store.id=7bcf0556-b5ba-4df8-9196-1d24f45488c0 source=DB
2026-01-19 19:14:09.790 [1;31mERROR[0;39m [e166488d-2560-4e34-b221-01dd1431471e] [http-nio-8080-exec-9] com.bharatshop.service.StoreService - [PROOF][STORE_REPO] store.id=871a0bfe-570b-44ed-b7c4-ef60b2d18cf1 source=DB
2026-01-19 19:14:09.790 [1;31mERROR[0;39m [e166488d-2560-4e34-b221-01dd1431471e] [http-nio-8080-exec-9] com.bharatshop.service.StoreService - [PROOF][STORE_REPO] store.id=90e791d5-27d3-4330-b834-48510b7dea41 source=DB
2026-01-19 19:14:09.790 [1;31mERROR[0;39m [e166488d-2560-4e34-b221-01dd1431471e] [http-nio-8080-exec-9] com.bharatshop.service.StoreService - [PROOF][STORE_REPO] store.id=9a0c37d7-50b9-462e-a551-dcdd782d8a5f source=DB
2026-01-19 19:14:09.790 [1;31mERROR[0;39m [e166488d-2560-4e34-b221-01dd1431471e] [http-nio-8080-exec-9] com.bharatshop.service.StoreService - [PROOF][STORE_REPO] store.id=aee5f433-686e-45bb-be6b-2160a9267cb2 source=DB
2026-01-19 19:14:09.790 [1;31mERROR[0;39m [e166488d-2560-4e34-b221-01dd1431471e] [http-nio-8080-exec-9] com.bharatshop.service.StoreService - [PROOF][STORE_REPO] store.id=b585adf9-d1e7-41be-ba0f-179581c84259 source=DB
2026-01-19 19:14:09.790 [1;31mERROR[0;39m [e166488d-2560-4e34-b221-01dd1431471e] [http-nio-8080-exec-9] com.bharatshop.service.StoreService - [PROOF][STORE_REPO] store.id=ce9a05aa-7780-4da8-a071-1039ff4b1e4f source=DB
2026-01-19 19:14:09.790 [1;31mERROR[0;39m [e166488d-2560-4e34-b221-01dd1431471e] [http-nio-8080-exec-9] com.bharatshop.service.StoreService - [PROOF][STORE_REPO] store.id=storeA source=DB
2026-01-19 19:14:09.793 [1;31mERROR[0;39m [e166488d-2560-4e34-b221-01dd1431471e] [http-nio-8080-exec-9] com.bharatshop.service.StoreService - [PROOF][STORE_MAP] entity.id=24ab445b-351b-441e-b886-7e6b905c269b mapped.id=24ab445b-351b-441e-b886-7e6b905c269b
2026-01-19 19:14:09.793 [1;31mERROR[0;39m [e166488d-2560-4e34-b221-01dd1431471e] [http-nio-8080-exec-9] com.bharatshop.service.StoreService - [PROOF][STORE_MAP] entity.id=33b16e50-5c33-4fc8-b546-8c796895cf49 mapped.id=33b16e50-5c33-4fc8-b546-8c796895cf49
2026-01-19 19:14:09.793 [1;31mERROR[0;39m [e166488d-2560-4e34-b221-01dd1431471e] [http-nio-8080-exec-9] com.bharatshop.service.StoreService - [PROOF][STORE_MAP] entity.id=3ce3b1bf-7c55-4fa5-bbe3-f45f8a93c67a mapped.id=3ce3b1bf-7c55-4fa5-bbe3-f45f8a93c67a
2026-01-19 19:14:09.793 [1;31mERROR[0;39m [e166488d-2560-4e34-b221-01dd1431471e] [http-nio-8080-exec-9] com.bharatshop.service.StoreService - [PROOF][STORE_MAP] entity.id=63a5a059-9fb3-4f8e-9b44-b1d3ebf7e683 mapped.id=63a5a059-9fb3-4f8e-9b44-b1d3ebf7e683
2026-01-19 19:14:09.793 [1;31mERROR[0;39m [e166488d-2560-4e34-b221-01dd1431471e] [http-nio-8080-exec-9] com.bharatshop.service.StoreService - [PROOF][STORE_MAP] entity.id=68a008cd-6b10-4e48-b036-e3d752230378 mapped.id=68a008cd-6b10-4e48-b036-e3d752230378
2026-01-19 19:14:09.795 [1;31mERROR[0;39m [e166488d-2560-4e34-b221-01dd1431471e] [http-nio-8080-exec-9] com.bharatshop.service.StoreService - [PROOF][STORE_MAP] entity.id=7bcf0556-b5ba-4df8-9196-1d24f45488c0 mapped.id=7bcf0556-b5ba-4df8-9196-1d24f45488c0
2026-01-19 19:14:09.795 [1;31mERROR[0;39m [e166488d-2560-4e34-b221-01dd1431471e] [http-nio-8080-exec-9] com.bharatshop.service.StoreService - [PROOF][STORE_MAP] entity.id=871a0bfe-570b-44ed-b7c4-ef60b2d18cf1 mapped.id=871a0bfe-570b-44ed-b7c4-ef60b2d18cf1
2026-01-19 19:14:09.795 [1;31mERROR[0;39m [e166488d-2560-4e34-b221-01dd1431471e] [http-nio-8080-exec-9] com.bharatshop.service.StoreService - [PROOF][STORE_MAP] entity.id=90e791d5-27d3-4330-b834-48510b7dea41 mapped.id=90e791d5-27d3-4330-b834-48510b7dea41
2026-01-19 19:14:09.795 [1;31mERROR[0;39m [e166488d-2560-4e34-b221-01dd1431471e] [http-nio-8080-exec-9] com.bharatshop.service.StoreService - [PROOF][STORE_MAP] entity.id=9a0c37d7-50b9-462e-a551-dcdd782d8a5f mapped.id=9a0c37d7-50b9-462e-a551-dcdd782d8a5f
2026-01-19 19:14:09.795 [1;31mERROR[0;39m [e166488d-2560-4e34-b221-01dd1431471e] [http-nio-8080-exec-9] com.bharatshop.service.StoreService - [PROOF][STORE_MAP] entity.id=aee5f433-686e-45bb-be6b-2160a9267cb2 mapped.id=aee5f433-686e-45bb-be6b-2160a9267cb2
2026-01-19 19:14:09.795 [1;31mERROR[0;39m [e166488d-2560-4e34-b221-01dd1431471e] [http-nio-8080-exec-9] com.bharatshop.service.StoreService - [PROOF][STORE_MAP] entity.id=b585adf9-d1e7-41be-ba0f-179581c84259 mapped.id=b585adf9-d1e7-41be-ba0f-179581c84259
2026-01-19 19:14:09.797 [1;31mERROR[0;39m [e166488d-2560-4e34-b221-01dd1431471e] [http-nio-8080-exec-9] com.bharatshop.service.StoreService - [PROOF][STORE_MAP] entity.id=ce9a05aa-7780-4da8-a071-1039ff4b1e4f mapped.id=ce9a05aa-7780-4da8-a071-1039ff4b1e4f
2026-01-19 19:14:09.797 [1;31mERROR[0;39m [e166488d-2560-4e34-b221-01dd1431471e] [http-nio-8080-exec-9] com.bharatshop.service.StoreService - [PROOF][STORE_MAP] entity.id=storeA mapped.id=storeA
2026-01-19 19:14:09.797 [1;31mERROR[0;39m [e166488d-2560-4e34-b221-01dd1431471e] [http-nio-8080-exec-9] c.b.web.CustomerStorefrontController - [PROOF][STORE_LIST] store.id=storeA tenant=tenantA source=DB
2026-01-19 19:14:09.797 [1;31mERROR[0;39m [e166488d-2560-4e34-b221-01dd1431471e] [http-nio-8080-exec-9] c.b.web.CustomerStorefrontController - [PROOF][STORE_LIST] store.id=33b16e50-5c33-4fc8-b546-8c796895cf49 tenant=tenantA source=DB
2026-01-19 19:14:09.797 [1;31mERROR[0;39m [e166488d-2560-4e34-b221-01dd1431471e] [http-nio-8080-exec-9] c.b.web.CustomerStorefrontController - [PROOF][STORE_LIST] store.id=63a5a059-9fb3-4f8e-9b44-b1d3ebf7e683 tenant=tenantA source=DB
2026-01-19 19:14:09.799 [1;31mERROR[0;39m [e166488d-2560-4e34-b221-01dd1431471e] [http-nio-8080-exec-9] c.b.web.CustomerStorefrontController - [PROOF][STORE_LIST] store.id=68a008cd-6b10-4e48-b036-e3d752230378 tenant=tenantA source=DB
2026-01-19 19:14:09.799 [1;31mERROR[0;39m [e166488d-2560-4e34-b221-01dd1431471e] [http-nio-8080-exec-9] c.b.web.CustomerStorefrontController - [PROOF][STORE_LIST] store.id=7bcf0556-b5ba-4df8-9196-1d24f45488c0 tenant=tenantA source=DB
2026-01-19 19:14:09.799 [1;31mERROR[0;39m [e166488d-2560-4e34-b221-01dd1431471e] [http-nio-8080-exec-9] c.b.web.CustomerStorefrontController - [PROOF][STORE_LIST] store.id=9a0c37d7-50b9-462e-a551-dcdd782d8a5f tenant=tenantA source=DB
2026-01-19 19:14:09.799 [34mINFO [0;39m [d48d637d-6ce0-4684-95a7-afa70e41592d] [http-nio-8080-exec-10] c.b.config.logging.HttpLoggingFilter - GET /api/storefront/categories -> 200 (17 ms)
2026-01-19 19:14:09.799 [1;31mERROR[0;39m [e166488d-2560-4e34-b221-01dd1431471e] [http-nio-8080-exec-9] c.b.web.CustomerStorefrontController - [PROOF][STORE_LIST] store.id=b585adf9-d1e7-41be-ba0f-179581c84259 tenant=tenantA source=DB
2026-01-19 19:14:09.799 [1;31mERROR[0;39m [e166488d-2560-4e34-b221-01dd1431471e] [http-nio-8080-exec-9] c.b.web.CustomerStorefrontController - [PROOF][STORE_LIST] store.id=24ab445b-351b-441e-b886-7e6b905c269b tenant=tenantA source=DB
2026-01-19 19:14:09.799 [34mINFO [0;39m [d48d637d-6ce0-4684-95a7-afa70e41592d] [http-nio-8080-exec-10] c.b.config.logging.HttpLoggingFilter - Headers: auth=present content-type=application/json accept=*/*
2026-01-19 19:14:09.799 [1;31mERROR[0;39m [e166488d-2560-4e34-b221-01dd1431471e] [http-nio-8080-exec-9] c.b.web.CustomerStorefrontController - [PROOF][STORE_LIST] store.id=3ce3b1bf-7c55-4fa5-bbe3-f45f8a93c67a tenant=tenantA source=DB
2026-01-19 19:14:09.799 [34mINFO [0;39m [d48d637d-6ce0-4684-95a7-afa70e41592d] [http-nio-8080-exec-10] c.b.config.logging.HttpLoggingFilter - Response payload: ["dairy","fruits","grocery","medicine"]
2026-01-19 19:14:09.799 [1;31mERROR[0;39m [e166488d-2560-4e34-b221-01dd1431471e] [http-nio-8080-exec-9] c.b.web.CustomerStorefrontController - [PROOF][STORE_LIST] store.id=871a0bfe-570b-44ed-b7c4-ef60b2d18cf1 tenant=tenantA source=DB
2026-01-19 19:14:09.801 [1;31mERROR[0;39m [e166488d-2560-4e34-b221-01dd1431471e] [http-nio-8080-exec-9] c.b.web.CustomerStorefrontController - [PROOF][STORE_LIST] store.id=90e791d5-27d3-4330-b834-48510b7dea41 tenant=tenantA source=DB
2026-01-19 19:14:09.801 [1;31mERROR[0;39m [e166488d-2560-4e34-b221-01dd1431471e] [http-nio-8080-exec-9] c.b.web.CustomerStorefrontController - [PROOF][STORE_LIST] store.id=aee5f433-686e-45bb-be6b-2160a9267cb2 tenant=tenantA source=DB
2026-01-19 19:14:09.801 [1;31mERROR[0;39m [e166488d-2560-4e34-b221-01dd1431471e] [http-nio-8080-exec-9] c.b.web.CustomerStorefrontController - [PROOF][STORE_LIST] store.id=ce9a05aa-7780-4da8-a071-1039ff4b1e4f tenant=tenantA source=DB
2026-01-19 19:14:09.803 [34mINFO [0;39m [e166488d-2560-4e34-b221-01dd1431471e] [http-nio-8080-exec-9] c.b.config.logging.HttpLoggingFilter - GET /api/storefront/stores -> 200 (30 ms)
2026-01-19 19:14:09.805 [34mINFO [0;39m [e166488d-2560-4e34-b221-01dd1431471e] [http-nio-8080-exec-9] c.b.config.logging.HttpLoggingFilter - Headers: auth=present content-type=application/json accept=*/*
2026-01-19 19:14:09.805 [34mINFO [0;39m [e166488d-2560-4e34-b221-01dd1431471e] [http-nio-8080-exec-9] c.b.config.logging.HttpLoggingFilter - Response payload: [{"id":"storeA","name":"Alpha Kirana Store","area":"Connaught Place","category":"grocery","ownerId":null,"ownerPhone":"9000000002","products":null,"status":"open","orderingDisabled":false,"closedReason":null,"closedUntil":null,"logo":null,"updatedAt":"2026-01-16T00:06:49Z"},{"id":"33b16e50-5c33-4fc8-b546-8c796895cf49","name":"City Pharmacy","area":"Brigade","category":"pharmacy","ownerId":null,"ownerPhone":null,"products":null,"status":"open","orderingDisabled":false,"closedReason":null,"closedUntil":null,"logo":null,"updatedAt":"2026-01-15T18:57:31.724056Z"},{"id":"63a5a059-9fb3-4f8e-9b44-b1d3ebf7e683","name":"City Pharmacy","area":"Brigade","category":"pharmacy","ownerId":null,"ownerPhone":null,"products":null,"status":"open","orderingDisabled":false,"closedReason":null,"closedUntil":null,"logo":null,"updatedAt":"2026-01-18T20:13:38.663820Z"},{"id":"68a008cd-6b10-4e48-b036-e3d752230378","name":"City Pharmacy","area":"Brigade","category":"pharmacy","ownerId":null,"ownerPhone":null,"products":null,"status":"open","orderingDisabled":false,"closedReason":null,"closedUntil":null,"logo":null,"updatedAt":"2026-01-15T19:03:29.647598Z"},{"id":"7bcf0556-b5ba-4df8-9196-1d24f45488c0","name":"City Pharmacy","area":"Brigade","category":"pharmacy","ownerId":null,"ownerPhone":null,"products":null,"status":"open","orderingDisabled":false,"closedReason":null,"closedUntil":null,"logo":null,"updatedAt":"2026-01-18T20:09:12.421625Z"},{"id":"9a0c37d7-50b9-462e-a551-dcdd782d8a5f","name":"City Pharmacy","area":"Brigade","category":"pharmacy","ownerId":null,"ownerPhone":null,"products":null,"status":"open","orderingDisabled":false,"closedReason":null,"closedUntil":null,"logo":null,"updatedAt":"2026-01-15T19:11:19.048431Z"},{"id":"b585adf9-d1e7-41be-ba0f-179581c84259","name":"City Pharmacy","area":"Brigade","category":"pharmacy","ownerId":null,"ownerPhone":null,"products":null,"status":"open","orderingDisabled":false,"closedReason":null,"closedUntil":null,"logo":null,"updatedAt":"2026-01-15T17:56:53.379793Z"},{"id":"24ab445b-351b-441e-b886-7e6b905c269b","name":"Fresh Mart","area":"MG Road","category":"grocery","ownerId":null,"ownerPhone":null,"products":null,"status":"open","orderingDisabled":false,"closedReason":null,"closedUntil":null,"logo":null,"updatedAt":"2026-01-15T19:11:18.918553Z"},{"id":"3ce3b1bf-7c55-4fa5-bbe3-f45f8a93c67a","name":"Fresh Mart","area":"MG Road","category":"grocery","ownerId":null,"ownerPhone":null,"products":null,"status":"open","orderingDisabled":false,"closedReason":null,"closedUntil":null,"logo":null,"updatedAt":"2026-01-15T17:56:53.251484Z"},{"id":"871a0bfe-570b-44ed-b7c4-ef60b2d18cf1","name":"Fresh Mart","area":"MG Road","category":"grocery","ownerId":null,"ownerPhone":null,"products":null,"status":"open","orderingDisabled":false,"closedReason":null,"closedUntil":null,"logo":null,"updatedAt":"2026-01-15T19:03:29.540557Z"},{"id":"90e791d5-27d3-4330-b834-48510b7dea41","name":"Fresh Mart","area":"MG Road","category":"grocery","ownerId":null,"ownerPhone":null,"products":null,"status":"open","orderingDisabled":false,"closedReason":null,"closedUntil":null,"logo":null,"updatedAt":"2026-01-18T20:09:12.272954Z"},{"id":"aee5f433-686e-45bb-be6b-2160a9267cb2","name":"Fresh Mart","area":"MG Road","category":"grocery","ownerId":null,"ownerPhone":null,"products":null,"status":"open","orderingDisabled":false,"closedReason":null,"closedUntil":null,"logo":null,"updatedAt":"2026-01-18T20:13:38.568416Z"},{"id":"ce9a05aa-7780-4da8-a071-1039ff4b1e4f","name":"Fresh Mart","area":"MG Road","category":"grocery","ownerId":null,"ownerPhone":null,"products":null,"status":"open","orderingDisabled":false,"closedReason":null,"closedUntil":null,"logo":null,"updatedAt":"2026-01-15T18:57:31.588523Z"}]
2026-01-19 19:14:09.848 [34mINFO [0;39m [66933c9b-01d5-42f4-ac0f-148d4137fabf] [http-nio-8080-exec-2] c.b.config.TenantInterceptor - tenant-context: tenant=tenantA method=GET path=/api/storefront/categories
2026-01-19 19:14:09.850 [34mINFO [0;39m [66933c9b-01d5-42f4-ac0f-148d4137fabf] [http-nio-8080-exec-2] c.b.web.CustomerStorefrontController - Customer storefront: list categories tenant=tenantA userId=e3e7d01b-88f2-420d-b460-5bbd89bb9944
2026-01-19 19:14:09.857 [34mINFO [0;39m [66933c9b-01d5-42f4-ac0f-148d4137fabf] [http-nio-8080-exec-2] c.b.config.logging.HttpLoggingFilter - GET /api/storefront/categories -> 200 (11 ms)
2026-01-19 19:14:09.857 [34mINFO [0;39m [66933c9b-01d5-42f4-ac0f-148d4137fabf] [http-nio-8080-exec-2] c.b.config.logging.HttpLoggingFilter - Headers: auth=present content-type=application/json accept=*/*
2026-01-19 19:14:09.857 [34mINFO [0;39m [66933c9b-01d5-42f4-ac0f-148d4137fabf] [http-nio-8080-exec-2] c.b.config.logging.HttpLoggingFilter - Response payload: ["dairy","fruits","grocery","medicine"]
2026-01-19 19:14:13.595 [34mINFO [0;39m [64e7d57e-7631-46c2-9fcc-13b7117da394] [http-nio-8080-exec-4] c.b.config.TenantInterceptor - tenant-context: tenant=tenantA method=GET path=/api/orders
2026-01-19 19:14:13.598 [34mINFO [0;39m [64e7d57e-7631-46c2-9fcc-13b7117da394] [http-nio-8080-exec-4] c.bharatshop.web.OrdersApiController - List orders (canonical): tenant=tenantA userId=e3e7d01b-88f2-420d-b460-5bbd89bb9944
2026-01-19 19:14:13.619 [34mINFO [0;39m [64e7d57e-7631-46c2-9fcc-13b7117da394] [http-nio-8080-exec-4] c.bharatshop.web.OrdersApiController - Orders fetched: count=1
2026-01-19 19:14:13.625 [1;31mERROR[0;39m [64e7d57e-7631-46c2-9fcc-13b7117da394] [http-nio-8080-exec-4] com.bharatshop.service.StoreService - [PROOF][STORE_MAP] entity.id=storeA mapped.id=storeA
2026-01-19 19:14:13.629 [34mINFO [0;39m [64e7d57e-7631-46c2-9fcc-13b7117da394] [http-nio-8080-exec-4] c.b.config.logging.HttpLoggingFilter - GET /api/orders -> 200 (36 ms)
2026-01-19 19:14:13.629 [34mINFO [0;39m [64e7d57e-7631-46c2-9fcc-13b7117da394] [http-nio-8080-exec-4] c.b.config.logging.HttpLoggingFilter - Headers: auth=present content-type=application/json accept=*/*
2026-01-19 19:14:13.629 [34mINFO [0;39m [64e7d57e-7631-46c2-9fcc-13b7117da394] [http-nio-8080-exec-4] c.b.config.logging.HttpLoggingFilter - Response payload: [{"createdAt":"2026-01-19T13:26:58.949200Z","total":55.0,"id":"ff1ad22e-8a96-4821-9147-4e821e679438","store":{"name":"Alpha Kirana Store","id":"storeA"},"items":[{"quantity":1,"productId":"prodA1","name":"Aata 1kg"}],"status":"cancelled"}]
2026-01-19 19:14:13.642 [34mINFO [0;39m [46a9e0d4-0854-43c4-937b-8a5eaaaf1e3d] [http-nio-8080-exec-3] c.b.config.TenantInterceptor - tenant-context: tenant=tenantA method=GET path=/api/orders
2026-01-19 19:14:13.646 [34mINFO [0;39m [46a9e0d4-0854-43c4-937b-8a5eaaaf1e3d] [http-nio-8080-exec-3] c.bharatshop.web.OrdersApiController - List orders (canonical): tenant=tenantA userId=e3e7d01b-88f2-420d-b460-5bbd89bb9944
2026-01-19 19:14:13.659 [34mINFO [0;39m [46a9e0d4-0854-43c4-937b-8a5eaaaf1e3d] [http-nio-8080-exec-3] c.bharatshop.web.OrdersApiController - Orders fetched: count=1
2026-01-19 19:14:13.665 [1;31mERROR[0;39m [46a9e0d4-0854-43c4-937b-8a5eaaaf1e3d] [http-nio-8080-exec-3] com.bharatshop.service.StoreService - [PROOF][STORE_MAP] entity.id=storeA mapped.id=storeA
2026-01-19 19:14:13.670 [34mINFO [0;39m [46a9e0d4-0854-43c4-937b-8a5eaaaf1e3d] [http-nio-8080-exec-3] c.b.config.logging.HttpLoggingFilter - GET /api/orders -> 200 (28 ms)
2026-01-19 19:14:13.670 [34mINFO [0;39m [46a9e0d4-0854-43c4-937b-8a5eaaaf1e3d] [http-nio-8080-exec-3] c.b.config.logging.HttpLoggingFilter - Headers: auth=present content-type=application/json accept=*/*
2026-01-19 19:14:13.670 [34mINFO [0;39m [46a9e0d4-0854-43c4-937b-8a5eaaaf1e3d] [http-nio-8080-exec-3] c.b.config.logging.HttpLoggingFilter - Response payload: [{"createdAt":"2026-01-19T13:26:58.949200Z","total":55.0,"id":"ff1ad22e-8a96-4821-9147-4e821e679438","store":{"name":"Alpha Kirana Store","id":"storeA"},"items":[{"quantity":1,"productId":"prodA1","name":"Aata 1kg"}],"status":"cancelled"}]
2026-01-19 19:16:13.615 [34mINFO [0;39m [726fc710-df70-40ef-9e14-97c355b9c767] [http-nio-8080-exec-1] c.b.config.TenantInterceptor - tenant-context: tenant=tenantA method=GET path=/api/storefront/stores
2026-01-19 19:16:13.617 [34mINFO [0;39m [726fc710-df70-40ef-9e14-97c355b9c767] [http-nio-8080-exec-1] c.b.web.CustomerStorefrontController - Customer storefront: list stores tenant=tenantA userId=e3e7d01b-88f2-420d-b460-5bbd89bb9944 search=null category=null
2026-01-19 19:16:13.627 [34mINFO [0;39m [726fc710-df70-40ef-9e14-97c355b9c767] [http-nio-8080-exec-1] c.b.logging.RepositoryLoggingAspect - [REPO_CALL] table=stores tenant=tenantA ids=[24ab445b-351b-441e-b886-7e6b905c269b, 33b16e50-5c33-4fc8-b546-8c796895cf49, 3ce3b1bf-7c55-4fa5-bbe3-f45f8a93c67a, 63a5a059-9fb3-4f8e-9b44-b1d3ebf7e683, 68a008cd-6b10-4e48-b036-e3d752230378, 7bcf0556-b5ba-4df8-9196-1d24f45488c0, 871a0bfe-570b-44ed-b7c4-ef60b2d18cf1, 90e791d5-27d3-4330-b834-48510b7dea41, 9a0c37d7-50b9-462e-a551-dcdd782d8a5f, aee5f433-686e-45bb-be6b-2160a9267cb2, b585adf9-d1e7-41be-ba0f-179581c84259, ce9a05aa-7780-4da8-a071-1039ff4b1e4f, storeA]
2026-01-19 19:16:13.627 [1;31mERROR[0;39m [726fc710-df70-40ef-9e14-97c355b9c767] [http-nio-8080-exec-1] com.bharatshop.service.StoreService - [PROOF][STORE_REPO] store.id=24ab445b-351b-441e-b886-7e6b905c269b source=DB
2026-01-19 19:16:13.627 [1;31mERROR[0;39m [726fc710-df70-40ef-9e14-97c355b9c767] [http-nio-8080-exec-1] com.bharatshop.service.StoreService - [PROOF][STORE_REPO] store.id=33b16e50-5c33-4fc8-b546-8c796895cf49 source=DB
2026-01-19 19:16:13.629 [1;31mERROR[0;39m [726fc710-df70-40ef-9e14-97c355b9c767] [http-nio-8080-exec-1] com.bharatshop.service.StoreService - [PROOF][STORE_REPO] store.id=3ce3b1bf-7c55-4fa5-bbe3-f45f8a93c67a source=DB
2026-01-19 19:16:13.629 [1;31mERROR[0;39m [726fc710-df70-40ef-9e14-97c355b9c767] [http-nio-8080-exec-1] com.bharatshop.service.StoreService - [PROOF][STORE_REPO] store.id=63a5a059-9fb3-4f8e-9b44-b1d3ebf7e683 source=DB
2026-01-19 19:16:13.629 [1;31mERROR[0;39m [726fc710-df70-40ef-9e14-97c355b9c767] [http-nio-8080-exec-1] com.bharatshop.service.StoreService - [PROOF][STORE_REPO] store.id=68a008cd-6b10-4e48-b036-e3d752230378 source=DB
2026-01-19 19:16:13.629 [1;31mERROR[0;39m [726fc710-df70-40ef-9e14-97c355b9c767] [http-nio-8080-exec-1] com.bharatshop.service.StoreService - [PROOF][STORE_REPO] store.id=7bcf0556-b5ba-4df8-9196-1d24f45488c0 source=DB
2026-01-19 19:16:13.629 [1;31mERROR[0;39m [726fc710-df70-40ef-9e14-97c355b9c767] [http-nio-8080-exec-1] com.bharatshop.service.StoreService - [PROOF][STORE_REPO] store.id=871a0bfe-570b-44ed-b7c4-ef60b2d18cf1 source=DB
2026-01-19 19:16:13.631 [1;31mERROR[0;39m [726fc710-df70-40ef-9e14-97c355b9c767] [http-nio-8080-exec-1] com.bharatshop.service.StoreService - [PROOF][STORE_REPO] store.id=90e791d5-27d3-4330-b834-48510b7dea41 source=DB
2026-01-19 19:16:13.631 [1;31mERROR[0;39m [726fc710-df70-40ef-9e14-97c355b9c767] [http-nio-8080-exec-1] com.bharatshop.service.StoreService - [PROOF][STORE_REPO] store.id=9a0c37d7-50b9-462e-a551-dcdd782d8a5f source=DB
2026-01-19 19:16:13.631 [1;31mERROR[0;39m [726fc710-df70-40ef-9e14-97c355b9c767] [http-nio-8080-exec-1] com.bharatshop.service.StoreService - [PROOF][STORE_REPO] store.id=aee5f433-686e-45bb-be6b-2160a9267cb2 source=DB
2026-01-19 19:16:13.631 [1;31mERROR[0;39m [726fc710-df70-40ef-9e14-97c355b9c767] [http-nio-8080-exec-1] com.bharatshop.service.StoreService - [PROOF][STORE_REPO] store.id=b585adf9-d1e7-41be-ba0f-179581c84259 source=DB
2026-01-19 19:16:13.631 [1;31mERROR[0;39m [726fc710-df70-40ef-9e14-97c355b9c767] [http-nio-8080-exec-1] com.bharatshop.service.StoreService - [PROOF][STORE_REPO] store.id=ce9a05aa-7780-4da8-a071-1039ff4b1e4f source=DB
2026-01-19 19:16:13.633 [1;31mERROR[0;39m [726fc710-df70-40ef-9e14-97c355b9c767] [http-nio-8080-exec-1] com.bharatshop.service.StoreService - [PROOF][STORE_REPO] store.id=storeA source=DB
2026-01-19 19:16:13.633 [1;31mERROR[0;39m [726fc710-df70-40ef-9e14-97c355b9c767] [http-nio-8080-exec-1] com.bharatshop.service.StoreService - [PROOF][STORE_MAP] entity.id=24ab445b-351b-441e-b886-7e6b905c269b mapped.id=24ab445b-351b-441e-b886-7e6b905c269b
2026-01-19 19:16:13.633 [1;31mERROR[0;39m [726fc710-df70-40ef-9e14-97c355b9c767] [http-nio-8080-exec-1] com.bharatshop.service.StoreService - [PROOF][STORE_MAP] entity.id=33b16e50-5c33-4fc8-b546-8c796895cf49 mapped.id=33b16e50-5c33-4fc8-b546-8c796895cf49
2026-01-19 19:16:13.633 [1;31mERROR[0;39m [726fc710-df70-40ef-9e14-97c355b9c767] [http-nio-8080-exec-1] com.bharatshop.service.StoreService - [PROOF][STORE_MAP] entity.id=3ce3b1bf-7c55-4fa5-bbe3-f45f8a93c67a mapped.id=3ce3b1bf-7c55-4fa5-bbe3-f45f8a93c67a
2026-01-19 19:16:13.638 [1;31mERROR[0;39m [726fc710-df70-40ef-9e14-97c355b9c767] [http-nio-8080-exec-1] com.bharatshop.service.StoreService - [PROOF][STORE_MAP] entity.id=63a5a059-9fb3-4f8e-9b44-b1d3ebf7e683 mapped.id=63a5a059-9fb3-4f8e-9b44-b1d3ebf7e683
2026-01-19 19:16:13.640 [1;31mERROR[0;39m [726fc710-df70-40ef-9e14-97c355b9c767] [http-nio-8080-exec-1] com.bharatshop.service.StoreService - [PROOF][STORE_MAP] entity.id=68a008cd-6b10-4e48-b036-e3d752230378 mapped.id=68a008cd-6b10-4e48-b036-e3d752230378
2026-01-19 19:16:13.640 [1;31mERROR[0;39m [726fc710-df70-40ef-9e14-97c355b9c767] [http-nio-8080-exec-1] com.bharatshop.service.StoreService - [PROOF][STORE_MAP] entity.id=7bcf0556-b5ba-4df8-9196-1d24f45488c0 mapped.id=7bcf0556-b5ba-4df8-9196-1d24f45488c0
2026-01-19 19:16:13.640 [1;31mERROR[0;39m [726fc710-df70-40ef-9e14-97c355b9c767] [http-nio-8080-exec-1] com.bharatshop.service.StoreService - [PROOF][STORE_MAP] entity.id=871a0bfe-570b-44ed-b7c4-ef60b2d18cf1 mapped.id=871a0bfe-570b-44ed-b7c4-ef60b2d18cf1
2026-01-19 19:16:13.640 [1;31mERROR[0;39m [726fc710-df70-40ef-9e14-97c355b9c767] [http-nio-8080-exec-1] com.bharatshop.service.StoreService - [PROOF][STORE_MAP] entity.id=90e791d5-27d3-4330-b834-48510b7dea41 mapped.id=90e791d5-27d3-4330-b834-48510b7dea41
2026-01-19 19:16:13.642 [1;31mERROR[0;39m [726fc710-df70-40ef-9e14-97c355b9c767] [http-nio-8080-exec-1] com.bharatshop.service.StoreService - [PROOF][STORE_MAP] entity.id=9a0c37d7-50b9-462e-a551-dcdd782d8a5f mapped.id=9a0c37d7-50b9-462e-a551-dcdd782d8a5f
2026-01-19 19:16:13.642 [1;31mERROR[0;39m [726fc710-df70-40ef-9e14-97c355b9c767] [http-nio-8080-exec-1] com.bharatshop.service.StoreService - [PROOF][STORE_MAP] entity.id=aee5f433-686e-45bb-be6b-2160a9267cb2 mapped.id=aee5f433-686e-45bb-be6b-2160a9267cb2
2026-01-19 19:16:13.642 [1;31mERROR[0;39m [726fc710-df70-40ef-9e14-97c355b9c767] [http-nio-8080-exec-1] com.bharatshop.service.StoreService - [PROOF][STORE_MAP] entity.id=b585adf9-d1e7-41be-ba0f-179581c84259 mapped.id=b585adf9-d1e7-41be-ba0f-179581c84259
2026-01-19 19:16:13.642 [1;31mERROR[0;39m [726fc710-df70-40ef-9e14-97c355b9c767] [http-nio-8080-exec-1] com.bharatshop.service.StoreService - [PROOF][STORE_MAP] entity.id=ce9a05aa-7780-4da8-a071-1039ff4b1e4f mapped.id=ce9a05aa-7780-4da8-a071-1039ff4b1e4f
2026-01-19 19:16:13.642 [1;31mERROR[0;39m [726fc710-df70-40ef-9e14-97c355b9c767] [http-nio-8080-exec-1] com.bharatshop.service.StoreService - [PROOF][STORE_MAP] entity.id=storeA mapped.id=storeA
2026-01-19 19:16:13.642 [1;31mERROR[0;39m [726fc710-df70-40ef-9e14-97c355b9c767] [http-nio-8080-exec-1] c.b.web.CustomerStorefrontController - [PROOF][STORE_LIST] store.id=storeA tenant=tenantA source=DB
2026-01-19 19:16:13.644 [1;31mERROR[0;39m [726fc710-df70-40ef-9e14-97c355b9c767] [http-nio-8080-exec-1] c.b.web.CustomerStorefrontController - [PROOF][STORE_LIST] store.id=33b16e50-5c33-4fc8-b546-8c796895cf49 tenant=tenantA source=DB
2026-01-19 19:16:13.644 [1;31mERROR[0;39m [726fc710-df70-40ef-9e14-97c355b9c767] [http-nio-8080-exec-1] c.b.web.CustomerStorefrontController - [PROOF][STORE_LIST] store.id=63a5a059-9fb3-4f8e-9b44-b1d3ebf7e683 tenant=tenantA source=DB
2026-01-19 19:16:13.644 [1;31mERROR[0;39m [726fc710-df70-40ef-9e14-97c355b9c767] [http-nio-8080-exec-1] c.b.web.CustomerStorefrontController - [PROOF][STORE_LIST] store.id=68a008cd-6b10-4e48-b036-e3d752230378 tenant=tenantA source=DB
2026-01-19 19:16:13.646 [1;31mERROR[0;39m [726fc710-df70-40ef-9e14-97c355b9c767] [http-nio-8080-exec-1] c.b.web.CustomerStorefrontController - [PROOF][STORE_LIST] store.id=7bcf0556-b5ba-4df8-9196-1d24f45488c0 tenant=tenantA source=DB
2026-01-19 19:16:13.646 [1;31mERROR[0;39m [726fc710-df70-40ef-9e14-97c355b9c767] [http-nio-8080-exec-1] c.b.web.CustomerStorefrontController - [PROOF][STORE_LIST] store.id=9a0c37d7-50b9-462e-a551-dcdd782d8a5f tenant=tenantA source=DB
2026-01-19 19:16:13.646 [1;31mERROR[0;39m [726fc710-df70-40ef-9e14-97c355b9c767] [http-nio-8080-exec-1] c.b.web.CustomerStorefrontController - [PROOF][STORE_LIST] store.id=b585adf9-d1e7-41be-ba0f-179581c84259 tenant=tenantA source=DB
2026-01-19 19:16:13.646 [1;31mERROR[0;39m [726fc710-df70-40ef-9e14-97c355b9c767] [http-nio-8080-exec-1] c.b.web.CustomerStorefrontController - [PROOF][STORE_LIST] store.id=24ab445b-351b-441e-b886-7e6b905c269b tenant=tenantA source=DB
2026-01-19 19:16:13.650 [1;31mERROR[0;39m [726fc710-df70-40ef-9e14-97c355b9c767] [http-nio-8080-exec-1] c.b.web.CustomerStorefrontController - [PROOF][STORE_LIST] store.id=3ce3b1bf-7c55-4fa5-bbe3-f45f8a93c67a tenant=tenantA source=DB
2026-01-19 19:16:13.656 [1;31mERROR[0;39m [726fc710-df70-40ef-9e14-97c355b9c767] [http-nio-8080-exec-1] c.b.web.CustomerStorefrontController - [PROOF][STORE_LIST] store.id=871a0bfe-570b-44ed-b7c4-ef60b2d18cf1 tenant=tenantA source=DB
2026-01-19 19:16:13.656 [1;31mERROR[0;39m [726fc710-df70-40ef-9e14-97c355b9c767] [http-nio-8080-exec-1] c.b.web.CustomerStorefrontController - [PROOF][STORE_LIST] store.id=90e791d5-27d3-4330-b834-48510b7dea41 tenant=tenantA source=DB
2026-01-19 19:16:13.658 [1;31mERROR[0;39m [726fc710-df70-40ef-9e14-97c355b9c767] [http-nio-8080-exec-1] c.b.web.CustomerStorefrontController - [PROOF][STORE_LIST] store.id=aee5f433-686e-45bb-be6b-2160a9267cb2 tenant=tenantA source=DB
2026-01-19 19:16:13.658 [1;31mERROR[0;39m [726fc710-df70-40ef-9e14-97c355b9c767] [http-nio-8080-exec-1] c.b.web.CustomerStorefrontController - [PROOF][STORE_LIST] store.id=ce9a05aa-7780-4da8-a071-1039ff4b1e4f tenant=tenantA source=DB
2026-01-19 19:16:13.663 [34mINFO [0;39m [726fc710-df70-40ef-9e14-97c355b9c767] [http-nio-8080-exec-1] c.b.config.logging.HttpLoggingFilter - GET /api/storefront/stores -> 200 (50 ms)
2026-01-19 19:16:13.663 [34mINFO [0;39m [726fc710-df70-40ef-9e14-97c355b9c767] [http-nio-8080-exec-1] c.b.config.logging.HttpLoggingFilter - Headers: auth=present content-type=application/json accept=*/*
2026-01-19 19:16:13.663 [34mINFO [0;39m [726fc710-df70-40ef-9e14-97c355b9c767] [http-nio-8080-exec-1] c.b.config.logging.HttpLoggingFilter - Response payload: [{"id":"storeA","name":"Alpha Kirana Store","area":"Connaught Place","category":"grocery","ownerId":null,"ownerPhone":"9000000002","products":null,"status":"open","orderingDisabled":false,"closedReason":null,"closedUntil":null,"logo":null,"updatedAt":"2026-01-16T00:06:49Z"},{"id":"33b16e50-5c33-4fc8-b546-8c796895cf49","name":"City Pharmacy","area":"Brigade","category":"pharmacy","ownerId":null,"ownerPhone":null,"products":null,"status":"open","orderingDisabled":false,"closedReason":null,"closedUntil":null,"logo":null,"updatedAt":"2026-01-15T18:57:31.724056Z"},{"id":"63a5a059-9fb3-4f8e-9b44-b1d3ebf7e683","name":"City Pharmacy","area":"Brigade","category":"pharmacy","ownerId":null,"ownerPhone":null,"products":null,"status":"open","orderingDisabled":false,"closedReason":null,"closedUntil":null,"logo":null,"updatedAt":"2026-01-18T20:13:38.663820Z"},{"id":"68a008cd-6b10-4e48-b036-e3d752230378","name":"City Pharmacy","area":"Brigade","category":"pharmacy","ownerId":null,"ownerPhone":null,"products":null,"status":"open","orderingDisabled":false,"closedReason":null,"closedUntil":null,"logo":null,"updatedAt":"2026-01-15T19:03:29.647598Z"},{"id":"7bcf0556-b5ba-4df8-9196-1d24f45488c0","name":"City Pharmacy","area":"Brigade","category":"pharmacy","ownerId":null,"ownerPhone":null,"products":null,"status":"open","orderingDisabled":false,"closedReason":null,"closedUntil":null,"logo":null,"updatedAt":"2026-01-18T20:09:12.421625Z"},{"id":"9a0c37d7-50b9-462e-a551-dcdd782d8a5f","name":"City Pharmacy","area":"Brigade","category":"pharmacy","ownerId":null,"ownerPhone":null,"products":null,"status":"open","orderingDisabled":false,"closedReason":null,"closedUntil":null,"logo":null,"updatedAt":"2026-01-15T19:11:19.048431Z"},{"id":"b585adf9-d1e7-41be-ba0f-179581c84259","name":"City Pharmacy","area":"Brigade","category":"pharmacy","ownerId":null,"ownerPhone":null,"products":null,"status":"open","orderingDisabled":false,"closedReason":null,"closedUntil":null,"logo":null,"updatedAt":"2026-01-15T17:56:53.379793Z"},{"id":"24ab445b-351b-441e-b886-7e6b905c269b","name":"Fresh Mart","area":"MG Road","category":"grocery","ownerId":null,"ownerPhone":null,"products":null,"status":"open","orderingDisabled":false,"closedReason":null,"closedUntil":null,"logo":null,"updatedAt":"2026-01-15T19:11:18.918553Z"},{"id":"3ce3b1bf-7c55-4fa5-bbe3-f45f8a93c67a","name":"Fresh Mart","area":"MG Road","category":"grocery","ownerId":null,"ownerPhone":null,"products":null,"status":"open","orderingDisabled":false,"closedReason":null,"closedUntil":null,"logo":null,"updatedAt":"2026-01-15T17:56:53.251484Z"},{"id":"871a0bfe-570b-44ed-b7c4-ef60b2d18cf1","name":"Fresh Mart","area":"MG Road","category":"grocery","ownerId":null,"ownerPhone":null,"products":null,"status":"open","orderingDisabled":false,"closedReason":null,"closedUntil":null,"logo":null,"updatedAt":"2026-01-15T19:03:29.540557Z"},{"id":"90e791d5-27d3-4330-b834-48510b7dea41","name":"Fresh Mart","area":"MG Road","category":"grocery","ownerId":null,"ownerPhone":null,"products":null,"status":"open","orderingDisabled":false,"closedReason":null,"closedUntil":null,"logo":null,"updatedAt":"2026-01-18T20:09:12.272954Z"},{"id":"aee5f433-686e-45bb-be6b-2160a9267cb2","name":"Fresh Mart","area":"MG Road","category":"grocery","ownerId":null,"ownerPhone":null,"products":null,"status":"open","orderingDisabled":false,"closedReason":null,"closedUntil":null,"logo":null,"updatedAt":"2026-01-18T20:13:38.568416Z"},{"id":"ce9a05aa-7780-4da8-a071-1039ff4b1e4f","name":"Fresh Mart","area":"MG Road","category":"grocery","ownerId":null,"ownerPhone":null,"products":null,"status":"open","orderingDisabled":false,"closedReason":null,"closedUntil":null,"logo":null,"updatedAt":"2026-01-15T18:57:31.588523Z"}]
2026-01-19 19:16:13.705 [34mINFO [0;39m [6909d5d0-b78e-4189-8ff8-83d36528eb73] [http-nio-8080-exec-7] c.b.config.TenantInterceptor - tenant-context: tenant=tenantA method=GET path=/api/storefront/categories
2026-01-19 19:16:13.707 [34mINFO [0;39m [4c9ffe58-489c-4669-942f-e034de16f0c2] [http-nio-8080-exec-6] c.b.config.TenantInterceptor - tenant-context: tenant=tenantA method=GET path=/api/storefront/stores
2026-01-19 19:16:13.709 [34mINFO [0;39m [6909d5d0-b78e-4189-8ff8-83d36528eb73] [http-nio-8080-exec-7] c.b.web.CustomerStorefrontController - Customer storefront: list categories tenant=tenantA userId=e3e7d01b-88f2-420d-b460-5bbd89bb9944
2026-01-19 19:16:13.725 [34mINFO [0;39m [6909d5d0-b78e-4189-8ff8-83d36528eb73] [http-nio-8080-exec-7] c.b.config.logging.HttpLoggingFilter - GET /api/storefront/categories -> 200 (20 ms)
2026-01-19 19:16:13.727 [34mINFO [0;39m [6909d5d0-b78e-4189-8ff8-83d36528eb73] [http-nio-8080-exec-7] c.b.config.logging.HttpLoggingFilter - Headers: auth=present content-type=application/json accept=*/*
2026-01-19 19:16:13.727 [34mINFO [0;39m [6909d5d0-b78e-4189-8ff8-83d36528eb73] [http-nio-8080-exec-7] c.b.config.logging.HttpLoggingFilter - Response payload: ["dairy","fruits","grocery","medicine"]
2026-01-19 19:16:13.749 [34mINFO [0;39m [4c9ffe58-489c-4669-942f-e034de16f0c2] [http-nio-8080-exec-6] c.b.web.CustomerStorefrontController - Customer storefront: list stores tenant=tenantA userId=e3e7d01b-88f2-420d-b460-5bbd89bb9944 search=null category=null
2026-01-19 19:16:13.770 [34mINFO [0;39m [4c9ffe58-489c-4669-942f-e034de16f0c2] [http-nio-8080-exec-6] c.b.logging.RepositoryLoggingAspect - [REPO_CALL] table=stores tenant=tenantA ids=[24ab445b-351b-441e-b886-7e6b905c269b, 33b16e50-5c33-4fc8-b546-8c796895cf49, 3ce3b1bf-7c55-4fa5-bbe3-f45f8a93c67a, 63a5a059-9fb3-4f8e-9b44-b1d3ebf7e683, 68a008cd-6b10-4e48-b036-e3d752230378, 7bcf0556-b5ba-4df8-9196-1d24f45488c0, 871a0bfe-570b-44ed-b7c4-ef60b2d18cf1, 90e791d5-27d3-4330-b834-48510b7dea41, 9a0c37d7-50b9-462e-a551-dcdd782d8a5f, aee5f433-686e-45bb-be6b-2160a9267cb2, b585adf9-d1e7-41be-ba0f-179581c84259, ce9a05aa-7780-4da8-a071-1039ff4b1e4f, storeA]
2026-01-19 19:16:13.772 [1;31mERROR[0;39m [4c9ffe58-489c-4669-942f-e034de16f0c2] [http-nio-8080-exec-6] com.bharatshop.service.StoreService - [PROOF][STORE_REPO] store.id=24ab445b-351b-441e-b886-7e6b905c269b source=DB
2026-01-19 19:16:13.773 [1;31mERROR[0;39m [4c9ffe58-489c-4669-942f-e034de16f0c2] [http-nio-8080-exec-6] com.bharatshop.service.StoreService - [PROOF][STORE_REPO] store.id=33b16e50-5c33-4fc8-b546-8c796895cf49 source=DB
2026-01-19 19:16:13.773 [1;31mERROR[0;39m [4c9ffe58-489c-4669-942f-e034de16f0c2] [http-nio-8080-exec-6] com.bharatshop.service.StoreService - [PROOF][STORE_REPO] store.id=3ce3b1bf-7c55-4fa5-bbe3-f45f8a93c67a source=DB
2026-01-19 19:16:13.773 [1;31mERROR[0;39m [4c9ffe58-489c-4669-942f-e034de16f0c2] [http-nio-8080-exec-6] com.bharatshop.service.StoreService - [PROOF][STORE_REPO] store.id=63a5a059-9fb3-4f8e-9b44-b1d3ebf7e683 source=DB
2026-01-19 19:16:13.773 [1;31mERROR[0;39m [4c9ffe58-489c-4669-942f-e034de16f0c2] [http-nio-8080-exec-6] com.bharatshop.service.StoreService - [PROOF][STORE_REPO] store.id=68a008cd-6b10-4e48-b036-e3d752230378 source=DB
2026-01-19 19:16:13.773 [1;31mERROR[0;39m [4c9ffe58-489c-4669-942f-e034de16f0c2] [http-nio-8080-exec-6] com.bharatshop.service.StoreService - [PROOF][STORE_REPO] store.id=7bcf0556-b5ba-4df8-9196-1d24f45488c0 source=DB
2026-01-19 19:16:13.773 [1;31mERROR[0;39m [4c9ffe58-489c-4669-942f-e034de16f0c2] [http-nio-8080-exec-6] com.bharatshop.service.StoreService - [PROOF][STORE_REPO] store.id=871a0bfe-570b-44ed-b7c4-ef60b2d18cf1 source=DB
2026-01-19 19:16:13.775 [1;31mERROR[0;39m [4c9ffe58-489c-4669-942f-e034de16f0c2] [http-nio-8080-exec-6] com.bharatshop.service.StoreService - [PROOF][STORE_REPO] store.id=90e791d5-27d3-4330-b834-48510b7dea41 source=DB
2026-01-19 19:16:13.775 [1;31mERROR[0;39m [4c9ffe58-489c-4669-942f-e034de16f0c2] [http-nio-8080-exec-6] com.bharatshop.service.StoreService - [PROOF][STORE_REPO] store.id=9a0c37d7-50b9-462e-a551-dcdd782d8a5f source=DB
2026-01-19 19:16:13.775 [1;31mERROR[0;39m [4c9ffe58-489c-4669-942f-e034de16f0c2] [http-nio-8080-exec-6] com.bharatshop.service.StoreService - [PROOF][STORE_REPO] store.id=aee5f433-686e-45bb-be6b-2160a9267cb2 source=DB
2026-01-19 19:16:13.775 [1;31mERROR[0;39m [4c9ffe58-489c-4669-942f-e034de16f0c2] [http-nio-8080-exec-6] com.bharatshop.service.StoreService - [PROOF][STORE_REPO] store.id=b585adf9-d1e7-41be-ba0f-179581c84259 source=DB
2026-01-19 19:16:13.775 [1;31mERROR[0;39m [4c9ffe58-489c-4669-942f-e034de16f0c2] [http-nio-8080-exec-6] com.bharatshop.service.StoreService - [PROOF][STORE_REPO] store.id=ce9a05aa-7780-4da8-a071-1039ff4b1e4f source=DB
2026-01-19 19:16:13.775 [1;31mERROR[0;39m [4c9ffe58-489c-4669-942f-e034de16f0c2] [http-nio-8080-exec-6] com.bharatshop.service.StoreService - [PROOF][STORE_REPO] store.id=storeA source=DB
2026-01-19 19:16:13.775 [1;31mERROR[0;39m [4c9ffe58-489c-4669-942f-e034de16f0c2] [http-nio-8080-exec-6] com.bharatshop.service.StoreService - [PROOF][STORE_MAP] entity.id=24ab445b-351b-441e-b886-7e6b905c269b mapped.id=24ab445b-351b-441e-b886-7e6b905c269b
2026-01-19 19:16:13.777 [1;31mERROR[0;39m [4c9ffe58-489c-4669-942f-e034de16f0c2] [http-nio-8080-exec-6] com.bharatshop.service.StoreService - [PROOF][STORE_MAP] entity.id=33b16e50-5c33-4fc8-b546-8c796895cf49 mapped.id=33b16e50-5c33-4fc8-b546-8c796895cf49
2026-01-19 19:16:13.779 [1;31mERROR[0;39m [4c9ffe58-489c-4669-942f-e034de16f0c2] [http-nio-8080-exec-6] com.bharatshop.service.StoreService - [PROOF][STORE_MAP] entity.id=3ce3b1bf-7c55-4fa5-bbe3-f45f8a93c67a mapped.id=3ce3b1bf-7c55-4fa5-bbe3-f45f8a93c67a
2026-01-19 19:16:13.779 [1;31mERROR[0;39m [4c9ffe58-489c-4669-942f-e034de16f0c2] [http-nio-8080-exec-6] com.bharatshop.service.StoreService - [PROOF][STORE_MAP] entity.id=63a5a059-9fb3-4f8e-9b44-b1d3ebf7e683 mapped.id=63a5a059-9fb3-4f8e-9b44-b1d3ebf7e683
2026-01-19 19:16:13.779 [1;31mERROR[0;39m [4c9ffe58-489c-4669-942f-e034de16f0c2] [http-nio-8080-exec-6] com.bharatshop.service.StoreService - [PROOF][STORE_MAP] entity.id=68a008cd-6b10-4e48-b036-e3d752230378 mapped.id=68a008cd-6b10-4e48-b036-e3d752230378
2026-01-19 19:16:13.779 [1;31mERROR[0;39m [4c9ffe58-489c-4669-942f-e034de16f0c2] [http-nio-8080-exec-6] com.bharatshop.service.StoreService - [PROOF][STORE_MAP] entity.id=7bcf0556-b5ba-4df8-9196-1d24f45488c0 mapped.id=7bcf0556-b5ba-4df8-9196-1d24f45488c0
2026-01-19 19:16:13.781 [1;31mERROR[0;39m [4c9ffe58-489c-4669-942f-e034de16f0c2] [http-nio-8080-exec-6] com.bharatshop.service.StoreService - [PROOF][STORE_MAP] entity.id=871a0bfe-570b-44ed-b7c4-ef60b2d18cf1 mapped.id=871a0bfe-570b-44ed-b7c4-ef60b2d18cf1
2026-01-19 19:16:13.781 [1;31mERROR[0;39m [4c9ffe58-489c-4669-942f-e034de16f0c2] [http-nio-8080-exec-6] com.bharatshop.service.StoreService - [PROOF][STORE_MAP] entity.id=90e791d5-27d3-4330-b834-48510b7dea41 mapped.id=90e791d5-27d3-4330-b834-48510b7dea41
2026-01-19 19:16:13.781 [1;31mERROR[0;39m [4c9ffe58-489c-4669-942f-e034de16f0c2] [http-nio-8080-exec-6] com.bharatshop.service.StoreService - [PROOF][STORE_MAP] entity.id=9a0c37d7-50b9-462e-a551-dcdd782d8a5f mapped.id=9a0c37d7-50b9-462e-a551-dcdd782d8a5f
2026-01-19 19:16:13.781 [1;31mERROR[0;39m [4c9ffe58-489c-4669-942f-e034de16f0c2] [http-nio-8080-exec-6] com.bharatshop.service.StoreService - [PROOF][STORE_MAP] entity.id=aee5f433-686e-45bb-be6b-2160a9267cb2 mapped.id=aee5f433-686e-45bb-be6b-2160a9267cb2
2026-01-19 19:16:13.781 [1;31mERROR[0;39m [4c9ffe58-489c-4669-942f-e034de16f0c2] [http-nio-8080-exec-6] com.bharatshop.service.StoreService - [PROOF][STORE_MAP] entity.id=b585adf9-d1e7-41be-ba0f-179581c84259 mapped.id=b585adf9-d1e7-41be-ba0f-179581c84259
2026-01-19 19:16:13.781 [1;31mERROR[0;39m [4c9ffe58-489c-4669-942f-e034de16f0c2] [http-nio-8080-exec-6] com.bharatshop.service.StoreService - [PROOF][STORE_MAP] entity.id=ce9a05aa-7780-4da8-a071-1039ff4b1e4f mapped.id=ce9a05aa-7780-4da8-a071-1039ff4b1e4f
2026-01-19 19:16:13.781 [1;31mERROR[0;39m [4c9ffe58-489c-4669-942f-e034de16f0c2] [http-nio-8080-exec-6] com.bharatshop.service.StoreService - [PROOF][STORE_MAP] entity.id=storeA mapped.id=storeA
2026-01-19 19:16:13.783 [1;31mERROR[0;39m [4c9ffe58-489c-4669-942f-e034de16f0c2] [http-nio-8080-exec-6] c.b.web.CustomerStorefrontController - [PROOF][STORE_LIST] store.id=storeA tenant=tenantA source=DB
2026-01-19 19:16:13.783 [1;31mERROR[0;39m [4c9ffe58-489c-4669-942f-e034de16f0c2] [http-nio-8080-exec-6] c.b.web.CustomerStorefrontController - [PROOF][STORE_LIST] store.id=33b16e50-5c33-4fc8-b546-8c796895cf49 tenant=tenantA source=DB
2026-01-19 19:16:13.783 [1;31mERROR[0;39m [4c9ffe58-489c-4669-942f-e034de16f0c2] [http-nio-8080-exec-6] c.b.web.CustomerStorefrontController - [PROOF][STORE_LIST] store.id=63a5a059-9fb3-4f8e-9b44-b1d3ebf7e683 tenant=tenantA source=DB
2026-01-19 19:16:13.783 [1;31mERROR[0;39m [4c9ffe58-489c-4669-942f-e034de16f0c2] [http-nio-8080-exec-6] c.b.web.CustomerStorefrontController - [PROOF][STORE_LIST] store.id=68a008cd-6b10-4e48-b036-e3d752230378 tenant=tenantA source=DB
2026-01-19 19:16:13.783 [1;31mERROR[0;39m [4c9ffe58-489c-4669-942f-e034de16f0c2] [http-nio-8080-exec-6] c.b.web.CustomerStorefrontController - [PROOF][STORE_LIST] store.id=7bcf0556-b5ba-4df8-9196-1d24f45488c0 tenant=tenantA source=DB
2026-01-19 19:16:13.783 [1;31mERROR[0;39m [4c9ffe58-489c-4669-942f-e034de16f0c2] [http-nio-8080-exec-6] c.b.web.CustomerStorefrontController - [PROOF][STORE_LIST] store.id=9a0c37d7-50b9-462e-a551-dcdd782d8a5f tenant=tenantA source=DB
2026-01-19 19:16:13.783 [1;31mERROR[0;39m [4c9ffe58-489c-4669-942f-e034de16f0c2] [http-nio-8080-exec-6] c.b.web.CustomerStorefrontController - [PROOF][STORE_LIST] store.id=b585adf9-d1e7-41be-ba0f-179581c84259 tenant=tenantA source=DB
2026-01-19 19:16:13.783 [1;31mERROR[0;39m [4c9ffe58-489c-4669-942f-e034de16f0c2] [http-nio-8080-exec-6] c.b.web.CustomerStorefrontController - [PROOF][STORE_LIST] store.id=24ab445b-351b-441e-b886-7e6b905c269b tenant=tenantA source=DB
2026-01-19 19:16:13.783 [1;31mERROR[0;39m [4c9ffe58-489c-4669-942f-e034de16f0c2] [http-nio-8080-exec-6] c.b.web.CustomerStorefrontController - [PROOF][STORE_LIST] store.id=3ce3b1bf-7c55-4fa5-bbe3-f45f8a93c67a tenant=tenantA source=DB
2026-01-19 19:16:13.786 [1;31mERROR[0;39m [4c9ffe58-489c-4669-942f-e034de16f0c2] [http-nio-8080-exec-6] c.b.web.CustomerStorefrontController - [PROOF][STORE_LIST] store.id=871a0bfe-570b-44ed-b7c4-ef60b2d18cf1 tenant=tenantA source=DB
2026-01-19 19:16:13.786 [1;31mERROR[0;39m [4c9ffe58-489c-4669-942f-e034de16f0c2] [http-nio-8080-exec-6] c.b.web.CustomerStorefrontController - [PROOF][STORE_LIST] store.id=90e791d5-27d3-4330-b834-48510b7dea41 tenant=tenantA source=DB
2026-01-19 19:16:13.786 [1;31mERROR[0;39m [4c9ffe58-489c-4669-942f-e034de16f0c2] [http-nio-8080-exec-6] c.b.web.CustomerStorefrontController - [PROOF][STORE_LIST] store.id=aee5f433-686e-45bb-be6b-2160a9267cb2 tenant=tenantA source=DB
2026-01-19 19:16:13.786 [1;31mERROR[0;39m [4c9ffe58-489c-4669-942f-e034de16f0c2] [http-nio-8080-exec-6] c.b.web.CustomerStorefrontController - [PROOF][STORE_LIST] store.id=ce9a05aa-7780-4da8-a071-1039ff4b1e4f tenant=tenantA source=DB
2026-01-19 19:16:13.792 [34mINFO [0;39m [4c9ffe58-489c-4669-942f-e034de16f0c2] [http-nio-8080-exec-6] c.b.config.logging.HttpLoggingFilter - GET /api/storefront/stores -> 200 (85 ms)
2026-01-19 19:16:13.792 [34mINFO [0;39m [4c9ffe58-489c-4669-942f-e034de16f0c2] [http-nio-8080-exec-6] c.b.config.logging.HttpLoggingFilter - Headers: auth=present content-type=application/json accept=*/*
2026-01-19 19:16:13.792 [34mINFO [0;39m [4c9ffe58-489c-4669-942f-e034de16f0c2] [http-nio-8080-exec-6] c.b.config.logging.HttpLoggingFilter - Response payload: [{"id":"storeA","name":"Alpha Kirana Store","area":"Connaught Place","category":"grocery","ownerId":null,"ownerPhone":"9000000002","products":null,"status":"open","orderingDisabled":false,"closedReason":null,"closedUntil":null,"logo":null,"updatedAt":"2026-01-16T00:06:49Z"},{"id":"33b16e50-5c33-4fc8-b546-8c796895cf49","name":"City Pharmacy","area":"Brigade","category":"pharmacy","ownerId":null,"ownerPhone":null,"products":null,"status":"open","orderingDisabled":false,"closedReason":null,"closedUntil":null,"logo":null,"updatedAt":"2026-01-15T18:57:31.724056Z"},{"id":"63a5a059-9fb3-4f8e-9b44-b1d3ebf7e683","name":"City Pharmacy","area":"Brigade","category":"pharmacy","ownerId":null,"ownerPhone":null,"products":null,"status":"open","orderingDisabled":false,"closedReason":null,"closedUntil":null,"logo":null,"updatedAt":"2026-01-18T20:13:38.663820Z"},{"id":"68a008cd-6b10-4e48-b036-e3d752230378","name":"City Pharmacy","area":"Brigade","category":"pharmacy","ownerId":null,"ownerPhone":null,"products":null,"status":"open","orderingDisabled":false,"closedReason":null,"closedUntil":null,"logo":null,"updatedAt":"2026-01-15T19:03:29.647598Z"},{"id":"7bcf0556-b5ba-4df8-9196-1d24f45488c0","name":"City Pharmacy","area":"Brigade","category":"pharmacy","ownerId":null,"ownerPhone":null,"products":null,"status":"open","orderingDisabled":false,"closedReason":null,"closedUntil":null,"logo":null,"updatedAt":"2026-01-18T20:09:12.421625Z"},{"id":"9a0c37d7-50b9-462e-a551-dcdd782d8a5f","name":"City Pharmacy","area":"Brigade","category":"pharmacy","ownerId":null,"ownerPhone":null,"products":null,"status":"open","orderingDisabled":false,"closedReason":null,"closedUntil":null,"logo":null,"updatedAt":"2026-01-15T19:11:19.048431Z"},{"id":"b585adf9-d1e7-41be-ba0f-179581c84259","name":"City Pharmacy","area":"Brigade","category":"pharmacy","ownerId":null,"ownerPhone":null,"products":null,"status":"open","orderingDisabled":false,"closedReason":null,"closedUntil":null,"logo":null,"updatedAt":"2026-01-15T17:56:53.379793Z"},{"id":"24ab445b-351b-441e-b886-7e6b905c269b","name":"Fresh Mart","area":"MG Road","category":"grocery","ownerId":null,"ownerPhone":null,"products":null,"status":"open","orderingDisabled":false,"closedReason":null,"closedUntil":null,"logo":null,"updatedAt":"2026-01-15T19:11:18.918553Z"},{"id":"3ce3b1bf-7c55-4fa5-bbe3-f45f8a93c67a","name":"Fresh Mart","area":"MG Road","category":"grocery","ownerId":null,"ownerPhone":null,"products":null,"status":"open","orderingDisabled":false,"closedReason":null,"closedUntil":null,"logo":null,"updatedAt":"2026-01-15T17:56:53.251484Z"},{"id":"871a0bfe-570b-44ed-b7c4-ef60b2d18cf1","name":"Fresh Mart","area":"MG Road","category":"grocery","ownerId":null,"ownerPhone":null,"products":null,"status":"open","orderingDisabled":false,"closedReason":null,"closedUntil":null,"logo":null,"updatedAt":"2026-01-15T19:03:29.540557Z"},{"id":"90e791d5-27d3-4330-b834-48510b7dea41","name":"Fresh Mart","area":"MG Road","category":"grocery","ownerId":null,"ownerPhone":null,"products":null,"status":"open","orderingDisabled":false,"closedReason":null,"closedUntil":null,"logo":null,"updatedAt":"2026-01-18T20:09:12.272954Z"},{"id":"aee5f433-686e-45bb-be6b-2160a9267cb2","name":"Fresh Mart","area":"MG Road","category":"grocery","ownerId":null,"ownerPhone":null,"products":null,"status":"open","orderingDisabled":false,"closedReason":null,"closedUntil":null,"logo":null,"updatedAt":"2026-01-18T20:13:38.568416Z"},{"id":"ce9a05aa-7780-4da8-a071-1039ff4b1e4f","name":"Fresh Mart","area":"MG Road","category":"grocery","ownerId":null,"ownerPhone":null,"products":null,"status":"open","orderingDisabled":false,"closedReason":null,"closedUntil":null,"logo":null,"updatedAt":"2026-01-15T18:57:31.588523Z"}]
2026-01-19 19:16:13.828 [34mINFO [0;39m [bc0f3e90-373d-4677-8ac0-cc0e320a1012] [http-nio-8080-exec-5] c.b.config.TenantInterceptor - tenant-context: tenant=tenantA method=GET path=/api/storefront/categories
2026-01-19 19:16:13.832 [34mINFO [0;39m [bc0f3e90-373d-4677-8ac0-cc0e320a1012] [http-nio-8080-exec-5] c.b.web.CustomerStorefrontController - Customer storefront: list categories tenant=tenantA userId=e3e7d01b-88f2-420d-b460-5bbd89bb9944
2026-01-19 19:16:13.840 [34mINFO [0;39m [bc0f3e90-373d-4677-8ac0-cc0e320a1012] [http-nio-8080-exec-5] c.b.config.logging.HttpLoggingFilter - GET /api/storefront/categories -> 200 (12 ms)
2026-01-19 19:16:13.846 [34mINFO [0;39m [bc0f3e90-373d-4677-8ac0-cc0e320a1012] [http-nio-8080-exec-5] c.b.config.logging.HttpLoggingFilter - Headers: auth=present content-type=application/json accept=*/*
2026-01-19 19:16:13.846 [34mINFO [0;39m [bc0f3e90-373d-4677-8ac0-cc0e320a1012] [http-nio-8080-exec-5] c.b.config.logging.HttpLoggingFilter - Response payload: ["dairy","fruits","grocery","medicine"]
2026-01-19 19:16:16.412 [34mINFO [0;39m [d6f2eb73-99f0-425c-8e48-999c5c4d34df] [http-nio-8080-exec-8] c.b.config.TenantInterceptor - tenant-context: tenant=tenantA method=GET path=/api/orders
2026-01-19 19:16:16.412 [34mINFO [0;39m [d6f2eb73-99f0-425c-8e48-999c5c4d34df] [http-nio-8080-exec-8] c.bharatshop.web.OrdersApiController - List orders (canonical): tenant=tenantA userId=e3e7d01b-88f2-420d-b460-5bbd89bb9944
2026-01-19 19:16:16.426 [34mINFO [0;39m [d6f2eb73-99f0-425c-8e48-999c5c4d34df] [http-nio-8080-exec-8] c.bharatshop.web.OrdersApiController - Orders fetched: count=1
2026-01-19 19:16:16.431 [1;31mERROR[0;39m [d6f2eb73-99f0-425c-8e48-999c5c4d34df] [http-nio-8080-exec-8] com.bharatshop.service.StoreService - [PROOF][STORE_MAP] entity.id=storeA mapped.id=storeA
2026-01-19 19:16:16.435 [34mINFO [0;39m [d6f2eb73-99f0-425c-8e48-999c5c4d34df] [http-nio-8080-exec-8] c.b.config.logging.HttpLoggingFilter - GET /api/orders -> 200 (23 ms)
2026-01-19 19:16:16.435 [34mINFO [0;39m [d6f2eb73-99f0-425c-8e48-999c5c4d34df] [http-nio-8080-exec-8] c.b.config.logging.HttpLoggingFilter - Headers: auth=present content-type=application/json accept=*/*
2026-01-19 19:16:16.438 [34mINFO [0;39m [d6f2eb73-99f0-425c-8e48-999c5c4d34df] [http-nio-8080-exec-8] c.b.config.logging.HttpLoggingFilter - Response payload: [{"createdAt":"2026-01-19T13:26:58.949200Z","total":55.0,"id":"ff1ad22e-8a96-4821-9147-4e821e679438","store":{"name":"Alpha Kirana Store","id":"storeA"},"items":[{"quantity":1,"productId":"prodA1","name":"Aata 1kg"}],"status":"cancelled"}]
2026-01-19 19:16:16.452 [34mINFO [0;39m [92b39984-1563-4411-8c0f-0b162fad6b24] [http-nio-8080-exec-10] c.b.config.TenantInterceptor - tenant-context: tenant=tenantA method=GET path=/api/orders
2026-01-19 19:16:16.454 [34mINFO [0;39m [92b39984-1563-4411-8c0f-0b162fad6b24] [http-nio-8080-exec-10] c.bharatshop.web.OrdersApiController - List orders (canonical): tenant=tenantA userId=e3e7d01b-88f2-420d-b460-5bbd89bb9944
2026-01-19 19:16:16.467 [34mINFO [0;39m [92b39984-1563-4411-8c0f-0b162fad6b24] [http-nio-8080-exec-10] c.bharatshop.web.OrdersApiController - Orders fetched: count=1
2026-01-19 19:16:16.472 [1;31mERROR[0;39m [92b39984-1563-4411-8c0f-0b162fad6b24] [http-nio-8080-exec-10] com.bharatshop.service.StoreService - [PROOF][STORE_MAP] entity.id=storeA mapped.id=storeA
2026-01-19 19:16:16.474 [34mINFO [0;39m [92b39984-1563-4411-8c0f-0b162fad6b24] [http-nio-8080-exec-10] c.b.config.logging.HttpLoggingFilter - GET /api/orders -> 200 (22 ms)
2026-01-19 19:16:16.474 [34mINFO [0;39m [92b39984-1563-4411-8c0f-0b162fad6b24] [http-nio-8080-exec-10] c.b.config.logging.HttpLoggingFilter - Headers: auth=present content-type=application/json accept=*/*
2026-01-19 19:16:16.474 [34mINFO [0;39m [92b39984-1563-4411-8c0f-0b162fad6b24] [http-nio-8080-exec-10] c.b.config.logging.HttpLoggingFilter - Response payload: [{"createdAt":"2026-01-19T13:26:58.949200Z","total":55.0,"id":"ff1ad22e-8a96-4821-9147-4e821e679438","store":{"name":"Alpha Kirana Store","id":"storeA"},"items":[{"quantity":1,"productId":"prodA1","name":"Aata 1kg"}],"status":"cancelled"}]
2026-01-19 19:16:25.431 [34mINFO [0;39m [08cabe12-ef2b-4df8-b3a0-cec9c729f8f2] [http-nio-8080-exec-9] c.b.config.TenantInterceptor - tenant-context: tenant=tenantA method=GET path=/api/storefront/stores
2026-01-19 19:16:25.433 [34mINFO [0;39m [08cabe12-ef2b-4df8-b3a0-cec9c729f8f2] [http-nio-8080-exec-9] c.b.web.CustomerStorefrontController - Customer storefront: list stores tenant=tenantA userId=e3e7d01b-88f2-420d-b460-5bbd89bb9944 search=null category=null
2026-01-19 19:16:25.445 [34mINFO [0;39m [08cabe12-ef2b-4df8-b3a0-cec9c729f8f2] [http-nio-8080-exec-9] c.b.logging.RepositoryLoggingAspect - [REPO_CALL] table=stores tenant=tenantA ids=[24ab445b-351b-441e-b886-7e6b905c269b, 33b16e50-5c33-4fc8-b546-8c796895cf49, 3ce3b1bf-7c55-4fa5-bbe3-f45f8a93c67a, 63a5a059-9fb3-4f8e-9b44-b1d3ebf7e683, 68a008cd-6b10-4e48-b036-e3d752230378, 7bcf0556-b5ba-4df8-9196-1d24f45488c0, 871a0bfe-570b-44ed-b7c4-ef60b2d18cf1, 90e791d5-27d3-4330-b834-48510b7dea41, 9a0c37d7-50b9-462e-a551-dcdd782d8a5f, aee5f433-686e-45bb-be6b-2160a9267cb2, b585adf9-d1e7-41be-ba0f-179581c84259, ce9a05aa-7780-4da8-a071-1039ff4b1e4f, storeA]
2026-01-19 19:16:25.445 [1;31mERROR[0;39m [08cabe12-ef2b-4df8-b3a0-cec9c729f8f2] [http-nio-8080-exec-9] com.bharatshop.service.StoreService - [PROOF][STORE_REPO] store.id=24ab445b-351b-441e-b886-7e6b905c269b source=DB
2026-01-19 19:16:25.445 [1;31mERROR[0;39m [08cabe12-ef2b-4df8-b3a0-cec9c729f8f2] [http-nio-8080-exec-9] com.bharatshop.service.StoreService - [PROOF][STORE_REPO] store.id=33b16e50-5c33-4fc8-b546-8c796895cf49 source=DB
2026-01-19 19:16:25.448 [1;31mERROR[0;39m [08cabe12-ef2b-4df8-b3a0-cec9c729f8f2] [http-nio-8080-exec-9] com.bharatshop.service.StoreService - [PROOF][STORE_REPO] store.id=3ce3b1bf-7c55-4fa5-bbe3-f45f8a93c67a source=DB
2026-01-19 19:16:25.448 [1;31mERROR[0;39m [08cabe12-ef2b-4df8-b3a0-cec9c729f8f2] [http-nio-8080-exec-9] com.bharatshop.service.StoreService - [PROOF][STORE_REPO] store.id=63a5a059-9fb3-4f8e-9b44-b1d3ebf7e683 source=DB
2026-01-19 19:16:25.448 [1;31mERROR[0;39m [08cabe12-ef2b-4df8-b3a0-cec9c729f8f2] [http-nio-8080-exec-9] com.bharatshop.service.StoreService - [PROOF][STORE_REPO] store.id=68a008cd-6b10-4e48-b036-e3d752230378 source=DB
2026-01-19 19:16:25.448 [1;31mERROR[0;39m [08cabe12-ef2b-4df8-b3a0-cec9c729f8f2] [http-nio-8080-exec-9] com.bharatshop.service.StoreService - [PROOF][STORE_REPO] store.id=7bcf0556-b5ba-4df8-9196-1d24f45488c0 source=DB
2026-01-19 19:16:25.449 [1;31mERROR[0;39m [08cabe12-ef2b-4df8-b3a0-cec9c729f8f2] [http-nio-8080-exec-9] com.bharatshop.service.StoreService - [PROOF][STORE_REPO] store.id=871a0bfe-570b-44ed-b7c4-ef60b2d18cf1 source=DB
2026-01-19 19:16:25.449 [1;31mERROR[0;39m [08cabe12-ef2b-4df8-b3a0-cec9c729f8f2] [http-nio-8080-exec-9] com.bharatshop.service.StoreService - [PROOF][STORE_REPO] store.id=90e791d5-27d3-4330-b834-48510b7dea41 source=DB
2026-01-19 19:16:25.451 [1;31mERROR[0;39m [08cabe12-ef2b-4df8-b3a0-cec9c729f8f2] [http-nio-8080-exec-9] com.bharatshop.service.StoreService - [PROOF][STORE_REPO] store.id=9a0c37d7-50b9-462e-a551-dcdd782d8a5f source=DB
2026-01-19 19:16:25.451 [1;31mERROR[0;39m [08cabe12-ef2b-4df8-b3a0-cec9c729f8f2] [http-nio-8080-exec-9] com.bharatshop.service.StoreService - [PROOF][STORE_REPO] store.id=aee5f433-686e-45bb-be6b-2160a9267cb2 source=DB
2026-01-19 19:16:25.451 [1;31mERROR[0;39m [08cabe12-ef2b-4df8-b3a0-cec9c729f8f2] [http-nio-8080-exec-9] com.bharatshop.service.StoreService - [PROOF][STORE_REPO] store.id=b585adf9-d1e7-41be-ba0f-179581c84259 source=DB
2026-01-19 19:16:25.451 [1;31mERROR[0;39m [08cabe12-ef2b-4df8-b3a0-cec9c729f8f2] [http-nio-8080-exec-9] com.bharatshop.service.StoreService - [PROOF][STORE_REPO] store.id=ce9a05aa-7780-4da8-a071-1039ff4b1e4f source=DB
2026-01-19 19:16:25.453 [1;31mERROR[0;39m [08cabe12-ef2b-4df8-b3a0-cec9c729f8f2] [http-nio-8080-exec-9] com.bharatshop.service.StoreService - [PROOF][STORE_REPO] store.id=storeA source=DB
2026-01-19 19:16:25.453 [1;31mERROR[0;39m [08cabe12-ef2b-4df8-b3a0-cec9c729f8f2] [http-nio-8080-exec-9] com.bharatshop.service.StoreService - [PROOF][STORE_MAP] entity.id=24ab445b-351b-441e-b886-7e6b905c269b mapped.id=24ab445b-351b-441e-b886-7e6b905c269b
2026-01-19 19:16:25.453 [1;31mERROR[0;39m [08cabe12-ef2b-4df8-b3a0-cec9c729f8f2] [http-nio-8080-exec-9] com.bharatshop.service.StoreService - [PROOF][STORE_MAP] entity.id=33b16e50-5c33-4fc8-b546-8c796895cf49 mapped.id=33b16e50-5c33-4fc8-b546-8c796895cf49
2026-01-19 19:16:25.453 [1;31mERROR[0;39m [08cabe12-ef2b-4df8-b3a0-cec9c729f8f2] [http-nio-8080-exec-9] com.bharatshop.service.StoreService - [PROOF][STORE_MAP] entity.id=3ce3b1bf-7c55-4fa5-bbe3-f45f8a93c67a mapped.id=3ce3b1bf-7c55-4fa5-bbe3-f45f8a93c67a
2026-01-19 19:16:25.453 [1;31mERROR[0;39m [08cabe12-ef2b-4df8-b3a0-cec9c729f8f2] [http-nio-8080-exec-9] com.bharatshop.service.StoreService - [PROOF][STORE_MAP] entity.id=63a5a059-9fb3-4f8e-9b44-b1d3ebf7e683 mapped.id=63a5a059-9fb3-4f8e-9b44-b1d3ebf7e683
2026-01-19 19:16:25.456 [1;31mERROR[0;39m [08cabe12-ef2b-4df8-b3a0-cec9c729f8f2] [http-nio-8080-exec-9] com.bharatshop.service.StoreService - [PROOF][STORE_MAP] entity.id=68a008cd-6b10-4e48-b036-e3d752230378 mapped.id=68a008cd-6b10-4e48-b036-e3d752230378
2026-01-19 19:16:25.456 [1;31mERROR[0;39m [08cabe12-ef2b-4df8-b3a0-cec9c729f8f2] [http-nio-8080-exec-9] com.bharatshop.service.StoreService - [PROOF][STORE_MAP] entity.id=7bcf0556-b5ba-4df8-9196-1d24f45488c0 mapped.id=7bcf0556-b5ba-4df8-9196-1d24f45488c0
2026-01-19 19:16:25.456 [1;31mERROR[0;39m [08cabe12-ef2b-4df8-b3a0-cec9c729f8f2] [http-nio-8080-exec-9] com.bharatshop.service.StoreService - [PROOF][STORE_MAP] entity.id=871a0bfe-570b-44ed-b7c4-ef60b2d18cf1 mapped.id=871a0bfe-570b-44ed-b7c4-ef60b2d18cf1
2026-01-19 19:16:25.456 [1;31mERROR[0;39m [08cabe12-ef2b-4df8-b3a0-cec9c729f8f2] [http-nio-8080-exec-9] com.bharatshop.service.StoreService - [PROOF][STORE_MAP] entity.id=90e791d5-27d3-4330-b834-48510b7dea41 mapped.id=90e791d5-27d3-4330-b834-48510b7dea41
2026-01-19 19:16:25.456 [1;31mERROR[0;39m [08cabe12-ef2b-4df8-b3a0-cec9c729f8f2] [http-nio-8080-exec-9] com.bharatshop.service.StoreService - [PROOF][STORE_MAP] entity.id=9a0c37d7-50b9-462e-a551-dcdd782d8a5f mapped.id=9a0c37d7-50b9-462e-a551-dcdd782d8a5f
2026-01-19 19:16:25.456 [1;31mERROR[0;39m [08cabe12-ef2b-4df8-b3a0-cec9c729f8f2] [http-nio-8080-exec-9] com.bharatshop.service.StoreService - [PROOF][STORE_MAP] entity.id=aee5f433-686e-45bb-be6b-2160a9267cb2 mapped.id=aee5f433-686e-45bb-be6b-2160a9267cb2
2026-01-19 19:16:25.456 [1;31mERROR[0;39m [08cabe12-ef2b-4df8-b3a0-cec9c729f8f2] [http-nio-8080-exec-9] com.bharatshop.service.StoreService - [PROOF][STORE_MAP] entity.id=b585adf9-d1e7-41be-ba0f-179581c84259 mapped.id=b585adf9-d1e7-41be-ba0f-179581c84259
2026-01-19 19:16:25.456 [1;31mERROR[0;39m [08cabe12-ef2b-4df8-b3a0-cec9c729f8f2] [http-nio-8080-exec-9] com.bharatshop.service.StoreService - [PROOF][STORE_MAP] entity.id=ce9a05aa-7780-4da8-a071-1039ff4b1e4f mapped.id=ce9a05aa-7780-4da8-a071-1039ff4b1e4f
2026-01-19 19:16:25.456 [1;31mERROR[0;39m [08cabe12-ef2b-4df8-b3a0-cec9c729f8f2] [http-nio-8080-exec-9] com.bharatshop.service.StoreService - [PROOF][STORE_MAP] entity.id=storeA mapped.id=storeA
2026-01-19 19:16:25.456 [1;31mERROR[0;39m [08cabe12-ef2b-4df8-b3a0-cec9c729f8f2] [http-nio-8080-exec-9] c.b.web.CustomerStorefrontController - [PROOF][STORE_LIST] store.id=storeA tenant=tenantA source=DB
2026-01-19 19:16:25.456 [1;31mERROR[0;39m [08cabe12-ef2b-4df8-b3a0-cec9c729f8f2] [http-nio-8080-exec-9] c.b.web.CustomerStorefrontController - [PROOF][STORE_LIST] store.id=33b16e50-5c33-4fc8-b546-8c796895cf49 tenant=tenantA source=DB
2026-01-19 19:16:25.456 [1;31mERROR[0;39m [08cabe12-ef2b-4df8-b3a0-cec9c729f8f2] [http-nio-8080-exec-9] c.b.web.CustomerStorefrontController - [PROOF][STORE_LIST] store.id=63a5a059-9fb3-4f8e-9b44-b1d3ebf7e683 tenant=tenantA source=DB
2026-01-19 19:16:25.456 [1;31mERROR[0;39m [08cabe12-ef2b-4df8-b3a0-cec9c729f8f2] [http-nio-8080-exec-9] c.b.web.CustomerStorefrontController - [PROOF][STORE_LIST] store.id=68a008cd-6b10-4e48-b036-e3d752230378 tenant=tenantA source=DB
2026-01-19 19:16:25.456 [1;31mERROR[0;39m [08cabe12-ef2b-4df8-b3a0-cec9c729f8f2] [http-nio-8080-exec-9] c.b.web.CustomerStorefrontController - [PROOF][STORE_LIST] store.id=7bcf0556-b5ba-4df8-9196-1d24f45488c0 tenant=tenantA source=DB
2026-01-19 19:16:25.456 [1;31mERROR[0;39m [08cabe12-ef2b-4df8-b3a0-cec9c729f8f2] [http-nio-8080-exec-9] c.b.web.CustomerStorefrontController - [PROOF][STORE_LIST] store.id=9a0c37d7-50b9-462e-a551-dcdd782d8a5f tenant=tenantA source=DB
2026-01-19 19:16:25.460 [1;31mERROR[0;39m [08cabe12-ef2b-4df8-b3a0-cec9c729f8f2] [http-nio-8080-exec-9] c.b.web.CustomerStorefrontController - [PROOF][STORE_LIST] store.id=b585adf9-d1e7-41be-ba0f-179581c84259 tenant=tenantA source=DB
2026-01-19 19:16:25.460 [1;31mERROR[0;39m [08cabe12-ef2b-4df8-b3a0-cec9c729f8f2] [http-nio-8080-exec-9] c.b.web.CustomerStorefrontController - [PROOF][STORE_LIST] store.id=24ab445b-351b-441e-b886-7e6b905c269b tenant=tenantA source=DB
2026-01-19 19:16:25.460 [1;31mERROR[0;39m [08cabe12-ef2b-4df8-b3a0-cec9c729f8f2] [http-nio-8080-exec-9] c.b.web.CustomerStorefrontController - [PROOF][STORE_LIST] store.id=3ce3b1bf-7c55-4fa5-bbe3-f45f8a93c67a tenant=tenantA source=DB
2026-01-19 19:16:25.460 [1;31mERROR[0;39m [08cabe12-ef2b-4df8-b3a0-cec9c729f8f2] [http-nio-8080-exec-9] c.b.web.CustomerStorefrontController - [PROOF][STORE_LIST] store.id=871a0bfe-570b-44ed-b7c4-ef60b2d18cf1 tenant=tenantA source=DB
2026-01-19 19:16:25.462 [1;31mERROR[0;39m [08cabe12-ef2b-4df8-b3a0-cec9c729f8f2] [http-nio-8080-exec-9] c.b.web.CustomerStorefrontController - [PROOF][STORE_LIST] store.id=90e791d5-27d3-4330-b834-48510b7dea41 tenant=tenantA source=DB
2026-01-19 19:16:25.462 [1;31mERROR[0;39m [08cabe12-ef2b-4df8-b3a0-cec9c729f8f2] [http-nio-8080-exec-9] c.b.web.CustomerStorefrontController - [PROOF][STORE_LIST] store.id=aee5f433-686e-45bb-be6b-2160a9267cb2 tenant=tenantA source=DB
2026-01-19 19:16:25.462 [1;31mERROR[0;39m [08cabe12-ef2b-4df8-b3a0-cec9c729f8f2] [http-nio-8080-exec-9] c.b.web.CustomerStorefrontController - [PROOF][STORE_LIST] store.id=ce9a05aa-7780-4da8-a071-1039ff4b1e4f tenant=tenantA source=DB
2026-01-19 19:16:25.464 [34mINFO [0;39m [08cabe12-ef2b-4df8-b3a0-cec9c729f8f2] [http-nio-8080-exec-9] c.b.config.logging.HttpLoggingFilter - GET /api/storefront/stores -> 200 (35 ms)
2026-01-19 19:16:25.464 [34mINFO [0;39m [08cabe12-ef2b-4df8-b3a0-cec9c729f8f2] [http-nio-8080-exec-9] c.b.config.logging.HttpLoggingFilter - Headers: auth=present content-type=application/json accept=*/*
2026-01-19 19:16:25.464 [34mINFO [0;39m [08cabe12-ef2b-4df8-b3a0-cec9c729f8f2] [http-nio-8080-exec-9] c.b.config.logging.HttpLoggingFilter - Response payload: [{"id":"storeA","name":"Alpha Kirana Store","area":"Connaught Place","category":"grocery","ownerId":null,"ownerPhone":"9000000002","products":null,"status":"open","orderingDisabled":false,"closedReason":null,"closedUntil":null,"logo":null,"updatedAt":"2026-01-16T00:06:49Z"},{"id":"33b16e50-5c33-4fc8-b546-8c796895cf49","name":"City Pharmacy","area":"Brigade","category":"pharmacy","ownerId":null,"ownerPhone":null,"products":null,"status":"open","orderingDisabled":false,"closedReason":null,"closedUntil":null,"logo":null,"updatedAt":"2026-01-15T18:57:31.724056Z"},{"id":"63a5a059-9fb3-4f8e-9b44-b1d3ebf7e683","name":"City Pharmacy","area":"Brigade","category":"pharmacy","ownerId":null,"ownerPhone":null,"products":null,"status":"open","orderingDisabled":false,"closedReason":null,"closedUntil":null,"logo":null,"updatedAt":"2026-01-18T20:13:38.663820Z"},{"id":"68a008cd-6b10-4e48-b036-e3d752230378","name":"City Pharmacy","area":"Brigade","category":"pharmacy","ownerId":null,"ownerPhone":null,"products":null,"status":"open","orderingDisabled":false,"closedReason":null,"closedUntil":null,"logo":null,"updatedAt":"2026-01-15T19:03:29.647598Z"},{"id":"7bcf0556-b5ba-4df8-9196-1d24f45488c0","name":"City Pharmacy","area":"Brigade","category":"pharmacy","ownerId":null,"ownerPhone":null,"products":null,"status":"open","orderingDisabled":false,"closedReason":null,"closedUntil":null,"logo":null,"updatedAt":"2026-01-18T20:09:12.421625Z"},{"id":"9a0c37d7-50b9-462e-a551-dcdd782d8a5f","name":"City Pharmacy","area":"Brigade","category":"pharmacy","ownerId":null,"ownerPhone":null,"products":null,"status":"open","orderingDisabled":false,"closedReason":null,"closedUntil":null,"logo":null,"updatedAt":"2026-01-15T19:11:19.048431Z"},{"id":"b585adf9-d1e7-41be-ba0f-179581c84259","name":"City Pharmacy","area":"Brigade","category":"pharmacy","ownerId":null,"ownerPhone":null,"products":null,"status":"open","orderingDisabled":false,"closedReason":null,"closedUntil":null,"logo":null,"updatedAt":"2026-01-15T17:56:53.379793Z"},{"id":"24ab445b-351b-441e-b886-7e6b905c269b","name":"Fresh Mart","area":"MG Road","category":"grocery","ownerId":null,"ownerPhone":null,"products":null,"status":"open","orderingDisabled":false,"closedReason":null,"closedUntil":null,"logo":null,"updatedAt":"2026-01-15T19:11:18.918553Z"},{"id":"3ce3b1bf-7c55-4fa5-bbe3-f45f8a93c67a","name":"Fresh Mart","area":"MG Road","category":"grocery","ownerId":null,"ownerPhone":null,"products":null,"status":"open","orderingDisabled":false,"closedReason":null,"closedUntil":null,"logo":null,"updatedAt":"2026-01-15T17:56:53.251484Z"},{"id":"871a0bfe-570b-44ed-b7c4-ef60b2d18cf1","name":"Fresh Mart","area":"MG Road","category":"grocery","ownerId":null,"ownerPhone":null,"products":null,"status":"open","orderingDisabled":false,"closedReason":null,"closedUntil":null,"logo":null,"updatedAt":"2026-01-15T19:03:29.540557Z"},{"id":"90e791d5-27d3-4330-b834-48510b7dea41","name":"Fresh Mart","area":"MG Road","category":"grocery","ownerId":null,"ownerPhone":null,"products":null,"status":"open","orderingDisabled":false,"closedReason":null,"closedUntil":null,"logo":null,"updatedAt":"2026-01-18T20:09:12.272954Z"},{"id":"aee5f433-686e-45bb-be6b-2160a9267cb2","name":"Fresh Mart","area":"MG Road","category":"grocery","ownerId":null,"ownerPhone":null,"products":null,"status":"open","orderingDisabled":false,"closedReason":null,"closedUntil":null,"logo":null,"updatedAt":"2026-01-18T20:13:38.568416Z"},{"id":"ce9a05aa-7780-4da8-a071-1039ff4b1e4f","name":"Fresh Mart","area":"MG Road","category":"grocery","ownerId":null,"ownerPhone":null,"products":null,"status":"open","orderingDisabled":false,"closedReason":null,"closedUntil":null,"logo":null,"updatedAt":"2026-01-15T18:57:31.588523Z"}]
2026-01-19 19:16:25.509 [34mINFO [0;39m [72fc8ad9-f5f9-44cb-97f2-6ad34975e022] [http-nio-8080-exec-2] c.b.config.TenantInterceptor - tenant-context: tenant=tenantA method=GET path=/api/storefront/stores
2026-01-19 19:16:25.512 [34mINFO [0;39m [72fc8ad9-f5f9-44cb-97f2-6ad34975e022] [http-nio-8080-exec-2] c.b.web.CustomerStorefrontController - Customer storefront: list stores tenant=tenantA userId=e3e7d01b-88f2-420d-b460-5bbd89bb9944 search=null category=null
2026-01-19 19:16:25.520 [34mINFO [0;39m [4b5697ca-d2c4-44d7-881a-f284226351d0] [http-nio-8080-exec-4] c.b.config.TenantInterceptor - tenant-context: tenant=tenantA method=GET path=/api/storefront/categories
2026-01-19 19:16:25.522 [34mINFO [0;39m [72fc8ad9-f5f9-44cb-97f2-6ad34975e022] [http-nio-8080-exec-2] c.b.logging.RepositoryLoggingAspect - [REPO_CALL] table=stores tenant=tenantA ids=[24ab445b-351b-441e-b886-7e6b905c269b, 33b16e50-5c33-4fc8-b546-8c796895cf49, 3ce3b1bf-7c55-4fa5-bbe3-f45f8a93c67a, 63a5a059-9fb3-4f8e-9b44-b1d3ebf7e683, 68a008cd-6b10-4e48-b036-e3d752230378, 7bcf0556-b5ba-4df8-9196-1d24f45488c0, 871a0bfe-570b-44ed-b7c4-ef60b2d18cf1, 90e791d5-27d3-4330-b834-48510b7dea41, 9a0c37d7-50b9-462e-a551-dcdd782d8a5f, aee5f433-686e-45bb-be6b-2160a9267cb2, b585adf9-d1e7-41be-ba0f-179581c84259, ce9a05aa-7780-4da8-a071-1039ff4b1e4f, storeA]
2026-01-19 19:16:25.522 [34mINFO [0;39m [4b5697ca-d2c4-44d7-881a-f284226351d0] [http-nio-8080-exec-4] c.b.web.CustomerStorefrontController - Customer storefront: list categories tenant=tenantA userId=e3e7d01b-88f2-420d-b460-5bbd89bb9944
2026-01-19 19:16:25.522 [1;31mERROR[0;39m [72fc8ad9-f5f9-44cb-97f2-6ad34975e022] [http-nio-8080-exec-2] com.bharatshop.service.StoreService - [PROOF][STORE_REPO] store.id=24ab445b-351b-441e-b886-7e6b905c269b source=DB
2026-01-19 19:16:25.522 [1;31mERROR[0;39m [72fc8ad9-f5f9-44cb-97f2-6ad34975e022] [http-nio-8080-exec-2] com.bharatshop.service.StoreService - [PROOF][STORE_REPO] store.id=33b16e50-5c33-4fc8-b546-8c796895cf49 source=DB
2026-01-19 19:16:25.522 [1;31mERROR[0;39m [72fc8ad9-f5f9-44cb-97f2-6ad34975e022] [http-nio-8080-exec-2] com.bharatshop.service.StoreService - [PROOF][STORE_REPO] store.id=3ce3b1bf-7c55-4fa5-bbe3-f45f8a93c67a source=DB
2026-01-19 19:16:25.522 [1;31mERROR[0;39m [72fc8ad9-f5f9-44cb-97f2-6ad34975e022] [http-nio-8080-exec-2] com.bharatshop.service.StoreService - [PROOF][STORE_REPO] store.id=63a5a059-9fb3-4f8e-9b44-b1d3ebf7e683 source=DB
2026-01-19 19:16:25.522 [1;31mERROR[0;39m [72fc8ad9-f5f9-44cb-97f2-6ad34975e022] [http-nio-8080-exec-2] com.bharatshop.service.StoreService - [PROOF][STORE_REPO] store.id=68a008cd-6b10-4e48-b036-e3d752230378 source=DB
2026-01-19 19:16:25.526 [1;31mERROR[0;39m [72fc8ad9-f5f9-44cb-97f2-6ad34975e022] [http-nio-8080-exec-2] com.bharatshop.service.StoreService - [PROOF][STORE_REPO] store.id=7bcf0556-b5ba-4df8-9196-1d24f45488c0 source=DB
2026-01-19 19:16:25.526 [1;31mERROR[0;39m [72fc8ad9-f5f9-44cb-97f2-6ad34975e022] [http-nio-8080-exec-2] com.bharatshop.service.StoreService - [PROOF][STORE_REPO] store.id=871a0bfe-570b-44ed-b7c4-ef60b2d18cf1 source=DB
2026-01-19 19:16:25.526 [1;31mERROR[0;39m [72fc8ad9-f5f9-44cb-97f2-6ad34975e022] [http-nio-8080-exec-2] com.bharatshop.service.StoreService - [PROOF][STORE_REPO] store.id=90e791d5-27d3-4330-b834-48510b7dea41 source=DB
2026-01-19 19:16:25.527 [1;31mERROR[0;39m [72fc8ad9-f5f9-44cb-97f2-6ad34975e022] [http-nio-8080-exec-2] com.bharatshop.service.StoreService - [PROOF][STORE_REPO] store.id=9a0c37d7-50b9-462e-a551-dcdd782d8a5f source=DB
2026-01-19 19:16:25.527 [1;31mERROR[0;39m [72fc8ad9-f5f9-44cb-97f2-6ad34975e022] [http-nio-8080-exec-2] com.bharatshop.service.StoreService - [PROOF][STORE_REPO] store.id=aee5f433-686e-45bb-be6b-2160a9267cb2 source=DB
2026-01-19 19:16:25.531 [1;31mERROR[0;39m [72fc8ad9-f5f9-44cb-97f2-6ad34975e022] [http-nio-8080-exec-2] com.bharatshop.service.StoreService - [PROOF][STORE_REPO] store.id=b585adf9-d1e7-41be-ba0f-179581c84259 source=DB
2026-01-19 19:16:25.531 [1;31mERROR[0;39m [72fc8ad9-f5f9-44cb-97f2-6ad34975e022] [http-nio-8080-exec-2] com.bharatshop.service.StoreService - [PROOF][STORE_REPO] store.id=ce9a05aa-7780-4da8-a071-1039ff4b1e4f source=DB
2026-01-19 19:16:25.531 [1;31mERROR[0;39m [72fc8ad9-f5f9-44cb-97f2-6ad34975e022] [http-nio-8080-exec-2] com.bharatshop.service.StoreService - [PROOF][STORE_REPO] store.id=storeA source=DB
2026-01-19 19:16:25.531 [1;31mERROR[0;39m [72fc8ad9-f5f9-44cb-97f2-6ad34975e022] [http-nio-8080-exec-2] com.bharatshop.service.StoreService - [PROOF][STORE_MAP] entity.id=24ab445b-351b-441e-b886-7e6b905c269b mapped.id=24ab445b-351b-441e-b886-7e6b905c269b
2026-01-19 19:16:25.534 [1;31mERROR[0;39m [72fc8ad9-f5f9-44cb-97f2-6ad34975e022] [http-nio-8080-exec-2] com.bharatshop.service.StoreService - [PROOF][STORE_MAP] entity.id=33b16e50-5c33-4fc8-b546-8c796895cf49 mapped.id=33b16e50-5c33-4fc8-b546-8c796895cf49
2026-01-19 19:16:25.534 [1;31mERROR[0;39m [72fc8ad9-f5f9-44cb-97f2-6ad34975e022] [http-nio-8080-exec-2] com.bharatshop.service.StoreService - [PROOF][STORE_MAP] entity.id=3ce3b1bf-7c55-4fa5-bbe3-f45f8a93c67a mapped.id=3ce3b1bf-7c55-4fa5-bbe3-f45f8a93c67a
2026-01-19 19:16:25.534 [1;31mERROR[0;39m [72fc8ad9-f5f9-44cb-97f2-6ad34975e022] [http-nio-8080-exec-2] com.bharatshop.service.StoreService - [PROOF][STORE_MAP] entity.id=63a5a059-9fb3-4f8e-9b44-b1d3ebf7e683 mapped.id=63a5a059-9fb3-4f8e-9b44-b1d3ebf7e683
2026-01-19 19:16:25.534 [1;31mERROR[0;39m [72fc8ad9-f5f9-44cb-97f2-6ad34975e022] [http-nio-8080-exec-2] com.bharatshop.service.StoreService - [PROOF][STORE_MAP] entity.id=68a008cd-6b10-4e48-b036-e3d752230378 mapped.id=68a008cd-6b10-4e48-b036-e3d752230378
2026-01-19 19:16:25.534 [1;31mERROR[0;39m [72fc8ad9-f5f9-44cb-97f2-6ad34975e022] [http-nio-8080-exec-2] com.bharatshop.service.StoreService - [PROOF][STORE_MAP] entity.id=7bcf0556-b5ba-4df8-9196-1d24f45488c0 mapped.id=7bcf0556-b5ba-4df8-9196-1d24f45488c0
2026-01-19 19:16:25.534 [1;31mERROR[0;39m [72fc8ad9-f5f9-44cb-97f2-6ad34975e022] [http-nio-8080-exec-2] com.bharatshop.service.StoreService - [PROOF][STORE_MAP] entity.id=871a0bfe-570b-44ed-b7c4-ef60b2d18cf1 mapped.id=871a0bfe-570b-44ed-b7c4-ef60b2d18cf1
2026-01-19 19:16:25.534 [1;31mERROR[0;39m [72fc8ad9-f5f9-44cb-97f2-6ad34975e022] [http-nio-8080-exec-2] com.bharatshop.service.StoreService - [PROOF][STORE_MAP] entity.id=90e791d5-27d3-4330-b834-48510b7dea41 mapped.id=90e791d5-27d3-4330-b834-48510b7dea41
2026-01-19 19:16:25.536 [1;31mERROR[0;39m [72fc8ad9-f5f9-44cb-97f2-6ad34975e022] [http-nio-8080-exec-2] com.bharatshop.service.StoreService - [PROOF][STORE_MAP] entity.id=9a0c37d7-50b9-462e-a551-dcdd782d8a5f mapped.id=9a0c37d7-50b9-462e-a551-dcdd782d8a5f
2026-01-19 19:16:25.537 [1;31mERROR[0;39m [72fc8ad9-f5f9-44cb-97f2-6ad34975e022] [http-nio-8080-exec-2] com.bharatshop.service.StoreService - [PROOF][STORE_MAP] entity.id=aee5f433-686e-45bb-be6b-2160a9267cb2 mapped.id=aee5f433-686e-45bb-be6b-2160a9267cb2
2026-01-19 19:16:25.537 [1;31mERROR[0;39m [72fc8ad9-f5f9-44cb-97f2-6ad34975e022] [http-nio-8080-exec-2] com.bharatshop.service.StoreService - [PROOF][STORE_MAP] entity.id=b585adf9-d1e7-41be-ba0f-179581c84259 mapped.id=b585adf9-d1e7-41be-ba0f-179581c84259
2026-01-19 19:16:25.537 [1;31mERROR[0;39m [72fc8ad9-f5f9-44cb-97f2-6ad34975e022] [http-nio-8080-exec-2] com.bharatshop.service.StoreService - [PROOF][STORE_MAP] entity.id=ce9a05aa-7780-4da8-a071-1039ff4b1e4f mapped.id=ce9a05aa-7780-4da8-a071-1039ff4b1e4f
2026-01-19 19:16:25.537 [1;31mERROR[0;39m [72fc8ad9-f5f9-44cb-97f2-6ad34975e022] [http-nio-8080-exec-2] com.bharatshop.service.StoreService - [PROOF][STORE_MAP] entity.id=storeA mapped.id=storeA
2026-01-19 19:16:25.537 [1;31mERROR[0;39m [72fc8ad9-f5f9-44cb-97f2-6ad34975e022] [http-nio-8080-exec-2] c.b.web.CustomerStorefrontController - [PROOF][STORE_LIST] store.id=storeA tenant=tenantA source=DB
2026-01-19 19:16:25.539 [1;31mERROR[0;39m [72fc8ad9-f5f9-44cb-97f2-6ad34975e022] [http-nio-8080-exec-2] c.b.web.CustomerStorefrontController - [PROOF][STORE_LIST] store.id=33b16e50-5c33-4fc8-b546-8c796895cf49 tenant=tenantA source=DB
2026-01-19 19:16:25.539 [1;31mERROR[0;39m [72fc8ad9-f5f9-44cb-97f2-6ad34975e022] [http-nio-8080-exec-2] c.b.web.CustomerStorefrontController - [PROOF][STORE_LIST] store.id=63a5a059-9fb3-4f8e-9b44-b1d3ebf7e683 tenant=tenantA source=DB
2026-01-19 19:16:25.539 [1;31mERROR[0;39m [72fc8ad9-f5f9-44cb-97f2-6ad34975e022] [http-nio-8080-exec-2] c.b.web.CustomerStorefrontController - [PROOF][STORE_LIST] store.id=68a008cd-6b10-4e48-b036-e3d752230378 tenant=tenantA source=DB
2026-01-19 19:16:25.541 [1;31mERROR[0;39m [72fc8ad9-f5f9-44cb-97f2-6ad34975e022] [http-nio-8080-exec-2] c.b.web.CustomerStorefrontController - [PROOF][STORE_LIST] store.id=7bcf0556-b5ba-4df8-9196-1d24f45488c0 tenant=tenantA source=DB
2026-01-19 19:16:25.541 [1;31mERROR[0;39m [72fc8ad9-f5f9-44cb-97f2-6ad34975e022] [http-nio-8080-exec-2] c.b.web.CustomerStorefrontController - [PROOF][STORE_LIST] store.id=9a0c37d7-50b9-462e-a551-dcdd782d8a5f tenant=tenantA source=DB
2026-01-19 19:16:25.541 [1;31mERROR[0;39m [72fc8ad9-f5f9-44cb-97f2-6ad34975e022] [http-nio-8080-exec-2] c.b.web.CustomerStorefrontController - [PROOF][STORE_LIST] store.id=b585adf9-d1e7-41be-ba0f-179581c84259 tenant=tenantA source=DB
2026-01-19 19:16:25.541 [1;31mERROR[0;39m [72fc8ad9-f5f9-44cb-97f2-6ad34975e022] [http-nio-8080-exec-2] c.b.web.CustomerStorefrontController - [PROOF][STORE_LIST] store.id=24ab445b-351b-441e-b886-7e6b905c269b tenant=tenantA source=DB
2026-01-19 19:16:25.541 [1;31mERROR[0;39m [72fc8ad9-f5f9-44cb-97f2-6ad34975e022] [http-nio-8080-exec-2] c.b.web.CustomerStorefrontController - [PROOF][STORE_LIST] store.id=3ce3b1bf-7c55-4fa5-bbe3-f45f8a93c67a tenant=tenantA source=DB
2026-01-19 19:16:25.541 [1;31mERROR[0;39m [72fc8ad9-f5f9-44cb-97f2-6ad34975e022] [http-nio-8080-exec-2] c.b.web.CustomerStorefrontController - [PROOF][STORE_LIST] store.id=871a0bfe-570b-44ed-b7c4-ef60b2d18cf1 tenant=tenantA source=DB
2026-01-19 19:16:25.543 [1;31mERROR[0;39m [72fc8ad9-f5f9-44cb-97f2-6ad34975e022] [http-nio-8080-exec-2] c.b.web.CustomerStorefrontController - [PROOF][STORE_LIST] store.id=90e791d5-27d3-4330-b834-48510b7dea41 tenant=tenantA source=DB
2026-01-19 19:16:25.541 [34mINFO [0;39m [4b5697ca-d2c4-44d7-881a-f284226351d0] [http-nio-8080-exec-4] c.b.config.logging.HttpLoggingFilter - GET /api/storefront/categories -> 200 (23 ms)
2026-01-19 19:16:25.543 [1;31mERROR[0;39m [72fc8ad9-f5f9-44cb-97f2-6ad34975e022] [http-nio-8080-exec-2] c.b.web.CustomerStorefrontController - [PROOF][STORE_LIST] store.id=aee5f433-686e-45bb-be6b-2160a9267cb2 tenant=tenantA source=DB
2026-01-19 19:16:25.543 [1;31mERROR[0;39m [72fc8ad9-f5f9-44cb-97f2-6ad34975e022] [http-nio-8080-exec-2] c.b.web.CustomerStorefrontController - [PROOF][STORE_LIST] store.id=ce9a05aa-7780-4da8-a071-1039ff4b1e4f tenant=tenantA source=DB
2026-01-19 19:16:25.543 [34mINFO [0;39m [4b5697ca-d2c4-44d7-881a-f284226351d0] [http-nio-8080-exec-4] c.b.config.logging.HttpLoggingFilter - Headers: auth=present content-type=application/json accept=*/*
2026-01-19 19:16:25.546 [34mINFO [0;39m [4b5697ca-d2c4-44d7-881a-f284226351d0] [http-nio-8080-exec-4] c.b.config.logging.HttpLoggingFilter - Response payload: ["dairy","fruits","grocery","medicine"]
2026-01-19 19:16:25.548 [34mINFO [0;39m [72fc8ad9-f5f9-44cb-97f2-6ad34975e022] [http-nio-8080-exec-2] c.b.config.logging.HttpLoggingFilter - GET /api/storefront/stores -> 200 (39 ms)
2026-01-19 19:16:25.550 [34mINFO [0;39m [72fc8ad9-f5f9-44cb-97f2-6ad34975e022] [http-nio-8080-exec-2] c.b.config.logging.HttpLoggingFilter - Headers: auth=present content-type=application/json accept=*/*
2026-01-19 19:16:25.552 [34mINFO [0;39m [72fc8ad9-f5f9-44cb-97f2-6ad34975e022] [http-nio-8080-exec-2] c.b.config.logging.HttpLoggingFilter - Response payload: [{"id":"storeA","name":"Alpha Kirana Store","area":"Connaught Place","category":"grocery","ownerId":null,"ownerPhone":"9000000002","products":null,"status":"open","orderingDisabled":false,"closedReason":null,"closedUntil":null,"logo":null,"updatedAt":"2026-01-16T00:06:49Z"},{"id":"33b16e50-5c33-4fc8-b546-8c796895cf49","name":"City Pharmacy","area":"Brigade","category":"pharmacy","ownerId":null,"ownerPhone":null,"products":null,"status":"open","orderingDisabled":false,"closedReason":null,"closedUntil":null,"logo":null,"updatedAt":"2026-01-15T18:57:31.724056Z"},{"id":"63a5a059-9fb3-4f8e-9b44-b1d3ebf7e683","name":"City Pharmacy","area":"Brigade","category":"pharmacy","ownerId":null,"ownerPhone":null,"products":null,"status":"open","orderingDisabled":false,"closedReason":null,"closedUntil":null,"logo":null,"updatedAt":"2026-01-18T20:13:38.663820Z"},{"id":"68a008cd-6b10-4e48-b036-e3d752230378","name":"City Pharmacy","area":"Brigade","category":"pharmacy","ownerId":null,"ownerPhone":null,"products":null,"status":"open","orderingDisabled":false,"closedReason":null,"closedUntil":null,"logo":null,"updatedAt":"2026-01-15T19:03:29.647598Z"},{"id":"7bcf0556-b5ba-4df8-9196-1d24f45488c0","name":"City Pharmacy","area":"Brigade","category":"pharmacy","ownerId":null,"ownerPhone":null,"products":null,"status":"open","orderingDisabled":false,"closedReason":null,"closedUntil":null,"logo":null,"updatedAt":"2026-01-18T20:09:12.421625Z"},{"id":"9a0c37d7-50b9-462e-a551-dcdd782d8a5f","name":"City Pharmacy","area":"Brigade","category":"pharmacy","ownerId":null,"ownerPhone":null,"products":null,"status":"open","orderingDisabled":false,"closedReason":null,"closedUntil":null,"logo":null,"updatedAt":"2026-01-15T19:11:19.048431Z"},{"id":"b585adf9-d1e7-41be-ba0f-179581c84259","name":"City Pharmacy","area":"Brigade","category":"pharmacy","ownerId":null,"ownerPhone":null,"products":null,"status":"open","orderingDisabled":false,"closedReason":null,"closedUntil":null,"logo":null,"updatedAt":"2026-01-15T17:56:53.379793Z"},{"id":"24ab445b-351b-441e-b886-7e6b905c269b","name":"Fresh Mart","area":"MG Road","category":"grocery","ownerId":null,"ownerPhone":null,"products":null,"status":"open","orderingDisabled":false,"closedReason":null,"closedUntil":null,"logo":null,"updatedAt":"2026-01-15T19:11:18.918553Z"},{"id":"3ce3b1bf-7c55-4fa5-bbe3-f45f8a93c67a","name":"Fresh Mart","area":"MG Road","category":"grocery","ownerId":null,"ownerPhone":null,"products":null,"status":"open","orderingDisabled":false,"closedReason":null,"closedUntil":null,"logo":null,"updatedAt":"2026-01-15T17:56:53.251484Z"},{"id":"871a0bfe-570b-44ed-b7c4-ef60b2d18cf1","name":"Fresh Mart","area":"MG Road","category":"grocery","ownerId":null,"ownerPhone":null,"products":null,"status":"open","orderingDisabled":false,"closedReason":null,"closedUntil":null,"logo":null,"updatedAt":"2026-01-15T19:03:29.540557Z"},{"id":"90e791d5-27d3-4330-b834-48510b7dea41","name":"Fresh Mart","area":"MG Road","category":"grocery","ownerId":null,"ownerPhone":null,"products":null,"status":"open","orderingDisabled":false,"closedReason":null,"closedUntil":null,"logo":null,"updatedAt":"2026-01-18T20:09:12.272954Z"},{"id":"aee5f433-686e-45bb-be6b-2160a9267cb2","name":"Fresh Mart","area":"MG Road","category":"grocery","ownerId":null,"ownerPhone":null,"products":null,"status":"open","orderingDisabled":false,"closedReason":null,"closedUntil":null,"logo":null,"updatedAt":"2026-01-18T20:13:38.568416Z"},{"id":"ce9a05aa-7780-4da8-a071-1039ff4b1e4f","name":"Fresh Mart","area":"MG Road","category":"grocery","ownerId":null,"ownerPhone":null,"products":null,"status":"open","orderingDisabled":false,"closedReason":null,"closedUntil":null,"logo":null,"updatedAt":"2026-01-15T18:57:31.588523Z"}]
2026-01-19 19:16:25.621 [34mINFO [0;39m [6e8b9d95-b348-4f1c-b854-c54b7c3a08ab] [http-nio-8080-exec-3] c.b.config.TenantInterceptor - tenant-context: tenant=tenantA method=GET path=/api/storefront/categories
2026-01-19 19:16:25.626 [34mINFO [0;39m [6e8b9d95-b348-4f1c-b854-c54b7c3a08ab] [http-nio-8080-exec-3] c.b.web.CustomerStorefrontController - Customer storefront: list categories tenant=tenantA userId=e3e7d01b-88f2-420d-b460-5bbd89bb9944
2026-01-19 19:16:25.640 [34mINFO [0;39m [6e8b9d95-b348-4f1c-b854-c54b7c3a08ab] [http-nio-8080-exec-3] c.b.config.logging.HttpLoggingFilter - GET /api/storefront/categories -> 200 (19 ms)
2026-01-19 19:16:25.642 [34mINFO [0;39m [6e8b9d95-b348-4f1c-b854-c54b7c3a08ab] [http-nio-8080-exec-3] c.b.config.logging.HttpLoggingFilter - Headers: auth=present content-type=application/json accept=*/*
2026-01-19 19:16:25.642 [34mINFO [0;39m [6e8b9d95-b348-4f1c-b854-c54b7c3a08ab] [http-nio-8080-exec-3] c.b.config.logging.HttpLoggingFilter - Response payload: ["dairy","fruits","grocery","medicine"]
2026-01-19 19:16:27.286 [34mINFO [0;39m [99ba03eb-8525-461b-9ea8-6f663ba56b8c] [http-nio-8080-exec-1] c.b.config.TenantInterceptor - tenant-context: tenant=tenantA method=GET path=/api/storefront/stores/storeA
2026-01-19 19:16:27.286 [34mINFO [0;39m [99ba03eb-8525-461b-9ea8-6f663ba56b8c] [http-nio-8080-exec-1] c.b.web.CustomerStorefrontController - Customer storefront: get store tenant=tenantA userId=e3e7d01b-88f2-420d-b460-5bbd89bb9944 storeId=storeA 
2026-01-19 19:16:27.286 [1;31mERROR[0;39m [99ba03eb-8525-461b-9ea8-6f663ba56b8c] [http-nio-8080-exec-1] c.b.web.CustomerStorefrontController - [PROOF][STORE_API] requested storeId=storeA
2026-01-19 19:16:27.293 [1;31mERROR[0;39m [99ba03eb-8525-461b-9ea8-6f663ba56b8c] [http-nio-8080-exec-1] com.bharatshop.service.StoreService - [PROOF][STORE_MAP] entity.id=storeA mapped.id=storeA
2026-01-19 19:16:27.296 [1;31mERROR[0;39m [99ba03eb-8525-461b-9ea8-6f663ba56b8c] [http-nio-8080-exec-1] c.b.web.CustomerStorefrontController - [PROOF][STORE_API] store.from.db id=storeA
2026-01-19 19:16:27.299 [34mINFO [0;39m [99ba03eb-8525-461b-9ea8-6f663ba56b8c] [http-nio-8080-exec-1] c.b.config.logging.HttpLoggingFilter - GET /api/storefront/stores/storeA -> 200 (16 ms)
2026-01-19 19:16:27.299 [34mINFO [0;39m [99ba03eb-8525-461b-9ea8-6f663ba56b8c] [http-nio-8080-exec-1] c.b.config.logging.HttpLoggingFilter - Headers: auth=present content-type=application/json accept=*/*
2026-01-19 19:16:27.299 [34mINFO [0;39m [99ba03eb-8525-461b-9ea8-6f663ba56b8c] [http-nio-8080-exec-1] c.b.config.logging.HttpLoggingFilter - Response payload: {"id":"storeA","name":"Alpha Kirana Store","area":"Connaught Place","category":"grocery","ownerId":null,"ownerPhone":"9000000002","products":null,"status":"open","orderingDisabled":false,"closedReason":null,"closedUntil":null,"logo":null,"updatedAt":"2026-01-16T00:06:49Z"}
2026-01-19 19:16:27.323 [34mINFO [0;39m [89cb9f6b-c5d9-44e1-9d6e-d13f07c7d8c0] [http-nio-8080-exec-7] c.b.config.TenantInterceptor - tenant-context: tenant=tenantA method=GET path=/api/storefront/stores/storeA
2026-01-19 19:16:27.327 [34mINFO [0;39m [89cb9f6b-c5d9-44e1-9d6e-d13f07c7d8c0] [http-nio-8080-exec-7] c.b.web.CustomerStorefrontController - Customer storefront: get store tenant=tenantA userId=e3e7d01b-88f2-420d-b460-5bbd89bb9944 storeId=storeA 
2026-01-19 19:16:27.327 [1;31mERROR[0;39m [89cb9f6b-c5d9-44e1-9d6e-d13f07c7d8c0] [http-nio-8080-exec-7] c.b.web.CustomerStorefrontController - [PROOF][STORE_API] requested storeId=storeA
2026-01-19 19:16:27.329 [34mINFO [0;39m [d7a62c39-02de-4cdf-9681-0c738aa8b1ed] [http-nio-8080-exec-6] c.b.config.TenantInterceptor - tenant-context: tenant=tenantA method=GET path=/api/storefront/stores/storeA/products
2026-01-19 19:16:27.332 [34mINFO [0;39m [d7a62c39-02de-4cdf-9681-0c738aa8b1ed] [http-nio-8080-exec-6] c.b.web.CustomerStorefrontController - Customer storefront: list products by store tenant=tenantA userId=e3e7d01b-88f2-420d-b460-5bbd89bb9944 storeId=storeA 
2026-01-19 19:16:27.332 [1;31mERROR[0;39m [d7a62c39-02de-4cdf-9681-0c738aa8b1ed] [http-nio-8080-exec-6] c.b.web.CustomerStorefrontController - [PROOF][PRODUCT_API] requested storeId=storeA
2026-01-19 19:16:27.338 [1;31mERROR[0;39m [89cb9f6b-c5d9-44e1-9d6e-d13f07c7d8c0] [http-nio-8080-exec-7] com.bharatshop.service.StoreService - [PROOF][STORE_MAP] entity.id=storeA mapped.id=storeA
2026-01-19 19:16:27.338 [1;31mERROR[0;39m [89cb9f6b-c5d9-44e1-9d6e-d13f07c7d8c0] [http-nio-8080-exec-7] c.b.web.CustomerStorefrontController - [PROOF][STORE_API] store.from.db id=storeA
2026-01-19 19:16:27.338 [1;31mERROR[0;39m [d7a62c39-02de-4cdf-9681-0c738aa8b1ed] [http-nio-8080-exec-6] com.bharatshop.service.StoreService - [PROOF][STORE_MAP] entity.id=storeA mapped.id=storeA
2026-01-19 19:16:27.340 [1;31mERROR[0;39m [d7a62c39-02de-4cdf-9681-0c738aa8b1ed] [http-nio-8080-exec-6] c.bharatshop.service.ProductService - [PROOF][PRODUCT_QUERY] requested storeId=storeA
2026-01-19 19:16:27.340 [34mINFO [0;39m [89cb9f6b-c5d9-44e1-9d6e-d13f07c7d8c0] [http-nio-8080-exec-7] c.b.config.logging.HttpLoggingFilter - GET /api/storefront/stores/storeA -> 200 (19 ms)
2026-01-19 19:16:27.340 [34mINFO [0;39m [89cb9f6b-c5d9-44e1-9d6e-d13f07c7d8c0] [http-nio-8080-exec-7] c.b.config.logging.HttpLoggingFilter - Headers: auth=present content-type=application/json accept=*/*
2026-01-19 19:16:27.340 [34mINFO [0;39m [89cb9f6b-c5d9-44e1-9d6e-d13f07c7d8c0] [http-nio-8080-exec-7] c.b.config.logging.HttpLoggingFilter - Response payload: {"id":"storeA","name":"Alpha Kirana Store","area":"Connaught Place","category":"grocery","ownerId":null,"ownerPhone":"9000000002","products":null,"status":"open","orderingDisabled":false,"closedReason":null,"closedUntil":null,"logo":null,"updatedAt":"2026-01-16T00:06:49Z"}
2026-01-19 19:16:27.352 [34mINFO [0;39m [d7a62c39-02de-4cdf-9681-0c738aa8b1ed] [http-nio-8080-exec-6] c.b.logging.RepositoryLoggingAspect - [REPO_CALL] table=products tenant=tenantA ids=[prodA1, prodA2, prodA3]
2026-01-19 19:16:27.352 [1;31mERROR[0;39m [d7a62c39-02de-4cdf-9681-0c738aa8b1ed] [http-nio-8080-exec-6] c.bharatshop.service.ProductService - [PROOF][PRODUCT_DB] product.id=prodA1 storeId=storeA
2026-01-19 19:16:27.352 [1;31mERROR[0;39m [d7a62c39-02de-4cdf-9681-0c738aa8b1ed] [http-nio-8080-exec-6] c.bharatshop.service.ProductService - [PROOF][PRODUCT_DB] product.id=prodA2 storeId=storeA
2026-01-19 19:16:27.352 [1;31mERROR[0;39m [d7a62c39-02de-4cdf-9681-0c738aa8b1ed] [http-nio-8080-exec-6] c.bharatshop.service.ProductService - [PROOF][PRODUCT_DB] product.id=prodA3 storeId=storeA
2026-01-19 19:16:27.352 [1;31mERROR[0;39m [d7a62c39-02de-4cdf-9681-0c738aa8b1ed] [http-nio-8080-exec-6] c.b.web.CustomerStorefrontController - [PROOF][PRODUCT_DB] productId=prodA1 storeId=storeA tenant=tenantA
2026-01-19 19:16:27.354 [1;31mERROR[0;39m [d7a62c39-02de-4cdf-9681-0c738aa8b1ed] [http-nio-8080-exec-6] c.b.web.CustomerStorefrontController - [PROOF][PRODUCT_DB] productId=prodA2 storeId=storeA tenant=tenantA
2026-01-19 19:16:27.354 [1;31mERROR[0;39m [d7a62c39-02de-4cdf-9681-0c738aa8b1ed] [http-nio-8080-exec-6] c.b.web.CustomerStorefrontController - [PROOF][PRODUCT_DB] productId=prodA3 storeId=storeA tenant=tenantA
2026-01-19 19:16:27.356 [34mINFO [0;39m [d7a62c39-02de-4cdf-9681-0c738aa8b1ed] [http-nio-8080-exec-6] c.b.config.logging.HttpLoggingFilter - GET /api/storefront/stores/storeA/products -> 200 (27 ms)
2026-01-19 19:16:27.358 [34mINFO [0;39m [d7a62c39-02de-4cdf-9681-0c738aa8b1ed] [http-nio-8080-exec-6] c.b.config.logging.HttpLoggingFilter - Headers: auth=present content-type=application/json accept=*/*
2026-01-19 19:16:27.360 [34mINFO [0;39m [d7a62c39-02de-4cdf-9681-0c738aa8b1ed] [http-nio-8080-exec-6] c.b.config.logging.HttpLoggingFilter - Response payload: [{"id":"prodA1","name":"Aata 1kg","price":55.0,"description":null,"image":null,"category":"grocery","storeId":"storeA","currency":"INR","sku":null,"stock":null,"active":true},{"id":"prodA2","name":"Rice 1kg","price":65.0,"description":null,"image":null,"category":"grocery","storeId":"storeA","currency":"INR","sku":null,"stock":null,"active":true},{"id":"prodA3","name":"Milk 500ml","price":30.0,"description":null,"image":null,"category":"dairy","storeId":"storeA","currency":"INR","sku":null,"stock":null,"active":true}]
2026-01-19 19:16:27.398 [34mINFO [0;39m [a7c92c3b-432c-463b-9a66-1bdde6eaa1ba] [http-nio-8080-exec-5] c.b.config.TenantInterceptor - tenant-context: tenant=tenantA method=GET path=/api/storefront/stores/storeA/products
2026-01-19 19:16:27.400 [34mINFO [0;39m [a7c92c3b-432c-463b-9a66-1bdde6eaa1ba] [http-nio-8080-exec-5] c.b.web.CustomerStorefrontController - Customer storefront: list products by store tenant=tenantA userId=e3e7d01b-88f2-420d-b460-5bbd89bb9944 storeId=storeA 
2026-01-19 19:16:27.400 [1;31mERROR[0;39m [a7c92c3b-432c-463b-9a66-1bdde6eaa1ba] [http-nio-8080-exec-5] c.b.web.CustomerStorefrontController - [PROOF][PRODUCT_API] requested storeId=storeA
2026-01-19 19:16:27.408 [1;31mERROR[0;39m [a7c92c3b-432c-463b-9a66-1bdde6eaa1ba] [http-nio-8080-exec-5] com.bharatshop.service.StoreService - [PROOF][STORE_MAP] entity.id=storeA mapped.id=storeA
2026-01-19 19:16:27.408 [1;31mERROR[0;39m [a7c92c3b-432c-463b-9a66-1bdde6eaa1ba] [http-nio-8080-exec-5] c.bharatshop.service.ProductService - [PROOF][PRODUCT_QUERY] requested storeId=storeA
2026-01-19 19:16:27.415 [34mINFO [0;39m [a7c92c3b-432c-463b-9a66-1bdde6eaa1ba] [http-nio-8080-exec-5] c.b.logging.RepositoryLoggingAspect - [REPO_CALL] table=products tenant=tenantA ids=[prodA1, prodA2, prodA3]
2026-01-19 19:16:27.415 [1;31mERROR[0;39m [a7c92c3b-432c-463b-9a66-1bdde6eaa1ba] [http-nio-8080-exec-5] c.bharatshop.service.ProductService - [PROOF][PRODUCT_DB] product.id=prodA1 storeId=storeA
2026-01-19 19:16:27.415 [1;31mERROR[0;39m [a7c92c3b-432c-463b-9a66-1bdde6eaa1ba] [http-nio-8080-exec-5] c.bharatshop.service.ProductService - [PROOF][PRODUCT_DB] product.id=prodA2 storeId=storeA
2026-01-19 19:16:27.417 [1;31mERROR[0;39m [a7c92c3b-432c-463b-9a66-1bdde6eaa1ba] [http-nio-8080-exec-5] c.bharatshop.service.ProductService - [PROOF][PRODUCT_DB] product.id=prodA3 storeId=storeA
2026-01-19 19:16:27.418 [1;31mERROR[0;39m [a7c92c3b-432c-463b-9a66-1bdde6eaa1ba] [http-nio-8080-exec-5] c.b.web.CustomerStorefrontController - [PROOF][PRODUCT_DB] productId=prodA1 storeId=storeA tenant=tenantA
2026-01-19 19:16:27.418 [1;31mERROR[0;39m [a7c92c3b-432c-463b-9a66-1bdde6eaa1ba] [http-nio-8080-exec-5] c.b.web.CustomerStorefrontController - [PROOF][PRODUCT_DB] productId=prodA2 storeId=storeA tenant=tenantA
2026-01-19 19:16:27.418 [1;31mERROR[0;39m [a7c92c3b-432c-463b-9a66-1bdde6eaa1ba] [http-nio-8080-exec-5] c.b.web.CustomerStorefrontController - [PROOF][PRODUCT_DB] productId=prodA3 storeId=storeA tenant=tenantA
2026-01-19 19:16:27.420 [34mINFO [0;39m [a7c92c3b-432c-463b-9a66-1bdde6eaa1ba] [http-nio-8080-exec-5] c.b.config.logging.HttpLoggingFilter - GET /api/storefront/stores/storeA/products -> 200 (24 ms)
2026-01-19 19:16:27.420 [34mINFO [0;39m [a7c92c3b-432c-463b-9a66-1bdde6eaa1ba] [http-nio-8080-exec-5] c.b.config.logging.HttpLoggingFilter - Headers: auth=present content-type=application/json accept=*/*
2026-01-19 19:16:27.420 [34mINFO [0;39m [a7c92c3b-432c-463b-9a66-1bdde6eaa1ba] [http-nio-8080-exec-5] c.b.config.logging.HttpLoggingFilter - Response payload: [{"id":"prodA1","name":"Aata 1kg","price":55.0,"description":null,"image":null,"category":"grocery","storeId":"storeA","currency":"INR","sku":null,"stock":null,"active":true},{"id":"prodA2","name":"Rice 1kg","price":65.0,"description":null,"image":null,"category":"grocery","storeId":"storeA","currency":"INR","sku":null,"stock":null,"active":true},{"id":"prodA3","name":"Milk 500ml","price":30.0,"description":null,"image":null,"category":"dairy","storeId":"storeA","currency":"INR","sku":null,"stock":null,"active":true}]
2026-01-19 19:16:31.975 [34mINFO [0;39m [6cef0c6c-a634-47ec-a030-1a571a236dc5] [http-nio-8080-exec-8] c.b.config.TenantInterceptor - tenant-context: tenant=tenantA method=POST path=/api/orders
2026-01-19 19:16:31.979 [34mINFO [0;39m [6cef0c6c-a634-47ec-a030-1a571a236dc5] [http-nio-8080-exec-8] c.bharatshop.web.OrdersApiController - Create order via canonical endpoint: tenant=tenantA userId=e3e7d01b-88f2-420d-b460-5bbd89bb9944 items=1 paymentMethod=COD
2026-01-19 19:16:31.979 [1;31mERROR[0;39m [6cef0c6c-a634-47ec-a030-1a571a236dc5] [http-nio-8080-exec-8] c.bharatshop.web.OrdersApiController - [PROOF][ORDER_API] payload=com.bharatshop.dto.CheckoutRequest@3b0a6cf0
2026-01-19 19:16:31.979 [1;31mERROR[0;39m [6cef0c6c-a634-47ec-a030-1a571a236dc5] [http-nio-8080-exec-8] c.bharatshop.web.OrdersApiController - [PROOF][ORDER_ITEM] productId=prodA1
2026-01-19 19:16:31.979 [34mINFO [0;39m [6cef0c6c-a634-47ec-a030-1a571a236dc5] [http-nio-8080-exec-8] c.bharatshop.service.CheckoutService - CheckoutService: tenant=tenantA userId=e3e7d01b-88f2-420d-b460-5bbd89bb9944
2026-01-19 19:16:31.981 [34mINFO [0;39m [6cef0c6c-a634-47ec-a030-1a571a236dc5] [http-nio-8080-exec-8] c.bharatshop.service.CheckoutService - CheckoutRequest: items.size=1 itemClass=com.bharatshop.dto.CheckoutItem productIds=prodA1
2026-01-19 19:16:31.987 [1;31mERROR[0;39m [6cef0c6c-a634-47ec-a030-1a571a236dc5] [http-nio-8080-exec-8] c.bharatshop.service.CheckoutService - [PROOF][CHECKOUT] lookup productId=prodA1 found=true
2026-01-19 19:16:31.987 [1;31mERROR[0;39m [6cef0c6c-a634-47ec-a030-1a571a236dc5] [http-nio-8080-exec-8] c.bharatshop.service.CheckoutService - [PROOF][CHECKOUT] product.id=prodA1 product.storeId=storeA tenant=tenantA
2026-01-19 19:16:31.989 [34mINFO [0;39m [6cef0c6c-a634-47ec-a030-1a571a236dc5] [http-nio-8080-exec-8] c.bharatshop.service.CheckoutService - CheckoutService: storeId resolved=storeA
2026-01-19 19:16:31.994 [1;31mERROR[0;39m [6cef0c6c-a634-47ec-a030-1a571a236dc5] [http-nio-8080-exec-8] com.bharatshop.service.StoreService - [PROOF][STORE_MAP] entity.id=storeA mapped.id=storeA
2026-01-19 19:16:32.000 [34mINFO [0;39m [6cef0c6c-a634-47ec-a030-1a571a236dc5] [http-nio-8080-exec-8] c.bharatshop.service.CheckoutService - CheckoutService: total computed=55.0
2026-01-19 19:16:32.048 [34mINFO [0;39m [6cef0c6c-a634-47ec-a030-1a571a236dc5] [http-nio-8080-exec-8] c.bharatshop.service.CheckoutService - CheckoutService: success orderId=5b6584e7-eaad-4b15-8edd-181b2c26f97b reference=REF-5b6584e7 userId=e3e7d01b-88f2-420d-b460-5bbd89bb9944
2026-01-19 19:16:32.048 [34mINFO [0;39m [6cef0c6c-a634-47ec-a030-1a571a236dc5] [http-nio-8080-exec-8] c.b.config.logging.HttpLoggingFilter - POST /api/orders -> 200 (73 ms)
2026-01-19 19:16:32.048 [34mINFO [0;39m [6cef0c6c-a634-47ec-a030-1a571a236dc5] [http-nio-8080-exec-8] c.b.config.logging.HttpLoggingFilter - Headers: auth=present content-type=application/json accept=*/*
2026-01-19 19:16:32.048 [34mINFO [0;39m [6cef0c6c-a634-47ec-a030-1a571a236dc5] [http-nio-8080-exec-8] c.b.config.logging.HttpLoggingFilter - Request payload: {"items":[{"productId":"prodA1","quantity":1}],"paymentMethod":"COD"}
2026-01-19 19:16:32.048 [34mINFO [0;39m [6cef0c6c-a634-47ec-a030-1a571a236dc5] [http-nio-8080-exec-8] c.b.config.logging.HttpLoggingFilter - Response payload: {"order":{"id":"5b6584e7-eaad-4b15-8edd-181b2c26f97b","reference":"REF-5b6584e7","status":"placed","total":55.0,"totals":{"subtotal":null,"deliveryFee":null,"tax":null,"tip":null,"payable":55.0},"items":[{"id":"prodA1","name":"Aata 1kg","price":55.0,"quantity":1,"requiresPrescription":null,"status":null}],"paymentMethod":"COD","paymentInfo":null,"address":null,"deliverySlot":null,"deliveryInstructions":null,"type":"order","createdAt":"2026-01-19T13:46:32.000431800Z","sellerResponseDeadline":"2026-01-19T14:01:32.000431800Z","sellerAcceptedAt":null,"cancelledAt":null,"cancellationReason":null,"storeId":"storeA","notes":null},"reference":"REF-5b6584e7"}
2026-01-19 19:16:32.080 [31mWARN [0;39m [] [ForkJoinPool.commonPool-worker-6] c.b.service.NotificationService - No template found for event ORDER_PLACED channel WHATSAPP language en
2026-01-19 19:16:32.083 [34mINFO [0;39m [ba60802d-3e07-49cf-a73c-f44536cba0b1] [http-nio-8080-exec-10] c.b.config.TenantInterceptor - tenant-context: tenant=tenantA method=GET path=/api/orders
2026-01-19 19:16:32.085 [34mINFO [0;39m [ba60802d-3e07-49cf-a73c-f44536cba0b1] [http-nio-8080-exec-10] c.bharatshop.web.OrdersApiController - List orders (canonical): tenant=tenantA userId=e3e7d01b-88f2-420d-b460-5bbd89bb9944
2026-01-19 19:16:32.093 [31mWARN [0;39m [] [ForkJoinPool.commonPool-worker-6] c.b.service.NotificationService - No template found for event ORDER_PLACED channel SMS language en
2026-01-19 19:16:32.106 [31mWARN [0;39m [] [ForkJoinPool.commonPool-worker-6] c.b.service.NotificationService - No template found for event ORDER_PLACED channel EMAIL language en
2026-01-19 19:16:32.111 [34mINFO [0;39m [ba60802d-3e07-49cf-a73c-f44536cba0b1] [http-nio-8080-exec-10] c.bharatshop.web.OrdersApiController - Orders fetched: count=2
2026-01-19 19:16:32.117 [1;31mERROR[0;39m [ba60802d-3e07-49cf-a73c-f44536cba0b1] [http-nio-8080-exec-10] com.bharatshop.service.StoreService - [PROOF][STORE_MAP] entity.id=storeA mapped.id=storeA
2026-01-19 19:16:32.121 [1;31mERROR[0;39m [ba60802d-3e07-49cf-a73c-f44536cba0b1] [http-nio-8080-exec-10] com.bharatshop.service.StoreService - [PROOF][STORE_MAP] entity.id=storeA mapped.id=storeA
2026-01-19 19:16:32.123 [34mINFO [0;39m [ba60802d-3e07-49cf-a73c-f44536cba0b1] [http-nio-8080-exec-10] c.b.config.logging.HttpLoggingFilter - GET /api/orders -> 200 (40 ms)
2026-01-19 19:16:32.123 [34mINFO [0;39m [ba60802d-3e07-49cf-a73c-f44536cba0b1] [http-nio-8080-exec-10] c.b.config.logging.HttpLoggingFilter - Headers: auth=present content-type=application/json accept=*/*
2026-01-19 19:16:32.123 [34mINFO [0;39m [ba60802d-3e07-49cf-a73c-f44536cba0b1] [http-nio-8080-exec-10] c.b.config.logging.HttpLoggingFilter - Response payload: [{"createdAt":"2026-01-19T13:46:32.000432Z","total":55.0,"id":"5b6584e7-eaad-4b15-8edd-181b2c26f97b","store":{"name":"Alpha Kirana Store","id":"storeA"},"items":[{"quantity":1,"productId":"prodA1","name":"Aata 1kg"}],"status":"placed"},{"createdAt":"2026-01-19T13:26:58.949200Z","total":55.0,"id":"ff1ad22e-8a96-4821-9147-4e821e679438","store":{"name":"Alpha Kirana Store","id":"storeA"},"items":[{"quantity":1,"productId":"prodA1","name":"Aata 1kg"}],"status":"cancelled"}]
2026-01-19 19:16:32.140 [34mINFO [0;39m [5d459c31-af74-4cdd-9551-94a2196d08e9] [http-nio-8080-exec-9] c.b.config.TenantInterceptor - tenant-context: tenant=tenantA method=GET path=/api/orders
2026-01-19 19:16:32.140 [34mINFO [0;39m [5d459c31-af74-4cdd-9551-94a2196d08e9] [http-nio-8080-exec-9] c.bharatshop.web.OrdersApiController - List orders (canonical): tenant=tenantA userId=e3e7d01b-88f2-420d-b460-5bbd89bb9944
2026-01-19 19:16:32.158 [34mINFO [0;39m [5d459c31-af74-4cdd-9551-94a2196d08e9] [http-nio-8080-exec-9] c.bharatshop.web.OrdersApiController - Orders fetched: count=2
2026-01-19 19:16:32.168 [1;31mERROR[0;39m [5d459c31-af74-4cdd-9551-94a2196d08e9] [http-nio-8080-exec-9] com.bharatshop.service.StoreService - [PROOF][STORE_MAP] entity.id=storeA mapped.id=storeA
2026-01-19 19:16:32.173 [1;31mERROR[0;39m [5d459c31-af74-4cdd-9551-94a2196d08e9] [http-nio-8080-exec-9] com.bharatshop.service.StoreService - [PROOF][STORE_MAP] entity.id=storeA mapped.id=storeA
2026-01-19 19:16:32.175 [34mINFO [0;39m [5d459c31-af74-4cdd-9551-94a2196d08e9] [http-nio-8080-exec-9] c.b.config.logging.HttpLoggingFilter - GET /api/orders -> 200 (42 ms)
2026-01-19 19:16:32.175 [34mINFO [0;39m [5d459c31-af74-4cdd-9551-94a2196d08e9] [http-nio-8080-exec-9] c.b.config.logging.HttpLoggingFilter - Headers: auth=present content-type=application/json accept=*/*
2026-01-19 19:16:32.175 [34mINFO [0;39m [5d459c31-af74-4cdd-9551-94a2196d08e9] [http-nio-8080-exec-9] c.b.config.logging.HttpLoggingFilter - Response payload: [{"createdAt":"2026-01-19T13:46:32.000432Z","total":55.0,"id":"5b6584e7-eaad-4b15-8edd-181b2c26f97b","store":{"name":"Alpha Kirana Store","id":"storeA"},"items":[{"quantity":1,"productId":"prodA1","name":"Aata 1kg"}],"status":"placed"},{"createdAt":"2026-01-19T13:26:58.949200Z","total":55.0,"id":"ff1ad22e-8a96-4821-9147-4e821e679438","store":{"name":"Alpha Kirana Store","id":"storeA"},"items":[{"quantity":1,"productId":"prodA1","name":"Aata 1kg"}],"status":"cancelled"}]
2026-01-19 19:22:23.456 [34mINFO [0;39m [9d565841-08a1-400e-99d9-efdd05a06e6a] [http-nio-8080-exec-4] c.b.config.TenantInterceptor - tenant-context: tenant=tenantA method=GET path=/api/orders
2026-01-19 19:22:23.456 [34mINFO [0;39m [9d565841-08a1-400e-99d9-efdd05a06e6a] [http-nio-8080-exec-4] c.bharatshop.web.OrdersApiController - List orders (canonical): tenant=tenantA userId=e3e7d01b-88f2-420d-b460-5bbd89bb9944
2026-01-19 19:22:23.502 [34mINFO [0;39m [9d565841-08a1-400e-99d9-efdd05a06e6a] [http-nio-8080-exec-4] c.bharatshop.web.OrdersApiController - Orders fetched: count=2
2026-01-19 19:22:23.517 [1;31mERROR[0;39m [9d565841-08a1-400e-99d9-efdd05a06e6a] [http-nio-8080-exec-4] com.bharatshop.service.StoreService - [PROOF][STORE_MAP] entity.id=storeA mapped.id=storeA
2026-01-19 19:22:23.525 [1;31mERROR[0;39m [9d565841-08a1-400e-99d9-efdd05a06e6a] [http-nio-8080-exec-4] com.bharatshop.service.StoreService - [PROOF][STORE_MAP] entity.id=storeA mapped.id=storeA
2026-01-19 19:22:23.527 [34mINFO [0;39m [9d565841-08a1-400e-99d9-efdd05a06e6a] [http-nio-8080-exec-4] c.b.config.logging.HttpLoggingFilter - GET /api/orders -> 200 (71 ms)
2026-01-19 19:22:23.527 [34mINFO [0;39m [9d565841-08a1-400e-99d9-efdd05a06e6a] [http-nio-8080-exec-4] c.b.config.logging.HttpLoggingFilter - Headers: auth=present content-type=application/json accept=*/*
2026-01-19 19:22:23.527 [34mINFO [0;39m [9d565841-08a1-400e-99d9-efdd05a06e6a] [http-nio-8080-exec-4] c.b.config.logging.HttpLoggingFilter - Response payload: [{"createdAt":"2026-01-19T13:46:32.000432Z","total":55.0,"id":"5b6584e7-eaad-4b15-8edd-181b2c26f97b","store":{"name":"Alpha Kirana Store","id":"storeA"},"items":[{"quantity":1,"productId":"prodA1","name":"Aata 1kg"}],"status":"placed"},{"createdAt":"2026-01-19T13:26:58.949200Z","total":55.0,"id":"ff1ad22e-8a96-4821-9147-4e821e679438","store":{"name":"Alpha Kirana Store","id":"storeA"},"items":[{"quantity":1,"productId":"prodA1","name":"Aata 1kg"}],"status":"cancelled"}]
2026-01-19 19:23:29.164 [34mINFO [0;39m [08b0f202-0e35-4c1a-819b-fa94022be89c] [http-nio-8080-exec-2] c.b.config.TenantInterceptor - tenant-context: tenant=tenantA method=GET path=/api/storefront/stores
2026-01-19 19:23:29.167 [34mINFO [0;39m [08b0f202-0e35-4c1a-819b-fa94022be89c] [http-nio-8080-exec-2] c.b.web.CustomerStorefrontController - Customer storefront: list stores tenant=tenantA userId=e3e7d01b-88f2-420d-b460-5bbd89bb9944 search=null category=null
2026-01-19 19:23:29.175 [34mINFO [0;39m [08b0f202-0e35-4c1a-819b-fa94022be89c] [http-nio-8080-exec-2] c.b.logging.RepositoryLoggingAspect - [REPO_CALL] table=stores tenant=tenantA ids=[24ab445b-351b-441e-b886-7e6b905c269b, 33b16e50-5c33-4fc8-b546-8c796895cf49, 3ce3b1bf-7c55-4fa5-bbe3-f45f8a93c67a, 63a5a059-9fb3-4f8e-9b44-b1d3ebf7e683, 68a008cd-6b10-4e48-b036-e3d752230378, 7bcf0556-b5ba-4df8-9196-1d24f45488c0, 871a0bfe-570b-44ed-b7c4-ef60b2d18cf1, 90e791d5-27d3-4330-b834-48510b7dea41, 9a0c37d7-50b9-462e-a551-dcdd782d8a5f, aee5f433-686e-45bb-be6b-2160a9267cb2, b585adf9-d1e7-41be-ba0f-179581c84259, ce9a05aa-7780-4da8-a071-1039ff4b1e4f, storeA]
2026-01-19 19:23:29.175 [1;31mERROR[0;39m [08b0f202-0e35-4c1a-819b-fa94022be89c] [http-nio-8080-exec-2] com.bharatshop.service.StoreService - [PROOF][STORE_REPO] store.id=24ab445b-351b-441e-b886-7e6b905c269b source=DB
2026-01-19 19:23:29.175 [1;31mERROR[0;39m [08b0f202-0e35-4c1a-819b-fa94022be89c] [http-nio-8080-exec-2] com.bharatshop.service.StoreService - [PROOF][STORE_REPO] store.id=33b16e50-5c33-4fc8-b546-8c796895cf49 source=DB
2026-01-19 19:23:29.175 [1;31mERROR[0;39m [08b0f202-0e35-4c1a-819b-fa94022be89c] [http-nio-8080-exec-2] com.bharatshop.service.StoreService - [PROOF][STORE_REPO] store.id=3ce3b1bf-7c55-4fa5-bbe3-f45f8a93c67a source=DB
2026-01-19 19:23:29.175 [1;31mERROR[0;39m [08b0f202-0e35-4c1a-819b-fa94022be89c] [http-nio-8080-exec-2] com.bharatshop.service.StoreService - [PROOF][STORE_REPO] store.id=63a5a059-9fb3-4f8e-9b44-b1d3ebf7e683 source=DB
2026-01-19 19:23:29.177 [1;31mERROR[0;39m [08b0f202-0e35-4c1a-819b-fa94022be89c] [http-nio-8080-exec-2] com.bharatshop.service.StoreService - [PROOF][STORE_REPO] store.id=68a008cd-6b10-4e48-b036-e3d752230378 source=DB
2026-01-19 19:23:29.177 [1;31mERROR[0;39m [08b0f202-0e35-4c1a-819b-fa94022be89c] [http-nio-8080-exec-2] com.bharatshop.service.StoreService - [PROOF][STORE_REPO] store.id=7bcf0556-b5ba-4df8-9196-1d24f45488c0 source=DB
2026-01-19 19:23:29.177 [1;31mERROR[0;39m [08b0f202-0e35-4c1a-819b-fa94022be89c] [http-nio-8080-exec-2] com.bharatshop.service.StoreService - [PROOF][STORE_REPO] store.id=871a0bfe-570b-44ed-b7c4-ef60b2d18cf1 source=DB
2026-01-19 19:23:29.177 [1;31mERROR[0;39m [08b0f202-0e35-4c1a-819b-fa94022be89c] [http-nio-8080-exec-2] com.bharatshop.service.StoreService - [PROOF][STORE_REPO] store.id=90e791d5-27d3-4330-b834-48510b7dea41 source=DB
2026-01-19 19:23:29.177 [1;31mERROR[0;39m [08b0f202-0e35-4c1a-819b-fa94022be89c] [http-nio-8080-exec-2] com.bharatshop.service.StoreService - [PROOF][STORE_REPO] store.id=9a0c37d7-50b9-462e-a551-dcdd782d8a5f source=DB
2026-01-19 19:23:29.177 [1;31mERROR[0;39m [08b0f202-0e35-4c1a-819b-fa94022be89c] [http-nio-8080-exec-2] com.bharatshop.service.StoreService - [PROOF][STORE_REPO] store.id=aee5f433-686e-45bb-be6b-2160a9267cb2 source=DB
2026-01-19 19:23:29.179 [1;31mERROR[0;39m [08b0f202-0e35-4c1a-819b-fa94022be89c] [http-nio-8080-exec-2] com.bharatshop.service.StoreService - [PROOF][STORE_REPO] store.id=b585adf9-d1e7-41be-ba0f-179581c84259 source=DB
2026-01-19 19:23:29.179 [1;31mERROR[0;39m [08b0f202-0e35-4c1a-819b-fa94022be89c] [http-nio-8080-exec-2] com.bharatshop.service.StoreService - [PROOF][STORE_REPO] store.id=ce9a05aa-7780-4da8-a071-1039ff4b1e4f source=DB
2026-01-19 19:23:29.179 [1;31mERROR[0;39m [08b0f202-0e35-4c1a-819b-fa94022be89c] [http-nio-8080-exec-2] com.bharatshop.service.StoreService - [PROOF][STORE_REPO] store.id=storeA source=DB
2026-01-19 19:23:29.179 [1;31mERROR[0;39m [08b0f202-0e35-4c1a-819b-fa94022be89c] [http-nio-8080-exec-2] com.bharatshop.service.StoreService - [PROOF][STORE_MAP] entity.id=24ab445b-351b-441e-b886-7e6b905c269b mapped.id=24ab445b-351b-441e-b886-7e6b905c269b
2026-01-19 19:23:29.179 [1;31mERROR[0;39m [08b0f202-0e35-4c1a-819b-fa94022be89c] [http-nio-8080-exec-2] com.bharatshop.service.StoreService - [PROOF][STORE_MAP] entity.id=33b16e50-5c33-4fc8-b546-8c796895cf49 mapped.id=33b16e50-5c33-4fc8-b546-8c796895cf49
2026-01-19 19:23:29.179 [1;31mERROR[0;39m [08b0f202-0e35-4c1a-819b-fa94022be89c] [http-nio-8080-exec-2] com.bharatshop.service.StoreService - [PROOF][STORE_MAP] entity.id=3ce3b1bf-7c55-4fa5-bbe3-f45f8a93c67a mapped.id=3ce3b1bf-7c55-4fa5-bbe3-f45f8a93c67a
2026-01-19 19:23:29.179 [1;31mERROR[0;39m [08b0f202-0e35-4c1a-819b-fa94022be89c] [http-nio-8080-exec-2] com.bharatshop.service.StoreService - [PROOF][STORE_MAP] entity.id=63a5a059-9fb3-4f8e-9b44-b1d3ebf7e683 mapped.id=63a5a059-9fb3-4f8e-9b44-b1d3ebf7e683
2026-01-19 19:23:29.179 [1;31mERROR[0;39m [08b0f202-0e35-4c1a-819b-fa94022be89c] [http-nio-8080-exec-2] com.bharatshop.service.StoreService - [PROOF][STORE_MAP] entity.id=68a008cd-6b10-4e48-b036-e3d752230378 mapped.id=68a008cd-6b10-4e48-b036-e3d752230378
2026-01-19 19:23:29.179 [1;31mERROR[0;39m [08b0f202-0e35-4c1a-819b-fa94022be89c] [http-nio-8080-exec-2] com.bharatshop.service.StoreService - [PROOF][STORE_MAP] entity.id=7bcf0556-b5ba-4df8-9196-1d24f45488c0 mapped.id=7bcf0556-b5ba-4df8-9196-1d24f45488c0
2026-01-19 19:23:29.179 [1;31mERROR[0;39m [08b0f202-0e35-4c1a-819b-fa94022be89c] [http-nio-8080-exec-2] com.bharatshop.service.StoreService - [PROOF][STORE_MAP] entity.id=871a0bfe-570b-44ed-b7c4-ef60b2d18cf1 mapped.id=871a0bfe-570b-44ed-b7c4-ef60b2d18cf1
2026-01-19 19:23:29.179 [1;31mERROR[0;39m [08b0f202-0e35-4c1a-819b-fa94022be89c] [http-nio-8080-exec-2] com.bharatshop.service.StoreService - [PROOF][STORE_MAP] entity.id=90e791d5-27d3-4330-b834-48510b7dea41 mapped.id=90e791d5-27d3-4330-b834-48510b7dea41
2026-01-19 19:23:29.179 [1;31mERROR[0;39m [08b0f202-0e35-4c1a-819b-fa94022be89c] [http-nio-8080-exec-2] com.bharatshop.service.StoreService - [PROOF][STORE_MAP] entity.id=9a0c37d7-50b9-462e-a551-dcdd782d8a5f mapped.id=9a0c37d7-50b9-462e-a551-dcdd782d8a5f
2026-01-19 19:23:29.179 [1;31mERROR[0;39m [08b0f202-0e35-4c1a-819b-fa94022be89c] [http-nio-8080-exec-2] com.bharatshop.service.StoreService - [PROOF][STORE_MAP] entity.id=aee5f433-686e-45bb-be6b-2160a9267cb2 mapped.id=aee5f433-686e-45bb-be6b-2160a9267cb2
2026-01-19 19:23:29.179 [1;31mERROR[0;39m [08b0f202-0e35-4c1a-819b-fa94022be89c] [http-nio-8080-exec-2] com.bharatshop.service.StoreService - [PROOF][STORE_MAP] entity.id=b585adf9-d1e7-41be-ba0f-179581c84259 mapped.id=b585adf9-d1e7-41be-ba0f-179581c84259
2026-01-19 19:23:29.179 [1;31mERROR[0;39m [08b0f202-0e35-4c1a-819b-fa94022be89c] [http-nio-8080-exec-2] com.bharatshop.service.StoreService - [PROOF][STORE_MAP] entity.id=ce9a05aa-7780-4da8-a071-1039ff4b1e4f mapped.id=ce9a05aa-7780-4da8-a071-1039ff4b1e4f
2026-01-19 19:23:29.179 [1;31mERROR[0;39m [08b0f202-0e35-4c1a-819b-fa94022be89c] [http-nio-8080-exec-2] com.bharatshop.service.StoreService - [PROOF][STORE_MAP] entity.id=storeA mapped.id=storeA
2026-01-19 19:23:29.179 [1;31mERROR[0;39m [08b0f202-0e35-4c1a-819b-fa94022be89c] [http-nio-8080-exec-2] c.b.web.CustomerStorefrontController - [PROOF][STORE_LIST] store.id=storeA tenant=tenantA source=DB
2026-01-19 19:23:29.179 [1;31mERROR[0;39m [08b0f202-0e35-4c1a-819b-fa94022be89c] [http-nio-8080-exec-2] c.b.web.CustomerStorefrontController - [PROOF][STORE_LIST] store.id=33b16e50-5c33-4fc8-b546-8c796895cf49 tenant=tenantA source=DB
2026-01-19 19:23:29.184 [1;31mERROR[0;39m [08b0f202-0e35-4c1a-819b-fa94022be89c] [http-nio-8080-exec-2] c.b.web.CustomerStorefrontController - [PROOF][STORE_LIST] store.id=63a5a059-9fb3-4f8e-9b44-b1d3ebf7e683 tenant=tenantA source=DB
2026-01-19 19:23:29.184 [1;31mERROR[0;39m [08b0f202-0e35-4c1a-819b-fa94022be89c] [http-nio-8080-exec-2] c.b.web.CustomerStorefrontController - [PROOF][STORE_LIST] store.id=68a008cd-6b10-4e48-b036-e3d752230378 tenant=tenantA source=DB
2026-01-19 19:23:29.184 [1;31mERROR[0;39m [08b0f202-0e35-4c1a-819b-fa94022be89c] [http-nio-8080-exec-2] c.b.web.CustomerStorefrontController - [PROOF][STORE_LIST] store.id=7bcf0556-b5ba-4df8-9196-1d24f45488c0 tenant=tenantA source=DB
2026-01-19 19:23:29.184 [1;31mERROR[0;39m [08b0f202-0e35-4c1a-819b-fa94022be89c] [http-nio-8080-exec-2] c.b.web.CustomerStorefrontController - [PROOF][STORE_LIST] store.id=9a0c37d7-50b9-462e-a551-dcdd782d8a5f tenant=tenantA source=DB
2026-01-19 19:23:29.184 [1;31mERROR[0;39m [08b0f202-0e35-4c1a-819b-fa94022be89c] [http-nio-8080-exec-2] c.b.web.CustomerStorefrontController - [PROOF][STORE_LIST] store.id=b585adf9-d1e7-41be-ba0f-179581c84259 tenant=tenantA source=DB
2026-01-19 19:23:29.184 [1;31mERROR[0;39m [08b0f202-0e35-4c1a-819b-fa94022be89c] [http-nio-8080-exec-2] c.b.web.CustomerStorefrontController - [PROOF][STORE_LIST] store.id=24ab445b-351b-441e-b886-7e6b905c269b tenant=tenantA source=DB
2026-01-19 19:23:29.184 [1;31mERROR[0;39m [08b0f202-0e35-4c1a-819b-fa94022be89c] [http-nio-8080-exec-2] c.b.web.CustomerStorefrontController - [PROOF][STORE_LIST] store.id=3ce3b1bf-7c55-4fa5-bbe3-f45f8a93c67a tenant=tenantA source=DB
2026-01-19 19:23:29.186 [1;31mERROR[0;39m [08b0f202-0e35-4c1a-819b-fa94022be89c] [http-nio-8080-exec-2] c.b.web.CustomerStorefrontController - [PROOF][STORE_LIST] store.id=871a0bfe-570b-44ed-b7c4-ef60b2d18cf1 tenant=tenantA source=DB
2026-01-19 19:23:29.186 [1;31mERROR[0;39m [08b0f202-0e35-4c1a-819b-fa94022be89c] [http-nio-8080-exec-2] c.b.web.CustomerStorefrontController - [PROOF][STORE_LIST] store.id=90e791d5-27d3-4330-b834-48510b7dea41 tenant=tenantA source=DB
2026-01-19 19:23:29.186 [1;31mERROR[0;39m [08b0f202-0e35-4c1a-819b-fa94022be89c] [http-nio-8080-exec-2] c.b.web.CustomerStorefrontController - [PROOF][STORE_LIST] store.id=aee5f433-686e-45bb-be6b-2160a9267cb2 tenant=tenantA source=DB
2026-01-19 19:23:29.186 [1;31mERROR[0;39m [08b0f202-0e35-4c1a-819b-fa94022be89c] [http-nio-8080-exec-2] c.b.web.CustomerStorefrontController - [PROOF][STORE_LIST] store.id=ce9a05aa-7780-4da8-a071-1039ff4b1e4f tenant=tenantA source=DB
2026-01-19 19:23:29.188 [34mINFO [0;39m [08b0f202-0e35-4c1a-819b-fa94022be89c] [http-nio-8080-exec-2] c.b.config.logging.HttpLoggingFilter - GET /api/storefront/stores -> 200 (24 ms)
2026-01-19 19:23:29.188 [34mINFO [0;39m [08b0f202-0e35-4c1a-819b-fa94022be89c] [http-nio-8080-exec-2] c.b.config.logging.HttpLoggingFilter - Headers: auth=present content-type=application/json accept=*/*
2026-01-19 19:23:29.188 [34mINFO [0;39m [08b0f202-0e35-4c1a-819b-fa94022be89c] [http-nio-8080-exec-2] c.b.config.logging.HttpLoggingFilter - Response payload: [{"id":"storeA","name":"Alpha Kirana Store","area":"Connaught Place","category":"grocery","ownerId":null,"ownerPhone":"9000000002","products":null,"status":"open","orderingDisabled":false,"closedReason":null,"closedUntil":null,"logo":null,"updatedAt":"2026-01-16T00:06:49Z"},{"id":"33b16e50-5c33-4fc8-b546-8c796895cf49","name":"City Pharmacy","area":"Brigade","category":"pharmacy","ownerId":null,"ownerPhone":null,"products":null,"status":"open","orderingDisabled":false,"closedReason":null,"closedUntil":null,"logo":null,"updatedAt":"2026-01-15T18:57:31.724056Z"},{"id":"63a5a059-9fb3-4f8e-9b44-b1d3ebf7e683","name":"City Pharmacy","area":"Brigade","category":"pharmacy","ownerId":null,"ownerPhone":null,"products":null,"status":"open","orderingDisabled":false,"closedReason":null,"closedUntil":null,"logo":null,"updatedAt":"2026-01-18T20:13:38.663820Z"},{"id":"68a008cd-6b10-4e48-b036-e3d752230378","name":"City Pharmacy","area":"Brigade","category":"pharmacy","ownerId":null,"ownerPhone":null,"products":null,"status":"open","orderingDisabled":false,"closedReason":null,"closedUntil":null,"logo":null,"updatedAt":"2026-01-15T19:03:29.647598Z"},{"id":"7bcf0556-b5ba-4df8-9196-1d24f45488c0","name":"City Pharmacy","area":"Brigade","category":"pharmacy","ownerId":null,"ownerPhone":null,"products":null,"status":"open","orderingDisabled":false,"closedReason":null,"closedUntil":null,"logo":null,"updatedAt":"2026-01-18T20:09:12.421625Z"},{"id":"9a0c37d7-50b9-462e-a551-dcdd782d8a5f","name":"City Pharmacy","area":"Brigade","category":"pharmacy","ownerId":null,"ownerPhone":null,"products":null,"status":"open","orderingDisabled":false,"closedReason":null,"closedUntil":null,"logo":null,"updatedAt":"2026-01-15T19:11:19.048431Z"},{"id":"b585adf9-d1e7-41be-ba0f-179581c84259","name":"City Pharmacy","area":"Brigade","category":"pharmacy","ownerId":null,"ownerPhone":null,"products":null,"status":"open","orderingDisabled":false,"closedReason":null,"closedUntil":null,"logo":null,"updatedAt":"2026-01-15T17:56:53.379793Z"},{"id":"24ab445b-351b-441e-b886-7e6b905c269b","name":"Fresh Mart","area":"MG Road","category":"grocery","ownerId":null,"ownerPhone":null,"products":null,"status":"open","orderingDisabled":false,"closedReason":null,"closedUntil":null,"logo":null,"updatedAt":"2026-01-15T19:11:18.918553Z"},{"id":"3ce3b1bf-7c55-4fa5-bbe3-f45f8a93c67a","name":"Fresh Mart","area":"MG Road","category":"grocery","ownerId":null,"ownerPhone":null,"products":null,"status":"open","orderingDisabled":false,"closedReason":null,"closedUntil":null,"logo":null,"updatedAt":"2026-01-15T17:56:53.251484Z"},{"id":"871a0bfe-570b-44ed-b7c4-ef60b2d18cf1","name":"Fresh Mart","area":"MG Road","category":"grocery","ownerId":null,"ownerPhone":null,"products":null,"status":"open","orderingDisabled":false,"closedReason":null,"closedUntil":null,"logo":null,"updatedAt":"2026-01-15T19:03:29.540557Z"},{"id":"90e791d5-27d3-4330-b834-48510b7dea41","name":"Fresh Mart","area":"MG Road","category":"grocery","ownerId":null,"ownerPhone":null,"products":null,"status":"open","orderingDisabled":false,"closedReason":null,"closedUntil":null,"logo":null,"updatedAt":"2026-01-18T20:09:12.272954Z"},{"id":"aee5f433-686e-45bb-be6b-2160a9267cb2","name":"Fresh Mart","area":"MG Road","category":"grocery","ownerId":null,"ownerPhone":null,"products":null,"status":"open","orderingDisabled":false,"closedReason":null,"closedUntil":null,"logo":null,"updatedAt":"2026-01-18T20:13:38.568416Z"},{"id":"ce9a05aa-7780-4da8-a071-1039ff4b1e4f","name":"Fresh Mart","area":"MG Road","category":"grocery","ownerId":null,"ownerPhone":null,"products":null,"status":"open","orderingDisabled":false,"closedReason":null,"closedUntil":null,"logo":null,"updatedAt":"2026-01-15T18:57:31.588523Z"}]
2026-01-19 19:23:29.208 [34mINFO [0;39m [450a7c35-66f1-4cfc-ab7c-038dcef1d2e9] [http-nio-8080-exec-3] c.b.config.TenantInterceptor - tenant-context: tenant=tenantA method=GET path=/api/storefront/stores
2026-01-19 19:23:29.211 [34mINFO [0;39m [450a7c35-66f1-4cfc-ab7c-038dcef1d2e9] [http-nio-8080-exec-3] c.b.web.CustomerStorefrontController - Customer storefront: list stores tenant=tenantA userId=e3e7d01b-88f2-420d-b460-5bbd89bb9944 search=null category=null
2026-01-19 19:23:29.219 [34mINFO [0;39m [6d00e367-6568-4f64-aafe-baa05ccb7551] [http-nio-8080-exec-1] c.b.config.TenantInterceptor - tenant-context: tenant=tenantA method=GET path=/api/storefront/categories
2026-01-19 19:23:29.219 [34mINFO [0;39m [6d00e367-6568-4f64-aafe-baa05ccb7551] [http-nio-8080-exec-1] c.b.web.CustomerStorefrontController - Customer storefront: list categories tenant=tenantA userId=e3e7d01b-88f2-420d-b460-5bbd89bb9944
2026-01-19 19:23:29.219 [34mINFO [0;39m [450a7c35-66f1-4cfc-ab7c-038dcef1d2e9] [http-nio-8080-exec-3] c.b.logging.RepositoryLoggingAspect - [REPO_CALL] table=stores tenant=tenantA ids=[24ab445b-351b-441e-b886-7e6b905c269b, 33b16e50-5c33-4fc8-b546-8c796895cf49, 3ce3b1bf-7c55-4fa5-bbe3-f45f8a93c67a, 63a5a059-9fb3-4f8e-9b44-b1d3ebf7e683, 68a008cd-6b10-4e48-b036-e3d752230378, 7bcf0556-b5ba-4df8-9196-1d24f45488c0, 871a0bfe-570b-44ed-b7c4-ef60b2d18cf1, 90e791d5-27d3-4330-b834-48510b7dea41, 9a0c37d7-50b9-462e-a551-dcdd782d8a5f, aee5f433-686e-45bb-be6b-2160a9267cb2, b585adf9-d1e7-41be-ba0f-179581c84259, ce9a05aa-7780-4da8-a071-1039ff4b1e4f, storeA]
2026-01-19 19:23:29.219 [1;31mERROR[0;39m [450a7c35-66f1-4cfc-ab7c-038dcef1d2e9] [http-nio-8080-exec-3] com.bharatshop.service.StoreService - [PROOF][STORE_REPO] store.id=24ab445b-351b-441e-b886-7e6b905c269b source=DB
2026-01-19 19:23:29.219 [1;31mERROR[0;39m [450a7c35-66f1-4cfc-ab7c-038dcef1d2e9] [http-nio-8080-exec-3] com.bharatshop.service.StoreService - [PROOF][STORE_REPO] store.id=33b16e50-5c33-4fc8-b546-8c796895cf49 source=DB
2026-01-19 19:23:29.224 [1;31mERROR[0;39m [450a7c35-66f1-4cfc-ab7c-038dcef1d2e9] [http-nio-8080-exec-3] com.bharatshop.service.StoreService - [PROOF][STORE_REPO] store.id=3ce3b1bf-7c55-4fa5-bbe3-f45f8a93c67a source=DB
2026-01-19 19:23:29.224 [1;31mERROR[0;39m [450a7c35-66f1-4cfc-ab7c-038dcef1d2e9] [http-nio-8080-exec-3] com.bharatshop.service.StoreService - [PROOF][STORE_REPO] store.id=63a5a059-9fb3-4f8e-9b44-b1d3ebf7e683 source=DB
2026-01-19 19:23:29.224 [1;31mERROR[0;39m [450a7c35-66f1-4cfc-ab7c-038dcef1d2e9] [http-nio-8080-exec-3] com.bharatshop.service.StoreService - [PROOF][STORE_REPO] store.id=68a008cd-6b10-4e48-b036-e3d752230378 source=DB
2026-01-19 19:23:29.224 [1;31mERROR[0;39m [450a7c35-66f1-4cfc-ab7c-038dcef1d2e9] [http-nio-8080-exec-3] com.bharatshop.service.StoreService - [PROOF][STORE_REPO] store.id=7bcf0556-b5ba-4df8-9196-1d24f45488c0 source=DB
2026-01-19 19:23:29.227 [1;31mERROR[0;39m [450a7c35-66f1-4cfc-ab7c-038dcef1d2e9] [http-nio-8080-exec-3] com.bharatshop.service.StoreService - [PROOF][STORE_REPO] store.id=871a0bfe-570b-44ed-b7c4-ef60b2d18cf1 source=DB
2026-01-19 19:23:29.227 [1;31mERROR[0;39m [450a7c35-66f1-4cfc-ab7c-038dcef1d2e9] [http-nio-8080-exec-3] com.bharatshop.service.StoreService - [PROOF][STORE_REPO] store.id=90e791d5-27d3-4330-b834-48510b7dea41 source=DB
2026-01-19 19:23:29.227 [1;31mERROR[0;39m [450a7c35-66f1-4cfc-ab7c-038dcef1d2e9] [http-nio-8080-exec-3] com.bharatshop.service.StoreService - [PROOF][STORE_REPO] store.id=9a0c37d7-50b9-462e-a551-dcdd782d8a5f source=DB
2026-01-19 19:23:29.227 [1;31mERROR[0;39m [450a7c35-66f1-4cfc-ab7c-038dcef1d2e9] [http-nio-8080-exec-3] com.bharatshop.service.StoreService - [PROOF][STORE_REPO] store.id=aee5f433-686e-45bb-be6b-2160a9267cb2 source=DB
2026-01-19 19:23:29.227 [1;31mERROR[0;39m [450a7c35-66f1-4cfc-ab7c-038dcef1d2e9] [http-nio-8080-exec-3] com.bharatshop.service.StoreService - [PROOF][STORE_REPO] store.id=b585adf9-d1e7-41be-ba0f-179581c84259 source=DB
2026-01-19 19:23:29.229 [1;31mERROR[0;39m [450a7c35-66f1-4cfc-ab7c-038dcef1d2e9] [http-nio-8080-exec-3] com.bharatshop.service.StoreService - [PROOF][STORE_REPO] store.id=ce9a05aa-7780-4da8-a071-1039ff4b1e4f source=DB
2026-01-19 19:23:29.229 [1;31mERROR[0;39m [450a7c35-66f1-4cfc-ab7c-038dcef1d2e9] [http-nio-8080-exec-3] com.bharatshop.service.StoreService - [PROOF][STORE_REPO] store.id=storeA source=DB
2026-01-19 19:23:29.229 [1;31mERROR[0;39m [450a7c35-66f1-4cfc-ab7c-038dcef1d2e9] [http-nio-8080-exec-3] com.bharatshop.service.StoreService - [PROOF][STORE_MAP] entity.id=24ab445b-351b-441e-b886-7e6b905c269b mapped.id=24ab445b-351b-441e-b886-7e6b905c269b
2026-01-19 19:23:29.229 [1;31mERROR[0;39m [450a7c35-66f1-4cfc-ab7c-038dcef1d2e9] [http-nio-8080-exec-3] com.bharatshop.service.StoreService - [PROOF][STORE_MAP] entity.id=33b16e50-5c33-4fc8-b546-8c796895cf49 mapped.id=33b16e50-5c33-4fc8-b546-8c796895cf49
2026-01-19 19:23:29.231 [1;31mERROR[0;39m [450a7c35-66f1-4cfc-ab7c-038dcef1d2e9] [http-nio-8080-exec-3] com.bharatshop.service.StoreService - [PROOF][STORE_MAP] entity.id=3ce3b1bf-7c55-4fa5-bbe3-f45f8a93c67a mapped.id=3ce3b1bf-7c55-4fa5-bbe3-f45f8a93c67a
2026-01-19 19:23:29.231 [1;31mERROR[0;39m [450a7c35-66f1-4cfc-ab7c-038dcef1d2e9] [http-nio-8080-exec-3] com.bharatshop.service.StoreService - [PROOF][STORE_MAP] entity.id=63a5a059-9fb3-4f8e-9b44-b1d3ebf7e683 mapped.id=63a5a059-9fb3-4f8e-9b44-b1d3ebf7e683
2026-01-19 19:23:29.231 [1;31mERROR[0;39m [450a7c35-66f1-4cfc-ab7c-038dcef1d2e9] [http-nio-8080-exec-3] com.bharatshop.service.StoreService - [PROOF][STORE_MAP] entity.id=68a008cd-6b10-4e48-b036-e3d752230378 mapped.id=68a008cd-6b10-4e48-b036-e3d752230378
2026-01-19 19:23:29.231 [1;31mERROR[0;39m [450a7c35-66f1-4cfc-ab7c-038dcef1d2e9] [http-nio-8080-exec-3] com.bharatshop.service.StoreService - [PROOF][STORE_MAP] entity.id=7bcf0556-b5ba-4df8-9196-1d24f45488c0 mapped.id=7bcf0556-b5ba-4df8-9196-1d24f45488c0
2026-01-19 19:23:29.231 [1;31mERROR[0;39m [450a7c35-66f1-4cfc-ab7c-038dcef1d2e9] [http-nio-8080-exec-3] com.bharatshop.service.StoreService - [PROOF][STORE_MAP] entity.id=871a0bfe-570b-44ed-b7c4-ef60b2d18cf1 mapped.id=871a0bfe-570b-44ed-b7c4-ef60b2d18cf1
2026-01-19 19:23:29.231 [1;31mERROR[0;39m [450a7c35-66f1-4cfc-ab7c-038dcef1d2e9] [http-nio-8080-exec-3] com.bharatshop.service.StoreService - [PROOF][STORE_MAP] entity.id=90e791d5-27d3-4330-b834-48510b7dea41 mapped.id=90e791d5-27d3-4330-b834-48510b7dea41
2026-01-19 19:23:29.231 [1;31mERROR[0;39m [450a7c35-66f1-4cfc-ab7c-038dcef1d2e9] [http-nio-8080-exec-3] com.bharatshop.service.StoreService - [PROOF][STORE_MAP] entity.id=9a0c37d7-50b9-462e-a551-dcdd782d8a5f mapped.id=9a0c37d7-50b9-462e-a551-dcdd782d8a5f
2026-01-19 19:23:29.233 [1;31mERROR[0;39m [450a7c35-66f1-4cfc-ab7c-038dcef1d2e9] [http-nio-8080-exec-3] com.bharatshop.service.StoreService - [PROOF][STORE_MAP] entity.id=aee5f433-686e-45bb-be6b-2160a9267cb2 mapped.id=aee5f433-686e-45bb-be6b-2160a9267cb2
2026-01-19 19:23:29.233 [1;31mERROR[0;39m [450a7c35-66f1-4cfc-ab7c-038dcef1d2e9] [http-nio-8080-exec-3] com.bharatshop.service.StoreService - [PROOF][STORE_MAP] entity.id=b585adf9-d1e7-41be-ba0f-179581c84259 mapped.id=b585adf9-d1e7-41be-ba0f-179581c84259
2026-01-19 19:23:29.233 [1;31mERROR[0;39m [450a7c35-66f1-4cfc-ab7c-038dcef1d2e9] [http-nio-8080-exec-3] com.bharatshop.service.StoreService - [PROOF][STORE_MAP] entity.id=ce9a05aa-7780-4da8-a071-1039ff4b1e4f mapped.id=ce9a05aa-7780-4da8-a071-1039ff4b1e4f
2026-01-19 19:23:29.233 [1;31mERROR[0;39m [450a7c35-66f1-4cfc-ab7c-038dcef1d2e9] [http-nio-8080-exec-3] com.bharatshop.service.StoreService - [PROOF][STORE_MAP] entity.id=storeA mapped.id=storeA
2026-01-19 19:23:29.233 [1;31mERROR[0;39m [450a7c35-66f1-4cfc-ab7c-038dcef1d2e9] [http-nio-8080-exec-3] c.b.web.CustomerStorefrontController - [PROOF][STORE_LIST] store.id=storeA tenant=tenantA source=DB
2026-01-19 19:23:29.235 [1;31mERROR[0;39m [450a7c35-66f1-4cfc-ab7c-038dcef1d2e9] [http-nio-8080-exec-3] c.b.web.CustomerStorefrontController - [PROOF][STORE_LIST] store.id=33b16e50-5c33-4fc8-b546-8c796895cf49 tenant=tenantA source=DB
2026-01-19 19:23:29.235 [1;31mERROR[0;39m [450a7c35-66f1-4cfc-ab7c-038dcef1d2e9] [http-nio-8080-exec-3] c.b.web.CustomerStorefrontController - [PROOF][STORE_LIST] store.id=63a5a059-9fb3-4f8e-9b44-b1d3ebf7e683 tenant=tenantA source=DB
2026-01-19 19:23:29.235 [1;31mERROR[0;39m [450a7c35-66f1-4cfc-ab7c-038dcef1d2e9] [http-nio-8080-exec-3] c.b.web.CustomerStorefrontController - [PROOF][STORE_LIST] store.id=68a008cd-6b10-4e48-b036-e3d752230378 tenant=tenantA source=DB
2026-01-19 19:23:29.235 [1;31mERROR[0;39m [450a7c35-66f1-4cfc-ab7c-038dcef1d2e9] [http-nio-8080-exec-3] c.b.web.CustomerStorefrontController - [PROOF][STORE_LIST] store.id=7bcf0556-b5ba-4df8-9196-1d24f45488c0 tenant=tenantA source=DB
2026-01-19 19:23:29.237 [1;31mERROR[0;39m [450a7c35-66f1-4cfc-ab7c-038dcef1d2e9] [http-nio-8080-exec-3] c.b.web.CustomerStorefrontController - [PROOF][STORE_LIST] store.id=9a0c37d7-50b9-462e-a551-dcdd782d8a5f tenant=tenantA source=DB
2026-01-19 19:23:29.237 [1;31mERROR[0;39m [450a7c35-66f1-4cfc-ab7c-038dcef1d2e9] [http-nio-8080-exec-3] c.b.web.CustomerStorefrontController - [PROOF][STORE_LIST] store.id=b585adf9-d1e7-41be-ba0f-179581c84259 tenant=tenantA source=DB
2026-01-19 19:23:29.237 [1;31mERROR[0;39m [450a7c35-66f1-4cfc-ab7c-038dcef1d2e9] [http-nio-8080-exec-3] c.b.web.CustomerStorefrontController - [PROOF][STORE_LIST] store.id=24ab445b-351b-441e-b886-7e6b905c269b tenant=tenantA source=DB
2026-01-19 19:23:29.237 [1;31mERROR[0;39m [450a7c35-66f1-4cfc-ab7c-038dcef1d2e9] [http-nio-8080-exec-3] c.b.web.CustomerStorefrontController - [PROOF][STORE_LIST] store.id=3ce3b1bf-7c55-4fa5-bbe3-f45f8a93c67a tenant=tenantA source=DB
2026-01-19 19:23:29.237 [1;31mERROR[0;39m [450a7c35-66f1-4cfc-ab7c-038dcef1d2e9] [http-nio-8080-exec-3] c.b.web.CustomerStorefrontController - [PROOF][STORE_LIST] store.id=871a0bfe-570b-44ed-b7c4-ef60b2d18cf1 tenant=tenantA source=DB
2026-01-19 19:23:29.237 [34mINFO [0;39m [6d00e367-6568-4f64-aafe-baa05ccb7551] [http-nio-8080-exec-1] c.b.config.logging.HttpLoggingFilter - GET /api/storefront/categories -> 200 (20 ms)
2026-01-19 19:23:29.237 [1;31mERROR[0;39m [450a7c35-66f1-4cfc-ab7c-038dcef1d2e9] [http-nio-8080-exec-3] c.b.web.CustomerStorefrontController - [PROOF][STORE_LIST] store.id=90e791d5-27d3-4330-b834-48510b7dea41 tenant=tenantA source=DB
2026-01-19 19:23:29.239 [34mINFO [0;39m [6d00e367-6568-4f64-aafe-baa05ccb7551] [http-nio-8080-exec-1] c.b.config.logging.HttpLoggingFilter - Headers: auth=present content-type=application/json accept=*/*
2026-01-19 19:23:29.239 [1;31mERROR[0;39m [450a7c35-66f1-4cfc-ab7c-038dcef1d2e9] [http-nio-8080-exec-3] c.b.web.CustomerStorefrontController - [PROOF][STORE_LIST] store.id=aee5f433-686e-45bb-be6b-2160a9267cb2 tenant=tenantA source=DB
2026-01-19 19:23:29.239 [34mINFO [0;39m [6d00e367-6568-4f64-aafe-baa05ccb7551] [http-nio-8080-exec-1] c.b.config.logging.HttpLoggingFilter - Response payload: ["dairy","fruits","grocery","medicine"]
2026-01-19 19:23:29.239 [1;31mERROR[0;39m [450a7c35-66f1-4cfc-ab7c-038dcef1d2e9] [http-nio-8080-exec-3] c.b.web.CustomerStorefrontController - [PROOF][STORE_LIST] store.id=ce9a05aa-7780-4da8-a071-1039ff4b1e4f tenant=tenantA source=DB
2026-01-19 19:23:29.241 [34mINFO [0;39m [450a7c35-66f1-4cfc-ab7c-038dcef1d2e9] [http-nio-8080-exec-3] c.b.config.logging.HttpLoggingFilter - GET /api/storefront/stores -> 200 (33 ms)
2026-01-19 19:23:29.243 [34mINFO [0;39m [450a7c35-66f1-4cfc-ab7c-038dcef1d2e9] [http-nio-8080-exec-3] c.b.config.logging.HttpLoggingFilter - Headers: auth=present content-type=application/json accept=*/*
2026-01-19 19:23:29.243 [34mINFO [0;39m [450a7c35-66f1-4cfc-ab7c-038dcef1d2e9] [http-nio-8080-exec-3] c.b.config.logging.HttpLoggingFilter - Response payload: [{"id":"storeA","name":"Alpha Kirana Store","area":"Connaught Place","category":"grocery","ownerId":null,"ownerPhone":"9000000002","products":null,"status":"open","orderingDisabled":false,"closedReason":null,"closedUntil":null,"logo":null,"updatedAt":"2026-01-16T00:06:49Z"},{"id":"33b16e50-5c33-4fc8-b546-8c796895cf49","name":"City Pharmacy","area":"Brigade","category":"pharmacy","ownerId":null,"ownerPhone":null,"products":null,"status":"open","orderingDisabled":false,"closedReason":null,"closedUntil":null,"logo":null,"updatedAt":"2026-01-15T18:57:31.724056Z"},{"id":"63a5a059-9fb3-4f8e-9b44-b1d3ebf7e683","name":"City Pharmacy","area":"Brigade","category":"pharmacy","ownerId":null,"ownerPhone":null,"products":null,"status":"open","orderingDisabled":false,"closedReason":null,"closedUntil":null,"logo":null,"updatedAt":"2026-01-18T20:13:38.663820Z"},{"id":"68a008cd-6b10-4e48-b036-e3d752230378","name":"City Pharmacy","area":"Brigade","category":"pharmacy","ownerId":null,"ownerPhone":null,"products":null,"status":"open","orderingDisabled":false,"closedReason":null,"closedUntil":null,"logo":null,"updatedAt":"2026-01-15T19:03:29.647598Z"},{"id":"7bcf0556-b5ba-4df8-9196-1d24f45488c0","name":"City Pharmacy","area":"Brigade","category":"pharmacy","ownerId":null,"ownerPhone":null,"products":null,"status":"open","orderingDisabled":false,"closedReason":null,"closedUntil":null,"logo":null,"updatedAt":"2026-01-18T20:09:12.421625Z"},{"id":"9a0c37d7-50b9-462e-a551-dcdd782d8a5f","name":"City Pharmacy","area":"Brigade","category":"pharmacy","ownerId":null,"ownerPhone":null,"products":null,"status":"open","orderingDisabled":false,"closedReason":null,"closedUntil":null,"logo":null,"updatedAt":"2026-01-15T19:11:19.048431Z"},{"id":"b585adf9-d1e7-41be-ba0f-179581c84259","name":"City Pharmacy","area":"Brigade","category":"pharmacy","ownerId":null,"ownerPhone":null,"products":null,"status":"open","orderingDisabled":false,"closedReason":null,"closedUntil":null,"logo":null,"updatedAt":"2026-01-15T17:56:53.379793Z"},{"id":"24ab445b-351b-441e-b886-7e6b905c269b","name":"Fresh Mart","area":"MG Road","category":"grocery","ownerId":null,"ownerPhone":null,"products":null,"status":"open","orderingDisabled":false,"closedReason":null,"closedUntil":null,"logo":null,"updatedAt":"2026-01-15T19:11:18.918553Z"},{"id":"3ce3b1bf-7c55-4fa5-bbe3-f45f8a93c67a","name":"Fresh Mart","area":"MG Road","category":"grocery","ownerId":null,"ownerPhone":null,"products":null,"status":"open","orderingDisabled":false,"closedReason":null,"closedUntil":null,"logo":null,"updatedAt":"2026-01-15T17:56:53.251484Z"},{"id":"871a0bfe-570b-44ed-b7c4-ef60b2d18cf1","name":"Fresh Mart","area":"MG Road","category":"grocery","ownerId":null,"ownerPhone":null,"products":null,"status":"open","orderingDisabled":false,"closedReason":null,"closedUntil":null,"logo":null,"updatedAt":"2026-01-15T19:03:29.540557Z"},{"id":"90e791d5-27d3-4330-b834-48510b7dea41","name":"Fresh Mart","area":"MG Road","category":"grocery","ownerId":null,"ownerPhone":null,"products":null,"status":"open","orderingDisabled":false,"closedReason":null,"closedUntil":null,"logo":null,"updatedAt":"2026-01-18T20:09:12.272954Z"},{"id":"aee5f433-686e-45bb-be6b-2160a9267cb2","name":"Fresh Mart","area":"MG Road","category":"grocery","ownerId":null,"ownerPhone":null,"products":null,"status":"open","orderingDisabled":false,"closedReason":null,"closedUntil":null,"logo":null,"updatedAt":"2026-01-18T20:13:38.568416Z"},{"id":"ce9a05aa-7780-4da8-a071-1039ff4b1e4f","name":"Fresh Mart","area":"MG Road","category":"grocery","ownerId":null,"ownerPhone":null,"products":null,"status":"open","orderingDisabled":false,"closedReason":null,"closedUntil":null,"logo":null,"updatedAt":"2026-01-15T18:57:31.588523Z"}]
2026-01-19 19:23:29.280 [34mINFO [0;39m [1ff7b210-473b-4272-accb-6642a8f8ac78] [http-nio-8080-exec-7] c.b.config.TenantInterceptor - tenant-context: tenant=tenantA method=GET path=/api/storefront/categories
2026-01-19 19:23:29.282 [34mINFO [0;39m [1ff7b210-473b-4272-accb-6642a8f8ac78] [http-nio-8080-exec-7] c.b.web.CustomerStorefrontController - Customer storefront: list categories tenant=tenantA userId=e3e7d01b-88f2-420d-b460-5bbd89bb9944
2026-01-19 19:23:29.297 [34mINFO [0;39m [1ff7b210-473b-4272-accb-6642a8f8ac78] [http-nio-8080-exec-7] c.b.config.logging.HttpLoggingFilter - GET /api/storefront/categories -> 200 (17 ms)
2026-01-19 19:23:29.297 [34mINFO [0;39m [1ff7b210-473b-4272-accb-6642a8f8ac78] [http-nio-8080-exec-7] c.b.config.logging.HttpLoggingFilter - Headers: auth=present content-type=application/json accept=*/*
2026-01-19 19:23:29.297 [34mINFO [0;39m [1ff7b210-473b-4272-accb-6642a8f8ac78] [http-nio-8080-exec-7] c.b.config.logging.HttpLoggingFilter - Response payload: ["dairy","fruits","grocery","medicine"]
2026-01-19 19:23:31.911 [34mINFO [0;39m [2a8aa1c7-6009-4152-8bc9-87875de21497] [http-nio-8080-exec-6] c.b.config.TenantInterceptor - tenant-context: tenant=tenantA method=GET path=/api/orders
2026-01-19 19:23:31.913 [34mINFO [0;39m [2a8aa1c7-6009-4152-8bc9-87875de21497] [http-nio-8080-exec-6] c.bharatshop.web.OrdersApiController - List orders (canonical): tenant=tenantA userId=e3e7d01b-88f2-420d-b460-5bbd89bb9944
2026-01-19 19:23:31.938 [34mINFO [0;39m [2a8aa1c7-6009-4152-8bc9-87875de21497] [http-nio-8080-exec-6] c.bharatshop.web.OrdersApiController - Orders fetched: count=2
2026-01-19 19:23:31.942 [1;31mERROR[0;39m [2a8aa1c7-6009-4152-8bc9-87875de21497] [http-nio-8080-exec-6] com.bharatshop.service.StoreService - [PROOF][STORE_MAP] entity.id=storeA mapped.id=storeA
2026-01-19 19:23:31.948 [1;31mERROR[0;39m [2a8aa1c7-6009-4152-8bc9-87875de21497] [http-nio-8080-exec-6] com.bharatshop.service.StoreService - [PROOF][STORE_MAP] entity.id=storeA mapped.id=storeA
2026-01-19 19:23:31.950 [34mINFO [0;39m [2a8aa1c7-6009-4152-8bc9-87875de21497] [http-nio-8080-exec-6] c.b.config.logging.HttpLoggingFilter - GET /api/orders -> 200 (41 ms)
2026-01-19 19:23:31.952 [34mINFO [0;39m [2a8aa1c7-6009-4152-8bc9-87875de21497] [http-nio-8080-exec-6] c.b.config.logging.HttpLoggingFilter - Headers: auth=present content-type=application/json accept=*/*
2026-01-19 19:23:31.952 [34mINFO [0;39m [2a8aa1c7-6009-4152-8bc9-87875de21497] [http-nio-8080-exec-6] c.b.config.logging.HttpLoggingFilter - Response payload: [{"createdAt":"2026-01-19T13:46:32.000432Z","total":55.0,"id":"5b6584e7-eaad-4b15-8edd-181b2c26f97b","store":{"name":"Alpha Kirana Store","id":"storeA"},"items":[{"quantity":1,"productId":"prodA1","name":"Aata 1kg"}],"status":"placed"},{"createdAt":"2026-01-19T13:26:58.949200Z","total":55.0,"id":"ff1ad22e-8a96-4821-9147-4e821e679438","store":{"name":"Alpha Kirana Store","id":"storeA"},"items":[{"quantity":1,"productId":"prodA1","name":"Aata 1kg"}],"status":"cancelled"}]
2026-01-19 19:23:31.981 [34mINFO [0;39m [80c9ac9a-7b8b-4581-8e0a-97218430b6ac] [http-nio-8080-exec-5] c.b.config.TenantInterceptor - tenant-context: tenant=tenantA method=GET path=/api/orders
2026-01-19 19:23:31.983 [34mINFO [0;39m [80c9ac9a-7b8b-4581-8e0a-97218430b6ac] [http-nio-8080-exec-5] c.bharatshop.web.OrdersApiController - List orders (canonical): tenant=tenantA userId=e3e7d01b-88f2-420d-b460-5bbd89bb9944
2026-01-19 19:23:32.011 [34mINFO [0;39m [80c9ac9a-7b8b-4581-8e0a-97218430b6ac] [http-nio-8080-exec-5] c.bharatshop.web.OrdersApiController - Orders fetched: count=2
2026-01-19 19:23:32.016 [1;31mERROR[0;39m [80c9ac9a-7b8b-4581-8e0a-97218430b6ac] [http-nio-8080-exec-5] com.bharatshop.service.StoreService - [PROOF][STORE_MAP] entity.id=storeA mapped.id=storeA
2026-01-19 19:23:32.024 [1;31mERROR[0;39m [80c9ac9a-7b8b-4581-8e0a-97218430b6ac] [http-nio-8080-exec-5] com.bharatshop.service.StoreService - [PROOF][STORE_MAP] entity.id=storeA mapped.id=storeA
2026-01-19 19:23:32.026 [34mINFO [0;39m [80c9ac9a-7b8b-4581-8e0a-97218430b6ac] [http-nio-8080-exec-5] c.b.config.logging.HttpLoggingFilter - GET /api/orders -> 200 (47 ms)
2026-01-19 19:23:32.028 [34mINFO [0;39m [80c9ac9a-7b8b-4581-8e0a-97218430b6ac] [http-nio-8080-exec-5] c.b.config.logging.HttpLoggingFilter - Headers: auth=present content-type=application/json accept=*/*
2026-01-19 19:23:32.028 [34mINFO [0;39m [80c9ac9a-7b8b-4581-8e0a-97218430b6ac] [http-nio-8080-exec-5] c.b.config.logging.HttpLoggingFilter - Response payload: [{"createdAt":"2026-01-19T13:46:32.000432Z","total":55.0,"id":"5b6584e7-eaad-4b15-8edd-181b2c26f97b","store":{"name":"Alpha Kirana Store","id":"storeA"},"items":[{"quantity":1,"productId":"prodA1","name":"Aata 1kg"}],"status":"placed"},{"createdAt":"2026-01-19T13:26:58.949200Z","total":55.0,"id":"ff1ad22e-8a96-4821-9147-4e821e679438","store":{"name":"Alpha Kirana Store","id":"storeA"},"items":[{"quantity":1,"productId":"prodA1","name":"Aata 1kg"}],"status":"cancelled"}]
2026-01-19 19:31:42.808 [34mINFO [0;39m [c0bfc5ea-b9ba-4f49-a945-8a3759e0fa3c] [http-nio-8080-exec-8] c.b.config.TenantInterceptor - tenant-context: tenant=tenantA method=GET path=/api/storefront/stores
2026-01-19 19:31:42.808 [34mINFO [0;39m [c0bfc5ea-b9ba-4f49-a945-8a3759e0fa3c] [http-nio-8080-exec-8] c.b.web.CustomerStorefrontController - Customer storefront: list stores tenant=tenantA userId=e3e7d01b-88f2-420d-b460-5bbd89bb9944 search=null category=null
2026-01-19 19:31:42.820 [34mINFO [0;39m [c0bfc5ea-b9ba-4f49-a945-8a3759e0fa3c] [http-nio-8080-exec-8] c.b.logging.RepositoryLoggingAspect - [REPO_CALL] table=stores tenant=tenantA ids=[24ab445b-351b-441e-b886-7e6b905c269b, 33b16e50-5c33-4fc8-b546-8c796895cf49, 3ce3b1bf-7c55-4fa5-bbe3-f45f8a93c67a, 63a5a059-9fb3-4f8e-9b44-b1d3ebf7e683, 68a008cd-6b10-4e48-b036-e3d752230378, 7bcf0556-b5ba-4df8-9196-1d24f45488c0, 871a0bfe-570b-44ed-b7c4-ef60b2d18cf1, 90e791d5-27d3-4330-b834-48510b7dea41, 9a0c37d7-50b9-462e-a551-dcdd782d8a5f, aee5f433-686e-45bb-be6b-2160a9267cb2, b585adf9-d1e7-41be-ba0f-179581c84259, ce9a05aa-7780-4da8-a071-1039ff4b1e4f, storeA]
2026-01-19 19:31:42.820 [1;31mERROR[0;39m [c0bfc5ea-b9ba-4f49-a945-8a3759e0fa3c] [http-nio-8080-exec-8] com.bharatshop.service.StoreService - [PROOF][STORE_REPO] store.id=24ab445b-351b-441e-b886-7e6b905c269b source=DB
2026-01-19 19:31:42.820 [1;31mERROR[0;39m [c0bfc5ea-b9ba-4f49-a945-8a3759e0fa3c] [http-nio-8080-exec-8] com.bharatshop.service.StoreService - [PROOF][STORE_REPO] store.id=33b16e50-5c33-4fc8-b546-8c796895cf49 source=DB
2026-01-19 19:31:42.822 [1;31mERROR[0;39m [c0bfc5ea-b9ba-4f49-a945-8a3759e0fa3c] [http-nio-8080-exec-8] com.bharatshop.service.StoreService - [PROOF][STORE_REPO] store.id=3ce3b1bf-7c55-4fa5-bbe3-f45f8a93c67a source=DB
2026-01-19 19:31:42.822 [1;31mERROR[0;39m [c0bfc5ea-b9ba-4f49-a945-8a3759e0fa3c] [http-nio-8080-exec-8] com.bharatshop.service.StoreService - [PROOF][STORE_REPO] store.id=63a5a059-9fb3-4f8e-9b44-b1d3ebf7e683 source=DB
2026-01-19 19:31:42.822 [1;31mERROR[0;39m [c0bfc5ea-b9ba-4f49-a945-8a3759e0fa3c] [http-nio-8080-exec-8] com.bharatshop.service.StoreService - [PROOF][STORE_REPO] store.id=68a008cd-6b10-4e48-b036-e3d752230378 source=DB
2026-01-19 19:31:42.822 [1;31mERROR[0;39m [c0bfc5ea-b9ba-4f49-a945-8a3759e0fa3c] [http-nio-8080-exec-8] com.bharatshop.service.StoreService - [PROOF][STORE_REPO] store.id=7bcf0556-b5ba-4df8-9196-1d24f45488c0 source=DB
2026-01-19 19:31:42.822 [1;31mERROR[0;39m [c0bfc5ea-b9ba-4f49-a945-8a3759e0fa3c] [http-nio-8080-exec-8] com.bharatshop.service.StoreService - [PROOF][STORE_REPO] store.id=871a0bfe-570b-44ed-b7c4-ef60b2d18cf1 source=DB
2026-01-19 19:31:42.824 [1;31mERROR[0;39m [c0bfc5ea-b9ba-4f49-a945-8a3759e0fa3c] [http-nio-8080-exec-8] com.bharatshop.service.StoreService - [PROOF][STORE_REPO] store.id=90e791d5-27d3-4330-b834-48510b7dea41 source=DB
2026-01-19 19:31:42.824 [1;31mERROR[0;39m [c0bfc5ea-b9ba-4f49-a945-8a3759e0fa3c] [http-nio-8080-exec-8] com.bharatshop.service.StoreService - [PROOF][STORE_REPO] store.id=9a0c37d7-50b9-462e-a551-dcdd782d8a5f source=DB
2026-01-19 19:31:42.824 [1;31mERROR[0;39m [c0bfc5ea-b9ba-4f49-a945-8a3759e0fa3c] [http-nio-8080-exec-8] com.bharatshop.service.StoreService - [PROOF][STORE_REPO] store.id=aee5f433-686e-45bb-be6b-2160a9267cb2 source=DB
2026-01-19 19:31:42.824 [1;31mERROR[0;39m [c0bfc5ea-b9ba-4f49-a945-8a3759e0fa3c] [http-nio-8080-exec-8] com.bharatshop.service.StoreService - [PROOF][STORE_REPO] store.id=b585adf9-d1e7-41be-ba0f-179581c84259 source=DB
2026-01-19 19:31:42.824 [1;31mERROR[0;39m [c0bfc5ea-b9ba-4f49-a945-8a3759e0fa3c] [http-nio-8080-exec-8] com.bharatshop.service.StoreService - [PROOF][STORE_REPO] store.id=ce9a05aa-7780-4da8-a071-1039ff4b1e4f source=DB
2026-01-19 19:31:42.824 [1;31mERROR[0;39m [c0bfc5ea-b9ba-4f49-a945-8a3759e0fa3c] [http-nio-8080-exec-8] com.bharatshop.service.StoreService - [PROOF][STORE_REPO] store.id=storeA source=DB
2026-01-19 19:31:42.826 [1;31mERROR[0;39m [c0bfc5ea-b9ba-4f49-a945-8a3759e0fa3c] [http-nio-8080-exec-8] com.bharatshop.service.StoreService - [PROOF][STORE_MAP] entity.id=24ab445b-351b-441e-b886-7e6b905c269b mapped.id=24ab445b-351b-441e-b886-7e6b905c269b
2026-01-19 19:31:42.826 [1;31mERROR[0;39m [c0bfc5ea-b9ba-4f49-a945-8a3759e0fa3c] [http-nio-8080-exec-8] com.bharatshop.service.StoreService - [PROOF][STORE_MAP] entity.id=33b16e50-5c33-4fc8-b546-8c796895cf49 mapped.id=33b16e50-5c33-4fc8-b546-8c796895cf49
2026-01-19 19:31:42.826 [1;31mERROR[0;39m [c0bfc5ea-b9ba-4f49-a945-8a3759e0fa3c] [http-nio-8080-exec-8] com.bharatshop.service.StoreService - [PROOF][STORE_MAP] entity.id=3ce3b1bf-7c55-4fa5-bbe3-f45f8a93c67a mapped.id=3ce3b1bf-7c55-4fa5-bbe3-f45f8a93c67a
2026-01-19 19:31:42.826 [1;31mERROR[0;39m [c0bfc5ea-b9ba-4f49-a945-8a3759e0fa3c] [http-nio-8080-exec-8] com.bharatshop.service.StoreService - [PROOF][STORE_MAP] entity.id=63a5a059-9fb3-4f8e-9b44-b1d3ebf7e683 mapped.id=63a5a059-9fb3-4f8e-9b44-b1d3ebf7e683
2026-01-19 19:31:42.826 [1;31mERROR[0;39m [c0bfc5ea-b9ba-4f49-a945-8a3759e0fa3c] [http-nio-8080-exec-8] com.bharatshop.service.StoreService - [PROOF][STORE_MAP] entity.id=68a008cd-6b10-4e48-b036-e3d752230378 mapped.id=68a008cd-6b10-4e48-b036-e3d752230378
2026-01-19 19:31:42.826 [1;31mERROR[0;39m [c0bfc5ea-b9ba-4f49-a945-8a3759e0fa3c] [http-nio-8080-exec-8] com.bharatshop.service.StoreService - [PROOF][STORE_MAP] entity.id=7bcf0556-b5ba-4df8-9196-1d24f45488c0 mapped.id=7bcf0556-b5ba-4df8-9196-1d24f45488c0
2026-01-19 19:31:42.826 [1;31mERROR[0;39m [c0bfc5ea-b9ba-4f49-a945-8a3759e0fa3c] [http-nio-8080-exec-8] com.bharatshop.service.StoreService - [PROOF][STORE_MAP] entity.id=871a0bfe-570b-44ed-b7c4-ef60b2d18cf1 mapped.id=871a0bfe-570b-44ed-b7c4-ef60b2d18cf1
2026-01-19 19:31:42.831 [1;31mERROR[0;39m [c0bfc5ea-b9ba-4f49-a945-8a3759e0fa3c] [http-nio-8080-exec-8] com.bharatshop.service.StoreService - [PROOF][STORE_MAP] entity.id=90e791d5-27d3-4330-b834-48510b7dea41 mapped.id=90e791d5-27d3-4330-b834-48510b7dea41
2026-01-19 19:31:42.831 [1;31mERROR[0;39m [c0bfc5ea-b9ba-4f49-a945-8a3759e0fa3c] [http-nio-8080-exec-8] com.bharatshop.service.StoreService - [PROOF][STORE_MAP] entity.id=9a0c37d7-50b9-462e-a551-dcdd782d8a5f mapped.id=9a0c37d7-50b9-462e-a551-dcdd782d8a5f
2026-01-19 19:31:42.835 [1;31mERROR[0;39m [c0bfc5ea-b9ba-4f49-a945-8a3759e0fa3c] [http-nio-8080-exec-8] com.bharatshop.service.StoreService - [PROOF][STORE_MAP] entity.id=aee5f433-686e-45bb-be6b-2160a9267cb2 mapped.id=aee5f433-686e-45bb-be6b-2160a9267cb2
2026-01-19 19:31:42.835 [1;31mERROR[0;39m [c0bfc5ea-b9ba-4f49-a945-8a3759e0fa3c] [http-nio-8080-exec-8] com.bharatshop.service.StoreService - [PROOF][STORE_MAP] entity.id=b585adf9-d1e7-41be-ba0f-179581c84259 mapped.id=b585adf9-d1e7-41be-ba0f-179581c84259
2026-01-19 19:31:42.835 [1;31mERROR[0;39m [c0bfc5ea-b9ba-4f49-a945-8a3759e0fa3c] [http-nio-8080-exec-8] com.bharatshop.service.StoreService - [PROOF][STORE_MAP] entity.id=ce9a05aa-7780-4da8-a071-1039ff4b1e4f mapped.id=ce9a05aa-7780-4da8-a071-1039ff4b1e4f
2026-01-19 19:31:42.835 [1;31mERROR[0;39m [c0bfc5ea-b9ba-4f49-a945-8a3759e0fa3c] [http-nio-8080-exec-8] com.bharatshop.service.StoreService - [PROOF][STORE_MAP] entity.id=storeA mapped.id=storeA
2026-01-19 19:31:42.835 [1;31mERROR[0;39m [c0bfc5ea-b9ba-4f49-a945-8a3759e0fa3c] [http-nio-8080-exec-8] c.b.web.CustomerStorefrontController - [PROOF][STORE_LIST] store.id=storeA tenant=tenantA source=DB
2026-01-19 19:31:42.835 [1;31mERROR[0;39m [c0bfc5ea-b9ba-4f49-a945-8a3759e0fa3c] [http-nio-8080-exec-8] c.b.web.CustomerStorefrontController - [PROOF][STORE_LIST] store.id=33b16e50-5c33-4fc8-b546-8c796895cf49 tenant=tenantA source=DB
2026-01-19 19:31:42.835 [1;31mERROR[0;39m [c0bfc5ea-b9ba-4f49-a945-8a3759e0fa3c] [http-nio-8080-exec-8] c.b.web.CustomerStorefrontController - [PROOF][STORE_LIST] store.id=63a5a059-9fb3-4f8e-9b44-b1d3ebf7e683 tenant=tenantA source=DB
2026-01-19 19:31:42.837 [1;31mERROR[0;39m [c0bfc5ea-b9ba-4f49-a945-8a3759e0fa3c] [http-nio-8080-exec-8] c.b.web.CustomerStorefrontController - [PROOF][STORE_LIST] store.id=68a008cd-6b10-4e48-b036-e3d752230378 tenant=tenantA source=DB
2026-01-19 19:31:42.837 [1;31mERROR[0;39m [c0bfc5ea-b9ba-4f49-a945-8a3759e0fa3c] [http-nio-8080-exec-8] c.b.web.CustomerStorefrontController - [PROOF][STORE_LIST] store.id=7bcf0556-b5ba-4df8-9196-1d24f45488c0 tenant=tenantA source=DB
2026-01-19 19:31:42.837 [1;31mERROR[0;39m [c0bfc5ea-b9ba-4f49-a945-8a3759e0fa3c] [http-nio-8080-exec-8] c.b.web.CustomerStorefrontController - [PROOF][STORE_LIST] store.id=9a0c37d7-50b9-462e-a551-dcdd782d8a5f tenant=tenantA source=DB
2026-01-19 19:31:42.837 [1;31mERROR[0;39m [c0bfc5ea-b9ba-4f49-a945-8a3759e0fa3c] [http-nio-8080-exec-8] c.b.web.CustomerStorefrontController - [PROOF][STORE_LIST] store.id=b585adf9-d1e7-41be-ba0f-179581c84259 tenant=tenantA source=DB
2026-01-19 19:31:42.838 [1;31mERROR[0;39m [c0bfc5ea-b9ba-4f49-a945-8a3759e0fa3c] [http-nio-8080-exec-8] c.b.web.CustomerStorefrontController - [PROOF][STORE_LIST] store.id=24ab445b-351b-441e-b886-7e6b905c269b tenant=tenantA source=DB
2026-01-19 19:31:42.838 [1;31mERROR[0;39m [c0bfc5ea-b9ba-4f49-a945-8a3759e0fa3c] [http-nio-8080-exec-8] c.b.web.CustomerStorefrontController - [PROOF][STORE_LIST] store.id=3ce3b1bf-7c55-4fa5-bbe3-f45f8a93c67a tenant=tenantA source=DB
2026-01-19 19:31:42.838 [1;31mERROR[0;39m [c0bfc5ea-b9ba-4f49-a945-8a3759e0fa3c] [http-nio-8080-exec-8] c.b.web.CustomerStorefrontController - [PROOF][STORE_LIST] store.id=871a0bfe-570b-44ed-b7c4-ef60b2d18cf1 tenant=tenantA source=DB
2026-01-19 19:31:42.838 [1;31mERROR[0;39m [c0bfc5ea-b9ba-4f49-a945-8a3759e0fa3c] [http-nio-8080-exec-8] c.b.web.CustomerStorefrontController - [PROOF][STORE_LIST] store.id=90e791d5-27d3-4330-b834-48510b7dea41 tenant=tenantA source=DB
2026-01-19 19:31:42.838 [1;31mERROR[0;39m [c0bfc5ea-b9ba-4f49-a945-8a3759e0fa3c] [http-nio-8080-exec-8] c.b.web.CustomerStorefrontController - [PROOF][STORE_LIST] store.id=aee5f433-686e-45bb-be6b-2160a9267cb2 tenant=tenantA source=DB
2026-01-19 19:31:42.838 [1;31mERROR[0;39m [c0bfc5ea-b9ba-4f49-a945-8a3759e0fa3c] [http-nio-8080-exec-8] c.b.web.CustomerStorefrontController - [PROOF][STORE_LIST] store.id=ce9a05aa-7780-4da8-a071-1039ff4b1e4f tenant=tenantA source=DB
2026-01-19 19:31:42.843 [34mINFO [0;39m [c0bfc5ea-b9ba-4f49-a945-8a3759e0fa3c] [http-nio-8080-exec-8] c.b.config.logging.HttpLoggingFilter - GET /api/storefront/stores -> 200 (30 ms)
2026-01-19 19:31:42.844 [34mINFO [0;39m [c0bfc5ea-b9ba-4f49-a945-8a3759e0fa3c] [http-nio-8080-exec-8] c.b.config.logging.HttpLoggingFilter - Headers: auth=present content-type=application/json accept=*/*
2026-01-19 19:31:42.844 [34mINFO [0;39m [c0bfc5ea-b9ba-4f49-a945-8a3759e0fa3c] [http-nio-8080-exec-8] c.b.config.logging.HttpLoggingFilter - Response payload: [{"id":"storeA","name":"Alpha Kirana Store","area":"Connaught Place","category":"grocery","ownerId":null,"ownerPhone":"9000000002","products":null,"status":"open","orderingDisabled":false,"closedReason":null,"closedUntil":null,"logo":null,"updatedAt":"2026-01-16T00:06:49Z"},{"id":"33b16e50-5c33-4fc8-b546-8c796895cf49","name":"City Pharmacy","area":"Brigade","category":"pharmacy","ownerId":null,"ownerPhone":null,"products":null,"status":"open","orderingDisabled":false,"closedReason":null,"closedUntil":null,"logo":null,"updatedAt":"2026-01-15T18:57:31.724056Z"},{"id":"63a5a059-9fb3-4f8e-9b44-b1d3ebf7e683","name":"City Pharmacy","area":"Brigade","category":"pharmacy","ownerId":null,"ownerPhone":null,"products":null,"status":"open","orderingDisabled":false,"closedReason":null,"closedUntil":null,"logo":null,"updatedAt":"2026-01-18T20:13:38.663820Z"},{"id":"68a008cd-6b10-4e48-b036-e3d752230378","name":"City Pharmacy","area":"Brigade","category":"pharmacy","ownerId":null,"ownerPhone":null,"products":null,"status":"open","orderingDisabled":false,"closedReason":null,"closedUntil":null,"logo":null,"updatedAt":"2026-01-15T19:03:29.647598Z"},{"id":"7bcf0556-b5ba-4df8-9196-1d24f45488c0","name":"City Pharmacy","area":"Brigade","category":"pharmacy","ownerId":null,"ownerPhone":null,"products":null,"status":"open","orderingDisabled":false,"closedReason":null,"closedUntil":null,"logo":null,"updatedAt":"2026-01-18T20:09:12.421625Z"},{"id":"9a0c37d7-50b9-462e-a551-dcdd782d8a5f","name":"City Pharmacy","area":"Brigade","category":"pharmacy","ownerId":null,"ownerPhone":null,"products":null,"status":"open","orderingDisabled":false,"closedReason":null,"closedUntil":null,"logo":null,"updatedAt":"2026-01-15T19:11:19.048431Z"},{"id":"b585adf9-d1e7-41be-ba0f-179581c84259","name":"City Pharmacy","area":"Brigade","category":"pharmacy","ownerId":null,"ownerPhone":null,"products":null,"status":"open","orderingDisabled":false,"closedReason":null,"closedUntil":null,"logo":null,"updatedAt":"2026-01-15T17:56:53.379793Z"},{"id":"24ab445b-351b-441e-b886-7e6b905c269b","name":"Fresh Mart","area":"MG Road","category":"grocery","ownerId":null,"ownerPhone":null,"products":null,"status":"open","orderingDisabled":false,"closedReason":null,"closedUntil":null,"logo":null,"updatedAt":"2026-01-15T19:11:18.918553Z"},{"id":"3ce3b1bf-7c55-4fa5-bbe3-f45f8a93c67a","name":"Fresh Mart","area":"MG Road","category":"grocery","ownerId":null,"ownerPhone":null,"products":null,"status":"open","orderingDisabled":false,"closedReason":null,"closedUntil":null,"logo":null,"updatedAt":"2026-01-15T17:56:53.251484Z"},{"id":"871a0bfe-570b-44ed-b7c4-ef60b2d18cf1","name":"Fresh Mart","area":"MG Road","category":"grocery","ownerId":null,"ownerPhone":null,"products":null,"status":"open","orderingDisabled":false,"closedReason":null,"closedUntil":null,"logo":null,"updatedAt":"2026-01-15T19:03:29.540557Z"},{"id":"90e791d5-27d3-4330-b834-48510b7dea41","name":"Fresh Mart","area":"MG Road","category":"grocery","ownerId":null,"ownerPhone":null,"products":null,"status":"open","orderingDisabled":false,"closedReason":null,"closedUntil":null,"logo":null,"updatedAt":"2026-01-18T20:09:12.272954Z"},{"id":"aee5f433-686e-45bb-be6b-2160a9267cb2","name":"Fresh Mart","area":"MG Road","category":"grocery","ownerId":null,"ownerPhone":null,"products":null,"status":"open","orderingDisabled":false,"closedReason":null,"closedUntil":null,"logo":null,"updatedAt":"2026-01-18T20:13:38.568416Z"},{"id":"ce9a05aa-7780-4da8-a071-1039ff4b1e4f","name":"Fresh Mart","area":"MG Road","category":"grocery","ownerId":null,"ownerPhone":null,"products":null,"status":"open","orderingDisabled":false,"closedReason":null,"closedUntil":null,"logo":null,"updatedAt":"2026-01-15T18:57:31.588523Z"}]
2026-01-19 19:31:42.862 [34mINFO [0;39m [40c0983c-0540-402c-b128-3cf93b5c3693] [http-nio-8080-exec-10] c.b.config.TenantInterceptor - tenant-context: tenant=tenantA method=GET path=/api/storefront/stores
2026-01-19 19:31:42.867 [34mINFO [0;39m [40c0983c-0540-402c-b128-3cf93b5c3693] [http-nio-8080-exec-10] c.b.web.CustomerStorefrontController - Customer storefront: list stores tenant=tenantA userId=e3e7d01b-88f2-420d-b460-5bbd89bb9944 search=null category=null
2026-01-19 19:31:42.867 [34mINFO [0;39m [afd2386d-efc3-4830-91dc-35995fc798fd] [http-nio-8080-exec-9] c.b.config.TenantInterceptor - tenant-context: tenant=tenantA method=GET path=/api/storefront/categories
2026-01-19 19:31:42.869 [34mINFO [0;39m [afd2386d-efc3-4830-91dc-35995fc798fd] [http-nio-8080-exec-9] c.b.web.CustomerStorefrontController - Customer storefront: list categories tenant=tenantA userId=e3e7d01b-88f2-420d-b460-5bbd89bb9944
2026-01-19 19:31:42.882 [34mINFO [0;39m [40c0983c-0540-402c-b128-3cf93b5c3693] [http-nio-8080-exec-10] c.b.logging.RepositoryLoggingAspect - [REPO_CALL] table=stores tenant=tenantA ids=[24ab445b-351b-441e-b886-7e6b905c269b, 33b16e50-5c33-4fc8-b546-8c796895cf49, 3ce3b1bf-7c55-4fa5-bbe3-f45f8a93c67a, 63a5a059-9fb3-4f8e-9b44-b1d3ebf7e683, 68a008cd-6b10-4e48-b036-e3d752230378, 7bcf0556-b5ba-4df8-9196-1d24f45488c0, 871a0bfe-570b-44ed-b7c4-ef60b2d18cf1, 90e791d5-27d3-4330-b834-48510b7dea41, 9a0c37d7-50b9-462e-a551-dcdd782d8a5f, aee5f433-686e-45bb-be6b-2160a9267cb2, b585adf9-d1e7-41be-ba0f-179581c84259, ce9a05aa-7780-4da8-a071-1039ff4b1e4f, storeA]
2026-01-19 19:31:42.882 [34mINFO [0;39m [afd2386d-efc3-4830-91dc-35995fc798fd] [http-nio-8080-exec-9] c.b.config.logging.HttpLoggingFilter - GET /api/storefront/categories -> 200 (15 ms)
2026-01-19 19:31:42.882 [34mINFO [0;39m [afd2386d-efc3-4830-91dc-35995fc798fd] [http-nio-8080-exec-9] c.b.config.logging.HttpLoggingFilter - Headers: auth=present content-type=application/json accept=*/*
2026-01-19 19:31:42.882 [1;31mERROR[0;39m [40c0983c-0540-402c-b128-3cf93b5c3693] [http-nio-8080-exec-10] com.bharatshop.service.StoreService - [PROOF][STORE_REPO] store.id=24ab445b-351b-441e-b886-7e6b905c269b source=DB
2026-01-19 19:31:42.886 [1;31mERROR[0;39m [40c0983c-0540-402c-b128-3cf93b5c3693] [http-nio-8080-exec-10] com.bharatshop.service.StoreService - [PROOF][STORE_REPO] store.id=33b16e50-5c33-4fc8-b546-8c796895cf49 source=DB
2026-01-19 19:31:42.886 [1;31mERROR[0;39m [40c0983c-0540-402c-b128-3cf93b5c3693] [http-nio-8080-exec-10] com.bharatshop.service.StoreService - [PROOF][STORE_REPO] store.id=3ce3b1bf-7c55-4fa5-bbe3-f45f8a93c67a source=DB
2026-01-19 19:31:42.886 [1;31mERROR[0;39m [40c0983c-0540-402c-b128-3cf93b5c3693] [http-nio-8080-exec-10] com.bharatshop.service.StoreService - [PROOF][STORE_REPO] store.id=63a5a059-9fb3-4f8e-9b44-b1d3ebf7e683 source=DB
2026-01-19 19:31:42.888 [1;31mERROR[0;39m [40c0983c-0540-402c-b128-3cf93b5c3693] [http-nio-8080-exec-10] com.bharatshop.service.StoreService - [PROOF][STORE_REPO] store.id=68a008cd-6b10-4e48-b036-e3d752230378 source=DB
2026-01-19 19:31:42.888 [1;31mERROR[0;39m [40c0983c-0540-402c-b128-3cf93b5c3693] [http-nio-8080-exec-10] com.bharatshop.service.StoreService - [PROOF][STORE_REPO] store.id=7bcf0556-b5ba-4df8-9196-1d24f45488c0 source=DB
2026-01-19 19:31:42.884 [34mINFO [0;39m [afd2386d-efc3-4830-91dc-35995fc798fd] [http-nio-8080-exec-9] c.b.config.logging.HttpLoggingFilter - Response payload: ["dairy","fruits","grocery","medicine"]
2026-01-19 19:31:42.888 [1;31mERROR[0;39m [40c0983c-0540-402c-b128-3cf93b5c3693] [http-nio-8080-exec-10] com.bharatshop.service.StoreService - [PROOF][STORE_REPO] store.id=871a0bfe-570b-44ed-b7c4-ef60b2d18cf1 source=DB
2026-01-19 19:31:42.890 [1;31mERROR[0;39m [40c0983c-0540-402c-b128-3cf93b5c3693] [http-nio-8080-exec-10] com.bharatshop.service.StoreService - [PROOF][STORE_REPO] store.id=90e791d5-27d3-4330-b834-48510b7dea41 source=DB
2026-01-19 19:31:42.890 [1;31mERROR[0;39m [40c0983c-0540-402c-b128-3cf93b5c3693] [http-nio-8080-exec-10] com.bharatshop.service.StoreService - [PROOF][STORE_REPO] store.id=9a0c37d7-50b9-462e-a551-dcdd782d8a5f source=DB
2026-01-19 19:31:42.890 [1;31mERROR[0;39m [40c0983c-0540-402c-b128-3cf93b5c3693] [http-nio-8080-exec-10] com.bharatshop.service.StoreService - [PROOF][STORE_REPO] store.id=aee5f433-686e-45bb-be6b-2160a9267cb2 source=DB
2026-01-19 19:31:42.890 [1;31mERROR[0;39m [40c0983c-0540-402c-b128-3cf93b5c3693] [http-nio-8080-exec-10] com.bharatshop.service.StoreService - [PROOF][STORE_REPO] store.id=b585adf9-d1e7-41be-ba0f-179581c84259 source=DB
2026-01-19 19:31:42.892 [1;31mERROR[0;39m [40c0983c-0540-402c-b128-3cf93b5c3693] [http-nio-8080-exec-10] com.bharatshop.service.StoreService - [PROOF][STORE_REPO] store.id=ce9a05aa-7780-4da8-a071-1039ff4b1e4f source=DB
2026-01-19 19:31:42.894 [1;31mERROR[0;39m [40c0983c-0540-402c-b128-3cf93b5c3693] [http-nio-8080-exec-10] com.bharatshop.service.StoreService - [PROOF][STORE_REPO] store.id=storeA source=DB
2026-01-19 19:31:42.894 [1;31mERROR[0;39m [40c0983c-0540-402c-b128-3cf93b5c3693] [http-nio-8080-exec-10] com.bharatshop.service.StoreService - [PROOF][STORE_MAP] entity.id=24ab445b-351b-441e-b886-7e6b905c269b mapped.id=24ab445b-351b-441e-b886-7e6b905c269b
2026-01-19 19:31:42.896 [1;31mERROR[0;39m [40c0983c-0540-402c-b128-3cf93b5c3693] [http-nio-8080-exec-10] com.bharatshop.service.StoreService - [PROOF][STORE_MAP] entity.id=33b16e50-5c33-4fc8-b546-8c796895cf49 mapped.id=33b16e50-5c33-4fc8-b546-8c796895cf49
2026-01-19 19:31:42.898 [1;31mERROR[0;39m [40c0983c-0540-402c-b128-3cf93b5c3693] [http-nio-8080-exec-10] com.bharatshop.service.StoreService - [PROOF][STORE_MAP] entity.id=3ce3b1bf-7c55-4fa5-bbe3-f45f8a93c67a mapped.id=3ce3b1bf-7c55-4fa5-bbe3-f45f8a93c67a
2026-01-19 19:31:42.898 [1;31mERROR[0;39m [40c0983c-0540-402c-b128-3cf93b5c3693] [http-nio-8080-exec-10] com.bharatshop.service.StoreService - [PROOF][STORE_MAP] entity.id=63a5a059-9fb3-4f8e-9b44-b1d3ebf7e683 mapped.id=63a5a059-9fb3-4f8e-9b44-b1d3ebf7e683
2026-01-19 19:31:42.898 [1;31mERROR[0;39m [40c0983c-0540-402c-b128-3cf93b5c3693] [http-nio-8080-exec-10] com.bharatshop.service.StoreService - [PROOF][STORE_MAP] entity.id=68a008cd-6b10-4e48-b036-e3d752230378 mapped.id=68a008cd-6b10-4e48-b036-e3d752230378
2026-01-19 19:31:42.900 [1;31mERROR[0;39m [40c0983c-0540-402c-b128-3cf93b5c3693] [http-nio-8080-exec-10] com.bharatshop.service.StoreService - [PROOF][STORE_MAP] entity.id=7bcf0556-b5ba-4df8-9196-1d24f45488c0 mapped.id=7bcf0556-b5ba-4df8-9196-1d24f45488c0
2026-01-19 19:31:42.900 [1;31mERROR[0;39m [40c0983c-0540-402c-b128-3cf93b5c3693] [http-nio-8080-exec-10] com.bharatshop.service.StoreService - [PROOF][STORE_MAP] entity.id=871a0bfe-570b-44ed-b7c4-ef60b2d18cf1 mapped.id=871a0bfe-570b-44ed-b7c4-ef60b2d18cf1
2026-01-19 19:31:42.902 [1;31mERROR[0;39m [40c0983c-0540-402c-b128-3cf93b5c3693] [http-nio-8080-exec-10] com.bharatshop.service.StoreService - [PROOF][STORE_MAP] entity.id=90e791d5-27d3-4330-b834-48510b7dea41 mapped.id=90e791d5-27d3-4330-b834-48510b7dea41
2026-01-19 19:31:42.902 [1;31mERROR[0;39m [40c0983c-0540-402c-b128-3cf93b5c3693] [http-nio-8080-exec-10] com.bharatshop.service.StoreService - [PROOF][STORE_MAP] entity.id=9a0c37d7-50b9-462e-a551-dcdd782d8a5f mapped.id=9a0c37d7-50b9-462e-a551-dcdd782d8a5f
2026-01-19 19:31:42.902 [1;31mERROR[0;39m [40c0983c-0540-402c-b128-3cf93b5c3693] [http-nio-8080-exec-10] com.bharatshop.service.StoreService - [PROOF][STORE_MAP] entity.id=aee5f433-686e-45bb-be6b-2160a9267cb2 mapped.id=aee5f433-686e-45bb-be6b-2160a9267cb2
2026-01-19 19:31:42.902 [1;31mERROR[0;39m [40c0983c-0540-402c-b128-3cf93b5c3693] [http-nio-8080-exec-10] com.bharatshop.service.StoreService - [PROOF][STORE_MAP] entity.id=b585adf9-d1e7-41be-ba0f-179581c84259 mapped.id=b585adf9-d1e7-41be-ba0f-179581c84259
2026-01-19 19:31:42.904 [1;31mERROR[0;39m [40c0983c-0540-402c-b128-3cf93b5c3693] [http-nio-8080-exec-10] com.bharatshop.service.StoreService - [PROOF][STORE_MAP] entity.id=ce9a05aa-7780-4da8-a071-1039ff4b1e4f mapped.id=ce9a05aa-7780-4da8-a071-1039ff4b1e4f
2026-01-19 19:31:42.904 [1;31mERROR[0;39m [40c0983c-0540-402c-b128-3cf93b5c3693] [http-nio-8080-exec-10] com.bharatshop.service.StoreService - [PROOF][STORE_MAP] entity.id=storeA mapped.id=storeA
2026-01-19 19:31:42.904 [1;31mERROR[0;39m [40c0983c-0540-402c-b128-3cf93b5c3693] [http-nio-8080-exec-10] c.b.web.CustomerStorefrontController - [PROOF][STORE_LIST] store.id=storeA tenant=tenantA source=DB
2026-01-19 19:31:42.906 [1;31mERROR[0;39m [40c0983c-0540-402c-b128-3cf93b5c3693] [http-nio-8080-exec-10] c.b.web.CustomerStorefrontController - [PROOF][STORE_LIST] store.id=33b16e50-5c33-4fc8-b546-8c796895cf49 tenant=tenantA source=DB
2026-01-19 19:31:42.906 [1;31mERROR[0;39m [40c0983c-0540-402c-b128-3cf93b5c3693] [http-nio-8080-exec-10] c.b.web.CustomerStorefrontController - [PROOF][STORE_LIST] store.id=63a5a059-9fb3-4f8e-9b44-b1d3ebf7e683 tenant=tenantA source=DB
2026-01-19 19:31:42.908 [1;31mERROR[0;39m [40c0983c-0540-402c-b128-3cf93b5c3693] [http-nio-8080-exec-10] c.b.web.CustomerStorefrontController - [PROOF][STORE_LIST] store.id=68a008cd-6b10-4e48-b036-e3d752230378 tenant=tenantA source=DB
2026-01-19 19:31:42.908 [1;31mERROR[0;39m [40c0983c-0540-402c-b128-3cf93b5c3693] [http-nio-8080-exec-10] c.b.web.CustomerStorefrontController - [PROOF][STORE_LIST] store.id=7bcf0556-b5ba-4df8-9196-1d24f45488c0 tenant=tenantA source=DB
2026-01-19 19:31:42.910 [1;31mERROR[0;39m [40c0983c-0540-402c-b128-3cf93b5c3693] [http-nio-8080-exec-10] c.b.web.CustomerStorefrontController - [PROOF][STORE_LIST] store.id=9a0c37d7-50b9-462e-a551-dcdd782d8a5f tenant=tenantA source=DB
2026-01-19 19:31:42.910 [1;31mERROR[0;39m [40c0983c-0540-402c-b128-3cf93b5c3693] [http-nio-8080-exec-10] c.b.web.CustomerStorefrontController - [PROOF][STORE_LIST] store.id=b585adf9-d1e7-41be-ba0f-179581c84259 tenant=tenantA source=DB
2026-01-19 19:31:42.910 [1;31mERROR[0;39m [40c0983c-0540-402c-b128-3cf93b5c3693] [http-nio-8080-exec-10] c.b.web.CustomerStorefrontController - [PROOF][STORE_LIST] store.id=24ab445b-351b-441e-b886-7e6b905c269b tenant=tenantA source=DB
2026-01-19 19:31:42.910 [1;31mERROR[0;39m [40c0983c-0540-402c-b128-3cf93b5c3693] [http-nio-8080-exec-10] c.b.web.CustomerStorefrontController - [PROOF][STORE_LIST] store.id=3ce3b1bf-7c55-4fa5-bbe3-f45f8a93c67a tenant=tenantA source=DB
2026-01-19 19:31:42.912 [1;31mERROR[0;39m [40c0983c-0540-402c-b128-3cf93b5c3693] [http-nio-8080-exec-10] c.b.web.CustomerStorefrontController - [PROOF][STORE_LIST] store.id=871a0bfe-570b-44ed-b7c4-ef60b2d18cf1 tenant=tenantA source=DB
2026-01-19 19:31:42.914 [1;31mERROR[0;39m [40c0983c-0540-402c-b128-3cf93b5c3693] [http-nio-8080-exec-10] c.b.web.CustomerStorefrontController - [PROOF][STORE_LIST] store.id=90e791d5-27d3-4330-b834-48510b7dea41 tenant=tenantA source=DB
2026-01-19 19:31:42.916 [1;31mERROR[0;39m [40c0983c-0540-402c-b128-3cf93b5c3693] [http-nio-8080-exec-10] c.b.web.CustomerStorefrontController - [PROOF][STORE_LIST] store.id=aee5f433-686e-45bb-be6b-2160a9267cb2 tenant=tenantA source=DB
2026-01-19 19:31:42.916 [1;31mERROR[0;39m [40c0983c-0540-402c-b128-3cf93b5c3693] [http-nio-8080-exec-10] c.b.web.CustomerStorefrontController - [PROOF][STORE_LIST] store.id=ce9a05aa-7780-4da8-a071-1039ff4b1e4f tenant=tenantA source=DB
2026-01-19 19:31:42.920 [34mINFO [0;39m [40c0983c-0540-402c-b128-3cf93b5c3693] [http-nio-8080-exec-10] c.b.config.logging.HttpLoggingFilter - GET /api/storefront/stores -> 200 (60 ms)
2026-01-19 19:31:42.920 [34mINFO [0;39m [40c0983c-0540-402c-b128-3cf93b5c3693] [http-nio-8080-exec-10] c.b.config.logging.HttpLoggingFilter - Headers: auth=present content-type=application/json accept=*/*
2026-01-19 19:31:42.920 [34mINFO [0;39m [40c0983c-0540-402c-b128-3cf93b5c3693] [http-nio-8080-exec-10] c.b.config.logging.HttpLoggingFilter - Response payload: [{"id":"storeA","name":"Alpha Kirana Store","area":"Connaught Place","category":"grocery","ownerId":null,"ownerPhone":"9000000002","products":null,"status":"open","orderingDisabled":false,"closedReason":null,"closedUntil":null,"logo":null,"updatedAt":"2026-01-16T00:06:49Z"},{"id":"33b16e50-5c33-4fc8-b546-8c796895cf49","name":"City Pharmacy","area":"Brigade","category":"pharmacy","ownerId":null,"ownerPhone":null,"products":null,"status":"open","orderingDisabled":false,"closedReason":null,"closedUntil":null,"logo":null,"updatedAt":"2026-01-15T18:57:31.724056Z"},{"id":"63a5a059-9fb3-4f8e-9b44-b1d3ebf7e683","name":"City Pharmacy","area":"Brigade","category":"pharmacy","ownerId":null,"ownerPhone":null,"products":null,"status":"open","orderingDisabled":false,"closedReason":null,"closedUntil":null,"logo":null,"updatedAt":"2026-01-18T20:13:38.663820Z"},{"id":"68a008cd-6b10-4e48-b036-e3d752230378","name":"City Pharmacy","area":"Brigade","category":"pharmacy","ownerId":null,"ownerPhone":null,"products":null,"status":"open","orderingDisabled":false,"closedReason":null,"closedUntil":null,"logo":null,"updatedAt":"2026-01-15T19:03:29.647598Z"},{"id":"7bcf0556-b5ba-4df8-9196-1d24f45488c0","name":"City Pharmacy","area":"Brigade","category":"pharmacy","ownerId":null,"ownerPhone":null,"products":null,"status":"open","orderingDisabled":false,"closedReason":null,"closedUntil":null,"logo":null,"updatedAt":"2026-01-18T20:09:12.421625Z"},{"id":"9a0c37d7-50b9-462e-a551-dcdd782d8a5f","name":"City Pharmacy","area":"Brigade","category":"pharmacy","ownerId":null,"ownerPhone":null,"products":null,"status":"open","orderingDisabled":false,"closedReason":null,"closedUntil":null,"logo":null,"updatedAt":"2026-01-15T19:11:19.048431Z"},{"id":"b585adf9-d1e7-41be-ba0f-179581c84259","name":"City Pharmacy","area":"Brigade","category":"pharmacy","ownerId":null,"ownerPhone":null,"products":null,"status":"open","orderingDisabled":false,"closedReason":null,"closedUntil":null,"logo":null,"updatedAt":"2026-01-15T17:56:53.379793Z"},{"id":"24ab445b-351b-441e-b886-7e6b905c269b","name":"Fresh Mart","area":"MG Road","category":"grocery","ownerId":null,"ownerPhone":null,"products":null,"status":"open","orderingDisabled":false,"closedReason":null,"closedUntil":null,"logo":null,"updatedAt":"2026-01-15T19:11:18.918553Z"},{"id":"3ce3b1bf-7c55-4fa5-bbe3-f45f8a93c67a","name":"Fresh Mart","area":"MG Road","category":"grocery","ownerId":null,"ownerPhone":null,"products":null,"status":"open","orderingDisabled":false,"closedReason":null,"closedUntil":null,"logo":null,"updatedAt":"2026-01-15T17:56:53.251484Z"},{"id":"871a0bfe-570b-44ed-b7c4-ef60b2d18cf1","name":"Fresh Mart","area":"MG Road","category":"grocery","ownerId":null,"ownerPhone":null,"products":null,"status":"open","orderingDisabled":false,"closedReason":null,"closedUntil":null,"logo":null,"updatedAt":"2026-01-15T19:03:29.540557Z"},{"id":"90e791d5-27d3-4330-b834-48510b7dea41","name":"Fresh Mart","area":"MG Road","category":"grocery","ownerId":null,"ownerPhone":null,"products":null,"status":"open","orderingDisabled":false,"closedReason":null,"closedUntil":null,"logo":null,"updatedAt":"2026-01-18T20:09:12.272954Z"},{"id":"aee5f433-686e-45bb-be6b-2160a9267cb2","name":"Fresh Mart","area":"MG Road","category":"grocery","ownerId":null,"ownerPhone":null,"products":null,"status":"open","orderingDisabled":false,"closedReason":null,"closedUntil":null,"logo":null,"updatedAt":"2026-01-18T20:13:38.568416Z"},{"id":"ce9a05aa-7780-4da8-a071-1039ff4b1e4f","name":"Fresh Mart","area":"MG Road","category":"grocery","ownerId":null,"ownerPhone":null,"products":null,"status":"open","orderingDisabled":false,"closedReason":null,"closedUntil":null,"logo":null,"updatedAt":"2026-01-15T18:57:31.588523Z"}]
2026-01-19 19:31:42.946 [34mINFO [0;39m [f1233448-0e34-4c6a-b401-4bc99a634b44] [http-nio-8080-exec-4] c.b.config.TenantInterceptor - tenant-context: tenant=tenantA method=GET path=/api/storefront/categories
2026-01-19 19:31:42.949 [34mINFO [0;39m [f1233448-0e34-4c6a-b401-4bc99a634b44] [http-nio-8080-exec-4] c.b.web.CustomerStorefrontController - Customer storefront: list categories tenant=tenantA userId=e3e7d01b-88f2-420d-b460-5bbd89bb9944
2026-01-19 19:31:42.957 [34mINFO [0;39m [f1233448-0e34-4c6a-b401-4bc99a634b44] [http-nio-8080-exec-4] c.b.config.logging.HttpLoggingFilter - GET /api/storefront/categories -> 200 (11 ms)
2026-01-19 19:31:42.957 [34mINFO [0;39m [f1233448-0e34-4c6a-b401-4bc99a634b44] [http-nio-8080-exec-4] c.b.config.logging.HttpLoggingFilter - Headers: auth=present content-type=application/json accept=*/*
2026-01-19 19:31:42.957 [34mINFO [0;39m [f1233448-0e34-4c6a-b401-4bc99a634b44] [http-nio-8080-exec-4] c.b.config.logging.HttpLoggingFilter - Response payload: ["dairy","fruits","grocery","medicine"]
2026-01-19 19:31:48.732 [34mINFO [0;39m [80750cb1-cee1-4846-aea1-dd63b74f2e09] [http-nio-8080-exec-2] c.b.config.TenantInterceptor - tenant-context: tenant=tenantA method=GET path=/api/orders
2026-01-19 19:31:48.734 [34mINFO [0;39m [80750cb1-cee1-4846-aea1-dd63b74f2e09] [http-nio-8080-exec-2] c.bharatshop.web.OrdersApiController - List orders (canonical): tenant=tenantA userId=e3e7d01b-88f2-420d-b460-5bbd89bb9944
2026-01-19 19:31:48.797 [34mINFO [0;39m [80750cb1-cee1-4846-aea1-dd63b74f2e09] [http-nio-8080-exec-2] c.bharatshop.web.OrdersApiController - Orders fetched: count=2
2026-01-19 19:31:48.804 [1;31mERROR[0;39m [80750cb1-cee1-4846-aea1-dd63b74f2e09] [http-nio-8080-exec-2] com.bharatshop.service.StoreService - [PROOF][STORE_MAP] entity.id=storeA mapped.id=storeA
2026-01-19 19:31:48.810 [1;31mERROR[0;39m [80750cb1-cee1-4846-aea1-dd63b74f2e09] [http-nio-8080-exec-2] com.bharatshop.service.StoreService - [PROOF][STORE_MAP] entity.id=storeA mapped.id=storeA
2026-01-19 19:31:48.811 [34mINFO [0;39m [80750cb1-cee1-4846-aea1-dd63b74f2e09] [http-nio-8080-exec-2] c.b.config.logging.HttpLoggingFilter - GET /api/orders -> 200 (79 ms)
2026-01-19 19:31:48.811 [34mINFO [0;39m [80750cb1-cee1-4846-aea1-dd63b74f2e09] [http-nio-8080-exec-2] c.b.config.logging.HttpLoggingFilter - Headers: auth=present content-type=application/json accept=*/*
2026-01-19 19:31:48.813 [34mINFO [0;39m [80750cb1-cee1-4846-aea1-dd63b74f2e09] [http-nio-8080-exec-2] c.b.config.logging.HttpLoggingFilter - Response payload: [{"createdAt":"2026-01-19T13:46:32.000432Z","total":55.0,"id":"5b6584e7-eaad-4b15-8edd-181b2c26f97b","store":{"name":"Alpha Kirana Store","id":"storeA"},"items":[{"quantity":1,"productId":"prodA1","name":"Aata 1kg"}],"status":"cancelled"},{"createdAt":"2026-01-19T13:26:58.949200Z","total":55.0,"id":"ff1ad22e-8a96-4821-9147-4e821e679438","store":{"name":"Alpha Kirana Store","id":"storeA"},"items":[{"quantity":1,"productId":"prodA1","name":"Aata 1kg"}],"status":"cancelled"}]
2026-01-19 19:31:48.830 [34mINFO [0;39m [6407058a-bc34-4891-b2a4-b0438b72fece] [http-nio-8080-exec-1] c.b.config.TenantInterceptor - tenant-context: tenant=tenantA method=GET path=/api/orders
2026-01-19 19:31:48.835 [31mWARN [0;39m [] [ForkJoinPool.commonPool-worker-7] c.b.service.NotificationService - No template found for event ORDER_CANCELLED channel WHATSAPP language en
2026-01-19 19:31:48.835 [34mINFO [0;39m [6407058a-bc34-4891-b2a4-b0438b72fece] [http-nio-8080-exec-1] c.bharatshop.web.OrdersApiController - List orders (canonical): tenant=tenantA userId=e3e7d01b-88f2-420d-b460-5bbd89bb9944
2026-01-19 19:31:48.850 [31mWARN [0;39m [] [ForkJoinPool.commonPool-worker-7] c.b.service.NotificationService - No template found for event ORDER_CANCELLED channel SMS language en
2026-01-19 19:31:48.852 [34mINFO [0;39m [6407058a-bc34-4891-b2a4-b0438b72fece] [http-nio-8080-exec-1] c.bharatshop.web.OrdersApiController - Orders fetched: count=2
2026-01-19 19:31:48.857 [1;31mERROR[0;39m [6407058a-bc34-4891-b2a4-b0438b72fece] [http-nio-8080-exec-1] com.bharatshop.service.StoreService - [PROOF][STORE_MAP] entity.id=storeA mapped.id=storeA
2026-01-19 19:31:48.864 [1;31mERROR[0;39m [6407058a-bc34-4891-b2a4-b0438b72fece] [http-nio-8080-exec-1] com.bharatshop.service.StoreService - [PROOF][STORE_MAP] entity.id=storeA mapped.id=storeA
2026-01-19 19:31:48.866 [31mWARN [0;39m [] [ForkJoinPool.commonPool-worker-7] c.b.service.NotificationService - No template found for event ORDER_CANCELLED channel EMAIL language en
2026-01-19 19:31:48.868 [34mINFO [0;39m [6407058a-bc34-4891-b2a4-b0438b72fece] [http-nio-8080-exec-1] c.b.config.logging.HttpLoggingFilter - GET /api/orders -> 200 (38 ms)
2026-01-19 19:31:48.868 [34mINFO [0;39m [6407058a-bc34-4891-b2a4-b0438b72fece] [http-nio-8080-exec-1] c.b.config.logging.HttpLoggingFilter - Headers: auth=present content-type=application/json accept=*/*
2026-01-19 19:31:48.872 [34mINFO [0;39m [6407058a-bc34-4891-b2a4-b0438b72fece] [http-nio-8080-exec-1] c.b.config.logging.HttpLoggingFilter - Response payload: [{"createdAt":"2026-01-19T13:46:32.000432Z","total":55.0,"id":"5b6584e7-eaad-4b15-8edd-181b2c26f97b","store":{"name":"Alpha Kirana Store","id":"storeA"},"items":[{"quantity":1,"productId":"prodA1","name":"Aata 1kg"}],"status":"cancelled"},{"createdAt":"2026-01-19T13:26:58.949200Z","total":55.0,"id":"ff1ad22e-8a96-4821-9147-4e821e679438","store":{"name":"Alpha Kirana Store","id":"storeA"},"items":[{"quantity":1,"productId":"prodA1","name":"Aata 1kg"}],"status":"cancelled"}]
2026-01-19 21:31:23.972 [34mINFO [0;39m [ea753424-b416-41c9-ba4e-186d129c4a2c] [http-nio-8080-exec-3] c.b.config.logging.HttpLoggingFilter - GET /?ide_webview_request_time=1768756291848 -> 404 (225 ms)
2026-01-19 21:31:24.020 [34mINFO [0;39m [ea753424-b416-41c9-ba4e-186d129c4a2c] [http-nio-8080-exec-3] c.b.config.logging.HttpLoggingFilter - Headers: auth=absent content-type=null accept=text/html,application/xhtml+xml,application/xml;q=0.9,image/avif,image/webp,image/apng,*/*;q=0.8,application/signed-exchange;v=b3;q=0.7
2026-01-19 21:32:14.745 [34mINFO [0;39m [cbc50ae2-3728-4293-911b-4becbb06fafa] [http-nio-8080-exec-9] c.b.config.TenantInterceptor - tenant-context: tenant=tenantA method=POST path=/api/auth/send-otp
2026-01-19 21:32:14.810 [34mINFO [0;39m [cbc50ae2-3728-4293-911b-4becbb06fafa] [http-nio-8080-exec-9] com.bharatshop.web.AuthController - OTP send requested: phone=7355460178
2026-01-19 21:32:14.811 [34mINFO [0;39m [cbc50ae2-3728-4293-911b-4becbb06fafa] [http-nio-8080-exec-9] com.bharatshop.service.AuthService - Sending OTP to phone=7355460178
2026-01-19 21:32:14.813 [34mINFO [0;39m [cbc50ae2-3728-4293-911b-4becbb06fafa] [http-nio-8080-exec-9] com.bharatshop.service.AuthService - OTP generated: otpId=99973ea4-b6bb-4680-ba6a-cf02e7abb676 expiresAt=1768838654813
2026-01-19 21:32:14.835 [34mINFO [0;39m [cbc50ae2-3728-4293-911b-4becbb06fafa] [http-nio-8080-exec-9] c.b.config.logging.HttpLoggingFilter - POST /api/auth/send-otp -> 200 (92 ms)
2026-01-19 21:32:14.836 [34mINFO [0;39m [cbc50ae2-3728-4293-911b-4becbb06fafa] [http-nio-8080-exec-9] c.b.config.logging.HttpLoggingFilter - Headers: auth=absent content-type=application/json accept=*/*
2026-01-19 21:32:14.838 [34mINFO [0;39m [cbc50ae2-3728-4293-911b-4becbb06fafa] [http-nio-8080-exec-9] c.b.config.logging.HttpLoggingFilter - Request payload: {"phone":"7355460178"}
2026-01-19 21:32:14.838 [34mINFO [0;39m [cbc50ae2-3728-4293-911b-4becbb06fafa] [http-nio-8080-exec-9] c.b.config.logging.HttpLoggingFilter - Response payload: {"ttlSeconds":120,"otp":"594032","otpId":"99973ea4-b6bb-4680-ba6a-cf02e7abb676","success":true}
2026-01-19 21:32:32.457 [34mINFO [0;39m [49f2b2d7-c6f0-4fe2-a429-4ed20ecf7caf] [http-nio-8080-exec-10] c.b.config.TenantInterceptor - tenant-context: tenant=tenantA method=POST path=/api/auth/verify-otp
2026-01-19 21:32:32.459 [34mINFO [0;39m [49f2b2d7-c6f0-4fe2-a429-4ed20ecf7caf] [http-nio-8080-exec-10] com.bharatshop.web.AuthController - OTP verify requested: phone=7355460178 otpPresent=true
2026-01-19 21:32:32.459 [34mINFO [0;39m [49f2b2d7-c6f0-4fe2-a429-4ed20ecf7caf] [http-nio-8080-exec-10] com.bharatshop.service.AuthService - Verifying OTP for phone=7355460178
2026-01-19 21:32:32.459 [34mINFO [0;39m [49f2b2d7-c6f0-4fe2-a429-4ed20ecf7caf] [http-nio-8080-exec-10] com.bharatshop.service.AuthService - OTP verification success for phone=7355460178
2026-01-19 21:32:32.459 [34mINFO [0;39m [49f2b2d7-c6f0-4fe2-a429-4ed20ecf7caf] [http-nio-8080-exec-10] com.bharatshop.service.AuthService - Login (phone) attempt: phone=7355460178
2026-01-19 21:32:32.739 [34mINFO [0;39m [49f2b2d7-c6f0-4fe2-a429-4ed20ecf7caf] [http-nio-8080-exec-10] com.bharatshop.service.AuthService - Session created: userId=e3e7d01b-88f2-420d-b460-5bbd89bb9944 activeRole=CUSTOMER
2026-01-19 21:32:32.740 [34mINFO [0;39m [49f2b2d7-c6f0-4fe2-a429-4ed20ecf7caf] [http-nio-8080-exec-10] com.bharatshop.service.AuthService - Login (phone) success: userId=e3e7d01b-88f2-420d-b460-5bbd89bb9944 token=eyJhbGciOiJIUzI1NiIsInR5cCI6IkpXVCJ9.eyJzdWIiOiJlM2U3ZDAxYi04OGYyLTQyMGQtYjQ2MC01YmJkODliYjk5NDQiLCJpc3MiOiJiaGFyYXRzaG9wIiwiYXVkIjoiYmhhcmF0c2hvcC1jbGllbnRzIiwibmFtZSI6IlVzZXIwMTc4Iiwicm9sZSI6IkNVU1RPTUVSIiwidGVuYW50SWQiOiJkZWZhdWx0IiwiYWN0aXZlUm9sZSI6IkNVU1RPTUVSIiwicm9sZXMiOlsiQ1VTVE9NRVIiXSwiaWF0IjoxNzY4ODM4NTUyLCJleHAiOjE3Njg4NDIxNTJ9.2XfbdxXHPbDAddOte-oC6Csx9QhCamJdWgj7HwiuDOc activeRole=CUSTOMER 
2026-01-19 21:32:32.765 [34mINFO [0;39m [49f2b2d7-c6f0-4fe2-a429-4ed20ecf7caf] [http-nio-8080-exec-10] com.bharatshop.web.AuthController - OTP verify success: userId=e3e7d01b-88f2-420d-b460-5bbd89bb9944 tokenPresent=true
2026-01-19 21:32:32.767 [34mINFO [0;39m [49f2b2d7-c6f0-4fe2-a429-4ed20ecf7caf] [http-nio-8080-exec-10] c.b.config.logging.HttpLoggingFilter - POST /api/auth/verify-otp -> 200 (310 ms)
2026-01-19 21:32:32.768 [34mINFO [0;39m [49f2b2d7-c6f0-4fe2-a429-4ed20ecf7caf] [http-nio-8080-exec-10] c.b.config.logging.HttpLoggingFilter - Headers: auth=absent content-type=application/json accept=*/*
2026-01-19 21:32:32.768 [34mINFO [0;39m [49f2b2d7-c6f0-4fe2-a429-4ed20ecf7caf] [http-nio-8080-exec-10] c.b.config.logging.HttpLoggingFilter - Request payload: {"phone":"7355460178","otp":"594032"}
2026-01-19 21:32:32.768 [34mINFO [0;39m [49f2b2d7-c6f0-4fe2-a429-4ed20ecf7caf] [http-nio-8080-exec-10] c.b.config.logging.HttpLoggingFilter - Response payload: {"user":{"id":"e3e7d01b-88f2-420d-b460-5bbd89bb9944","name":"User0178","email":null,"phone":"7355460178","role":"CUSTOMER","tenantId":null},"token":"eyJhbGciOiJIUzI1NiIsInR5cCI6IkpXVCJ9.eyJzdWIiOiJlM2U3ZDAxYi04OGYyLTQyMGQtYjQ2MC01YmJkODliYjk5NDQiLCJpc3MiOiJiaGFyYXRzaG9wIiwiYXVkIjoiYmhhcmF0c2hvcC1jbGllbnRzIiwibmFtZSI6IlVzZXIwMTc4Iiwicm9sZSI6IkNVU1RPTUVSIiwidGVuYW50SWQiOiJkZWZhdWx0IiwiYWN0aXZlUm9sZSI6IkNVU1RPTUVSIiwicm9sZXMiOlsiQ1VTVE9NRVIiXSwiaWF0IjoxNzY4ODM4NTUyLCJleHAiOjE3Njg4NDIxNTJ9.2XfbdxXHPbDAddOte-oC6Csx9QhCamJdWgj7HwiuDOc","success":true}
2026-01-19 21:32:32.801 [34mINFO [0;39m [a362111f-d30f-41b5-8ad9-652a4094d33b] [http-nio-8080-exec-4] c.b.config.TenantInterceptor - tenant-context: tenant=tenantA method=GET path=/api/storefront/stores
2026-01-19 21:32:32.829 [34mINFO [0;39m [a362111f-d30f-41b5-8ad9-652a4094d33b] [http-nio-8080-exec-4] c.b.web.CustomerStorefrontController - Customer storefront: list stores tenant=tenantA userId=e3e7d01b-88f2-420d-b460-5bbd89bb9944 search=null category=null
2026-01-19 21:32:32.852 [34mINFO [0;39m [a362111f-d30f-41b5-8ad9-652a4094d33b] [http-nio-8080-exec-4] c.b.logging.RepositoryLoggingAspect - [REPO_CALL] table=stores tenant=tenantA ids=[24ab445b-351b-441e-b886-7e6b905c269b, 33b16e50-5c33-4fc8-b546-8c796895cf49, 3ce3b1bf-7c55-4fa5-bbe3-f45f8a93c67a, 63a5a059-9fb3-4f8e-9b44-b1d3ebf7e683, 68a008cd-6b10-4e48-b036-e3d752230378, 7bcf0556-b5ba-4df8-9196-1d24f45488c0, 871a0bfe-570b-44ed-b7c4-ef60b2d18cf1, 90e791d5-27d3-4330-b834-48510b7dea41, 9a0c37d7-50b9-462e-a551-dcdd782d8a5f, aee5f433-686e-45bb-be6b-2160a9267cb2, b585adf9-d1e7-41be-ba0f-179581c84259, ce9a05aa-7780-4da8-a071-1039ff4b1e4f, storeA]
2026-01-19 21:32:32.853 [1;31mERROR[0;39m [a362111f-d30f-41b5-8ad9-652a4094d33b] [http-nio-8080-exec-4] com.bharatshop.service.StoreService - [PROOF][STORE_REPO] store.id=24ab445b-351b-441e-b886-7e6b905c269b source=DB
2026-01-19 21:32:32.854 [1;31mERROR[0;39m [a362111f-d30f-41b5-8ad9-652a4094d33b] [http-nio-8080-exec-4] com.bharatshop.service.StoreService - [PROOF][STORE_REPO] store.id=33b16e50-5c33-4fc8-b546-8c796895cf49 source=DB
2026-01-19 21:32:32.855 [1;31mERROR[0;39m [a362111f-d30f-41b5-8ad9-652a4094d33b] [http-nio-8080-exec-4] com.bharatshop.service.StoreService - [PROOF][STORE_REPO] store.id=3ce3b1bf-7c55-4fa5-bbe3-f45f8a93c67a source=DB
2026-01-19 21:32:32.855 [1;31mERROR[0;39m [a362111f-d30f-41b5-8ad9-652a4094d33b] [http-nio-8080-exec-4] com.bharatshop.service.StoreService - [PROOF][STORE_REPO] store.id=63a5a059-9fb3-4f8e-9b44-b1d3ebf7e683 source=DB
2026-01-19 21:32:32.855 [1;31mERROR[0;39m [a362111f-d30f-41b5-8ad9-652a4094d33b] [http-nio-8080-exec-4] com.bharatshop.service.StoreService - [PROOF][STORE_REPO] store.id=68a008cd-6b10-4e48-b036-e3d752230378 source=DB
2026-01-19 21:32:32.855 [1;31mERROR[0;39m [a362111f-d30f-41b5-8ad9-652a4094d33b] [http-nio-8080-exec-4] com.bharatshop.service.StoreService - [PROOF][STORE_REPO] store.id=7bcf0556-b5ba-4df8-9196-1d24f45488c0 source=DB
2026-01-19 21:32:32.856 [1;31mERROR[0;39m [a362111f-d30f-41b5-8ad9-652a4094d33b] [http-nio-8080-exec-4] com.bharatshop.service.StoreService - [PROOF][STORE_REPO] store.id=871a0bfe-570b-44ed-b7c4-ef60b2d18cf1 source=DB
2026-01-19 21:32:32.861 [1;31mERROR[0;39m [a362111f-d30f-41b5-8ad9-652a4094d33b] [http-nio-8080-exec-4] com.bharatshop.service.StoreService - [PROOF][STORE_REPO] store.id=90e791d5-27d3-4330-b834-48510b7dea41 source=DB
2026-01-19 21:32:32.861 [1;31mERROR[0;39m [a362111f-d30f-41b5-8ad9-652a4094d33b] [http-nio-8080-exec-4] com.bharatshop.service.StoreService - [PROOF][STORE_REPO] store.id=9a0c37d7-50b9-462e-a551-dcdd782d8a5f source=DB
2026-01-19 21:32:32.861 [1;31mERROR[0;39m [a362111f-d30f-41b5-8ad9-652a4094d33b] [http-nio-8080-exec-4] com.bharatshop.service.StoreService - [PROOF][STORE_REPO] store.id=aee5f433-686e-45bb-be6b-2160a9267cb2 source=DB
2026-01-19 21:32:32.862 [1;31mERROR[0;39m [a362111f-d30f-41b5-8ad9-652a4094d33b] [http-nio-8080-exec-4] com.bharatshop.service.StoreService - [PROOF][STORE_REPO] store.id=b585adf9-d1e7-41be-ba0f-179581c84259 source=DB
2026-01-19 21:32:32.862 [1;31mERROR[0;39m [a362111f-d30f-41b5-8ad9-652a4094d33b] [http-nio-8080-exec-4] com.bharatshop.service.StoreService - [PROOF][STORE_REPO] store.id=ce9a05aa-7780-4da8-a071-1039ff4b1e4f source=DB
2026-01-19 21:32:32.862 [1;31mERROR[0;39m [a362111f-d30f-41b5-8ad9-652a4094d33b] [http-nio-8080-exec-4] com.bharatshop.service.StoreService - [PROOF][STORE_REPO] store.id=storeA source=DB
2026-01-19 21:32:32.863 [1;31mERROR[0;39m [a362111f-d30f-41b5-8ad9-652a4094d33b] [http-nio-8080-exec-4] com.bharatshop.service.StoreService - [PROOF][STORE_MAP] entity.id=24ab445b-351b-441e-b886-7e6b905c269b mapped.id=24ab445b-351b-441e-b886-7e6b905c269b
2026-01-19 21:32:32.863 [1;31mERROR[0;39m [a362111f-d30f-41b5-8ad9-652a4094d33b] [http-nio-8080-exec-4] com.bharatshop.service.StoreService - [PROOF][STORE_MAP] entity.id=33b16e50-5c33-4fc8-b546-8c796895cf49 mapped.id=33b16e50-5c33-4fc8-b546-8c796895cf49
2026-01-19 21:32:32.864 [1;31mERROR[0;39m [a362111f-d30f-41b5-8ad9-652a4094d33b] [http-nio-8080-exec-4] com.bharatshop.service.StoreService - [PROOF][STORE_MAP] entity.id=3ce3b1bf-7c55-4fa5-bbe3-f45f8a93c67a mapped.id=3ce3b1bf-7c55-4fa5-bbe3-f45f8a93c67a
2026-01-19 21:32:32.864 [1;31mERROR[0;39m [a362111f-d30f-41b5-8ad9-652a4094d33b] [http-nio-8080-exec-4] com.bharatshop.service.StoreService - [PROOF][STORE_MAP] entity.id=63a5a059-9fb3-4f8e-9b44-b1d3ebf7e683 mapped.id=63a5a059-9fb3-4f8e-9b44-b1d3ebf7e683
2026-01-19 21:32:32.864 [1;31mERROR[0;39m [a362111f-d30f-41b5-8ad9-652a4094d33b] [http-nio-8080-exec-4] com.bharatshop.service.StoreService - [PROOF][STORE_MAP] entity.id=68a008cd-6b10-4e48-b036-e3d752230378 mapped.id=68a008cd-6b10-4e48-b036-e3d752230378
2026-01-19 21:32:32.865 [1;31mERROR[0;39m [a362111f-d30f-41b5-8ad9-652a4094d33b] [http-nio-8080-exec-4] com.bharatshop.service.StoreService - [PROOF][STORE_MAP] entity.id=7bcf0556-b5ba-4df8-9196-1d24f45488c0 mapped.id=7bcf0556-b5ba-4df8-9196-1d24f45488c0
2026-01-19 21:32:32.865 [1;31mERROR[0;39m [a362111f-d30f-41b5-8ad9-652a4094d33b] [http-nio-8080-exec-4] com.bharatshop.service.StoreService - [PROOF][STORE_MAP] entity.id=871a0bfe-570b-44ed-b7c4-ef60b2d18cf1 mapped.id=871a0bfe-570b-44ed-b7c4-ef60b2d18cf1
2026-01-19 21:32:32.866 [1;31mERROR[0;39m [a362111f-d30f-41b5-8ad9-652a4094d33b] [http-nio-8080-exec-4] com.bharatshop.service.StoreService - [PROOF][STORE_MAP] entity.id=90e791d5-27d3-4330-b834-48510b7dea41 mapped.id=90e791d5-27d3-4330-b834-48510b7dea41
2026-01-19 21:32:32.867 [1;31mERROR[0;39m [a362111f-d30f-41b5-8ad9-652a4094d33b] [http-nio-8080-exec-4] com.bharatshop.service.StoreService - [PROOF][STORE_MAP] entity.id=9a0c37d7-50b9-462e-a551-dcdd782d8a5f mapped.id=9a0c37d7-50b9-462e-a551-dcdd782d8a5f
2026-01-19 21:32:32.867 [1;31mERROR[0;39m [a362111f-d30f-41b5-8ad9-652a4094d33b] [http-nio-8080-exec-4] com.bharatshop.service.StoreService - [PROOF][STORE_MAP] entity.id=aee5f433-686e-45bb-be6b-2160a9267cb2 mapped.id=aee5f433-686e-45bb-be6b-2160a9267cb2
2026-01-19 21:32:32.867 [1;31mERROR[0;39m [a362111f-d30f-41b5-8ad9-652a4094d33b] [http-nio-8080-exec-4] com.bharatshop.service.StoreService - [PROOF][STORE_MAP] entity.id=b585adf9-d1e7-41be-ba0f-179581c84259 mapped.id=b585adf9-d1e7-41be-ba0f-179581c84259
2026-01-19 21:32:32.867 [1;31mERROR[0;39m [a362111f-d30f-41b5-8ad9-652a4094d33b] [http-nio-8080-exec-4] com.bharatshop.service.StoreService - [PROOF][STORE_MAP] entity.id=ce9a05aa-7780-4da8-a071-1039ff4b1e4f mapped.id=ce9a05aa-7780-4da8-a071-1039ff4b1e4f
2026-01-19 21:32:32.868 [1;31mERROR[0;39m [a362111f-d30f-41b5-8ad9-652a4094d33b] [http-nio-8080-exec-4] com.bharatshop.service.StoreService - [PROOF][STORE_MAP] entity.id=storeA mapped.id=storeA
2026-01-19 21:32:32.868 [1;31mERROR[0;39m [a362111f-d30f-41b5-8ad9-652a4094d33b] [http-nio-8080-exec-4] c.b.web.CustomerStorefrontController - [PROOF][STORE_LIST] store.id=storeA tenant=tenantA source=DB
2026-01-19 21:32:32.868 [1;31mERROR[0;39m [a362111f-d30f-41b5-8ad9-652a4094d33b] [http-nio-8080-exec-4] c.b.web.CustomerStorefrontController - [PROOF][STORE_LIST] store.id=33b16e50-5c33-4fc8-b546-8c796895cf49 tenant=tenantA source=DB
2026-01-19 21:32:32.869 [1;31mERROR[0;39m [a362111f-d30f-41b5-8ad9-652a4094d33b] [http-nio-8080-exec-4] c.b.web.CustomerStorefrontController - [PROOF][STORE_LIST] store.id=63a5a059-9fb3-4f8e-9b44-b1d3ebf7e683 tenant=tenantA source=DB
2026-01-19 21:32:32.869 [1;31mERROR[0;39m [a362111f-d30f-41b5-8ad9-652a4094d33b] [http-nio-8080-exec-4] c.b.web.CustomerStorefrontController - [PROOF][STORE_LIST] store.id=68a008cd-6b10-4e48-b036-e3d752230378 tenant=tenantA source=DB
2026-01-19 21:32:32.869 [1;31mERROR[0;39m [a362111f-d30f-41b5-8ad9-652a4094d33b] [http-nio-8080-exec-4] c.b.web.CustomerStorefrontController - [PROOF][STORE_LIST] store.id=7bcf0556-b5ba-4df8-9196-1d24f45488c0 tenant=tenantA source=DB
2026-01-19 21:32:32.870 [1;31mERROR[0;39m [a362111f-d30f-41b5-8ad9-652a4094d33b] [http-nio-8080-exec-4] c.b.web.CustomerStorefrontController - [PROOF][STORE_LIST] store.id=9a0c37d7-50b9-462e-a551-dcdd782d8a5f tenant=tenantA source=DB
2026-01-19 21:32:32.870 [1;31mERROR[0;39m [a362111f-d30f-41b5-8ad9-652a4094d33b] [http-nio-8080-exec-4] c.b.web.CustomerStorefrontController - [PROOF][STORE_LIST] store.id=b585adf9-d1e7-41be-ba0f-179581c84259 tenant=tenantA source=DB
2026-01-19 21:32:32.870 [1;31mERROR[0;39m [a362111f-d30f-41b5-8ad9-652a4094d33b] [http-nio-8080-exec-4] c.b.web.CustomerStorefrontController - [PROOF][STORE_LIST] store.id=24ab445b-351b-441e-b886-7e6b905c269b tenant=tenantA source=DB
2026-01-19 21:32:32.870 [1;31mERROR[0;39m [a362111f-d30f-41b5-8ad9-652a4094d33b] [http-nio-8080-exec-4] c.b.web.CustomerStorefrontController - [PROOF][STORE_LIST] store.id=3ce3b1bf-7c55-4fa5-bbe3-f45f8a93c67a tenant=tenantA source=DB
2026-01-19 21:32:32.871 [1;31mERROR[0;39m [a362111f-d30f-41b5-8ad9-652a4094d33b] [http-nio-8080-exec-4] c.b.web.CustomerStorefrontController - [PROOF][STORE_LIST] store.id=871a0bfe-570b-44ed-b7c4-ef60b2d18cf1 tenant=tenantA source=DB
2026-01-19 21:32:32.871 [1;31mERROR[0;39m [a362111f-d30f-41b5-8ad9-652a4094d33b] [http-nio-8080-exec-4] c.b.web.CustomerStorefrontController - [PROOF][STORE_LIST] store.id=90e791d5-27d3-4330-b834-48510b7dea41 tenant=tenantA source=DB
2026-01-19 21:32:32.871 [1;31mERROR[0;39m [a362111f-d30f-41b5-8ad9-652a4094d33b] [http-nio-8080-exec-4] c.b.web.CustomerStorefrontController - [PROOF][STORE_LIST] store.id=aee5f433-686e-45bb-be6b-2160a9267cb2 tenant=tenantA source=DB
2026-01-19 21:32:32.872 [1;31mERROR[0;39m [a362111f-d30f-41b5-8ad9-652a4094d33b] [http-nio-8080-exec-4] c.b.web.CustomerStorefrontController - [PROOF][STORE_LIST] store.id=ce9a05aa-7780-4da8-a071-1039ff4b1e4f tenant=tenantA source=DB
2026-01-19 21:32:32.879 [34mINFO [0;39m [a362111f-d30f-41b5-8ad9-652a4094d33b] [http-nio-8080-exec-4] c.b.config.logging.HttpLoggingFilter - GET /api/storefront/stores -> 200 (79 ms)
2026-01-19 21:32:32.879 [34mINFO [0;39m [a362111f-d30f-41b5-8ad9-652a4094d33b] [http-nio-8080-exec-4] c.b.config.logging.HttpLoggingFilter - Headers: auth=present content-type=application/json accept=*/*
2026-01-19 21:32:32.879 [34mINFO [0;39m [a362111f-d30f-41b5-8ad9-652a4094d33b] [http-nio-8080-exec-4] c.b.config.logging.HttpLoggingFilter - Response payload: [{"id":"storeA","name":"Alpha Kirana Store","area":"Connaught Place","category":"grocery","ownerId":null,"ownerPhone":"9000000002","products":null,"status":"open","orderingDisabled":false,"closedReason":null,"closedUntil":null,"logo":null,"updatedAt":"2026-01-16T00:06:49Z"},{"id":"33b16e50-5c33-4fc8-b546-8c796895cf49","name":"City Pharmacy","area":"Brigade","category":"pharmacy","ownerId":null,"ownerPhone":null,"products":null,"status":"open","orderingDisabled":false,"closedReason":null,"closedUntil":null,"logo":null,"updatedAt":"2026-01-15T18:57:31.724056Z"},{"id":"63a5a059-9fb3-4f8e-9b44-b1d3ebf7e683","name":"City Pharmacy","area":"Brigade","category":"pharmacy","ownerId":null,"ownerPhone":null,"products":null,"status":"open","orderingDisabled":false,"closedReason":null,"closedUntil":null,"logo":null,"updatedAt":"2026-01-18T20:13:38.663820Z"},{"id":"68a008cd-6b10-4e48-b036-e3d752230378","name":"City Pharmacy","area":"Brigade","category":"pharmacy","ownerId":null,"ownerPhone":null,"products":null,"status":"open","orderingDisabled":false,"closedReason":null,"closedUntil":null,"logo":null,"updatedAt":"2026-01-15T19:03:29.647598Z"},{"id":"7bcf0556-b5ba-4df8-9196-1d24f45488c0","name":"City Pharmacy","area":"Brigade","category":"pharmacy","ownerId":null,"ownerPhone":null,"products":null,"status":"open","orderingDisabled":false,"closedReason":null,"closedUntil":null,"logo":null,"updatedAt":"2026-01-18T20:09:12.421625Z"},{"id":"9a0c37d7-50b9-462e-a551-dcdd782d8a5f","name":"City Pharmacy","area":"Brigade","category":"pharmacy","ownerId":null,"ownerPhone":null,"products":null,"status":"open","orderingDisabled":false,"closedReason":null,"closedUntil":null,"logo":null,"updatedAt":"2026-01-15T19:11:19.048431Z"},{"id":"b585adf9-d1e7-41be-ba0f-179581c84259","name":"City Pharmacy","area":"Brigade","category":"pharmacy","ownerId":null,"ownerPhone":null,"products":null,"status":"open","orderingDisabled":false,"closedReason":null,"closedUntil":null,"logo":null,"updatedAt":"2026-01-15T17:56:53.379793Z"},{"id":"24ab445b-351b-441e-b886-7e6b905c269b","name":"Fresh Mart","area":"MG Road","category":"grocery","ownerId":null,"ownerPhone":null,"products":null,"status":"open","orderingDisabled":false,"closedReason":null,"closedUntil":null,"logo":null,"updatedAt":"2026-01-15T19:11:18.918553Z"},{"id":"3ce3b1bf-7c55-4fa5-bbe3-f45f8a93c67a","name":"Fresh Mart","area":"MG Road","category":"grocery","ownerId":null,"ownerPhone":null,"products":null,"status":"open","orderingDisabled":false,"closedReason":null,"closedUntil":null,"logo":null,"updatedAt":"2026-01-15T17:56:53.251484Z"},{"id":"871a0bfe-570b-44ed-b7c4-ef60b2d18cf1","name":"Fresh Mart","area":"MG Road","category":"grocery","ownerId":null,"ownerPhone":null,"products":null,"status":"open","orderingDisabled":false,"closedReason":null,"closedUntil":null,"logo":null,"updatedAt":"2026-01-15T19:03:29.540557Z"},{"id":"90e791d5-27d3-4330-b834-48510b7dea41","name":"Fresh Mart","area":"MG Road","category":"grocery","ownerId":null,"ownerPhone":null,"products":null,"status":"open","orderingDisabled":false,"closedReason":null,"closedUntil":null,"logo":null,"updatedAt":"2026-01-18T20:09:12.272954Z"},{"id":"aee5f433-686e-45bb-be6b-2160a9267cb2","name":"Fresh Mart","area":"MG Road","category":"grocery","ownerId":null,"ownerPhone":null,"products":null,"status":"open","orderingDisabled":false,"closedReason":null,"closedUntil":null,"logo":null,"updatedAt":"2026-01-18T20:13:38.568416Z"},{"id":"ce9a05aa-7780-4da8-a071-1039ff4b1e4f","name":"Fresh Mart","area":"MG Road","category":"grocery","ownerId":null,"ownerPhone":null,"products":null,"status":"open","orderingDisabled":false,"closedReason":null,"closedUntil":null,"logo":null,"updatedAt":"2026-01-15T18:57:31.588523Z"}]
2026-01-19 21:32:32.899 [34mINFO [0;39m [c019cada-855c-47f2-a1d7-ebe0f67ddb2a] [http-nio-8080-exec-2] c.b.config.TenantInterceptor - tenant-context: tenant=tenantA method=GET path=/api/storefront/stores
2026-01-19 21:32:32.902 [34mINFO [0;39m [c019cada-855c-47f2-a1d7-ebe0f67ddb2a] [http-nio-8080-exec-2] c.b.web.CustomerStorefrontController - Customer storefront: list stores tenant=tenantA userId=e3e7d01b-88f2-420d-b460-5bbd89bb9944 search=null category=null
2026-01-19 21:32:32.906 [34mINFO [0;39m [a19764ed-9f81-4323-ba7b-38cc0fe638fc] [http-nio-8080-exec-1] c.b.config.TenantInterceptor - tenant-context: tenant=tenantA method=GET path=/api/storefront/categories
2026-01-19 21:32:32.909 [34mINFO [0;39m [a19764ed-9f81-4323-ba7b-38cc0fe638fc] [http-nio-8080-exec-1] c.b.web.CustomerStorefrontController - Customer storefront: list categories tenant=tenantA userId=e3e7d01b-88f2-420d-b460-5bbd89bb9944
2026-01-19 21:32:32.909 [34mINFO [0;39m [c019cada-855c-47f2-a1d7-ebe0f67ddb2a] [http-nio-8080-exec-2] c.b.logging.RepositoryLoggingAspect - [REPO_CALL] table=stores tenant=tenantA ids=[24ab445b-351b-441e-b886-7e6b905c269b, 33b16e50-5c33-4fc8-b546-8c796895cf49, 3ce3b1bf-7c55-4fa5-bbe3-f45f8a93c67a, 63a5a059-9fb3-4f8e-9b44-b1d3ebf7e683, 68a008cd-6b10-4e48-b036-e3d752230378, 7bcf0556-b5ba-4df8-9196-1d24f45488c0, 871a0bfe-570b-44ed-b7c4-ef60b2d18cf1, 90e791d5-27d3-4330-b834-48510b7dea41, 9a0c37d7-50b9-462e-a551-dcdd782d8a5f, aee5f433-686e-45bb-be6b-2160a9267cb2, b585adf9-d1e7-41be-ba0f-179581c84259, ce9a05aa-7780-4da8-a071-1039ff4b1e4f, storeA]
2026-01-19 21:32:32.910 [1;31mERROR[0;39m [c019cada-855c-47f2-a1d7-ebe0f67ddb2a] [http-nio-8080-exec-2] com.bharatshop.service.StoreService - [PROOF][STORE_REPO] store.id=24ab445b-351b-441e-b886-7e6b905c269b source=DB
2026-01-19 21:32:32.911 [1;31mERROR[0;39m [c019cada-855c-47f2-a1d7-ebe0f67ddb2a] [http-nio-8080-exec-2] com.bharatshop.service.StoreService - [PROOF][STORE_REPO] store.id=33b16e50-5c33-4fc8-b546-8c796895cf49 source=DB
2026-01-19 21:32:32.911 [1;31mERROR[0;39m [c019cada-855c-47f2-a1d7-ebe0f67ddb2a] [http-nio-8080-exec-2] com.bharatshop.service.StoreService - [PROOF][STORE_REPO] store.id=3ce3b1bf-7c55-4fa5-bbe3-f45f8a93c67a source=DB
2026-01-19 21:32:32.911 [1;31mERROR[0;39m [c019cada-855c-47f2-a1d7-ebe0f67ddb2a] [http-nio-8080-exec-2] com.bharatshop.service.StoreService - [PROOF][STORE_REPO] store.id=63a5a059-9fb3-4f8e-9b44-b1d3ebf7e683 source=DB
2026-01-19 21:32:32.911 [1;31mERROR[0;39m [c019cada-855c-47f2-a1d7-ebe0f67ddb2a] [http-nio-8080-exec-2] com.bharatshop.service.StoreService - [PROOF][STORE_REPO] store.id=68a008cd-6b10-4e48-b036-e3d752230378 source=DB
2026-01-19 21:32:32.912 [1;31mERROR[0;39m [c019cada-855c-47f2-a1d7-ebe0f67ddb2a] [http-nio-8080-exec-2] com.bharatshop.service.StoreService - [PROOF][STORE_REPO] store.id=7bcf0556-b5ba-4df8-9196-1d24f45488c0 source=DB
2026-01-19 21:32:32.912 [1;31mERROR[0;39m [c019cada-855c-47f2-a1d7-ebe0f67ddb2a] [http-nio-8080-exec-2] com.bharatshop.service.StoreService - [PROOF][STORE_REPO] store.id=871a0bfe-570b-44ed-b7c4-ef60b2d18cf1 source=DB
2026-01-19 21:32:32.913 [1;31mERROR[0;39m [c019cada-855c-47f2-a1d7-ebe0f67ddb2a] [http-nio-8080-exec-2] com.bharatshop.service.StoreService - [PROOF][STORE_REPO] store.id=90e791d5-27d3-4330-b834-48510b7dea41 source=DB
2026-01-19 21:32:32.913 [1;31mERROR[0;39m [c019cada-855c-47f2-a1d7-ebe0f67ddb2a] [http-nio-8080-exec-2] com.bharatshop.service.StoreService - [PROOF][STORE_REPO] store.id=9a0c37d7-50b9-462e-a551-dcdd782d8a5f source=DB
2026-01-19 21:32:32.914 [1;31mERROR[0;39m [c019cada-855c-47f2-a1d7-ebe0f67ddb2a] [http-nio-8080-exec-2] com.bharatshop.service.StoreService - [PROOF][STORE_REPO] store.id=aee5f433-686e-45bb-be6b-2160a9267cb2 source=DB
2026-01-19 21:32:32.914 [1;31mERROR[0;39m [c019cada-855c-47f2-a1d7-ebe0f67ddb2a] [http-nio-8080-exec-2] com.bharatshop.service.StoreService - [PROOF][STORE_REPO] store.id=b585adf9-d1e7-41be-ba0f-179581c84259 source=DB
2026-01-19 21:32:32.914 [1;31mERROR[0;39m [c019cada-855c-47f2-a1d7-ebe0f67ddb2a] [http-nio-8080-exec-2] com.bharatshop.service.StoreService - [PROOF][STORE_REPO] store.id=ce9a05aa-7780-4da8-a071-1039ff4b1e4f source=DB
2026-01-19 21:32:32.915 [1;31mERROR[0;39m [c019cada-855c-47f2-a1d7-ebe0f67ddb2a] [http-nio-8080-exec-2] com.bharatshop.service.StoreService - [PROOF][STORE_REPO] store.id=storeA source=DB
2026-01-19 21:32:32.915 [1;31mERROR[0;39m [c019cada-855c-47f2-a1d7-ebe0f67ddb2a] [http-nio-8080-exec-2] com.bharatshop.service.StoreService - [PROOF][STORE_MAP] entity.id=24ab445b-351b-441e-b886-7e6b905c269b mapped.id=24ab445b-351b-441e-b886-7e6b905c269b
2026-01-19 21:32:32.915 [1;31mERROR[0;39m [c019cada-855c-47f2-a1d7-ebe0f67ddb2a] [http-nio-8080-exec-2] com.bharatshop.service.StoreService - [PROOF][STORE_MAP] entity.id=33b16e50-5c33-4fc8-b546-8c796895cf49 mapped.id=33b16e50-5c33-4fc8-b546-8c796895cf49
2026-01-19 21:32:32.917 [1;31mERROR[0;39m [c019cada-855c-47f2-a1d7-ebe0f67ddb2a] [http-nio-8080-exec-2] com.bharatshop.service.StoreService - [PROOF][STORE_MAP] entity.id=3ce3b1bf-7c55-4fa5-bbe3-f45f8a93c67a mapped.id=3ce3b1bf-7c55-4fa5-bbe3-f45f8a93c67a
2026-01-19 21:32:32.918 [1;31mERROR[0;39m [c019cada-855c-47f2-a1d7-ebe0f67ddb2a] [http-nio-8080-exec-2] com.bharatshop.service.StoreService - [PROOF][STORE_MAP] entity.id=63a5a059-9fb3-4f8e-9b44-b1d3ebf7e683 mapped.id=63a5a059-9fb3-4f8e-9b44-b1d3ebf7e683
2026-01-19 21:32:32.919 [1;31mERROR[0;39m [c019cada-855c-47f2-a1d7-ebe0f67ddb2a] [http-nio-8080-exec-2] com.bharatshop.service.StoreService - [PROOF][STORE_MAP] entity.id=68a008cd-6b10-4e48-b036-e3d752230378 mapped.id=68a008cd-6b10-4e48-b036-e3d752230378
2026-01-19 21:32:32.919 [1;31mERROR[0;39m [c019cada-855c-47f2-a1d7-ebe0f67ddb2a] [http-nio-8080-exec-2] com.bharatshop.service.StoreService - [PROOF][STORE_MAP] entity.id=7bcf0556-b5ba-4df8-9196-1d24f45488c0 mapped.id=7bcf0556-b5ba-4df8-9196-1d24f45488c0
2026-01-19 21:32:32.920 [1;31mERROR[0;39m [c019cada-855c-47f2-a1d7-ebe0f67ddb2a] [http-nio-8080-exec-2] com.bharatshop.service.StoreService - [PROOF][STORE_MAP] entity.id=871a0bfe-570b-44ed-b7c4-ef60b2d18cf1 mapped.id=871a0bfe-570b-44ed-b7c4-ef60b2d18cf1
2026-01-19 21:32:32.920 [1;31mERROR[0;39m [c019cada-855c-47f2-a1d7-ebe0f67ddb2a] [http-nio-8080-exec-2] com.bharatshop.service.StoreService - [PROOF][STORE_MAP] entity.id=90e791d5-27d3-4330-b834-48510b7dea41 mapped.id=90e791d5-27d3-4330-b834-48510b7dea41
2026-01-19 21:32:32.920 [1;31mERROR[0;39m [c019cada-855c-47f2-a1d7-ebe0f67ddb2a] [http-nio-8080-exec-2] com.bharatshop.service.StoreService - [PROOF][STORE_MAP] entity.id=9a0c37d7-50b9-462e-a551-dcdd782d8a5f mapped.id=9a0c37d7-50b9-462e-a551-dcdd782d8a5f
2026-01-19 21:32:32.921 [1;31mERROR[0;39m [c019cada-855c-47f2-a1d7-ebe0f67ddb2a] [http-nio-8080-exec-2] com.bharatshop.service.StoreService - [PROOF][STORE_MAP] entity.id=aee5f433-686e-45bb-be6b-2160a9267cb2 mapped.id=aee5f433-686e-45bb-be6b-2160a9267cb2
2026-01-19 21:32:32.921 [1;31mERROR[0;39m [c019cada-855c-47f2-a1d7-ebe0f67ddb2a] [http-nio-8080-exec-2] com.bharatshop.service.StoreService - [PROOF][STORE_MAP] entity.id=b585adf9-d1e7-41be-ba0f-179581c84259 mapped.id=b585adf9-d1e7-41be-ba0f-179581c84259
2026-01-19 21:32:32.921 [1;31mERROR[0;39m [c019cada-855c-47f2-a1d7-ebe0f67ddb2a] [http-nio-8080-exec-2] com.bharatshop.service.StoreService - [PROOF][STORE_MAP] entity.id=ce9a05aa-7780-4da8-a071-1039ff4b1e4f mapped.id=ce9a05aa-7780-4da8-a071-1039ff4b1e4f
2026-01-19 21:32:32.922 [1;31mERROR[0;39m [c019cada-855c-47f2-a1d7-ebe0f67ddb2a] [http-nio-8080-exec-2] com.bharatshop.service.StoreService - [PROOF][STORE_MAP] entity.id=storeA mapped.id=storeA
2026-01-19 21:32:32.922 [1;31mERROR[0;39m [c019cada-855c-47f2-a1d7-ebe0f67ddb2a] [http-nio-8080-exec-2] c.b.web.CustomerStorefrontController - [PROOF][STORE_LIST] store.id=storeA tenant=tenantA source=DB
2026-01-19 21:32:32.923 [1;31mERROR[0;39m [c019cada-855c-47f2-a1d7-ebe0f67ddb2a] [http-nio-8080-exec-2] c.b.web.CustomerStorefrontController - [PROOF][STORE_LIST] store.id=33b16e50-5c33-4fc8-b546-8c796895cf49 tenant=tenantA source=DB
2026-01-19 21:32:32.923 [1;31mERROR[0;39m [c019cada-855c-47f2-a1d7-ebe0f67ddb2a] [http-nio-8080-exec-2] c.b.web.CustomerStorefrontController - [PROOF][STORE_LIST] store.id=63a5a059-9fb3-4f8e-9b44-b1d3ebf7e683 tenant=tenantA source=DB
2026-01-19 21:32:32.923 [1;31mERROR[0;39m [c019cada-855c-47f2-a1d7-ebe0f67ddb2a] [http-nio-8080-exec-2] c.b.web.CustomerStorefrontController - [PROOF][STORE_LIST] store.id=68a008cd-6b10-4e48-b036-e3d752230378 tenant=tenantA source=DB
2026-01-19 21:32:32.924 [1;31mERROR[0;39m [c019cada-855c-47f2-a1d7-ebe0f67ddb2a] [http-nio-8080-exec-2] c.b.web.CustomerStorefrontController - [PROOF][STORE_LIST] store.id=7bcf0556-b5ba-4df8-9196-1d24f45488c0 tenant=tenantA source=DB
2026-01-19 21:32:32.924 [1;31mERROR[0;39m [c019cada-855c-47f2-a1d7-ebe0f67ddb2a] [http-nio-8080-exec-2] c.b.web.CustomerStorefrontController - [PROOF][STORE_LIST] store.id=9a0c37d7-50b9-462e-a551-dcdd782d8a5f tenant=tenantA source=DB
2026-01-19 21:32:32.924 [1;31mERROR[0;39m [c019cada-855c-47f2-a1d7-ebe0f67ddb2a] [http-nio-8080-exec-2] c.b.web.CustomerStorefrontController - [PROOF][STORE_LIST] store.id=b585adf9-d1e7-41be-ba0f-179581c84259 tenant=tenantA source=DB
2026-01-19 21:32:32.925 [1;31mERROR[0;39m [c019cada-855c-47f2-a1d7-ebe0f67ddb2a] [http-nio-8080-exec-2] c.b.web.CustomerStorefrontController - [PROOF][STORE_LIST] store.id=24ab445b-351b-441e-b886-7e6b905c269b tenant=tenantA source=DB
2026-01-19 21:32:32.925 [1;31mERROR[0;39m [c019cada-855c-47f2-a1d7-ebe0f67ddb2a] [http-nio-8080-exec-2] c.b.web.CustomerStorefrontController - [PROOF][STORE_LIST] store.id=3ce3b1bf-7c55-4fa5-bbe3-f45f8a93c67a tenant=tenantA source=DB
2026-01-19 21:32:32.925 [1;31mERROR[0;39m [c019cada-855c-47f2-a1d7-ebe0f67ddb2a] [http-nio-8080-exec-2] c.b.web.CustomerStorefrontController - [PROOF][STORE_LIST] store.id=871a0bfe-570b-44ed-b7c4-ef60b2d18cf1 tenant=tenantA source=DB
2026-01-19 21:32:32.925 [1;31mERROR[0;39m [c019cada-855c-47f2-a1d7-ebe0f67ddb2a] [http-nio-8080-exec-2] c.b.web.CustomerStorefrontController - [PROOF][STORE_LIST] store.id=90e791d5-27d3-4330-b834-48510b7dea41 tenant=tenantA source=DB
2026-01-19 21:32:32.926 [1;31mERROR[0;39m [c019cada-855c-47f2-a1d7-ebe0f67ddb2a] [http-nio-8080-exec-2] c.b.web.CustomerStorefrontController - [PROOF][STORE_LIST] store.id=aee5f433-686e-45bb-be6b-2160a9267cb2 tenant=tenantA source=DB
2026-01-19 21:32:32.927 [1;31mERROR[0;39m [c019cada-855c-47f2-a1d7-ebe0f67ddb2a] [http-nio-8080-exec-2] c.b.web.CustomerStorefrontController - [PROOF][STORE_LIST] store.id=ce9a05aa-7780-4da8-a071-1039ff4b1e4f tenant=tenantA source=DB
2026-01-19 21:32:32.930 [34mINFO [0;39m [c019cada-855c-47f2-a1d7-ebe0f67ddb2a] [http-nio-8080-exec-2] c.b.config.logging.HttpLoggingFilter - GET /api/storefront/stores -> 200 (31 ms)
2026-01-19 21:32:32.931 [34mINFO [0;39m [c019cada-855c-47f2-a1d7-ebe0f67ddb2a] [http-nio-8080-exec-2] c.b.config.logging.HttpLoggingFilter - Headers: auth=present content-type=application/json accept=*/*
2026-01-19 21:32:32.932 [34mINFO [0;39m [c019cada-855c-47f2-a1d7-ebe0f67ddb2a] [http-nio-8080-exec-2] c.b.config.logging.HttpLoggingFilter - Response payload: [{"id":"storeA","name":"Alpha Kirana Store","area":"Connaught Place","category":"grocery","ownerId":null,"ownerPhone":"9000000002","products":null,"status":"open","orderingDisabled":false,"closedReason":null,"closedUntil":null,"logo":null,"updatedAt":"2026-01-16T00:06:49Z"},{"id":"33b16e50-5c33-4fc8-b546-8c796895cf49","name":"City Pharmacy","area":"Brigade","category":"pharmacy","ownerId":null,"ownerPhone":null,"products":null,"status":"open","orderingDisabled":false,"closedReason":null,"closedUntil":null,"logo":null,"updatedAt":"2026-01-15T18:57:31.724056Z"},{"id":"63a5a059-9fb3-4f8e-9b44-b1d3ebf7e683","name":"City Pharmacy","area":"Brigade","category":"pharmacy","ownerId":null,"ownerPhone":null,"products":null,"status":"open","orderingDisabled":false,"closedReason":null,"closedUntil":null,"logo":null,"updatedAt":"2026-01-18T20:13:38.663820Z"},{"id":"68a008cd-6b10-4e48-b036-e3d752230378","name":"City Pharmacy","area":"Brigade","category":"pharmacy","ownerId":null,"ownerPhone":null,"products":null,"status":"open","orderingDisabled":false,"closedReason":null,"closedUntil":null,"logo":null,"updatedAt":"2026-01-15T19:03:29.647598Z"},{"id":"7bcf0556-b5ba-4df8-9196-1d24f45488c0","name":"City Pharmacy","area":"Brigade","category":"pharmacy","ownerId":null,"ownerPhone":null,"products":null,"status":"open","orderingDisabled":false,"closedReason":null,"closedUntil":null,"logo":null,"updatedAt":"2026-01-18T20:09:12.421625Z"},{"id":"9a0c37d7-50b9-462e-a551-dcdd782d8a5f","name":"City Pharmacy","area":"Brigade","category":"pharmacy","ownerId":null,"ownerPhone":null,"products":null,"status":"open","orderingDisabled":false,"closedReason":null,"closedUntil":null,"logo":null,"updatedAt":"2026-01-15T19:11:19.048431Z"},{"id":"b585adf9-d1e7-41be-ba0f-179581c84259","name":"City Pharmacy","area":"Brigade","category":"pharmacy","ownerId":null,"ownerPhone":null,"products":null,"status":"open","orderingDisabled":false,"closedReason":null,"closedUntil":null,"logo":null,"updatedAt":"2026-01-15T17:56:53.379793Z"},{"id":"24ab445b-351b-441e-b886-7e6b905c269b","name":"Fresh Mart","area":"MG Road","category":"grocery","ownerId":null,"ownerPhone":null,"products":null,"status":"open","orderingDisabled":false,"closedReason":null,"closedUntil":null,"logo":null,"updatedAt":"2026-01-15T19:11:18.918553Z"},{"id":"3ce3b1bf-7c55-4fa5-bbe3-f45f8a93c67a","name":"Fresh Mart","area":"MG Road","category":"grocery","ownerId":null,"ownerPhone":null,"products":null,"status":"open","orderingDisabled":false,"closedReason":null,"closedUntil":null,"logo":null,"updatedAt":"2026-01-15T17:56:53.251484Z"},{"id":"871a0bfe-570b-44ed-b7c4-ef60b2d18cf1","name":"Fresh Mart","area":"MG Road","category":"grocery","ownerId":null,"ownerPhone":null,"products":null,"status":"open","orderingDisabled":false,"closedReason":null,"closedUntil":null,"logo":null,"updatedAt":"2026-01-15T19:03:29.540557Z"},{"id":"90e791d5-27d3-4330-b834-48510b7dea41","name":"Fresh Mart","area":"MG Road","category":"grocery","ownerId":null,"ownerPhone":null,"products":null,"status":"open","orderingDisabled":false,"closedReason":null,"closedUntil":null,"logo":null,"updatedAt":"2026-01-18T20:09:12.272954Z"},{"id":"aee5f433-686e-45bb-be6b-2160a9267cb2","name":"Fresh Mart","area":"MG Road","category":"grocery","ownerId":null,"ownerPhone":null,"products":null,"status":"open","orderingDisabled":false,"closedReason":null,"closedUntil":null,"logo":null,"updatedAt":"2026-01-18T20:13:38.568416Z"},{"id":"ce9a05aa-7780-4da8-a071-1039ff4b1e4f","name":"Fresh Mart","area":"MG Road","category":"grocery","ownerId":null,"ownerPhone":null,"products":null,"status":"open","orderingDisabled":false,"closedReason":null,"closedUntil":null,"logo":null,"updatedAt":"2026-01-15T18:57:31.588523Z"}]
2026-01-19 21:32:32.944 [34mINFO [0;39m [a19764ed-9f81-4323-ba7b-38cc0fe638fc] [http-nio-8080-exec-1] c.b.config.logging.HttpLoggingFilter - GET /api/storefront/categories -> 200 (38 ms)
2026-01-19 21:32:32.944 [34mINFO [0;39m [a19764ed-9f81-4323-ba7b-38cc0fe638fc] [http-nio-8080-exec-1] c.b.config.logging.HttpLoggingFilter - Headers: auth=present content-type=application/json accept=*/*
2026-01-19 21:32:32.944 [34mINFO [0;39m [a19764ed-9f81-4323-ba7b-38cc0fe638fc] [http-nio-8080-exec-1] c.b.config.logging.HttpLoggingFilter - Response payload: ["dairy","fruits","grocery","medicine"]
2026-01-19 21:32:32.961 [34mINFO [0;39m [9e94f218-a3f0-4210-876b-bb9e93953a7d] [http-nio-8080-exec-3] c.b.config.TenantInterceptor - tenant-context: tenant=tenantA method=GET path=/api/storefront/categories
2026-01-19 21:32:32.962 [34mINFO [0;39m [9e94f218-a3f0-4210-876b-bb9e93953a7d] [http-nio-8080-exec-3] c.b.web.CustomerStorefrontController - Customer storefront: list categories tenant=tenantA userId=e3e7d01b-88f2-420d-b460-5bbd89bb9944
2026-01-19 21:32:32.974 [34mINFO [0;39m [9e94f218-a3f0-4210-876b-bb9e93953a7d] [http-nio-8080-exec-3] c.b.config.logging.HttpLoggingFilter - GET /api/storefront/categories -> 200 (14 ms)
2026-01-19 21:32:32.975 [34mINFO [0;39m [9e94f218-a3f0-4210-876b-bb9e93953a7d] [http-nio-8080-exec-3] c.b.config.logging.HttpLoggingFilter - Headers: auth=present content-type=application/json accept=*/*
2026-01-19 21:32:32.976 [34mINFO [0;39m [9e94f218-a3f0-4210-876b-bb9e93953a7d] [http-nio-8080-exec-3] c.b.config.logging.HttpLoggingFilter - Response payload: ["dairy","fruits","grocery","medicine"]
2026-01-19 21:32:36.273 [34mINFO [0;39m [2e488f28-7166-4732-803c-996914337e6e] [http-nio-8080-exec-7] c.b.config.TenantInterceptor - tenant-context: tenant=tenantA method=GET path=/api/storefront/stores/storeA
2026-01-19 21:32:36.279 [34mINFO [0;39m [2e488f28-7166-4732-803c-996914337e6e] [http-nio-8080-exec-7] c.b.web.CustomerStorefrontController - Customer storefront: get store tenant=tenantA userId=e3e7d01b-88f2-420d-b460-5bbd89bb9944 storeId=storeA 
2026-01-19 21:32:36.279 [1;31mERROR[0;39m [2e488f28-7166-4732-803c-996914337e6e] [http-nio-8080-exec-7] c.b.web.CustomerStorefrontController - [PROOF][STORE_API] requested storeId=storeA
2026-01-19 21:32:36.295 [1;31mERROR[0;39m [2e488f28-7166-4732-803c-996914337e6e] [http-nio-8080-exec-7] com.bharatshop.service.StoreService - [PROOF][STORE_MAP] entity.id=storeA mapped.id=storeA
2026-01-19 21:32:36.295 [1;31mERROR[0;39m [2e488f28-7166-4732-803c-996914337e6e] [http-nio-8080-exec-7] c.b.web.CustomerStorefrontController - [PROOF][STORE_API] store.from.db id=storeA
2026-01-19 21:32:36.297 [34mINFO [0;39m [2e488f28-7166-4732-803c-996914337e6e] [http-nio-8080-exec-7] c.b.config.logging.HttpLoggingFilter - GET /api/storefront/stores/storeA -> 200 (25 ms)
2026-01-19 21:32:36.298 [34mINFO [0;39m [2e488f28-7166-4732-803c-996914337e6e] [http-nio-8080-exec-7] c.b.config.logging.HttpLoggingFilter - Headers: auth=present content-type=application/json accept=*/*
2026-01-19 21:32:36.298 [34mINFO [0;39m [2e488f28-7166-4732-803c-996914337e6e] [http-nio-8080-exec-7] c.b.config.logging.HttpLoggingFilter - Response payload: {"id":"storeA","name":"Alpha Kirana Store","area":"Connaught Place","category":"grocery","ownerId":null,"ownerPhone":"9000000002","products":null,"status":"open","orderingDisabled":false,"closedReason":null,"closedUntil":null,"logo":null,"updatedAt":"2026-01-16T00:06:49Z"}
2026-01-19 21:32:36.318 [34mINFO [0;39m [b1de7754-f089-4239-9206-7f6cc2ed7b2f] [http-nio-8080-exec-6] c.b.config.TenantInterceptor - tenant-context: tenant=tenantA method=GET path=/api/storefront/stores/storeA
2026-01-19 21:32:36.320 [34mINFO [0;39m [b1de7754-f089-4239-9206-7f6cc2ed7b2f] [http-nio-8080-exec-6] c.b.web.CustomerStorefrontController - Customer storefront: get store tenant=tenantA userId=e3e7d01b-88f2-420d-b460-5bbd89bb9944 storeId=storeA 
2026-01-19 21:32:36.321 [1;31mERROR[0;39m [b1de7754-f089-4239-9206-7f6cc2ed7b2f] [http-nio-8080-exec-6] c.b.web.CustomerStorefrontController - [PROOF][STORE_API] requested storeId=storeA
2026-01-19 21:32:36.324 [34mINFO [0;39m [3c0cf967-bee3-4f25-b464-e4f4b4a9c23f] [http-nio-8080-exec-5] c.b.config.TenantInterceptor - tenant-context: tenant=tenantA method=GET path=/api/storefront/stores/storeA/products
2026-01-19 21:32:36.331 [1;31mERROR[0;39m [b1de7754-f089-4239-9206-7f6cc2ed7b2f] [http-nio-8080-exec-6] com.bharatshop.service.StoreService - [PROOF][STORE_MAP] entity.id=storeA mapped.id=storeA
2026-01-19 21:32:36.331 [1;31mERROR[0;39m [b1de7754-f089-4239-9206-7f6cc2ed7b2f] [http-nio-8080-exec-6] c.b.web.CustomerStorefrontController - [PROOF][STORE_API] store.from.db id=storeA
2026-01-19 21:32:36.333 [34mINFO [0;39m [b1de7754-f089-4239-9206-7f6cc2ed7b2f] [http-nio-8080-exec-6] c.b.config.logging.HttpLoggingFilter - GET /api/storefront/stores/storeA -> 200 (16 ms)
2026-01-19 21:32:36.334 [34mINFO [0;39m [b1de7754-f089-4239-9206-7f6cc2ed7b2f] [http-nio-8080-exec-6] c.b.config.logging.HttpLoggingFilter - Headers: auth=present content-type=application/json accept=*/*
2026-01-19 21:32:36.335 [34mINFO [0;39m [b1de7754-f089-4239-9206-7f6cc2ed7b2f] [http-nio-8080-exec-6] c.b.config.logging.HttpLoggingFilter - Response payload: {"id":"storeA","name":"Alpha Kirana Store","area":"Connaught Place","category":"grocery","ownerId":null,"ownerPhone":"9000000002","products":null,"status":"open","orderingDisabled":false,"closedReason":null,"closedUntil":null,"logo":null,"updatedAt":"2026-01-16T00:06:49Z"}
2026-01-19 21:32:36.336 [34mINFO [0;39m [3c0cf967-bee3-4f25-b464-e4f4b4a9c23f] [http-nio-8080-exec-5] c.b.web.CustomerStorefrontController - Customer storefront: list products by store tenant=tenantA userId=e3e7d01b-88f2-420d-b460-5bbd89bb9944 storeId=storeA 
2026-01-19 21:32:36.349 [1;31mERROR[0;39m [3c0cf967-bee3-4f25-b464-e4f4b4a9c23f] [http-nio-8080-exec-5] c.b.web.CustomerStorefrontController - [PROOF][PRODUCT_API] requested storeId=storeA
2026-01-19 21:32:36.362 [1;31mERROR[0;39m [3c0cf967-bee3-4f25-b464-e4f4b4a9c23f] [http-nio-8080-exec-5] com.bharatshop.service.StoreService - [PROOF][STORE_MAP] entity.id=storeA mapped.id=storeA
2026-01-19 21:32:36.362 [1;31mERROR[0;39m [3c0cf967-bee3-4f25-b464-e4f4b4a9c23f] [http-nio-8080-exec-5] c.bharatshop.service.ProductService - [PROOF][PRODUCT_QUERY] requested storeId=storeA
2026-01-19 21:32:36.371 [34mINFO [0;39m [3c0cf967-bee3-4f25-b464-e4f4b4a9c23f] [http-nio-8080-exec-5] c.b.logging.RepositoryLoggingAspect - [REPO_CALL] table=products tenant=tenantA ids=[prodA1, prodA2, prodA3]
2026-01-19 21:32:36.372 [1;31mERROR[0;39m [3c0cf967-bee3-4f25-b464-e4f4b4a9c23f] [http-nio-8080-exec-5] c.bharatshop.service.ProductService - [PROOF][PRODUCT_DB] product.id=prodA1 storeId=storeA
2026-01-19 21:32:36.372 [1;31mERROR[0;39m [3c0cf967-bee3-4f25-b464-e4f4b4a9c23f] [http-nio-8080-exec-5] c.bharatshop.service.ProductService - [PROOF][PRODUCT_DB] product.id=prodA2 storeId=storeA
2026-01-19 21:32:36.373 [1;31mERROR[0;39m [3c0cf967-bee3-4f25-b464-e4f4b4a9c23f] [http-nio-8080-exec-5] c.bharatshop.service.ProductService - [PROOF][PRODUCT_DB] product.id=prodA3 storeId=storeA
2026-01-19 21:32:36.373 [1;31mERROR[0;39m [3c0cf967-bee3-4f25-b464-e4f4b4a9c23f] [http-nio-8080-exec-5] c.b.web.CustomerStorefrontController - [PROOF][PRODUCT_DB] productId=prodA1 storeId=storeA tenant=tenantA
2026-01-19 21:32:36.373 [1;31mERROR[0;39m [3c0cf967-bee3-4f25-b464-e4f4b4a9c23f] [http-nio-8080-exec-5] c.b.web.CustomerStorefrontController - [PROOF][PRODUCT_DB] productId=prodA2 storeId=storeA tenant=tenantA
2026-01-19 21:32:36.374 [1;31mERROR[0;39m [3c0cf967-bee3-4f25-b464-e4f4b4a9c23f] [http-nio-8080-exec-5] c.b.web.CustomerStorefrontController - [PROOF][PRODUCT_DB] productId=prodA3 storeId=storeA tenant=tenantA
2026-01-19 21:32:36.380 [34mINFO [0;39m [3c0cf967-bee3-4f25-b464-e4f4b4a9c23f] [http-nio-8080-exec-5] c.b.config.logging.HttpLoggingFilter - GET /api/storefront/stores/storeA/products -> 200 (57 ms)
2026-01-19 21:32:36.380 [34mINFO [0;39m [3c0cf967-bee3-4f25-b464-e4f4b4a9c23f] [http-nio-8080-exec-5] c.b.config.logging.HttpLoggingFilter - Headers: auth=present content-type=application/json accept=*/*
2026-01-19 21:32:36.383 [34mINFO [0;39m [3c0cf967-bee3-4f25-b464-e4f4b4a9c23f] [http-nio-8080-exec-5] c.b.config.logging.HttpLoggingFilter - Response payload: [{"id":"prodA1","name":"Aata 1kg","price":55.0,"description":null,"image":null,"category":"grocery","storeId":"storeA","currency":"INR","sku":null,"stock":null,"active":true},{"id":"prodA2","name":"Rice 1kg","price":65.0,"description":null,"image":null,"category":"grocery","storeId":"storeA","currency":"INR","sku":null,"stock":null,"active":true},{"id":"prodA3","name":"Milk 500ml","price":30.0,"description":null,"image":null,"category":"dairy","storeId":"storeA","currency":"INR","sku":null,"stock":null,"active":true}]
2026-01-19 21:32:36.399 [34mINFO [0;39m [b32ea28c-c549-4d07-828f-9e9965f0fb5c] [http-nio-8080-exec-8] c.b.config.TenantInterceptor - tenant-context: tenant=tenantA method=GET path=/api/storefront/stores/storeA/products
2026-01-19 21:32:36.401 [34mINFO [0;39m [b32ea28c-c549-4d07-828f-9e9965f0fb5c] [http-nio-8080-exec-8] c.b.web.CustomerStorefrontController - Customer storefront: list products by store tenant=tenantA userId=e3e7d01b-88f2-420d-b460-5bbd89bb9944 storeId=storeA 
2026-01-19 21:32:36.401 [1;31mERROR[0;39m [b32ea28c-c549-4d07-828f-9e9965f0fb5c] [http-nio-8080-exec-8] c.b.web.CustomerStorefrontController - [PROOF][PRODUCT_API] requested storeId=storeA
2026-01-19 21:32:36.406 [1;31mERROR[0;39m [b32ea28c-c549-4d07-828f-9e9965f0fb5c] [http-nio-8080-exec-8] com.bharatshop.service.StoreService - [PROOF][STORE_MAP] entity.id=storeA mapped.id=storeA
2026-01-19 21:32:36.407 [1;31mERROR[0;39m [b32ea28c-c549-4d07-828f-9e9965f0fb5c] [http-nio-8080-exec-8] c.bharatshop.service.ProductService - [PROOF][PRODUCT_QUERY] requested storeId=storeA
2026-01-19 21:32:36.413 [34mINFO [0;39m [b32ea28c-c549-4d07-828f-9e9965f0fb5c] [http-nio-8080-exec-8] c.b.logging.RepositoryLoggingAspect - [REPO_CALL] table=products tenant=tenantA ids=[prodA1, prodA2, prodA3]
2026-01-19 21:32:36.414 [1;31mERROR[0;39m [b32ea28c-c549-4d07-828f-9e9965f0fb5c] [http-nio-8080-exec-8] c.bharatshop.service.ProductService - [PROOF][PRODUCT_DB] product.id=prodA1 storeId=storeA
2026-01-19 21:32:36.414 [1;31mERROR[0;39m [b32ea28c-c549-4d07-828f-9e9965f0fb5c] [http-nio-8080-exec-8] c.bharatshop.service.ProductService - [PROOF][PRODUCT_DB] product.id=prodA2 storeId=storeA
2026-01-19 21:32:36.415 [1;31mERROR[0;39m [b32ea28c-c549-4d07-828f-9e9965f0fb5c] [http-nio-8080-exec-8] c.bharatshop.service.ProductService - [PROOF][PRODUCT_DB] product.id=prodA3 storeId=storeA
2026-01-19 21:32:36.416 [1;31mERROR[0;39m [b32ea28c-c549-4d07-828f-9e9965f0fb5c] [http-nio-8080-exec-8] c.b.web.CustomerStorefrontController - [PROOF][PRODUCT_DB] productId=prodA1 storeId=storeA tenant=tenantA
2026-01-19 21:32:36.416 [1;31mERROR[0;39m [b32ea28c-c549-4d07-828f-9e9965f0fb5c] [http-nio-8080-exec-8] c.b.web.CustomerStorefrontController - [PROOF][PRODUCT_DB] productId=prodA2 storeId=storeA tenant=tenantA
2026-01-19 21:32:36.416 [1;31mERROR[0;39m [b32ea28c-c549-4d07-828f-9e9965f0fb5c] [http-nio-8080-exec-8] c.b.web.CustomerStorefrontController - [PROOF][PRODUCT_DB] productId=prodA3 storeId=storeA tenant=tenantA
2026-01-19 21:32:36.419 [34mINFO [0;39m [b32ea28c-c549-4d07-828f-9e9965f0fb5c] [http-nio-8080-exec-8] c.b.config.logging.HttpLoggingFilter - GET /api/storefront/stores/storeA/products -> 200 (21 ms)
2026-01-19 21:32:36.419 [34mINFO [0;39m [b32ea28c-c549-4d07-828f-9e9965f0fb5c] [http-nio-8080-exec-8] c.b.config.logging.HttpLoggingFilter - Headers: auth=present content-type=application/json accept=*/*
2026-01-19 21:32:36.419 [34mINFO [0;39m [b32ea28c-c549-4d07-828f-9e9965f0fb5c] [http-nio-8080-exec-8] c.b.config.logging.HttpLoggingFilter - Response payload: [{"id":"prodA1","name":"Aata 1kg","price":55.0,"description":null,"image":null,"category":"grocery","storeId":"storeA","currency":"INR","sku":null,"stock":null,"active":true},{"id":"prodA2","name":"Rice 1kg","price":65.0,"description":null,"image":null,"category":"grocery","storeId":"storeA","currency":"INR","sku":null,"stock":null,"active":true},{"id":"prodA3","name":"Milk 500ml","price":30.0,"description":null,"image":null,"category":"dairy","storeId":"storeA","currency":"INR","sku":null,"stock":null,"active":true}]
2026-01-19 21:32:43.142 [34mINFO [0;39m [cac60d8b-b2e9-42b6-8a72-e58b33fce5f2] [http-nio-8080-exec-9] c.b.config.TenantInterceptor - tenant-context: tenant=tenantA method=POST path=/api/orders
2026-01-19 21:32:43.158 [34mINFO [0;39m [cac60d8b-b2e9-42b6-8a72-e58b33fce5f2] [http-nio-8080-exec-9] c.bharatshop.web.OrdersApiController - Create order via canonical endpoint: tenant=tenantA userId=e3e7d01b-88f2-420d-b460-5bbd89bb9944 items=1 paymentMethod=COD
2026-01-19 21:32:43.158 [1;31mERROR[0;39m [cac60d8b-b2e9-42b6-8a72-e58b33fce5f2] [http-nio-8080-exec-9] c.bharatshop.web.OrdersApiController - [PROOF][ORDER_API] payload=com.bharatshop.dto.CheckoutRequest@200ee6e1
2026-01-19 21:32:43.159 [1;31mERROR[0;39m [cac60d8b-b2e9-42b6-8a72-e58b33fce5f2] [http-nio-8080-exec-9] c.bharatshop.web.OrdersApiController - [PROOF][ORDER_ITEM] productId=prodA1
2026-01-19 21:32:43.159 [34mINFO [0;39m [cac60d8b-b2e9-42b6-8a72-e58b33fce5f2] [http-nio-8080-exec-9] c.bharatshop.service.CheckoutService - CheckoutService: tenant=tenantA userId=e3e7d01b-88f2-420d-b460-5bbd89bb9944
2026-01-19 21:32:43.160 [34mINFO [0;39m [cac60d8b-b2e9-42b6-8a72-e58b33fce5f2] [http-nio-8080-exec-9] c.bharatshop.service.CheckoutService - CheckoutRequest: items.size=1 itemClass=com.bharatshop.dto.CheckoutItem productIds=prodA1
2026-01-19 21:32:43.167 [1;31mERROR[0;39m [cac60d8b-b2e9-42b6-8a72-e58b33fce5f2] [http-nio-8080-exec-9] c.bharatshop.service.CheckoutService - [PROOF][CHECKOUT] lookup productId=prodA1 found=true
2026-01-19 21:32:43.167 [1;31mERROR[0;39m [cac60d8b-b2e9-42b6-8a72-e58b33fce5f2] [http-nio-8080-exec-9] c.bharatshop.service.CheckoutService - [PROOF][CHECKOUT] product.id=prodA1 product.storeId=storeA tenant=tenantA
2026-01-19 21:32:43.168 [34mINFO [0;39m [cac60d8b-b2e9-42b6-8a72-e58b33fce5f2] [http-nio-8080-exec-9] c.bharatshop.service.CheckoutService - CheckoutService: storeId resolved=storeA
2026-01-19 21:32:43.174 [1;31mERROR[0;39m [cac60d8b-b2e9-42b6-8a72-e58b33fce5f2] [http-nio-8080-exec-9] com.bharatshop.service.StoreService - [PROOF][STORE_MAP] entity.id=storeA mapped.id=storeA
2026-01-19 21:32:43.192 [34mINFO [0;39m [cac60d8b-b2e9-42b6-8a72-e58b33fce5f2] [http-nio-8080-exec-9] c.bharatshop.service.CheckoutService - CheckoutService: total computed=55.0
2026-01-19 21:32:43.339 [34mINFO [0;39m [cac60d8b-b2e9-42b6-8a72-e58b33fce5f2] [http-nio-8080-exec-9] c.bharatshop.service.CheckoutService - CheckoutService: success orderId=dd3d1d4a-92f8-41b8-8e35-d3b47c0fa93c reference=REF-dd3d1d4a userId=e3e7d01b-88f2-420d-b460-5bbd89bb9944
2026-01-19 21:32:43.342 [34mINFO [0;39m [cac60d8b-b2e9-42b6-8a72-e58b33fce5f2] [http-nio-8080-exec-9] c.b.config.logging.HttpLoggingFilter - POST /api/orders -> 200 (200 ms)
2026-01-19 21:32:43.342 [34mINFO [0;39m [cac60d8b-b2e9-42b6-8a72-e58b33fce5f2] [http-nio-8080-exec-9] c.b.config.logging.HttpLoggingFilter - Headers: auth=present content-type=application/json accept=*/*
2026-01-19 21:32:43.343 [34mINFO [0;39m [cac60d8b-b2e9-42b6-8a72-e58b33fce5f2] [http-nio-8080-exec-9] c.b.config.logging.HttpLoggingFilter - Request payload: {"items":[{"productId":"prodA1","quantity":1}],"paymentMethod":"COD"}
2026-01-19 21:32:43.343 [34mINFO [0;39m [cac60d8b-b2e9-42b6-8a72-e58b33fce5f2] [http-nio-8080-exec-9] c.b.config.logging.HttpLoggingFilter - Response payload: {"order":{"id":"dd3d1d4a-92f8-41b8-8e35-d3b47c0fa93c","reference":"REF-dd3d1d4a","status":"placed","total":55.0,"totals":{"subtotal":null,"deliveryFee":null,"tax":null,"tip":null,"payable":55.0},"items":[{"id":"prodA1","name":"Aata 1kg","price":55.0,"quantity":1,"requiresPrescription":null,"status":null}],"paymentMethod":"COD","paymentInfo":null,"address":null,"deliverySlot":null,"deliveryInstructions":null,"type":"order","createdAt":"2026-01-19T16:02:43.194819100Z","sellerResponseDeadline":"2026-01-19T16:17:43.194819100Z","sellerAcceptedAt":null,"cancelledAt":null,"cancellationReason":null,"storeId":"storeA","notes":null},"reference":"REF-dd3d1d4a"}
2026-01-19 21:32:43.382 [34mINFO [0;39m [94c26d41-dbff-4b1f-8b12-e5d22b865101] [http-nio-8080-exec-10] c.b.config.TenantInterceptor - tenant-context: tenant=tenantA method=GET path=/api/orders
2026-01-19 21:32:43.383 [34mINFO [0;39m [94c26d41-dbff-4b1f-8b12-e5d22b865101] [http-nio-8080-exec-10] c.bharatshop.web.OrdersApiController - List orders (canonical): tenant=tenantA userId=e3e7d01b-88f2-420d-b460-5bbd89bb9944
2026-01-19 21:32:43.400 [31mWARN [0;39m [] [ForkJoinPool.commonPool-worker-8] c.b.service.NotificationService - No template found for event ORDER_PLACED channel WHATSAPP language en
2026-01-19 21:32:43.413 [31mWARN [0;39m [] [ForkJoinPool.commonPool-worker-8] c.b.service.NotificationService - No template found for event ORDER_PLACED channel SMS language en
2026-01-19 21:32:43.424 [34mINFO [0;39m [94c26d41-dbff-4b1f-8b12-e5d22b865101] [http-nio-8080-exec-10] c.bharatshop.web.OrdersApiController - Orders fetched: count=3
2026-01-19 21:32:43.424 [31mWARN [0;39m [] [ForkJoinPool.commonPool-worker-8] c.b.service.NotificationService - No template found for event ORDER_PLACED channel EMAIL language en
2026-01-19 21:32:43.429 [1;31mERROR[0;39m [94c26d41-dbff-4b1f-8b12-e5d22b865101] [http-nio-8080-exec-10] com.bharatshop.service.StoreService - [PROOF][STORE_MAP] entity.id=storeA mapped.id=storeA
2026-01-19 21:32:43.435 [1;31mERROR[0;39m [94c26d41-dbff-4b1f-8b12-e5d22b865101] [http-nio-8080-exec-10] com.bharatshop.service.StoreService - [PROOF][STORE_MAP] entity.id=storeA mapped.id=storeA
2026-01-19 21:32:43.443 [1;31mERROR[0;39m [94c26d41-dbff-4b1f-8b12-e5d22b865101] [http-nio-8080-exec-10] com.bharatshop.service.StoreService - [PROOF][STORE_MAP] entity.id=storeA mapped.id=storeA
2026-01-19 21:32:43.445 [34mINFO [0;39m [94c26d41-dbff-4b1f-8b12-e5d22b865101] [http-nio-8080-exec-10] c.b.config.logging.HttpLoggingFilter - GET /api/orders -> 200 (64 ms)
2026-01-19 21:32:43.447 [34mINFO [0;39m [94c26d41-dbff-4b1f-8b12-e5d22b865101] [http-nio-8080-exec-10] c.b.config.logging.HttpLoggingFilter - Headers: auth=present content-type=application/json accept=*/*
2026-01-19 21:32:43.447 [34mINFO [0;39m [94c26d41-dbff-4b1f-8b12-e5d22b865101] [http-nio-8080-exec-10] c.b.config.logging.HttpLoggingFilter - Response payload: [{"createdAt":"2026-01-19T16:02:43.194819Z","total":55.0,"id":"dd3d1d4a-92f8-41b8-8e35-d3b47c0fa93c","store":{"name":"Alpha Kirana Store","id":"storeA"},"items":[{"quantity":1,"productId":"prodA1","name":"Aata 1kg"}],"status":"placed"},{"createdAt":"2026-01-19T13:46:32.000432Z","total":55.0,"id":"5b6584e7-eaad-4b15-8edd-181b2c26f97b","store":{"name":"Alpha Kirana Store","id":"storeA"},"items":[{"quantity":1,"productId":"prodA1","name":"Aata 1kg"}],"status":"cancelled"},{"createdAt":"2026-01-19T13:26:58.949200Z","total":55.0,"id":"ff1ad22e-8a96-4821-9147-4e821e679438","store":{"name":"Alpha Kirana Store","id":"storeA"},"items":[{"quantity":1,"productId":"prodA1","name":"Aata 1kg"}],"status":"cancelled"}]
2026-01-19 21:32:43.461 [34mINFO [0;39m [a94468b4-eb91-4e98-a3b9-c317de375321] [http-nio-8080-exec-4] c.b.config.TenantInterceptor - tenant-context: tenant=tenantA method=GET path=/api/orders
2026-01-19 21:32:43.463 [34mINFO [0;39m [a94468b4-eb91-4e98-a3b9-c317de375321] [http-nio-8080-exec-4] c.bharatshop.web.OrdersApiController - List orders (canonical): tenant=tenantA userId=e3e7d01b-88f2-420d-b460-5bbd89bb9944
2026-01-19 21:32:43.486 [34mINFO [0;39m [a94468b4-eb91-4e98-a3b9-c317de375321] [http-nio-8080-exec-4] c.bharatshop.web.OrdersApiController - Orders fetched: count=3
2026-01-19 21:32:43.490 [1;31mERROR[0;39m [a94468b4-eb91-4e98-a3b9-c317de375321] [http-nio-8080-exec-4] com.bharatshop.service.StoreService - [PROOF][STORE_MAP] entity.id=storeA mapped.id=storeA
2026-01-19 21:32:43.495 [1;31mERROR[0;39m [a94468b4-eb91-4e98-a3b9-c317de375321] [http-nio-8080-exec-4] com.bharatshop.service.StoreService - [PROOF][STORE_MAP] entity.id=storeA mapped.id=storeA
2026-01-19 21:32:43.499 [1;31mERROR[0;39m [a94468b4-eb91-4e98-a3b9-c317de375321] [http-nio-8080-exec-4] com.bharatshop.service.StoreService - [PROOF][STORE_MAP] entity.id=storeA mapped.id=storeA
2026-01-19 21:32:43.501 [34mINFO [0;39m [a94468b4-eb91-4e98-a3b9-c317de375321] [http-nio-8080-exec-4] c.b.config.logging.HttpLoggingFilter - GET /api/orders -> 200 (40 ms)
2026-01-19 21:32:43.502 [34mINFO [0;39m [a94468b4-eb91-4e98-a3b9-c317de375321] [http-nio-8080-exec-4] c.b.config.logging.HttpLoggingFilter - Headers: auth=present content-type=application/json accept=*/*
2026-01-19 21:32:43.502 [34mINFO [0;39m [a94468b4-eb91-4e98-a3b9-c317de375321] [http-nio-8080-exec-4] c.b.config.logging.HttpLoggingFilter - Response payload: [{"createdAt":"2026-01-19T16:02:43.194819Z","total":55.0,"id":"dd3d1d4a-92f8-41b8-8e35-d3b47c0fa93c","store":{"name":"Alpha Kirana Store","id":"storeA"},"items":[{"quantity":1,"productId":"prodA1","name":"Aata 1kg"}],"status":"placed"},{"createdAt":"2026-01-19T13:46:32.000432Z","total":55.0,"id":"5b6584e7-eaad-4b15-8edd-181b2c26f97b","store":{"name":"Alpha Kirana Store","id":"storeA"},"items":[{"quantity":1,"productId":"prodA1","name":"Aata 1kg"}],"status":"cancelled"},{"createdAt":"2026-01-19T13:26:58.949200Z","total":55.0,"id":"ff1ad22e-8a96-4821-9147-4e821e679438","store":{"name":"Alpha Kirana Store","id":"storeA"},"items":[{"quantity":1,"productId":"prodA1","name":"Aata 1kg"}],"status":"cancelled"}]
2026-01-19 22:18:31.416 [34mINFO [0;39m [] [main] c.bharatshop.BharatshopApplication - Starting BharatshopApplication using Java 17.0.12 with PID 64240 (C:\Users\Adarsh\Downloads\bharatshop-backend\target\bharatshop-backend-0.0.1-SNAPSHOT.jar started by Adarsh in C:\Users\Adarsh\Downloads\bharatshop-backend)
2026-01-19 22:18:31.423 [39mDEBUG[0;39m [] [main] c.bharatshop.BharatshopApplication - Running with Spring Boot v3.3.4, Spring v6.1.13
2026-01-19 22:18:31.426 [34mINFO [0;39m [] [main] c.bharatshop.BharatshopApplication - The following 1 profile is active: "mysql"
2026-01-19 22:18:35.301 [34mINFO [0;39m [] [main] o.s.d.r.c.RepositoryConfigurationDelegate - Bootstrapping Spring Data JPA repositories in DEFAULT mode.
2026-01-19 22:18:35.582 [34mINFO [0;39m [] [main] o.s.d.r.c.RepositoryConfigurationDelegate - Finished Spring Data repository scanning in 258 ms. Found 20 JPA repository interfaces.
2026-01-19 22:18:38.292 [34mINFO [0;39m [] [main] o.s.b.w.e.tomcat.TomcatWebServer - Tomcat initialized with port 8080 (http)
2026-01-19 22:18:38.330 [34mINFO [0;39m [] [main] o.a.coyote.http11.Http11NioProtocol - Initializing ProtocolHandler ["http-nio-8080"]
2026-01-19 22:18:38.342 [34mINFO [0;39m [] [main] o.a.catalina.core.StandardService - Starting service [Tomcat]
2026-01-19 22:18:38.344 [34mINFO [0;39m [] [main] o.a.catalina.core.StandardEngine - Starting Servlet engine: [Apache Tomcat/10.1.30]
2026-01-19 22:18:38.499 [34mINFO [0;39m [] [main] o.a.c.c.C.[Tomcat].[localhost].[/] - Initializing Spring embedded WebApplicationContext
2026-01-19 22:18:38.501 [34mINFO [0;39m [] [main] o.s.b.w.s.c.ServletWebServerApplicationContext - Root WebApplicationContext: initialization completed in 6867 ms
2026-01-19 22:18:40.954 [34mINFO [0;39m [] [main] o.s.o.j.p.SpringPersistenceUnitInfo - No LoadTimeWeaver setup: ignoring JPA class transformer
2026-01-19 22:18:41.128 [34mINFO [0;39m [] [main] com.zaxxer.hikari.HikariDataSource - HikariPool-1 - Starting...
2026-01-19 22:18:42.000 [34mINFO [0;39m [] [main] com.zaxxer.hikari.pool.HikariPool - HikariPool-1 - Added connection com.mysql.cj.jdbc.ConnectionImpl@f310675
2026-01-19 22:18:42.005 [34mINFO [0;39m [] [main] com.zaxxer.hikari.HikariDataSource - HikariPool-1 - Start completed.
2026-01-19 22:18:46.015 [34mINFO [0;39m [] [main] o.s.o.j.LocalContainerEntityManagerFactoryBean - Initialized JPA EntityManagerFactory for persistence unit 'default'
2026-01-19 22:18:47.073 [34mINFO [0;39m [] [main] o.s.d.j.r.query.QueryEnhancerFactory - Hibernate is in classpath; If applicable, HQL parser will be used.
2026-01-19 22:18:48.367 [39mDEBUG[0;39m [] [main] c.b.c.logging.CorrelationIdFilter - Filter 'correlationIdFilter' configured for use
2026-01-19 22:18:48.369 [39mDEBUG[0;39m [] [main] c.b.config.logging.HttpLoggingFilter - Filter 'httpLoggingFilter' configured for use
2026-01-19 22:18:48.379 [39mDEBUG[0;39m [] [main] com.bharatshop.config.TenantFilter - Filter 'tenantFilter' configured for use
2026-01-19 22:18:48.379 [39mDEBUG[0;39m [] [main] c.b.security.TokenAuthFilter - Filter 'tokenAuthFilter' configured for use
2026-01-19 22:18:48.385 [39mDEBUG[0;39m [] [main] c.b.config.IdempotencyFilter - Filter 'idempotencyFilter' configured for use
2026-01-19 22:18:48.455 [34mINFO [0;39m [] [main] c.b.config.DatabaseIdentityLogger - [PROFILES] active=mysql
2026-01-19 22:18:48.458 [34mINFO [0;39m [] [main] c.b.config.DatabaseIdentityLogger - [DB] url=jdbc:mysql://localhost:3306/bharatshop?createDatabaseIfNotExist=true&useSSL=false&allowPublicKeyRetrieval=true&serverTimezone=UTC schema=null user=root@localhost catalog=bharatshop
2026-01-19 22:18:51.875 [31mWARN [0;39m [] [main] o.s.b.a.o.j.JpaBaseConfiguration$JpaWebConfiguration - spring.jpa.open-in-view is enabled by default. Therefore, database queries may be performed during view rendering. Explicitly configure spring.jpa.open-in-view to disable this warning
2026-01-19 22:18:51.994 [31mWARN [0;39m [] [main] o.s.b.a.s.s.UserDetailsServiceAutoConfiguration - 

Using generated security password: ca43c802-1dc4-4d10-995d-fcaf8ba188dc

This generated password is for development use only. Your security configuration must be updated before running your application in production.

2026-01-19 22:18:52.029 [34mINFO [0;39m [] [main] o.s.s.c.a.a.c.InitializeUserDetailsBeanManagerConfigurer$InitializeUserDetailsManagerConfigurer - Global AuthenticationManager configured with UserDetailsService bean with name inMemoryUserDetailsManager
2026-01-19 22:18:53.522 [34mINFO [0;39m [] [main] o.s.b.a.e.web.EndpointLinksResolver - Exposing 4 endpoints beneath base path '/actuator'
2026-01-19 22:18:55.304 [34mINFO [0;39m [] [main] o.a.coyote.http11.Http11NioProtocol - Starting ProtocolHandler ["http-nio-8080"]
2026-01-19 22:18:55.387 [34mINFO [0;39m [] [main] o.s.b.w.e.tomcat.TomcatWebServer - Tomcat started on port 8080 (http) with context path '/'
2026-01-19 22:18:55.432 [34mINFO [0;39m [] [main] c.bharatshop.BharatshopApplication - Started BharatshopApplication in 26.327 seconds (process running for 28.139)
2026-01-19 22:18:55.701 [34mINFO [0;39m [] [main] c.b.devtools.TenantDataInspector - TENANT CHECK: DISTINCT store tenants=[tenantA] DISTINCT product tenants=[tenantA] 
2026-01-19 22:18:55.702 [34mINFO [0;39m [] [main] c.b.devtools.TenantDataInspector - TENANT CHECK: COUNT(stores, tenantA)=13 COUNT(products, tenantA)=21
2026-01-19 22:18:56.054 [1;31mERROR[0;39m [] [main] com.bharatshop.service.StoreService - [PROOF][STORE_MAP] entity.id=388bcc94-5e39-46bf-aaf2-4e3fcff6bf88 mapped.id=388bcc94-5e39-46bf-aaf2-4e3fcff6bf88
2026-01-19 22:18:56.069 [1;31mERROR[0;39m [] [main] com.bharatshop.service.StoreService - [PROOF][STORE_MAP] entity.id=cf88b9ed-cc07-4a33-b099-5e4f9bd217a7 mapped.id=cf88b9ed-cc07-4a33-b099-5e4f9bd217a7
2026-01-19 22:18:56.133 [34mINFO [0;39m [] [main] c.b.devtools.TenantDataNormalizer - TENANT NORMALIZE: updated stores=2 updated products=3 (NULL/default -> tenantA)
2026-01-19 23:04:05.403 [34mINFO [0;39m [] [http-nio-8080-exec-1] o.a.c.c.C.[Tomcat].[localhost].[/] - Initializing Spring DispatcherServlet 'dispatcherServlet'
2026-01-19 23:04:05.438 [34mINFO [0;39m [] [http-nio-8080-exec-1] o.s.web.servlet.DispatcherServlet - Initializing Servlet 'dispatcherServlet'
2026-01-19 23:04:05.668 [34mINFO [0;39m [] [http-nio-8080-exec-1] o.s.web.servlet.DispatcherServlet - Completed initialization in 226 ms
2026-01-19 23:04:06.820 [31mWARN [0;39m [] [http-nio-8080-exec-1] o.a.c.util.SessionIdGeneratorBase - Creation of SecureRandom instance for session ID generation using [SHA1PRNG] took [138] milliseconds.
