2025-11-10 03:44:42.028 [31mWARN [0;39m [] [HikariPool-1 housekeeper] com.zaxxer.hikari.pool.HikariPool - HikariPool-1 - Thread starvation or clock leap detected (housekeeper delta=9h45m37s633ms863µs800ns).
2025-11-10 18:38:17.629 [31mWARN [0;39m [] [HikariPool-1 housekeeper] com.zaxxer.hikari.pool.HikariPool - HikariPool-1 - Thread starvation or clock leap detected (housekeeper delta=14h53m40s593ms515µs800ns).
2025-11-10 18:50:51.722 [34mINFO [0;39m [] [http-nio-8081-exec-7] com.bharatshop.web.CartController - Get cart: userId=guest
2025-11-10 18:50:51.845 [34mINFO [0;39m [] [http-nio-8081-exec-7] c.b.config.logging.HttpLoggingFilter - GET /store/cart -> 200 (217 ms)
2025-11-10 18:50:51.846 [34mINFO [0;39m [] [http-nio-8081-exec-7] c.b.config.logging.HttpLoggingFilter - Headers: auth=absent content-type=null accept=application/json, text/plain, */*
2025-11-10 18:50:51.849 [34mINFO [0;39m [] [http-nio-8081-exec-7] c.b.config.logging.HttpLoggingFilter - Response payload: []
2025-11-10 18:50:51.912 [34mINFO [0;39m [] [http-nio-8081-exec-8] com.bharatshop.web.CartController - Get cart: userId=guest
2025-11-10 18:50:51.914 [34mINFO [0;39m [] [http-nio-8081-exec-8] c.b.config.logging.HttpLoggingFilter - GET /store/cart -> 200 (4 ms)
2025-11-10 18:50:51.916 [34mINFO [0;39m [] [http-nio-8081-exec-8] c.b.config.logging.HttpLoggingFilter - Headers: auth=absent content-type=null accept=application/json, text/plain, */*
2025-11-10 18:50:51.917 [34mINFO [0;39m [] [http-nio-8081-exec-8] c.b.config.logging.HttpLoggingFilter - Response payload: []
2025-11-10 18:56:18.010 [34mINFO [0;39m [] [http-nio-8081-exec-9] com.bharatshop.web.CartController - Get cart: userId=guest
2025-11-10 18:56:18.014 [34mINFO [0;39m [] [http-nio-8081-exec-9] c.b.config.logging.HttpLoggingFilter - GET /store/cart -> 200 (4 ms)
2025-11-10 18:56:18.014 [34mINFO [0;39m [] [http-nio-8081-exec-9] c.b.config.logging.HttpLoggingFilter - Headers: auth=absent content-type=null accept=application/json, text/plain, */*
2025-11-10 18:56:18.016 [34mINFO [0;39m [] [http-nio-8081-exec-9] c.b.config.logging.HttpLoggingFilter - Response payload: []
2025-11-10 18:56:18.027 [34mINFO [0;39m [] [http-nio-8081-exec-10] com.bharatshop.web.CartController - Get cart: userId=guest
2025-11-10 18:56:18.031 [34mINFO [0;39m [] [http-nio-8081-exec-10] c.b.config.logging.HttpLoggingFilter - GET /store/cart -> 200 (4 ms)
2025-11-10 18:56:18.031 [34mINFO [0;39m [] [http-nio-8081-exec-10] c.b.config.logging.HttpLoggingFilter - Headers: auth=absent content-type=null accept=application/json, text/plain, */*
2025-11-10 18:56:18.031 [34mINFO [0;39m [] [http-nio-8081-exec-10] c.b.config.logging.HttpLoggingFilter - Response payload: []
2025-11-10 19:05:43.987 [34mINFO [0;39m [] [http-nio-8081-exec-1] com.bharatshop.web.CartController - Get cart: userId=guest
2025-11-10 19:05:43.989 [34mINFO [0;39m [] [http-nio-8081-exec-1] c.b.config.logging.HttpLoggingFilter - GET /store/cart -> 200 (5 ms)
2025-11-10 19:05:43.989 [34mINFO [0;39m [] [http-nio-8081-exec-1] c.b.config.logging.HttpLoggingFilter - Headers: auth=absent content-type=null accept=application/json, text/plain, */*
2025-11-10 19:05:43.989 [34mINFO [0;39m [] [http-nio-8081-exec-1] c.b.config.logging.HttpLoggingFilter - Response payload: []
2025-11-10 19:05:44.037 [34mINFO [0;39m [] [http-nio-8081-exec-2] com.bharatshop.web.CartController - Get cart: userId=guest
2025-11-10 19:05:44.040 [34mINFO [0;39m [] [http-nio-8081-exec-2] c.b.config.logging.HttpLoggingFilter - GET /store/cart -> 200 (5 ms)
2025-11-10 19:05:44.040 [34mINFO [0;39m [] [http-nio-8081-exec-2] c.b.config.logging.HttpLoggingFilter - Headers: auth=absent content-type=null accept=application/json, text/plain, */*
2025-11-10 19:05:44.041 [34mINFO [0;39m [] [http-nio-8081-exec-2] c.b.config.logging.HttpLoggingFilter - Response payload: []
2025-11-10 19:05:44.152 [34mINFO [0;39m [] [http-nio-8081-exec-3] c.b.web.StoreDiscoveryController - Discover stores: tenant=demo-store search=null category=null
2025-11-10 19:05:44.325 [34mINFO [0;39m [] [http-nio-8081-exec-3] c.b.config.logging.HttpLoggingFilter - GET /api/stores -> 200 (187 ms)
2025-11-10 19:05:44.326 [34mINFO [0;39m [] [http-nio-8081-exec-3] c.b.config.logging.HttpLoggingFilter - Headers: auth=absent content-type=null accept=application/json, text/plain, */*
2025-11-10 19:05:44.326 [34mINFO [0;39m [] [http-nio-8081-exec-3] c.b.config.logging.HttpLoggingFilter - Response payload: [{"id":"5eb179de-5b3e-4d0b-9341-29b1f36053af","name":"City Pharmacy","area":"Brigade","category":"pharmacy"},{"id":"5991d938-9d2d-4805-b072-3fb6775244ce","name":"Fresh Mart","area":"MG Road","category":"grocery"},{"id":"11405c15-e838-425f-823e-f57c9b0d82f2","name":"Smoke Store","area":"Area","category":"General"},{"id":"e983c659-8d8f-423d-89d3-e50fab9d371e","name":"Sunrise Hotel","area":"Beach","category":"hospitality"},{"id":"de0d25cf-f3d9-4aa0-87ec-a97adede83fa","name":"Updated Store","area":"Updated City","category":"Updated Category"},{"id":"2eced9a2-e2ae-4678-8402-762a6dbd5de0","name":"Updated Store","area":"Updated City","category":"Updated Category"},{"id":"43e76f32-bc0b-4e3b-85a0-19f871012c0d","name":"Updated Store","area":"Updated City","category":"Updated Category"}]
2025-11-10 19:20:57.204 [34mINFO [0;39m [] [http-nio-8081-exec-4] com.bharatshop.web.CartController - Get cart: userId=guest
2025-11-10 19:20:57.209 [34mINFO [0;39m [] [http-nio-8081-exec-4] c.b.config.logging.HttpLoggingFilter - GET /store/cart -> 200 (8 ms)
2025-11-10 19:20:57.219 [34mINFO [0;39m [] [http-nio-8081-exec-4] c.b.config.logging.HttpLoggingFilter - Headers: auth=absent content-type=null accept=application/json, text/plain, */*
2025-11-10 19:20:57.220 [34mINFO [0;39m [] [http-nio-8081-exec-4] c.b.config.logging.HttpLoggingFilter - Response payload: []
2025-11-10 19:20:57.237 [34mINFO [0;39m [] [http-nio-8081-exec-5] com.bharatshop.web.CartController - Get cart: userId=guest
2025-11-10 19:20:57.239 [34mINFO [0;39m [] [http-nio-8081-exec-5] c.b.config.logging.HttpLoggingFilter - GET /store/cart -> 200 (6 ms)
2025-11-10 19:20:57.242 [34mINFO [0;39m [] [http-nio-8081-exec-5] c.b.config.logging.HttpLoggingFilter - Headers: auth=absent content-type=null accept=application/json, text/plain, */*
2025-11-10 19:20:57.247 [34mINFO [0;39m [] [http-nio-8081-exec-5] c.b.config.logging.HttpLoggingFilter - Response payload: []
2025-11-10 19:20:57.274 [34mINFO [0;39m [] [http-nio-8081-exec-6] c.b.web.StoreDiscoveryController - Discover stores: tenant=demo-store search=null category=null
2025-11-10 19:20:57.280 [34mINFO [0;39m [] [http-nio-8081-exec-6] c.b.config.logging.HttpLoggingFilter - GET /api/stores -> 200 (9 ms)
2025-11-10 19:20:57.280 [34mINFO [0;39m [] [http-nio-8081-exec-6] c.b.config.logging.HttpLoggingFilter - Headers: auth=absent content-type=null accept=application/json, text/plain, */*
2025-11-10 19:20:57.284 [34mINFO [0;39m [] [http-nio-8081-exec-6] c.b.config.logging.HttpLoggingFilter - Response payload: [{"id":"5eb179de-5b3e-4d0b-9341-29b1f36053af","name":"City Pharmacy","area":"Brigade","category":"pharmacy"},{"id":"5991d938-9d2d-4805-b072-3fb6775244ce","name":"Fresh Mart","area":"MG Road","category":"grocery"},{"id":"11405c15-e838-425f-823e-f57c9b0d82f2","name":"Smoke Store","area":"Area","category":"General"},{"id":"e983c659-8d8f-423d-89d3-e50fab9d371e","name":"Sunrise Hotel","area":"Beach","category":"hospitality"},{"id":"de0d25cf-f3d9-4aa0-87ec-a97adede83fa","name":"Updated Store","area":"Updated City","category":"Updated Category"},{"id":"2eced9a2-e2ae-4678-8402-762a6dbd5de0","name":"Updated Store","area":"Updated City","category":"Updated Category"},{"id":"43e76f32-bc0b-4e3b-85a0-19f871012c0d","name":"Updated Store","area":"Updated City","category":"Updated Category"}]
2025-11-10 19:21:45.975 [34mINFO [0;39m [] [http-nio-8081-exec-7] com.bharatshop.web.CartController - Get cart: userId=guest
2025-11-10 19:21:45.981 [34mINFO [0;39m [] [http-nio-8081-exec-7] c.b.config.logging.HttpLoggingFilter - GET /store/cart -> 200 (6 ms)
2025-11-10 19:21:45.983 [34mINFO [0;39m [] [http-nio-8081-exec-7] c.b.config.logging.HttpLoggingFilter - Headers: auth=absent content-type=null accept=application/json, text/plain, */*
2025-11-10 19:21:45.987 [34mINFO [0;39m [] [http-nio-8081-exec-7] c.b.config.logging.HttpLoggingFilter - Response payload: []
2025-11-10 19:21:46.005 [34mINFO [0;39m [] [http-nio-8081-exec-8] com.bharatshop.web.CartController - Get cart: userId=guest
2025-11-10 19:21:46.008 [34mINFO [0;39m [] [http-nio-8081-exec-8] c.b.config.logging.HttpLoggingFilter - GET /store/cart -> 200 (5 ms)
2025-11-10 19:21:46.008 [34mINFO [0;39m [] [http-nio-8081-exec-8] c.b.config.logging.HttpLoggingFilter - Headers: auth=absent content-type=null accept=application/json, text/plain, */*
2025-11-10 19:21:46.009 [34mINFO [0;39m [] [http-nio-8081-exec-8] c.b.config.logging.HttpLoggingFilter - Response payload: []
2025-11-10 19:21:46.057 [34mINFO [0;39m [] [http-nio-8081-exec-9] c.b.web.StoreDiscoveryController - Discover stores: tenant=demo-store search=null category=null
2025-11-10 19:21:46.068 [34mINFO [0;39m [] [http-nio-8081-exec-9] c.b.config.logging.HttpLoggingFilter - GET /api/stores -> 200 (13 ms)
2025-11-10 19:21:46.068 [34mINFO [0;39m [] [http-nio-8081-exec-9] c.b.config.logging.HttpLoggingFilter - Headers: auth=absent content-type=null accept=application/json, text/plain, */*
2025-11-10 19:21:46.068 [34mINFO [0;39m [] [http-nio-8081-exec-9] c.b.config.logging.HttpLoggingFilter - Response payload: [{"id":"5eb179de-5b3e-4d0b-9341-29b1f36053af","name":"City Pharmacy","area":"Brigade","category":"pharmacy"},{"id":"5991d938-9d2d-4805-b072-3fb6775244ce","name":"Fresh Mart","area":"MG Road","category":"grocery"},{"id":"11405c15-e838-425f-823e-f57c9b0d82f2","name":"Smoke Store","area":"Area","category":"General"},{"id":"e983c659-8d8f-423d-89d3-e50fab9d371e","name":"Sunrise Hotel","area":"Beach","category":"hospitality"},{"id":"de0d25cf-f3d9-4aa0-87ec-a97adede83fa","name":"Updated Store","area":"Updated City","category":"Updated Category"},{"id":"2eced9a2-e2ae-4678-8402-762a6dbd5de0","name":"Updated Store","area":"Updated City","category":"Updated Category"},{"id":"43e76f32-bc0b-4e3b-85a0-19f871012c0d","name":"Updated Store","area":"Updated City","category":"Updated Category"}]
2025-11-10 19:21:48.998 [34mINFO [0;39m [] [http-nio-8081-exec-10] com.bharatshop.service.AuthService - Session lookup: token not found
2025-11-10 19:21:49.010 [34mINFO [0;39m [] [http-nio-8081-exec-10] com.bharatshop.web.CartController - Get cart: userId=guest
2025-11-10 19:21:49.090 [34mINFO [0;39m [] [http-nio-8081-exec-10] c.b.config.logging.HttpLoggingFilter - GET /store/cart -> 200 (84 ms)
2025-11-10 19:21:49.090 [34mINFO [0;39m [] [http-nio-8081-exec-10] c.b.config.logging.HttpLoggingFilter - Headers: auth=present content-type=null accept=application/json, text/plain, */*
2025-11-10 19:21:49.092 [34mINFO [0;39m [] [http-nio-8081-exec-10] c.b.config.logging.HttpLoggingFilter - Response payload: []
2025-11-10 19:21:49.124 [34mINFO [0;39m [] [http-nio-8081-exec-1] com.bharatshop.service.AuthService - Session lookup: token not found
2025-11-10 19:21:49.132 [34mINFO [0;39m [] [http-nio-8081-exec-1] com.bharatshop.web.CartController - Get cart: userId=guest
2025-11-10 19:21:49.155 [34mINFO [0;39m [] [http-nio-8081-exec-1] c.b.config.logging.HttpLoggingFilter - GET /store/cart -> 200 (24 ms)
2025-11-10 19:21:49.157 [34mINFO [0;39m [] [http-nio-8081-exec-1] c.b.config.logging.HttpLoggingFilter - Headers: auth=present content-type=null accept=application/json, text/plain, */*
2025-11-10 19:21:49.161 [34mINFO [0;39m [] [http-nio-8081-exec-1] c.b.config.logging.HttpLoggingFilter - Response payload: []
2025-11-10 19:21:49.313 [34mINFO [0;39m [] [http-nio-8081-exec-2] com.bharatshop.service.AuthService - Session lookup: token not found
2025-11-10 19:21:49.321 [34mINFO [0;39m [] [http-nio-8081-exec-2] c.b.web.StoreDiscoveryController - Discover stores: tenant=demo-store search=null category=null
2025-11-10 19:21:49.352 [34mINFO [0;39m [] [http-nio-8081-exec-2] c.b.config.logging.HttpLoggingFilter - GET /api/stores -> 200 (31 ms)
2025-11-10 19:21:49.354 [34mINFO [0;39m [] [http-nio-8081-exec-2] c.b.config.logging.HttpLoggingFilter - Headers: auth=present content-type=null accept=application/json, text/plain, */*
2025-11-10 19:21:49.354 [34mINFO [0;39m [] [http-nio-8081-exec-2] c.b.config.logging.HttpLoggingFilter - Response payload: [{"id":"5eb179de-5b3e-4d0b-9341-29b1f36053af","name":"City Pharmacy","area":"Brigade","category":"pharmacy"},{"id":"5991d938-9d2d-4805-b072-3fb6775244ce","name":"Fresh Mart","area":"MG Road","category":"grocery"},{"id":"11405c15-e838-425f-823e-f57c9b0d82f2","name":"Smoke Store","area":"Area","category":"General"},{"id":"e983c659-8d8f-423d-89d3-e50fab9d371e","name":"Sunrise Hotel","area":"Beach","category":"hospitality"},{"id":"de0d25cf-f3d9-4aa0-87ec-a97adede83fa","name":"Updated Store","area":"Updated City","category":"Updated Category"},{"id":"2eced9a2-e2ae-4678-8402-762a6dbd5de0","name":"Updated Store","area":"Updated City","category":"Updated Category"},{"id":"43e76f32-bc0b-4e3b-85a0-19f871012c0d","name":"Updated Store","area":"Updated City","category":"Updated Category"}]
2025-11-10 19:21:54.480 [34mINFO [0;39m [] [http-nio-8081-exec-3] com.bharatshop.service.AuthService - Session lookup: token not found
2025-11-10 19:21:54.496 [34mINFO [0;39m [] [http-nio-8081-exec-4] com.bharatshop.service.AuthService - Session lookup: token not found
2025-11-10 19:21:54.511 [34mINFO [0;39m [] [http-nio-8081-exec-4] c.b.config.logging.HttpLoggingFilter - GET /api/seller/stores -> 401 (9 ms)
2025-11-10 19:21:54.511 [34mINFO [0;39m [] [http-nio-8081-exec-4] c.b.config.logging.HttpLoggingFilter - Headers: auth=present content-type=null accept=application/json, text/plain, */*
2025-11-10 19:21:54.514 [34mINFO [0;39m [] [http-nio-8081-exec-3] c.b.config.logging.HttpLoggingFilter - GET /api/seller/orders -> 401 (31 ms)
2025-11-10 19:21:54.514 [34mINFO [0;39m [] [http-nio-8081-exec-3] c.b.config.logging.HttpLoggingFilter - Headers: auth=present content-type=null accept=application/json, text/plain, */*
2025-11-10 19:21:54.514 [34mINFO [0;39m [] [http-nio-8081-exec-3] c.b.config.logging.HttpLoggingFilter - Response payload: {"message":"Unauthorized"}
2025-11-10 19:21:54.526 [34mINFO [0;39m [] [http-nio-8081-exec-5] com.bharatshop.service.AuthService - Session lookup: token not found
2025-11-10 19:21:54.526 [34mINFO [0;39m [] [http-nio-8081-exec-6] com.bharatshop.service.AuthService - Session lookup: token not found
2025-11-10 19:21:54.530 [34mINFO [0;39m [] [http-nio-8081-exec-5] c.b.config.logging.HttpLoggingFilter - GET /api/seller/orders -> 401 (2 ms)
2025-11-10 19:21:54.530 [34mINFO [0;39m [] [http-nio-8081-exec-6] c.b.config.logging.HttpLoggingFilter - GET /api/seller/stores -> 401 (2 ms)
2025-11-10 19:21:54.530 [34mINFO [0;39m [] [http-nio-8081-exec-5] c.b.config.logging.HttpLoggingFilter - Headers: auth=present content-type=null accept=application/json, text/plain, */*
2025-11-10 19:21:54.530 [34mINFO [0;39m [] [http-nio-8081-exec-6] c.b.config.logging.HttpLoggingFilter - Headers: auth=present content-type=null accept=application/json, text/plain, */*
2025-11-10 19:21:54.530 [34mINFO [0;39m [] [http-nio-8081-exec-5] c.b.config.logging.HttpLoggingFilter - Response payload: {"message":"Unauthorized"}
2025-11-10 19:22:02.485 [34mINFO [0;39m [] [http-nio-8081-exec-7] com.bharatshop.service.AuthService - Session lookup: token not found
2025-11-10 19:22:02.485 [34mINFO [0;39m [] [http-nio-8081-exec-8] com.bharatshop.service.AuthService - Session lookup: token not found
2025-11-10 19:22:02.485 [34mINFO [0;39m [] [http-nio-8081-exec-8] c.b.web.StoreDiscoveryController - Global categories requested: tenant=demo-store
2025-11-10 19:22:02.485 [34mINFO [0;39m [] [http-nio-8081-exec-7] c.b.config.logging.HttpLoggingFilter - GET /api/seller/stores -> 401 (0 ms)
2025-11-10 19:22:02.485 [34mINFO [0;39m [] [http-nio-8081-exec-7] c.b.config.logging.HttpLoggingFilter - Headers: auth=present content-type=null accept=application/json, text/plain, */*
2025-11-10 19:22:02.495 [34mINFO [0;39m [] [http-nio-8081-exec-9] com.bharatshop.service.AuthService - Session lookup: token not found
2025-11-10 19:22:02.498 [34mINFO [0;39m [] [http-nio-8081-exec-9] c.b.config.logging.HttpLoggingFilter - GET /api/seller/stores -> 401 (0 ms)
2025-11-10 19:22:02.498 [34mINFO [0;39m [] [http-nio-8081-exec-9] c.b.config.logging.HttpLoggingFilter - Headers: auth=present content-type=null accept=application/json, text/plain, */*
2025-11-10 19:22:02.502 [34mINFO [0;39m [] [http-nio-8081-exec-8] c.b.config.logging.HttpLoggingFilter - GET /api/categories -> 200 (17 ms)
2025-11-10 19:22:02.510 [34mINFO [0;39m [] [http-nio-8081-exec-8] c.b.config.logging.HttpLoggingFilter - Headers: auth=present content-type=null accept=application/json, text/plain, */*
2025-11-10 19:22:02.516 [34mINFO [0;39m [] [http-nio-8081-exec-8] c.b.config.logging.HttpLoggingFilter - Response payload: ["General","dairy","fruits","medicine","room"]
2025-11-10 19:22:02.532 [34mINFO [0;39m [] [http-nio-8081-exec-10] com.bharatshop.service.AuthService - Session lookup: token not found
2025-11-10 19:22:02.535 [34mINFO [0;39m [] [http-nio-8081-exec-1] com.bharatshop.service.AuthService - Session lookup: token not found
2025-11-10 19:22:02.544 [34mINFO [0;39m [] [http-nio-8081-exec-1] c.b.config.logging.HttpLoggingFilter - GET /api/seller/stores/s_1761843089530/products -> 401 (6 ms)
2025-11-10 19:22:02.546 [34mINFO [0;39m [] [http-nio-8081-exec-1] c.b.config.logging.HttpLoggingFilter - Headers: auth=present content-type=null accept=application/json, text/plain, */*
2025-11-10 19:22:02.548 [34mINFO [0;39m [] [http-nio-8081-exec-1] c.b.config.logging.HttpLoggingFilter - Response payload: {"message":"Unauthorized"}
2025-11-10 19:22:02.538 [34mINFO [0;39m [] [http-nio-8081-exec-10] c.b.web.StoreDiscoveryController - Global categories requested: tenant=demo-store
2025-11-10 19:22:02.591 [34mINFO [0;39m [] [http-nio-8081-exec-10] c.b.config.logging.HttpLoggingFilter - GET /api/categories -> 200 (53 ms)
2025-11-10 19:22:02.593 [34mINFO [0;39m [] [http-nio-8081-exec-10] c.b.config.logging.HttpLoggingFilter - Headers: auth=present content-type=null accept=application/json, text/plain, */*
2025-11-10 19:22:02.593 [34mINFO [0;39m [] [http-nio-8081-exec-10] c.b.config.logging.HttpLoggingFilter - Response payload: ["General","dairy","fruits","medicine","room"]
2025-11-10 19:22:05.374 [34mINFO [0;39m [] [http-nio-8081-exec-4] com.bharatshop.service.AuthService - Session lookup: token not found
2025-11-10 19:22:05.377 [34mINFO [0;39m [] [http-nio-8081-exec-2] com.bharatshop.service.AuthService - Session lookup: token not found
2025-11-10 19:22:05.380 [34mINFO [0;39m [] [http-nio-8081-exec-4] c.b.config.logging.HttpLoggingFilter - GET /api/seller/stores -> 401 (2 ms)
2025-11-10 19:22:05.380 [34mINFO [0;39m [] [http-nio-8081-exec-2] c.b.config.logging.HttpLoggingFilter - GET /api/seller/orders -> 401 (2 ms)
2025-11-10 19:22:05.380 [34mINFO [0;39m [] [http-nio-8081-exec-4] c.b.config.logging.HttpLoggingFilter - Headers: auth=present content-type=null accept=application/json, text/plain, */*
2025-11-10 19:22:05.382 [34mINFO [0;39m [] [http-nio-8081-exec-2] c.b.config.logging.HttpLoggingFilter - Headers: auth=present content-type=null accept=application/json, text/plain, */*
2025-11-10 19:22:05.395 [34mINFO [0;39m [] [http-nio-8081-exec-2] c.b.config.logging.HttpLoggingFilter - Response payload: {"message":"Unauthorized"}
2025-11-10 19:22:05.423 [34mINFO [0;39m [] [http-nio-8081-exec-3] com.bharatshop.service.AuthService - Session lookup: token not found
2025-11-10 19:22:05.417 [34mINFO [0;39m [] [http-nio-8081-exec-5] com.bharatshop.service.AuthService - Session lookup: token not found
2025-11-10 19:22:05.441 [34mINFO [0;39m [] [http-nio-8081-exec-3] c.b.config.logging.HttpLoggingFilter - GET /api/seller/stores -> 401 (2 ms)
2025-11-10 19:22:05.442 [34mINFO [0;39m [] [http-nio-8081-exec-3] c.b.config.logging.HttpLoggingFilter - Headers: auth=present content-type=null accept=application/json, text/plain, */*
2025-11-10 19:22:05.467 [34mINFO [0;39m [] [http-nio-8081-exec-5] c.b.config.logging.HttpLoggingFilter - GET /api/seller/orders -> 401 (19 ms)
2025-11-10 19:22:05.469 [34mINFO [0;39m [] [http-nio-8081-exec-5] c.b.config.logging.HttpLoggingFilter - Headers: auth=present content-type=null accept=application/json, text/plain, */*
2025-11-10 19:22:05.469 [34mINFO [0;39m [] [http-nio-8081-exec-5] c.b.config.logging.HttpLoggingFilter - Response payload: {"message":"Unauthorized"}
2025-11-10 19:22:06.787 [34mINFO [0;39m [] [http-nio-8081-exec-6] com.bharatshop.service.AuthService - Session lookup: token not found
2025-11-10 19:22:06.856 [34mINFO [0;39m [] [http-nio-8081-exec-7] com.bharatshop.service.AuthService - Session lookup: token not found
2025-11-10 19:22:12.010 [34mINFO [0;39m [] [http-nio-8081-exec-9] com.bharatshop.service.AuthService - Session lookup: token not found
2025-11-10 19:22:12.026 [34mINFO [0;39m [] [http-nio-8081-exec-9] c.b.config.logging.HttpLoggingFilter - GET /api/seller/orders -> 401 (4 ms)
2025-11-10 19:22:12.026 [34mINFO [0;39m [] [http-nio-8081-exec-9] c.b.config.logging.HttpLoggingFilter - Headers: auth=present content-type=null accept=application/json, text/plain, */*
2025-11-10 19:22:12.026 [34mINFO [0;39m [] [http-nio-8081-exec-9] c.b.config.logging.HttpLoggingFilter - Response payload: {"message":"Unauthorized"}
2025-11-10 19:22:12.049 [34mINFO [0;39m [] [http-nio-8081-exec-8] com.bharatshop.service.AuthService - Session lookup: token not found
2025-11-10 19:22:12.053 [34mINFO [0;39m [] [http-nio-8081-exec-8] c.b.config.logging.HttpLoggingFilter - GET /api/seller/stores -> 401 (2 ms)
2025-11-10 19:22:12.053 [34mINFO [0;39m [] [http-nio-8081-exec-8] c.b.config.logging.HttpLoggingFilter - Headers: auth=present content-type=null accept=application/json, text/plain, */*
2025-11-10 19:22:12.059 [34mINFO [0;39m [] [http-nio-8081-exec-10] com.bharatshop.service.AuthService - Session lookup: token not found
2025-11-10 19:22:12.066 [34mINFO [0;39m [] [http-nio-8081-exec-10] c.b.config.logging.HttpLoggingFilter - GET /api/seller/stores -> 401 (2 ms)
2025-11-10 19:22:12.066 [34mINFO [0;39m [] [http-nio-8081-exec-10] c.b.config.logging.HttpLoggingFilter - Headers: auth=present content-type=null accept=application/json, text/plain, */*
2025-11-10 19:22:12.072 [34mINFO [0;39m [] [http-nio-8081-exec-1] com.bharatshop.service.AuthService - Session lookup: token not found
2025-11-10 19:22:12.077 [34mINFO [0;39m [] [http-nio-8081-exec-1] c.b.config.logging.HttpLoggingFilter - GET /api/seller/orders -> 401 (5 ms)
2025-11-10 19:22:12.078 [34mINFO [0;39m [] [http-nio-8081-exec-1] c.b.config.logging.HttpLoggingFilter - Headers: auth=present content-type=null accept=application/json, text/plain, */*
2025-11-10 19:22:12.078 [34mINFO [0;39m [] [http-nio-8081-exec-1] c.b.config.logging.HttpLoggingFilter - Response payload: {"message":"Unauthorized"}
2025-11-10 19:26:28.841 [34mINFO [0;39m [] [http-nio-8081-exec-4] com.bharatshop.service.AuthService - Session lookup: token not found
2025-11-10 19:26:28.841 [34mINFO [0;39m [] [http-nio-8081-exec-4] com.bharatshop.web.CartController - Get cart: userId=guest
2025-11-10 19:26:28.847 [34mINFO [0;39m [] [http-nio-8081-exec-4] c.b.config.logging.HttpLoggingFilter - GET /store/cart -> 200 (6 ms)
2025-11-10 19:26:28.847 [34mINFO [0;39m [] [http-nio-8081-exec-4] c.b.config.logging.HttpLoggingFilter - Headers: auth=present content-type=null accept=application/json, text/plain, */*
2025-11-10 19:26:28.847 [34mINFO [0;39m [] [http-nio-8081-exec-4] c.b.config.logging.HttpLoggingFilter - Response payload: []
2025-11-10 19:26:28.859 [34mINFO [0;39m [] [http-nio-8081-exec-2] com.bharatshop.service.AuthService - Session lookup: token not found
2025-11-10 19:26:28.860 [34mINFO [0;39m [] [http-nio-8081-exec-2] com.bharatshop.web.CartController - Get cart: userId=guest
2025-11-10 19:26:28.863 [34mINFO [0;39m [] [http-nio-8081-exec-2] c.b.config.logging.HttpLoggingFilter - GET /store/cart -> 200 (3 ms)
2025-11-10 19:26:28.863 [34mINFO [0;39m [] [http-nio-8081-exec-2] c.b.config.logging.HttpLoggingFilter - Headers: auth=present content-type=null accept=application/json, text/plain, */*
2025-11-10 19:26:28.865 [34mINFO [0;39m [] [http-nio-8081-exec-2] c.b.config.logging.HttpLoggingFilter - Response payload: []
2025-11-10 19:26:28.959 [34mINFO [0;39m [] [http-nio-8081-exec-5] com.bharatshop.service.AuthService - Session lookup: token not found
2025-11-10 19:26:28.959 [34mINFO [0;39m [] [http-nio-8081-exec-3] com.bharatshop.service.AuthService - Session lookup: token not found
2025-11-10 19:26:28.961 [34mINFO [0;39m [] [http-nio-8081-exec-5] c.b.config.logging.HttpLoggingFilter - GET /api/seller/stores -> 401 (0 ms)
2025-11-10 19:26:28.961 [34mINFO [0;39m [] [http-nio-8081-exec-3] c.b.config.logging.HttpLoggingFilter - GET /api/seller/orders -> 401 (0 ms)
2025-11-10 19:26:28.963 [34mINFO [0;39m [] [http-nio-8081-exec-5] c.b.config.logging.HttpLoggingFilter - Headers: auth=present content-type=null accept=application/json, text/plain, */*
2025-11-10 19:26:28.963 [34mINFO [0;39m [] [http-nio-8081-exec-3] c.b.config.logging.HttpLoggingFilter - Headers: auth=present content-type=null accept=application/json, text/plain, */*
2025-11-10 19:26:28.963 [34mINFO [0;39m [] [http-nio-8081-exec-3] c.b.config.logging.HttpLoggingFilter - Response payload: {"message":"Unauthorized"}
2025-11-10 19:26:28.971 [34mINFO [0;39m [] [http-nio-8081-exec-7] com.bharatshop.service.AuthService - Session lookup: token not found
2025-11-10 19:26:28.971 [34mINFO [0;39m [] [http-nio-8081-exec-6] com.bharatshop.service.AuthService - Session lookup: token not found
2025-11-10 19:26:28.975 [34mINFO [0;39m [] [http-nio-8081-exec-6] c.b.config.logging.HttpLoggingFilter - GET /api/seller/stores -> 401 (1 ms)
2025-11-10 19:26:28.975 [34mINFO [0;39m [] [http-nio-8081-exec-6] c.b.config.logging.HttpLoggingFilter - Headers: auth=present content-type=null accept=application/json, text/plain, */*
2025-11-10 19:26:28.975 [34mINFO [0;39m [] [http-nio-8081-exec-7] c.b.config.logging.HttpLoggingFilter - GET /api/seller/orders -> 401 (1 ms)
2025-11-10 19:26:28.977 [34mINFO [0;39m [] [http-nio-8081-exec-7] c.b.config.logging.HttpLoggingFilter - Headers: auth=present content-type=null accept=application/json, text/plain, */*
2025-11-10 19:26:28.977 [34mINFO [0;39m [] [http-nio-8081-exec-7] c.b.config.logging.HttpLoggingFilter - Response payload: {"message":"Unauthorized"}
2025-11-10 19:26:46.207 [34mINFO [0;39m [] [http-nio-8081-exec-9] com.bharatshop.service.AuthService - Session lookup: token not found
2025-11-10 19:26:46.207 [34mINFO [0;39m [] [http-nio-8081-exec-8] com.bharatshop.service.AuthService - Session lookup: token not found
2025-11-10 19:26:46.211 [34mINFO [0;39m [] [http-nio-8081-exec-8] c.b.config.logging.HttpLoggingFilter - GET /api/seller/stores -> 401 (0 ms)
2025-11-10 19:26:46.211 [34mINFO [0;39m [] [http-nio-8081-exec-9] c.b.config.logging.HttpLoggingFilter - GET /api/seller/orders -> 401 (2 ms)
2025-11-10 19:26:46.213 [34mINFO [0;39m [] [http-nio-8081-exec-8] c.b.config.logging.HttpLoggingFilter - Headers: auth=present content-type=null accept=application/json, text/plain, */*
2025-11-10 19:26:46.213 [34mINFO [0;39m [] [http-nio-8081-exec-9] c.b.config.logging.HttpLoggingFilter - Headers: auth=present content-type=null accept=application/json, text/plain, */*
2025-11-10 19:26:46.213 [34mINFO [0;39m [] [http-nio-8081-exec-9] c.b.config.logging.HttpLoggingFilter - Response payload: {"message":"Unauthorized"}
2025-11-10 19:26:46.224 [34mINFO [0;39m [] [http-nio-8081-exec-10] com.bharatshop.service.AuthService - Session lookup: token not found
2025-11-10 19:26:46.224 [34mINFO [0;39m [] [http-nio-8081-exec-1] com.bharatshop.service.AuthService - Session lookup: token not found
2025-11-10 19:26:46.233 [34mINFO [0;39m [] [http-nio-8081-exec-1] c.b.config.logging.HttpLoggingFilter - GET /api/seller/orders -> 401 (4 ms)
2025-11-10 19:26:46.233 [34mINFO [0;39m [] [http-nio-8081-exec-1] c.b.config.logging.HttpLoggingFilter - Headers: auth=present content-type=null accept=application/json, text/plain, */*
2025-11-10 19:26:46.233 [34mINFO [0;39m [] [http-nio-8081-exec-1] c.b.config.logging.HttpLoggingFilter - Response payload: {"message":"Unauthorized"}
2025-11-10 19:26:46.233 [34mINFO [0;39m [] [http-nio-8081-exec-10] c.b.config.logging.HttpLoggingFilter - GET /api/seller/stores -> 401 (2 ms)
2025-11-10 19:26:46.236 [34mINFO [0;39m [] [http-nio-8081-exec-10] c.b.config.logging.HttpLoggingFilter - Headers: auth=present content-type=null accept=application/json, text/plain, */*
2025-11-10 19:26:47.167 [34mINFO [0;39m [] [http-nio-8081-exec-2] com.bharatshop.service.AuthService - Session lookup: token not found
2025-11-10 19:26:47.167 [34mINFO [0;39m [] [http-nio-8081-exec-4] com.bharatshop.service.AuthService - Session lookup: token not found
2025-11-10 19:26:47.174 [34mINFO [0;39m [] [http-nio-8081-exec-4] c.b.config.logging.HttpLoggingFilter - GET /api/seller/orders -> 401 (4 ms)
2025-11-10 19:26:47.174 [34mINFO [0;39m [] [http-nio-8081-exec-4] c.b.config.logging.HttpLoggingFilter - Headers: auth=present content-type=null accept=application/json, text/plain, */*
2025-11-10 19:26:47.174 [34mINFO [0;39m [] [http-nio-8081-exec-4] c.b.config.logging.HttpLoggingFilter - Response payload: {"message":"Unauthorized"}
2025-11-10 19:26:47.182 [34mINFO [0;39m [] [http-nio-8081-exec-5] com.bharatshop.service.AuthService - Session lookup: token not found
2025-11-10 19:26:47.182 [34mINFO [0;39m [] [http-nio-8081-exec-2] c.b.config.logging.HttpLoggingFilter - GET /api/seller/stores -> 401 (12 ms)
2025-11-10 19:26:47.182 [34mINFO [0;39m [] [http-nio-8081-exec-2] c.b.config.logging.HttpLoggingFilter - Headers: auth=present content-type=null accept=application/json, text/plain, */*
2025-11-10 19:26:47.189 [34mINFO [0;39m [] [http-nio-8081-exec-5] c.b.config.logging.HttpLoggingFilter - GET /api/seller/orders -> 401 (4 ms)
2025-11-10 19:26:47.189 [34mINFO [0;39m [] [http-nio-8081-exec-5] c.b.config.logging.HttpLoggingFilter - Headers: auth=present content-type=null accept=application/json, text/plain, */*
2025-11-10 19:26:47.190 [34mINFO [0;39m [] [http-nio-8081-exec-5] c.b.config.logging.HttpLoggingFilter - Response payload: {"message":"Unauthorized"}
2025-11-10 19:26:47.192 [34mINFO [0;39m [] [http-nio-8081-exec-3] com.bharatshop.service.AuthService - Session lookup: token not found
2025-11-10 19:26:47.194 [34mINFO [0;39m [] [http-nio-8081-exec-3] c.b.config.logging.HttpLoggingFilter - GET /api/seller/stores -> 401 (0 ms)
2025-11-10 19:26:47.194 [34mINFO [0;39m [] [http-nio-8081-exec-3] c.b.config.logging.HttpLoggingFilter - Headers: auth=present content-type=null accept=application/json, text/plain, */*
2025-11-10 19:27:10.811 [34mINFO [0;39m [] [http-nio-8081-exec-6] com.bharatshop.web.CartController - Get cart: userId=guest
2025-11-10 19:27:10.825 [34mINFO [0;39m [] [http-nio-8081-exec-6] c.b.config.logging.HttpLoggingFilter - GET /store/cart -> 200 (22 ms)
2025-11-10 19:27:10.833 [34mINFO [0;39m [] [http-nio-8081-exec-6] c.b.config.logging.HttpLoggingFilter - Headers: auth=absent content-type=null accept=application/json, text/plain, */*
2025-11-10 19:27:10.833 [34mINFO [0;39m [] [http-nio-8081-exec-6] c.b.config.logging.HttpLoggingFilter - Response payload: []
2025-11-10 19:27:10.863 [34mINFO [0;39m [] [http-nio-8081-exec-7] c.b.web.StoreDiscoveryController - Discover stores: tenant=demo-store search=null category=null
2025-11-10 19:27:10.893 [34mINFO [0;39m [] [http-nio-8081-exec-7] c.b.config.logging.HttpLoggingFilter - GET /api/stores -> 200 (32 ms)
2025-11-10 19:27:10.897 [34mINFO [0;39m [] [http-nio-8081-exec-7] c.b.config.logging.HttpLoggingFilter - Headers: auth=absent content-type=null accept=application/json, text/plain, */*
2025-11-10 19:27:10.899 [34mINFO [0;39m [] [http-nio-8081-exec-7] c.b.config.logging.HttpLoggingFilter - Response payload: [{"id":"5eb179de-5b3e-4d0b-9341-29b1f36053af","name":"City Pharmacy","area":"Brigade","category":"pharmacy"},{"id":"5991d938-9d2d-4805-b072-3fb6775244ce","name":"Fresh Mart","area":"MG Road","category":"grocery"},{"id":"11405c15-e838-425f-823e-f57c9b0d82f2","name":"Smoke Store","area":"Area","category":"General"},{"id":"e983c659-8d8f-423d-89d3-e50fab9d371e","name":"Sunrise Hotel","area":"Beach","category":"hospitality"},{"id":"de0d25cf-f3d9-4aa0-87ec-a97adede83fa","name":"Updated Store","area":"Updated City","category":"Updated Category"},{"id":"2eced9a2-e2ae-4678-8402-762a6dbd5de0","name":"Updated Store","area":"Updated City","category":"Updated Category"},{"id":"43e76f32-bc0b-4e3b-85a0-19f871012c0d","name":"Updated Store","area":"Updated City","category":"Updated Category"}]
2025-11-10 19:27:10.901 [34mINFO [0;39m [] [http-nio-8081-exec-6] com.bharatshop.web.CartController - Get cart: userId=guest
2025-11-10 19:27:10.903 [34mINFO [0;39m [] [http-nio-8081-exec-6] c.b.config.logging.HttpLoggingFilter - GET /store/cart -> 200 (47 ms)
2025-11-10 19:27:10.907 [34mINFO [0;39m [] [http-nio-8081-exec-6] c.b.config.logging.HttpLoggingFilter - Headers: auth=absent content-type=null accept=application/json, text/plain, */*
2025-11-10 19:27:10.912 [34mINFO [0;39m [] [http-nio-8081-exec-6] c.b.config.logging.HttpLoggingFilter - Response payload: []
2025-11-10 19:32:37.174 [34mINFO [0;39m [] [http-nio-8081-exec-9] com.bharatshop.web.CartController - Get cart: userId=guest
2025-11-10 19:32:37.181 [34mINFO [0;39m [] [http-nio-8081-exec-9] c.b.config.logging.HttpLoggingFilter - GET /store/cart -> 200 (11 ms)
2025-11-10 19:32:37.206 [34mINFO [0;39m [] [http-nio-8081-exec-9] c.b.config.logging.HttpLoggingFilter - Headers: auth=absent content-type=null accept=application/json, text/plain, */*
2025-11-10 19:32:37.208 [34mINFO [0;39m [] [http-nio-8081-exec-9] c.b.config.logging.HttpLoggingFilter - Response payload: []
2025-11-10 19:32:37.231 [34mINFO [0;39m [] [http-nio-8081-exec-1] com.bharatshop.web.CartController - Get cart: userId=guest
2025-11-10 19:32:37.238 [34mINFO [0;39m [] [http-nio-8081-exec-1] c.b.config.logging.HttpLoggingFilter - GET /store/cart -> 200 (7 ms)
2025-11-10 19:32:37.241 [34mINFO [0;39m [] [http-nio-8081-exec-1] c.b.config.logging.HttpLoggingFilter - Headers: auth=absent content-type=null accept=application/json, text/plain, */*
2025-11-10 19:32:37.246 [34mINFO [0;39m [] [http-nio-8081-exec-1] c.b.config.logging.HttpLoggingFilter - Response payload: []
2025-11-10 19:32:37.269 [34mINFO [0;39m [] [http-nio-8081-exec-10] c.b.web.StoreDiscoveryController - Discover stores: tenant=demo-store search=null category=null
2025-11-10 19:32:37.277 [34mINFO [0;39m [] [http-nio-8081-exec-10] c.b.config.logging.HttpLoggingFilter - GET /api/stores -> 200 (8 ms)
2025-11-10 19:32:37.277 [34mINFO [0;39m [] [http-nio-8081-exec-10] c.b.config.logging.HttpLoggingFilter - Headers: auth=absent content-type=null accept=application/json, text/plain, */*
2025-11-10 19:32:37.277 [34mINFO [0;39m [] [http-nio-8081-exec-10] c.b.config.logging.HttpLoggingFilter - Response payload: [{"id":"5eb179de-5b3e-4d0b-9341-29b1f36053af","name":"City Pharmacy","area":"Brigade","category":"pharmacy"},{"id":"5991d938-9d2d-4805-b072-3fb6775244ce","name":"Fresh Mart","area":"MG Road","category":"grocery"},{"id":"11405c15-e838-425f-823e-f57c9b0d82f2","name":"Smoke Store","area":"Area","category":"General"},{"id":"e983c659-8d8f-423d-89d3-e50fab9d371e","name":"Sunrise Hotel","area":"Beach","category":"hospitality"},{"id":"de0d25cf-f3d9-4aa0-87ec-a97adede83fa","name":"Updated Store","area":"Updated City","category":"Updated Category"},{"id":"2eced9a2-e2ae-4678-8402-762a6dbd5de0","name":"Updated Store","area":"Updated City","category":"Updated Category"},{"id":"43e76f32-bc0b-4e3b-85a0-19f871012c0d","name":"Updated Store","area":"Updated City","category":"Updated Category"}]
2025-11-10 19:32:38.564 [34mINFO [0;39m [] [http-nio-8081-exec-4] com.bharatshop.service.AuthService - Session lookup: token not found
2025-11-10 19:32:38.567 [34mINFO [0;39m [] [http-nio-8081-exec-4] com.bharatshop.web.CartController - Get cart: userId=guest
2025-11-10 19:32:38.570 [34mINFO [0;39m [] [http-nio-8081-exec-4] c.b.config.logging.HttpLoggingFilter - GET /store/cart -> 200 (4 ms)
2025-11-10 19:32:38.570 [34mINFO [0;39m [] [http-nio-8081-exec-4] c.b.config.logging.HttpLoggingFilter - Headers: auth=present content-type=null accept=application/json, text/plain, */*
2025-11-10 19:32:38.570 [34mINFO [0;39m [] [http-nio-8081-exec-4] c.b.config.logging.HttpLoggingFilter - Response payload: []
2025-11-10 19:32:38.578 [34mINFO [0;39m [] [http-nio-8081-exec-2] com.bharatshop.service.AuthService - Session lookup: token not found
2025-11-10 19:32:38.581 [34mINFO [0;39m [] [http-nio-8081-exec-2] com.bharatshop.web.CartController - Get cart: userId=guest
2025-11-10 19:32:38.587 [34mINFO [0;39m [] [http-nio-8081-exec-2] c.b.config.logging.HttpLoggingFilter - GET /store/cart -> 200 (7 ms)
2025-11-10 19:32:38.587 [34mINFO [0;39m [] [http-nio-8081-exec-2] c.b.config.logging.HttpLoggingFilter - Headers: auth=present content-type=null accept=application/json, text/plain, */*
2025-11-10 19:32:38.588 [34mINFO [0;39m [] [http-nio-8081-exec-2] c.b.config.logging.HttpLoggingFilter - Response payload: []
2025-11-10 19:32:39.925 [34mINFO [0;39m [] [http-nio-8081-exec-3] com.bharatshop.service.AuthService - Session lookup: token not found
2025-11-10 19:32:39.925 [34mINFO [0;39m [] [http-nio-8081-exec-5] com.bharatshop.service.AuthService - Session lookup: token not found
2025-11-10 19:32:39.927 [34mINFO [0;39m [] [http-nio-8081-exec-3] c.b.config.logging.HttpLoggingFilter - GET /api/seller/stores -> 401 (0 ms)
2025-11-10 19:32:39.927 [34mINFO [0;39m [] [http-nio-8081-exec-3] c.b.config.logging.HttpLoggingFilter - Headers: auth=present content-type=null accept=application/json, text/plain, */*
2025-11-10 19:32:39.933 [34mINFO [0;39m [] [http-nio-8081-exec-5] c.b.config.logging.HttpLoggingFilter - GET /api/seller/orders -> 401 (6 ms)
2025-11-10 19:32:39.933 [34mINFO [0;39m [] [http-nio-8081-exec-5] c.b.config.logging.HttpLoggingFilter - Headers: auth=present content-type=null accept=application/json, text/plain, */*
2025-11-10 19:32:39.935 [34mINFO [0;39m [] [http-nio-8081-exec-5] c.b.config.logging.HttpLoggingFilter - Response payload: {"message":"Unauthorized"}
2025-11-10 19:32:39.936 [34mINFO [0;39m [] [http-nio-8081-exec-8] com.bharatshop.service.AuthService - Session lookup: token not found
2025-11-10 19:32:39.942 [34mINFO [0;39m [] [http-nio-8081-exec-8] c.b.config.logging.HttpLoggingFilter - GET /api/seller/stores -> 401 (1 ms)
2025-11-10 19:32:39.942 [34mINFO [0;39m [] [http-nio-8081-exec-7] com.bharatshop.service.AuthService - Session lookup: token not found
2025-11-10 19:32:39.942 [34mINFO [0;39m [] [http-nio-8081-exec-8] c.b.config.logging.HttpLoggingFilter - Headers: auth=present content-type=null accept=application/json, text/plain, */*
2025-11-10 19:32:39.949 [34mINFO [0;39m [] [http-nio-8081-exec-7] c.b.config.logging.HttpLoggingFilter - GET /api/seller/orders -> 401 (2 ms)
2025-11-10 19:32:39.951 [34mINFO [0;39m [] [http-nio-8081-exec-7] c.b.config.logging.HttpLoggingFilter - Headers: auth=present content-type=null accept=application/json, text/plain, */*
2025-11-10 19:32:39.951 [34mINFO [0;39m [] [http-nio-8081-exec-7] c.b.config.logging.HttpLoggingFilter - Response payload: {"message":"Unauthorized"}
2025-11-10 19:32:44.179 [34mINFO [0;39m [] [http-nio-8081-exec-6] com.bharatshop.web.CartController - Get cart: userId=guest
2025-11-10 19:32:44.206 [34mINFO [0;39m [] [http-nio-8081-exec-6] c.b.config.logging.HttpLoggingFilter - GET /store/cart -> 200 (27 ms)
2025-11-10 19:32:44.212 [34mINFO [0;39m [] [http-nio-8081-exec-6] c.b.config.logging.HttpLoggingFilter - Headers: auth=absent content-type=null accept=application/json, text/plain, */*
2025-11-10 19:32:44.215 [34mINFO [0;39m [] [http-nio-8081-exec-6] c.b.config.logging.HttpLoggingFilter - Response payload: []
2025-11-10 19:32:44.246 [34mINFO [0;39m [] [http-nio-8081-exec-9] com.bharatshop.web.CartController - Get cart: userId=guest
2025-11-10 19:32:44.248 [34mINFO [0;39m [] [http-nio-8081-exec-9] c.b.config.logging.HttpLoggingFilter - GET /store/cart -> 200 (4 ms)
2025-11-10 19:32:44.248 [34mINFO [0;39m [] [http-nio-8081-exec-9] c.b.config.logging.HttpLoggingFilter - Headers: auth=absent content-type=null accept=application/json, text/plain, */*
2025-11-10 19:32:44.248 [34mINFO [0;39m [] [http-nio-8081-exec-9] c.b.config.logging.HttpLoggingFilter - Response payload: []
2025-11-10 19:32:44.248 [34mINFO [0;39m [] [http-nio-8081-exec-1] c.b.web.StoreDiscoveryController - Discover stores: tenant=demo-store search=null category=null
2025-11-10 19:32:44.255 [34mINFO [0;39m [] [http-nio-8081-exec-1] c.b.config.logging.HttpLoggingFilter - GET /api/stores -> 200 (7 ms)
2025-11-10 19:32:44.255 [34mINFO [0;39m [] [http-nio-8081-exec-1] c.b.config.logging.HttpLoggingFilter - Headers: auth=absent content-type=null accept=application/json, text/plain, */*
2025-11-10 19:32:44.255 [34mINFO [0;39m [] [http-nio-8081-exec-1] c.b.config.logging.HttpLoggingFilter - Response payload: [{"id":"5eb179de-5b3e-4d0b-9341-29b1f36053af","name":"City Pharmacy","area":"Brigade","category":"pharmacy"},{"id":"5991d938-9d2d-4805-b072-3fb6775244ce","name":"Fresh Mart","area":"MG Road","category":"grocery"},{"id":"11405c15-e838-425f-823e-f57c9b0d82f2","name":"Smoke Store","area":"Area","category":"General"},{"id":"e983c659-8d8f-423d-89d3-e50fab9d371e","name":"Sunrise Hotel","area":"Beach","category":"hospitality"},{"id":"de0d25cf-f3d9-4aa0-87ec-a97adede83fa","name":"Updated Store","area":"Updated City","category":"Updated Category"},{"id":"2eced9a2-e2ae-4678-8402-762a6dbd5de0","name":"Updated Store","area":"Updated City","category":"Updated Category"},{"id":"43e76f32-bc0b-4e3b-85a0-19f871012c0d","name":"Updated Store","area":"Updated City","category":"Updated Category"}]
2025-11-10 19:32:44.715 [34mINFO [0;39m [] [http-nio-8081-exec-10] com.bharatshop.service.AuthService - Session lookup: token not found
2025-11-10 19:32:44.715 [34mINFO [0;39m [] [http-nio-8081-exec-10] com.bharatshop.web.CartController - Get cart: userId=guest
2025-11-10 19:32:44.715 [34mINFO [0;39m [] [http-nio-8081-exec-10] c.b.config.logging.HttpLoggingFilter - GET /store/cart -> 200 (0 ms)
2025-11-10 19:32:44.715 [34mINFO [0;39m [] [http-nio-8081-exec-10] c.b.config.logging.HttpLoggingFilter - Headers: auth=present content-type=null accept=application/json, text/plain, */*
2025-11-10 19:32:44.715 [34mINFO [0;39m [] [http-nio-8081-exec-10] c.b.config.logging.HttpLoggingFilter - Response payload: []
2025-11-10 19:32:44.724 [34mINFO [0;39m [] [http-nio-8081-exec-4] com.bharatshop.service.AuthService - Session lookup: token not found
2025-11-10 19:32:44.726 [34mINFO [0;39m [] [http-nio-8081-exec-4] com.bharatshop.web.CartController - Get cart: userId=guest
2025-11-10 19:32:44.726 [34mINFO [0;39m [] [http-nio-8081-exec-4] c.b.config.logging.HttpLoggingFilter - GET /store/cart -> 200 (2 ms)
2025-11-10 19:32:44.726 [34mINFO [0;39m [] [http-nio-8081-exec-4] c.b.config.logging.HttpLoggingFilter - Headers: auth=present content-type=null accept=application/json, text/plain, */*
2025-11-10 19:32:44.726 [34mINFO [0;39m [] [http-nio-8081-exec-4] c.b.config.logging.HttpLoggingFilter - Response payload: []
2025-11-10 19:32:44.825 [34mINFO [0;39m [] [http-nio-8081-exec-2] com.bharatshop.service.AuthService - Session lookup: token not found
2025-11-10 19:32:44.825 [34mINFO [0;39m [] [http-nio-8081-exec-3] com.bharatshop.service.AuthService - Session lookup: token not found
2025-11-10 19:32:44.829 [34mINFO [0;39m [] [http-nio-8081-exec-3] c.b.config.logging.HttpLoggingFilter - GET /api/seller/stores -> 401 (0 ms)
2025-11-10 19:32:44.829 [34mINFO [0;39m [] [http-nio-8081-exec-2] c.b.config.logging.HttpLoggingFilter - GET /api/seller/orders -> 401 (4 ms)
2025-11-10 19:32:44.829 [34mINFO [0;39m [] [http-nio-8081-exec-3] c.b.config.logging.HttpLoggingFilter - Headers: auth=present content-type=null accept=application/json, text/plain, */*
2025-11-10 19:32:44.829 [34mINFO [0;39m [] [http-nio-8081-exec-2] c.b.config.logging.HttpLoggingFilter - Headers: auth=present content-type=null accept=application/json, text/plain, */*
2025-11-10 19:32:44.829 [34mINFO [0;39m [] [http-nio-8081-exec-2] c.b.config.logging.HttpLoggingFilter - Response payload: {"message":"Unauthorized"}
2025-11-10 19:32:44.838 [34mINFO [0;39m [] [http-nio-8081-exec-8] com.bharatshop.service.AuthService - Session lookup: token not found
2025-11-10 19:32:44.838 [34mINFO [0;39m [] [http-nio-8081-exec-5] com.bharatshop.service.AuthService - Session lookup: token not found
2025-11-10 19:32:44.842 [34mINFO [0;39m [] [http-nio-8081-exec-5] c.b.config.logging.HttpLoggingFilter - GET /api/seller/orders -> 401 (0 ms)
2025-11-10 19:32:44.842 [34mINFO [0;39m [] [http-nio-8081-exec-5] c.b.config.logging.HttpLoggingFilter - Headers: auth=present content-type=null accept=application/json, text/plain, */*
2025-11-10 19:32:44.842 [34mINFO [0;39m [] [http-nio-8081-exec-5] c.b.config.logging.HttpLoggingFilter - Response payload: {"message":"Unauthorized"}
2025-11-10 19:32:44.842 [34mINFO [0;39m [] [http-nio-8081-exec-8] c.b.config.logging.HttpLoggingFilter - GET /api/seller/stores -> 401 (0 ms)
2025-11-10 19:32:44.842 [34mINFO [0;39m [] [http-nio-8081-exec-8] c.b.config.logging.HttpLoggingFilter - Headers: auth=present content-type=null accept=application/json, text/plain, */*
2025-11-10 19:32:49.904 [34mINFO [0;39m [] [http-nio-8081-exec-7] com.bharatshop.web.CartController - Get cart: userId=guest
2025-11-10 19:32:49.905 [34mINFO [0;39m [] [http-nio-8081-exec-7] c.b.config.logging.HttpLoggingFilter - GET /store/cart -> 200 (7 ms)
2025-11-10 19:32:49.905 [34mINFO [0;39m [] [http-nio-8081-exec-7] c.b.config.logging.HttpLoggingFilter - Headers: auth=absent content-type=null accept=application/json, text/plain, */*
2025-11-10 19:32:49.905 [34mINFO [0;39m [] [http-nio-8081-exec-7] c.b.config.logging.HttpLoggingFilter - Response payload: []
2025-11-10 19:32:49.912 [34mINFO [0;39m [] [http-nio-8081-exec-6] com.bharatshop.web.CartController - Get cart: userId=guest
2025-11-10 19:32:49.915 [34mINFO [0;39m [] [http-nio-8081-exec-6] c.b.config.logging.HttpLoggingFilter - GET /store/cart -> 200 (3 ms)
2025-11-10 19:32:49.915 [34mINFO [0;39m [] [http-nio-8081-exec-6] c.b.config.logging.HttpLoggingFilter - Headers: auth=absent content-type=null accept=application/json, text/plain, */*
2025-11-10 19:32:49.915 [34mINFO [0;39m [] [http-nio-8081-exec-6] c.b.config.logging.HttpLoggingFilter - Response payload: []
2025-11-10 19:32:49.950 [34mINFO [0;39m [] [http-nio-8081-exec-9] c.b.web.StoreDiscoveryController - Discover stores: tenant=demo-store search=null category=null
2025-11-10 19:32:49.956 [34mINFO [0;39m [] [http-nio-8081-exec-9] c.b.config.logging.HttpLoggingFilter - GET /api/stores -> 200 (6 ms)
2025-11-10 19:32:49.956 [34mINFO [0;39m [] [http-nio-8081-exec-9] c.b.config.logging.HttpLoggingFilter - Headers: auth=absent content-type=null accept=application/json, text/plain, */*
2025-11-10 19:32:49.956 [34mINFO [0;39m [] [http-nio-8081-exec-9] c.b.config.logging.HttpLoggingFilter - Response payload: [{"id":"5eb179de-5b3e-4d0b-9341-29b1f36053af","name":"City Pharmacy","area":"Brigade","category":"pharmacy"},{"id":"5991d938-9d2d-4805-b072-3fb6775244ce","name":"Fresh Mart","area":"MG Road","category":"grocery"},{"id":"11405c15-e838-425f-823e-f57c9b0d82f2","name":"Smoke Store","area":"Area","category":"General"},{"id":"e983c659-8d8f-423d-89d3-e50fab9d371e","name":"Sunrise Hotel","area":"Beach","category":"hospitality"},{"id":"de0d25cf-f3d9-4aa0-87ec-a97adede83fa","name":"Updated Store","area":"Updated City","category":"Updated Category"},{"id":"2eced9a2-e2ae-4678-8402-762a6dbd5de0","name":"Updated Store","area":"Updated City","category":"Updated Category"},{"id":"43e76f32-bc0b-4e3b-85a0-19f871012c0d","name":"Updated Store","area":"Updated City","category":"Updated Category"}]
2025-11-10 19:32:50.577 [34mINFO [0;39m [] [http-nio-8081-exec-1] com.bharatshop.service.AuthService - Session lookup: token not found
2025-11-10 19:32:50.581 [34mINFO [0;39m [] [http-nio-8081-exec-1] com.bharatshop.web.CartController - Get cart: userId=guest
2025-11-10 19:32:50.583 [34mINFO [0;39m [] [http-nio-8081-exec-1] c.b.config.logging.HttpLoggingFilter - GET /store/cart -> 200 (2 ms)
2025-11-10 19:32:50.586 [34mINFO [0;39m [] [http-nio-8081-exec-1] c.b.config.logging.HttpLoggingFilter - Headers: auth=present content-type=null accept=application/json, text/plain, */*
2025-11-10 19:32:50.586 [34mINFO [0;39m [] [http-nio-8081-exec-1] c.b.config.logging.HttpLoggingFilter - Response payload: []
2025-11-10 19:32:50.589 [34mINFO [0;39m [] [http-nio-8081-exec-10] com.bharatshop.service.AuthService - Session lookup: token not found
2025-11-10 19:32:50.593 [34mINFO [0;39m [] [http-nio-8081-exec-10] com.bharatshop.web.CartController - Get cart: userId=guest
2025-11-10 19:32:50.593 [34mINFO [0;39m [] [http-nio-8081-exec-10] c.b.config.logging.HttpLoggingFilter - GET /store/cart -> 200 (4 ms)
2025-11-10 19:32:50.593 [34mINFO [0;39m [] [http-nio-8081-exec-10] c.b.config.logging.HttpLoggingFilter - Headers: auth=present content-type=null accept=application/json, text/plain, */*
2025-11-10 19:32:50.593 [34mINFO [0;39m [] [http-nio-8081-exec-10] c.b.config.logging.HttpLoggingFilter - Response payload: []
2025-11-10 19:32:50.675 [34mINFO [0;39m [] [http-nio-8081-exec-3] com.bharatshop.service.AuthService - Session lookup: token not found
2025-11-10 19:32:50.675 [34mINFO [0;39m [] [http-nio-8081-exec-4] com.bharatshop.service.AuthService - Session lookup: token not found
2025-11-10 19:32:50.677 [34mINFO [0;39m [] [http-nio-8081-exec-4] c.b.config.logging.HttpLoggingFilter - GET /api/seller/orders -> 401 (1 ms)
2025-11-10 19:32:50.679 [34mINFO [0;39m [] [http-nio-8081-exec-4] c.b.config.logging.HttpLoggingFilter - Headers: auth=present content-type=null accept=application/json, text/plain, */*
2025-11-10 19:32:50.679 [34mINFO [0;39m [] [http-nio-8081-exec-3] c.b.config.logging.HttpLoggingFilter - GET /api/seller/stores -> 401 (3 ms)
2025-11-10 19:32:50.679 [34mINFO [0;39m [] [http-nio-8081-exec-4] c.b.config.logging.HttpLoggingFilter - Response payload: {"message":"Unauthorized"}
2025-11-10 19:32:50.679 [34mINFO [0;39m [] [http-nio-8081-exec-3] c.b.config.logging.HttpLoggingFilter - Headers: auth=present content-type=null accept=application/json, text/plain, */*
2025-11-10 19:32:50.685 [34mINFO [0;39m [] [http-nio-8081-exec-2] com.bharatshop.service.AuthService - Session lookup: token not found
2025-11-10 19:32:50.685 [34mINFO [0;39m [] [http-nio-8081-exec-5] com.bharatshop.service.AuthService - Session lookup: token not found
2025-11-10 19:32:50.690 [34mINFO [0;39m [] [http-nio-8081-exec-2] c.b.config.logging.HttpLoggingFilter - GET /api/seller/orders -> 401 (5 ms)
2025-11-10 19:32:50.690 [34mINFO [0;39m [] [http-nio-8081-exec-2] c.b.config.logging.HttpLoggingFilter - Headers: auth=present content-type=null accept=application/json, text/plain, */*
2025-11-10 19:32:50.690 [34mINFO [0;39m [] [http-nio-8081-exec-2] c.b.config.logging.HttpLoggingFilter - Response payload: {"message":"Unauthorized"}
2025-11-10 19:32:50.690 [34mINFO [0;39m [] [http-nio-8081-exec-5] c.b.config.logging.HttpLoggingFilter - GET /api/seller/stores -> 401 (1 ms)
2025-11-10 19:32:50.690 [34mINFO [0;39m [] [http-nio-8081-exec-5] c.b.config.logging.HttpLoggingFilter - Headers: auth=present content-type=null accept=application/json, text/plain, */*
2025-11-10 19:35:34.352 [34mINFO [0;39m [] [http-nio-8081-exec-8] com.bharatshop.web.CartController - Get cart: userId=guest
2025-11-10 19:35:34.361 [34mINFO [0;39m [] [http-nio-8081-exec-8] c.b.config.logging.HttpLoggingFilter - GET /store/cart -> 200 (27 ms)
2025-11-10 19:35:34.367 [34mINFO [0;39m [] [http-nio-8081-exec-8] c.b.config.logging.HttpLoggingFilter - Headers: auth=absent content-type=null accept=application/json, text/plain, */*
2025-11-10 19:35:34.367 [34mINFO [0;39m [] [http-nio-8081-exec-8] c.b.config.logging.HttpLoggingFilter - Response payload: []
2025-11-10 19:35:34.373 [34mINFO [0;39m [] [http-nio-8081-exec-7] com.bharatshop.web.CartController - Get cart: userId=guest
2025-11-10 19:35:34.375 [34mINFO [0;39m [] [http-nio-8081-exec-7] c.b.config.logging.HttpLoggingFilter - GET /store/cart -> 200 (2 ms)
2025-11-10 19:35:34.375 [34mINFO [0;39m [] [http-nio-8081-exec-7] c.b.config.logging.HttpLoggingFilter - Headers: auth=absent content-type=null accept=application/json, text/plain, */*
2025-11-10 19:35:34.375 [34mINFO [0;39m [] [http-nio-8081-exec-7] c.b.config.logging.HttpLoggingFilter - Response payload: []
2025-11-10 19:35:34.425 [34mINFO [0;39m [] [http-nio-8081-exec-6] c.b.web.StoreDiscoveryController - Discover stores: tenant=demo-store search=null category=null
2025-11-10 19:35:34.431 [34mINFO [0;39m [] [http-nio-8081-exec-6] c.b.config.logging.HttpLoggingFilter - GET /api/stores -> 200 (6 ms)
2025-11-10 19:35:34.434 [34mINFO [0;39m [] [http-nio-8081-exec-6] c.b.config.logging.HttpLoggingFilter - Headers: auth=absent content-type=null accept=application/json, text/plain, */*
2025-11-10 19:35:34.434 [34mINFO [0;39m [] [http-nio-8081-exec-6] c.b.config.logging.HttpLoggingFilter - Response payload: [{"id":"5eb179de-5b3e-4d0b-9341-29b1f36053af","name":"City Pharmacy","area":"Brigade","category":"pharmacy"},{"id":"5991d938-9d2d-4805-b072-3fb6775244ce","name":"Fresh Mart","area":"MG Road","category":"grocery"},{"id":"11405c15-e838-425f-823e-f57c9b0d82f2","name":"Smoke Store","area":"Area","category":"General"},{"id":"e983c659-8d8f-423d-89d3-e50fab9d371e","name":"Sunrise Hotel","area":"Beach","category":"hospitality"},{"id":"de0d25cf-f3d9-4aa0-87ec-a97adede83fa","name":"Updated Store","area":"Updated City","category":"Updated Category"},{"id":"2eced9a2-e2ae-4678-8402-762a6dbd5de0","name":"Updated Store","area":"Updated City","category":"Updated Category"},{"id":"43e76f32-bc0b-4e3b-85a0-19f871012c0d","name":"Updated Store","area":"Updated City","category":"Updated Category"}]
2025-11-10 20:38:22.214 [34mINFO [0;39m [] [http-nio-8081-exec-9] com.bharatshop.service.AuthService - Session lookup: token not found
2025-11-10 20:38:22.217 [34mINFO [0;39m [] [http-nio-8081-exec-9] com.bharatshop.web.CartController - Get cart: userId=guest
2025-11-10 20:38:22.219 [34mINFO [0;39m [] [http-nio-8081-exec-9] c.b.config.logging.HttpLoggingFilter - GET /store/cart -> 200 (3 ms)
2025-11-10 20:38:22.220 [34mINFO [0;39m [] [http-nio-8081-exec-9] c.b.config.logging.HttpLoggingFilter - Headers: auth=present content-type=null accept=application/json, text/plain, */*
2025-11-10 20:38:22.220 [34mINFO [0;39m [] [http-nio-8081-exec-9] c.b.config.logging.HttpLoggingFilter - Response payload: []
2025-11-10 20:38:22.234 [34mINFO [0;39m [] [http-nio-8081-exec-1] com.bharatshop.service.AuthService - Session lookup: token not found
2025-11-10 20:38:22.238 [34mINFO [0;39m [] [http-nio-8081-exec-1] com.bharatshop.web.CartController - Get cart: userId=guest
2025-11-10 20:38:22.239 [34mINFO [0;39m [] [http-nio-8081-exec-1] c.b.config.logging.HttpLoggingFilter - GET /store/cart -> 200 (3 ms)
2025-11-10 20:38:22.240 [34mINFO [0;39m [] [http-nio-8081-exec-1] c.b.config.logging.HttpLoggingFilter - Headers: auth=present content-type=null accept=application/json, text/plain, */*
2025-11-10 20:38:22.241 [34mINFO [0;39m [] [http-nio-8081-exec-1] c.b.config.logging.HttpLoggingFilter - Response payload: []
2025-11-10 20:38:22.332 [34mINFO [0;39m [] [http-nio-8081-exec-10] com.bharatshop.service.AuthService - Session lookup: token not found
2025-11-10 20:38:22.332 [34mINFO [0;39m [] [http-nio-8081-exec-4] com.bharatshop.service.AuthService - Session lookup: token not found
2025-11-10 20:38:22.336 [34mINFO [0;39m [] [http-nio-8081-exec-4] c.b.config.logging.HttpLoggingFilter - GET /api/seller/stores -> 401 (2 ms)
2025-11-10 20:38:22.337 [34mINFO [0;39m [] [http-nio-8081-exec-4] c.b.config.logging.HttpLoggingFilter - Headers: auth=present content-type=null accept=application/json, text/plain, */*
2025-11-10 20:38:22.337 [34mINFO [0;39m [] [http-nio-8081-exec-10] c.b.config.logging.HttpLoggingFilter - GET /api/seller/orders -> 401 (3 ms)
2025-11-10 20:38:22.337 [34mINFO [0;39m [] [http-nio-8081-exec-10] c.b.config.logging.HttpLoggingFilter - Headers: auth=present content-type=null accept=application/json, text/plain, */*
2025-11-10 20:38:22.337 [34mINFO [0;39m [] [http-nio-8081-exec-10] c.b.config.logging.HttpLoggingFilter - Response payload: {"message":"Unauthorized"}
2025-11-10 20:38:22.349 [34mINFO [0;39m [] [http-nio-8081-exec-5] com.bharatshop.service.AuthService - Session lookup: token not found
2025-11-10 20:38:22.349 [34mINFO [0;39m [] [http-nio-8081-exec-3] com.bharatshop.service.AuthService - Session lookup: token not found
2025-11-10 20:38:22.355 [34mINFO [0;39m [] [http-nio-8081-exec-5] c.b.config.logging.HttpLoggingFilter - GET /api/seller/orders -> 401 (2 ms)
2025-11-10 20:38:22.354 [34mINFO [0;39m [] [http-nio-8081-exec-3] c.b.config.logging.HttpLoggingFilter - GET /api/seller/stores -> 401 (1 ms)
2025-11-10 20:38:22.355 [34mINFO [0;39m [] [http-nio-8081-exec-3] c.b.config.logging.HttpLoggingFilter - Headers: auth=present content-type=null accept=application/json, text/plain, */*
2025-11-10 20:38:22.355 [34mINFO [0;39m [] [http-nio-8081-exec-5] c.b.config.logging.HttpLoggingFilter - Headers: auth=present content-type=null accept=application/json, text/plain, */*
2025-11-10 20:38:22.360 [34mINFO [0;39m [] [http-nio-8081-exec-5] c.b.config.logging.HttpLoggingFilter - Response payload: {"message":"Unauthorized"}
2025-11-10 20:38:23.613 [34mINFO [0;39m [] [http-nio-8081-exec-2] com.bharatshop.service.AuthService - Session lookup: token not found
2025-11-10 20:38:23.616 [34mINFO [0;39m [] [http-nio-8081-exec-2] com.bharatshop.web.CartController - Get cart: userId=guest
2025-11-10 20:38:23.617 [34mINFO [0;39m [] [http-nio-8081-exec-2] c.b.config.logging.HttpLoggingFilter - GET /store/cart -> 200 (3 ms)
2025-11-10 20:38:23.619 [34mINFO [0;39m [] [http-nio-8081-exec-2] c.b.config.logging.HttpLoggingFilter - Headers: auth=present content-type=null accept=application/json, text/plain, */*
2025-11-10 20:38:23.619 [34mINFO [0;39m [] [http-nio-8081-exec-2] c.b.config.logging.HttpLoggingFilter - Response payload: []
2025-11-10 20:38:23.651 [34mINFO [0;39m [] [http-nio-8081-exec-8] com.bharatshop.service.AuthService - Session lookup: token not found
2025-11-10 20:38:23.654 [34mINFO [0;39m [] [http-nio-8081-exec-8] com.bharatshop.web.CartController - Get cart: userId=guest
2025-11-10 20:38:23.675 [34mINFO [0;39m [] [http-nio-8081-exec-8] c.b.config.logging.HttpLoggingFilter - GET /store/cart -> 200 (22 ms)
2025-11-10 20:38:23.675 [34mINFO [0;39m [] [http-nio-8081-exec-8] c.b.config.logging.HttpLoggingFilter - Headers: auth=present content-type=null accept=application/json, text/plain, */*
2025-11-10 20:38:23.676 [34mINFO [0;39m [] [http-nio-8081-exec-8] c.b.config.logging.HttpLoggingFilter - Response payload: []
2025-11-10 20:38:23.678 [34mINFO [0;39m [] [http-nio-8081-exec-7] com.bharatshop.service.AuthService - Session lookup: token not found
2025-11-10 20:38:23.678 [34mINFO [0;39m [] [http-nio-8081-exec-8] com.bharatshop.service.AuthService - Session lookup: token not found
2025-11-10 20:38:23.681 [34mINFO [0;39m [] [http-nio-8081-exec-8] c.b.config.logging.HttpLoggingFilter - GET /api/seller/orders -> 401 (2 ms)
2025-11-10 20:38:23.681 [34mINFO [0;39m [] [http-nio-8081-exec-7] c.b.config.logging.HttpLoggingFilter - GET /api/seller/stores -> 401 (0 ms)
2025-11-10 20:38:23.682 [34mINFO [0;39m [] [http-nio-8081-exec-7] c.b.config.logging.HttpLoggingFilter - Headers: auth=present content-type=null accept=application/json, text/plain, */*
2025-11-10 20:38:23.682 [34mINFO [0;39m [] [http-nio-8081-exec-8] c.b.config.logging.HttpLoggingFilter - Headers: auth=present content-type=null accept=application/json, text/plain, */*
2025-11-10 20:38:23.682 [34mINFO [0;39m [] [http-nio-8081-exec-8] c.b.config.logging.HttpLoggingFilter - Response payload: {"message":"Unauthorized"}
2025-11-10 20:38:23.690 [34mINFO [0;39m [] [http-nio-8081-exec-1] com.bharatshop.service.AuthService - Session lookup: token not found
2025-11-10 20:38:23.690 [34mINFO [0;39m [] [http-nio-8081-exec-9] com.bharatshop.service.AuthService - Session lookup: token not found
2025-11-10 20:38:23.693 [34mINFO [0;39m [] [http-nio-8081-exec-9] c.b.config.logging.HttpLoggingFilter - GET /api/seller/stores -> 401 (1 ms)
2025-11-10 20:38:23.693 [34mINFO [0;39m [] [http-nio-8081-exec-1] c.b.config.logging.HttpLoggingFilter - GET /api/seller/orders -> 401 (1 ms)
2025-11-10 20:38:23.694 [34mINFO [0;39m [] [http-nio-8081-exec-1] c.b.config.logging.HttpLoggingFilter - Headers: auth=present content-type=null accept=application/json, text/plain, */*
2025-11-10 20:38:23.694 [34mINFO [0;39m [] [http-nio-8081-exec-9] c.b.config.logging.HttpLoggingFilter - Headers: auth=present content-type=null accept=application/json, text/plain, */*
2025-11-10 20:38:23.694 [34mINFO [0;39m [] [http-nio-8081-exec-1] c.b.config.logging.HttpLoggingFilter - Response payload: {"message":"Unauthorized"}
2025-11-10 20:39:54.903 [34mINFO [0;39m [] [http-nio-8081-exec-4] com.bharatshop.service.AuthService - Session lookup: token not found
2025-11-10 20:39:54.905 [34mINFO [0;39m [] [http-nio-8081-exec-4] com.bharatshop.web.CartController - Get cart: userId=guest
2025-11-10 20:39:54.906 [34mINFO [0;39m [] [http-nio-8081-exec-4] c.b.config.logging.HttpLoggingFilter - GET /store/cart -> 200 (2 ms)
2025-11-10 20:39:54.907 [34mINFO [0;39m [] [http-nio-8081-exec-4] c.b.config.logging.HttpLoggingFilter - Headers: auth=present content-type=null accept=application/json, text/plain, */*
2025-11-10 20:39:54.907 [34mINFO [0;39m [] [http-nio-8081-exec-4] c.b.config.logging.HttpLoggingFilter - Response payload: []
2025-11-10 20:39:54.918 [34mINFO [0;39m [] [http-nio-8081-exec-10] com.bharatshop.service.AuthService - Session lookup: token not found
2025-11-10 20:39:54.921 [34mINFO [0;39m [] [http-nio-8081-exec-10] com.bharatshop.web.CartController - Get cart: userId=guest
2025-11-10 20:39:54.922 [34mINFO [0;39m [] [http-nio-8081-exec-10] c.b.config.logging.HttpLoggingFilter - GET /store/cart -> 200 (2 ms)
2025-11-10 20:39:54.923 [34mINFO [0;39m [] [http-nio-8081-exec-10] c.b.config.logging.HttpLoggingFilter - Headers: auth=present content-type=null accept=application/json, text/plain, */*
2025-11-10 20:39:54.923 [34mINFO [0;39m [] [http-nio-8081-exec-10] c.b.config.logging.HttpLoggingFilter - Response payload: []
2025-11-10 20:39:54.951 [34mINFO [0;39m [] [http-nio-8081-exec-5] com.bharatshop.service.AuthService - Session lookup: token not found
2025-11-10 20:39:54.951 [34mINFO [0;39m [] [http-nio-8081-exec-3] com.bharatshop.service.AuthService - Session lookup: token not found
2025-11-10 20:39:54.954 [34mINFO [0;39m [] [http-nio-8081-exec-3] c.b.config.logging.HttpLoggingFilter - GET /api/seller/orders -> 401 (1 ms)
2025-11-10 20:39:54.955 [34mINFO [0;39m [] [http-nio-8081-exec-3] c.b.config.logging.HttpLoggingFilter - Headers: auth=present content-type=null accept=application/json, text/plain, */*
2025-11-10 20:39:54.955 [34mINFO [0;39m [] [http-nio-8081-exec-3] c.b.config.logging.HttpLoggingFilter - Response payload: {"message":"Unauthorized"}
2025-11-10 20:39:54.955 [34mINFO [0;39m [] [http-nio-8081-exec-5] c.b.config.logging.HttpLoggingFilter - GET /api/seller/stores -> 401 (1 ms)
2025-11-10 20:39:54.955 [34mINFO [0;39m [] [http-nio-8081-exec-5] c.b.config.logging.HttpLoggingFilter - Headers: auth=present content-type=null accept=application/json, text/plain, */*
2025-11-10 20:39:54.967 [34mINFO [0;39m [] [http-nio-8081-exec-6] com.bharatshop.service.AuthService - Session lookup: token not found
2025-11-10 20:39:54.968 [34mINFO [0;39m [] [http-nio-8081-exec-2] com.bharatshop.service.AuthService - Session lookup: token not found
2025-11-10 20:39:54.970 [34mINFO [0;39m [] [http-nio-8081-exec-6] c.b.config.logging.HttpLoggingFilter - GET /api/seller/stores -> 401 (1 ms)
2025-11-10 20:39:54.972 [34mINFO [0;39m [] [http-nio-8081-exec-6] c.b.config.logging.HttpLoggingFilter - Headers: auth=present content-type=null accept=application/json, text/plain, */*
2025-11-10 20:39:54.972 [34mINFO [0;39m [] [http-nio-8081-exec-2] c.b.config.logging.HttpLoggingFilter - GET /api/seller/orders -> 401 (2 ms)
2025-11-10 20:39:54.972 [34mINFO [0;39m [] [http-nio-8081-exec-2] c.b.config.logging.HttpLoggingFilter - Headers: auth=present content-type=null accept=application/json, text/plain, */*
2025-11-10 20:39:54.972 [34mINFO [0;39m [] [http-nio-8081-exec-2] c.b.config.logging.HttpLoggingFilter - Response payload: {"message":"Unauthorized"}
2025-11-10 20:39:56.030 [34mINFO [0;39m [] [http-nio-8081-exec-7] com.bharatshop.service.AuthService - Session lookup: token not found
2025-11-10 20:39:56.032 [34mINFO [0;39m [] [http-nio-8081-exec-7] com.bharatshop.web.CartController - Get cart: userId=guest
2025-11-10 20:39:56.037 [34mINFO [0;39m [] [http-nio-8081-exec-7] c.b.config.logging.HttpLoggingFilter - GET /store/cart -> 200 (5 ms)
2025-11-10 20:39:56.037 [34mINFO [0;39m [] [http-nio-8081-exec-7] c.b.config.logging.HttpLoggingFilter - Headers: auth=present content-type=null accept=application/json, text/plain, */*
2025-11-10 20:39:56.037 [34mINFO [0;39m [] [http-nio-8081-exec-7] c.b.config.logging.HttpLoggingFilter - Response payload: []
2025-11-10 20:39:56.045 [34mINFO [0;39m [] [http-nio-8081-exec-8] com.bharatshop.service.AuthService - Session lookup: token not found
2025-11-10 20:39:56.050 [34mINFO [0;39m [] [http-nio-8081-exec-8] com.bharatshop.web.CartController - Get cart: userId=guest
2025-11-10 20:39:56.051 [34mINFO [0;39m [] [http-nio-8081-exec-8] c.b.config.logging.HttpLoggingFilter - GET /store/cart -> 200 (4 ms)
2025-11-10 20:39:56.051 [34mINFO [0;39m [] [http-nio-8081-exec-8] c.b.config.logging.HttpLoggingFilter - Headers: auth=present content-type=null accept=application/json, text/plain, */*
2025-11-10 20:39:56.052 [34mINFO [0;39m [] [http-nio-8081-exec-8] c.b.config.logging.HttpLoggingFilter - Response payload: []
2025-11-10 20:39:56.085 [34mINFO [0;39m [] [http-nio-8081-exec-1] com.bharatshop.service.AuthService - Session lookup: token not found
2025-11-10 20:39:56.085 [34mINFO [0;39m [] [http-nio-8081-exec-9] com.bharatshop.service.AuthService - Session lookup: token not found
2025-11-10 20:39:56.088 [34mINFO [0;39m [] [http-nio-8081-exec-1] c.b.config.logging.HttpLoggingFilter - GET /api/seller/stores -> 401 (1 ms)
2025-11-10 20:39:56.089 [34mINFO [0;39m [] [http-nio-8081-exec-1] c.b.config.logging.HttpLoggingFilter - Headers: auth=present content-type=null accept=application/json, text/plain, */*
2025-11-10 20:39:56.099 [34mINFO [0;39m [] [http-nio-8081-exec-4] com.bharatshop.service.AuthService - Session lookup: token not found
2025-11-10 20:39:56.102 [34mINFO [0;39m [] [http-nio-8081-exec-4] c.b.config.logging.HttpLoggingFilter - GET /api/seller/stores -> 401 (2 ms)
2025-11-10 20:39:56.102 [34mINFO [0;39m [] [http-nio-8081-exec-4] c.b.config.logging.HttpLoggingFilter - Headers: auth=present content-type=null accept=application/json, text/plain, */*
2025-11-10 20:39:56.135 [34mINFO [0;39m [] [http-nio-8081-exec-9] c.b.config.logging.HttpLoggingFilter - GET /api/seller/orders -> 401 (1 ms)
2025-11-10 20:39:56.202 [34mINFO [0;39m [] [http-nio-8081-exec-9] c.b.config.logging.HttpLoggingFilter - Headers: auth=present content-type=null accept=application/json, text/plain, */*
2025-11-10 20:39:56.207 [34mINFO [0;39m [] [http-nio-8081-exec-9] c.b.config.logging.HttpLoggingFilter - Response payload: {"message":"Unauthorized"}
2025-11-10 20:39:56.216 [34mINFO [0;39m [] [http-nio-8081-exec-10] com.bharatshop.service.AuthService - Session lookup: token not found
2025-11-10 20:39:56.220 [34mINFO [0;39m [] [http-nio-8081-exec-10] c.b.config.logging.HttpLoggingFilter - GET /api/seller/orders -> 401 (2 ms)
2025-11-10 20:39:56.220 [34mINFO [0;39m [] [http-nio-8081-exec-10] c.b.config.logging.HttpLoggingFilter - Headers: auth=present content-type=null accept=application/json, text/plain, */*
2025-11-10 20:39:56.220 [34mINFO [0;39m [] [http-nio-8081-exec-10] c.b.config.logging.HttpLoggingFilter - Response payload: {"message":"Unauthorized"}
2025-11-10 20:39:57.124 [34mINFO [0;39m [] [http-nio-8081-exec-3] com.bharatshop.service.AuthService - Session lookup: token not found
2025-11-10 20:39:57.127 [34mINFO [0;39m [] [http-nio-8081-exec-3] com.bharatshop.web.CartController - Get cart: userId=guest
2025-11-10 20:39:57.129 [34mINFO [0;39m [] [http-nio-8081-exec-3] c.b.config.logging.HttpLoggingFilter - GET /store/cart -> 200 (3 ms)
2025-11-10 20:39:57.129 [34mINFO [0;39m [] [http-nio-8081-exec-3] c.b.config.logging.HttpLoggingFilter - Headers: auth=present content-type=null accept=application/json, text/plain, */*
2025-11-10 20:39:57.129 [34mINFO [0;39m [] [http-nio-8081-exec-3] c.b.config.logging.HttpLoggingFilter - Response payload: []
2025-11-10 20:39:57.135 [34mINFO [0;39m [] [http-nio-8081-exec-5] com.bharatshop.service.AuthService - Session lookup: token not found
2025-11-10 20:39:57.140 [34mINFO [0;39m [] [http-nio-8081-exec-5] com.bharatshop.web.CartController - Get cart: userId=guest
2025-11-10 20:39:57.141 [34mINFO [0;39m [] [http-nio-8081-exec-5] c.b.config.logging.HttpLoggingFilter - GET /store/cart -> 200 (4 ms)
2025-11-10 20:39:57.141 [34mINFO [0;39m [] [http-nio-8081-exec-5] c.b.config.logging.HttpLoggingFilter - Headers: auth=present content-type=null accept=application/json, text/plain, */*
2025-11-10 20:39:57.141 [34mINFO [0;39m [] [http-nio-8081-exec-5] c.b.config.logging.HttpLoggingFilter - Response payload: []
2025-11-10 20:39:57.177 [34mINFO [0;39m [] [http-nio-8081-exec-6] com.bharatshop.service.AuthService - Session lookup: token not found
2025-11-10 20:39:57.177 [34mINFO [0;39m [] [http-nio-8081-exec-2] com.bharatshop.service.AuthService - Session lookup: token not found
2025-11-10 20:39:57.180 [34mINFO [0;39m [] [http-nio-8081-exec-2] c.b.config.logging.HttpLoggingFilter - GET /api/seller/stores -> 401 (0 ms)
2025-11-10 20:39:57.180 [34mINFO [0;39m [] [http-nio-8081-exec-6] c.b.config.logging.HttpLoggingFilter - GET /api/seller/orders -> 401 (2 ms)
2025-11-10 20:39:57.180 [34mINFO [0;39m [] [http-nio-8081-exec-2] c.b.config.logging.HttpLoggingFilter - Headers: auth=present content-type=null accept=application/json, text/plain, */*
2025-11-10 20:39:57.180 [34mINFO [0;39m [] [http-nio-8081-exec-6] c.b.config.logging.HttpLoggingFilter - Headers: auth=present content-type=null accept=application/json, text/plain, */*
2025-11-10 20:39:57.180 [34mINFO [0;39m [] [http-nio-8081-exec-6] c.b.config.logging.HttpLoggingFilter - Response payload: {"message":"Unauthorized"}
2025-11-10 20:39:57.184 [34mINFO [0;39m [] [http-nio-8081-exec-7] com.bharatshop.service.AuthService - Session lookup: token not found
2025-11-10 20:39:57.185 [34mINFO [0;39m [] [http-nio-8081-exec-8] com.bharatshop.service.AuthService - Session lookup: token not found
2025-11-10 20:39:57.186 [34mINFO [0;39m [] [http-nio-8081-exec-8] c.b.config.logging.HttpLoggingFilter - GET /api/seller/orders -> 401 (0 ms)
2025-11-10 20:39:57.187 [34mINFO [0;39m [] [http-nio-8081-exec-8] c.b.config.logging.HttpLoggingFilter - Headers: auth=present content-type=null accept=application/json, text/plain, */*
2025-11-10 20:39:57.187 [34mINFO [0;39m [] [http-nio-8081-exec-8] c.b.config.logging.HttpLoggingFilter - Response payload: {"message":"Unauthorized"}
2025-11-10 20:39:57.188 [34mINFO [0;39m [] [http-nio-8081-exec-7] c.b.config.logging.HttpLoggingFilter - GET /api/seller/stores -> 401 (2 ms)
2025-11-10 20:39:57.188 [34mINFO [0;39m [] [http-nio-8081-exec-7] c.b.config.logging.HttpLoggingFilter - Headers: auth=present content-type=null accept=application/json, text/plain, */*
2025-11-10 20:40:23.538 [34mINFO [0;39m [] [http-nio-8081-exec-1] com.bharatshop.service.AuthService - Session lookup: token not found
2025-11-10 20:40:23.539 [34mINFO [0;39m [] [http-nio-8081-exec-1] com.bharatshop.web.CartController - Get cart: userId=guest
2025-11-10 20:40:23.539 [34mINFO [0;39m [] [http-nio-8081-exec-1] c.b.config.logging.HttpLoggingFilter - GET /store/cart -> 200 (0 ms)
2025-11-10 20:40:23.541 [34mINFO [0;39m [] [http-nio-8081-exec-1] c.b.config.logging.HttpLoggingFilter - Headers: auth=present content-type=null accept=application/json, text/plain, */*
2025-11-10 20:40:23.541 [34mINFO [0;39m [] [http-nio-8081-exec-1] c.b.config.logging.HttpLoggingFilter - Response payload: []
2025-11-10 20:40:23.547 [34mINFO [0;39m [] [http-nio-8081-exec-4] com.bharatshop.service.AuthService - Session lookup: token not found
2025-11-10 20:40:23.550 [34mINFO [0;39m [] [http-nio-8081-exec-4] com.bharatshop.web.CartController - Get cart: userId=guest
2025-11-10 20:40:23.552 [34mINFO [0;39m [] [http-nio-8081-exec-4] c.b.config.logging.HttpLoggingFilter - GET /store/cart -> 200 (3 ms)
2025-11-10 20:40:23.552 [34mINFO [0;39m [] [http-nio-8081-exec-4] c.b.config.logging.HttpLoggingFilter - Headers: auth=present content-type=null accept=application/json, text/plain, */*
2025-11-10 20:40:23.552 [34mINFO [0;39m [] [http-nio-8081-exec-4] c.b.config.logging.HttpLoggingFilter - Response payload: []
2025-11-10 20:40:29.394 [34mINFO [0;39m [] [http-nio-8081-exec-9] com.bharatshop.service.AuthService - Session lookup: token not found
2025-11-10 20:40:29.396 [34mINFO [0;39m [] [http-nio-8081-exec-9] c.b.web.StoreDiscoveryController - Discover stores: tenant=demo-store search=null category=null
2025-11-10 20:40:29.404 [34mINFO [0;39m [] [http-nio-8081-exec-9] c.b.config.logging.HttpLoggingFilter - GET /api/stores -> 200 (9 ms)
2025-11-10 20:40:29.404 [34mINFO [0;39m [] [http-nio-8081-exec-9] c.b.config.logging.HttpLoggingFilter - Headers: auth=present content-type=null accept=application/json, text/plain, */*
2025-11-10 20:40:29.404 [34mINFO [0;39m [] [http-nio-8081-exec-9] c.b.config.logging.HttpLoggingFilter - Response payload: [{"id":"5eb179de-5b3e-4d0b-9341-29b1f36053af","name":"City Pharmacy","area":"Brigade","category":"pharmacy"},{"id":"5991d938-9d2d-4805-b072-3fb6775244ce","name":"Fresh Mart","area":"MG Road","category":"grocery"},{"id":"11405c15-e838-425f-823e-f57c9b0d82f2","name":"Smoke Store","area":"Area","category":"General"},{"id":"e983c659-8d8f-423d-89d3-e50fab9d371e","name":"Sunrise Hotel","area":"Beach","category":"hospitality"},{"id":"de0d25cf-f3d9-4aa0-87ec-a97adede83fa","name":"Updated Store","area":"Updated City","category":"Updated Category"},{"id":"2eced9a2-e2ae-4678-8402-762a6dbd5de0","name":"Updated Store","area":"Updated City","category":"Updated Category"},{"id":"43e76f32-bc0b-4e3b-85a0-19f871012c0d","name":"Updated Store","area":"Updated City","category":"Updated Category"}]
2025-11-10 20:40:31.137 [34mINFO [0;39m [] [http-nio-8081-exec-10] com.bharatshop.service.AuthService - Session lookup: token not found
2025-11-10 20:40:31.145 [34mINFO [0;39m [] [http-nio-8081-exec-10] c.b.web.StoreDiscoveryController - Discover stores: tenant=demo-store search=null category=null
2025-11-10 20:40:31.145 [34mINFO [0;39m [] [http-nio-8081-exec-10] c.b.config.logging.HttpLoggingFilter - GET /api/stores?city=Noida -> 200 (5 ms)
2025-11-10 20:40:31.145 [34mINFO [0;39m [] [http-nio-8081-exec-10] c.b.config.logging.HttpLoggingFilter - Headers: auth=present content-type=null accept=application/json, text/plain, */*
2025-11-10 20:40:31.149 [34mINFO [0;39m [] [http-nio-8081-exec-10] c.b.config.logging.HttpLoggingFilter - Response payload: [{"id":"5eb179de-5b3e-4d0b-9341-29b1f36053af","name":"City Pharmacy","area":"Brigade","category":"pharmacy"},{"id":"5991d938-9d2d-4805-b072-3fb6775244ce","name":"Fresh Mart","area":"MG Road","category":"grocery"},{"id":"11405c15-e838-425f-823e-f57c9b0d82f2","name":"Smoke Store","area":"Area","category":"General"},{"id":"e983c659-8d8f-423d-89d3-e50fab9d371e","name":"Sunrise Hotel","area":"Beach","category":"hospitality"},{"id":"de0d25cf-f3d9-4aa0-87ec-a97adede83fa","name":"Updated Store","area":"Updated City","category":"Updated Category"},{"id":"2eced9a2-e2ae-4678-8402-762a6dbd5de0","name":"Updated Store","area":"Updated City","category":"Updated Category"},{"id":"43e76f32-bc0b-4e3b-85a0-19f871012c0d","name":"Updated Store","area":"Updated City","category":"Updated Category"}]
2025-11-10 20:40:35.157 [34mINFO [0;39m [] [http-nio-8081-exec-3] com.bharatshop.service.AuthService - Session lookup: token not found
2025-11-10 20:40:35.165 [34mINFO [0;39m [] [http-nio-8081-exec-3] c.b.web.StoreDiscoveryController - Discover stores: tenant=demo-store search=null category=Hospitality
2025-11-10 20:40:35.284 [34mINFO [0;39m [] [http-nio-8081-exec-3] c.b.config.logging.HttpLoggingFilter - GET /api/stores?category=Hospitality&city=Noida -> 200 (126 ms)
2025-11-10 20:40:35.284 [34mINFO [0;39m [] [http-nio-8081-exec-3] c.b.config.logging.HttpLoggingFilter - Headers: auth=present content-type=null accept=application/json, text/plain, */*
2025-11-10 20:40:35.284 [34mINFO [0;39m [] [http-nio-8081-exec-3] c.b.config.logging.HttpLoggingFilter - Response payload: [{"id":"e983c659-8d8f-423d-89d3-e50fab9d371e","name":"Sunrise Hotel","area":"Beach","category":"hospitality"}]
2025-11-10 20:40:48.743 [34mINFO [0;39m [] [http-nio-8081-exec-2] com.bharatshop.service.AuthService - Session lookup: token not found
2025-11-10 20:40:48.743 [34mINFO [0;39m [] [http-nio-8081-exec-5] com.bharatshop.service.AuthService - Session lookup: token not found
2025-11-10 20:40:48.746 [34mINFO [0;39m [] [http-nio-8081-exec-2] c.b.config.logging.HttpLoggingFilter - GET /api/seller/stores -> 401 (2 ms)
2025-11-10 20:40:48.746 [34mINFO [0;39m [] [http-nio-8081-exec-5] c.b.config.logging.HttpLoggingFilter - GET /api/seller/orders -> 401 (1 ms)
2025-11-10 20:40:48.746 [34mINFO [0;39m [] [http-nio-8081-exec-2] c.b.config.logging.HttpLoggingFilter - Headers: auth=present content-type=null accept=application/json, text/plain, */*
2025-11-10 20:40:48.746 [34mINFO [0;39m [] [http-nio-8081-exec-5] c.b.config.logging.HttpLoggingFilter - Headers: auth=present content-type=null accept=application/json, text/plain, */*
2025-11-10 20:40:48.746 [34mINFO [0;39m [] [http-nio-8081-exec-5] c.b.config.logging.HttpLoggingFilter - Response payload: {"message":"Unauthorized"}
2025-11-10 20:40:48.751 [34mINFO [0;39m [] [http-nio-8081-exec-6] com.bharatshop.service.AuthService - Session lookup: token not found
2025-11-10 20:40:48.751 [34mINFO [0;39m [] [http-nio-8081-exec-8] com.bharatshop.service.AuthService - Session lookup: token not found
2025-11-10 20:40:48.757 [34mINFO [0;39m [] [http-nio-8081-exec-6] c.b.config.logging.HttpLoggingFilter - GET /api/seller/orders -> 401 (3 ms)
2025-11-10 20:40:48.757 [34mINFO [0;39m [] [http-nio-8081-exec-8] c.b.config.logging.HttpLoggingFilter - GET /api/seller/stores -> 401 (1 ms)
2025-11-10 20:40:48.757 [34mINFO [0;39m [] [http-nio-8081-exec-6] c.b.config.logging.HttpLoggingFilter - Headers: auth=present content-type=null accept=application/json, text/plain, */*
2025-11-10 20:40:48.757 [34mINFO [0;39m [] [http-nio-8081-exec-8] c.b.config.logging.HttpLoggingFilter - Headers: auth=present content-type=null accept=application/json, text/plain, */*
2025-11-10 20:40:48.757 [34mINFO [0;39m [] [http-nio-8081-exec-6] c.b.config.logging.HttpLoggingFilter - Response payload: {"message":"Unauthorized"}
2025-11-10 20:40:51.806 [34mINFO [0;39m [] [http-nio-8081-exec-7] com.bharatshop.service.AuthService - Session lookup: token not found
2025-11-10 20:40:51.806 [34mINFO [0;39m [] [http-nio-8081-exec-7] com.bharatshop.web.CartController - Get cart: userId=guest
2025-11-10 20:40:51.809 [34mINFO [0;39m [] [http-nio-8081-exec-7] c.b.config.logging.HttpLoggingFilter - GET /store/cart -> 200 (3 ms)
2025-11-10 20:40:51.810 [34mINFO [0;39m [] [http-nio-8081-exec-7] c.b.config.logging.HttpLoggingFilter - Headers: auth=present content-type=null accept=application/json, text/plain, */*
2025-11-10 20:40:51.810 [34mINFO [0;39m [] [http-nio-8081-exec-7] c.b.config.logging.HttpLoggingFilter - Response payload: []
2025-11-10 20:40:51.815 [34mINFO [0;39m [] [http-nio-8081-exec-1] com.bharatshop.service.AuthService - Session lookup: token not found
2025-11-10 20:40:51.818 [34mINFO [0;39m [] [http-nio-8081-exec-1] com.bharatshop.web.CartController - Get cart: userId=guest
2025-11-10 20:40:51.820 [34mINFO [0;39m [] [http-nio-8081-exec-1] c.b.config.logging.HttpLoggingFilter - GET /store/cart -> 200 (3 ms)
2025-11-10 20:40:51.820 [34mINFO [0;39m [] [http-nio-8081-exec-1] c.b.config.logging.HttpLoggingFilter - Headers: auth=present content-type=null accept=application/json, text/plain, */*
2025-11-10 20:40:51.820 [34mINFO [0;39m [] [http-nio-8081-exec-1] c.b.config.logging.HttpLoggingFilter - Response payload: []
2025-11-10 20:40:51.863 [34mINFO [0;39m [] [http-nio-8081-exec-4] com.bharatshop.service.AuthService - Session lookup: token not found
2025-11-10 20:40:51.864 [34mINFO [0;39m [] [http-nio-8081-exec-9] com.bharatshop.service.AuthService - Session lookup: token not found
2025-11-10 20:40:51.868 [34mINFO [0;39m [] [http-nio-8081-exec-9] c.b.config.logging.HttpLoggingFilter - GET /api/seller/stores -> 401 (2 ms)
2025-11-10 20:40:51.868 [34mINFO [0;39m [] [http-nio-8081-exec-4] c.b.config.logging.HttpLoggingFilter - GET /api/seller/orders -> 401 (2 ms)
2025-11-10 20:40:51.868 [34mINFO [0;39m [] [http-nio-8081-exec-9] c.b.config.logging.HttpLoggingFilter - Headers: auth=present content-type=null accept=application/json, text/plain, */*
2025-11-10 20:40:51.868 [34mINFO [0;39m [] [http-nio-8081-exec-4] c.b.config.logging.HttpLoggingFilter - Headers: auth=present content-type=null accept=application/json, text/plain, */*
2025-11-10 20:40:51.869 [34mINFO [0;39m [] [http-nio-8081-exec-4] c.b.config.logging.HttpLoggingFilter - Response payload: {"message":"Unauthorized"}
2025-11-10 20:40:51.876 [34mINFO [0;39m [] [http-nio-8081-exec-10] com.bharatshop.service.AuthService - Session lookup: token not found
2025-11-10 20:40:51.876 [34mINFO [0;39m [] [http-nio-8081-exec-3] com.bharatshop.service.AuthService - Session lookup: token not found
2025-11-10 20:40:51.878 [34mINFO [0;39m [] [http-nio-8081-exec-10] c.b.config.logging.HttpLoggingFilter - GET /api/seller/stores -> 401 (1 ms)
2025-11-10 20:40:51.878 [34mINFO [0;39m [] [http-nio-8081-exec-3] c.b.config.logging.HttpLoggingFilter - GET /api/seller/orders -> 401 (1 ms)
2025-11-10 20:40:51.879 [34mINFO [0;39m [] [http-nio-8081-exec-10] c.b.config.logging.HttpLoggingFilter - Headers: auth=present content-type=null accept=application/json, text/plain, */*
2025-11-10 20:40:51.879 [34mINFO [0;39m [] [http-nio-8081-exec-3] c.b.config.logging.HttpLoggingFilter - Headers: auth=present content-type=null accept=application/json, text/plain, */*
2025-11-10 20:40:51.879 [34mINFO [0;39m [] [http-nio-8081-exec-3] c.b.config.logging.HttpLoggingFilter - Response payload: {"message":"Unauthorized"}
2025-11-10 20:40:52.705 [34mINFO [0;39m [] [http-nio-8081-exec-2] com.bharatshop.service.AuthService - Session lookup: token not found
2025-11-10 20:40:52.705 [34mINFO [0;39m [] [http-nio-8081-exec-2] com.bharatshop.web.CartController - Get cart: userId=guest
2025-11-10 20:40:52.705 [34mINFO [0;39m [] [http-nio-8081-exec-2] c.b.config.logging.HttpLoggingFilter - GET /store/cart -> 200 (0 ms)
2025-11-10 20:40:52.708 [34mINFO [0;39m [] [http-nio-8081-exec-2] c.b.config.logging.HttpLoggingFilter - Headers: auth=present content-type=null accept=application/json, text/plain, */*
2025-11-10 20:40:52.708 [34mINFO [0;39m [] [http-nio-8081-exec-2] c.b.config.logging.HttpLoggingFilter - Response payload: []
2025-11-10 20:40:52.712 [34mINFO [0;39m [] [http-nio-8081-exec-5] com.bharatshop.service.AuthService - Session lookup: token not found
2025-11-10 20:40:52.713 [34mINFO [0;39m [] [http-nio-8081-exec-5] com.bharatshop.web.CartController - Get cart: userId=guest
2025-11-10 20:40:52.716 [34mINFO [0;39m [] [http-nio-8081-exec-5] c.b.config.logging.HttpLoggingFilter - GET /store/cart -> 200 (3 ms)
2025-11-10 20:40:52.716 [34mINFO [0;39m [] [http-nio-8081-exec-5] c.b.config.logging.HttpLoggingFilter - Headers: auth=present content-type=null accept=application/json, text/plain, */*
2025-11-10 20:40:52.716 [34mINFO [0;39m [] [http-nio-8081-exec-5] c.b.config.logging.HttpLoggingFilter - Response payload: []
2025-11-10 20:40:52.734 [34mINFO [0;39m [] [http-nio-8081-exec-8] com.bharatshop.service.AuthService - Session lookup: token not found
2025-11-10 20:40:52.734 [34mINFO [0;39m [] [http-nio-8081-exec-6] com.bharatshop.service.AuthService - Session lookup: token not found
2025-11-10 20:40:52.740 [34mINFO [0;39m [] [http-nio-8081-exec-6] c.b.config.logging.HttpLoggingFilter - GET /api/seller/stores -> 401 (6 ms)
2025-11-10 20:40:52.740 [34mINFO [0;39m [] [http-nio-8081-exec-6] c.b.config.logging.HttpLoggingFilter - Headers: auth=present content-type=null accept=application/json, text/plain, */*
2025-11-10 20:40:52.740 [34mINFO [0;39m [] [http-nio-8081-exec-8] c.b.config.logging.HttpLoggingFilter - GET /api/seller/orders -> 401 (6 ms)
2025-11-10 20:40:52.740 [34mINFO [0;39m [] [http-nio-8081-exec-8] c.b.config.logging.HttpLoggingFilter - Headers: auth=present content-type=null accept=application/json, text/plain, */*
2025-11-10 20:40:52.740 [34mINFO [0;39m [] [http-nio-8081-exec-8] c.b.config.logging.HttpLoggingFilter - Response payload: {"message":"Unauthorized"}
2025-11-10 20:40:52.746 [34mINFO [0;39m [] [http-nio-8081-exec-7] com.bharatshop.service.AuthService - Session lookup: token not found
2025-11-10 20:40:52.746 [34mINFO [0;39m [] [http-nio-8081-exec-1] com.bharatshop.service.AuthService - Session lookup: token not found
2025-11-10 20:40:52.749 [34mINFO [0;39m [] [http-nio-8081-exec-7] c.b.config.logging.HttpLoggingFilter - GET /api/seller/stores -> 401 (3 ms)
2025-11-10 20:40:52.749 [34mINFO [0;39m [] [http-nio-8081-exec-1] c.b.config.logging.HttpLoggingFilter - GET /api/seller/orders -> 401 (3 ms)
2025-11-10 20:40:52.749 [34mINFO [0;39m [] [http-nio-8081-exec-7] c.b.config.logging.HttpLoggingFilter - Headers: auth=present content-type=null accept=application/json, text/plain, */*
2025-11-10 20:40:52.749 [34mINFO [0;39m [] [http-nio-8081-exec-1] c.b.config.logging.HttpLoggingFilter - Headers: auth=present content-type=null accept=application/json, text/plain, */*
2025-11-10 20:40:52.749 [34mINFO [0;39m [] [http-nio-8081-exec-1] c.b.config.logging.HttpLoggingFilter - Response payload: {"message":"Unauthorized"}
2025-11-10 20:40:53.374 [34mINFO [0;39m [] [http-nio-8081-exec-9] com.bharatshop.service.AuthService - Session lookup: token not found
2025-11-10 20:40:53.377 [34mINFO [0;39m [] [http-nio-8081-exec-9] com.bharatshop.web.CartController - Get cart: userId=guest
2025-11-10 20:40:53.378 [34mINFO [0;39m [] [http-nio-8081-exec-9] c.b.config.logging.HttpLoggingFilter - GET /store/cart -> 200 (3 ms)
2025-11-10 20:40:53.378 [34mINFO [0;39m [] [http-nio-8081-exec-9] c.b.config.logging.HttpLoggingFilter - Headers: auth=present content-type=null accept=application/json, text/plain, */*
2025-11-10 20:40:53.378 [34mINFO [0;39m [] [http-nio-8081-exec-9] c.b.config.logging.HttpLoggingFilter - Response payload: []
2025-11-10 20:40:53.383 [34mINFO [0;39m [] [http-nio-8081-exec-4] com.bharatshop.service.AuthService - Session lookup: token not found
2025-11-10 20:40:53.384 [34mINFO [0;39m [] [http-nio-8081-exec-4] com.bharatshop.web.CartController - Get cart: userId=guest
2025-11-10 20:40:53.386 [34mINFO [0;39m [] [http-nio-8081-exec-4] c.b.config.logging.HttpLoggingFilter - GET /store/cart -> 200 (2 ms)
2025-11-10 20:40:53.386 [34mINFO [0;39m [] [http-nio-8081-exec-4] c.b.config.logging.HttpLoggingFilter - Headers: auth=present content-type=null accept=application/json, text/plain, */*
2025-11-10 20:40:53.386 [34mINFO [0;39m [] [http-nio-8081-exec-4] c.b.config.logging.HttpLoggingFilter - Response payload: []
2025-11-10 20:40:53.411 [34mINFO [0;39m [] [http-nio-8081-exec-3] com.bharatshop.service.AuthService - Session lookup: token not found
2025-11-10 20:40:53.412 [34mINFO [0;39m [] [http-nio-8081-exec-10] com.bharatshop.service.AuthService - Session lookup: token not found
2025-11-10 20:40:53.412 [34mINFO [0;39m [] [http-nio-8081-exec-3] c.b.config.logging.HttpLoggingFilter - GET /api/seller/stores -> 401 (0 ms)
2025-11-10 20:40:53.415 [34mINFO [0;39m [] [http-nio-8081-exec-10] c.b.config.logging.HttpLoggingFilter - GET /api/seller/orders -> 401 (3 ms)
2025-11-10 20:40:53.415 [34mINFO [0;39m [] [http-nio-8081-exec-3] c.b.config.logging.HttpLoggingFilter - Headers: auth=present content-type=null accept=application/json, text/plain, */*
2025-11-10 20:40:53.415 [34mINFO [0;39m [] [http-nio-8081-exec-10] c.b.config.logging.HttpLoggingFilter - Headers: auth=present content-type=null accept=application/json, text/plain, */*
2025-11-10 20:40:53.415 [34mINFO [0;39m [] [http-nio-8081-exec-10] c.b.config.logging.HttpLoggingFilter - Response payload: {"message":"Unauthorized"}
2025-11-10 20:40:53.418 [34mINFO [0;39m [] [http-nio-8081-exec-2] com.bharatshop.service.AuthService - Session lookup: token not found
2025-11-10 20:40:53.418 [34mINFO [0;39m [] [http-nio-8081-exec-5] com.bharatshop.service.AuthService - Session lookup: token not found
2025-11-10 20:40:53.418 [34mINFO [0;39m [] [http-nio-8081-exec-2] c.b.config.logging.HttpLoggingFilter - GET /api/seller/stores -> 401 (0 ms)
2025-11-10 20:40:53.418 [34mINFO [0;39m [] [http-nio-8081-exec-5] c.b.config.logging.HttpLoggingFilter - GET /api/seller/orders -> 401 (0 ms)
2025-11-10 20:40:53.418 [34mINFO [0;39m [] [http-nio-8081-exec-2] c.b.config.logging.HttpLoggingFilter - Headers: auth=present content-type=null accept=application/json, text/plain, */*
2025-11-10 20:40:53.418 [34mINFO [0;39m [] [http-nio-8081-exec-5] c.b.config.logging.HttpLoggingFilter - Headers: auth=present content-type=null accept=application/json, text/plain, */*
2025-11-10 20:40:53.418 [34mINFO [0;39m [] [http-nio-8081-exec-5] c.b.config.logging.HttpLoggingFilter - Response payload: {"message":"Unauthorized"}
2025-11-10 20:41:07.864 [34mINFO [0;39m [] [http-nio-8081-exec-6] com.bharatshop.service.AuthService - Session lookup: token not found
2025-11-10 20:41:07.865 [34mINFO [0;39m [] [http-nio-8081-exec-6] com.bharatshop.web.CartController - Get cart: userId=guest
2025-11-10 20:41:07.865 [34mINFO [0;39m [] [http-nio-8081-exec-6] c.b.config.logging.HttpLoggingFilter - GET /store/cart -> 200 (0 ms)
2025-11-10 20:41:07.865 [34mINFO [0;39m [] [http-nio-8081-exec-6] c.b.config.logging.HttpLoggingFilter - Headers: auth=present content-type=null accept=application/json, text/plain, */*
2025-11-10 20:41:07.865 [34mINFO [0;39m [] [http-nio-8081-exec-6] c.b.config.logging.HttpLoggingFilter - Response payload: []
2025-11-10 20:41:07.872 [34mINFO [0;39m [] [http-nio-8081-exec-8] com.bharatshop.service.AuthService - Session lookup: token not found
2025-11-10 20:41:07.875 [34mINFO [0;39m [] [http-nio-8081-exec-8] com.bharatshop.web.CartController - Get cart: userId=guest
2025-11-10 20:41:07.877 [34mINFO [0;39m [] [http-nio-8081-exec-8] c.b.config.logging.HttpLoggingFilter - GET /store/cart -> 200 (3 ms)
2025-11-10 20:41:07.877 [34mINFO [0;39m [] [http-nio-8081-exec-8] c.b.config.logging.HttpLoggingFilter - Headers: auth=present content-type=null accept=application/json, text/plain, */*
2025-11-10 20:41:07.877 [34mINFO [0;39m [] [http-nio-8081-exec-8] c.b.config.logging.HttpLoggingFilter - Response payload: []
2025-11-10 20:41:07.897 [34mINFO [0;39m [] [http-nio-8081-exec-1] com.bharatshop.service.AuthService - Session lookup: token not found
2025-11-10 20:41:07.897 [34mINFO [0;39m [] [http-nio-8081-exec-7] com.bharatshop.service.AuthService - Session lookup: token not found
2025-11-10 20:41:07.899 [34mINFO [0;39m [] [http-nio-8081-exec-7] c.b.config.logging.HttpLoggingFilter - GET /api/seller/stores -> 401 (1 ms)
2025-11-10 20:41:07.899 [34mINFO [0;39m [] [http-nio-8081-exec-1] c.b.config.logging.HttpLoggingFilter - GET /api/seller/orders -> 401 (1 ms)
2025-11-10 20:41:07.900 [34mINFO [0;39m [] [http-nio-8081-exec-7] c.b.config.logging.HttpLoggingFilter - Headers: auth=present content-type=null accept=application/json, text/plain, */*
2025-11-10 20:41:07.900 [34mINFO [0;39m [] [http-nio-8081-exec-1] c.b.config.logging.HttpLoggingFilter - Headers: auth=present content-type=null accept=application/json, text/plain, */*
2025-11-10 20:41:07.900 [34mINFO [0;39m [] [http-nio-8081-exec-1] c.b.config.logging.HttpLoggingFilter - Response payload: {"message":"Unauthorized"}
2025-11-10 20:41:07.906 [34mINFO [0;39m [] [http-nio-8081-exec-9] com.bharatshop.service.AuthService - Session lookup: token not found
2025-11-10 20:41:07.906 [34mINFO [0;39m [] [http-nio-8081-exec-4] com.bharatshop.service.AuthService - Session lookup: token not found
2025-11-10 20:41:07.908 [34mINFO [0;39m [] [http-nio-8081-exec-9] c.b.config.logging.HttpLoggingFilter - GET /api/seller/orders -> 401 (1 ms)
2025-11-10 20:41:07.908 [34mINFO [0;39m [] [http-nio-8081-exec-9] c.b.config.logging.HttpLoggingFilter - Headers: auth=present content-type=null accept=application/json, text/plain, */*
2025-11-10 20:41:07.908 [34mINFO [0;39m [] [http-nio-8081-exec-4] c.b.config.logging.HttpLoggingFilter - GET /api/seller/stores -> 401 (1 ms)
2025-11-10 20:41:07.909 [34mINFO [0;39m [] [http-nio-8081-exec-9] c.b.config.logging.HttpLoggingFilter - Response payload: {"message":"Unauthorized"}
2025-11-10 20:41:07.909 [34mINFO [0;39m [] [http-nio-8081-exec-4] c.b.config.logging.HttpLoggingFilter - Headers: auth=present content-type=null accept=application/json, text/plain, */*
2025-11-10 20:41:08.618 [34mINFO [0;39m [] [http-nio-8081-exec-3] com.bharatshop.service.AuthService - Session lookup: token not found
2025-11-10 20:41:08.619 [34mINFO [0;39m [] [http-nio-8081-exec-3] com.bharatshop.web.CartController - Get cart: userId=guest
2025-11-10 20:41:08.621 [34mINFO [0;39m [] [http-nio-8081-exec-3] c.b.config.logging.HttpLoggingFilter - GET /store/cart -> 200 (2 ms)
2025-11-10 20:41:08.622 [34mINFO [0;39m [] [http-nio-8081-exec-3] c.b.config.logging.HttpLoggingFilter - Headers: auth=present content-type=null accept=application/json, text/plain, */*
2025-11-10 20:41:08.622 [34mINFO [0;39m [] [http-nio-8081-exec-3] c.b.config.logging.HttpLoggingFilter - Response payload: []
2025-11-10 20:41:08.627 [34mINFO [0;39m [] [http-nio-8081-exec-10] com.bharatshop.service.AuthService - Session lookup: token not found
2025-11-10 20:41:08.628 [34mINFO [0;39m [] [http-nio-8081-exec-10] com.bharatshop.web.CartController - Get cart: userId=guest
2025-11-10 20:41:08.628 [34mINFO [0;39m [] [http-nio-8081-exec-10] c.b.config.logging.HttpLoggingFilter - GET /store/cart -> 200 (1 ms)
2025-11-10 20:41:08.628 [34mINFO [0;39m [] [http-nio-8081-exec-10] c.b.config.logging.HttpLoggingFilter - Headers: auth=present content-type=null accept=application/json, text/plain, */*
2025-11-10 20:41:08.628 [34mINFO [0;39m [] [http-nio-8081-exec-10] c.b.config.logging.HttpLoggingFilter - Response payload: []
2025-11-10 20:41:08.653 [34mINFO [0;39m [] [http-nio-8081-exec-2] com.bharatshop.service.AuthService - Session lookup: token not found
2025-11-10 20:41:08.653 [34mINFO [0;39m [] [http-nio-8081-exec-5] com.bharatshop.service.AuthService - Session lookup: token not found
2025-11-10 20:41:08.657 [34mINFO [0;39m [] [http-nio-8081-exec-5] c.b.config.logging.HttpLoggingFilter - GET /api/seller/stores -> 401 (1 ms)
2025-11-10 20:41:08.657 [34mINFO [0;39m [] [http-nio-8081-exec-2] c.b.config.logging.HttpLoggingFilter - GET /api/seller/orders -> 401 (2 ms)
2025-11-10 20:41:08.657 [34mINFO [0;39m [] [http-nio-8081-exec-5] c.b.config.logging.HttpLoggingFilter - Headers: auth=present content-type=null accept=application/json, text/plain, */*
2025-11-10 20:41:08.657 [34mINFO [0;39m [] [http-nio-8081-exec-2] c.b.config.logging.HttpLoggingFilter - Headers: auth=present content-type=null accept=application/json, text/plain, */*
2025-11-10 20:41:08.657 [34mINFO [0;39m [] [http-nio-8081-exec-2] c.b.config.logging.HttpLoggingFilter - Response payload: {"message":"Unauthorized"}
2025-11-10 20:41:08.662 [34mINFO [0;39m [] [http-nio-8081-exec-6] com.bharatshop.service.AuthService - Session lookup: token not found
2025-11-10 20:41:08.662 [34mINFO [0;39m [] [http-nio-8081-exec-8] com.bharatshop.service.AuthService - Session lookup: token not found
2025-11-10 20:41:08.663 [34mINFO [0;39m [] [http-nio-8081-exec-6] c.b.config.logging.HttpLoggingFilter - GET /api/seller/stores -> 401 (0 ms)
2025-11-10 20:41:08.664 [34mINFO [0;39m [] [http-nio-8081-exec-6] c.b.config.logging.HttpLoggingFilter - Headers: auth=present content-type=null accept=application/json, text/plain, */*
2025-11-10 20:41:08.664 [34mINFO [0;39m [] [http-nio-8081-exec-8] c.b.config.logging.HttpLoggingFilter - GET /api/seller/orders -> 401 (1 ms)
2025-11-10 20:41:08.664 [34mINFO [0;39m [] [http-nio-8081-exec-8] c.b.config.logging.HttpLoggingFilter - Headers: auth=present content-type=null accept=application/json, text/plain, */*
2025-11-10 20:41:08.664 [34mINFO [0;39m [] [http-nio-8081-exec-8] c.b.config.logging.HttpLoggingFilter - Response payload: {"message":"Unauthorized"}
2025-11-10 20:41:28.140 [34mINFO [0;39m [] [http-nio-8081-exec-7] com.bharatshop.service.AuthService - Session lookup: token not found
2025-11-10 20:41:28.143 [34mINFO [0;39m [] [http-nio-8081-exec-7] com.bharatshop.web.CartController - Get cart: userId=guest
2025-11-10 20:41:28.146 [34mINFO [0;39m [] [http-nio-8081-exec-7] c.b.config.logging.HttpLoggingFilter - GET /store/cart -> 200 (4 ms)
2025-11-10 20:41:28.148 [34mINFO [0;39m [] [http-nio-8081-exec-7] c.b.config.logging.HttpLoggingFilter - Headers: auth=present content-type=null accept=application/json, text/plain, */*
2025-11-10 20:41:28.148 [34mINFO [0;39m [] [http-nio-8081-exec-7] c.b.config.logging.HttpLoggingFilter - Response payload: []
2025-11-10 20:41:28.158 [34mINFO [0;39m [] [http-nio-8081-exec-1] com.bharatshop.service.AuthService - Session lookup: token not found
2025-11-10 20:41:28.161 [34mINFO [0;39m [] [http-nio-8081-exec-1] com.bharatshop.web.CartController - Get cart: userId=guest
2025-11-10 20:41:28.166 [34mINFO [0;39m [] [http-nio-8081-exec-1] c.b.config.logging.HttpLoggingFilter - GET /store/cart -> 200 (5 ms)
2025-11-10 20:41:28.168 [34mINFO [0;39m [] [http-nio-8081-exec-1] c.b.config.logging.HttpLoggingFilter - Headers: auth=present content-type=null accept=application/json, text/plain, */*
2025-11-10 20:41:28.168 [34mINFO [0;39m [] [http-nio-8081-exec-1] c.b.config.logging.HttpLoggingFilter - Response payload: []
2025-11-10 20:41:28.201 [34mINFO [0;39m [] [http-nio-8081-exec-4] com.bharatshop.service.AuthService - Session lookup: token not found
2025-11-10 20:41:28.201 [34mINFO [0;39m [] [http-nio-8081-exec-9] com.bharatshop.service.AuthService - Session lookup: token not found
2025-11-10 20:41:28.203 [34mINFO [0;39m [] [http-nio-8081-exec-9] c.b.config.logging.HttpLoggingFilter - GET /api/seller/stores -> 401 (0 ms)
2025-11-10 20:41:28.205 [34mINFO [0;39m [] [http-nio-8081-exec-4] c.b.config.logging.HttpLoggingFilter - GET /api/seller/orders -> 401 (2 ms)
2025-11-10 20:41:28.205 [34mINFO [0;39m [] [http-nio-8081-exec-9] c.b.config.logging.HttpLoggingFilter - Headers: auth=present content-type=null accept=application/json, text/plain, */*
2025-11-10 20:41:28.205 [34mINFO [0;39m [] [http-nio-8081-exec-4] c.b.config.logging.HttpLoggingFilter - Headers: auth=present content-type=null accept=application/json, text/plain, */*
2025-11-10 20:41:28.205 [34mINFO [0;39m [] [http-nio-8081-exec-4] c.b.config.logging.HttpLoggingFilter - Response payload: {"message":"Unauthorized"}
2025-11-10 20:41:28.214 [34mINFO [0;39m [] [http-nio-8081-exec-3] com.bharatshop.service.AuthService - Session lookup: token not found
2025-11-10 20:41:28.216 [34mINFO [0;39m [] [http-nio-8081-exec-3] c.b.config.logging.HttpLoggingFilter - GET /api/seller/stores -> 401 (0 ms)
2025-11-10 20:41:28.216 [34mINFO [0;39m [] [http-nio-8081-exec-10] com.bharatshop.service.AuthService - Session lookup: token not found
2025-11-10 20:41:28.216 [34mINFO [0;39m [] [http-nio-8081-exec-3] c.b.config.logging.HttpLoggingFilter - Headers: auth=present content-type=null accept=application/json, text/plain, */*
2025-11-10 20:41:28.221 [34mINFO [0;39m [] [http-nio-8081-exec-10] c.b.config.logging.HttpLoggingFilter - GET /api/seller/orders -> 401 (5 ms)
2025-11-10 20:41:28.223 [34mINFO [0;39m [] [http-nio-8081-exec-10] c.b.config.logging.HttpLoggingFilter - Headers: auth=present content-type=null accept=application/json, text/plain, */*
2025-11-10 20:41:28.223 [34mINFO [0;39m [] [http-nio-8081-exec-10] c.b.config.logging.HttpLoggingFilter - Response payload: {"message":"Unauthorized"}
2025-11-10 20:41:29.122 [34mINFO [0;39m [] [http-nio-8081-exec-5] com.bharatshop.service.AuthService - Session lookup: token not found
2025-11-10 20:41:29.124 [34mINFO [0;39m [] [http-nio-8081-exec-5] com.bharatshop.web.CartController - Get cart: userId=guest
2025-11-10 20:41:29.125 [34mINFO [0;39m [] [http-nio-8081-exec-5] c.b.config.logging.HttpLoggingFilter - GET /store/cart -> 200 (3 ms)
2025-11-10 20:41:29.126 [34mINFO [0;39m [] [http-nio-8081-exec-5] c.b.config.logging.HttpLoggingFilter - Headers: auth=present content-type=null accept=application/json, text/plain, */*
2025-11-10 20:41:29.126 [34mINFO [0;39m [] [http-nio-8081-exec-5] c.b.config.logging.HttpLoggingFilter - Response payload: []
2025-11-10 20:41:29.133 [34mINFO [0;39m [] [http-nio-8081-exec-2] com.bharatshop.service.AuthService - Session lookup: token not found
2025-11-10 20:41:29.134 [34mINFO [0;39m [] [http-nio-8081-exec-2] com.bharatshop.web.CartController - Get cart: userId=guest
2025-11-10 20:41:29.136 [34mINFO [0;39m [] [http-nio-8081-exec-2] c.b.config.logging.HttpLoggingFilter - GET /store/cart -> 200 (2 ms)
2025-11-10 20:41:29.137 [34mINFO [0;39m [] [http-nio-8081-exec-2] c.b.config.logging.HttpLoggingFilter - Headers: auth=present content-type=null accept=application/json, text/plain, */*
2025-11-10 20:41:29.137 [34mINFO [0;39m [] [http-nio-8081-exec-2] c.b.config.logging.HttpLoggingFilter - Response payload: []
2025-11-10 20:41:29.195 [34mINFO [0;39m [] [http-nio-8081-exec-6] com.bharatshop.service.AuthService - Session lookup: token not found
2025-11-10 20:41:29.195 [34mINFO [0;39m [] [http-nio-8081-exec-8] com.bharatshop.service.AuthService - Session lookup: token not found
2025-11-10 20:41:29.196 [34mINFO [0;39m [] [http-nio-8081-exec-8] c.b.config.logging.HttpLoggingFilter - GET /api/seller/stores -> 401 (0 ms)
2025-11-10 20:41:29.196 [34mINFO [0;39m [] [http-nio-8081-exec-6] c.b.config.logging.HttpLoggingFilter - GET /api/seller/orders -> 401 (0 ms)
2025-11-10 20:41:29.196 [34mINFO [0;39m [] [http-nio-8081-exec-8] c.b.config.logging.HttpLoggingFilter - Headers: auth=present content-type=null accept=application/json, text/plain, */*
2025-11-10 20:41:29.196 [34mINFO [0;39m [] [http-nio-8081-exec-6] c.b.config.logging.HttpLoggingFilter - Headers: auth=present content-type=null accept=application/json, text/plain, */*
2025-11-10 20:41:29.196 [34mINFO [0;39m [] [http-nio-8081-exec-6] c.b.config.logging.HttpLoggingFilter - Response payload: {"message":"Unauthorized"}
2025-11-10 20:41:29.205 [34mINFO [0;39m [] [http-nio-8081-exec-1] com.bharatshop.service.AuthService - Session lookup: token not found
2025-11-10 20:41:29.205 [34mINFO [0;39m [] [http-nio-8081-exec-7] com.bharatshop.service.AuthService - Session lookup: token not found
2025-11-10 20:41:29.209 [34mINFO [0;39m [] [http-nio-8081-exec-1] c.b.config.logging.HttpLoggingFilter - GET /api/seller/orders -> 401 (4 ms)
2025-11-10 20:41:29.209 [34mINFO [0;39m [] [http-nio-8081-exec-1] c.b.config.logging.HttpLoggingFilter - Headers: auth=present content-type=null accept=application/json, text/plain, */*
2025-11-10 20:41:29.209 [34mINFO [0;39m [] [http-nio-8081-exec-1] c.b.config.logging.HttpLoggingFilter - Response payload: {"message":"Unauthorized"}
2025-11-10 20:41:29.209 [34mINFO [0;39m [] [http-nio-8081-exec-7] c.b.config.logging.HttpLoggingFilter - GET /api/seller/stores -> 401 (0 ms)
2025-11-10 20:41:29.211 [34mINFO [0;39m [] [http-nio-8081-exec-7] c.b.config.logging.HttpLoggingFilter - Headers: auth=present content-type=null accept=application/json, text/plain, */*
2025-11-10 20:41:35.815 [34mINFO [0;39m [] [http-nio-8081-exec-9] com.bharatshop.service.AuthService - Session lookup: token not found
2025-11-10 20:41:35.818 [34mINFO [0;39m [] [http-nio-8081-exec-9] com.bharatshop.web.CartController - Get cart: userId=guest
2025-11-10 20:41:35.818 [34mINFO [0;39m [] [http-nio-8081-exec-9] c.b.config.logging.HttpLoggingFilter - GET /store/cart -> 200 (2 ms)
2025-11-10 20:41:35.818 [34mINFO [0;39m [] [http-nio-8081-exec-9] c.b.config.logging.HttpLoggingFilter - Headers: auth=present content-type=null accept=application/json, text/plain, */*
2025-11-10 20:41:35.818 [34mINFO [0;39m [] [http-nio-8081-exec-9] c.b.config.logging.HttpLoggingFilter - Response payload: []
2025-11-10 20:41:35.825 [34mINFO [0;39m [] [http-nio-8081-exec-4] com.bharatshop.service.AuthService - Session lookup: token not found
2025-11-10 20:41:35.827 [34mINFO [0;39m [] [http-nio-8081-exec-4] com.bharatshop.web.CartController - Get cart: userId=guest
2025-11-10 20:41:35.828 [34mINFO [0;39m [] [http-nio-8081-exec-4] c.b.config.logging.HttpLoggingFilter - GET /store/cart -> 200 (2 ms)
2025-11-10 20:41:35.829 [34mINFO [0;39m [] [http-nio-8081-exec-4] c.b.config.logging.HttpLoggingFilter - Headers: auth=present content-type=null accept=application/json, text/plain, */*
2025-11-10 20:41:35.829 [34mINFO [0;39m [] [http-nio-8081-exec-4] c.b.config.logging.HttpLoggingFilter - Response payload: []
2025-11-10 20:41:35.859 [34mINFO [0;39m [] [http-nio-8081-exec-3] com.bharatshop.service.AuthService - Session lookup: token not found
2025-11-10 20:41:35.859 [34mINFO [0;39m [] [http-nio-8081-exec-10] com.bharatshop.service.AuthService - Session lookup: token not found
2025-11-10 20:41:35.861 [34mINFO [0;39m [] [http-nio-8081-exec-10] c.b.config.logging.HttpLoggingFilter - GET /api/seller/stores -> 401 (0 ms)
2025-11-10 20:41:35.863 [34mINFO [0;39m [] [http-nio-8081-exec-10] c.b.config.logging.HttpLoggingFilter - Headers: auth=present content-type=null accept=application/json, text/plain, */*
2025-11-10 20:41:35.864 [34mINFO [0;39m [] [http-nio-8081-exec-3] c.b.config.logging.HttpLoggingFilter - GET /api/seller/orders -> 401 (2 ms)
2025-11-10 20:41:35.864 [34mINFO [0;39m [] [http-nio-8081-exec-3] c.b.config.logging.HttpLoggingFilter - Headers: auth=present content-type=null accept=application/json, text/plain, */*
2025-11-10 20:41:35.864 [34mINFO [0;39m [] [http-nio-8081-exec-3] c.b.config.logging.HttpLoggingFilter - Response payload: {"message":"Unauthorized"}
2025-11-10 20:41:35.870 [34mINFO [0;39m [] [http-nio-8081-exec-2] com.bharatshop.service.AuthService - Session lookup: token not found
2025-11-10 20:41:35.870 [34mINFO [0;39m [] [http-nio-8081-exec-5] com.bharatshop.service.AuthService - Session lookup: token not found
2025-11-10 20:41:35.873 [34mINFO [0;39m [] [http-nio-8081-exec-2] c.b.config.logging.HttpLoggingFilter - GET /api/seller/orders -> 401 (3 ms)
2025-11-10 20:41:35.873 [34mINFO [0;39m [] [http-nio-8081-exec-2] c.b.config.logging.HttpLoggingFilter - Headers: auth=present content-type=null accept=application/json, text/plain, */*
2025-11-10 20:41:35.874 [34mINFO [0;39m [] [http-nio-8081-exec-2] c.b.config.logging.HttpLoggingFilter - Response payload: {"message":"Unauthorized"}
2025-11-10 20:41:35.874 [34mINFO [0;39m [] [http-nio-8081-exec-5] c.b.config.logging.HttpLoggingFilter - GET /api/seller/stores -> 401 (1 ms)
2025-11-10 20:41:35.874 [34mINFO [0;39m [] [http-nio-8081-exec-5] c.b.config.logging.HttpLoggingFilter - Headers: auth=present content-type=null accept=application/json, text/plain, */*
2025-11-10 20:41:36.661 [34mINFO [0;39m [] [http-nio-8081-exec-8] com.bharatshop.service.AuthService - Session lookup: token not found
2025-11-10 20:41:36.663 [34mINFO [0;39m [] [http-nio-8081-exec-8] com.bharatshop.web.CartController - Get cart: userId=guest
2025-11-10 20:41:36.665 [34mINFO [0;39m [] [http-nio-8081-exec-8] c.b.config.logging.HttpLoggingFilter - GET /store/cart -> 200 (3 ms)
2025-11-10 20:41:36.665 [34mINFO [0;39m [] [http-nio-8081-exec-8] c.b.config.logging.HttpLoggingFilter - Headers: auth=present content-type=null accept=application/json, text/plain, */*
2025-11-10 20:41:36.666 [34mINFO [0;39m [] [http-nio-8081-exec-8] c.b.config.logging.HttpLoggingFilter - Response payload: []
2025-11-10 20:41:36.673 [34mINFO [0;39m [] [http-nio-8081-exec-6] com.bharatshop.service.AuthService - Session lookup: token not found
2025-11-10 20:41:36.676 [34mINFO [0;39m [] [http-nio-8081-exec-6] com.bharatshop.web.CartController - Get cart: userId=guest
2025-11-10 20:41:36.678 [34mINFO [0;39m [] [http-nio-8081-exec-6] c.b.config.logging.HttpLoggingFilter - GET /store/cart -> 200 (3 ms)
2025-11-10 20:41:36.684 [34mINFO [0;39m [] [http-nio-8081-exec-6] c.b.config.logging.HttpLoggingFilter - Headers: auth=present content-type=null accept=application/json, text/plain, */*
2025-11-10 20:41:36.684 [34mINFO [0;39m [] [http-nio-8081-exec-6] c.b.config.logging.HttpLoggingFilter - Response payload: []
2025-11-10 20:41:36.717 [34mINFO [0;39m [] [http-nio-8081-exec-1] com.bharatshop.service.AuthService - Session lookup: token not found
2025-11-10 20:41:36.720 [34mINFO [0;39m [] [http-nio-8081-exec-7] com.bharatshop.service.AuthService - Session lookup: token not found
2025-11-10 20:41:36.725 [34mINFO [0;39m [] [http-nio-8081-exec-7] c.b.config.logging.HttpLoggingFilter - GET /api/seller/stores -> 401 (4 ms)
2025-11-10 20:41:36.725 [34mINFO [0;39m [] [http-nio-8081-exec-7] c.b.config.logging.HttpLoggingFilter - Headers: auth=present content-type=null accept=application/json, text/plain, */*
2025-11-10 20:41:36.725 [34mINFO [0;39m [] [http-nio-8081-exec-1] c.b.config.logging.HttpLoggingFilter - GET /api/seller/orders -> 401 (2 ms)
2025-11-10 20:41:36.727 [34mINFO [0;39m [] [http-nio-8081-exec-1] c.b.config.logging.HttpLoggingFilter - Headers: auth=present content-type=null accept=application/json, text/plain, */*
2025-11-10 20:41:36.727 [34mINFO [0;39m [] [http-nio-8081-exec-1] c.b.config.logging.HttpLoggingFilter - Response payload: {"message":"Unauthorized"}
2025-11-10 20:41:36.733 [34mINFO [0;39m [] [http-nio-8081-exec-9] com.bharatshop.service.AuthService - Session lookup: token not found
2025-11-10 20:41:36.733 [34mINFO [0;39m [] [http-nio-8081-exec-4] com.bharatshop.service.AuthService - Session lookup: token not found
2025-11-10 20:41:36.739 [34mINFO [0;39m [] [http-nio-8081-exec-9] c.b.config.logging.HttpLoggingFilter - GET /api/seller/stores -> 401 (6 ms)
2025-11-10 20:41:36.741 [34mINFO [0;39m [] [http-nio-8081-exec-9] c.b.config.logging.HttpLoggingFilter - Headers: auth=present content-type=null accept=application/json, text/plain, */*
2025-11-10 20:41:36.741 [34mINFO [0;39m [] [http-nio-8081-exec-4] c.b.config.logging.HttpLoggingFilter - GET /api/seller/orders -> 401 (3 ms)
2025-11-10 20:41:36.743 [34mINFO [0;39m [] [http-nio-8081-exec-4] c.b.config.logging.HttpLoggingFilter - Headers: auth=present content-type=null accept=application/json, text/plain, */*
2025-11-10 20:41:36.743 [34mINFO [0;39m [] [http-nio-8081-exec-4] c.b.config.logging.HttpLoggingFilter - Response payload: {"message":"Unauthorized"}
2025-11-10 20:41:42.286 [34mINFO [0;39m [] [http-nio-8081-exec-10] com.bharatshop.service.AuthService - Session lookup: token not found
2025-11-10 20:41:42.286 [34mINFO [0;39m [] [http-nio-8081-exec-10] com.bharatshop.web.CartController - Get cart: userId=guest
2025-11-10 20:41:42.290 [34mINFO [0;39m [] [http-nio-8081-exec-10] c.b.config.logging.HttpLoggingFilter - GET /store/cart -> 200 (0 ms)
2025-11-10 20:41:42.290 [34mINFO [0;39m [] [http-nio-8081-exec-10] c.b.config.logging.HttpLoggingFilter - Headers: auth=present content-type=null accept=application/json, text/plain, */*
2025-11-10 20:41:42.290 [34mINFO [0;39m [] [http-nio-8081-exec-10] c.b.config.logging.HttpLoggingFilter - Response payload: []
2025-11-10 20:41:42.294 [34mINFO [0;39m [] [http-nio-8081-exec-3] com.bharatshop.service.AuthService - Session lookup: token not found
2025-11-10 20:41:42.297 [34mINFO [0;39m [] [http-nio-8081-exec-3] com.bharatshop.web.CartController - Get cart: userId=guest
2025-11-10 20:41:42.298 [34mINFO [0;39m [] [http-nio-8081-exec-3] c.b.config.logging.HttpLoggingFilter - GET /store/cart -> 200 (1 ms)
2025-11-10 20:41:42.299 [34mINFO [0;39m [] [http-nio-8081-exec-3] c.b.config.logging.HttpLoggingFilter - Headers: auth=present content-type=null accept=application/json, text/plain, */*
2025-11-10 20:41:42.299 [34mINFO [0;39m [] [http-nio-8081-exec-3] c.b.config.logging.HttpLoggingFilter - Response payload: []
2025-11-10 20:41:42.325 [34mINFO [0;39m [] [http-nio-8081-exec-5] com.bharatshop.service.AuthService - Session lookup: token not found
2025-11-10 20:41:42.327 [34mINFO [0;39m [] [http-nio-8081-exec-5] c.b.web.StoreDiscoveryController - Discover stores: tenant=demo-store search=null category=null
2025-11-10 20:41:42.329 [34mINFO [0;39m [] [http-nio-8081-exec-5] c.b.config.logging.HttpLoggingFilter - GET /api/stores -> 200 (4 ms)
2025-11-10 20:41:42.329 [34mINFO [0;39m [] [http-nio-8081-exec-5] c.b.config.logging.HttpLoggingFilter - Headers: auth=present content-type=null accept=application/json, text/plain, */*
2025-11-10 20:41:42.329 [34mINFO [0;39m [] [http-nio-8081-exec-5] c.b.config.logging.HttpLoggingFilter - Response payload: [{"id":"5eb179de-5b3e-4d0b-9341-29b1f36053af","name":"City Pharmacy","area":"Brigade","category":"pharmacy"},{"id":"5991d938-9d2d-4805-b072-3fb6775244ce","name":"Fresh Mart","area":"MG Road","category":"grocery"},{"id":"11405c15-e838-425f-823e-f57c9b0d82f2","name":"Smoke Store","area":"Area","category":"General"},{"id":"e983c659-8d8f-423d-89d3-e50fab9d371e","name":"Sunrise Hotel","area":"Beach","category":"hospitality"},{"id":"de0d25cf-f3d9-4aa0-87ec-a97adede83fa","name":"Updated Store","area":"Updated City","category":"Updated Category"},{"id":"2eced9a2-e2ae-4678-8402-762a6dbd5de0","name":"Updated Store","area":"Updated City","category":"Updated Category"},{"id":"43e76f32-bc0b-4e3b-85a0-19f871012c0d","name":"Updated Store","area":"Updated City","category":"Updated Category"}]
2025-11-10 20:41:52.734 [34mINFO [0;39m [] [http-nio-8081-exec-8] com.bharatshop.service.AuthService - Session lookup: token not found
2025-11-10 20:41:52.734 [34mINFO [0;39m [] [http-nio-8081-exec-2] com.bharatshop.service.AuthService - Session lookup: token not found
2025-11-10 20:41:52.736 [34mINFO [0;39m [] [http-nio-8081-exec-8] c.b.config.logging.HttpLoggingFilter - GET /api/seller/stores -> 401 (1 ms)
2025-11-10 20:41:52.736 [34mINFO [0;39m [] [http-nio-8081-exec-2] c.b.config.logging.HttpLoggingFilter - GET /api/seller/orders -> 401 (1 ms)
2025-11-10 20:41:52.736 [34mINFO [0;39m [] [http-nio-8081-exec-8] c.b.config.logging.HttpLoggingFilter - Headers: auth=present content-type=null accept=application/json, text/plain, */*
2025-11-10 20:41:52.736 [34mINFO [0;39m [] [http-nio-8081-exec-2] c.b.config.logging.HttpLoggingFilter - Headers: auth=present content-type=null accept=application/json, text/plain, */*
2025-11-10 20:41:52.736 [34mINFO [0;39m [] [http-nio-8081-exec-2] c.b.config.logging.HttpLoggingFilter - Response payload: {"message":"Unauthorized"}
2025-11-10 20:41:52.742 [34mINFO [0;39m [] [http-nio-8081-exec-6] com.bharatshop.service.AuthService - Session lookup: token not found
2025-11-10 20:41:52.742 [34mINFO [0;39m [] [http-nio-8081-exec-7] com.bharatshop.service.AuthService - Session lookup: token not found
2025-11-10 20:41:52.744 [34mINFO [0;39m [] [http-nio-8081-exec-7] c.b.config.logging.HttpLoggingFilter - GET /api/seller/stores -> 401 (1 ms)
2025-11-10 20:41:52.744 [34mINFO [0;39m [] [http-nio-8081-exec-6] c.b.config.logging.HttpLoggingFilter - GET /api/seller/orders -> 401 (1 ms)
2025-11-10 20:41:52.744 [34mINFO [0;39m [] [http-nio-8081-exec-6] c.b.config.logging.HttpLoggingFilter - Headers: auth=present content-type=null accept=application/json, text/plain, */*
2025-11-10 20:41:52.744 [34mINFO [0;39m [] [http-nio-8081-exec-6] c.b.config.logging.HttpLoggingFilter - Response payload: {"message":"Unauthorized"}
2025-11-10 20:41:52.744 [34mINFO [0;39m [] [http-nio-8081-exec-7] c.b.config.logging.HttpLoggingFilter - Headers: auth=present content-type=null accept=application/json, text/plain, */*
2025-11-10 20:42:04.939 [34mINFO [0;39m [] [http-nio-8081-exec-1] com.bharatshop.web.CartController - Get cart: userId=guest
2025-11-10 20:42:04.941 [34mINFO [0;39m [] [http-nio-8081-exec-1] c.b.config.logging.HttpLoggingFilter - GET /store/cart -> 200 (3 ms)
2025-11-10 20:42:04.941 [34mINFO [0;39m [] [http-nio-8081-exec-1] c.b.config.logging.HttpLoggingFilter - Headers: auth=absent content-type=null accept=application/json, text/plain, */*
2025-11-10 20:42:04.941 [34mINFO [0;39m [] [http-nio-8081-exec-1] c.b.config.logging.HttpLoggingFilter - Response payload: []
2025-11-10 20:42:04.970 [34mINFO [0;39m [] [http-nio-8081-exec-9] com.bharatshop.web.CartController - Get cart: userId=guest
2025-11-10 20:42:04.972 [34mINFO [0;39m [] [http-nio-8081-exec-9] c.b.config.logging.HttpLoggingFilter - GET /store/cart -> 200 (3 ms)
2025-11-10 20:42:04.972 [34mINFO [0;39m [] [http-nio-8081-exec-9] c.b.config.logging.HttpLoggingFilter - Headers: auth=absent content-type=null accept=application/json, text/plain, */*
2025-11-10 20:42:04.973 [34mINFO [0;39m [] [http-nio-8081-exec-9] c.b.config.logging.HttpLoggingFilter - Response payload: []
2025-11-10 20:42:05.035 [34mINFO [0;39m [] [http-nio-8081-exec-4] c.b.web.StoreDiscoveryController - Discover stores: tenant=demo-store search=null category=null
2025-11-10 20:42:05.041 [34mINFO [0;39m [] [http-nio-8081-exec-4] c.b.config.logging.HttpLoggingFilter - GET /api/stores -> 200 (6 ms)
2025-11-10 20:42:05.041 [34mINFO [0;39m [] [http-nio-8081-exec-4] c.b.config.logging.HttpLoggingFilter - Headers: auth=absent content-type=null accept=application/json, text/plain, */*
2025-11-10 20:42:05.042 [34mINFO [0;39m [] [http-nio-8081-exec-4] c.b.config.logging.HttpLoggingFilter - Response payload: [{"id":"5eb179de-5b3e-4d0b-9341-29b1f36053af","name":"City Pharmacy","area":"Brigade","category":"pharmacy"},{"id":"5991d938-9d2d-4805-b072-3fb6775244ce","name":"Fresh Mart","area":"MG Road","category":"grocery"},{"id":"11405c15-e838-425f-823e-f57c9b0d82f2","name":"Smoke Store","area":"Area","category":"General"},{"id":"e983c659-8d8f-423d-89d3-e50fab9d371e","name":"Sunrise Hotel","area":"Beach","category":"hospitality"},{"id":"de0d25cf-f3d9-4aa0-87ec-a97adede83fa","name":"Updated Store","area":"Updated City","category":"Updated Category"},{"id":"2eced9a2-e2ae-4678-8402-762a6dbd5de0","name":"Updated Store","area":"Updated City","category":"Updated Category"},{"id":"43e76f32-bc0b-4e3b-85a0-19f871012c0d","name":"Updated Store","area":"Updated City","category":"Updated Category"}]
2025-11-10 20:42:23.258 [34mINFO [0;39m [] [http-nio-8081-exec-10] com.bharatshop.service.AuthService - Session lookup: token not found
2025-11-10 20:42:23.260 [34mINFO [0;39m [] [http-nio-8081-exec-10] com.bharatshop.web.CartController - Get cart: userId=guest
2025-11-10 20:42:23.261 [34mINFO [0;39m [] [http-nio-8081-exec-10] c.b.config.logging.HttpLoggingFilter - GET /store/cart -> 200 (1 ms)
2025-11-10 20:42:23.262 [34mINFO [0;39m [] [http-nio-8081-exec-10] c.b.config.logging.HttpLoggingFilter - Headers: auth=present content-type=null accept=application/json, text/plain, */*
2025-11-10 20:42:23.262 [34mINFO [0;39m [] [http-nio-8081-exec-10] c.b.config.logging.HttpLoggingFilter - Response payload: []
2025-11-10 20:42:23.349 [34mINFO [0;39m [] [http-nio-8081-exec-3] com.bharatshop.service.AuthService - Session lookup: token not found
2025-11-10 20:42:23.349 [34mINFO [0;39m [] [http-nio-8081-exec-3] com.bharatshop.web.CartController - Get cart: userId=guest
2025-11-10 20:42:23.351 [34mINFO [0;39m [] [http-nio-8081-exec-3] c.b.config.logging.HttpLoggingFilter - GET /store/cart -> 200 (2 ms)
2025-11-10 20:42:23.351 [34mINFO [0;39m [] [http-nio-8081-exec-3] c.b.config.logging.HttpLoggingFilter - Headers: auth=present content-type=null accept=application/json, text/plain, */*
2025-11-10 20:42:23.351 [34mINFO [0;39m [] [http-nio-8081-exec-3] c.b.config.logging.HttpLoggingFilter - Response payload: []
2025-11-10 20:42:23.423 [34mINFO [0;39m [] [http-nio-8081-exec-5] com.bharatshop.service.AuthService - Session lookup: token not found
2025-11-10 20:42:23.423 [34mINFO [0;39m [] [http-nio-8081-exec-2] com.bharatshop.service.AuthService - Session lookup: token not found
2025-11-10 20:42:23.426 [34mINFO [0;39m [] [http-nio-8081-exec-2] c.b.config.logging.HttpLoggingFilter - GET /api/seller/stores -> 401 (0 ms)
2025-11-10 20:42:23.426 [34mINFO [0;39m [] [http-nio-8081-exec-5] c.b.config.logging.HttpLoggingFilter - GET /api/seller/orders -> 401 (0 ms)
2025-11-10 20:42:23.426 [34mINFO [0;39m [] [http-nio-8081-exec-2] c.b.config.logging.HttpLoggingFilter - Headers: auth=present content-type=null accept=application/json, text/plain, */*
2025-11-10 20:42:23.426 [34mINFO [0;39m [] [http-nio-8081-exec-5] c.b.config.logging.HttpLoggingFilter - Headers: auth=present content-type=null accept=application/json, text/plain, */*
2025-11-10 20:42:23.426 [34mINFO [0;39m [] [http-nio-8081-exec-5] c.b.config.logging.HttpLoggingFilter - Response payload: {"message":"Unauthorized"}
2025-11-10 20:42:23.438 [34mINFO [0;39m [] [http-nio-8081-exec-7] com.bharatshop.service.AuthService - Session lookup: token not found
2025-11-10 20:42:23.438 [34mINFO [0;39m [] [http-nio-8081-exec-8] com.bharatshop.service.AuthService - Session lookup: token not found
2025-11-10 20:42:23.442 [34mINFO [0;39m [] [http-nio-8081-exec-8] c.b.config.logging.HttpLoggingFilter - GET /api/seller/orders -> 401 (4 ms)
2025-11-10 20:42:23.442 [34mINFO [0;39m [] [http-nio-8081-exec-7] c.b.config.logging.HttpLoggingFilter - GET /api/seller/stores -> 401 (4 ms)
2025-11-10 20:42:23.442 [34mINFO [0;39m [] [http-nio-8081-exec-7] c.b.config.logging.HttpLoggingFilter - Headers: auth=present content-type=null accept=application/json, text/plain, */*
2025-11-10 20:42:23.442 [34mINFO [0;39m [] [http-nio-8081-exec-8] c.b.config.logging.HttpLoggingFilter - Headers: auth=present content-type=null accept=application/json, text/plain, */*
2025-11-10 20:42:23.442 [34mINFO [0;39m [] [http-nio-8081-exec-8] c.b.config.logging.HttpLoggingFilter - Response payload: {"message":"Unauthorized"}
2025-11-10 20:42:24.755 [34mINFO [0;39m [] [http-nio-8081-exec-6] com.bharatshop.service.AuthService - Session lookup: token not found
2025-11-10 20:42:24.758 [34mINFO [0;39m [] [http-nio-8081-exec-6] com.bharatshop.web.CartController - Get cart: userId=guest
2025-11-10 20:42:24.760 [34mINFO [0;39m [] [http-nio-8081-exec-6] c.b.config.logging.HttpLoggingFilter - GET /store/cart -> 200 (3 ms)
2025-11-10 20:42:24.761 [34mINFO [0;39m [] [http-nio-8081-exec-6] c.b.config.logging.HttpLoggingFilter - Headers: auth=present content-type=null accept=application/json, text/plain, */*
2025-11-10 20:42:24.767 [34mINFO [0;39m [] [http-nio-8081-exec-6] c.b.config.logging.HttpLoggingFilter - Response payload: []
2025-11-10 20:42:24.782 [34mINFO [0;39m [] [http-nio-8081-exec-1] com.bharatshop.service.AuthService - Session lookup: token not found
2025-11-10 20:42:24.785 [34mINFO [0;39m [] [http-nio-8081-exec-1] com.bharatshop.web.CartController - Get cart: userId=guest
2025-11-10 20:42:24.787 [34mINFO [0;39m [] [http-nio-8081-exec-1] c.b.config.logging.HttpLoggingFilter - GET /store/cart -> 200 (4 ms)
2025-11-10 20:42:24.788 [34mINFO [0;39m [] [http-nio-8081-exec-1] c.b.config.logging.HttpLoggingFilter - Headers: auth=present content-type=null accept=application/json, text/plain, */*
2025-11-10 20:42:24.788 [34mINFO [0;39m [] [http-nio-8081-exec-1] c.b.config.logging.HttpLoggingFilter - Response payload: []
2025-11-10 20:42:24.832 [34mINFO [0;39m [] [http-nio-8081-exec-4] com.bharatshop.service.AuthService - Session lookup: token not found
2025-11-10 20:42:24.832 [34mINFO [0;39m [] [http-nio-8081-exec-9] com.bharatshop.service.AuthService - Session lookup: token not found
2025-11-10 20:42:24.834 [34mINFO [0;39m [] [http-nio-8081-exec-4] c.b.config.logging.HttpLoggingFilter - GET /api/seller/stores -> 401 (1 ms)
2025-11-10 20:42:24.835 [34mINFO [0;39m [] [http-nio-8081-exec-4] c.b.config.logging.HttpLoggingFilter - Headers: auth=present content-type=null accept=application/json, text/plain, */*
2025-11-10 20:42:24.835 [34mINFO [0;39m [] [http-nio-8081-exec-9] c.b.config.logging.HttpLoggingFilter - GET /api/seller/orders -> 401 (1 ms)
2025-11-10 20:42:24.835 [34mINFO [0;39m [] [http-nio-8081-exec-9] c.b.config.logging.HttpLoggingFilter - Headers: auth=present content-type=null accept=application/json, text/plain, */*
2025-11-10 20:42:24.835 [34mINFO [0;39m [] [http-nio-8081-exec-9] c.b.config.logging.HttpLoggingFilter - Response payload: {"message":"Unauthorized"}
2025-11-10 20:42:24.846 [34mINFO [0;39m [] [http-nio-8081-exec-10] com.bharatshop.service.AuthService - Session lookup: token not found
2025-11-10 20:42:24.846 [34mINFO [0;39m [] [http-nio-8081-exec-3] com.bharatshop.service.AuthService - Session lookup: token not found
2025-11-10 20:42:24.850 [34mINFO [0;39m [] [http-nio-8081-exec-10] c.b.config.logging.HttpLoggingFilter - GET /api/seller/stores -> 401 (1 ms)
2025-11-10 20:42:24.851 [34mINFO [0;39m [] [http-nio-8081-exec-3] c.b.config.logging.HttpLoggingFilter - GET /api/seller/orders -> 401 (2 ms)
2025-11-10 20:42:24.852 [34mINFO [0;39m [] [http-nio-8081-exec-10] c.b.config.logging.HttpLoggingFilter - Headers: auth=present content-type=null accept=application/json, text/plain, */*
2025-11-10 20:42:24.852 [34mINFO [0;39m [] [http-nio-8081-exec-3] c.b.config.logging.HttpLoggingFilter - Headers: auth=present content-type=null accept=application/json, text/plain, */*
2025-11-10 20:42:24.853 [34mINFO [0;39m [] [http-nio-8081-exec-3] c.b.config.logging.HttpLoggingFilter - Response payload: {"message":"Unauthorized"}
2025-11-10 20:42:25.591 [34mINFO [0;39m [] [http-nio-8081-exec-2] com.bharatshop.service.AuthService - Session lookup: token not found
2025-11-10 20:42:25.593 [34mINFO [0;39m [] [http-nio-8081-exec-2] com.bharatshop.web.CartController - Get cart: userId=guest
2025-11-10 20:42:25.593 [34mINFO [0;39m [] [http-nio-8081-exec-2] c.b.config.logging.HttpLoggingFilter - GET /store/cart -> 200 (1 ms)
2025-11-10 20:42:25.594 [34mINFO [0;39m [] [http-nio-8081-exec-2] c.b.config.logging.HttpLoggingFilter - Headers: auth=present content-type=null accept=application/json, text/plain, */*
2025-11-10 20:42:25.594 [34mINFO [0;39m [] [http-nio-8081-exec-2] c.b.config.logging.HttpLoggingFilter - Response payload: []
2025-11-10 20:42:25.600 [34mINFO [0;39m [] [http-nio-8081-exec-5] com.bharatshop.service.AuthService - Session lookup: token not found
2025-11-10 20:42:25.602 [34mINFO [0;39m [] [http-nio-8081-exec-5] com.bharatshop.web.CartController - Get cart: userId=guest
2025-11-10 20:42:25.603 [34mINFO [0;39m [] [http-nio-8081-exec-5] c.b.config.logging.HttpLoggingFilter - GET /store/cart -> 200 (3 ms)
2025-11-10 20:42:25.603 [34mINFO [0;39m [] [http-nio-8081-exec-5] c.b.config.logging.HttpLoggingFilter - Headers: auth=present content-type=null accept=application/json, text/plain, */*
2025-11-10 20:42:25.604 [34mINFO [0;39m [] [http-nio-8081-exec-5] c.b.config.logging.HttpLoggingFilter - Response payload: []
2025-11-10 20:42:25.641 [34mINFO [0;39m [] [http-nio-8081-exec-7] com.bharatshop.service.AuthService - Session lookup: token not found
2025-11-10 20:42:25.641 [34mINFO [0;39m [] [http-nio-8081-exec-8] com.bharatshop.service.AuthService - Session lookup: token not found
2025-11-10 20:42:25.643 [34mINFO [0;39m [] [http-nio-8081-exec-8] c.b.config.logging.HttpLoggingFilter - GET /api/seller/stores -> 401 (1 ms)
2025-11-10 20:42:25.643 [34mINFO [0;39m [] [http-nio-8081-exec-7] c.b.config.logging.HttpLoggingFilter - GET /api/seller/orders -> 401 (1 ms)
2025-11-10 20:42:25.643 [34mINFO [0;39m [] [http-nio-8081-exec-8] c.b.config.logging.HttpLoggingFilter - Headers: auth=present content-type=null accept=application/json, text/plain, */*
2025-11-10 20:42:25.643 [34mINFO [0;39m [] [http-nio-8081-exec-7] c.b.config.logging.HttpLoggingFilter - Headers: auth=present content-type=null accept=application/json, text/plain, */*
2025-11-10 20:42:25.643 [34mINFO [0;39m [] [http-nio-8081-exec-7] c.b.config.logging.HttpLoggingFilter - Response payload: {"message":"Unauthorized"}
2025-11-10 20:42:25.651 [34mINFO [0;39m [] [http-nio-8081-exec-6] com.bharatshop.service.AuthService - Session lookup: token not found
2025-11-10 20:42:25.651 [34mINFO [0;39m [] [http-nio-8081-exec-1] com.bharatshop.service.AuthService - Session lookup: token not found
2025-11-10 20:42:25.653 [34mINFO [0;39m [] [http-nio-8081-exec-1] c.b.config.logging.HttpLoggingFilter - GET /api/seller/stores -> 401 (1 ms)
2025-11-10 20:42:25.653 [34mINFO [0;39m [] [http-nio-8081-exec-6] c.b.config.logging.HttpLoggingFilter - GET /api/seller/orders -> 401 (1 ms)
2025-11-10 20:42:25.654 [34mINFO [0;39m [] [http-nio-8081-exec-1] c.b.config.logging.HttpLoggingFilter - Headers: auth=present content-type=null accept=application/json, text/plain, */*
2025-11-10 20:42:25.654 [34mINFO [0;39m [] [http-nio-8081-exec-6] c.b.config.logging.HttpLoggingFilter - Headers: auth=present content-type=null accept=application/json, text/plain, */*
2025-11-10 20:42:25.655 [34mINFO [0;39m [] [http-nio-8081-exec-6] c.b.config.logging.HttpLoggingFilter - Response payload: {"message":"Unauthorized"}
2025-11-10 20:42:26.263 [34mINFO [0;39m [] [http-nio-8081-exec-4] com.bharatshop.service.AuthService - Session lookup: token not found
2025-11-10 20:42:26.266 [34mINFO [0;39m [] [http-nio-8081-exec-4] com.bharatshop.web.CartController - Get cart: userId=guest
2025-11-10 20:42:26.266 [34mINFO [0;39m [] [http-nio-8081-exec-4] c.b.config.logging.HttpLoggingFilter - GET /store/cart -> 200 (1 ms)
2025-11-10 20:42:26.266 [34mINFO [0;39m [] [http-nio-8081-exec-4] c.b.config.logging.HttpLoggingFilter - Headers: auth=present content-type=null accept=application/json, text/plain, */*
2025-11-10 20:42:26.266 [34mINFO [0;39m [] [http-nio-8081-exec-4] c.b.config.logging.HttpLoggingFilter - Response payload: []
2025-11-10 20:42:26.275 [34mINFO [0;39m [] [http-nio-8081-exec-9] com.bharatshop.service.AuthService - Session lookup: token not found
2025-11-10 20:42:26.275 [34mINFO [0;39m [] [http-nio-8081-exec-9] com.bharatshop.web.CartController - Get cart: userId=guest
2025-11-10 20:42:26.277 [34mINFO [0;39m [] [http-nio-8081-exec-9] c.b.config.logging.HttpLoggingFilter - GET /store/cart -> 200 (2 ms)
2025-11-10 20:42:26.277 [34mINFO [0;39m [] [http-nio-8081-exec-9] c.b.config.logging.HttpLoggingFilter - Headers: auth=present content-type=null accept=application/json, text/plain, */*
2025-11-10 20:42:26.278 [34mINFO [0;39m [] [http-nio-8081-exec-9] c.b.config.logging.HttpLoggingFilter - Response payload: []
2025-11-10 20:42:26.304 [34mINFO [0;39m [] [http-nio-8081-exec-10] com.bharatshop.service.AuthService - Session lookup: token not found
2025-11-10 20:42:26.304 [34mINFO [0;39m [] [http-nio-8081-exec-3] com.bharatshop.service.AuthService - Session lookup: token not found
2025-11-10 20:42:26.305 [34mINFO [0;39m [] [http-nio-8081-exec-3] c.b.config.logging.HttpLoggingFilter - GET /api/seller/stores -> 401 (0 ms)
2025-11-10 20:42:26.305 [34mINFO [0;39m [] [http-nio-8081-exec-10] c.b.config.logging.HttpLoggingFilter - GET /api/seller/orders -> 401 (0 ms)
2025-11-10 20:42:26.305 [34mINFO [0;39m [] [http-nio-8081-exec-3] c.b.config.logging.HttpLoggingFilter - Headers: auth=present content-type=null accept=application/json, text/plain, */*
2025-11-10 20:42:26.307 [34mINFO [0;39m [] [http-nio-8081-exec-10] c.b.config.logging.HttpLoggingFilter - Headers: auth=present content-type=null accept=application/json, text/plain, */*
2025-11-10 20:42:26.307 [34mINFO [0;39m [] [http-nio-8081-exec-10] c.b.config.logging.HttpLoggingFilter - Response payload: {"message":"Unauthorized"}
2025-11-10 20:42:26.315 [34mINFO [0;39m [] [http-nio-8081-exec-2] com.bharatshop.service.AuthService - Session lookup: token not found
2025-11-10 20:42:26.315 [34mINFO [0;39m [] [http-nio-8081-exec-5] com.bharatshop.service.AuthService - Session lookup: token not found
2025-11-10 20:42:26.316 [34mINFO [0;39m [] [http-nio-8081-exec-2] c.b.config.logging.HttpLoggingFilter - GET /api/seller/stores -> 401 (0 ms)
2025-11-10 20:42:26.317 [34mINFO [0;39m [] [http-nio-8081-exec-2] c.b.config.logging.HttpLoggingFilter - Headers: auth=present content-type=null accept=application/json, text/plain, */*
2025-11-10 20:42:26.317 [34mINFO [0;39m [] [http-nio-8081-exec-5] c.b.config.logging.HttpLoggingFilter - GET /api/seller/orders -> 401 (1 ms)
2025-11-10 20:42:26.317 [34mINFO [0;39m [] [http-nio-8081-exec-5] c.b.config.logging.HttpLoggingFilter - Headers: auth=present content-type=null accept=application/json, text/plain, */*
2025-11-10 20:42:26.317 [34mINFO [0;39m [] [http-nio-8081-exec-5] c.b.config.logging.HttpLoggingFilter - Response payload: {"message":"Unauthorized"}
2025-11-10 20:42:27.154 [34mINFO [0;39m [] [http-nio-8081-exec-8] com.bharatshop.service.AuthService - Session lookup: token not found
2025-11-10 20:42:27.156 [34mINFO [0;39m [] [http-nio-8081-exec-8] com.bharatshop.web.CartController - Get cart: userId=guest
2025-11-10 20:42:27.158 [34mINFO [0;39m [] [http-nio-8081-exec-8] c.b.config.logging.HttpLoggingFilter - GET /store/cart -> 200 (4 ms)
2025-11-10 20:42:27.158 [34mINFO [0;39m [] [http-nio-8081-exec-8] c.b.config.logging.HttpLoggingFilter - Headers: auth=present content-type=null accept=application/json, text/plain, */*
2025-11-10 20:42:27.158 [34mINFO [0;39m [] [http-nio-8081-exec-8] c.b.config.logging.HttpLoggingFilter - Response payload: []
2025-11-10 20:42:27.165 [34mINFO [0;39m [] [http-nio-8081-exec-7] com.bharatshop.service.AuthService - Session lookup: token not found
2025-11-10 20:42:27.167 [34mINFO [0;39m [] [http-nio-8081-exec-7] com.bharatshop.web.CartController - Get cart: userId=guest
2025-11-10 20:42:27.170 [34mINFO [0;39m [] [http-nio-8081-exec-7] c.b.config.logging.HttpLoggingFilter - GET /store/cart -> 200 (4 ms)
2025-11-10 20:42:27.171 [34mINFO [0;39m [] [http-nio-8081-exec-7] c.b.config.logging.HttpLoggingFilter - Headers: auth=present content-type=null accept=application/json, text/plain, */*
2025-11-10 20:42:27.172 [34mINFO [0;39m [] [http-nio-8081-exec-7] c.b.config.logging.HttpLoggingFilter - Response payload: []
2025-11-10 20:42:27.313 [34mINFO [0;39m [] [http-nio-8081-exec-1] com.bharatshop.service.AuthService - Session lookup: token not found
2025-11-10 20:42:27.318 [34mINFO [0;39m [] [http-nio-8081-exec-6] com.bharatshop.service.AuthService - Session lookup: token not found
2025-11-10 20:42:27.321 [34mINFO [0;39m [] [http-nio-8081-exec-1] c.b.config.logging.HttpLoggingFilter - GET /api/seller/orders -> 401 (5 ms)
2025-11-10 20:42:27.323 [34mINFO [0;39m [] [http-nio-8081-exec-6] c.b.config.logging.HttpLoggingFilter - GET /api/seller/stores -> 401 (0 ms)
2025-11-10 20:42:27.325 [34mINFO [0;39m [] [http-nio-8081-exec-1] c.b.config.logging.HttpLoggingFilter - Headers: auth=present content-type=null accept=application/json, text/plain, */*
2025-11-10 20:42:27.325 [34mINFO [0;39m [] [http-nio-8081-exec-6] c.b.config.logging.HttpLoggingFilter - Headers: auth=present content-type=null accept=application/json, text/plain, */*
2025-11-10 20:42:27.325 [34mINFO [0;39m [] [http-nio-8081-exec-1] c.b.config.logging.HttpLoggingFilter - Response payload: {"message":"Unauthorized"}
2025-11-10 20:42:27.330 [34mINFO [0;39m [] [http-nio-8081-exec-4] com.bharatshop.service.AuthService - Session lookup: token not found
2025-11-10 20:42:27.332 [34mINFO [0;39m [] [http-nio-8081-exec-9] com.bharatshop.service.AuthService - Session lookup: token not found
2025-11-10 20:42:27.335 [34mINFO [0;39m [] [http-nio-8081-exec-4] c.b.config.logging.HttpLoggingFilter - GET /api/seller/stores -> 401 (1 ms)
2025-11-10 20:42:27.335 [34mINFO [0;39m [] [http-nio-8081-exec-4] c.b.config.logging.HttpLoggingFilter - Headers: auth=present content-type=null accept=application/json, text/plain, */*
2025-11-10 20:42:27.337 [34mINFO [0;39m [] [http-nio-8081-exec-9] c.b.config.logging.HttpLoggingFilter - GET /api/seller/orders -> 401 (3 ms)
2025-11-10 20:42:27.337 [34mINFO [0;39m [] [http-nio-8081-exec-9] c.b.config.logging.HttpLoggingFilter - Headers: auth=present content-type=null accept=application/json, text/plain, */*
2025-11-10 20:42:27.337 [34mINFO [0;39m [] [http-nio-8081-exec-9] c.b.config.logging.HttpLoggingFilter - Response payload: {"message":"Unauthorized"}
2025-11-10 20:42:28.496 [34mINFO [0;39m [] [http-nio-8081-exec-3] com.bharatshop.service.AuthService - Session lookup: token not found
2025-11-10 20:42:28.497 [34mINFO [0;39m [] [http-nio-8081-exec-3] com.bharatshop.web.CartController - Get cart: userId=guest
2025-11-10 20:42:28.499 [34mINFO [0;39m [] [http-nio-8081-exec-3] c.b.config.logging.HttpLoggingFilter - GET /store/cart -> 200 (2 ms)
2025-11-10 20:42:28.499 [34mINFO [0;39m [] [http-nio-8081-exec-3] c.b.config.logging.HttpLoggingFilter - Headers: auth=present content-type=null accept=application/json, text/plain, */*
2025-11-10 20:42:28.499 [34mINFO [0;39m [] [http-nio-8081-exec-3] c.b.config.logging.HttpLoggingFilter - Response payload: []
2025-11-10 20:42:28.508 [34mINFO [0;39m [] [http-nio-8081-exec-10] com.bharatshop.service.AuthService - Session lookup: token not found
2025-11-10 20:42:28.508 [34mINFO [0;39m [] [http-nio-8081-exec-10] com.bharatshop.web.CartController - Get cart: userId=guest
2025-11-10 20:42:28.511 [34mINFO [0;39m [] [http-nio-8081-exec-10] c.b.config.logging.HttpLoggingFilter - GET /store/cart -> 200 (3 ms)
2025-11-10 20:42:28.511 [34mINFO [0;39m [] [http-nio-8081-exec-10] c.b.config.logging.HttpLoggingFilter - Headers: auth=present content-type=null accept=application/json, text/plain, */*
2025-11-10 20:42:28.511 [34mINFO [0;39m [] [http-nio-8081-exec-10] c.b.config.logging.HttpLoggingFilter - Response payload: []
2025-11-10 20:42:28.553 [34mINFO [0;39m [] [http-nio-8081-exec-5] com.bharatshop.service.AuthService - Session lookup: token not found
2025-11-10 20:42:28.553 [34mINFO [0;39m [] [http-nio-8081-exec-2] com.bharatshop.service.AuthService - Session lookup: token not found
2025-11-10 20:42:28.557 [34mINFO [0;39m [] [http-nio-8081-exec-5] c.b.config.logging.HttpLoggingFilter - GET /api/seller/stores -> 401 (0 ms)
2025-11-10 20:42:28.557 [34mINFO [0;39m [] [http-nio-8081-exec-2] c.b.config.logging.HttpLoggingFilter - GET /api/seller/orders -> 401 (0 ms)
2025-11-10 20:42:28.557 [34mINFO [0;39m [] [http-nio-8081-exec-5] c.b.config.logging.HttpLoggingFilter - Headers: auth=present content-type=null accept=application/json, text/plain, */*
2025-11-10 20:42:28.557 [34mINFO [0;39m [] [http-nio-8081-exec-2] c.b.config.logging.HttpLoggingFilter - Headers: auth=present content-type=null accept=application/json, text/plain, */*
2025-11-10 20:42:28.557 [34mINFO [0;39m [] [http-nio-8081-exec-2] c.b.config.logging.HttpLoggingFilter - Response payload: {"message":"Unauthorized"}
2025-11-10 20:42:28.566 [34mINFO [0;39m [] [http-nio-8081-exec-8] com.bharatshop.service.AuthService - Session lookup: token not found
2025-11-10 20:42:28.566 [34mINFO [0;39m [] [http-nio-8081-exec-7] com.bharatshop.service.AuthService - Session lookup: token not found
2025-11-10 20:42:28.566 [34mINFO [0;39m [] [http-nio-8081-exec-8] c.b.config.logging.HttpLoggingFilter - GET /api/seller/stores -> 401 (0 ms)
2025-11-10 20:42:28.566 [34mINFO [0;39m [] [http-nio-8081-exec-8] c.b.config.logging.HttpLoggingFilter - Headers: auth=present content-type=null accept=application/json, text/plain, */*
2025-11-10 20:42:28.566 [34mINFO [0;39m [] [http-nio-8081-exec-7] c.b.config.logging.HttpLoggingFilter - GET /api/seller/orders -> 401 (0 ms)
2025-11-10 20:42:28.566 [34mINFO [0;39m [] [http-nio-8081-exec-7] c.b.config.logging.HttpLoggingFilter - Headers: auth=present content-type=null accept=application/json, text/plain, */*
2025-11-10 20:42:28.566 [34mINFO [0;39m [] [http-nio-8081-exec-7] c.b.config.logging.HttpLoggingFilter - Response payload: {"message":"Unauthorized"}
2025-11-10 20:42:37.697 [34mINFO [0;39m [] [http-nio-8081-exec-6] com.bharatshop.service.AuthService - Session lookup: token not found
2025-11-10 20:42:37.699 [34mINFO [0;39m [] [http-nio-8081-exec-6] com.bharatshop.web.CartController - Get cart: userId=guest
2025-11-10 20:42:37.701 [34mINFO [0;39m [] [http-nio-8081-exec-6] c.b.config.logging.HttpLoggingFilter - GET /store/cart -> 200 (3 ms)
2025-11-10 20:42:37.701 [34mINFO [0;39m [] [http-nio-8081-exec-6] c.b.config.logging.HttpLoggingFilter - Headers: auth=present content-type=null accept=application/json, text/plain, */*
2025-11-10 20:42:37.701 [34mINFO [0;39m [] [http-nio-8081-exec-6] c.b.config.logging.HttpLoggingFilter - Response payload: []
2025-11-10 20:42:37.707 [34mINFO [0;39m [] [http-nio-8081-exec-1] com.bharatshop.service.AuthService - Session lookup: token not found
2025-11-10 20:42:37.710 [34mINFO [0;39m [] [http-nio-8081-exec-1] com.bharatshop.web.CartController - Get cart: userId=guest
2025-11-10 20:42:37.712 [34mINFO [0;39m [] [http-nio-8081-exec-1] c.b.config.logging.HttpLoggingFilter - GET /store/cart -> 200 (3 ms)
2025-11-10 20:42:37.712 [34mINFO [0;39m [] [http-nio-8081-exec-1] c.b.config.logging.HttpLoggingFilter - Headers: auth=present content-type=null accept=application/json, text/plain, */*
2025-11-10 20:42:37.712 [34mINFO [0;39m [] [http-nio-8081-exec-1] c.b.config.logging.HttpLoggingFilter - Response payload: []
2025-11-10 20:42:37.749 [34mINFO [0;39m [] [http-nio-8081-exec-4] com.bharatshop.service.AuthService - Session lookup: token not found
2025-11-10 20:42:37.751 [34mINFO [0;39m [] [http-nio-8081-exec-4] c.b.web.StoreDiscoveryController - Discover stores: tenant=demo-store search=null category=null
2025-11-10 20:42:37.751 [34mINFO [0;39m [] [http-nio-8081-exec-4] c.b.config.logging.HttpLoggingFilter - GET /api/stores -> 200 (2 ms)
2025-11-10 20:42:37.751 [34mINFO [0;39m [] [http-nio-8081-exec-4] c.b.config.logging.HttpLoggingFilter - Headers: auth=present content-type=null accept=application/json, text/plain, */*
2025-11-10 20:42:37.751 [34mINFO [0;39m [] [http-nio-8081-exec-4] c.b.config.logging.HttpLoggingFilter - Response payload: [{"id":"5eb179de-5b3e-4d0b-9341-29b1f36053af","name":"City Pharmacy","area":"Brigade","category":"pharmacy"},{"id":"5991d938-9d2d-4805-b072-3fb6775244ce","name":"Fresh Mart","area":"MG Road","category":"grocery"},{"id":"11405c15-e838-425f-823e-f57c9b0d82f2","name":"Smoke Store","area":"Area","category":"General"},{"id":"e983c659-8d8f-423d-89d3-e50fab9d371e","name":"Sunrise Hotel","area":"Beach","category":"hospitality"},{"id":"de0d25cf-f3d9-4aa0-87ec-a97adede83fa","name":"Updated Store","area":"Updated City","category":"Updated Category"},{"id":"2eced9a2-e2ae-4678-8402-762a6dbd5de0","name":"Updated Store","area":"Updated City","category":"Updated Category"},{"id":"43e76f32-bc0b-4e3b-85a0-19f871012c0d","name":"Updated Store","area":"Updated City","category":"Updated Category"}]
2025-11-10 20:42:41.574 [34mINFO [0;39m [] [http-nio-8081-exec-9] com.bharatshop.web.CartController - Get cart: userId=guest
2025-11-10 20:42:41.576 [34mINFO [0;39m [] [http-nio-8081-exec-9] c.b.config.logging.HttpLoggingFilter - GET /store/cart -> 200 (5 ms)
2025-11-10 20:42:41.576 [34mINFO [0;39m [] [http-nio-8081-exec-9] c.b.config.logging.HttpLoggingFilter - Headers: auth=absent content-type=null accept=application/json, text/plain, */*
2025-11-10 20:42:41.576 [34mINFO [0;39m [] [http-nio-8081-exec-9] c.b.config.logging.HttpLoggingFilter - Response payload: []
2025-11-10 20:42:41.583 [34mINFO [0;39m [] [http-nio-8081-exec-3] com.bharatshop.web.CartController - Get cart: userId=guest
2025-11-10 20:42:41.584 [34mINFO [0;39m [] [http-nio-8081-exec-3] c.b.config.logging.HttpLoggingFilter - GET /store/cart -> 200 (3 ms)
2025-11-10 20:42:41.584 [34mINFO [0;39m [] [http-nio-8081-exec-3] c.b.config.logging.HttpLoggingFilter - Headers: auth=absent content-type=null accept=application/json, text/plain, */*
2025-11-10 20:42:41.585 [34mINFO [0;39m [] [http-nio-8081-exec-3] c.b.config.logging.HttpLoggingFilter - Response payload: []
2025-11-10 20:42:41.655 [34mINFO [0;39m [] [http-nio-8081-exec-10] c.b.web.StoreDiscoveryController - Discover stores: tenant=demo-store search=null category=null
2025-11-10 20:42:41.660 [34mINFO [0;39m [] [http-nio-8081-exec-10] c.b.config.logging.HttpLoggingFilter - GET /api/stores -> 200 (8 ms)
2025-11-10 20:42:41.662 [34mINFO [0;39m [] [http-nio-8081-exec-10] c.b.config.logging.HttpLoggingFilter - Headers: auth=absent content-type=null accept=application/json, text/plain, */*
2025-11-10 20:42:41.662 [34mINFO [0;39m [] [http-nio-8081-exec-10] c.b.config.logging.HttpLoggingFilter - Response payload: [{"id":"5eb179de-5b3e-4d0b-9341-29b1f36053af","name":"City Pharmacy","area":"Brigade","category":"pharmacy"},{"id":"5991d938-9d2d-4805-b072-3fb6775244ce","name":"Fresh Mart","area":"MG Road","category":"grocery"},{"id":"11405c15-e838-425f-823e-f57c9b0d82f2","name":"Smoke Store","area":"Area","category":"General"},{"id":"e983c659-8d8f-423d-89d3-e50fab9d371e","name":"Sunrise Hotel","area":"Beach","category":"hospitality"},{"id":"de0d25cf-f3d9-4aa0-87ec-a97adede83fa","name":"Updated Store","area":"Updated City","category":"Updated Category"},{"id":"2eced9a2-e2ae-4678-8402-762a6dbd5de0","name":"Updated Store","area":"Updated City","category":"Updated Category"},{"id":"43e76f32-bc0b-4e3b-85a0-19f871012c0d","name":"Updated Store","area":"Updated City","category":"Updated Category"}]
2025-11-10 20:42:45.038 [34mINFO [0;39m [] [http-nio-8081-exec-5] com.bharatshop.service.AuthService - Session lookup: token not found
2025-11-10 20:42:45.038 [34mINFO [0;39m [] [http-nio-8081-exec-2] com.bharatshop.service.AuthService - Session lookup: token not found
2025-11-10 20:42:45.040 [34mINFO [0;39m [] [http-nio-8081-exec-5] c.b.config.logging.HttpLoggingFilter - GET /api/seller/orders -> 401 (1 ms)
2025-11-10 20:42:45.040 [34mINFO [0;39m [] [http-nio-8081-exec-2] c.b.config.logging.HttpLoggingFilter - GET /api/seller/stores -> 401 (1 ms)
2025-11-10 20:42:45.041 [34mINFO [0;39m [] [http-nio-8081-exec-5] c.b.config.logging.HttpLoggingFilter - Headers: auth=present content-type=null accept=application/json, text/plain, */*
2025-11-10 20:42:45.041 [34mINFO [0;39m [] [http-nio-8081-exec-2] c.b.config.logging.HttpLoggingFilter - Headers: auth=present content-type=null accept=application/json, text/plain, */*
2025-11-10 20:42:45.041 [34mINFO [0;39m [] [http-nio-8081-exec-5] c.b.config.logging.HttpLoggingFilter - Response payload: {"message":"Unauthorized"}
2025-11-10 20:42:45.050 [34mINFO [0;39m [] [http-nio-8081-exec-7] com.bharatshop.service.AuthService - Session lookup: token not found
2025-11-10 20:42:45.050 [34mINFO [0;39m [] [http-nio-8081-exec-8] com.bharatshop.service.AuthService - Session lookup: token not found
2025-11-10 20:42:45.052 [34mINFO [0;39m [] [http-nio-8081-exec-8] c.b.config.logging.HttpLoggingFilter - GET /api/seller/stores -> 401 (1 ms)
2025-11-10 20:42:45.052 [34mINFO [0;39m [] [http-nio-8081-exec-7] c.b.config.logging.HttpLoggingFilter - GET /api/seller/orders -> 401 (1 ms)
2025-11-10 20:42:45.053 [34mINFO [0;39m [] [http-nio-8081-exec-8] c.b.config.logging.HttpLoggingFilter - Headers: auth=present content-type=null accept=application/json, text/plain, */*
2025-11-10 20:42:45.053 [34mINFO [0;39m [] [http-nio-8081-exec-7] c.b.config.logging.HttpLoggingFilter - Headers: auth=present content-type=null accept=application/json, text/plain, */*
2025-11-10 20:42:45.053 [34mINFO [0;39m [] [http-nio-8081-exec-7] c.b.config.logging.HttpLoggingFilter - Response payload: {"message":"Unauthorized"}
2025-11-10 20:42:46.428 [34mINFO [0;39m [] [http-nio-8081-exec-6] com.bharatshop.service.AuthService - Session lookup: token not found
2025-11-10 20:42:46.431 [34mINFO [0;39m [] [http-nio-8081-exec-6] com.bharatshop.web.CartController - Get cart: userId=guest
2025-11-10 20:42:46.433 [34mINFO [0;39m [] [http-nio-8081-exec-6] c.b.config.logging.HttpLoggingFilter - GET /store/cart -> 200 (3 ms)
2025-11-10 20:42:46.433 [34mINFO [0;39m [] [http-nio-8081-exec-6] c.b.config.logging.HttpLoggingFilter - Headers: auth=present content-type=null accept=application/json, text/plain, */*
2025-11-10 20:42:46.438 [34mINFO [0;39m [] [http-nio-8081-exec-6] c.b.config.logging.HttpLoggingFilter - Response payload: []
2025-11-10 20:42:46.444 [34mINFO [0;39m [] [http-nio-8081-exec-1] com.bharatshop.service.AuthService - Session lookup: token not found
2025-11-10 20:42:46.446 [34mINFO [0;39m [] [http-nio-8081-exec-1] com.bharatshop.web.CartController - Get cart: userId=guest
2025-11-10 20:42:46.448 [34mINFO [0;39m [] [http-nio-8081-exec-1] c.b.config.logging.HttpLoggingFilter - GET /store/cart -> 200 (3 ms)
2025-11-10 20:42:46.448 [34mINFO [0;39m [] [http-nio-8081-exec-1] c.b.config.logging.HttpLoggingFilter - Headers: auth=present content-type=null accept=application/json, text/plain, */*
2025-11-10 20:42:46.448 [34mINFO [0;39m [] [http-nio-8081-exec-1] c.b.config.logging.HttpLoggingFilter - Response payload: []
2025-11-10 20:42:46.488 [34mINFO [0;39m [] [http-nio-8081-exec-4] com.bharatshop.service.AuthService - Session lookup: token not found
2025-11-10 20:42:46.488 [34mINFO [0;39m [] [http-nio-8081-exec-9] com.bharatshop.service.AuthService - Session lookup: token not found
2025-11-10 20:42:46.490 [34mINFO [0;39m [] [http-nio-8081-exec-9] c.b.config.logging.HttpLoggingFilter - GET /api/seller/stores -> 401 (1 ms)
2025-11-10 20:42:46.491 [34mINFO [0;39m [] [http-nio-8081-exec-4] c.b.config.logging.HttpLoggingFilter - GET /api/seller/orders -> 401 (2 ms)
2025-11-10 20:42:46.491 [34mINFO [0;39m [] [http-nio-8081-exec-9] c.b.config.logging.HttpLoggingFilter - Headers: auth=present content-type=null accept=application/json, text/plain, */*
2025-11-10 20:42:46.491 [34mINFO [0;39m [] [http-nio-8081-exec-4] c.b.config.logging.HttpLoggingFilter - Headers: auth=present content-type=null accept=application/json, text/plain, */*
2025-11-10 20:42:46.491 [34mINFO [0;39m [] [http-nio-8081-exec-4] c.b.config.logging.HttpLoggingFilter - Response payload: {"message":"Unauthorized"}
2025-11-10 20:42:46.498 [34mINFO [0;39m [] [http-nio-8081-exec-3] com.bharatshop.service.AuthService - Session lookup: token not found
2025-11-10 20:42:46.498 [34mINFO [0;39m [] [http-nio-8081-exec-10] com.bharatshop.service.AuthService - Session lookup: token not found
2025-11-10 20:42:46.500 [34mINFO [0;39m [] [http-nio-8081-exec-3] c.b.config.logging.HttpLoggingFilter - GET /api/seller/stores -> 401 (2 ms)
2025-11-10 20:42:46.500 [34mINFO [0;39m [] [http-nio-8081-exec-3] c.b.config.logging.HttpLoggingFilter - Headers: auth=present content-type=null accept=application/json, text/plain, */*
2025-11-10 20:42:46.501 [34mINFO [0;39m [] [http-nio-8081-exec-10] c.b.config.logging.HttpLoggingFilter - GET /api/seller/orders -> 401 (1 ms)
2025-11-10 20:42:46.501 [34mINFO [0;39m [] [http-nio-8081-exec-10] c.b.config.logging.HttpLoggingFilter - Headers: auth=present content-type=null accept=application/json, text/plain, */*
2025-11-10 20:42:46.501 [34mINFO [0;39m [] [http-nio-8081-exec-10] c.b.config.logging.HttpLoggingFilter - Response payload: {"message":"Unauthorized"}
2025-11-10 20:43:01.737 [34mINFO [0;39m [] [http-nio-8081-exec-2] com.bharatshop.service.AuthService - Session lookup: token not found
2025-11-10 20:43:01.739 [34mINFO [0;39m [] [http-nio-8081-exec-2] com.bharatshop.web.CartController - Get cart: userId=guest
2025-11-10 20:43:01.740 [34mINFO [0;39m [] [http-nio-8081-exec-2] c.b.config.logging.HttpLoggingFilter - GET /store/cart -> 200 (1 ms)
2025-11-10 20:43:01.740 [34mINFO [0;39m [] [http-nio-8081-exec-2] c.b.config.logging.HttpLoggingFilter - Headers: auth=present content-type=null accept=application/json, text/plain, */*
2025-11-10 20:43:01.740 [34mINFO [0;39m [] [http-nio-8081-exec-2] c.b.config.logging.HttpLoggingFilter - Response payload: []
2025-11-10 20:43:01.746 [34mINFO [0;39m [] [http-nio-8081-exec-5] com.bharatshop.service.AuthService - Session lookup: token not found
2025-11-10 20:43:01.748 [34mINFO [0;39m [] [http-nio-8081-exec-5] com.bharatshop.web.CartController - Get cart: userId=guest
2025-11-10 20:43:01.749 [34mINFO [0;39m [] [http-nio-8081-exec-5] c.b.config.logging.HttpLoggingFilter - GET /store/cart -> 200 (2 ms)
2025-11-10 20:43:01.749 [34mINFO [0;39m [] [http-nio-8081-exec-5] c.b.config.logging.HttpLoggingFilter - Headers: auth=present content-type=null accept=application/json, text/plain, */*
2025-11-10 20:43:01.749 [34mINFO [0;39m [] [http-nio-8081-exec-5] c.b.config.logging.HttpLoggingFilter - Response payload: []
2025-11-10 20:43:01.782 [34mINFO [0;39m [] [http-nio-8081-exec-7] com.bharatshop.service.AuthService - Session lookup: token not found
2025-11-10 20:43:01.782 [34mINFO [0;39m [] [http-nio-8081-exec-8] com.bharatshop.service.AuthService - Session lookup: token not found
2025-11-10 20:43:01.785 [34mINFO [0;39m [] [http-nio-8081-exec-7] c.b.config.logging.HttpLoggingFilter - GET /api/seller/stores -> 401 (2 ms)
2025-11-10 20:43:01.785 [34mINFO [0;39m [] [http-nio-8081-exec-8] c.b.config.logging.HttpLoggingFilter - GET /api/seller/orders -> 401 (2 ms)
2025-11-10 20:43:01.785 [34mINFO [0;39m [] [http-nio-8081-exec-7] c.b.config.logging.HttpLoggingFilter - Headers: auth=present content-type=null accept=application/json, text/plain, */*
2025-11-10 20:43:01.786 [34mINFO [0;39m [] [http-nio-8081-exec-8] c.b.config.logging.HttpLoggingFilter - Headers: auth=present content-type=null accept=application/json, text/plain, */*
2025-11-10 20:43:01.786 [34mINFO [0;39m [] [http-nio-8081-exec-8] c.b.config.logging.HttpLoggingFilter - Response payload: {"message":"Unauthorized"}
2025-11-10 20:43:01.793 [34mINFO [0;39m [] [http-nio-8081-exec-1] com.bharatshop.service.AuthService - Session lookup: token not found
2025-11-10 20:43:01.793 [34mINFO [0;39m [] [http-nio-8081-exec-6] com.bharatshop.service.AuthService - Session lookup: token not found
2025-11-10 20:43:01.796 [34mINFO [0;39m [] [http-nio-8081-exec-6] c.b.config.logging.HttpLoggingFilter - GET /api/seller/orders -> 401 (2 ms)
2025-11-10 20:43:01.796 [34mINFO [0;39m [] [http-nio-8081-exec-1] c.b.config.logging.HttpLoggingFilter - GET /api/seller/stores -> 401 (2 ms)
2025-11-10 20:43:01.796 [34mINFO [0;39m [] [http-nio-8081-exec-6] c.b.config.logging.HttpLoggingFilter - Headers: auth=present content-type=null accept=application/json, text/plain, */*
2025-11-10 20:43:01.796 [34mINFO [0;39m [] [http-nio-8081-exec-1] c.b.config.logging.HttpLoggingFilter - Headers: auth=present content-type=null accept=application/json, text/plain, */*
2025-11-10 20:43:01.797 [34mINFO [0;39m [] [http-nio-8081-exec-6] c.b.config.logging.HttpLoggingFilter - Response payload: {"message":"Unauthorized"}
2025-11-10 20:43:02.582 [34mINFO [0;39m [] [http-nio-8081-exec-9] com.bharatshop.service.AuthService - Session lookup: token not found
2025-11-10 20:43:02.584 [34mINFO [0;39m [] [http-nio-8081-exec-9] com.bharatshop.web.CartController - Get cart: userId=guest
2025-11-10 20:43:02.584 [34mINFO [0;39m [] [http-nio-8081-exec-9] c.b.config.logging.HttpLoggingFilter - GET /store/cart -> 200 (2 ms)
2025-11-10 20:43:02.585 [34mINFO [0;39m [] [http-nio-8081-exec-9] c.b.config.logging.HttpLoggingFilter - Headers: auth=present content-type=null accept=application/json, text/plain, */*
2025-11-10 20:43:02.585 [34mINFO [0;39m [] [http-nio-8081-exec-9] c.b.config.logging.HttpLoggingFilter - Response payload: []
2025-11-10 20:43:02.586 [34mINFO [0;39m [] [http-nio-8081-exec-4] com.bharatshop.service.AuthService - Session lookup: token not found
2025-11-10 20:43:02.586 [34mINFO [0;39m [] [http-nio-8081-exec-4] com.bharatshop.web.CartController - Get cart: userId=guest
2025-11-10 20:43:02.591 [34mINFO [0;39m [] [http-nio-8081-exec-4] c.b.config.logging.HttpLoggingFilter - GET /store/cart -> 200 (5 ms)
2025-11-10 20:43:02.591 [34mINFO [0;39m [] [http-nio-8081-exec-4] c.b.config.logging.HttpLoggingFilter - Headers: auth=present content-type=null accept=application/json, text/plain, */*
2025-11-10 20:43:02.591 [34mINFO [0;39m [] [http-nio-8081-exec-4] c.b.config.logging.HttpLoggingFilter - Response payload: []
2025-11-10 20:43:02.620 [34mINFO [0;39m [] [http-nio-8081-exec-3] com.bharatshop.service.AuthService - Session lookup: token not found
2025-11-10 20:43:02.620 [34mINFO [0;39m [] [http-nio-8081-exec-10] com.bharatshop.service.AuthService - Session lookup: token not found
2025-11-10 20:43:02.621 [34mINFO [0;39m [] [http-nio-8081-exec-10] c.b.config.logging.HttpLoggingFilter - GET /api/seller/stores -> 401 (0 ms)
2025-11-10 20:43:02.621 [34mINFO [0;39m [] [http-nio-8081-exec-3] c.b.config.logging.HttpLoggingFilter - GET /api/seller/orders -> 401 (0 ms)
2025-11-10 20:43:02.621 [34mINFO [0;39m [] [http-nio-8081-exec-10] c.b.config.logging.HttpLoggingFilter - Headers: auth=present content-type=null accept=application/json, text/plain, */*
2025-11-10 20:43:02.621 [34mINFO [0;39m [] [http-nio-8081-exec-3] c.b.config.logging.HttpLoggingFilter - Headers: auth=present content-type=null accept=application/json, text/plain, */*
2025-11-10 20:43:02.621 [34mINFO [0;39m [] [http-nio-8081-exec-3] c.b.config.logging.HttpLoggingFilter - Response payload: {"message":"Unauthorized"}
2025-11-10 20:43:02.627 [34mINFO [0;39m [] [http-nio-8081-exec-5] com.bharatshop.service.AuthService - Session lookup: token not found
2025-11-10 20:43:02.627 [34mINFO [0;39m [] [http-nio-8081-exec-2] com.bharatshop.service.AuthService - Session lookup: token not found
2025-11-10 20:43:02.629 [34mINFO [0;39m [] [http-nio-8081-exec-5] c.b.config.logging.HttpLoggingFilter - GET /api/seller/stores -> 401 (1 ms)
2025-11-10 20:43:02.629 [34mINFO [0;39m [] [http-nio-8081-exec-2] c.b.config.logging.HttpLoggingFilter - GET /api/seller/orders -> 401 (1 ms)
2025-11-10 20:43:02.630 [34mINFO [0;39m [] [http-nio-8081-exec-5] c.b.config.logging.HttpLoggingFilter - Headers: auth=present content-type=null accept=application/json, text/plain, */*
2025-11-10 20:43:02.630 [34mINFO [0;39m [] [http-nio-8081-exec-2] c.b.config.logging.HttpLoggingFilter - Headers: auth=present content-type=null accept=application/json, text/plain, */*
2025-11-10 20:43:02.630 [34mINFO [0;39m [] [http-nio-8081-exec-2] c.b.config.logging.HttpLoggingFilter - Response payload: {"message":"Unauthorized"}
2025-11-10 20:43:53.773 [34mINFO [0;39m [] [http-nio-8081-exec-8] com.bharatshop.service.AuthService - Session lookup: token not found
2025-11-10 20:43:53.774 [34mINFO [0;39m [] [http-nio-8081-exec-8] com.bharatshop.web.CartController - Get cart: userId=guest
2025-11-10 20:43:53.774 [34mINFO [0;39m [] [http-nio-8081-exec-8] c.b.config.logging.HttpLoggingFilter - GET /store/cart -> 200 (0 ms)
2025-11-10 20:43:53.774 [34mINFO [0;39m [] [http-nio-8081-exec-8] c.b.config.logging.HttpLoggingFilter - Headers: auth=present content-type=null accept=application/json, text/plain, */*
2025-11-10 20:43:53.774 [34mINFO [0;39m [] [http-nio-8081-exec-8] c.b.config.logging.HttpLoggingFilter - Response payload: []
2025-11-10 20:43:53.796 [34mINFO [0;39m [] [http-nio-8081-exec-7] com.bharatshop.service.AuthService - Session lookup: token not found
2025-11-10 20:43:53.796 [34mINFO [0;39m [] [http-nio-8081-exec-7] com.bharatshop.web.CartController - Get cart: userId=guest
2025-11-10 20:43:53.797 [34mINFO [0;39m [] [http-nio-8081-exec-7] c.b.config.logging.HttpLoggingFilter - GET /store/cart -> 200 (1 ms)
2025-11-10 20:43:53.797 [34mINFO [0;39m [] [http-nio-8081-exec-7] c.b.config.logging.HttpLoggingFilter - Headers: auth=present content-type=null accept=application/json, text/plain, */*
2025-11-10 20:43:53.797 [34mINFO [0;39m [] [http-nio-8081-exec-7] c.b.config.logging.HttpLoggingFilter - Response payload: []
2025-11-10 20:43:53.833 [34mINFO [0;39m [] [http-nio-8081-exec-1] com.bharatshop.service.AuthService - Session lookup: token not found
2025-11-10 20:43:53.836 [34mINFO [0;39m [] [http-nio-8081-exec-1] c.b.config.logging.HttpLoggingFilter - GET /api/seller/orders?limit=100 -> 401 (1 ms)
2025-11-10 20:43:53.836 [34mINFO [0;39m [] [http-nio-8081-exec-1] c.b.config.logging.HttpLoggingFilter - Headers: auth=present content-type=null accept=application/json, text/plain, */*
2025-11-10 20:43:53.836 [34mINFO [0;39m [] [http-nio-8081-exec-1] c.b.config.logging.HttpLoggingFilter - Response payload: {"message":"Unauthorized"}
2025-11-10 20:43:53.836 [34mINFO [0;39m [] [http-nio-8081-exec-6] com.bharatshop.service.AuthService - Session lookup: token not found
2025-11-10 20:43:53.844 [34mINFO [0;39m [] [http-nio-8081-exec-6] c.b.config.logging.HttpLoggingFilter - GET /api/seller/orders?limit=100 -> 401 (2 ms)
2025-11-10 20:43:53.844 [34mINFO [0;39m [] [http-nio-8081-exec-6] c.b.config.logging.HttpLoggingFilter - Headers: auth=present content-type=null accept=application/json, text/plain, */*
2025-11-10 20:43:53.844 [34mINFO [0;39m [] [http-nio-8081-exec-6] c.b.config.logging.HttpLoggingFilter - Response payload: {"message":"Unauthorized"}
2025-11-10 20:43:58.219 [34mINFO [0;39m [] [http-nio-8081-exec-4] com.bharatshop.service.AuthService - Session lookup: token not found
2025-11-10 20:43:58.219 [34mINFO [0;39m [] [http-nio-8081-exec-9] com.bharatshop.service.AuthService - Session lookup: token not found
2025-11-10 20:43:58.220 [34mINFO [0;39m [] [http-nio-8081-exec-4] c.b.config.logging.HttpLoggingFilter - GET /api/seller/stores -> 401 (0 ms)
2025-11-10 20:43:58.220 [34mINFO [0;39m [] [http-nio-8081-exec-4] c.b.config.logging.HttpLoggingFilter - Headers: auth=present content-type=null accept=application/json, text/plain, */*
2025-11-10 20:43:58.220 [34mINFO [0;39m [] [http-nio-8081-exec-9] c.b.config.logging.HttpLoggingFilter - GET /api/seller/orders -> 401 (0 ms)
2025-11-10 20:43:58.221 [34mINFO [0;39m [] [http-nio-8081-exec-9] c.b.config.logging.HttpLoggingFilter - Headers: auth=present content-type=null accept=application/json, text/plain, */*
2025-11-10 20:43:58.221 [34mINFO [0;39m [] [http-nio-8081-exec-9] c.b.config.logging.HttpLoggingFilter - Response payload: {"message":"Unauthorized"}
2025-11-10 20:43:58.228 [34mINFO [0;39m [] [http-nio-8081-exec-10] com.bharatshop.service.AuthService - Session lookup: token not found
2025-11-10 20:43:58.228 [34mINFO [0;39m [] [http-nio-8081-exec-3] com.bharatshop.service.AuthService - Session lookup: token not found
2025-11-10 20:43:58.230 [34mINFO [0;39m [] [http-nio-8081-exec-3] c.b.config.logging.HttpLoggingFilter - GET /api/seller/stores -> 401 (2 ms)
2025-11-10 20:43:58.230 [34mINFO [0;39m [] [http-nio-8081-exec-10] c.b.config.logging.HttpLoggingFilter - GET /api/seller/orders -> 401 (2 ms)
2025-11-10 20:43:58.230 [34mINFO [0;39m [] [http-nio-8081-exec-3] c.b.config.logging.HttpLoggingFilter - Headers: auth=present content-type=null accept=application/json, text/plain, */*
2025-11-10 20:43:58.230 [34mINFO [0;39m [] [http-nio-8081-exec-10] c.b.config.logging.HttpLoggingFilter - Headers: auth=present content-type=null accept=application/json, text/plain, */*
2025-11-10 20:43:58.230 [34mINFO [0;39m [] [http-nio-8081-exec-10] c.b.config.logging.HttpLoggingFilter - Response payload: {"message":"Unauthorized"}
2025-11-10 20:44:00.162 [34mINFO [0;39m [] [http-nio-8081-exec-5] com.bharatshop.service.AuthService - Session lookup: token not found
2025-11-10 20:44:00.163 [34mINFO [0;39m [] [http-nio-8081-exec-5] com.bharatshop.web.CartController - Get cart: userId=guest
2025-11-10 20:44:00.164 [34mINFO [0;39m [] [http-nio-8081-exec-5] c.b.config.logging.HttpLoggingFilter - GET /store/cart -> 200 (1 ms)
2025-11-10 20:44:00.164 [34mINFO [0;39m [] [http-nio-8081-exec-5] c.b.config.logging.HttpLoggingFilter - Headers: auth=present content-type=null accept=application/json, text/plain, */*
2025-11-10 20:44:00.164 [34mINFO [0;39m [] [http-nio-8081-exec-5] c.b.config.logging.HttpLoggingFilter - Response payload: []
2025-11-10 20:44:00.168 [34mINFO [0;39m [] [http-nio-8081-exec-2] com.bharatshop.service.AuthService - Session lookup: token not found
2025-11-10 20:44:00.168 [34mINFO [0;39m [] [http-nio-8081-exec-2] com.bharatshop.web.CartController - Get cart: userId=guest
2025-11-10 20:44:00.168 [34mINFO [0;39m [] [http-nio-8081-exec-2] c.b.config.logging.HttpLoggingFilter - GET /store/cart -> 200 (0 ms)
2025-11-10 20:44:00.168 [34mINFO [0;39m [] [http-nio-8081-exec-2] c.b.config.logging.HttpLoggingFilter - Headers: auth=present content-type=null accept=application/json, text/plain, */*
2025-11-10 20:44:00.168 [34mINFO [0;39m [] [http-nio-8081-exec-2] c.b.config.logging.HttpLoggingFilter - Response payload: []
2025-11-10 20:44:00.202 [34mINFO [0;39m [] [http-nio-8081-exec-7] com.bharatshop.service.AuthService - Session lookup: token not found
2025-11-10 20:44:00.202 [34mINFO [0;39m [] [http-nio-8081-exec-8] com.bharatshop.service.AuthService - Session lookup: token not found
2025-11-10 20:44:00.205 [34mINFO [0;39m [] [http-nio-8081-exec-7] c.b.config.logging.HttpLoggingFilter - GET /api/seller/stores -> 401 (0 ms)
2025-11-10 20:44:00.205 [34mINFO [0;39m [] [http-nio-8081-exec-8] c.b.config.logging.HttpLoggingFilter - GET /api/seller/orders -> 401 (0 ms)
2025-11-10 20:44:00.206 [34mINFO [0;39m [] [http-nio-8081-exec-7] c.b.config.logging.HttpLoggingFilter - Headers: auth=present content-type=null accept=application/json, text/plain, */*
2025-11-10 20:44:00.206 [34mINFO [0;39m [] [http-nio-8081-exec-8] c.b.config.logging.HttpLoggingFilter - Headers: auth=present content-type=null accept=application/json, text/plain, */*
2025-11-10 20:44:00.206 [34mINFO [0;39m [] [http-nio-8081-exec-8] c.b.config.logging.HttpLoggingFilter - Response payload: {"message":"Unauthorized"}
2025-11-10 20:44:00.209 [34mINFO [0;39m [] [http-nio-8081-exec-1] com.bharatshop.service.AuthService - Session lookup: token not found
2025-11-10 20:44:00.209 [34mINFO [0;39m [] [http-nio-8081-exec-6] com.bharatshop.service.AuthService - Session lookup: token not found
2025-11-10 20:44:00.212 [34mINFO [0;39m [] [http-nio-8081-exec-1] c.b.config.logging.HttpLoggingFilter - GET /api/seller/stores -> 401 (3 ms)
2025-11-10 20:44:00.212 [34mINFO [0;39m [] [http-nio-8081-exec-1] c.b.config.logging.HttpLoggingFilter - Headers: auth=present content-type=null accept=application/json, text/plain, */*
2025-11-10 20:44:00.212 [34mINFO [0;39m [] [http-nio-8081-exec-6] c.b.config.logging.HttpLoggingFilter - GET /api/seller/orders -> 401 (3 ms)
2025-11-10 20:44:00.212 [34mINFO [0;39m [] [http-nio-8081-exec-6] c.b.config.logging.HttpLoggingFilter - Headers: auth=present content-type=null accept=application/json, text/plain, */*
2025-11-10 20:44:00.213 [34mINFO [0;39m [] [http-nio-8081-exec-6] c.b.config.logging.HttpLoggingFilter - Response payload: {"message":"Unauthorized"}
2025-11-10 20:44:05.543 [34mINFO [0;39m [] [http-nio-8081-exec-4] com.bharatshop.service.AuthService - Session lookup: token not found
2025-11-10 20:44:05.546 [34mINFO [0;39m [] [http-nio-8081-exec-4] com.bharatshop.web.CartController - Get cart: userId=guest
2025-11-10 20:44:05.546 [34mINFO [0;39m [] [http-nio-8081-exec-4] c.b.config.logging.HttpLoggingFilter - GET /store/cart -> 200 (3 ms)
2025-11-10 20:44:05.546 [34mINFO [0;39m [] [http-nio-8081-exec-4] c.b.config.logging.HttpLoggingFilter - Headers: auth=present content-type=null accept=application/json, text/plain, */*
2025-11-10 20:44:05.546 [34mINFO [0;39m [] [http-nio-8081-exec-4] c.b.config.logging.HttpLoggingFilter - Response payload: []
2025-11-10 20:44:05.574 [34mINFO [0;39m [] [http-nio-8081-exec-9] com.bharatshop.service.AuthService - Session lookup: token not found
2025-11-10 20:44:05.579 [34mINFO [0;39m [] [http-nio-8081-exec-9] com.bharatshop.web.CartController - Get cart: userId=guest
2025-11-10 20:44:05.580 [34mINFO [0;39m [] [http-nio-8081-exec-9] c.b.config.logging.HttpLoggingFilter - GET /store/cart -> 200 (4 ms)
2025-11-10 20:44:05.581 [34mINFO [0;39m [] [http-nio-8081-exec-9] c.b.config.logging.HttpLoggingFilter - Headers: auth=present content-type=null accept=application/json, text/plain, */*
2025-11-10 20:44:05.581 [34mINFO [0;39m [] [http-nio-8081-exec-9] c.b.config.logging.HttpLoggingFilter - Response payload: []
2025-11-10 20:44:05.610 [34mINFO [0;39m [] [http-nio-8081-exec-3] com.bharatshop.service.AuthService - Session lookup: token not found
2025-11-10 20:44:05.610 [34mINFO [0;39m [] [http-nio-8081-exec-10] com.bharatshop.service.AuthService - Session lookup: token not found
2025-11-10 20:44:05.613 [34mINFO [0;39m [] [http-nio-8081-exec-3] c.b.web.StoreDiscoveryController - Global categories requested: tenant=demo-store
2025-11-10 20:44:05.613 [34mINFO [0;39m [] [http-nio-8081-exec-10] c.b.config.logging.HttpLoggingFilter - GET /api/seller/stores -> 401 (3 ms)
2025-11-10 20:44:05.613 [34mINFO [0;39m [] [http-nio-8081-exec-10] c.b.config.logging.HttpLoggingFilter - Headers: auth=present content-type=null accept=application/json, text/plain, */*
2025-11-10 20:44:05.613 [34mINFO [0;39m [] [http-nio-8081-exec-5] com.bharatshop.service.AuthService - Session lookup: token not found
2025-11-10 20:44:05.619 [34mINFO [0;39m [] [http-nio-8081-exec-5] c.b.config.logging.HttpLoggingFilter - GET /api/seller/stores -> 401 (0 ms)
2025-11-10 20:44:05.619 [34mINFO [0;39m [] [http-nio-8081-exec-5] c.b.config.logging.HttpLoggingFilter - Headers: auth=present content-type=null accept=application/json, text/plain, */*
2025-11-10 20:44:05.619 [34mINFO [0;39m [] [http-nio-8081-exec-3] c.b.config.logging.HttpLoggingFilter - GET /api/categories -> 200 (9 ms)
2025-11-10 20:44:05.619 [34mINFO [0;39m [] [http-nio-8081-exec-3] c.b.config.logging.HttpLoggingFilter - Headers: auth=present content-type=null accept=application/json, text/plain, */*
2025-11-10 20:44:05.619 [34mINFO [0;39m [] [http-nio-8081-exec-3] c.b.config.logging.HttpLoggingFilter - Response payload: ["General","dairy","fruits","medicine","room"]
2025-11-10 20:44:05.626 [34mINFO [0;39m [] [http-nio-8081-exec-2] com.bharatshop.service.AuthService - Session lookup: token not found
2025-11-10 20:44:05.628 [34mINFO [0;39m [] [http-nio-8081-exec-2] c.b.web.StoreDiscoveryController - Global categories requested: tenant=demo-store
2025-11-10 20:44:05.631 [34mINFO [0;39m [] [http-nio-8081-exec-2] c.b.config.logging.HttpLoggingFilter - GET /api/categories -> 200 (4 ms)
2025-11-10 20:44:05.631 [34mINFO [0;39m [] [http-nio-8081-exec-2] c.b.config.logging.HttpLoggingFilter - Headers: auth=present content-type=null accept=application/json, text/plain, */*
2025-11-10 20:44:05.631 [34mINFO [0;39m [] [http-nio-8081-exec-2] c.b.config.logging.HttpLoggingFilter - Response payload: ["General","dairy","fruits","medicine","room"]
2025-11-10 20:44:10.749 [34mINFO [0;39m [] [http-nio-8081-exec-7] com.bharatshop.service.AuthService - Session lookup: token not found
2025-11-10 20:44:10.750 [34mINFO [0;39m [] [http-nio-8081-exec-8] com.bharatshop.service.AuthService - Session lookup: token not found
2025-11-10 20:44:10.752 [34mINFO [0;39m [] [http-nio-8081-exec-8] c.b.config.logging.HttpLoggingFilter - GET /api/seller/stores -> 401 (2 ms)
2025-11-10 20:44:10.752 [34mINFO [0;39m [] [http-nio-8081-exec-7] c.b.config.logging.HttpLoggingFilter - GET /api/seller/bookings?page=1&limit=20 -> 401 (2 ms)
2025-11-10 20:44:10.752 [34mINFO [0;39m [] [http-nio-8081-exec-8] c.b.config.logging.HttpLoggingFilter - Headers: auth=present content-type=null accept=application/json, text/plain, */*
2025-11-10 20:44:10.752 [34mINFO [0;39m [] [http-nio-8081-exec-7] c.b.config.logging.HttpLoggingFilter - Headers: auth=present content-type=null accept=application/json, text/plain, */*
2025-11-10 20:44:10.752 [34mINFO [0;39m [] [http-nio-8081-exec-7] c.b.config.logging.HttpLoggingFilter - Response payload: {"message":"Unauthorized"}
2025-11-10 20:44:10.758 [34mINFO [0;39m [] [http-nio-8081-exec-6] com.bharatshop.service.AuthService - Session lookup: token not found
2025-11-10 20:44:10.758 [34mINFO [0;39m [] [http-nio-8081-exec-1] com.bharatshop.service.AuthService - Session lookup: token not found
2025-11-10 20:44:10.761 [34mINFO [0;39m [] [http-nio-8081-exec-6] c.b.config.logging.HttpLoggingFilter - GET /api/seller/stores -> 401 (1 ms)
2025-11-10 20:44:10.761 [34mINFO [0;39m [] [http-nio-8081-exec-1] c.b.config.logging.HttpLoggingFilter - GET /api/seller/bookings?page=1&limit=20 -> 401 (1 ms)
2025-11-10 20:44:10.761 [34mINFO [0;39m [] [http-nio-8081-exec-6] c.b.config.logging.HttpLoggingFilter - Headers: auth=present content-type=null accept=application/json, text/plain, */*
2025-11-10 20:44:10.761 [34mINFO [0;39m [] [http-nio-8081-exec-1] c.b.config.logging.HttpLoggingFilter - Headers: auth=present content-type=null accept=application/json, text/plain, */*
2025-11-10 20:44:10.762 [34mINFO [0;39m [] [http-nio-8081-exec-1] c.b.config.logging.HttpLoggingFilter - Response payload: {"message":"Unauthorized"}
2025-11-10 20:44:16.288 [34mINFO [0;39m [] [http-nio-8081-exec-9] com.bharatshop.service.AuthService - Session lookup: token not found
2025-11-10 20:44:16.288 [34mINFO [0;39m [] [http-nio-8081-exec-4] com.bharatshop.service.AuthService - Session lookup: token not found
2025-11-10 20:44:16.289 [34mINFO [0;39m [] [http-nio-8081-exec-9] c.b.config.logging.HttpLoggingFilter - GET /api/seller/stores -> 401 (1 ms)
2025-11-10 20:44:16.289 [34mINFO [0;39m [] [http-nio-8081-exec-4] c.b.config.logging.HttpLoggingFilter - GET /api/seller/orders -> 401 (1 ms)
2025-11-10 20:44:16.289 [34mINFO [0;39m [] [http-nio-8081-exec-9] c.b.config.logging.HttpLoggingFilter - Headers: auth=present content-type=null accept=application/json, text/plain, */*
2025-11-10 20:44:16.289 [34mINFO [0;39m [] [http-nio-8081-exec-4] c.b.config.logging.HttpLoggingFilter - Headers: auth=present content-type=null accept=application/json, text/plain, */*
2025-11-10 20:44:16.289 [34mINFO [0;39m [] [http-nio-8081-exec-4] c.b.config.logging.HttpLoggingFilter - Response payload: {"message":"Unauthorized"}
2025-11-10 20:44:16.295 [34mINFO [0;39m [] [http-nio-8081-exec-5] com.bharatshop.service.AuthService - Session lookup: token not found
2025-11-10 20:44:16.295 [34mINFO [0;39m [] [http-nio-8081-exec-10] com.bharatshop.service.AuthService - Session lookup: token not found
2025-11-10 20:44:16.298 [34mINFO [0;39m [] [http-nio-8081-exec-10] c.b.config.logging.HttpLoggingFilter - GET /api/seller/stores -> 401 (1 ms)
2025-11-10 20:44:16.298 [34mINFO [0;39m [] [http-nio-8081-exec-5] c.b.config.logging.HttpLoggingFilter - GET /api/seller/orders -> 401 (1 ms)
2025-11-10 20:44:16.298 [34mINFO [0;39m [] [http-nio-8081-exec-10] c.b.config.logging.HttpLoggingFilter - Headers: auth=present content-type=null accept=application/json, text/plain, */*
2025-11-10 20:44:16.298 [34mINFO [0;39m [] [http-nio-8081-exec-5] c.b.config.logging.HttpLoggingFilter - Headers: auth=present content-type=null accept=application/json, text/plain, */*
2025-11-10 20:44:16.298 [34mINFO [0;39m [] [http-nio-8081-exec-5] c.b.config.logging.HttpLoggingFilter - Response payload: {"message":"Unauthorized"}
2025-11-10 20:44:18.247 [34mINFO [0;39m [] [http-nio-8081-exec-3] com.bharatshop.service.AuthService - Session lookup: token not found
2025-11-10 20:44:18.248 [34mINFO [0;39m [] [http-nio-8081-exec-3] com.bharatshop.web.CartController - Get cart: userId=guest
2025-11-10 20:44:18.249 [34mINFO [0;39m [] [http-nio-8081-exec-3] c.b.config.logging.HttpLoggingFilter - GET /store/cart -> 200 (1 ms)
2025-11-10 20:44:18.249 [34mINFO [0;39m [] [http-nio-8081-exec-3] c.b.config.logging.HttpLoggingFilter - Headers: auth=present content-type=null accept=application/json, text/plain, */*
2025-11-10 20:44:18.249 [34mINFO [0;39m [] [http-nio-8081-exec-3] c.b.config.logging.HttpLoggingFilter - Response payload: []
2025-11-10 20:44:18.254 [34mINFO [0;39m [] [http-nio-8081-exec-2] com.bharatshop.service.AuthService - Session lookup: token not found
2025-11-10 20:44:18.255 [34mINFO [0;39m [] [http-nio-8081-exec-2] com.bharatshop.web.CartController - Get cart: userId=guest
2025-11-10 20:44:18.256 [34mINFO [0;39m [] [http-nio-8081-exec-2] c.b.config.logging.HttpLoggingFilter - GET /store/cart -> 200 (1 ms)
2025-11-10 20:44:18.256 [34mINFO [0;39m [] [http-nio-8081-exec-2] c.b.config.logging.HttpLoggingFilter - Headers: auth=present content-type=null accept=application/json, text/plain, */*
2025-11-10 20:44:18.257 [34mINFO [0;39m [] [http-nio-8081-exec-2] c.b.config.logging.HttpLoggingFilter - Response payload: []
2025-11-10 20:44:18.277 [34mINFO [0;39m [] [http-nio-8081-exec-7] com.bharatshop.service.AuthService - Session lookup: token not found
2025-11-10 20:44:18.277 [34mINFO [0;39m [] [http-nio-8081-exec-8] com.bharatshop.service.AuthService - Session lookup: token not found
2025-11-10 20:44:18.277 [34mINFO [0;39m [] [http-nio-8081-exec-7] c.b.config.logging.HttpLoggingFilter - GET /api/seller/stores -> 401 (0 ms)
2025-11-10 20:44:18.277 [34mINFO [0;39m [] [http-nio-8081-exec-7] c.b.config.logging.HttpLoggingFilter - Headers: auth=present content-type=null accept=application/json, text/plain, */*
2025-11-10 20:44:18.277 [34mINFO [0;39m [] [http-nio-8081-exec-8] c.b.config.logging.HttpLoggingFilter - GET /api/seller/orders -> 401 (0 ms)
2025-11-10 20:44:18.277 [34mINFO [0;39m [] [http-nio-8081-exec-8] c.b.config.logging.HttpLoggingFilter - Headers: auth=present content-type=null accept=application/json, text/plain, */*
2025-11-10 20:44:18.277 [34mINFO [0;39m [] [http-nio-8081-exec-8] c.b.config.logging.HttpLoggingFilter - Response payload: {"message":"Unauthorized"}
2025-11-10 20:44:18.287 [34mINFO [0;39m [] [http-nio-8081-exec-6] com.bharatshop.service.AuthService - Session lookup: token not found
2025-11-10 20:44:18.289 [34mINFO [0;39m [] [http-nio-8081-exec-1] com.bharatshop.service.AuthService - Session lookup: token not found
2025-11-10 20:44:18.290 [34mINFO [0;39m [] [http-nio-8081-exec-6] c.b.config.logging.HttpLoggingFilter - GET /api/seller/stores -> 401 (0 ms)
2025-11-10 20:44:18.290 [34mINFO [0;39m [] [http-nio-8081-exec-6] c.b.config.logging.HttpLoggingFilter - Headers: auth=present content-type=null accept=application/json, text/plain, */*
2025-11-10 20:44:18.290 [34mINFO [0;39m [] [http-nio-8081-exec-1] c.b.config.logging.HttpLoggingFilter - GET /api/seller/orders -> 401 (0 ms)
2025-11-10 20:44:18.290 [34mINFO [0;39m [] [http-nio-8081-exec-1] c.b.config.logging.HttpLoggingFilter - Headers: auth=present content-type=null accept=application/json, text/plain, */*
2025-11-10 20:44:18.290 [34mINFO [0;39m [] [http-nio-8081-exec-1] c.b.config.logging.HttpLoggingFilter - Response payload: {"message":"Unauthorized"}
2025-11-10 20:44:18.899 [34mINFO [0;39m [] [http-nio-8081-exec-4] com.bharatshop.service.AuthService - Session lookup: token not found
2025-11-10 20:44:18.900 [34mINFO [0;39m [] [http-nio-8081-exec-4] com.bharatshop.web.CartController - Get cart: userId=guest
2025-11-10 20:44:18.901 [34mINFO [0;39m [] [http-nio-8081-exec-4] c.b.config.logging.HttpLoggingFilter - GET /store/cart -> 200 (1 ms)
2025-11-10 20:44:18.901 [34mINFO [0;39m [] [http-nio-8081-exec-4] c.b.config.logging.HttpLoggingFilter - Headers: auth=present content-type=null accept=application/json, text/plain, */*
2025-11-10 20:44:18.901 [34mINFO [0;39m [] [http-nio-8081-exec-4] c.b.config.logging.HttpLoggingFilter - Response payload: []
2025-11-10 20:44:18.906 [34mINFO [0;39m [] [http-nio-8081-exec-9] com.bharatshop.service.AuthService - Session lookup: token not found
2025-11-10 20:44:18.907 [34mINFO [0;39m [] [http-nio-8081-exec-9] com.bharatshop.web.CartController - Get cart: userId=guest
2025-11-10 20:44:18.908 [34mINFO [0;39m [] [http-nio-8081-exec-9] c.b.config.logging.HttpLoggingFilter - GET /store/cart -> 200 (2 ms)
2025-11-10 20:44:18.908 [34mINFO [0;39m [] [http-nio-8081-exec-9] c.b.config.logging.HttpLoggingFilter - Headers: auth=present content-type=null accept=application/json, text/plain, */*
2025-11-10 20:44:18.908 [34mINFO [0;39m [] [http-nio-8081-exec-9] c.b.config.logging.HttpLoggingFilter - Response payload: []
2025-11-10 20:44:19.027 [34mINFO [0;39m [] [http-nio-8081-exec-10] com.bharatshop.service.AuthService - Session lookup: token not found
2025-11-10 20:44:19.027 [34mINFO [0;39m [] [http-nio-8081-exec-5] com.bharatshop.service.AuthService - Session lookup: token not found
2025-11-10 20:44:19.028 [34mINFO [0;39m [] [http-nio-8081-exec-5] c.b.config.logging.HttpLoggingFilter - GET /api/seller/stores -> 401 (1 ms)
2025-11-10 20:44:19.028 [34mINFO [0;39m [] [http-nio-8081-exec-10] c.b.config.logging.HttpLoggingFilter - GET /api/seller/orders -> 401 (1 ms)
2025-11-10 20:44:19.028 [34mINFO [0;39m [] [http-nio-8081-exec-5] c.b.config.logging.HttpLoggingFilter - Headers: auth=present content-type=null accept=application/json, text/plain, */*
2025-11-10 20:44:19.028 [34mINFO [0;39m [] [http-nio-8081-exec-10] c.b.config.logging.HttpLoggingFilter - Headers: auth=present content-type=null accept=application/json, text/plain, */*
2025-11-10 20:44:19.028 [34mINFO [0;39m [] [http-nio-8081-exec-10] c.b.config.logging.HttpLoggingFilter - Response payload: {"message":"Unauthorized"}
2025-11-10 20:44:19.031 [34mINFO [0;39m [] [http-nio-8081-exec-3] com.bharatshop.service.AuthService - Session lookup: token not found
2025-11-10 20:44:19.031 [34mINFO [0;39m [] [http-nio-8081-exec-2] com.bharatshop.service.AuthService - Session lookup: token not found
2025-11-10 20:44:19.034 [34mINFO [0;39m [] [http-nio-8081-exec-3] c.b.config.logging.HttpLoggingFilter - GET /api/seller/stores -> 401 (3 ms)
2025-11-10 20:44:19.034 [34mINFO [0;39m [] [http-nio-8081-exec-2] c.b.config.logging.HttpLoggingFilter - GET /api/seller/orders -> 401 (3 ms)
2025-11-10 20:44:19.034 [34mINFO [0;39m [] [http-nio-8081-exec-3] c.b.config.logging.HttpLoggingFilter - Headers: auth=present content-type=null accept=application/json, text/plain, */*
2025-11-10 20:44:19.034 [34mINFO [0;39m [] [http-nio-8081-exec-2] c.b.config.logging.HttpLoggingFilter - Headers: auth=present content-type=null accept=application/json, text/plain, */*
2025-11-10 20:44:19.034 [34mINFO [0;39m [] [http-nio-8081-exec-2] c.b.config.logging.HttpLoggingFilter - Response payload: {"message":"Unauthorized"}
2025-11-10 20:49:42.846 [34mINFO [0;39m [] [http-nio-8081-exec-7] com.bharatshop.service.AuthService - Session lookup: token not found
2025-11-10 20:49:42.848 [34mINFO [0;39m [] [http-nio-8081-exec-7] com.bharatshop.web.CartController - Get cart: userId=guest
2025-11-10 20:49:42.849 [34mINFO [0;39m [] [http-nio-8081-exec-7] c.b.config.logging.HttpLoggingFilter - GET /store/cart -> 200 (2 ms)
2025-11-10 20:49:42.849 [34mINFO [0;39m [] [http-nio-8081-exec-7] c.b.config.logging.HttpLoggingFilter - Headers: auth=present content-type=null accept=application/json, text/plain, */*
2025-11-10 20:49:42.849 [34mINFO [0;39m [] [http-nio-8081-exec-7] c.b.config.logging.HttpLoggingFilter - Response payload: []
2025-11-10 20:49:42.855 [34mINFO [0;39m [] [http-nio-8081-exec-8] com.bharatshop.service.AuthService - Session lookup: token not found
2025-11-10 20:49:42.856 [34mINFO [0;39m [] [http-nio-8081-exec-8] com.bharatshop.web.CartController - Get cart: userId=guest
2025-11-10 20:49:42.858 [34mINFO [0;39m [] [http-nio-8081-exec-8] c.b.config.logging.HttpLoggingFilter - GET /store/cart -> 200 (3 ms)
2025-11-10 20:49:42.858 [34mINFO [0;39m [] [http-nio-8081-exec-8] c.b.config.logging.HttpLoggingFilter - Headers: auth=present content-type=null accept=application/json, text/plain, */*
2025-11-10 20:49:42.858 [34mINFO [0;39m [] [http-nio-8081-exec-8] c.b.config.logging.HttpLoggingFilter - Response payload: []
2025-11-10 20:49:43.003 [34mINFO [0;39m [] [http-nio-8081-exec-1] com.bharatshop.service.AuthService - Session lookup: token not found
2025-11-10 20:49:43.003 [34mINFO [0;39m [] [http-nio-8081-exec-6] com.bharatshop.service.AuthService - Session lookup: token not found
2025-11-10 20:49:43.004 [34mINFO [0;39m [] [http-nio-8081-exec-1] c.b.config.logging.HttpLoggingFilter - GET /api/seller/stores -> 401 (1 ms)
2025-11-10 20:49:43.004 [34mINFO [0;39m [] [http-nio-8081-exec-6] c.b.config.logging.HttpLoggingFilter - GET /api/seller/orders -> 401 (1 ms)
2025-11-10 20:49:43.004 [34mINFO [0;39m [] [http-nio-8081-exec-1] c.b.config.logging.HttpLoggingFilter - Headers: auth=present content-type=null accept=application/json, text/plain, */*
2025-11-10 20:49:43.004 [34mINFO [0;39m [] [http-nio-8081-exec-6] c.b.config.logging.HttpLoggingFilter - Headers: auth=present content-type=null accept=application/json, text/plain, */*
2025-11-10 20:49:43.004 [34mINFO [0;39m [] [http-nio-8081-exec-6] c.b.config.logging.HttpLoggingFilter - Response payload: {"message":"Unauthorized"}
2025-11-10 20:49:43.011 [34mINFO [0;39m [] [http-nio-8081-exec-9] com.bharatshop.service.AuthService - Session lookup: token not found
2025-11-10 20:49:43.011 [34mINFO [0;39m [] [http-nio-8081-exec-4] com.bharatshop.service.AuthService - Session lookup: token not found
2025-11-10 20:49:43.013 [34mINFO [0;39m [] [http-nio-8081-exec-9] c.b.config.logging.HttpLoggingFilter - GET /api/seller/orders -> 401 (1 ms)
2025-11-10 20:49:43.013 [34mINFO [0;39m [] [http-nio-8081-exec-4] c.b.config.logging.HttpLoggingFilter - GET /api/seller/stores -> 401 (2 ms)
2025-11-10 20:49:43.013 [34mINFO [0;39m [] [http-nio-8081-exec-9] c.b.config.logging.HttpLoggingFilter - Headers: auth=present content-type=null accept=application/json, text/plain, */*
2025-11-10 20:49:43.013 [34mINFO [0;39m [] [http-nio-8081-exec-4] c.b.config.logging.HttpLoggingFilter - Headers: auth=present content-type=null accept=application/json, text/plain, */*
2025-11-10 20:49:43.013 [34mINFO [0;39m [] [http-nio-8081-exec-9] c.b.config.logging.HttpLoggingFilter - Response payload: {"message":"Unauthorized"}
2025-11-10 20:58:12.908 [34mINFO [0;39m [] [http-nio-8081-exec-10] com.bharatshop.service.AuthService - Session lookup: token not found
2025-11-10 20:58:12.910 [34mINFO [0;39m [] [http-nio-8081-exec-10] com.bharatshop.web.CartController - Get cart: userId=guest
2025-11-10 20:58:12.910 [34mINFO [0;39m [] [http-nio-8081-exec-10] c.b.config.logging.HttpLoggingFilter - GET /store/cart -> 200 (0 ms)
2025-11-10 20:58:12.913 [34mINFO [0;39m [] [http-nio-8081-exec-10] c.b.config.logging.HttpLoggingFilter - Headers: auth=present content-type=null accept=application/json, text/plain, */*
2025-11-10 20:58:12.913 [34mINFO [0;39m [] [http-nio-8081-exec-10] c.b.config.logging.HttpLoggingFilter - Response payload: []
2025-11-10 20:58:12.921 [34mINFO [0;39m [] [http-nio-8081-exec-5] com.bharatshop.service.AuthService - Session lookup: token not found
2025-11-10 20:58:12.922 [34mINFO [0;39m [] [http-nio-8081-exec-5] com.bharatshop.web.CartController - Get cart: userId=guest
2025-11-10 20:58:12.923 [34mINFO [0;39m [] [http-nio-8081-exec-5] c.b.config.logging.HttpLoggingFilter - GET /store/cart -> 200 (1 ms)
2025-11-10 20:58:12.925 [34mINFO [0;39m [] [http-nio-8081-exec-5] c.b.config.logging.HttpLoggingFilter - Headers: auth=present content-type=null accept=application/json, text/plain, */*
2025-11-10 20:58:12.925 [34mINFO [0;39m [] [http-nio-8081-exec-5] c.b.config.logging.HttpLoggingFilter - Response payload: []
2025-11-10 20:58:13.061 [34mINFO [0;39m [] [http-nio-8081-exec-3] com.bharatshop.service.AuthService - Session lookup: token not found
2025-11-10 20:58:13.061 [34mINFO [0;39m [] [http-nio-8081-exec-2] com.bharatshop.service.AuthService - Session lookup: token not found
2025-11-10 20:58:13.065 [34mINFO [0;39m [] [http-nio-8081-exec-2] c.b.config.logging.HttpLoggingFilter - GET /api/seller/stores -> 401 (1 ms)
2025-11-10 20:58:13.068 [34mINFO [0;39m [] [http-nio-8081-exec-2] c.b.config.logging.HttpLoggingFilter - Headers: auth=present content-type=null accept=application/json, text/plain, */*
2025-11-10 20:58:13.068 [34mINFO [0;39m [] [http-nio-8081-exec-3] c.b.config.logging.HttpLoggingFilter - GET /api/seller/orders -> 401 (6 ms)
2025-11-10 20:58:13.068 [34mINFO [0;39m [] [http-nio-8081-exec-3] c.b.config.logging.HttpLoggingFilter - Headers: auth=present content-type=null accept=application/json, text/plain, */*
2025-11-10 20:58:13.068 [34mINFO [0;39m [] [http-nio-8081-exec-3] c.b.config.logging.HttpLoggingFilter - Response payload: {"message":"Unauthorized"}
2025-11-10 20:58:13.083 [34mINFO [0;39m [] [http-nio-8081-exec-7] com.bharatshop.service.AuthService - Session lookup: token not found
2025-11-10 20:58:13.085 [34mINFO [0;39m [] [http-nio-8081-exec-8] com.bharatshop.service.AuthService - Session lookup: token not found
2025-11-10 20:58:13.087 [34mINFO [0;39m [] [http-nio-8081-exec-7] c.b.config.logging.HttpLoggingFilter - GET /api/seller/stores -> 401 (0 ms)
2025-11-10 20:58:13.089 [34mINFO [0;39m [] [http-nio-8081-exec-7] c.b.config.logging.HttpLoggingFilter - Headers: auth=present content-type=null accept=application/json, text/plain, */*
2025-11-10 20:58:13.091 [34mINFO [0;39m [] [http-nio-8081-exec-8] c.b.config.logging.HttpLoggingFilter - GET /api/seller/orders -> 401 (2 ms)
2025-11-10 20:58:13.093 [34mINFO [0;39m [] [http-nio-8081-exec-8] c.b.config.logging.HttpLoggingFilter - Headers: auth=present content-type=null accept=application/json, text/plain, */*
2025-11-10 20:58:13.093 [34mINFO [0;39m [] [http-nio-8081-exec-8] c.b.config.logging.HttpLoggingFilter - Response payload: {"message":"Unauthorized"}
2025-11-10 20:58:15.399 [34mINFO [0;39m [] [http-nio-8081-exec-1] com.bharatshop.service.AuthService - Session lookup: token not found
2025-11-10 20:58:15.399 [34mINFO [0;39m [] [http-nio-8081-exec-1] com.bharatshop.web.CartController - Get cart: userId=guest
2025-11-10 20:58:15.399 [34mINFO [0;39m [] [http-nio-8081-exec-1] c.b.config.logging.HttpLoggingFilter - GET /store/cart -> 200 (0 ms)
2025-11-10 20:58:15.399 [34mINFO [0;39m [] [http-nio-8081-exec-1] c.b.config.logging.HttpLoggingFilter - Headers: auth=present content-type=null accept=application/json, text/plain, */*
2025-11-10 20:58:15.399 [34mINFO [0;39m [] [http-nio-8081-exec-1] c.b.config.logging.HttpLoggingFilter - Response payload: []
2025-11-10 20:58:15.410 [34mINFO [0;39m [] [http-nio-8081-exec-6] com.bharatshop.service.AuthService - Session lookup: token not found
2025-11-10 20:58:15.411 [34mINFO [0;39m [] [http-nio-8081-exec-6] com.bharatshop.web.CartController - Get cart: userId=guest
2025-11-10 20:58:15.414 [34mINFO [0;39m [] [http-nio-8081-exec-6] c.b.config.logging.HttpLoggingFilter - GET /store/cart -> 200 (4 ms)
2025-11-10 20:58:15.414 [34mINFO [0;39m [] [http-nio-8081-exec-6] c.b.config.logging.HttpLoggingFilter - Headers: auth=present content-type=null accept=application/json, text/plain, */*
2025-11-10 20:58:15.416 [34mINFO [0;39m [] [http-nio-8081-exec-6] c.b.config.logging.HttpLoggingFilter - Response payload: []
2025-11-10 20:58:15.447 [34mINFO [0;39m [] [http-nio-8081-exec-9] com.bharatshop.service.AuthService - Session lookup: token not found
2025-11-10 20:58:15.447 [34mINFO [0;39m [] [http-nio-8081-exec-4] com.bharatshop.service.AuthService - Session lookup: token not found
2025-11-10 20:58:15.451 [34mINFO [0;39m [] [http-nio-8081-exec-4] c.b.config.logging.HttpLoggingFilter - GET /api/seller/stores -> 401 (2 ms)
2025-11-10 20:58:15.451 [34mINFO [0;39m [] [http-nio-8081-exec-9] c.b.config.logging.HttpLoggingFilter - GET /api/seller/orders -> 401 (2 ms)
2025-11-10 20:58:15.451 [34mINFO [0;39m [] [http-nio-8081-exec-4] c.b.config.logging.HttpLoggingFilter - Headers: auth=present content-type=null accept=application/json, text/plain, */*
2025-11-10 20:58:15.451 [34mINFO [0;39m [] [http-nio-8081-exec-9] c.b.config.logging.HttpLoggingFilter - Headers: auth=present content-type=null accept=application/json, text/plain, */*
2025-11-10 20:58:15.451 [34mINFO [0;39m [] [http-nio-8081-exec-9] c.b.config.logging.HttpLoggingFilter - Response payload: {"message":"Unauthorized"}
2025-11-10 20:58:15.457 [34mINFO [0;39m [] [http-nio-8081-exec-5] com.bharatshop.service.AuthService - Session lookup: token not found
2025-11-10 20:58:15.457 [34mINFO [0;39m [] [http-nio-8081-exec-10] com.bharatshop.service.AuthService - Session lookup: token not found
2025-11-10 20:58:15.461 [34mINFO [0;39m [] [http-nio-8081-exec-10] c.b.config.logging.HttpLoggingFilter - GET /api/seller/stores -> 401 (4 ms)
2025-11-10 20:58:15.462 [34mINFO [0;39m [] [http-nio-8081-exec-5] c.b.config.logging.HttpLoggingFilter - GET /api/seller/orders -> 401 (5 ms)
2025-11-10 20:58:15.463 [34mINFO [0;39m [] [http-nio-8081-exec-5] c.b.config.logging.HttpLoggingFilter - Headers: auth=present content-type=null accept=application/json, text/plain, */*
2025-11-10 20:58:15.463 [34mINFO [0;39m [] [http-nio-8081-exec-5] c.b.config.logging.HttpLoggingFilter - Response payload: {"message":"Unauthorized"}
2025-11-10 20:58:15.462 [34mINFO [0;39m [] [http-nio-8081-exec-10] c.b.config.logging.HttpLoggingFilter - Headers: auth=present content-type=null accept=application/json, text/plain, */*
2025-11-10 21:08:07.787 [34mINFO [0;39m [] [http-nio-8081-exec-2] com.bharatshop.service.AuthService - Session lookup: token not found
2025-11-10 21:08:07.792 [34mINFO [0;39m [] [http-nio-8081-exec-2] com.bharatshop.web.CartController - Get cart: userId=guest
2025-11-10 21:08:07.793 [34mINFO [0;39m [] [http-nio-8081-exec-2] c.b.config.logging.HttpLoggingFilter - GET /store/cart -> 200 (2 ms)
2025-11-10 21:08:07.794 [34mINFO [0;39m [] [http-nio-8081-exec-2] c.b.config.logging.HttpLoggingFilter - Headers: auth=present content-type=null accept=application/json, text/plain, */*
2025-11-10 21:08:07.794 [34mINFO [0;39m [] [http-nio-8081-exec-2] c.b.config.logging.HttpLoggingFilter - Response payload: []
2025-11-10 21:08:07.803 [34mINFO [0;39m [] [http-nio-8081-exec-3] com.bharatshop.service.AuthService - Session lookup: token not found
2025-11-10 21:08:07.806 [34mINFO [0;39m [] [http-nio-8081-exec-3] com.bharatshop.web.CartController - Get cart: userId=guest
2025-11-10 21:08:07.807 [34mINFO [0;39m [] [http-nio-8081-exec-3] c.b.config.logging.HttpLoggingFilter - GET /store/cart -> 200 (1 ms)
2025-11-10 21:08:07.808 [34mINFO [0;39m [] [http-nio-8081-exec-3] c.b.config.logging.HttpLoggingFilter - Headers: auth=present content-type=null accept=application/json, text/plain, */*
2025-11-10 21:08:07.808 [34mINFO [0;39m [] [http-nio-8081-exec-3] c.b.config.logging.HttpLoggingFilter - Response payload: []
2025-11-10 21:08:07.958 [34mINFO [0;39m [] [http-nio-8081-exec-7] com.bharatshop.service.AuthService - Session lookup: token not found
2025-11-10 21:08:07.958 [34mINFO [0;39m [] [http-nio-8081-exec-8] com.bharatshop.service.AuthService - Session lookup: token not found
2025-11-10 21:08:07.964 [34mINFO [0;39m [] [http-nio-8081-exec-8] c.b.config.logging.HttpLoggingFilter - GET /api/seller/stores -> 401 (1 ms)
2025-11-10 21:08:07.964 [34mINFO [0;39m [] [http-nio-8081-exec-7] c.b.config.logging.HttpLoggingFilter - GET /api/seller/orders -> 401 (2 ms)
2025-11-10 21:08:07.964 [34mINFO [0;39m [] [http-nio-8081-exec-8] c.b.config.logging.HttpLoggingFilter - Headers: auth=present content-type=null accept=application/json, text/plain, */*
2025-11-10 21:08:07.965 [34mINFO [0;39m [] [http-nio-8081-exec-7] c.b.config.logging.HttpLoggingFilter - Headers: auth=present content-type=null accept=application/json, text/plain, */*
2025-11-10 21:08:07.976 [34mINFO [0;39m [] [http-nio-8081-exec-7] c.b.config.logging.HttpLoggingFilter - Response payload: {"message":"Unauthorized"}
2025-11-10 21:08:07.979 [34mINFO [0;39m [] [http-nio-8081-exec-1] com.bharatshop.service.AuthService - Session lookup: token not found
2025-11-10 21:08:07.989 [34mINFO [0;39m [] [http-nio-8081-exec-1] c.b.config.logging.HttpLoggingFilter - GET /api/seller/stores -> 401 (2 ms)
2025-11-10 21:08:07.991 [34mINFO [0;39m [] [http-nio-8081-exec-1] c.b.config.logging.HttpLoggingFilter - Headers: auth=present content-type=null accept=application/json, text/plain, */*
2025-11-10 21:08:07.995 [34mINFO [0;39m [] [http-nio-8081-exec-1] com.bharatshop.service.AuthService - Session lookup: token not found
2025-11-10 21:08:08.003 [34mINFO [0;39m [] [http-nio-8081-exec-1] c.b.config.logging.HttpLoggingFilter - GET /api/seller/orders -> 401 (2 ms)
2025-11-10 21:08:08.005 [34mINFO [0;39m [] [http-nio-8081-exec-1] c.b.config.logging.HttpLoggingFilter - Headers: auth=present content-type=null accept=application/json, text/plain, */*
2025-11-10 21:08:08.005 [34mINFO [0;39m [] [http-nio-8081-exec-1] c.b.config.logging.HttpLoggingFilter - Response payload: {"message":"Unauthorized"}
2025-11-10 21:08:09.650 [34mINFO [0;39m [] [http-nio-8081-exec-4] com.bharatshop.service.AuthService - Session lookup: token not found
2025-11-10 21:08:09.653 [34mINFO [0;39m [] [http-nio-8081-exec-4] com.bharatshop.web.CartController - Get cart: userId=guest
2025-11-10 21:08:09.654 [34mINFO [0;39m [] [http-nio-8081-exec-4] c.b.config.logging.HttpLoggingFilter - GET /store/cart -> 200 (1 ms)
2025-11-10 21:08:09.654 [34mINFO [0;39m [] [http-nio-8081-exec-4] c.b.config.logging.HttpLoggingFilter - Headers: auth=present content-type=null accept=application/json, text/plain, */*
2025-11-10 21:08:09.655 [34mINFO [0;39m [] [http-nio-8081-exec-4] c.b.config.logging.HttpLoggingFilter - Response payload: []
2025-11-10 21:08:09.662 [34mINFO [0;39m [] [http-nio-8081-exec-9] com.bharatshop.service.AuthService - Session lookup: token not found
2025-11-10 21:08:09.663 [34mINFO [0;39m [] [http-nio-8081-exec-9] com.bharatshop.web.CartController - Get cart: userId=guest
2025-11-10 21:08:09.664 [34mINFO [0;39m [] [http-nio-8081-exec-9] c.b.config.logging.HttpLoggingFilter - GET /store/cart -> 200 (2 ms)
2025-11-10 21:08:09.664 [34mINFO [0;39m [] [http-nio-8081-exec-9] c.b.config.logging.HttpLoggingFilter - Headers: auth=present content-type=null accept=application/json, text/plain, */*
2025-11-10 21:08:09.664 [34mINFO [0;39m [] [http-nio-8081-exec-9] c.b.config.logging.HttpLoggingFilter - Response payload: []
2025-11-10 21:08:09.724 [34mINFO [0;39m [] [http-nio-8081-exec-5] com.bharatshop.service.AuthService - Session lookup: token not found
2025-11-10 21:08:09.724 [34mINFO [0;39m [] [http-nio-8081-exec-10] com.bharatshop.service.AuthService - Session lookup: token not found
2025-11-10 21:08:09.726 [34mINFO [0;39m [] [http-nio-8081-exec-10] c.b.config.logging.HttpLoggingFilter - GET /api/seller/stores -> 401 (0 ms)
2025-11-10 21:08:09.726 [34mINFO [0;39m [] [http-nio-8081-exec-5] c.b.config.logging.HttpLoggingFilter - GET /api/seller/orders -> 401 (1 ms)
2025-11-10 21:08:09.727 [34mINFO [0;39m [] [http-nio-8081-exec-10] c.b.config.logging.HttpLoggingFilter - Headers: auth=present content-type=null accept=application/json, text/plain, */*
2025-11-10 21:08:09.727 [34mINFO [0;39m [] [http-nio-8081-exec-5] c.b.config.logging.HttpLoggingFilter - Headers: auth=present content-type=null accept=application/json, text/plain, */*
2025-11-10 21:08:09.727 [34mINFO [0;39m [] [http-nio-8081-exec-5] c.b.config.logging.HttpLoggingFilter - Response payload: {"message":"Unauthorized"}
2025-11-10 21:08:09.734 [34mINFO [0;39m [] [http-nio-8081-exec-3] com.bharatshop.service.AuthService - Session lookup: token not found
2025-11-10 21:08:09.734 [34mINFO [0;39m [] [http-nio-8081-exec-2] com.bharatshop.service.AuthService - Session lookup: token not found
2025-11-10 21:08:09.737 [34mINFO [0;39m [] [http-nio-8081-exec-2] c.b.config.logging.HttpLoggingFilter - GET /api/seller/stores -> 401 (1 ms)
2025-11-10 21:08:09.737 [34mINFO [0;39m [] [http-nio-8081-exec-3] c.b.config.logging.HttpLoggingFilter - GET /api/seller/orders -> 401 (1 ms)
2025-11-10 21:08:09.737 [34mINFO [0;39m [] [http-nio-8081-exec-2] c.b.config.logging.HttpLoggingFilter - Headers: auth=present content-type=null accept=application/json, text/plain, */*
2025-11-10 21:08:09.737 [34mINFO [0;39m [] [http-nio-8081-exec-3] c.b.config.logging.HttpLoggingFilter - Headers: auth=present content-type=null accept=application/json, text/plain, */*
2025-11-10 21:08:09.738 [34mINFO [0;39m [] [http-nio-8081-exec-3] c.b.config.logging.HttpLoggingFilter - Response payload: {"message":"Unauthorized"}
2025-11-10 21:13:04.344 [34mINFO [0;39m [] [http-nio-8081-exec-8] com.bharatshop.service.AuthService - Session lookup: token not found
2025-11-10 21:13:04.345 [34mINFO [0;39m [] [http-nio-8081-exec-8] com.bharatshop.web.CartController - Get cart: userId=guest
2025-11-10 21:13:04.347 [34mINFO [0;39m [] [http-nio-8081-exec-8] c.b.config.logging.HttpLoggingFilter - GET /store/cart -> 200 (2 ms)
2025-11-10 21:13:04.347 [34mINFO [0;39m [] [http-nio-8081-exec-8] c.b.config.logging.HttpLoggingFilter - Headers: auth=present content-type=null accept=application/json, text/plain, */*
2025-11-10 21:13:04.347 [34mINFO [0;39m [] [http-nio-8081-exec-8] c.b.config.logging.HttpLoggingFilter - Response payload: []
2025-11-10 21:13:04.351 [34mINFO [0;39m [] [http-nio-8081-exec-7] com.bharatshop.service.AuthService - Session lookup: token not found
2025-11-10 21:13:04.353 [34mINFO [0;39m [] [http-nio-8081-exec-7] com.bharatshop.web.CartController - Get cart: userId=guest
2025-11-10 21:13:04.353 [34mINFO [0;39m [] [http-nio-8081-exec-7] c.b.config.logging.HttpLoggingFilter - GET /store/cart -> 200 (0 ms)
2025-11-10 21:13:04.355 [34mINFO [0;39m [] [http-nio-8081-exec-7] c.b.config.logging.HttpLoggingFilter - Headers: auth=present content-type=null accept=application/json, text/plain, */*
2025-11-10 21:13:04.355 [34mINFO [0;39m [] [http-nio-8081-exec-7] c.b.config.logging.HttpLoggingFilter - Response payload: []
2025-11-10 21:13:04.394 [34mINFO [0;39m [] [http-nio-8081-exec-6] com.bharatshop.service.AuthService - Session lookup: token not found
2025-11-10 21:13:04.394 [34mINFO [0;39m [] [http-nio-8081-exec-1] com.bharatshop.service.AuthService - Session lookup: token not found
2025-11-10 21:13:04.397 [34mINFO [0;39m [] [http-nio-8081-exec-1] c.b.config.logging.HttpLoggingFilter - GET /api/seller/stores -> 401 (0 ms)
2025-11-10 21:13:04.397 [34mINFO [0;39m [] [http-nio-8081-exec-6] c.b.config.logging.HttpLoggingFilter - GET /api/seller/orders -> 401 (1 ms)
2025-11-10 21:13:04.397 [34mINFO [0;39m [] [http-nio-8081-exec-1] c.b.config.logging.HttpLoggingFilter - Headers: auth=present content-type=null accept=application/json, text/plain, */*
2025-11-10 21:13:04.397 [34mINFO [0;39m [] [http-nio-8081-exec-6] c.b.config.logging.HttpLoggingFilter - Headers: auth=present content-type=null accept=application/json, text/plain, */*
2025-11-10 21:13:04.399 [34mINFO [0;39m [] [http-nio-8081-exec-6] c.b.config.logging.HttpLoggingFilter - Response payload: {"message":"Unauthorized"}
2025-11-10 21:13:04.404 [34mINFO [0;39m [] [http-nio-8081-exec-4] com.bharatshop.service.AuthService - Session lookup: token not found
2025-11-10 21:13:04.404 [34mINFO [0;39m [] [http-nio-8081-exec-9] com.bharatshop.service.AuthService - Session lookup: token not found
2025-11-10 21:13:04.406 [34mINFO [0;39m [] [http-nio-8081-exec-9] c.b.config.logging.HttpLoggingFilter - GET /api/seller/stores -> 401 (1 ms)
2025-11-10 21:13:04.407 [34mINFO [0;39m [] [http-nio-8081-exec-9] c.b.config.logging.HttpLoggingFilter - Headers: auth=present content-type=null accept=application/json, text/plain, */*
2025-11-10 21:13:04.407 [34mINFO [0;39m [] [http-nio-8081-exec-4] c.b.config.logging.HttpLoggingFilter - GET /api/seller/orders -> 401 (2 ms)
2025-11-10 21:13:04.407 [34mINFO [0;39m [] [http-nio-8081-exec-4] c.b.config.logging.HttpLoggingFilter - Headers: auth=present content-type=null accept=application/json, text/plain, */*
2025-11-10 21:13:04.407 [34mINFO [0;39m [] [http-nio-8081-exec-4] c.b.config.logging.HttpLoggingFilter - Response payload: {"message":"Unauthorized"}
2025-11-10 21:13:16.295 [34mINFO [0;39m [] [http-nio-8081-exec-10] com.bharatshop.service.AuthService - Session lookup: token not found
2025-11-10 21:13:16.299 [34mINFO [0;39m [] [http-nio-8081-exec-10] c.b.config.logging.HttpLoggingFilter - GET /api/seller/stores -> 401 (2 ms)
2025-11-10 21:13:16.299 [34mINFO [0;39m [] [http-nio-8081-exec-10] c.b.config.logging.HttpLoggingFilter - Headers: auth=present content-type=null accept=application/json, text/plain, */*
2025-11-10 21:13:16.306 [34mINFO [0;39m [] [http-nio-8081-exec-5] com.bharatshop.service.AuthService - Session lookup: token not found
2025-11-10 21:13:16.309 [34mINFO [0;39m [] [http-nio-8081-exec-5] c.b.config.logging.HttpLoggingFilter - GET /api/seller/stores -> 401 (2 ms)
2025-11-10 21:13:16.309 [34mINFO [0;39m [] [http-nio-8081-exec-5] c.b.config.logging.HttpLoggingFilter - Headers: auth=present content-type=null accept=application/json, text/plain, */*
2025-11-10 22:02:22.001 [34mINFO [0;39m [] [http-nio-8081-exec-2] com.bharatshop.service.AuthService - Session lookup: token not found
2025-11-10 22:02:22.004 [34mINFO [0;39m [] [http-nio-8081-exec-2] c.b.web.StoreDiscoveryController - Discover stores: tenant=demo-store search=null category=null
2025-11-10 22:02:22.034 [34mINFO [0;39m [] [http-nio-8081-exec-2] c.b.config.logging.HttpLoggingFilter - GET /api/stores -> 200 (32 ms)
2025-11-10 22:02:22.034 [34mINFO [0;39m [] [http-nio-8081-exec-2] c.b.config.logging.HttpLoggingFilter - Headers: auth=present content-type=null accept=application/json, text/plain, */*
2025-11-10 22:02:22.034 [34mINFO [0;39m [] [http-nio-8081-exec-2] c.b.config.logging.HttpLoggingFilter - Response payload: [{"id":"5eb179de-5b3e-4d0b-9341-29b1f36053af","name":"City Pharmacy","area":"Brigade","category":"pharmacy"},{"id":"5991d938-9d2d-4805-b072-3fb6775244ce","name":"Fresh Mart","area":"MG Road","category":"grocery"},{"id":"11405c15-e838-425f-823e-f57c9b0d82f2","name":"Smoke Store","area":"Area","category":"General"},{"id":"e983c659-8d8f-423d-89d3-e50fab9d371e","name":"Sunrise Hotel","area":"Beach","category":"hospitality"},{"id":"de0d25cf-f3d9-4aa0-87ec-a97adede83fa","name":"Updated Store","area":"Updated City","category":"Updated Category"},{"id":"2eced9a2-e2ae-4678-8402-762a6dbd5de0","name":"Updated Store","area":"Updated City","category":"Updated Category"},{"id":"43e76f32-bc0b-4e3b-85a0-19f871012c0d","name":"Updated Store","area":"Updated City","category":"Updated Category"}]
2025-11-10 22:04:21.270 [34mINFO [0;39m [] [http-nio-8081-exec-8] com.bharatshop.web.AuthController - Register storefront user: email=sf@example.com
2025-11-10 22:04:21.270 [34mINFO [0;39m [] [http-nio-8081-exec-8] com.bharatshop.service.AuthService - Registering user: name=SF User, email=sf@example.com
2025-11-10 22:04:21.304 [34mINFO [0;39m [] [http-nio-8081-exec-8] com.bharatshop.service.AuthService - Session created: userId=789f032b-1e57-43cb-9893-1e91ef4b21fe role=USER
2025-11-10 22:04:21.304 [34mINFO [0;39m [] [http-nio-8081-exec-8] com.bharatshop.service.AuthService - User registered: id=789f032b-1e57-43cb-9893-1e91ef4b21fe, token=29f567c6-9a0c-4dde-8274-8110fadf4c46
2025-11-10 22:04:21.305 [34mINFO [0;39m [] [http-nio-8081-exec-8] com.bharatshop.web.AuthController - Storefront register success: userId=789f032b-1e57-43cb-9893-1e91ef4b21fe tokenPresent=true
2025-11-10 22:04:21.308 [34mINFO [0;39m [] [http-nio-8081-exec-8] c.b.config.logging.HttpLoggingFilter - POST /api/storefront/auth/register -> 200 (63 ms)
2025-11-10 22:04:21.308 [34mINFO [0;39m [] [http-nio-8081-exec-8] c.b.config.logging.HttpLoggingFilter - Headers: auth=absent content-type=application/json accept=*/*
2025-11-10 22:04:21.309 [34mINFO [0;39m [] [http-nio-8081-exec-8] c.b.config.logging.HttpLoggingFilter - Request payload: {"name":"SF User","email":"sf@example.com","password":"Pass123!"}
2025-11-10 22:04:21.309 [34mINFO [0;39m [] [http-nio-8081-exec-8] c.b.config.logging.HttpLoggingFilter - Response payload: {"token":"29f567c6-9a0c-4dde-8274-8110fadf4c46","user":{"id":"789f032b-1e57-43cb-9893-1e91ef4b21fe","name":"SF User","email":"sf@example.com","role":"USER"}}
2025-11-10 22:05:05.514 [34mINFO [0;39m [] [http-nio-8081-exec-7] com.bharatshop.web.AuthController - Login storefront (generic): email=sf@example.com
2025-11-10 22:05:05.514 [34mINFO [0;39m [] [http-nio-8081-exec-7] com.bharatshop.service.AuthService - Login (storefront) attempt: email=sf@example.com
2025-11-10 22:05:05.529 [34mINFO [0;39m [] [http-nio-8081-exec-7] com.bharatshop.service.AuthService - Session created: userId=789f032b-1e57-43cb-9893-1e91ef4b21fe role=USER
2025-11-10 22:05:05.529 [34mINFO [0;39m [] [http-nio-8081-exec-7] com.bharatshop.service.AuthService - Login (storefront) success: userId=789f032b-1e57-43cb-9893-1e91ef4b21fe token=36381b9a-0812-4324-999c-aa5e69a42723 role=USER
2025-11-10 22:05:05.529 [34mINFO [0;39m [] [http-nio-8081-exec-7] com.bharatshop.web.AuthController - Storefront login success: userId=789f032b-1e57-43cb-9893-1e91ef4b21fe
2025-11-10 22:05:05.531 [34mINFO [0;39m [] [http-nio-8081-exec-7] c.b.config.logging.HttpLoggingFilter - POST /api/storefront/auth/login -> 200 (18 ms)
2025-11-10 22:05:05.531 [34mINFO [0;39m [] [http-nio-8081-exec-7] c.b.config.logging.HttpLoggingFilter - Headers: auth=absent content-type=application/json accept=*/*
2025-11-10 22:05:05.531 [34mINFO [0;39m [] [http-nio-8081-exec-7] c.b.config.logging.HttpLoggingFilter - Request payload: {"email":"sf@example.com","password":"Pass123!"}
2025-11-10 22:05:05.531 [34mINFO [0;39m [] [http-nio-8081-exec-7] c.b.config.logging.HttpLoggingFilter - Response payload: {"token":"36381b9a-0812-4324-999c-aa5e69a42723","user":{"id":"789f032b-1e57-43cb-9893-1e91ef4b21fe","name":"SF User","email":"sf@example.com","role":"USER"}}
2025-11-10 22:05:28.049 [34mINFO [0;39m [] [http-nio-8081-exec-6] com.bharatshop.web.AuthController - OTP send requested: phone=+917355460178
2025-11-10 22:05:28.051 [34mINFO [0;39m [] [http-nio-8081-exec-6] com.bharatshop.service.AuthService - Sending OTP to phone=+917355460178
2025-11-10 22:05:28.057 [34mINFO [0;39m [] [http-nio-8081-exec-6] com.bharatshop.service.AuthService - OTP generated: otpId=be205b46-4a0f-4132-84fb-49dc339ee425 expiresAt=1762792648057
2025-11-10 22:05:28.062 [34mINFO [0;39m [] [http-nio-8081-exec-6] c.b.service.LogNotificationService - [SMS] to=+917355460178 message=Your Bharatshop OTP is 202510. Valid for 2 minutes.
2025-11-10 22:05:28.104 [34mINFO [0;39m [] [http-nio-8081-exec-6] c.b.config.logging.HttpLoggingFilter - POST /api/storefront/auth/otp/send -> 200 (64 ms)
2025-11-10 22:05:28.104 [34mINFO [0;39m [] [http-nio-8081-exec-6] c.b.config.logging.HttpLoggingFilter - Headers: auth=absent content-type=application/json accept=*/*
2025-11-10 22:05:28.106 [34mINFO [0;39m [] [http-nio-8081-exec-6] c.b.config.logging.HttpLoggingFilter - Request payload: {"phone":"+917355460178"}
2025-11-10 22:05:28.106 [34mINFO [0;39m [] [http-nio-8081-exec-6] c.b.config.logging.HttpLoggingFilter - Response payload: {"ttlSeconds":120,"success":true,"otpId":"be205b46-4a0f-4132-84fb-49dc339ee425","otp":"202510"}
2025-11-10 22:05:46.179 [34mINFO [0;39m [] [http-nio-8081-exec-1] com.bharatshop.web.AuthController - OTP verify requested: phone=+919999999999 otpPresent=true
2025-11-10 22:05:46.179 [34mINFO [0;39m [] [http-nio-8081-exec-1] com.bharatshop.service.AuthService - Verifying OTP for phone=+919999999999
2025-11-10 22:05:46.180 [31mWARN [0;39m [] [http-nio-8081-exec-1] com.bharatshop.service.AuthService - OTP verification failed: no OTP for phone=+919999999999
2025-11-10 22:05:46.182 [34mINFO [0;39m [] [http-nio-8081-exec-1] c.b.config.logging.HttpLoggingFilter - POST /api/storefront/auth/otp/verify -> 400 (4 ms)
2025-11-10 22:05:46.182 [34mINFO [0;39m [] [http-nio-8081-exec-1] c.b.config.logging.HttpLoggingFilter - Headers: auth=absent content-type=application/json accept=*/*
2025-11-10 22:05:46.182 [34mINFO [0;39m [] [http-nio-8081-exec-1] c.b.config.logging.HttpLoggingFilter - Request payload: {"phone":"+919999999999","otp":"202510"}
2025-11-10 22:05:46.182 [34mINFO [0;39m [] [http-nio-8081-exec-1] c.b.config.logging.HttpLoggingFilter - Response payload: {"success":false}
2025-11-10 22:05:58.869 [34mINFO [0;39m [] [http-nio-8081-exec-9] com.bharatshop.web.AuthController - OTP verify requested: phone=+917355460178 otpPresent=true
2025-11-10 22:05:58.869 [34mINFO [0;39m [] [http-nio-8081-exec-9] com.bharatshop.service.AuthService - Verifying OTP for phone=+917355460178
2025-11-10 22:05:58.869 [34mINFO [0;39m [] [http-nio-8081-exec-9] com.bharatshop.service.AuthService - OTP verification success for phone=+917355460178
2025-11-10 22:05:58.871 [34mINFO [0;39m [] [http-nio-8081-exec-9] com.bharatshop.service.AuthService - Login (phone) attempt: phone=+917355460178
2025-11-10 22:05:58.877 [34mINFO [0;39m [] [http-nio-8081-exec-9] com.bharatshop.service.AuthService - Session created: userId=8532c7b5-068a-4a19-a02c-c37a049a41d4 role=USER
2025-11-10 22:05:58.877 [34mINFO [0;39m [] [http-nio-8081-exec-9] com.bharatshop.service.AuthService - Login (phone) success: userId=8532c7b5-068a-4a19-a02c-c37a049a41d4 token=c38be27c-9ad8-4e91-998d-a8bb2a259f25 role=USER 
2025-11-10 22:05:58.877 [34mINFO [0;39m [] [http-nio-8081-exec-9] com.bharatshop.web.AuthController - OTP verify success: userId=8532c7b5-068a-4a19-a02c-c37a049a41d4 tokenPresent=true
2025-11-10 22:05:58.879 [34mINFO [0;39m [] [http-nio-8081-exec-9] c.b.config.logging.HttpLoggingFilter - POST /api/storefront/auth/otp/verify -> 200 (11 ms)
2025-11-10 22:05:58.879 [34mINFO [0;39m [] [http-nio-8081-exec-9] c.b.config.logging.HttpLoggingFilter - Headers: auth=absent content-type=application/json accept=*/*
2025-11-10 22:05:58.880 [34mINFO [0;39m [] [http-nio-8081-exec-9] c.b.config.logging.HttpLoggingFilter - Request payload: {"phone":"+917355460178","otp":"202510"}
2025-11-10 22:05:58.880 [34mINFO [0;39m [] [http-nio-8081-exec-9] c.b.config.logging.HttpLoggingFilter - Response payload: {"user":{"id":"8532c7b5-068a-4a19-a02c-c37a049a41d4","name":"User0178","phone":"+917355460178","role":"USER"},"success":true,"token":"c38be27c-9ad8-4e91-998d-a8bb2a259f25"}
2025-11-10 22:06:53.662 [34mINFO [0;39m [] [http-nio-8081-exec-10] com.bharatshop.web.AuthController - OTP resend requested: phone=+917355460178 otpIdPresent=true
2025-11-10 22:06:53.663 [34mINFO [0;39m [] [http-nio-8081-exec-10] c.b.service.LogNotificationService - [SMS] to=+917355460178 message=Your Bharatshop OTP is 202510. Valid for 2 minutes.
2025-11-10 22:06:53.672 [34mINFO [0;39m [] [http-nio-8081-exec-10] c.b.config.logging.HttpLoggingFilter - POST /api/storefront/auth/otp/resend -> 200 (12 ms)
2025-11-10 22:06:53.672 [34mINFO [0;39m [] [http-nio-8081-exec-10] c.b.config.logging.HttpLoggingFilter - Headers: auth=absent content-type=application/json accept=*/*
2025-11-10 22:06:53.672 [34mINFO [0;39m [] [http-nio-8081-exec-10] c.b.config.logging.HttpLoggingFilter - Request payload: {"phone":"+917355460178","otpId":"be205b46-4a0f-4132-84fb-49dc339ee425"}
2025-11-10 22:06:53.672 [34mINFO [0;39m [] [http-nio-8081-exec-10] c.b.config.logging.HttpLoggingFilter - Response payload: {"ttlSeconds":120,"success":true}
2025-11-10 22:07:33.273 [34mINFO [0;39m [] [http-nio-8081-exec-5] com.bharatshop.web.AuthController - Profile requested: tokenPresent=true 
2025-11-10 22:07:33.276 [34mINFO [0;39m [] [http-nio-8081-exec-5] com.bharatshop.web.AuthController - Profile success: userId=8532c7b5-068a-4a19-a02c-c37a049a41d4
2025-11-10 22:07:33.276 [34mINFO [0;39m [] [http-nio-8081-exec-5] c.b.config.logging.HttpLoggingFilter - GET /api/storefront/auth/profile -> 200 (4 ms)
2025-11-10 22:07:33.277 [34mINFO [0;39m [] [http-nio-8081-exec-5] c.b.config.logging.HttpLoggingFilter - Headers: auth=present content-type=null accept=*/*
2025-11-10 22:07:33.277 [34mINFO [0;39m [] [http-nio-8081-exec-5] c.b.config.logging.HttpLoggingFilter - Response payload: {"id":"8532c7b5-068a-4a19-a02c-c37a049a41d4","name":"User0178","phone":"+917355460178","role":"USER"}
2025-11-10 22:08:07.213 [34mINFO [0;39m [] [http-nio-8081-exec-2] c.b.web.StorefrontProductController - Storefront list products: tenant=local category=hospitality search= 
2025-11-10 22:08:07.221 [34mINFO [0;39m [] [http-nio-8081-exec-2] c.b.config.logging.HttpLoggingFilter - GET /api/storefront/products?search=&category=hospitality -> 200 (9 ms)
2025-11-10 22:08:07.221 [34mINFO [0;39m [] [http-nio-8081-exec-2] c.b.config.logging.HttpLoggingFilter - Headers: auth=absent content-type=null accept=*/*
2025-11-10 22:08:07.221 [34mINFO [0;39m [] [http-nio-8081-exec-2] c.b.config.logging.HttpLoggingFilter - Response payload: []
2025-11-10 22:08:14.966 [34mINFO [0;39m [] [http-nio-8081-exec-3] c.b.web.StorefrontProductController - Storefront list categories: tenant=local
2025-11-10 22:08:14.970 [34mINFO [0;39m [] [http-nio-8081-exec-3] c.b.config.logging.HttpLoggingFilter - GET /api/storefront/categories -> 200 (5 ms)
2025-11-10 22:08:14.970 [34mINFO [0;39m [] [http-nio-8081-exec-3] c.b.config.logging.HttpLoggingFilter - Headers: auth=absent content-type=null accept=*/*
2025-11-10 22:08:14.971 [34mINFO [0;39m [] [http-nio-8081-exec-3] c.b.config.logging.HttpLoggingFilter - Response payload: ["General","dairy","fruits","medicine","room"]
2025-11-10 22:08:22.697 [1;31mERROR[0;39m [] [http-nio-8081-exec-8] c.b.config.GlobalExceptionHandler - Unhandled exception
org.springframework.http.converter.HttpMessageNotReadableException: JSON parse error: Unexpected character (',' (code 44)): expected a value
	at org.springframework.http.converter.json.AbstractJackson2HttpMessageConverter.readJavaType(AbstractJackson2HttpMessageConverter.java:406)
	at org.springframework.http.converter.json.AbstractJackson2HttpMessageConverter.read(AbstractJackson2HttpMessageConverter.java:354)
	at org.springframework.web.servlet.mvc.method.annotation.AbstractMessageConverterMethodArgumentResolver.readWithMessageConverters(AbstractMessageConverterMethodArgumentResolver.java:184)
	at org.springframework.web.servlet.mvc.method.annotation.RequestResponseBodyMethodProcessor.readWithMessageConverters(RequestResponseBodyMethodProcessor.java:161)
	at org.springframework.web.servlet.mvc.method.annotation.RequestResponseBodyMethodProcessor.resolveArgument(RequestResponseBodyMethodProcessor.java:135)
	at org.springframework.web.method.support.HandlerMethodArgumentResolverComposite.resolveArgument(HandlerMethodArgumentResolverComposite.java:122)
	at org.springframework.web.method.support.InvocableHandlerMethod.getMethodArgumentValues(InvocableHandlerMethod.java:224)
	at org.springframework.web.method.support.InvocableHandlerMethod.invokeForRequest(InvocableHandlerMethod.java:178)
	at org.springframework.web.servlet.mvc.method.annotation.ServletInvocableHandlerMethod.invokeAndHandle(ServletInvocableHandlerMethod.java:118)
	at org.springframework.web.servlet.mvc.method.annotation.RequestMappingHandlerAdapter.invokeHandlerMethod(RequestMappingHandlerAdapter.java:926)
	at org.springframework.web.servlet.mvc.method.annotation.RequestMappingHandlerAdapter.handleInternal(RequestMappingHandlerAdapter.java:831)
	at org.springframework.web.servlet.mvc.method.AbstractHandlerMethodAdapter.handle(AbstractHandlerMethodAdapter.java:87)
	at org.springframework.web.servlet.DispatcherServlet.doDispatch(DispatcherServlet.java:1089)
	at org.springframework.web.servlet.DispatcherServlet.doService(DispatcherServlet.java:979)
	at org.springframework.web.servlet.FrameworkServlet.processRequest(FrameworkServlet.java:1014)
	at org.springframework.web.servlet.FrameworkServlet.doPost(FrameworkServlet.java:914)
	at jakarta.servlet.http.HttpServlet.service(HttpServlet.java:590)
	at org.springframework.web.servlet.FrameworkServlet.service(FrameworkServlet.java:885)
	at jakarta.servlet.http.HttpServlet.service(HttpServlet.java:658)
	at org.apache.catalina.core.ApplicationFilterChain.internalDoFilter(ApplicationFilterChain.java:195)
	at org.apache.catalina.core.ApplicationFilterChain.doFilter(ApplicationFilterChain.java:140)
	at org.apache.tomcat.websocket.server.WsFilter.doFilter(WsFilter.java:51)
	at org.apache.catalina.core.ApplicationFilterChain.internalDoFilter(ApplicationFilterChain.java:164)
	at org.apache.catalina.core.ApplicationFilterChain.doFilter(ApplicationFilterChain.java:140)
	at org.springframework.web.filter.OncePerRequestFilter.doFilter(OncePerRequestFilter.java:110)
	at org.apache.catalina.core.ApplicationFilterChain.internalDoFilter(ApplicationFilterChain.java:164)
	at org.apache.catalina.core.ApplicationFilterChain.doFilter(ApplicationFilterChain.java:140)
	at com.bharatshop.config.TenantFilter.doFilterInternal(TenantFilter.java:31)
	at org.springframework.web.filter.OncePerRequestFilter.doFilter(OncePerRequestFilter.java:116)
	at org.apache.catalina.core.ApplicationFilterChain.internalDoFilter(ApplicationFilterChain.java:164)
	at org.apache.catalina.core.ApplicationFilterChain.doFilter(ApplicationFilterChain.java:140)
	at com.bharatshop.config.logging.HttpLoggingFilter.doFilterInternal(HttpLoggingFilter.java:32)
	at org.springframework.web.filter.OncePerRequestFilter.doFilter(OncePerRequestFilter.java:116)
	at org.apache.catalina.core.ApplicationFilterChain.internalDoFilter(ApplicationFilterChain.java:164)
	at org.apache.catalina.core.ApplicationFilterChain.doFilter(ApplicationFilterChain.java:140)
	at com.bharatshop.config.logging.CorrelationIdFilter.doFilterInternal(CorrelationIdFilter.java:29)
	at org.springframework.web.filter.OncePerRequestFilter.doFilter(OncePerRequestFilter.java:116)
	at org.apache.catalina.core.ApplicationFilterChain.internalDoFilter(ApplicationFilterChain.java:164)
	at org.apache.catalina.core.ApplicationFilterChain.doFilter(ApplicationFilterChain.java:140)
	at org.springframework.web.filter.CompositeFilter$VirtualFilterChain.doFilter(CompositeFilter.java:108)
	at org.springframework.security.web.FilterChainProxy.lambda$doFilterInternal$3(FilterChainProxy.java:231)
	at org.springframework.security.web.ObservationFilterChainDecorator$FilterObservation$SimpleFilterObservation.lambda$wrap$1(ObservationFilterChainDecorator.java:479)
	at org.springframework.security.web.ObservationFilterChainDecorator$AroundFilterObservation$SimpleAroundFilterObservation.lambda$wrap$1(ObservationFilterChainDecorator.java:340)
	at org.springframework.security.web.ObservationFilterChainDecorator.lambda$wrapSecured$0(ObservationFilterChainDecorator.java:82)
	at org.springframework.security.web.ObservationFilterChainDecorator$VirtualFilterChain.doFilter(ObservationFilterChainDecorator.java:128)
	at org.springframework.security.web.access.intercept.AuthorizationFilter.doFilter(AuthorizationFilter.java:100)
	at org.springframework.security.web.ObservationFilterChainDecorator$ObservationFilter.wrapFilter(ObservationFilterChainDecorator.java:240)
	at org.springframework.security.web.ObservationFilterChainDecorator$ObservationFilter.doFilter(ObservationFilterChainDecorator.java:227)
	at org.springframework.security.web.ObservationFilterChainDecorator$VirtualFilterChain.doFilter(ObservationFilterChainDecorator.java:137)
	at org.springframework.security.web.access.ExceptionTranslationFilter.doFilter(ExceptionTranslationFilter.java:126)
	at org.springframework.security.web.access.ExceptionTranslationFilter.doFilter(ExceptionTranslationFilter.java:120)
	at org.springframework.security.web.ObservationFilterChainDecorator$ObservationFilter.wrapFilter(ObservationFilterChainDecorator.java:240)
	at org.springframework.security.web.ObservationFilterChainDecorator$ObservationFilter.doFilter(ObservationFilterChainDecorator.java:227)
	at org.springframework.security.web.ObservationFilterChainDecorator$VirtualFilterChain.doFilter(ObservationFilterChainDecorator.java:137)
	at org.springframework.security.web.authentication.AnonymousAuthenticationFilter.doFilter(AnonymousAuthenticationFilter.java:100)
	at org.springframework.security.web.ObservationFilterChainDecorator$ObservationFilter.wrapFilter(ObservationFilterChainDecorator.java:240)
	at org.springframework.security.web.ObservationFilterChainDecorator$ObservationFilter.doFilter(ObservationFilterChainDecorator.java:227)
	at org.springframework.security.web.ObservationFilterChainDecorator$VirtualFilterChain.doFilter(ObservationFilterChainDecorator.java:137)
	at org.springframework.security.web.servletapi.SecurityContextHolderAwareRequestFilter.doFilter(SecurityContextHolderAwareRequestFilter.java:179)
	at org.springframework.security.web.ObservationFilterChainDecorator$ObservationFilter.wrapFilter(ObservationFilterChainDecorator.java:240)
	at org.springframework.security.web.ObservationFilterChainDecorator$ObservationFilter.doFilter(ObservationFilterChainDecorator.java:227)
	at org.springframework.security.web.ObservationFilterChainDecorator$VirtualFilterChain.doFilter(ObservationFilterChainDecorator.java:137)
	at org.springframework.security.web.savedrequest.RequestCacheAwareFilter.doFilter(RequestCacheAwareFilter.java:63)
	at org.springframework.security.web.ObservationFilterChainDecorator$ObservationFilter.wrapFilter(ObservationFilterChainDecorator.java:240)
	at org.springframework.security.web.ObservationFilterChainDecorator$ObservationFilter.doFilter(ObservationFilterChainDecorator.java:227)
	at org.springframework.security.web.ObservationFilterChainDecorator$VirtualFilterChain.doFilter(ObservationFilterChainDecorator.java:137)
	at com.bharatshop.security.TokenAuthFilter.doFilterInternal(TokenAuthFilter.java:36)
	at org.springframework.web.filter.OncePerRequestFilter.doFilter(OncePerRequestFilter.java:116)
	at org.springframework.security.web.ObservationFilterChainDecorator$ObservationFilter.wrapFilter(ObservationFilterChainDecorator.java:240)
	at org.springframework.security.web.ObservationFilterChainDecorator$ObservationFilter.doFilter(ObservationFilterChainDecorator.java:227)
	at org.springframework.security.web.ObservationFilterChainDecorator$VirtualFilterChain.doFilter(ObservationFilterChainDecorator.java:137)
	at org.springframework.security.web.authentication.logout.LogoutFilter.doFilter(LogoutFilter.java:107)
	at org.springframework.security.web.authentication.logout.LogoutFilter.doFilter(LogoutFilter.java:93)
	at org.springframework.security.web.ObservationFilterChainDecorator$ObservationFilter.wrapFilter(ObservationFilterChainDecorator.java:240)
	at org.springframework.security.web.ObservationFilterChainDecorator$ObservationFilter.doFilter(ObservationFilterChainDecorator.java:227)
	at org.springframework.security.web.ObservationFilterChainDecorator$VirtualFilterChain.doFilter(ObservationFilterChainDecorator.java:137)
	at org.springframework.web.filter.CorsFilter.doFilterInternal(CorsFilter.java:91)
	at org.springframework.web.filter.OncePerRequestFilter.doFilter(OncePerRequestFilter.java:116)
	at org.springframework.security.web.ObservationFilterChainDecorator$ObservationFilter.wrapFilter(ObservationFilterChainDecorator.java:240)
	at org.springframework.security.web.ObservationFilterChainDecorator$ObservationFilter.doFilter(ObservationFilterChainDecorator.java:227)
	at org.springframework.security.web.ObservationFilterChainDecorator$VirtualFilterChain.doFilter(ObservationFilterChainDecorator.java:137)
	at org.springframework.security.web.header.HeaderWriterFilter.doHeadersAfter(HeaderWriterFilter.java:90)
	at org.springframework.security.web.header.HeaderWriterFilter.doFilterInternal(HeaderWriterFilter.java:75)
	at org.springframework.web.filter.OncePerRequestFilter.doFilter(OncePerRequestFilter.java:116)
	at org.springframework.security.web.ObservationFilterChainDecorator$ObservationFilter.wrapFilter(ObservationFilterChainDecorator.java:240)
	at org.springframework.security.web.ObservationFilterChainDecorator$ObservationFilter.doFilter(ObservationFilterChainDecorator.java:227)
	at org.springframework.security.web.ObservationFilterChainDecorator$VirtualFilterChain.doFilter(ObservationFilterChainDecorator.java:137)
	at org.springframework.security.web.context.SecurityContextHolderFilter.doFilter(SecurityContextHolderFilter.java:82)
	at org.springframework.security.web.context.SecurityContextHolderFilter.doFilter(SecurityContextHolderFilter.java:69)
	at org.springframework.security.web.ObservationFilterChainDecorator$ObservationFilter.wrapFilter(ObservationFilterChainDecorator.java:240)
	at org.springframework.security.web.ObservationFilterChainDecorator$ObservationFilter.doFilter(ObservationFilterChainDecorator.java:227)
	at org.springframework.security.web.ObservationFilterChainDecorator$VirtualFilterChain.doFilter(ObservationFilterChainDecorator.java:137)
	at org.springframework.security.web.context.request.async.WebAsyncManagerIntegrationFilter.doFilterInternal(WebAsyncManagerIntegrationFilter.java:62)
	at org.springframework.web.filter.OncePerRequestFilter.doFilter(OncePerRequestFilter.java:116)
	at org.springframework.security.web.ObservationFilterChainDecorator$ObservationFilter.wrapFilter(ObservationFilterChainDecorator.java:240)
	at org.springframework.security.web.ObservationFilterChainDecorator$ObservationFilter.doFilter(ObservationFilterChainDecorator.java:227)
	at org.springframework.security.web.ObservationFilterChainDecorator$VirtualFilterChain.doFilter(ObservationFilterChainDecorator.java:137)
	at org.springframework.security.web.session.DisableEncodeUrlFilter.doFilterInternal(DisableEncodeUrlFilter.java:42)
	at org.springframework.web.filter.OncePerRequestFilter.doFilter(OncePerRequestFilter.java:116)
	at org.springframework.security.web.ObservationFilterChainDecorator$ObservationFilter.wrapFilter(ObservationFilterChainDecorator.java:240)
	at org.springframework.security.web.ObservationFilterChainDecorator$AroundFilterObservation$SimpleAroundFilterObservation.lambda$wrap$0(ObservationFilterChainDecorator.java:323)
	at org.springframework.security.web.ObservationFilterChainDecorator$ObservationFilter.doFilter(ObservationFilterChainDecorator.java:224)
	at org.springframework.security.web.ObservationFilterChainDecorator$VirtualFilterChain.doFilter(ObservationFilterChainDecorator.java:137)
	at org.springframework.security.web.FilterChainProxy.doFilterInternal(FilterChainProxy.java:233)
	at org.springframework.security.web.FilterChainProxy.doFilter(FilterChainProxy.java:191)
	at org.springframework.web.filter.CompositeFilter$VirtualFilterChain.doFilter(CompositeFilter.java:113)
	at org.springframework.web.servlet.handler.HandlerMappingIntrospector.lambda$createCacheFilter$3(HandlerMappingIntrospector.java:195)
	at org.springframework.web.filter.CompositeFilter$VirtualFilterChain.doFilter(CompositeFilter.java:113)
	at org.springframework.web.filter.CompositeFilter.doFilter(CompositeFilter.java:74)
	at org.springframework.security.config.annotation.web.configuration.WebMvcSecurityConfiguration$CompositeFilterChainProxy.doFilter(WebMvcSecurityConfiguration.java:230)
	at org.springframework.web.filter.DelegatingFilterProxy.invokeDelegate(DelegatingFilterProxy.java:352)
	at org.springframework.web.filter.DelegatingFilterProxy.doFilter(DelegatingFilterProxy.java:268)
	at org.apache.catalina.core.ApplicationFilterChain.internalDoFilter(ApplicationFilterChain.java:164)
	at org.apache.catalina.core.ApplicationFilterChain.doFilter(ApplicationFilterChain.java:140)
	at org.springframework.web.filter.RequestContextFilter.doFilterInternal(RequestContextFilter.java:100)
	at org.springframework.web.filter.OncePerRequestFilter.doFilter(OncePerRequestFilter.java:116)
	at org.apache.catalina.core.ApplicationFilterChain.internalDoFilter(ApplicationFilterChain.java:164)
	at org.apache.catalina.core.ApplicationFilterChain.doFilter(ApplicationFilterChain.java:140)
	at org.springframework.web.filter.FormContentFilter.doFilterInternal(FormContentFilter.java:93)
	at org.springframework.web.filter.OncePerRequestFilter.doFilter(OncePerRequestFilter.java:116)
	at org.apache.catalina.core.ApplicationFilterChain.internalDoFilter(ApplicationFilterChain.java:164)
	at org.apache.catalina.core.ApplicationFilterChain.doFilter(ApplicationFilterChain.java:140)
	at org.springframework.web.filter.ServerHttpObservationFilter.doFilterInternal(ServerHttpObservationFilter.java:113)
	at org.springframework.web.filter.OncePerRequestFilter.doFilter(OncePerRequestFilter.java:116)
	at org.apache.catalina.core.ApplicationFilterChain.internalDoFilter(ApplicationFilterChain.java:164)
	at org.apache.catalina.core.ApplicationFilterChain.doFilter(ApplicationFilterChain.java:140)
	at org.springframework.web.filter.CharacterEncodingFilter.doFilterInternal(CharacterEncodingFilter.java:201)
	at org.springframework.web.filter.OncePerRequestFilter.doFilter(OncePerRequestFilter.java:116)
	at org.apache.catalina.core.ApplicationFilterChain.internalDoFilter(ApplicationFilterChain.java:164)
	at org.apache.catalina.core.ApplicationFilterChain.doFilter(ApplicationFilterChain.java:140)
	at org.apache.catalina.core.StandardWrapperValve.invoke(StandardWrapperValve.java:167)
	at org.apache.catalina.core.StandardContextValve.invoke(StandardContextValve.java:90)
	at org.apache.catalina.authenticator.AuthenticatorBase.invoke(AuthenticatorBase.java:483)
	at org.apache.catalina.core.StandardHostValve.invoke(StandardHostValve.java:115)
	at org.apache.catalina.valves.ErrorReportValve.invoke(ErrorReportValve.java:93)
	at org.apache.catalina.core.StandardEngineValve.invoke(StandardEngineValve.java:74)
	at org.apache.catalina.valves.AbstractAccessLogValve.invoke(AbstractAccessLogValve.java:663)
	at org.apache.catalina.connector.CoyoteAdapter.service(CoyoteAdapter.java:344)
	at org.apache.coyote.http11.Http11Processor.service(Http11Processor.java:384)
	at org.apache.coyote.AbstractProcessorLight.process(AbstractProcessorLight.java:63)
	at org.apache.coyote.AbstractProtocol$ConnectionHandler.process(AbstractProtocol.java:905)
	at org.apache.tomcat.util.net.NioEndpoint$SocketProcessor.doRun(NioEndpoint.java:1741)
	at org.apache.tomcat.util.net.SocketProcessorBase.run(SocketProcessorBase.java:52)
	at org.apache.tomcat.util.threads.ThreadPoolExecutor.runWorker(ThreadPoolExecutor.java:1190)
	at org.apache.tomcat.util.threads.ThreadPoolExecutor$Worker.run(ThreadPoolExecutor.java:659)
	at org.apache.tomcat.util.threads.TaskThread$WrappingRunnable.run(TaskThread.java:63)
	at java.base/java.lang.Thread.run(Thread.java:842)
Caused by: com.fasterxml.jackson.databind.JsonMappingException: Unexpected character (',' (code 44)): expected a value
 at [Source: REDACTED (`StreamReadFeature.INCLUDE_SOURCE_IN_LOCATION` disabled); line: 2, column: 47] (through reference chain: com.bharatshop.dto.CheckoutRequest["items"]->java.util.ArrayList[0])
	at com.fasterxml.jackson.databind.JsonMappingException.wrapWithPath(JsonMappingException.java:402)
	at com.fasterxml.jackson.databind.JsonMappingException.wrapWithPath(JsonMappingException.java:373)
	at com.fasterxml.jackson.databind.deser.std.CollectionDeserializer._deserializeFromArray(CollectionDeserializer.java:381)
	at com.fasterxml.jackson.databind.deser.std.CollectionDeserializer.deserialize(CollectionDeserializer.java:246)
	at com.fasterxml.jackson.databind.deser.std.CollectionDeserializer.deserialize(CollectionDeserializer.java:30)
	at com.fasterxml.jackson.databind.deser.impl.MethodProperty.deserializeAndSet(MethodProperty.java:129)
	at com.fasterxml.jackson.databind.deser.BeanDeserializer.deserializeFromObject(BeanDeserializer.java:399)
	at com.fasterxml.jackson.databind.deser.BeanDeserializer.deserialize(BeanDeserializer.java:185)
	at com.fasterxml.jackson.databind.deser.DefaultDeserializationContext.readRootValue(DefaultDeserializationContext.java:342)
	at com.fasterxml.jackson.databind.ObjectReader._bindAndClose(ObjectReader.java:2125)
	at com.fasterxml.jackson.databind.ObjectReader.readValue(ObjectReader.java:1501)
	at org.springframework.http.converter.json.AbstractJackson2HttpMessageConverter.readJavaType(AbstractJackson2HttpMessageConverter.java:395)
	... 146 common frames omitted
Caused by: com.fasterxml.jackson.core.JsonParseException: Unexpected character (',' (code 44)): expected a value
 at [Source: REDACTED (`StreamReadFeature.INCLUDE_SOURCE_IN_LOCATION` disabled); line: 2, column: 47]
	at com.fasterxml.jackson.core.JsonParser._constructReadException(JsonParser.java:2648)
	at com.fasterxml.jackson.core.base.ParserMinimalBase._reportUnexpectedChar(ParserMinimalBase.java:685)
	at com.fasterxml.jackson.core.json.UTF8StreamJsonParser._handleUnexpectedValue(UTF8StreamJsonParser.java:2717)
	at com.fasterxml.jackson.core.json.UTF8StreamJsonParser.nextFieldName(UTF8StreamJsonParser.java:1098)
	at com.fasterxml.jackson.databind.deser.BeanDeserializer.deserializeFromObject(BeanDeserializer.java:406)
	at com.fasterxml.jackson.databind.deser.BeanDeserializer.deserialize(BeanDeserializer.java:185)
	at com.fasterxml.jackson.databind.deser.std.CollectionDeserializer._deserializeFromArray(CollectionDeserializer.java:361)
	... 155 common frames omitted
2025-11-10 22:08:22.710 [34mINFO [0;39m [] [http-nio-8081-exec-8] c.b.config.logging.HttpLoggingFilter - POST /api/storefront/checkout -> 500 (27 ms)
2025-11-10 22:08:22.710 [34mINFO [0;39m [] [http-nio-8081-exec-8] c.b.config.logging.HttpLoggingFilter - Headers: auth=present content-type=application/json accept=*/*
2025-11-10 22:08:22.710 [34mINFO [0;39m [] [http-nio-8081-exec-8] c.b.config.logging.HttpLoggingFilter - Request payload: {
  "items": [ { "id": "", "name": "", "price": , "quantity": 1 } ],
  "totals": { "payable":  },
  "paymentMethod": "cod",
  "address": { "line1": "123", "city": "BLR" }
}
2025-11-10 22:08:22.710 [34mINFO [0;39m [] [http-nio-8081-exec-8] c.b.config.logging.HttpLoggingFilter - Response payload: {"message":"JSON parse error: Unexpected character (',' (code 44)): expected a value"}
2025-11-10 22:09:03.543 [34mINFO [0;39m [] [http-nio-8081-exec-6] c.b.web.StorefrontProductController - Storefront list products: tenant=local category= search= 
2025-11-10 22:09:03.548 [34mINFO [0;39m [] [http-nio-8081-exec-6] c.b.config.logging.HttpLoggingFilter - GET /api/storefront/products?search=&category= -> 200 (5 ms)
2025-11-10 22:09:03.549 [34mINFO [0;39m [] [http-nio-8081-exec-6] c.b.config.logging.HttpLoggingFilter - Headers: auth=absent content-type=null accept=*/*
2025-11-10 22:09:03.549 [34mINFO [0;39m [] [http-nio-8081-exec-6] c.b.config.logging.HttpLoggingFilter - Response payload: [{"id":"5e700c3c-5c38-415e-b4df-4f0dd54cfcb3","name":"Apples","price":120.0,"category":"fruits","storeId":"5991d938-9d2d-4805-b072-3fb6775244ce","active":true},{"id":"27068098-b176-4af8-8abd-b0d16ef6bd54","name":"Milk","price":60.0,"category":"dairy","storeId":"5991d938-9d2d-4805-b072-3fb6775244ce","active":true},{"id":"7fcfd333-4943-43d4-87ff-3d8d3876c170","name":"Paracetamol","price":35.0,"category":"medicine","storeId":"5eb179de-5b3e-4d0b-9341-29b1f36053af","active":true},{"id":"5a57e43a-faaa-42eb-ac72-cf6c6c5bedaa","name":"Platform Item","price":299.0,"description":"Desc","category":"General","storeId":"de0d25cf-f3d9-4aa0-87ec-a97adede83fa","active":true},{"id":"49d0e4a2-5b4c-49f6-ab5e-b944bbe17759","name":"Platform Item","price":299.0,"description":"Desc","category":"General","storeId":"2eced9a2-e2ae-4678-8402-762a6dbd5de0","active":true},{"id":"0954098d-580d-4cf9-8819-8bd451083901","name":"Platform Item","price":299.0,"description":"Desc","category":"General","storeId":"43e76f32-bc0b-4e3b-85a0-19f871012c0d","active":true},{"id":"4c377b5c-c7ca-4218-809d-e2f539aa6acc","name":"Product Name","price":299.0,"description":"Desc","image":"image.jpg","category":"General","storeId":"de0d25cf-f3d9-4aa0-87ec-a97adede83fa","currency":"INR","sku":"SKU123","stock":10,"active":true},{"id":"ea8a9eaf-e4b8-4ed3-b5a1-d0ddc315c9e3","name":"Product Name","price":299.0,"description":"Desc","image":"image.jpg","category":"General","storeId":"2eced9a2-e2ae-4678-8402-762a6dbd5de0","currency":"INR","sku":"SKU123","stock":10,"active":true},{"id":"ad90baa4-cdcf-4220-a2d6-786236625d91","name":"Product Name","price":299.0,"description":"Desc","image":"image.jpg","category":"General","storeId":"43e76f32-bc0b-4e3b-85a0-19f871012c0d","currency":"INR","sku":"SKU123","stock":10,"active":true},{"id":"ae53758a-7527-43c8-bb7a-d3813d13c56b","name":"Room Deluxe","price":2500.0,"category":"room","storeId":"e983c659-8d8f-423d-89d3-e50fab9d371e","active":true}]
2025-11-10 22:09:14.168 [34mINFO [0;39m [] [http-nio-8081-exec-1] com.bharatshop.service.AuthService - Session lookup: token not found
2025-11-10 22:09:14.170 [34mINFO [0;39m [] [http-nio-8081-exec-1] c.b.config.logging.HttpLoggingFilter - GET /api/seller/stores -> 401 (1 ms)
2025-11-10 22:09:14.170 [34mINFO [0;39m [] [http-nio-8081-exec-1] c.b.config.logging.HttpLoggingFilter - Headers: auth=present content-type=null accept=application/json, text/plain, */*
2025-11-10 22:09:14.173 [34mINFO [0;39m [] [http-nio-8081-exec-4] com.bharatshop.service.AuthService - Session lookup: token not found
2025-11-10 22:09:14.176 [34mINFO [0;39m [] [http-nio-8081-exec-4] c.b.config.logging.HttpLoggingFilter - GET /api/seller/stores -> 401 (1 ms)
2025-11-10 22:09:14.176 [34mINFO [0;39m [] [http-nio-8081-exec-4] c.b.config.logging.HttpLoggingFilter - Headers: auth=present content-type=null accept=application/json, text/plain, */*
2025-11-10 22:09:16.036 [34mINFO [0;39m [] [http-nio-8081-exec-9] c.bharatshop.web.CheckoutController - Checkout requested: tenant=local userId=8532c7b5-068a-4a19-a02c-c37a049a41d4 items=1 paymentMethod=cod
2025-11-10 22:09:16.057 [34mINFO [0;39m [] [http-nio-8081-exec-9] c.bharatshop.web.CheckoutController - Checkout success: orderId=b1f7bb54-cf40-43d8-9845-a9676034c715 reference=REF-b1f7bb54 userId=8532c7b5-068a-4a19-a02c-c37a049a41d4
2025-11-10 22:09:16.060 [34mINFO [0;39m [] [http-nio-8081-exec-9] c.b.config.logging.HttpLoggingFilter - POST /api/storefront/checkout -> 200 (29 ms)
2025-11-10 22:09:16.061 [34mINFO [0;39m [] [http-nio-8081-exec-9] c.b.config.logging.HttpLoggingFilter - Headers: auth=present content-type=application/json accept=*/*
2025-11-10 22:09:16.061 [34mINFO [0;39m [] [http-nio-8081-exec-9] c.b.config.logging.HttpLoggingFilter - Request payload: {
  "items": [ { "id": "5e700c3c-5c38-415e-b4df-4f0dd54cfcb3", "name": "Apples", "price": 120, "quantity": 1 } ],
  "totals": { "payable": 120 },
  "paymentMethod": "cod",
  "address": { "line1": "123", "city": "BLR" }
}
2025-11-10 22:09:16.061 [34mINFO [0;39m [] [http-nio-8081-exec-9] c.b.config.logging.HttpLoggingFilter - Response payload: {"reference":"REF-b1f7bb54","order":{"id":"b1f7bb54-cf40-43d8-9845-a9676034c715","reference":"REF-b1f7bb54","status":"placed","total":120.0,"totals":{"payable":120.0},"items":[{"id":"5e700c3c-5c38-415e-b4df-4f0dd54cfcb3","name":"Apples","price":120.0,"quantity":1}],"paymentMethod":"cod","address":{"line1":"123","city":"BLR"},"type":"order","createdAt":"2025-11-10T16:39:16.038015500Z"}}
2025-11-10 22:09:22.157 [34mINFO [0;39m [] [http-nio-8081-exec-10] com.bharatshop.service.AuthService - Session lookup: token not found
2025-11-10 22:09:22.159 [34mINFO [0;39m [] [http-nio-8081-exec-10] c.b.config.logging.HttpLoggingFilter - GET /api/seller/stores -> 401 (1 ms)
2025-11-10 22:09:22.159 [34mINFO [0;39m [] [http-nio-8081-exec-10] c.b.config.logging.HttpLoggingFilter - Headers: auth=present content-type=null accept=application/json, text/plain, */*
2025-11-10 22:09:28.077 [34mINFO [0;39m [] [http-nio-8081-exec-5] com.bharatshop.web.OrdersController - List orders: tenant=local userId=8532c7b5-068a-4a19-a02c-c37a049a41d4
2025-11-10 22:09:28.087 [34mINFO [0;39m [] [http-nio-8081-exec-5] com.bharatshop.web.OrdersController - Orders fetched: count=1
2025-11-10 22:09:28.087 [34mINFO [0;39m [] [http-nio-8081-exec-5] c.b.config.logging.HttpLoggingFilter - GET /api/storefront/orders -> 200 (11 ms)
2025-11-10 22:09:28.088 [34mINFO [0;39m [] [http-nio-8081-exec-5] c.b.config.logging.HttpLoggingFilter - Headers: auth=present content-type=null accept=*/*
2025-11-10 22:09:28.088 [34mINFO [0;39m [] [http-nio-8081-exec-5] c.b.config.logging.HttpLoggingFilter - Response payload: [{"id":"b1f7bb54-cf40-43d8-9845-a9676034c715","reference":"REF-b1f7bb54","status":"placed","total":120.0,"totals":{"payable":120.0},"items":[{"id":"a98d3d5e-989e-45b4-83b7-c07b9177acb6","name":"Apples","price":120.0,"quantity":1}],"paymentMethod":"cod","type":"order","createdAt":"2025-11-10T16:39:16.038016Z"}]
2025-11-10 22:09:36.585 [34mINFO [0;39m [] [http-nio-8081-exec-2] c.b.config.logging.HttpLoggingFilter - GET /api/storefront/orders/b1f7bb54-cf40-43d8-9845-a9676034c715 -> 404 (40 ms)
2025-11-10 22:09:36.585 [34mINFO [0;39m [] [http-nio-8081-exec-2] c.b.config.logging.HttpLoggingFilter - Headers: auth=present content-type=null accept=*/*
2025-11-10 22:10:30.741 [34mINFO [0;39m [] [http-nio-8081-exec-3] c.b.web.StoreLegacyController - Legacy list products: tenant=local category= search=
2025-11-10 22:10:30.746 [34mINFO [0;39m [] [http-nio-8081-exec-3] c.b.config.logging.HttpLoggingFilter - GET /store/products?search=&category= -> 200 (6 ms)
2025-11-10 22:10:30.746 [34mINFO [0;39m [] [http-nio-8081-exec-3] c.b.config.logging.HttpLoggingFilter - Headers: auth=absent content-type=null accept=*/*
2025-11-10 22:10:30.747 [34mINFO [0;39m [] [http-nio-8081-exec-3] c.b.config.logging.HttpLoggingFilter - Response payload: [{"id":"5e700c3c-5c38-415e-b4df-4f0dd54cfcb3","name":"Apples","price":120.0,"category":"fruits","storeId":"5991d938-9d2d-4805-b072-3fb6775244ce","active":true},{"id":"27068098-b176-4af8-8abd-b0d16ef6bd54","name":"Milk","price":60.0,"category":"dairy","storeId":"5991d938-9d2d-4805-b072-3fb6775244ce","active":true},{"id":"7fcfd333-4943-43d4-87ff-3d8d3876c170","name":"Paracetamol","price":35.0,"category":"medicine","storeId":"5eb179de-5b3e-4d0b-9341-29b1f36053af","active":true},{"id":"5a57e43a-faaa-42eb-ac72-cf6c6c5bedaa","name":"Platform Item","price":299.0,"description":"Desc","category":"General","storeId":"de0d25cf-f3d9-4aa0-87ec-a97adede83fa","active":true},{"id":"49d0e4a2-5b4c-49f6-ab5e-b944bbe17759","name":"Platform Item","price":299.0,"description":"Desc","category":"General","storeId":"2eced9a2-e2ae-4678-8402-762a6dbd5de0","active":true},{"id":"0954098d-580d-4cf9-8819-8bd451083901","name":"Platform Item","price":299.0,"description":"Desc","category":"General","storeId":"43e76f32-bc0b-4e3b-85a0-19f871012c0d","active":true},{"id":"4c377b5c-c7ca-4218-809d-e2f539aa6acc","name":"Product Name","price":299.0,"description":"Desc","image":"image.jpg","category":"General","storeId":"de0d25cf-f3d9-4aa0-87ec-a97adede83fa","currency":"INR","sku":"SKU123","stock":10,"active":true},{"id":"ea8a9eaf-e4b8-4ed3-b5a1-d0ddc315c9e3","name":"Product Name","price":299.0,"description":"Desc","image":"image.jpg","category":"General","storeId":"2eced9a2-e2ae-4678-8402-762a6dbd5de0","currency":"INR","sku":"SKU123","stock":10,"active":true},{"id":"ad90baa4-cdcf-4220-a2d6-786236625d91","name":"Product Name","price":299.0,"description":"Desc","image":"image.jpg","category":"General","storeId":"43e76f32-bc0b-4e3b-85a0-19f871012c0d","currency":"INR","sku":"SKU123","stock":10,"active":true},{"id":"ae53758a-7527-43c8-bb7a-d3813d13c56b","name":"Room Deluxe","price":2500.0,"category":"room","storeId":"e983c659-8d8f-423d-89d3-e50fab9d371e","active":true}]
2025-11-10 22:10:36.580 [34mINFO [0;39m [] [http-nio-8081-exec-8] c.b.web.StoreLegacyController - Legacy list categories: tenant=local
2025-11-10 22:10:36.583 [34mINFO [0;39m [] [http-nio-8081-exec-8] c.b.config.logging.HttpLoggingFilter - GET /store/categories -> 200 (3 ms)
2025-11-10 22:10:36.584 [34mINFO [0;39m [] [http-nio-8081-exec-8] c.b.config.logging.HttpLoggingFilter - Headers: auth=absent content-type=null accept=*/*
2025-11-10 22:10:36.584 [34mINFO [0;39m [] [http-nio-8081-exec-8] c.b.config.logging.HttpLoggingFilter - Response payload: ["General","dairy","fruits","medicine","room"]
2025-11-10 22:10:43.529 [34mINFO [0;39m [] [http-nio-8081-exec-7] c.b.web.StoreLegacyController - Legacy checkout: tenant=local userId=8532c7b5-068a-4a19-a02c-c37a049a41d4 items=1 paymentMethod=cod
2025-11-10 22:10:43.533 [34mINFO [0;39m [] [http-nio-8081-exec-7] c.b.web.StoreLegacyController - Legacy checkout success: orderId=396a2a22-ecfc-46e7-ba57-b6e01a96247a reference=REF-396a2a22 userId=8532c7b5-068a-4a19-a02c-c37a049a41d4
2025-11-10 22:10:43.534 [34mINFO [0;39m [] [http-nio-8081-exec-7] c.b.config.logging.HttpLoggingFilter - POST /store/checkout -> 200 (7 ms)
2025-11-10 22:10:43.534 [34mINFO [0;39m [] [http-nio-8081-exec-7] c.b.config.logging.HttpLoggingFilter - Headers: auth=present content-type=application/json accept=*/*
2025-11-10 22:10:43.534 [34mINFO [0;39m [] [http-nio-8081-exec-7] c.b.config.logging.HttpLoggingFilter - Request payload: {
  "items": [ { "id": "5e700c3c-5c38-415e-b4df-4f0dd54cfcb3", "name": "Prod", "price": 100, "quantity": 1 } ],
  "totals": { "payable": 100 },
  "paymentMethod": "cod",
  "address": { "line1": "123", "city": "BLR" }
}
2025-11-10 22:10:43.535 [34mINFO [0;39m [] [http-nio-8081-exec-7] c.b.config.logging.HttpLoggingFilter - Response payload: {"reference":"REF-396a2a22","order":{"id":"396a2a22-ecfc-46e7-ba57-b6e01a96247a","reference":"REF-396a2a22","status":"placed","total":100.0,"totals":{"payable":100.0},"items":[{"id":"5e700c3c-5c38-415e-b4df-4f0dd54cfcb3","name":"Prod","price":100.0,"quantity":1}],"paymentMethod":"cod","address":{"line1":"123","city":"BLR"},"type":"order","createdAt":"2025-11-10T16:40:43.529151Z"}}
2025-11-10 22:11:00.210 [34mINFO [0;39m [] [http-nio-8081-exec-6] c.bharatshop.web.PaymentController - Create-order: userId=8532c7b5-068a-4a19-a02c-c37a049a41d4 tenant=local amount=1500 currency=INR
2025-11-10 22:11:00.211 [34mINFO [0;39m [] [http-nio-8081-exec-6] c.bharatshop.web.PaymentController - Create-order success: orderId=fcda1e06-8cbb-40da-8aa3-da0be024e64e amount=1500
2025-11-10 22:11:00.212 [34mINFO [0;39m [] [http-nio-8081-exec-6] c.b.config.logging.HttpLoggingFilter - POST /api/storefront/payments/create-order -> 200 (3 ms)
2025-11-10 22:11:00.212 [34mINFO [0;39m [] [http-nio-8081-exec-6] c.b.config.logging.HttpLoggingFilter - Headers: auth=present content-type=application/json accept=*/*
2025-11-10 22:11:00.212 [34mINFO [0;39m [] [http-nio-8081-exec-6] c.b.config.logging.HttpLoggingFilter - Request payload: {"amount":1500,"currency":"INR"}
2025-11-10 22:11:00.212 [34mINFO [0;39m [] [http-nio-8081-exec-6] c.b.config.logging.HttpLoggingFilter - Response payload: {"id":"fcda1e06-8cbb-40da-8aa3-da0be024e64e","amount":1500}
2025-11-10 22:11:11.907 [34mINFO [0;39m [] [http-nio-8081-exec-1] c.bharatshop.web.PaymentController - Verify payment: userId=8532c7b5-068a-4a19-a02c-c37a049a41d4 tenant=local orderId=fcda1e06-8cbb-40da-8aa3-da0be024e64e paymentId=pay_demo signaturePresent=true
2025-11-10 22:11:11.907 [34mINFO [0;39m [] [http-nio-8081-exec-1] c.bharatshop.web.PaymentController - Verify result: status=ok message=verified
2025-11-10 22:11:11.908 [34mINFO [0;39m [] [http-nio-8081-exec-1] c.b.config.logging.HttpLoggingFilter - POST /api/storefront/payments/verify -> 200 (4 ms)
2025-11-10 22:11:11.908 [34mINFO [0;39m [] [http-nio-8081-exec-1] c.b.config.logging.HttpLoggingFilter - Headers: auth=present content-type=application/json accept=*/*
2025-11-10 22:11:11.908 [34mINFO [0;39m [] [http-nio-8081-exec-1] c.b.config.logging.HttpLoggingFilter - Request payload: {
  "razorpay_order_id": "fcda1e06-8cbb-40da-8aa3-da0be024e64e",
  "razorpay_payment_id": "pay_demo",
  "razorpay_signature": "sig_demo"
}
2025-11-10 22:11:11.908 [34mINFO [0;39m [] [http-nio-8081-exec-1] c.b.config.logging.HttpLoggingFilter - Response payload: {"status":"ok","message":"verified"}
2025-11-10 22:11:26.183 [34mINFO [0;39m [] [http-nio-8081-exec-4] c.b.web.SellerAuthController - Register seller: email=seller@example.com
2025-11-10 22:11:26.183 [34mINFO [0;39m [] [http-nio-8081-exec-4] com.bharatshop.service.AuthService - Registering seller: name=Seller, email=seller@example.com
2025-11-10 22:11:26.188 [34mINFO [0;39m [] [http-nio-8081-exec-4] com.bharatshop.service.AuthService - Session created: userId=0bf72442-5362-49f6-9a2c-5da4ad285f0a role=SELLER
2025-11-10 22:11:26.188 [34mINFO [0;39m [] [http-nio-8081-exec-4] com.bharatshop.service.AuthService - Seller registered: id=0bf72442-5362-49f6-9a2c-5da4ad285f0a, token=f8df0cfa-46de-40e1-ae1e-ab9509df8723
2025-11-10 22:11:26.189 [34mINFO [0;39m [] [http-nio-8081-exec-4] c.b.web.SellerAuthController - Seller register success: userId=0bf72442-5362-49f6-9a2c-5da4ad285f0a tokenPresent=true
2025-11-10 22:11:26.190 [34mINFO [0;39m [] [http-nio-8081-exec-4] c.b.config.logging.HttpLoggingFilter - POST /api/auth/seller/register -> 200 (10 ms)
2025-11-10 22:11:26.190 [34mINFO [0;39m [] [http-nio-8081-exec-4] c.b.config.logging.HttpLoggingFilter - Headers: auth=absent content-type=application/json accept=*/*
2025-11-10 22:11:26.190 [34mINFO [0;39m [] [http-nio-8081-exec-4] c.b.config.logging.HttpLoggingFilter - Request payload: {"name":"Seller","email":"seller@example.com","password":"Pass123!"}
2025-11-10 22:11:26.191 [34mINFO [0;39m [] [http-nio-8081-exec-4] c.b.config.logging.HttpLoggingFilter - Response payload: {"token":"f8df0cfa-46de-40e1-ae1e-ab9509df8723","user":{"id":"0bf72442-5362-49f6-9a2c-5da4ad285f0a","name":"Seller","email":"seller@example.com","role":"SELLER"}}
2025-11-10 22:11:35.713 [34mINFO [0;39m [] [http-nio-8081-exec-9] c.b.web.SellerAuthController - Login seller: email=seller@example.com
2025-11-10 22:11:35.713 [34mINFO [0;39m [] [http-nio-8081-exec-9] com.bharatshop.service.AuthService - Login (seller) attempt: email=seller@example.com
2025-11-10 22:11:35.716 [34mINFO [0;39m [] [http-nio-8081-exec-9] com.bharatshop.service.AuthService - Session created: userId=0bf72442-5362-49f6-9a2c-5da4ad285f0a role=SELLER
2025-11-10 22:11:35.716 [34mINFO [0;39m [] [http-nio-8081-exec-9] com.bharatshop.service.AuthService - Login (seller) success: userId=0bf72442-5362-49f6-9a2c-5da4ad285f0a token=e5100099-72fc-4f29-9dde-6d398b538f2a role=SELLER 
2025-11-10 22:11:35.717 [34mINFO [0;39m [] [http-nio-8081-exec-9] c.b.web.SellerAuthController - Seller login success: userId=0bf72442-5362-49f6-9a2c-5da4ad285f0a
2025-11-10 22:11:35.718 [34mINFO [0;39m [] [http-nio-8081-exec-9] c.b.config.logging.HttpLoggingFilter - POST /api/auth/seller/login -> 200 (6 ms)
2025-11-10 22:11:35.718 [34mINFO [0;39m [] [http-nio-8081-exec-9] c.b.config.logging.HttpLoggingFilter - Headers: auth=absent content-type=application/json accept=*/*
2025-11-10 22:11:35.718 [34mINFO [0;39m [] [http-nio-8081-exec-9] c.b.config.logging.HttpLoggingFilter - Request payload: {"email":"seller@example.com","password":"Pass123!"}
2025-11-10 22:11:35.718 [34mINFO [0;39m [] [http-nio-8081-exec-9] c.b.config.logging.HttpLoggingFilter - Response payload: {"token":"e5100099-72fc-4f29-9dde-6d398b538f2a","user":{"id":"0bf72442-5362-49f6-9a2c-5da4ad285f0a","name":"Seller","email":"seller@example.com","role":"SELLER"}}
2025-11-10 22:11:43.635 [34mINFO [0;39m [] [http-nio-8081-exec-10] c.b.web.seller.SellerStoreController - Seller create store requested: name=null city=null area=null category=null imagePresent=false
2025-11-10 22:11:43.638 [34mINFO [0;39m [] [http-nio-8081-exec-10] c.b.web.seller.SellerStoreController - Seller create store success: id=ea13c61a-4e42-407e-9e1a-c5e14a7ac0c7 name=Smoke Store 
2025-11-10 22:11:43.639 [34mINFO [0;39m [] [http-nio-8081-exec-10] c.b.config.logging.HttpLoggingFilter - POST /api/seller/stores -> 200 (10 ms)
2025-11-10 22:11:43.641 [34mINFO [0;39m [] [http-nio-8081-exec-10] c.b.config.logging.HttpLoggingFilter - Headers: auth=present content-type=application/json accept=*/*
2025-11-10 22:11:43.641 [34mINFO [0;39m [] [http-nio-8081-exec-10] c.b.config.logging.HttpLoggingFilter - Request payload: {"name":"Smoke Store","city":"BLR","area":"MG Road","category":"General"}
2025-11-10 22:11:43.641 [34mINFO [0;39m [] [http-nio-8081-exec-10] c.b.config.logging.HttpLoggingFilter - Response payload: {"id":"ea13c61a-4e42-407e-9e1a-c5e14a7ac0c7","name":"Smoke Store","area":"MG Road","category":"General"}
2025-11-10 22:11:52.259 [34mINFO [0;39m [] [http-nio-8081-exec-5] c.b.w.seller.SellerProductController - Seller create product: storeId=ea13c61a-4e42-407e-9e1a-c5e14a7ac0c7 name=Item price=299.0 category=General imagePresent=false 
2025-11-10 22:11:52.264 [34mINFO [0;39m [] [http-nio-8081-exec-5] c.b.w.seller.SellerProductController - Seller create product success: id=5a12babd-7f18-4425-a9c9-79ba63517c42 name=Item storeId=ea13c61a-4e42-407e-9e1a-c5e14a7ac0c7
2025-11-10 22:11:52.265 [34mINFO [0;39m [] [http-nio-8081-exec-5] c.b.config.logging.HttpLoggingFilter - POST /api/seller/stores/ea13c61a-4e42-407e-9e1a-c5e14a7ac0c7/products -> 200 (9 ms)
2025-11-10 22:11:52.266 [34mINFO [0;39m [] [http-nio-8081-exec-5] c.b.config.logging.HttpLoggingFilter - Headers: auth=present content-type=application/json accept=*/*
2025-11-10 22:11:52.266 [34mINFO [0;39m [] [http-nio-8081-exec-5] c.b.config.logging.HttpLoggingFilter - Request payload: {"name":"Item","price":299,"category":"General","currency":"INR","description":"Desc","stock":10,"active":true}
2025-11-10 22:11:52.266 [34mINFO [0;39m [] [http-nio-8081-exec-5] c.b.config.logging.HttpLoggingFilter - Response payload: {"product":{"id":"5a12babd-7f18-4425-a9c9-79ba63517c42","name":"Item","price":299.0,"description":"Desc","category":"General","storeId":"ea13c61a-4e42-407e-9e1a-c5e14a7ac0c7","currency":"INR","stock":10,"active":true},"success":true}
2025-11-10 22:12:12.062 [34mINFO [0;39m [] [http-nio-8081-exec-2] c.b.w.seller.SellerProductController - Seller list products: storeId=ea13c61a-4e42-407e-9e1a-c5e14a7ac0c7 search= category= active=true page=0 limit=25 tenant=local
2025-11-10 22:12:12.069 [34mINFO [0;39m [] [http-nio-8081-exec-2] c.b.w.seller.SellerProductController - Seller list products success: count=1
2025-11-10 22:12:12.071 [34mINFO [0;39m [] [http-nio-8081-exec-2] c.b.config.logging.HttpLoggingFilter - GET /api/seller/stores/ea13c61a-4e42-407e-9e1a-c5e14a7ac0c7/products?search=&category=&active=true&page=0&limit=25 -> 200 (12 ms)
2025-11-10 22:12:12.071 [34mINFO [0;39m [] [http-nio-8081-exec-2] c.b.config.logging.HttpLoggingFilter - Headers: auth=present content-type=null accept=*/*
2025-11-10 22:12:12.072 [34mINFO [0;39m [] [http-nio-8081-exec-2] c.b.config.logging.HttpLoggingFilter - Response payload: [{"id":"5a12babd-7f18-4425-a9c9-79ba63517c42","name":"Item","price":299.0,"description":"Desc","category":"General","storeId":"ea13c61a-4e42-407e-9e1a-c5e14a7ac0c7","currency":"INR","stock":10,"active":true}]
2025-11-10 22:12:25.014 [34mINFO [0;39m [] [http-nio-8081-exec-3] c.b.config.logging.HttpLoggingFilter - PATCH /api/seller/products/ -> 404 (8 ms)
2025-11-10 22:12:25.014 [34mINFO [0;39m [] [http-nio-8081-exec-3] c.b.config.logging.HttpLoggingFilter - Headers: auth=present content-type=application/json accept=*/*
2025-11-10 22:12:52.417 [34mINFO [0;39m [] [http-nio-8081-exec-8] c.b.w.seller.SellerProductController - Seller update product: productId=5a12babd-7f18-4425-a9c9-79ba63517c42 changesKeys=[price, active]
2025-11-10 22:12:52.432 [34mINFO [0;39m [] [http-nio-8081-exec-8] c.b.w.seller.SellerProductController - Seller update product success: productId=5a12babd-7f18-4425-a9c9-79ba63517c42 active=true stock=10 price=349.0
2025-11-10 22:12:52.456 [34mINFO [0;39m [] [http-nio-8081-exec-8] c.b.config.logging.HttpLoggingFilter - PATCH /api/seller/products/5a12babd-7f18-4425-a9c9-79ba63517c42 -> 200 (42 ms)
2025-11-10 22:12:52.456 [34mINFO [0;39m [] [http-nio-8081-exec-8] c.b.config.logging.HttpLoggingFilter - Headers: auth=present content-type=application/json accept=*/*
2025-11-10 22:12:52.456 [34mINFO [0;39m [] [http-nio-8081-exec-8] c.b.config.logging.HttpLoggingFilter - Request payload: {"price":349,"active":true}
2025-11-10 22:12:52.456 [34mINFO [0;39m [] [http-nio-8081-exec-8] c.b.config.logging.HttpLoggingFilter - Response payload: {"id":"5a12babd-7f18-4425-a9c9-79ba63517c42","name":"Item","price":349.0,"description":"Desc","category":"General","storeId":"ea13c61a-4e42-407e-9e1a-c5e14a7ac0c7","currency":"INR","stock":10,"active":true}
2025-11-10 22:14:22.443 [34mINFO [0;39m [] [main] c.bharatshop.BharatshopApplication - Starting BharatshopApplication using Java 17.0.12 with PID 54928 (C:\Users\Adarsh\Downloads\bharatshop-backend\target\bharatshop-backend-0.0.1-SNAPSHOT.jar started by Adarsh in C:\Users\Adarsh\Downloads\bharatshop-backend)
2025-11-10 22:14:22.447 [39mDEBUG[0;39m [] [main] c.bharatshop.BharatshopApplication - Running with Spring Boot v3.3.4, Spring v6.1.13
2025-11-10 22:14:22.450 [34mINFO [0;39m [] [main] c.bharatshop.BharatshopApplication - No active profile set, falling back to 1 default profile: "default"
2025-11-10 22:14:24.470 [34mINFO [0;39m [] [main] o.s.d.r.c.RepositoryConfigurationDelegate - Bootstrapping Spring Data JPA repositories in DEFAULT mode.
2025-11-10 22:14:24.573 [34mINFO [0;39m [] [main] o.s.d.r.c.RepositoryConfigurationDelegate - Finished Spring Data repository scanning in 90 ms. Found 5 JPA repository interfaces.
2025-11-10 22:14:26.031 [34mINFO [0;39m [] [main] o.s.b.w.e.tomcat.TomcatWebServer - Tomcat initialized with port 8081 (http)
2025-11-10 22:14:26.051 [34mINFO [0;39m [] [main] o.a.coyote.http11.Http11NioProtocol - Initializing ProtocolHandler ["http-nio-8081"]
2025-11-10 22:14:26.058 [34mINFO [0;39m [] [main] o.a.catalina.core.StandardService - Starting service [Tomcat]
2025-11-10 22:14:26.059 [34mINFO [0;39m [] [main] o.a.catalina.core.StandardEngine - Starting Servlet engine: [Apache Tomcat/10.1.30]
2025-11-10 22:14:26.131 [34mINFO [0;39m [] [main] o.a.c.c.C.[Tomcat].[localhost].[/] - Initializing Spring embedded WebApplicationContext
2025-11-10 22:14:26.132 [34mINFO [0;39m [] [main] o.s.b.w.s.c.ServletWebServerApplicationContext - Root WebApplicationContext: initialization completed in 3594 ms
2025-11-10 22:14:26.401 [34mINFO [0;39m [] [main] com.zaxxer.hikari.HikariDataSource - HikariPool-1 - Starting...
2025-11-10 22:14:26.689 [34mINFO [0;39m [] [main] com.zaxxer.hikari.pool.HikariPool - HikariPool-1 - Added connection conn0: url=jdbc:h2:mem:bharatshop user=SA
2025-11-10 22:14:26.692 [34mINFO [0;39m [] [main] com.zaxxer.hikari.HikariDataSource - HikariPool-1 - Start completed.
2025-11-10 22:14:26.706 [34mINFO [0;39m [] [main] o.s.b.a.h.H2ConsoleAutoConfiguration - H2 console available at '/h2-console'. Database available at 'jdbc:h2:mem:bharatshop'
2025-11-10 22:14:27.452 [34mINFO [0;39m [] [main] o.s.o.j.p.SpringPersistenceUnitInfo - No LoadTimeWeaver setup: ignoring JPA class transformer
2025-11-10 22:14:28.928 [34mINFO [0;39m [] [main] o.s.o.j.LocalContainerEntityManagerFactoryBean - Initialized JPA EntityManagerFactory for persistence unit 'default'
2025-11-10 22:14:29.510 [34mINFO [0;39m [] [main] c.b.config.NotificationConfig - SMS provider: LOG (fallback)
2025-11-10 22:14:29.513 [34mINFO [0;39m [] [main] c.b.config.NotificationConfig - Email provider: LOG (fallback)
2025-11-10 22:14:29.637 [39mDEBUG[0;39m [] [main] c.b.c.logging.CorrelationIdFilter - Filter 'correlationIdFilter' configured for use
2025-11-10 22:14:29.638 [39mDEBUG[0;39m [] [main] c.b.config.logging.HttpLoggingFilter - Filter 'httpLoggingFilter' configured for use
2025-11-10 22:14:29.641 [39mDEBUG[0;39m [] [main] com.bharatshop.config.TenantFilter - Filter 'tenantFilter' configured for use
2025-11-10 22:14:29.641 [39mDEBUG[0;39m [] [main] c.b.security.TokenAuthFilter - Filter 'tokenAuthFilter' configured for use
2025-11-10 22:14:30.129 [31mWARN [0;39m [] [main] o.s.b.a.o.j.JpaBaseConfiguration$JpaWebConfiguration - spring.jpa.open-in-view is enabled by default. Therefore, database queries may be performed during view rendering. Explicitly configure spring.jpa.open-in-view to disable this warning
2025-11-10 22:14:30.197 [31mWARN [0;39m [] [main] o.s.b.a.s.s.UserDetailsServiceAutoConfiguration - 

Using generated security password: 1b933854-b774-490c-9c19-b5baaf192145

This generated password is for development use only. Your security configuration must be updated before running your application in production.

2025-11-10 22:14:30.260 [34mINFO [0;39m [] [main] o.s.s.c.a.a.c.InitializeUserDetailsBeanManagerConfigurer$InitializeUserDetailsManagerConfigurer - Global AuthenticationManager configured with UserDetailsService bean with name inMemoryUserDetailsManager
2025-11-10 22:14:31.077 [34mINFO [0;39m [] [main] o.s.b.a.e.web.EndpointLinksResolver - Exposing 4 endpoints beneath base path '/actuator'
2025-11-10 22:14:32.110 [34mINFO [0;39m [] [main] o.a.coyote.http11.Http11NioProtocol - Starting ProtocolHandler ["http-nio-8081"]
2025-11-10 22:14:32.190 [34mINFO [0;39m [] [main] o.s.b.w.e.tomcat.TomcatWebServer - Tomcat started on port 8081 (http) with context path '/'
2025-11-10 22:14:32.222 [34mINFO [0;39m [] [main] c.bharatshop.BharatshopApplication - Started BharatshopApplication in 10.865 seconds (process running for 11.492)
2025-11-10 22:16:55.487 [34mINFO [0;39m [] [http-nio-8081-exec-1] o.a.c.c.C.[Tomcat].[localhost].[/] - Initializing Spring DispatcherServlet 'dispatcherServlet'
2025-11-10 22:16:55.487 [34mINFO [0;39m [] [http-nio-8081-exec-1] o.s.web.servlet.DispatcherServlet - Initializing Servlet 'dispatcherServlet'
2025-11-10 22:16:55.488 [34mINFO [0;39m [] [http-nio-8081-exec-1] o.s.web.servlet.DispatcherServlet - Completed initialization in 1 ms
2025-11-10 22:16:55.532 [34mINFO [0;39m [] [http-nio-8081-exec-1] com.bharatshop.service.AuthService - Session lookup: token not found
2025-11-10 22:16:55.607 [34mINFO [0;39m [517ee0fa-b65f-4b99-8ab4-dc524173b6c1] [http-nio-8081-exec-1] c.b.config.logging.HttpLoggingFilter - GET /api/storefront/orders/b1f7bb54-cf40-43d8-9845-a9676034c715 -> 401 (63 ms)
2025-11-10 22:16:55.607 [34mINFO [0;39m [517ee0fa-b65f-4b99-8ab4-dc524173b6c1] [http-nio-8081-exec-1] c.b.config.logging.HttpLoggingFilter - Headers: auth=present content-type=null accept=*/*
2025-11-10 22:16:55.608 [34mINFO [0;39m [517ee0fa-b65f-4b99-8ab4-dc524173b6c1] [http-nio-8081-exec-1] c.b.config.logging.HttpLoggingFilter - Response payload: {"message":"Unauthorized"}
2025-11-10 22:17:02.984 [34mINFO [0;39m [] [http-nio-8081-exec-3] com.bharatshop.service.AuthService - Session lookup: token not found
2025-11-10 22:17:02.988 [34mINFO [0;39m [0886b85b-4c57-479f-a03f-538d0b0031ef] [http-nio-8081-exec-3] c.b.config.logging.HttpLoggingFilter - GET /api/storefront/orders/b1f7bb54-cf40-43d8-9845-a9676034c715 -> 401 (2 ms)
2025-11-10 22:17:02.989 [34mINFO [0;39m [0886b85b-4c57-479f-a03f-538d0b0031ef] [http-nio-8081-exec-3] c.b.config.logging.HttpLoggingFilter - Headers: auth=present content-type=null accept=*/*
2025-11-10 22:17:02.989 [34mINFO [0;39m [0886b85b-4c57-479f-a03f-538d0b0031ef] [http-nio-8081-exec-3] c.b.config.logging.HttpLoggingFilter - Response payload: {"message":"Unauthorized"}
2025-11-10 22:17:31.648 [34mINFO [0;39m [] [http-nio-8081-exec-6] com.bharatshop.service.AuthService - Session lookup: token not found
2025-11-10 22:17:31.659 [34mINFO [0;39m [d05abcf8-0615-4b1e-a933-2371c75d4449] [http-nio-8081-exec-6] c.b.config.logging.HttpLoggingFilter - GET /api/seller/orders?storeId=ea13c61a-4e42-407e-9e1a-c5e14a7ac0c7&status=&from=&to=&page=0&limit=25 -> 401 (5 ms)
2025-11-10 22:17:31.659 [34mINFO [0;39m [d05abcf8-0615-4b1e-a933-2371c75d4449] [http-nio-8081-exec-6] c.b.config.logging.HttpLoggingFilter - Headers: auth=present content-type=null accept=*/*
2025-11-10 22:17:31.660 [34mINFO [0;39m [d05abcf8-0615-4b1e-a933-2371c75d4449] [http-nio-8081-exec-6] c.b.config.logging.HttpLoggingFilter - Response payload: {"message":"Unauthorized"}
2025-11-10 22:18:01.217 [34mINFO [0;39m [] [http-nio-8081-exec-8] com.bharatshop.service.AuthService - Session lookup: token not found
2025-11-10 22:18:01.221 [34mINFO [0;39m [52899942-c72d-480d-b9f8-9dcc96da09c0] [http-nio-8081-exec-8] c.b.config.logging.HttpLoggingFilter - GET /api/seller/analytics/overview?storeId=ea13c61a-4e42-407e-9e1a-c5e14a7ac0c7&from=&to= -> 401 (1 ms)
2025-11-10 22:18:01.221 [34mINFO [0;39m [52899942-c72d-480d-b9f8-9dcc96da09c0] [http-nio-8081-exec-8] c.b.config.logging.HttpLoggingFilter - Headers: auth=present content-type=null accept=*/*
2025-11-10 22:18:01.222 [34mINFO [0;39m [52899942-c72d-480d-b9f8-9dcc96da09c0] [http-nio-8081-exec-8] c.b.config.logging.HttpLoggingFilter - Response payload: {"message":"Unauthorized"}
2025-11-10 22:24:53.465 [34mINFO [0;39m [] [http-nio-8081-exec-2] com.bharatshop.service.AuthService - Session lookup: token not found
2025-11-10 22:24:53.467 [34mINFO [0;39m [cb5a8204-a195-4ac6-bec1-626cabe0d92b] [http-nio-8081-exec-2] com.bharatshop.web.CartController - Get cart: userId=guest
2025-11-10 22:24:53.473 [34mINFO [0;39m [cb5a8204-a195-4ac6-bec1-626cabe0d92b] [http-nio-8081-exec-2] c.b.config.logging.HttpLoggingFilter - GET /store/cart -> 200 (6 ms)
2025-11-10 22:24:53.475 [34mINFO [0;39m [cb5a8204-a195-4ac6-bec1-626cabe0d92b] [http-nio-8081-exec-2] c.b.config.logging.HttpLoggingFilter - Headers: auth=present content-type=null accept=application/json, text/plain, */*
2025-11-10 22:24:53.475 [34mINFO [0;39m [cb5a8204-a195-4ac6-bec1-626cabe0d92b] [http-nio-8081-exec-2] c.b.config.logging.HttpLoggingFilter - Response payload: []
2025-11-10 22:24:53.485 [34mINFO [0;39m [] [http-nio-8081-exec-1] com.bharatshop.service.AuthService - Session lookup: token not found
2025-11-10 22:24:53.485 [34mINFO [0;39m [] [http-nio-8081-exec-3] com.bharatshop.service.AuthService - Session lookup: token not found
2025-11-10 22:24:53.487 [34mINFO [0;39m [fd35fef0-4c71-4534-857f-65f590317dea] [http-nio-8081-exec-3] com.bharatshop.web.CartController - Get cart: userId=guest
2025-11-10 22:24:53.489 [34mINFO [0;39m [7bb16f6c-d6ef-44d6-a406-633a92b17d9b] [http-nio-8081-exec-1] c.b.config.logging.HttpLoggingFilter - GET /api/seller/stores -> 401 (3 ms)
2025-11-10 22:24:53.489 [34mINFO [0;39m [fd35fef0-4c71-4534-857f-65f590317dea] [http-nio-8081-exec-3] c.b.config.logging.HttpLoggingFilter - GET /store/cart -> 200 (3 ms)
2025-11-10 22:24:53.490 [34mINFO [0;39m [7bb16f6c-d6ef-44d6-a406-633a92b17d9b] [http-nio-8081-exec-1] c.b.config.logging.HttpLoggingFilter - Headers: auth=present content-type=null accept=application/json, text/plain, */*
2025-11-10 22:24:53.490 [34mINFO [0;39m [fd35fef0-4c71-4534-857f-65f590317dea] [http-nio-8081-exec-3] c.b.config.logging.HttpLoggingFilter - Headers: auth=present content-type=null accept=application/json, text/plain, */*
2025-11-10 22:24:53.490 [34mINFO [0;39m [fd35fef0-4c71-4534-857f-65f590317dea] [http-nio-8081-exec-3] c.b.config.logging.HttpLoggingFilter - Response payload: []
2025-11-10 22:24:53.521 [34mINFO [0;39m [] [http-nio-8081-exec-4] com.bharatshop.service.AuthService - Session lookup: token not found
2025-11-10 22:24:53.526 [34mINFO [0;39m [5aaa5b69-fb17-4d18-a809-0da168edf3a8] [http-nio-8081-exec-4] c.b.web.StoreDiscoveryController - Discover stores: tenant=demo-store search=null category=null
2025-11-10 22:24:53.652 [34mINFO [0;39m [5aaa5b69-fb17-4d18-a809-0da168edf3a8] [http-nio-8081-exec-4] c.b.config.logging.HttpLoggingFilter - GET /api/stores -> 200 (128 ms)
2025-11-10 22:24:53.652 [34mINFO [0;39m [5aaa5b69-fb17-4d18-a809-0da168edf3a8] [http-nio-8081-exec-4] c.b.config.logging.HttpLoggingFilter - Headers: auth=present content-type=null accept=application/json, text/plain, */*
2025-11-10 22:24:53.653 [34mINFO [0;39m [5aaa5b69-fb17-4d18-a809-0da168edf3a8] [http-nio-8081-exec-4] c.b.config.logging.HttpLoggingFilter - Response payload: [{"id":"c96d730d-ee44-4659-965e-5af32ef76a6e","name":"City Pharmacy","area":"Brigade","category":"pharmacy"},{"id":"c7140e67-873b-40d6-b6df-a71057eee598","name":"Fresh Mart","area":"MG Road","category":"grocery"},{"id":"40d96651-f8e0-4f90-a91c-1ea6f18bd748","name":"Sunrise Hotel","area":"Beach","category":"hospitality"}]
2025-11-10 22:25:19.063 [34mINFO [0;39m [] [http-nio-8081-exec-5] com.bharatshop.service.AuthService - Session lookup: token not found
2025-11-10 22:25:19.063 [34mINFO [0;39m [] [http-nio-8081-exec-6] com.bharatshop.service.AuthService - Session lookup: token not found
2025-11-10 22:25:19.067 [34mINFO [0;39m [f67d1b92-750b-4aa3-90d3-3160d073abf2] [http-nio-8081-exec-6] c.b.config.logging.HttpLoggingFilter - GET /api/seller/stores -> 401 (3 ms)
2025-11-10 22:25:19.067 [34mINFO [0;39m [eec65bb1-ee4a-4e71-b6a9-510a89f6f0d4] [http-nio-8081-exec-5] c.b.config.logging.HttpLoggingFilter - GET /api/seller/orders -> 401 (3 ms)
2025-11-10 22:25:19.068 [34mINFO [0;39m [f67d1b92-750b-4aa3-90d3-3160d073abf2] [http-nio-8081-exec-6] c.b.config.logging.HttpLoggingFilter - Headers: auth=present content-type=null accept=application/json, text/plain, */*
2025-11-10 22:25:19.068 [34mINFO [0;39m [eec65bb1-ee4a-4e71-b6a9-510a89f6f0d4] [http-nio-8081-exec-5] c.b.config.logging.HttpLoggingFilter - Headers: auth=present content-type=null accept=application/json, text/plain, */*
2025-11-10 22:25:19.068 [34mINFO [0;39m [eec65bb1-ee4a-4e71-b6a9-510a89f6f0d4] [http-nio-8081-exec-5] c.b.config.logging.HttpLoggingFilter - Response payload: {"message":"Unauthorized"}
2025-11-10 22:25:19.078 [34mINFO [0;39m [] [http-nio-8081-exec-10] com.bharatshop.service.AuthService - Session lookup: token not found
2025-11-10 22:25:19.078 [34mINFO [0;39m [] [http-nio-8081-exec-7] com.bharatshop.service.AuthService - Session lookup: token not found
2025-11-10 22:25:19.081 [34mINFO [0;39m [5f03c369-35e2-4c4c-85bd-846899022899] [http-nio-8081-exec-7] c.b.config.logging.HttpLoggingFilter - GET /api/seller/orders -> 401 (1 ms)
2025-11-10 22:25:19.081 [34mINFO [0;39m [1d35fc89-c48d-4a05-bb85-b28be87343dc] [http-nio-8081-exec-10] c.b.config.logging.HttpLoggingFilter - GET /api/seller/stores -> 401 (1 ms)
2025-11-10 22:25:19.082 [34mINFO [0;39m [5f03c369-35e2-4c4c-85bd-846899022899] [http-nio-8081-exec-7] c.b.config.logging.HttpLoggingFilter - Headers: auth=present content-type=null accept=application/json, text/plain, */*
2025-11-10 22:25:19.082 [34mINFO [0;39m [1d35fc89-c48d-4a05-bb85-b28be87343dc] [http-nio-8081-exec-10] c.b.config.logging.HttpLoggingFilter - Headers: auth=present content-type=null accept=application/json, text/plain, */*
2025-11-10 22:25:19.082 [34mINFO [0;39m [5f03c369-35e2-4c4c-85bd-846899022899] [http-nio-8081-exec-7] c.b.config.logging.HttpLoggingFilter - Response payload: {"message":"Unauthorized"}
2025-11-10 22:25:29.416 [34mINFO [0;39m [] [http-nio-8081-exec-9] com.bharatshop.service.AuthService - Session lookup: token not found
2025-11-10 22:25:29.416 [34mINFO [0;39m [] [http-nio-8081-exec-8] com.bharatshop.service.AuthService - Session lookup: token not found
2025-11-10 22:25:29.419 [34mINFO [0;39m [4f95348b-a6a0-4e81-a13c-cb6e44aa0d14] [http-nio-8081-exec-8] c.b.web.StoreDiscoveryController - Global categories requested: tenant=demo-store
2025-11-10 22:25:29.420 [34mINFO [0;39m [7d2a5c43-6319-4b06-8fba-ee5a39ca05c4] [http-nio-8081-exec-9] c.b.config.logging.HttpLoggingFilter - GET /api/seller/stores -> 401 (2 ms)
2025-11-10 22:25:29.420 [34mINFO [0;39m [7d2a5c43-6319-4b06-8fba-ee5a39ca05c4] [http-nio-8081-exec-9] c.b.config.logging.HttpLoggingFilter - Headers: auth=present content-type=null accept=application/json, text/plain, */*
2025-11-10 22:25:29.427 [34mINFO [0;39m [] [http-nio-8081-exec-2] com.bharatshop.service.AuthService - Session lookup: token not found
2025-11-10 22:25:29.429 [34mINFO [0;39m [4f95348b-a6a0-4e81-a13c-cb6e44aa0d14] [http-nio-8081-exec-8] c.b.config.logging.HttpLoggingFilter - GET /api/categories -> 200 (11 ms)
2025-11-10 22:25:29.429 [34mINFO [0;39m [4f95348b-a6a0-4e81-a13c-cb6e44aa0d14] [http-nio-8081-exec-8] c.b.config.logging.HttpLoggingFilter - Headers: auth=present content-type=null accept=application/json, text/plain, */*
2025-11-10 22:25:29.429 [34mINFO [0;39m [4f95348b-a6a0-4e81-a13c-cb6e44aa0d14] [http-nio-8081-exec-8] c.b.config.logging.HttpLoggingFilter - Response payload: ["dairy","fruits","medicine","room"]
2025-11-10 22:25:29.430 [34mINFO [0;39m [63cfe278-8646-43fe-b844-55273f6b74ec] [http-nio-8081-exec-2] c.b.config.logging.HttpLoggingFilter - GET /api/seller/stores -> 401 (2 ms)
2025-11-10 22:25:29.430 [34mINFO [0;39m [63cfe278-8646-43fe-b844-55273f6b74ec] [http-nio-8081-exec-2] c.b.config.logging.HttpLoggingFilter - Headers: auth=present content-type=null accept=application/json, text/plain, */*
2025-11-10 22:25:29.436 [34mINFO [0;39m [] [http-nio-8081-exec-3] com.bharatshop.service.AuthService - Session lookup: token not found
2025-11-10 22:25:29.439 [34mINFO [0;39m [c53b6ab7-1a3b-476d-ab53-2d0bc3e3d5b8] [http-nio-8081-exec-3] c.b.web.StoreDiscoveryController - Global categories requested: tenant=demo-store
2025-11-10 22:25:29.443 [34mINFO [0;39m [] [http-nio-8081-exec-1] com.bharatshop.service.AuthService - Session lookup: token not found
2025-11-10 22:25:29.445 [34mINFO [0;39m [c53b6ab7-1a3b-476d-ab53-2d0bc3e3d5b8] [http-nio-8081-exec-3] c.b.config.logging.HttpLoggingFilter - GET /api/categories -> 200 (7 ms)
2025-11-10 22:25:29.445 [34mINFO [0;39m [c53b6ab7-1a3b-476d-ab53-2d0bc3e3d5b8] [http-nio-8081-exec-3] c.b.config.logging.HttpLoggingFilter - Headers: auth=present content-type=null accept=application/json, text/plain, */*
2025-11-10 22:25:29.445 [34mINFO [0;39m [c53b6ab7-1a3b-476d-ab53-2d0bc3e3d5b8] [http-nio-8081-exec-3] c.b.config.logging.HttpLoggingFilter - Response payload: ["dairy","fruits","medicine","room"]
2025-11-10 22:25:29.448 [34mINFO [0;39m [b0103e9f-982b-4870-82bb-3f565b37c990] [http-nio-8081-exec-1] c.b.config.logging.HttpLoggingFilter - GET /api/seller/stores/s_1761843089530/products -> 401 (3 ms)
2025-11-10 22:25:29.448 [34mINFO [0;39m [b0103e9f-982b-4870-82bb-3f565b37c990] [http-nio-8081-exec-1] c.b.config.logging.HttpLoggingFilter - Headers: auth=present content-type=null accept=application/json, text/plain, */*
2025-11-10 22:25:29.448 [34mINFO [0;39m [b0103e9f-982b-4870-82bb-3f565b37c990] [http-nio-8081-exec-1] c.b.config.logging.HttpLoggingFilter - Response payload: {"message":"Unauthorized"}
2025-11-10 22:25:30.965 [34mINFO [0;39m [] [http-nio-8081-exec-4] com.bharatshop.service.AuthService - Session lookup: token not found
2025-11-10 22:25:30.970 [34mINFO [0;39m [5db7f333-cbbd-46f5-a59b-e5088d6d61c9] [http-nio-8081-exec-4] c.b.config.logging.HttpLoggingFilter - GET /api/seller/orders -> 401 (3 ms)
2025-11-10 22:25:30.970 [34mINFO [0;39m [5db7f333-cbbd-46f5-a59b-e5088d6d61c9] [http-nio-8081-exec-4] c.b.config.logging.HttpLoggingFilter - Headers: auth=present content-type=null accept=application/json, text/plain, */*
2025-11-10 22:25:30.970 [34mINFO [0;39m [5db7f333-cbbd-46f5-a59b-e5088d6d61c9] [http-nio-8081-exec-4] c.b.config.logging.HttpLoggingFilter - Response payload: {"message":"Unauthorized"}
2025-11-10 22:25:30.970 [34mINFO [0;39m [] [http-nio-8081-exec-6] com.bharatshop.service.AuthService - Session lookup: token not found
2025-11-10 22:25:30.974 [34mINFO [0;39m [830f83bb-d15d-4281-8335-466e79cf3b5d] [http-nio-8081-exec-6] c.b.config.logging.HttpLoggingFilter - GET /api/seller/stores -> 401 (2 ms)
2025-11-10 22:25:30.975 [34mINFO [0;39m [830f83bb-d15d-4281-8335-466e79cf3b5d] [http-nio-8081-exec-6] c.b.config.logging.HttpLoggingFilter - Headers: auth=present content-type=null accept=application/json, text/plain, */*
2025-11-10 22:25:30.977 [34mINFO [0;39m [] [http-nio-8081-exec-5] com.bharatshop.service.AuthService - Session lookup: token not found
2025-11-10 22:25:30.981 [34mINFO [0;39m [31331580-cf53-4281-8d3e-5e43485ec84c] [http-nio-8081-exec-5] c.b.config.logging.HttpLoggingFilter - GET /api/seller/orders -> 401 (2 ms)
2025-11-10 22:25:30.981 [34mINFO [0;39m [31331580-cf53-4281-8d3e-5e43485ec84c] [http-nio-8081-exec-5] c.b.config.logging.HttpLoggingFilter - Headers: auth=present content-type=null accept=application/json, text/plain, */*
2025-11-10 22:25:30.981 [34mINFO [0;39m [] [http-nio-8081-exec-10] com.bharatshop.service.AuthService - Session lookup: token not found
2025-11-10 22:25:30.982 [34mINFO [0;39m [31331580-cf53-4281-8d3e-5e43485ec84c] [http-nio-8081-exec-5] c.b.config.logging.HttpLoggingFilter - Response payload: {"message":"Unauthorized"}
2025-11-10 22:25:30.984 [34mINFO [0;39m [2262e8cd-b0a5-4c16-822f-2c3dc3466fe0] [http-nio-8081-exec-10] c.b.config.logging.HttpLoggingFilter - GET /api/seller/stores -> 401 (2 ms)
2025-11-10 22:25:30.984 [34mINFO [0;39m [2262e8cd-b0a5-4c16-822f-2c3dc3466fe0] [http-nio-8081-exec-10] c.b.config.logging.HttpLoggingFilter - Headers: auth=present content-type=null accept=application/json, text/plain, */*
2025-11-10 22:25:33.221 [34mINFO [0;39m [] [http-nio-8081-exec-9] com.bharatshop.service.AuthService - Session lookup: token not found
2025-11-10 22:25:33.221 [34mINFO [0;39m [] [http-nio-8081-exec-7] com.bharatshop.service.AuthService - Session lookup: token not found
2025-11-10 22:25:33.223 [34mINFO [0;39m [0687e373-3b30-4f86-87ce-2204cd1ac557] [http-nio-8081-exec-7] c.b.web.StoreDiscoveryController - Global categories requested: tenant=demo-store
2025-11-10 22:25:33.223 [34mINFO [0;39m [27bf7465-fd76-47d3-9567-807cd5768c27] [http-nio-8081-exec-9] c.b.config.logging.HttpLoggingFilter - GET /api/seller/stores -> 401 (1 ms)
2025-11-10 22:25:33.225 [34mINFO [0;39m [27bf7465-fd76-47d3-9567-807cd5768c27] [http-nio-8081-exec-9] c.b.config.logging.HttpLoggingFilter - Headers: auth=present content-type=null accept=application/json, text/plain, */*
2025-11-10 22:25:33.230 [34mINFO [0;39m [0687e373-3b30-4f86-87ce-2204cd1ac557] [http-nio-8081-exec-7] c.b.config.logging.HttpLoggingFilter - GET /api/categories -> 200 (8 ms)
2025-11-10 22:25:33.230 [34mINFO [0;39m [0687e373-3b30-4f86-87ce-2204cd1ac557] [http-nio-8081-exec-7] c.b.config.logging.HttpLoggingFilter - Headers: auth=present content-type=null accept=application/json, text/plain, */*
2025-11-10 22:25:33.230 [34mINFO [0;39m [0687e373-3b30-4f86-87ce-2204cd1ac557] [http-nio-8081-exec-7] c.b.config.logging.HttpLoggingFilter - Response payload: ["dairy","fruits","medicine","room"]
2025-11-10 22:25:33.231 [34mINFO [0;39m [] [http-nio-8081-exec-8] com.bharatshop.service.AuthService - Session lookup: token not found
2025-11-10 22:25:33.233 [34mINFO [0;39m [a3eb9166-620e-4a3f-9827-aee050af3585] [http-nio-8081-exec-8] c.b.config.logging.HttpLoggingFilter - GET /api/seller/stores -> 401 (1 ms)
2025-11-10 22:25:33.235 [34mINFO [0;39m [a3eb9166-620e-4a3f-9827-aee050af3585] [http-nio-8081-exec-8] c.b.config.logging.HttpLoggingFilter - Headers: auth=present content-type=null accept=application/json, text/plain, */*
2025-11-10 22:25:33.238 [34mINFO [0;39m [] [http-nio-8081-exec-2] com.bharatshop.service.AuthService - Session lookup: token not found
2025-11-10 22:25:33.240 [34mINFO [0;39m [f7c3bb42-962e-4cab-b2e5-4bf71849a78d] [http-nio-8081-exec-2] c.b.web.StoreDiscoveryController - Global categories requested: tenant=demo-store
2025-11-10 22:25:33.245 [34mINFO [0;39m [f7c3bb42-962e-4cab-b2e5-4bf71849a78d] [http-nio-8081-exec-2] c.b.config.logging.HttpLoggingFilter - GET /api/categories -> 200 (6 ms)
2025-11-10 22:25:33.246 [34mINFO [0;39m [f7c3bb42-962e-4cab-b2e5-4bf71849a78d] [http-nio-8081-exec-2] c.b.config.logging.HttpLoggingFilter - Headers: auth=present content-type=null accept=application/json, text/plain, */*
2025-11-10 22:25:33.246 [34mINFO [0;39m [f7c3bb42-962e-4cab-b2e5-4bf71849a78d] [http-nio-8081-exec-2] c.b.config.logging.HttpLoggingFilter - Response payload: ["dairy","fruits","medicine","room"]
2025-11-10 22:25:36.376 [34mINFO [0;39m [] [http-nio-8081-exec-3] com.bharatshop.service.AuthService - Session lookup: token not found
2025-11-10 22:25:36.379 [34mINFO [0;39m [553078fb-e09d-4b7f-95c9-202128e1ee71] [http-nio-8081-exec-3] c.b.config.logging.HttpLoggingFilter - GET /api/seller/orders -> 401 (1 ms)
2025-11-10 22:25:36.381 [34mINFO [0;39m [553078fb-e09d-4b7f-95c9-202128e1ee71] [http-nio-8081-exec-3] c.b.config.logging.HttpLoggingFilter - Headers: auth=present content-type=null accept=application/json, text/plain, */*
2025-11-10 22:25:36.381 [34mINFO [0;39m [553078fb-e09d-4b7f-95c9-202128e1ee71] [http-nio-8081-exec-3] c.b.config.logging.HttpLoggingFilter - Response payload: {"message":"Unauthorized"}
2025-11-10 22:25:36.396 [34mINFO [0;39m [] [http-nio-8081-exec-1] com.bharatshop.service.AuthService - Session lookup: token not found
2025-11-10 22:25:36.396 [34mINFO [0;39m [] [http-nio-8081-exec-4] com.bharatshop.service.AuthService - Session lookup: token not found
2025-11-10 22:25:36.400 [34mINFO [0;39m [3c91a043-22e4-4558-9d69-d0e9b33b422a] [http-nio-8081-exec-1] c.b.config.logging.HttpLoggingFilter - GET /api/seller/stores -> 401 (2 ms)
2025-11-10 22:25:36.400 [34mINFO [0;39m [5e256ed8-0d80-49de-9ea0-7d846623b19a] [http-nio-8081-exec-4] c.b.config.logging.HttpLoggingFilter - GET /api/seller/orders -> 401 (2 ms)
2025-11-10 22:25:36.401 [34mINFO [0;39m [3c91a043-22e4-4558-9d69-d0e9b33b422a] [http-nio-8081-exec-1] c.b.config.logging.HttpLoggingFilter - Headers: auth=present content-type=null accept=application/json, text/plain, */*
2025-11-10 22:25:36.401 [34mINFO [0;39m [5e256ed8-0d80-49de-9ea0-7d846623b19a] [http-nio-8081-exec-4] c.b.config.logging.HttpLoggingFilter - Headers: auth=present content-type=null accept=application/json, text/plain, */*
2025-11-10 22:25:36.402 [34mINFO [0;39m [5e256ed8-0d80-49de-9ea0-7d846623b19a] [http-nio-8081-exec-4] c.b.config.logging.HttpLoggingFilter - Response payload: {"message":"Unauthorized"}
2025-11-10 22:25:36.410 [34mINFO [0;39m [] [http-nio-8081-exec-6] com.bharatshop.service.AuthService - Session lookup: token not found
2025-11-10 22:25:36.414 [34mINFO [0;39m [81ad77a2-df49-434c-aaee-fe7de4c676cf] [http-nio-8081-exec-6] c.b.config.logging.HttpLoggingFilter - GET /api/seller/stores -> 401 (3 ms)
2025-11-10 22:25:36.416 [34mINFO [0;39m [81ad77a2-df49-434c-aaee-fe7de4c676cf] [http-nio-8081-exec-6] c.b.config.logging.HttpLoggingFilter - Headers: auth=present content-type=null accept=application/json, text/plain, */*
2025-11-10 22:28:25.175 [34mINFO [0;39m [] [main] c.bharatshop.BharatshopApplication - Starting BharatshopApplication using Java 17.0.12 with PID 81060 (C:\Users\Adarsh\Downloads\bharatshop-backend\target\bharatshop-backend-0.0.1-SNAPSHOT.jar started by Adarsh in C:\Users\Adarsh\Downloads\bharatshop-backend)
2025-11-10 22:28:25.179 [39mDEBUG[0;39m [] [main] c.bharatshop.BharatshopApplication - Running with Spring Boot v3.3.4, Spring v6.1.13
2025-11-10 22:28:25.181 [34mINFO [0;39m [] [main] c.bharatshop.BharatshopApplication - No active profile set, falling back to 1 default profile: "default"
2025-11-10 22:28:29.460 [34mINFO [0;39m [] [main] o.s.d.r.c.RepositoryConfigurationDelegate - Bootstrapping Spring Data JPA repositories in DEFAULT mode.
2025-11-10 22:28:29.787 [34mINFO [0;39m [] [main] o.s.d.r.c.RepositoryConfigurationDelegate - Finished Spring Data repository scanning in 282 ms. Found 5 JPA repository interfaces.
2025-11-10 22:28:34.756 [34mINFO [0;39m [] [main] o.s.b.w.e.tomcat.TomcatWebServer - Tomcat initialized with port 8081 (http)
2025-11-10 22:28:34.803 [34mINFO [0;39m [] [main] o.a.coyote.http11.Http11NioProtocol - Initializing ProtocolHandler ["http-nio-8081"]
2025-11-10 22:28:34.873 [34mINFO [0;39m [] [main] o.a.catalina.core.StandardService - Starting service [Tomcat]
2025-11-10 22:28:34.884 [34mINFO [0;39m [] [main] o.a.catalina.core.StandardEngine - Starting Servlet engine: [Apache Tomcat/10.1.30]
2025-11-10 22:28:35.062 [34mINFO [0;39m [] [main] o.a.c.c.C.[Tomcat].[localhost].[/] - Initializing Spring embedded WebApplicationContext
2025-11-10 22:28:35.064 [34mINFO [0;39m [] [main] o.s.b.w.s.c.ServletWebServerApplicationContext - Root WebApplicationContext: initialization completed in 9767 ms
2025-11-10 22:28:35.736 [34mINFO [0;39m [] [main] com.zaxxer.hikari.HikariDataSource - HikariPool-1 - Starting...
2025-11-10 22:28:36.742 [34mINFO [0;39m [] [main] com.zaxxer.hikari.pool.HikariPool - HikariPool-1 - Added connection conn0: url=jdbc:h2:mem:bharatshop user=SA
2025-11-10 22:28:36.767 [34mINFO [0;39m [] [main] com.zaxxer.hikari.HikariDataSource - HikariPool-1 - Start completed.
2025-11-10 22:28:36.805 [34mINFO [0;39m [] [main] o.s.b.a.h.H2ConsoleAutoConfiguration - H2 console available at '/h2-console'. Database available at 'jdbc:h2:mem:bharatshop'
2025-11-10 22:28:39.263 [34mINFO [0;39m [] [main] o.s.o.j.p.SpringPersistenceUnitInfo - No LoadTimeWeaver setup: ignoring JPA class transformer
2025-11-10 22:28:42.672 [34mINFO [0;39m [] [main] o.s.o.j.LocalContainerEntityManagerFactoryBean - Initialized JPA EntityManagerFactory for persistence unit 'default'
2025-11-10 22:28:43.343 [34mINFO [0;39m [] [main] c.b.config.NotificationConfig - SMS provider: Twilio
2025-11-10 22:28:43.707 [34mINFO [0;39m [] [main] c.b.config.NotificationConfig - Email provider: LOG (fallback)
2025-11-10 22:28:43.909 [39mDEBUG[0;39m [] [main] c.b.c.logging.CorrelationIdFilter - Filter 'correlationIdFilter' configured for use
2025-11-10 22:28:43.910 [39mDEBUG[0;39m [] [main] c.b.config.logging.HttpLoggingFilter - Filter 'httpLoggingFilter' configured for use
2025-11-10 22:28:43.921 [39mDEBUG[0;39m [] [main] com.bharatshop.config.TenantFilter - Filter 'tenantFilter' configured for use
2025-11-10 22:28:43.923 [39mDEBUG[0;39m [] [main] c.b.security.TokenAuthFilter - Filter 'tokenAuthFilter' configured for use
2025-11-10 22:28:44.723 [31mWARN [0;39m [] [main] o.s.b.a.o.j.JpaBaseConfiguration$JpaWebConfiguration - spring.jpa.open-in-view is enabled by default. Therefore, database queries may be performed during view rendering. Explicitly configure spring.jpa.open-in-view to disable this warning
2025-11-10 22:28:44.816 [31mWARN [0;39m [] [main] o.s.b.a.s.s.UserDetailsServiceAutoConfiguration - 

Using generated security password: c98911fa-04ff-459e-96be-fcdeba804ab6

This generated password is for development use only. Your security configuration must be updated before running your application in production.

2025-11-10 22:28:44.844 [34mINFO [0;39m [] [main] o.s.s.c.a.a.c.InitializeUserDetailsBeanManagerConfigurer$InitializeUserDetailsManagerConfigurer - Global AuthenticationManager configured with UserDetailsService bean with name inMemoryUserDetailsManager
2025-11-10 22:28:46.497 [34mINFO [0;39m [] [main] o.s.b.a.e.web.EndpointLinksResolver - Exposing 4 endpoints beneath base path '/actuator'
2025-11-10 22:28:47.676 [34mINFO [0;39m [] [main] o.a.coyote.http11.Http11NioProtocol - Starting ProtocolHandler ["http-nio-8081"]
2025-11-10 22:28:47.707 [34mINFO [0;39m [] [main] o.s.b.w.e.tomcat.TomcatWebServer - Tomcat started on port 8081 (http) with context path '/'
2025-11-10 22:28:47.749 [34mINFO [0;39m [] [main] c.bharatshop.BharatshopApplication - Started BharatshopApplication in 24.207 seconds (process running for 25.876)
2025-11-10 22:29:08.838 [34mINFO [0;39m [] [http-nio-8081-exec-5] o.a.c.c.C.[Tomcat].[localhost].[/] - Initializing Spring DispatcherServlet 'dispatcherServlet'
2025-11-10 22:29:08.839 [34mINFO [0;39m [] [http-nio-8081-exec-5] o.s.web.servlet.DispatcherServlet - Initializing Servlet 'dispatcherServlet'
2025-11-10 22:29:08.842 [34mINFO [0;39m [] [http-nio-8081-exec-5] o.s.web.servlet.DispatcherServlet - Completed initialization in 3 ms
2025-11-10 22:29:08.991 [34mINFO [0;39m [cc41f5e7-07a8-4bbc-9315-7c40211d244d] [http-nio-8081-exec-6] c.b.web.StoreDiscoveryController - Global categories requested: tenant=demo-store
2025-11-10 22:29:09.020 [34mINFO [0;39m [b1b0fc11-1edb-48d2-93c5-9a04e6fa90ae] [http-nio-8081-exec-5] c.b.config.logging.HttpLoggingFilter - GET /api/seller/stores -> 401 (65 ms)
2025-11-10 22:29:09.020 [34mINFO [0;39m [b1b0fc11-1edb-48d2-93c5-9a04e6fa90ae] [http-nio-8081-exec-5] c.b.config.logging.HttpLoggingFilter - Headers: auth=present content-type=null accept=application/json, text/plain, */*
2025-11-10 22:29:09.044 [34mINFO [0;39m [d5074e83-dc50-42ab-8b4a-fc5eb56c0c47] [http-nio-8081-exec-3] c.b.config.logging.HttpLoggingFilter - GET /api/seller/stores -> 401 (3 ms)
2025-11-10 22:29:09.045 [34mINFO [0;39m [d5074e83-dc50-42ab-8b4a-fc5eb56c0c47] [http-nio-8081-exec-3] c.b.config.logging.HttpLoggingFilter - Headers: auth=present content-type=null accept=application/json, text/plain, */*
2025-11-10 22:29:09.112 [34mINFO [0;39m [2366c825-e5fd-4d25-96b2-3c93c2e55c3a] [http-nio-8081-exec-4] c.b.config.logging.HttpLoggingFilter - GET /api/seller/stores/s_1761843089530/products -> 401 (50 ms)
2025-11-10 22:29:09.113 [34mINFO [0;39m [2366c825-e5fd-4d25-96b2-3c93c2e55c3a] [http-nio-8081-exec-4] c.b.config.logging.HttpLoggingFilter - Headers: auth=present content-type=null accept=application/json, text/plain, */*
2025-11-10 22:29:09.113 [34mINFO [0;39m [2366c825-e5fd-4d25-96b2-3c93c2e55c3a] [http-nio-8081-exec-4] c.b.config.logging.HttpLoggingFilter - Response payload: {"message":"Unauthorized"}
2025-11-10 22:29:09.179 [34mINFO [0;39m [cc41f5e7-07a8-4bbc-9315-7c40211d244d] [http-nio-8081-exec-6] c.b.config.logging.HttpLoggingFilter - GET /api/categories -> 200 (225 ms)
2025-11-10 22:29:09.180 [34mINFO [0;39m [cc41f5e7-07a8-4bbc-9315-7c40211d244d] [http-nio-8081-exec-6] c.b.config.logging.HttpLoggingFilter - Headers: auth=present content-type=null accept=application/json, text/plain, */*
2025-11-10 22:29:09.180 [34mINFO [0;39m [cc41f5e7-07a8-4bbc-9315-7c40211d244d] [http-nio-8081-exec-6] c.b.config.logging.HttpLoggingFilter - Response payload: ["dairy","fruits","medicine","room"]
2025-11-10 22:29:09.196 [34mINFO [0;39m [70319749-6253-4eef-b578-f233b4f69ff6] [http-nio-8081-exec-9] c.b.web.StoreDiscoveryController - Global categories requested: tenant=demo-store
2025-11-10 22:29:09.203 [34mINFO [0;39m [70319749-6253-4eef-b578-f233b4f69ff6] [http-nio-8081-exec-9] c.b.config.logging.HttpLoggingFilter - GET /api/categories -> 200 (9 ms)
2025-11-10 22:29:09.205 [34mINFO [0;39m [70319749-6253-4eef-b578-f233b4f69ff6] [http-nio-8081-exec-9] c.b.config.logging.HttpLoggingFilter - Headers: auth=present content-type=null accept=application/json, text/plain, */*
2025-11-10 22:29:09.205 [34mINFO [0;39m [70319749-6253-4eef-b578-f233b4f69ff6] [http-nio-8081-exec-9] c.b.config.logging.HttpLoggingFilter - Response payload: ["dairy","fruits","medicine","room"]
2025-11-10 22:29:11.247 [34mINFO [0;39m [300b045e-eb40-431a-b2a0-34f34f03ba6d] [http-nio-8081-exec-10] c.b.config.logging.HttpLoggingFilter - GET /api/seller/orders -> 401 (4 ms)
2025-11-10 22:29:11.248 [34mINFO [0;39m [300b045e-eb40-431a-b2a0-34f34f03ba6d] [http-nio-8081-exec-10] c.b.config.logging.HttpLoggingFilter - Headers: auth=present content-type=null accept=application/json, text/plain, */*
2025-11-10 22:29:11.248 [34mINFO [0;39m [300b045e-eb40-431a-b2a0-34f34f03ba6d] [http-nio-8081-exec-10] c.b.config.logging.HttpLoggingFilter - Response payload: {"message":"Unauthorized"}
2025-11-10 22:29:11.284 [34mINFO [0;39m [6144c667-b40e-4514-99be-ae621a57c995] [http-nio-8081-exec-1] c.b.config.logging.HttpLoggingFilter - GET /api/seller/stores -> 401 (2 ms)
2025-11-10 22:29:11.284 [34mINFO [0;39m [5f19bae5-7860-4882-87c1-74a0d1f109d8] [http-nio-8081-exec-2] c.b.config.logging.HttpLoggingFilter - GET /api/seller/orders -> 401 (2 ms)
2025-11-10 22:29:11.285 [34mINFO [0;39m [5f19bae5-7860-4882-87c1-74a0d1f109d8] [http-nio-8081-exec-2] c.b.config.logging.HttpLoggingFilter - Headers: auth=present content-type=null accept=application/json, text/plain, */*
2025-11-10 22:29:11.285 [34mINFO [0;39m [5f19bae5-7860-4882-87c1-74a0d1f109d8] [http-nio-8081-exec-2] c.b.config.logging.HttpLoggingFilter - Response payload: {"message":"Unauthorized"}
2025-11-10 22:29:11.285 [34mINFO [0;39m [6144c667-b40e-4514-99be-ae621a57c995] [http-nio-8081-exec-1] c.b.config.logging.HttpLoggingFilter - Headers: auth=present content-type=null accept=application/json, text/plain, */*
2025-11-10 22:29:11.307 [34mINFO [0;39m [d8311316-ea6a-4226-9a3c-1d006f443a0a] [http-nio-8081-exec-7] c.b.config.logging.HttpLoggingFilter - GET /api/seller/stores -> 401 (5 ms)
2025-11-10 22:29:11.308 [34mINFO [0;39m [d8311316-ea6a-4226-9a3c-1d006f443a0a] [http-nio-8081-exec-7] c.b.config.logging.HttpLoggingFilter - Headers: auth=present content-type=null accept=application/json, text/plain, */*
2025-11-10 22:31:48.189 [34mINFO [0;39m [58932964-a562-45b8-b945-9ffdaf0032c8] [http-nio-8081-exec-8] c.b.config.logging.HttpLoggingFilter - GET /api/seller/stores -> 401 (2 ms)
2025-11-10 22:31:48.190 [34mINFO [0;39m [58932964-a562-45b8-b945-9ffdaf0032c8] [http-nio-8081-exec-8] c.b.config.logging.HttpLoggingFilter - Headers: auth=present content-type=null accept=application/json, text/plain, */*
2025-11-10 22:31:48.222 [34mINFO [0;39m [50f29850-7452-4377-b7e3-5f84bf981f5d] [http-nio-8081-exec-5] c.b.web.StoreDiscoveryController - Global categories requested: tenant=demo-store
2025-11-10 22:31:48.223 [34mINFO [0;39m [2b72949a-e763-41c1-872a-5736f3f31e28] [http-nio-8081-exec-3] c.b.config.logging.HttpLoggingFilter - GET /api/seller/stores -> 401 (2 ms)
2025-11-10 22:31:48.223 [34mINFO [0;39m [2b72949a-e763-41c1-872a-5736f3f31e28] [http-nio-8081-exec-3] c.b.config.logging.HttpLoggingFilter - Headers: auth=present content-type=null accept=application/json, text/plain, */*
2025-11-10 22:31:48.229 [34mINFO [0;39m [50f29850-7452-4377-b7e3-5f84bf981f5d] [http-nio-8081-exec-5] c.b.config.logging.HttpLoggingFilter - GET /api/categories -> 200 (9 ms)
2025-11-10 22:31:48.230 [34mINFO [0;39m [50f29850-7452-4377-b7e3-5f84bf981f5d] [http-nio-8081-exec-5] c.b.config.logging.HttpLoggingFilter - Headers: auth=present content-type=null accept=application/json, text/plain, */*
2025-11-10 22:31:48.230 [34mINFO [0;39m [50f29850-7452-4377-b7e3-5f84bf981f5d] [http-nio-8081-exec-5] c.b.config.logging.HttpLoggingFilter - Response payload: ["dairy","fruits","medicine","room"]
2025-11-10 22:31:48.249 [34mINFO [0;39m [c3be9fcb-9b54-4efa-994c-f206be37d881] [http-nio-8081-exec-4] c.b.web.StoreDiscoveryController - Global categories requested: tenant=demo-store
2025-11-10 22:31:48.256 [34mINFO [0;39m [c3be9fcb-9b54-4efa-994c-f206be37d881] [http-nio-8081-exec-4] c.b.config.logging.HttpLoggingFilter - GET /api/categories -> 200 (8 ms)
2025-11-10 22:31:48.258 [34mINFO [0;39m [c3be9fcb-9b54-4efa-994c-f206be37d881] [http-nio-8081-exec-4] c.b.config.logging.HttpLoggingFilter - Headers: auth=present content-type=null accept=application/json, text/plain, */*
2025-11-10 22:31:48.258 [34mINFO [0;39m [c3be9fcb-9b54-4efa-994c-f206be37d881] [http-nio-8081-exec-4] c.b.config.logging.HttpLoggingFilter - Response payload: ["dairy","fruits","medicine","room"]
2025-11-10 22:31:48.276 [34mINFO [0;39m [aa156ca0-05f6-4502-8989-8a58be23db58] [http-nio-8081-exec-6] c.b.config.logging.HttpLoggingFilter - GET /api/seller/stores/s_1761843089530/products -> 401 (4 ms)
2025-11-10 22:31:48.276 [34mINFO [0;39m [aa156ca0-05f6-4502-8989-8a58be23db58] [http-nio-8081-exec-6] c.b.config.logging.HttpLoggingFilter - Headers: auth=present content-type=null accept=application/json, text/plain, */*
2025-11-10 22:31:48.276 [34mINFO [0;39m [aa156ca0-05f6-4502-8989-8a58be23db58] [http-nio-8081-exec-6] c.b.config.logging.HttpLoggingFilter - Response payload: {"message":"Unauthorized"}
2025-11-10 22:31:50.005 [34mINFO [0;39m [7fe8da27-0ab3-45ed-a14c-9b8d9d3edeac] [http-nio-8081-exec-9] c.b.config.logging.HttpLoggingFilter - GET /api/seller/orders -> 401 (1 ms)
2025-11-10 22:31:50.007 [34mINFO [0;39m [7fe8da27-0ab3-45ed-a14c-9b8d9d3edeac] [http-nio-8081-exec-9] c.b.config.logging.HttpLoggingFilter - Headers: auth=present content-type=null accept=application/json, text/plain, */*
2025-11-10 22:31:50.007 [34mINFO [0;39m [7fe8da27-0ab3-45ed-a14c-9b8d9d3edeac] [http-nio-8081-exec-9] c.b.config.logging.HttpLoggingFilter - Response payload: {"message":"Unauthorized"}
2025-11-10 22:31:50.028 [34mINFO [0;39m [296f800d-d5ae-430c-ab8b-6b881e55bd62] [http-nio-8081-exec-10] c.b.config.logging.HttpLoggingFilter - GET /api/seller/stores -> 401 (1 ms)
2025-11-10 22:31:50.028 [34mINFO [0;39m [a4971eb2-d2f0-4543-a00d-f1b6b34d471a] [http-nio-8081-exec-2] c.b.config.logging.HttpLoggingFilter - GET /api/seller/orders -> 401 (1 ms)
2025-11-10 22:31:50.028 [34mINFO [0;39m [296f800d-d5ae-430c-ab8b-6b881e55bd62] [http-nio-8081-exec-10] c.b.config.logging.HttpLoggingFilter - Headers: auth=present content-type=null accept=application/json, text/plain, */*
2025-11-10 22:31:50.028 [34mINFO [0;39m [a4971eb2-d2f0-4543-a00d-f1b6b34d471a] [http-nio-8081-exec-2] c.b.config.logging.HttpLoggingFilter - Headers: auth=present content-type=null accept=application/json, text/plain, */*
2025-11-10 22:31:50.029 [34mINFO [0;39m [a4971eb2-d2f0-4543-a00d-f1b6b34d471a] [http-nio-8081-exec-2] c.b.config.logging.HttpLoggingFilter - Response payload: {"message":"Unauthorized"}
2025-11-10 22:31:50.042 [34mINFO [0;39m [eac2573d-e9bf-4829-9231-35cee7c4d99d] [http-nio-8081-exec-1] c.b.config.logging.HttpLoggingFilter - GET /api/seller/stores -> 401 (3 ms)
2025-11-10 22:31:50.043 [34mINFO [0;39m [eac2573d-e9bf-4829-9231-35cee7c4d99d] [http-nio-8081-exec-1] c.b.config.logging.HttpLoggingFilter - Headers: auth=present content-type=null accept=application/json, text/plain, */*
2025-11-10 22:36:34.526 [34mINFO [0;39m [85315adc-bbb2-415b-8772-b7ed929b4c83] [http-nio-8081-exec-7] com.bharatshop.web.CartController - Get cart: userId=guest
2025-11-10 22:36:34.530 [34mINFO [0;39m [85315adc-bbb2-415b-8772-b7ed929b4c83] [http-nio-8081-exec-7] c.b.config.logging.HttpLoggingFilter - GET /store/cart -> 200 (5 ms)
2025-11-10 22:36:34.530 [34mINFO [0;39m [85315adc-bbb2-415b-8772-b7ed929b4c83] [http-nio-8081-exec-7] c.b.config.logging.HttpLoggingFilter - Headers: auth=present content-type=null accept=application/json, text/plain, */*
2025-11-10 22:36:34.531 [34mINFO [0;39m [85315adc-bbb2-415b-8772-b7ed929b4c83] [http-nio-8081-exec-7] c.b.config.logging.HttpLoggingFilter - Response payload: []
2025-11-10 22:36:34.544 [34mINFO [0;39m [b0460b9d-ddf1-41d7-afdc-f631204c3cdf] [http-nio-8081-exec-3] com.bharatshop.web.CartController - Get cart: userId=guest
2025-11-10 22:36:34.547 [34mINFO [0;39m [b0460b9d-ddf1-41d7-afdc-f631204c3cdf] [http-nio-8081-exec-3] c.b.config.logging.HttpLoggingFilter - GET /store/cart -> 200 (4 ms)
2025-11-10 22:36:34.547 [34mINFO [0;39m [b0460b9d-ddf1-41d7-afdc-f631204c3cdf] [http-nio-8081-exec-3] c.b.config.logging.HttpLoggingFilter - Headers: auth=present content-type=null accept=application/json, text/plain, */*
2025-11-10 22:36:34.548 [34mINFO [0;39m [b0460b9d-ddf1-41d7-afdc-f631204c3cdf] [http-nio-8081-exec-3] c.b.config.logging.HttpLoggingFilter - Response payload: []
2025-11-10 22:36:34.549 [34mINFO [0;39m [954ef2b3-7ab7-4ab8-9586-e007d810262e] [http-nio-8081-exec-8] c.b.config.logging.HttpLoggingFilter - GET /api/i18n/locales -> 404 (19 ms)
2025-11-10 22:36:34.550 [34mINFO [0;39m [954ef2b3-7ab7-4ab8-9586-e007d810262e] [http-nio-8081-exec-8] c.b.config.logging.HttpLoggingFilter - Headers: auth=present content-type=null accept=application/json, text/plain, */*
2025-11-10 22:36:34.668 [34mINFO [0;39m [7ee0122d-b914-4c70-a8a5-50e57eb61848] [http-nio-8081-exec-5] c.b.config.logging.HttpLoggingFilter - GET /api/i18n/locales -> 404 (3 ms)
2025-11-10 22:36:34.669 [34mINFO [0;39m [7ee0122d-b914-4c70-a8a5-50e57eb61848] [http-nio-8081-exec-5] c.b.config.logging.HttpLoggingFilter - Headers: auth=present content-type=null accept=application/json, text/plain, */*
2025-11-10 22:36:34.732 [34mINFO [0;39m [50fe1e62-844f-45cd-b0a1-5ab7431e1864] [http-nio-8081-exec-6] c.b.config.logging.HttpLoggingFilter - GET /api/seller/stores -> 401 (3 ms)
2025-11-10 22:36:34.732 [34mINFO [0;39m [50fe1e62-844f-45cd-b0a1-5ab7431e1864] [http-nio-8081-exec-6] c.b.config.logging.HttpLoggingFilter - Headers: auth=present content-type=null accept=application/json, text/plain, */*
2025-11-10 22:36:34.733 [34mINFO [0;39m [091bfbdd-4ace-4845-ab58-44338fe5ba3f] [http-nio-8081-exec-9] c.b.config.logging.HttpLoggingFilter - GET /api/seller/orders -> 401 (1 ms)
2025-11-10 22:36:34.735 [34mINFO [0;39m [091bfbdd-4ace-4845-ab58-44338fe5ba3f] [http-nio-8081-exec-9] c.b.config.logging.HttpLoggingFilter - Headers: auth=present content-type=null accept=application/json, text/plain, */*
2025-11-10 22:36:34.736 [34mINFO [0;39m [091bfbdd-4ace-4845-ab58-44338fe5ba3f] [http-nio-8081-exec-9] c.b.config.logging.HttpLoggingFilter - Response payload: {"message":"Unauthorized"}
2025-11-10 22:36:34.742 [34mINFO [0;39m [6ec81b3c-3e4b-41b1-953a-1d6050ec3587] [http-nio-8081-exec-4] c.b.config.logging.HttpLoggingFilter - GET /api/i18n/translations?locale=en -> 404 (4 ms)
2025-11-10 22:36:34.744 [34mINFO [0;39m [6ec81b3c-3e4b-41b1-953a-1d6050ec3587] [http-nio-8081-exec-4] c.b.config.logging.HttpLoggingFilter - Headers: auth=present content-type=null accept=application/json, text/plain, */*
2025-11-10 22:36:34.748 [34mINFO [0;39m [8d4c867d-7391-4396-a7a0-154c840d846b] [http-nio-8081-exec-10] c.b.config.logging.HttpLoggingFilter - GET /api/seller/stores -> 401 (2 ms)
2025-11-10 22:36:34.749 [34mINFO [0;39m [8d4c867d-7391-4396-a7a0-154c840d846b] [http-nio-8081-exec-10] c.b.config.logging.HttpLoggingFilter - Headers: auth=present content-type=null accept=application/json, text/plain, */*
2025-11-10 22:36:34.754 [34mINFO [0;39m [9e250f16-9649-466d-af33-23c05114ac8f] [http-nio-8081-exec-2] c.b.config.logging.HttpLoggingFilter - GET /api/seller/orders -> 401 (3 ms)
2025-11-10 22:36:34.757 [34mINFO [0;39m [9e250f16-9649-466d-af33-23c05114ac8f] [http-nio-8081-exec-2] c.b.config.logging.HttpLoggingFilter - Headers: auth=present content-type=null accept=application/json, text/plain, */*
2025-11-10 22:36:34.762 [34mINFO [0;39m [9e250f16-9649-466d-af33-23c05114ac8f] [http-nio-8081-exec-2] c.b.config.logging.HttpLoggingFilter - Response payload: {"message":"Unauthorized"}
2025-11-10 22:36:34.772 [34mINFO [0;39m [16e60063-22ba-498c-b9d7-50755ac6d12f] [http-nio-8081-exec-1] c.b.config.logging.HttpLoggingFilter - GET /api/seller/stores -> 401 (4 ms)
2025-11-10 22:36:34.776 [34mINFO [0;39m [16e60063-22ba-498c-b9d7-50755ac6d12f] [http-nio-8081-exec-1] c.b.config.logging.HttpLoggingFilter - Headers: auth=present content-type=null accept=application/json, text/plain, */*
2025-11-10 22:38:27.170 [34mINFO [0;39m [c036863f-f4ec-4a2c-b7ab-72e42f4de43c] [http-nio-8081-exec-7] c.b.config.logging.HttpLoggingFilter - GET /api/seller/stores -> 401 (3 ms)
2025-11-10 22:38:27.170 [34mINFO [0;39m [c036863f-f4ec-4a2c-b7ab-72e42f4de43c] [http-nio-8081-exec-7] c.b.config.logging.HttpLoggingFilter - Headers: auth=present content-type=null accept=application/json, text/plain, */*
2025-11-10 22:38:27.184 [34mINFO [0;39m [c7b1c2ab-841d-4b60-bc20-0eda8e33ee00] [http-nio-8081-exec-3] c.b.config.logging.HttpLoggingFilter - GET /api/seller/stores -> 401 (3 ms)
2025-11-10 22:38:27.185 [34mINFO [0;39m [c7b1c2ab-841d-4b60-bc20-0eda8e33ee00] [http-nio-8081-exec-3] c.b.config.logging.HttpLoggingFilter - Headers: auth=present content-type=null accept=application/json, text/plain, */*
2025-11-10 22:38:33.161 [34mINFO [0;39m [3226c6bc-2600-4002-9a4c-dacc640891aa] [http-nio-8081-exec-8] c.b.config.logging.HttpLoggingFilter - GET /api/seller/stores -> 401 (0 ms)
2025-11-10 22:38:33.163 [34mINFO [0;39m [3226c6bc-2600-4002-9a4c-dacc640891aa] [http-nio-8081-exec-8] c.b.config.logging.HttpLoggingFilter - Headers: auth=present content-type=null accept=application/json, text/plain, */*
2025-11-10 22:38:59.160 [34mINFO [0;39m [970f29ab-831a-43eb-b683-8efbbb277f30] [http-nio-8081-exec-5] c.b.config.logging.HttpLoggingFilter - GET /api/seller/stores -> 401 (1 ms)
2025-11-10 22:38:59.162 [34mINFO [0;39m [970f29ab-831a-43eb-b683-8efbbb277f30] [http-nio-8081-exec-5] c.b.config.logging.HttpLoggingFilter - Headers: auth=present content-type=null accept=application/json, text/plain, */*
2025-11-10 22:39:35.172 [34mINFO [0;39m [228c901b-703e-4d39-9dbb-45c27be4d569] [http-nio-8081-exec-6] c.b.config.logging.HttpLoggingFilter - GET /api/seller/stores -> 401 (2 ms)
2025-11-10 22:39:35.172 [34mINFO [0;39m [228c901b-703e-4d39-9dbb-45c27be4d569] [http-nio-8081-exec-6] c.b.config.logging.HttpLoggingFilter - Headers: auth=present content-type=null accept=application/json, text/plain, */*
2025-11-10 22:39:59.163 [34mINFO [0;39m [dd449963-3a9e-4f82-b93d-47cbf27d7c84] [http-nio-8081-exec-9] c.b.config.logging.HttpLoggingFilter - GET /api/seller/stores -> 401 (2 ms)
2025-11-10 22:39:59.165 [34mINFO [0;39m [dd449963-3a9e-4f82-b93d-47cbf27d7c84] [http-nio-8081-exec-9] c.b.config.logging.HttpLoggingFilter - Headers: auth=present content-type=null accept=application/json, text/plain, */*
2025-11-10 22:40:05.170 [34mINFO [0;39m [f4d5ef8c-e9d7-4134-8bb8-4479a2ee511c] [http-nio-8081-exec-10] c.b.config.logging.HttpLoggingFilter - GET /api/seller/stores -> 401 (1 ms)
2025-11-10 22:40:05.170 [34mINFO [0;39m [f4d5ef8c-e9d7-4134-8bb8-4479a2ee511c] [http-nio-8081-exec-10] c.b.config.logging.HttpLoggingFilter - Headers: auth=present content-type=null accept=application/json, text/plain, */*
2025-11-10 22:40:17.172 [34mINFO [0;39m [93cf03ec-c4dc-4e56-af03-ee9906d9c39b] [http-nio-8081-exec-4] c.b.config.logging.HttpLoggingFilter - GET /api/seller/stores -> 401 (2 ms)
2025-11-10 22:40:17.172 [34mINFO [0;39m [93cf03ec-c4dc-4e56-af03-ee9906d9c39b] [http-nio-8081-exec-4] c.b.config.logging.HttpLoggingFilter - Headers: auth=present content-type=null accept=application/json, text/plain, */*
2025-11-10 22:40:42.215 [34mINFO [0;39m [162d42c1-3172-42f2-984b-0a7415bb5955] [http-nio-8081-exec-2] c.b.config.logging.HttpLoggingFilter - GET /api/seller/stores -> 401 (2 ms)
2025-11-10 22:40:42.215 [34mINFO [0;39m [162d42c1-3172-42f2-984b-0a7415bb5955] [http-nio-8081-exec-2] c.b.config.logging.HttpLoggingFilter - Headers: auth=present content-type=null accept=application/json, text/plain, */*
2025-11-10 22:40:43.162 [34mINFO [0;39m [4b07ab07-ae97-4949-86ec-685901426dcf] [http-nio-8081-exec-1] c.b.config.logging.HttpLoggingFilter - GET /api/seller/stores -> 401 (2 ms)
2025-11-10 22:40:43.163 [34mINFO [0;39m [4b07ab07-ae97-4949-86ec-685901426dcf] [http-nio-8081-exec-1] c.b.config.logging.HttpLoggingFilter - Headers: auth=present content-type=null accept=application/json, text/plain, */*
2025-11-10 22:40:48.234 [34mINFO [0;39m [5d2685ce-6435-4940-b22d-d047efa0a49f] [http-nio-8081-exec-7] c.b.config.logging.HttpLoggingFilter - GET /api/seller/stores -> 401 (1 ms)
2025-11-10 22:40:48.236 [34mINFO [0;39m [5d2685ce-6435-4940-b22d-d047efa0a49f] [http-nio-8081-exec-7] c.b.config.logging.HttpLoggingFilter - Headers: auth=present content-type=null accept=application/json, text/plain, */*
2025-11-10 22:40:49.168 [34mINFO [0;39m [484ba85f-e137-445e-9123-79bc1289c16a] [http-nio-8081-exec-3] c.b.config.logging.HttpLoggingFilter - GET /api/seller/stores -> 401 (1 ms)
2025-11-10 22:40:49.168 [34mINFO [0;39m [484ba85f-e137-445e-9123-79bc1289c16a] [http-nio-8081-exec-3] c.b.config.logging.HttpLoggingFilter - Headers: auth=present content-type=null accept=application/json, text/plain, */*
2025-11-10 22:40:55.169 [34mINFO [0;39m [0c3165bb-45ab-488a-b2d2-78087e9d6040] [http-nio-8081-exec-8] c.b.config.logging.HttpLoggingFilter - GET /api/seller/stores -> 401 (1 ms)
2025-11-10 22:40:55.169 [34mINFO [0;39m [0c3165bb-45ab-488a-b2d2-78087e9d6040] [http-nio-8081-exec-8] c.b.config.logging.HttpLoggingFilter - Headers: auth=present content-type=null accept=application/json, text/plain, */*
2025-11-10 22:41:02.157 [34mINFO [0;39m [715eeada-4b7a-4e06-9fd2-21c48704dad0] [http-nio-8081-exec-5] c.b.config.logging.HttpLoggingFilter - GET /api/seller/stores -> 401 (1 ms)
2025-11-10 22:41:02.157 [34mINFO [0;39m [715eeada-4b7a-4e06-9fd2-21c48704dad0] [http-nio-8081-exec-5] c.b.config.logging.HttpLoggingFilter - Headers: auth=present content-type=null accept=application/json, text/plain, */*
2025-11-10 22:48:33.367 [34mINFO [0;39m [] [main] c.bharatshop.BharatshopApplication - Starting BharatshopApplication using Java 17.0.12 with PID 43788 (C:\Users\Adarsh\Downloads\bharatshop-backend\target\bharatshop-backend-0.0.1-SNAPSHOT.jar started by Adarsh in C:\Users\Adarsh\Downloads\bharatshop-backend)
2025-11-10 22:48:33.371 [39mDEBUG[0;39m [] [main] c.bharatshop.BharatshopApplication - Running with Spring Boot v3.3.4, Spring v6.1.13
2025-11-10 22:48:33.372 [34mINFO [0;39m [] [main] c.bharatshop.BharatshopApplication - No active profile set, falling back to 1 default profile: "default"
2025-11-10 22:48:35.504 [34mINFO [0;39m [] [main] o.s.d.r.c.RepositoryConfigurationDelegate - Bootstrapping Spring Data JPA repositories in DEFAULT mode.
2025-11-10 22:48:35.595 [34mINFO [0;39m [] [main] o.s.d.r.c.RepositoryConfigurationDelegate - Finished Spring Data repository scanning in 78 ms. Found 5 JPA repository interfaces.
2025-11-10 22:48:36.794 [34mINFO [0;39m [] [main] o.s.b.w.e.tomcat.TomcatWebServer - Tomcat initialized with port 8081 (http)
2025-11-10 22:48:36.806 [34mINFO [0;39m [] [main] o.a.coyote.http11.Http11NioProtocol - Initializing ProtocolHandler ["http-nio-8081"]
2025-11-10 22:48:36.810 [34mINFO [0;39m [] [main] o.a.catalina.core.StandardService - Starting service [Tomcat]
2025-11-10 22:48:36.811 [34mINFO [0;39m [] [main] o.a.catalina.core.StandardEngine - Starting Servlet engine: [Apache Tomcat/10.1.30]
2025-11-10 22:48:36.871 [34mINFO [0;39m [] [main] o.a.c.c.C.[Tomcat].[localhost].[/] - Initializing Spring embedded WebApplicationContext
2025-11-10 22:48:36.872 [34mINFO [0;39m [] [main] o.s.b.w.s.c.ServletWebServerApplicationContext - Root WebApplicationContext: initialization completed in 3426 ms
2025-11-10 22:48:37.152 [34mINFO [0;39m [] [main] com.zaxxer.hikari.HikariDataSource - HikariPool-1 - Starting...
2025-11-10 22:48:37.450 [34mINFO [0;39m [] [main] com.zaxxer.hikari.pool.HikariPool - HikariPool-1 - Added connection conn0: url=jdbc:h2:mem:bharatshop user=SA
2025-11-10 22:48:37.452 [34mINFO [0;39m [] [main] com.zaxxer.hikari.HikariDataSource - HikariPool-1 - Start completed.
2025-11-10 22:48:37.465 [34mINFO [0;39m [] [main] o.s.b.a.h.H2ConsoleAutoConfiguration - H2 console available at '/h2-console'. Database available at 'jdbc:h2:mem:bharatshop'
2025-11-10 22:48:38.247 [34mINFO [0;39m [] [main] o.s.o.j.p.SpringPersistenceUnitInfo - No LoadTimeWeaver setup: ignoring JPA class transformer
2025-11-10 22:48:39.711 [34mINFO [0;39m [] [main] o.s.o.j.LocalContainerEntityManagerFactoryBean - Initialized JPA EntityManagerFactory for persistence unit 'default'
2025-11-10 22:48:40.250 [34mINFO [0;39m [] [main] c.b.config.NotificationConfig - SMS provider: Twilio
2025-11-10 22:48:40.543 [34mINFO [0;39m [] [main] c.b.config.NotificationConfig - Email provider: LOG (fallback)
2025-11-10 22:48:40.641 [39mDEBUG[0;39m [] [main] c.b.c.logging.CorrelationIdFilter - Filter 'correlationIdFilter' configured for use
2025-11-10 22:48:40.642 [39mDEBUG[0;39m [] [main] c.b.config.logging.HttpLoggingFilter - Filter 'httpLoggingFilter' configured for use
2025-11-10 22:48:40.645 [39mDEBUG[0;39m [] [main] com.bharatshop.config.TenantFilter - Filter 'tenantFilter' configured for use
2025-11-10 22:48:40.645 [39mDEBUG[0;39m [] [main] c.b.security.TokenAuthFilter - Filter 'tokenAuthFilter' configured for use
2025-11-10 22:48:41.107 [31mWARN [0;39m [] [main] o.s.b.a.o.j.JpaBaseConfiguration$JpaWebConfiguration - spring.jpa.open-in-view is enabled by default. Therefore, database queries may be performed during view rendering. Explicitly configure spring.jpa.open-in-view to disable this warning
2025-11-10 22:48:41.174 [31mWARN [0;39m [] [main] o.s.b.a.s.s.UserDetailsServiceAutoConfiguration - 

Using generated security password: f309f0fd-7056-4ed6-8f5e-2a6c51d83c62

This generated password is for development use only. Your security configuration must be updated before running your application in production.

2025-11-10 22:48:41.192 [34mINFO [0;39m [] [main] o.s.s.c.a.a.c.InitializeUserDetailsBeanManagerConfigurer$InitializeUserDetailsManagerConfigurer - Global AuthenticationManager configured with UserDetailsService bean with name inMemoryUserDetailsManager
2025-11-10 22:48:41.907 [34mINFO [0;39m [] [main] o.s.b.a.e.web.EndpointLinksResolver - Exposing 4 endpoints beneath base path '/actuator'
2025-11-10 22:48:42.814 [34mINFO [0;39m [] [main] o.a.coyote.http11.Http11NioProtocol - Starting ProtocolHandler ["http-nio-8081"]
2025-11-10 22:48:42.832 [34mINFO [0;39m [] [main] o.s.b.w.e.tomcat.TomcatWebServer - Tomcat started on port 8081 (http) with context path '/'
2025-11-10 22:48:42.870 [34mINFO [0;39m [] [main] c.bharatshop.BharatshopApplication - Started BharatshopApplication in 10.489 seconds (process running for 11.1)
2025-11-10 22:49:00.253 [34mINFO [0;39m [] [http-nio-8081-exec-1] o.a.c.c.C.[Tomcat].[localhost].[/] - Initializing Spring DispatcherServlet 'dispatcherServlet'
2025-11-10 22:49:00.254 [34mINFO [0;39m [] [http-nio-8081-exec-1] o.s.web.servlet.DispatcherServlet - Initializing Servlet 'dispatcherServlet'
2025-11-10 22:49:00.255 [34mINFO [0;39m [] [http-nio-8081-exec-1] o.s.web.servlet.DispatcherServlet - Completed initialization in 1 ms
2025-11-10 22:49:00.449 [34mINFO [0;39m [1c345719-f433-42fb-9c02-5e4592ed69e0] [http-nio-8081-exec-1] c.b.config.logging.HttpLoggingFilter - GET /api/seller/stores -> 401 (76 ms)
2025-11-10 22:49:00.450 [34mINFO [0;39m [1c345719-f433-42fb-9c02-5e4592ed69e0] [http-nio-8081-exec-1] c.b.config.logging.HttpLoggingFilter - Headers: auth=present content-type=null accept=application/json, text/plain, */*
2025-11-10 22:49:07.171 [34mINFO [0;39m [4109b109-f58c-4028-a247-effa6f133a4b] [http-nio-8081-exec-2] c.b.config.logging.HttpLoggingFilter - GET /api/seller/stores -> 401 (2 ms)
2025-11-10 22:49:07.171 [34mINFO [0;39m [4109b109-f58c-4028-a247-effa6f133a4b] [http-nio-8081-exec-2] c.b.config.logging.HttpLoggingFilter - Headers: auth=present content-type=null accept=application/json, text/plain, */*
2025-11-10 22:49:53.172 [34mINFO [0;39m [61b7fb44-26ce-46fd-b4e1-f0415245e8a2] [http-nio-8081-exec-3] c.b.config.logging.HttpLoggingFilter - GET /api/seller/stores -> 401 (2 ms)
2025-11-10 22:49:53.173 [34mINFO [0;39m [61b7fb44-26ce-46fd-b4e1-f0415245e8a2] [http-nio-8081-exec-3] c.b.config.logging.HttpLoggingFilter - Headers: auth=present content-type=null accept=application/json, text/plain, */*
2025-11-10 22:50:20.170 [34mINFO [0;39m [03a56ff9-826f-4e7e-a433-503f6daf8f16] [http-nio-8081-exec-4] c.b.config.logging.HttpLoggingFilter - GET /api/seller/stores -> 401 (3 ms)
2025-11-10 22:50:20.171 [34mINFO [0;39m [03a56ff9-826f-4e7e-a433-503f6daf8f16] [http-nio-8081-exec-4] c.b.config.logging.HttpLoggingFilter - Headers: auth=present content-type=null accept=application/json, text/plain, */*
2025-11-10 22:50:29.173 [34mINFO [0;39m [62d5d207-9256-4927-9143-3aff82475137] [http-nio-8081-exec-5] c.b.config.logging.HttpLoggingFilter - GET /api/seller/stores -> 401 (1 ms)
2025-11-10 22:50:29.175 [34mINFO [0;39m [62d5d207-9256-4927-9143-3aff82475137] [http-nio-8081-exec-5] c.b.config.logging.HttpLoggingFilter - Headers: auth=present content-type=null accept=application/json, text/plain, */*
2025-11-10 22:50:44.163 [34mINFO [0;39m [58e2d43d-621e-4596-93d5-1d9946eaf3e6] [http-nio-8081-exec-6] c.b.config.logging.HttpLoggingFilter - GET /api/seller/stores -> 401 (1 ms)
2025-11-10 22:50:44.164 [34mINFO [0;39m [58e2d43d-621e-4596-93d5-1d9946eaf3e6] [http-nio-8081-exec-6] c.b.config.logging.HttpLoggingFilter - Headers: auth=present content-type=null accept=application/json, text/plain, */*
2025-11-10 22:56:57.214 [34mINFO [0;39m [9f91e133-071f-4443-a7c3-adc4a4cd14d8] [http-nio-8081-exec-8] c.b.config.logging.HttpLoggingFilter - GET /api/seller/stores -> 401 (2 ms)
2025-11-10 22:56:57.216 [34mINFO [0;39m [9f91e133-071f-4443-a7c3-adc4a4cd14d8] [http-nio-8081-exec-8] c.b.config.logging.HttpLoggingFilter - Headers: auth=present content-type=null accept=application/json, text/plain, */*
2025-11-10 22:56:57.238 [34mINFO [0;39m [59db9756-fd41-498d-81cc-6ea0ac9b7ee6] [http-nio-8081-exec-9] c.b.config.logging.HttpLoggingFilter - GET /api/seller/stores -> 401 (3 ms)
2025-11-10 22:56:57.239 [34mINFO [0;39m [59db9756-fd41-498d-81cc-6ea0ac9b7ee6] [http-nio-8081-exec-9] c.b.config.logging.HttpLoggingFilter - Headers: auth=present content-type=null accept=application/json, text/plain, */*
2025-11-10 22:56:57.273 [34mINFO [0;39m [722ac16f-d701-4517-a3b9-e3f6284e506f] [http-nio-8081-exec-7] c.b.config.logging.HttpLoggingFilter - GET /api/seller/orders -> 401 (61 ms)
2025-11-10 22:56:57.274 [34mINFO [0;39m [722ac16f-d701-4517-a3b9-e3f6284e506f] [http-nio-8081-exec-7] c.b.config.logging.HttpLoggingFilter - Headers: auth=present content-type=null accept=application/json, text/plain, */*
2025-11-10 22:56:57.274 [34mINFO [0;39m [722ac16f-d701-4517-a3b9-e3f6284e506f] [http-nio-8081-exec-7] c.b.config.logging.HttpLoggingFilter - Response payload: {"message":"Unauthorized"}
2025-11-10 22:56:57.288 [34mINFO [0;39m [9644cfcb-87c6-4925-bc75-cad33e44116f] [http-nio-8081-exec-10] c.b.config.logging.HttpLoggingFilter - GET /api/seller/orders -> 401 (2 ms)
2025-11-10 22:56:57.289 [34mINFO [0;39m [9644cfcb-87c6-4925-bc75-cad33e44116f] [http-nio-8081-exec-10] c.b.config.logging.HttpLoggingFilter - Headers: auth=present content-type=null accept=application/json, text/plain, */*
2025-11-10 22:56:57.289 [34mINFO [0;39m [9644cfcb-87c6-4925-bc75-cad33e44116f] [http-nio-8081-exec-10] c.b.config.logging.HttpLoggingFilter - Response payload: {"message":"Unauthorized"}
2025-11-10 23:56:51.497 [34mINFO [0;39m [] [main] c.bharatshop.BharatshopApplication - Starting BharatshopApplication using Java 17.0.12 with PID 72956 (C:\Users\Adarsh\Downloads\bharatshop-backend\target\classes started by Adarsh in C:\Users\Adarsh\Downloads\bharatshop-backend)
2025-11-10 23:56:51.500 [39mDEBUG[0;39m [] [main] c.bharatshop.BharatshopApplication - Running with Spring Boot v3.3.4, Spring v6.1.13
2025-11-10 23:56:51.501 [34mINFO [0;39m [] [main] c.bharatshop.BharatshopApplication - No active profile set, falling back to 1 default profile: "default"
2025-11-10 23:56:52.719 [34mINFO [0;39m [] [main] o.s.d.r.c.RepositoryConfigurationDelegate - Bootstrapping Spring Data JPA repositories in DEFAULT mode.
2025-11-10 23:56:52.786 [34mINFO [0;39m [] [main] o.s.d.r.c.RepositoryConfigurationDelegate - Finished Spring Data repository scanning in 61 ms. Found 5 JPA repository interfaces.
2025-11-10 23:56:53.465 [34mINFO [0;39m [] [main] o.s.b.w.e.tomcat.TomcatWebServer - Tomcat initialized with port 8080 (http)
2025-11-10 23:56:53.475 [34mINFO [0;39m [] [main] o.a.coyote.http11.Http11NioProtocol - Initializing ProtocolHandler ["http-nio-8080"]
2025-11-10 23:56:53.479 [34mINFO [0;39m [] [main] o.a.catalina.core.StandardService - Starting service [Tomcat]
2025-11-10 23:56:53.479 [34mINFO [0;39m [] [main] o.a.catalina.core.StandardEngine - Starting Servlet engine: [Apache Tomcat/10.1.30]
2025-11-10 23:56:53.556 [34mINFO [0;39m [] [main] o.a.c.c.C.[Tomcat].[localhost].[/] - Initializing Spring embedded WebApplicationContext
2025-11-10 23:56:53.557 [34mINFO [0;39m [] [main] o.s.b.w.s.c.ServletWebServerApplicationContext - Root WebApplicationContext: initialization completed in 2010 ms
2025-11-10 23:56:53.702 [34mINFO [0;39m [] [main] com.zaxxer.hikari.HikariDataSource - HikariPool-1 - Starting...
2025-11-10 23:56:53.862 [34mINFO [0;39m [] [main] com.zaxxer.hikari.pool.HikariPool - HikariPool-1 - Added connection conn0: url=jdbc:h2:mem:bharatshop user=SA
2025-11-10 23:56:53.864 [34mINFO [0;39m [] [main] com.zaxxer.hikari.HikariDataSource - HikariPool-1 - Start completed.
2025-11-10 23:56:53.874 [34mINFO [0;39m [] [main] o.s.b.a.h.H2ConsoleAutoConfiguration - H2 console available at '/h2-console'. Database available at 'jdbc:h2:mem:bharatshop'
2025-11-10 23:56:54.338 [34mINFO [0;39m [] [main] o.s.o.j.p.SpringPersistenceUnitInfo - No LoadTimeWeaver setup: ignoring JPA class transformer
2025-11-10 23:56:55.290 [34mINFO [0;39m [] [main] o.s.o.j.LocalContainerEntityManagerFactoryBean - Initialized JPA EntityManagerFactory for persistence unit 'default'
2025-11-10 23:56:55.654 [34mINFO [0;39m [] [main] c.b.config.NotificationConfig - SMS provider: Twilio
2025-11-10 23:56:55.859 [34mINFO [0;39m [] [main] c.b.config.NotificationConfig - Email provider: LOG (fallback)
2025-11-10 23:56:55.915 [39mDEBUG[0;39m [] [main] c.b.c.logging.CorrelationIdFilter - Filter 'correlationIdFilter' configured for use
2025-11-10 23:56:55.915 [39mDEBUG[0;39m [] [main] c.b.config.logging.HttpLoggingFilter - Filter 'httpLoggingFilter' configured for use
2025-11-10 23:56:55.917 [39mDEBUG[0;39m [] [main] com.bharatshop.config.TenantFilter - Filter 'tenantFilter' configured for use
2025-11-10 23:56:55.917 [39mDEBUG[0;39m [] [main] c.b.security.TokenAuthFilter - Filter 'tokenAuthFilter' configured for use
2025-11-10 23:56:56.191 [31mWARN [0;39m [] [main] o.s.b.a.o.j.JpaBaseConfiguration$JpaWebConfiguration - spring.jpa.open-in-view is enabled by default. Therefore, database queries may be performed during view rendering. Explicitly configure spring.jpa.open-in-view to disable this warning
2025-11-10 23:56:56.222 [31mWARN [0;39m [] [main] o.s.b.a.s.s.UserDetailsServiceAutoConfiguration - 

Using generated security password: e2b414bb-5fa8-433d-99bd-9fdd88ba51da

This generated password is for development use only. Your security configuration must be updated before running your application in production.

2025-11-10 23:56:56.230 [34mINFO [0;39m [] [main] o.s.s.c.a.a.c.InitializeUserDetailsBeanManagerConfigurer$InitializeUserDetailsManagerConfigurer - Global AuthenticationManager configured with UserDetailsService bean with name inMemoryUserDetailsManager
2025-11-10 23:56:56.653 [34mINFO [0;39m [] [main] o.s.b.a.e.web.EndpointLinksResolver - Exposing 4 endpoints beneath base path '/actuator'
2025-11-10 23:56:57.141 [34mINFO [0;39m [] [main] o.a.coyote.http11.Http11NioProtocol - Starting ProtocolHandler ["http-nio-8080"]
2025-11-10 23:56:57.155 [34mINFO [0;39m [] [main] o.s.b.w.e.tomcat.TomcatWebServer - Tomcat started on port 8080 (http) with context path '/'
2025-11-10 23:56:57.170 [34mINFO [0;39m [] [main] c.bharatshop.BharatshopApplication - Started BharatshopApplication in 6.224 seconds (process running for 6.581)
2025-11-10 23:57:10.987 [34mINFO [0;39m [] [http-nio-8080-exec-1] o.a.c.c.C.[Tomcat].[localhost].[/] - Initializing Spring DispatcherServlet 'dispatcherServlet'
2025-11-10 23:57:10.987 [34mINFO [0;39m [] [http-nio-8080-exec-1] o.s.web.servlet.DispatcherServlet - Initializing Servlet 'dispatcherServlet'
2025-11-10 23:57:10.988 [34mINFO [0;39m [] [http-nio-8080-exec-1] o.s.web.servlet.DispatcherServlet - Completed initialization in 1 ms
2025-11-10 23:57:11.099 [31mWARN [0;39m [651ce3e3-28ff-4dbc-9e62-0efc9023da17] [http-nio-8080-exec-1] o.s.b.a.mail.MailHealthIndicator - Mail health check failed
jakarta.mail.AuthenticationFailedException: failed to connect, no password specified?
	at jakarta.mail.Service.connect(Service.java:379)
	at org.springframework.mail.javamail.JavaMailSenderImpl.connectTransport(JavaMailSenderImpl.java:480)
	at org.springframework.mail.javamail.JavaMailSenderImpl.testConnection(JavaMailSenderImpl.java:360)
	at org.springframework.boot.actuate.mail.MailHealthIndicator.doHealthCheck(MailHealthIndicator.java:52)
	at org.springframework.boot.actuate.health.AbstractHealthIndicator.health(AbstractHealthIndicator.java:82)
	at org.springframework.boot.actuate.health.HealthIndicator.getHealth(HealthIndicator.java:37)
	at org.springframework.boot.actuate.health.HealthEndpointWebExtension.getHealth(HealthEndpointWebExtension.java:94)
	at org.springframework.boot.actuate.health.HealthEndpointWebExtension.getHealth(HealthEndpointWebExtension.java:47)
	at org.springframework.boot.actuate.health.HealthEndpointSupport.getLoggedHealth(HealthEndpointSupport.java:172)
	at org.springframework.boot.actuate.health.HealthEndpointSupport.getContribution(HealthEndpointSupport.java:145)
	at org.springframework.boot.actuate.health.HealthEndpointSupport.getAggregateContribution(HealthEndpointSupport.java:156)
	at org.springframework.boot.actuate.health.HealthEndpointSupport.getContribution(HealthEndpointSupport.java:141)
	at org.springframework.boot.actuate.health.HealthEndpointSupport.getHealth(HealthEndpointSupport.java:110)
	at org.springframework.boot.actuate.health.HealthEndpointSupport.getHealth(HealthEndpointSupport.java:81)
	at org.springframework.boot.actuate.health.HealthEndpointWebExtension.health(HealthEndpointWebExtension.java:80)
	at org.springframework.boot.actuate.health.HealthEndpointWebExtension.health(HealthEndpointWebExtension.java:69)
	at java.base/jdk.internal.reflect.NativeMethodAccessorImpl.invoke0(Native Method)
	at java.base/jdk.internal.reflect.NativeMethodAccessorImpl.invoke(NativeMethodAccessorImpl.java:77)
	at java.base/jdk.internal.reflect.DelegatingMethodAccessorImpl.invoke(DelegatingMethodAccessorImpl.java:43)
	at java.base/java.lang.reflect.Method.invoke(Method.java:568)
	at org.springframework.util.ReflectionUtils.invokeMethod(ReflectionUtils.java:281)
	at org.springframework.boot.actuate.endpoint.invoke.reflect.ReflectiveOperationInvoker.invoke(ReflectiveOperationInvoker.java:74)
	at org.springframework.boot.actuate.endpoint.annotation.AbstractDiscoveredOperation.invoke(AbstractDiscoveredOperation.java:60)
	at org.springframework.boot.actuate.endpoint.web.servlet.AbstractWebMvcEndpointHandlerMapping$ServletWebOperationAdapter.handle(AbstractWebMvcEndpointHandlerMapping.java:327)
	at org.springframework.boot.actuate.endpoint.web.servlet.AbstractWebMvcEndpointHandlerMapping$OperationHandler.handle(AbstractWebMvcEndpointHandlerMapping.java:434)
	at java.base/jdk.internal.reflect.NativeMethodAccessorImpl.invoke0(Native Method)
	at java.base/jdk.internal.reflect.NativeMethodAccessorImpl.invoke(NativeMethodAccessorImpl.java:77)
	at java.base/jdk.internal.reflect.DelegatingMethodAccessorImpl.invoke(DelegatingMethodAccessorImpl.java:43)
	at java.base/java.lang.reflect.Method.invoke(Method.java:568)
	at org.springframework.web.method.support.InvocableHandlerMethod.doInvoke(InvocableHandlerMethod.java:255)
	at org.springframework.web.method.support.InvocableHandlerMethod.invokeForRequest(InvocableHandlerMethod.java:188)
	at org.springframework.web.servlet.mvc.method.annotation.ServletInvocableHandlerMethod.invokeAndHandle(ServletInvocableHandlerMethod.java:118)
	at org.springframework.web.servlet.mvc.method.annotation.RequestMappingHandlerAdapter.invokeHandlerMethod(RequestMappingHandlerAdapter.java:926)
	at org.springframework.web.servlet.mvc.method.annotation.RequestMappingHandlerAdapter.handleInternal(RequestMappingHandlerAdapter.java:831)
	at org.springframework.web.servlet.mvc.method.AbstractHandlerMethodAdapter.handle(AbstractHandlerMethodAdapter.java:87)
	at org.springframework.web.servlet.DispatcherServlet.doDispatch(DispatcherServlet.java:1089)
	at org.springframework.web.servlet.DispatcherServlet.doService(DispatcherServlet.java:979)
	at org.springframework.web.servlet.FrameworkServlet.processRequest(FrameworkServlet.java:1014)
	at org.springframework.web.servlet.FrameworkServlet.doGet(FrameworkServlet.java:903)
	at jakarta.servlet.http.HttpServlet.service(HttpServlet.java:564)
	at org.springframework.web.servlet.FrameworkServlet.service(FrameworkServlet.java:885)
	at jakarta.servlet.http.HttpServlet.service(HttpServlet.java:658)
	at org.apache.catalina.core.ApplicationFilterChain.internalDoFilter(ApplicationFilterChain.java:195)
	at org.apache.catalina.core.ApplicationFilterChain.doFilter(ApplicationFilterChain.java:140)
	at org.apache.tomcat.websocket.server.WsFilter.doFilter(WsFilter.java:51)
	at org.apache.catalina.core.ApplicationFilterChain.internalDoFilter(ApplicationFilterChain.java:164)
	at org.apache.catalina.core.ApplicationFilterChain.doFilter(ApplicationFilterChain.java:140)
	at org.springframework.web.filter.OncePerRequestFilter.doFilter(OncePerRequestFilter.java:110)
	at org.apache.catalina.core.ApplicationFilterChain.internalDoFilter(ApplicationFilterChain.java:164)
	at org.apache.catalina.core.ApplicationFilterChain.doFilter(ApplicationFilterChain.java:140)
	at com.bharatshop.config.TenantFilter.doFilterInternal(TenantFilter.java:31)
	at org.springframework.web.filter.OncePerRequestFilter.doFilter(OncePerRequestFilter.java:116)
	at org.apache.catalina.core.ApplicationFilterChain.internalDoFilter(ApplicationFilterChain.java:164)
	at org.apache.catalina.core.ApplicationFilterChain.doFilter(ApplicationFilterChain.java:140)
	at com.bharatshop.config.logging.HttpLoggingFilter.doFilterInternal(HttpLoggingFilter.java:32)
	at org.springframework.web.filter.OncePerRequestFilter.doFilter(OncePerRequestFilter.java:116)
	at org.apache.catalina.core.ApplicationFilterChain.internalDoFilter(ApplicationFilterChain.java:164)
	at org.apache.catalina.core.ApplicationFilterChain.doFilter(ApplicationFilterChain.java:140)
	at com.bharatshop.config.logging.CorrelationIdFilter.doFilterInternal(CorrelationIdFilter.java:29)
	at org.springframework.web.filter.OncePerRequestFilter.doFilter(OncePerRequestFilter.java:116)
	at org.apache.catalina.core.ApplicationFilterChain.internalDoFilter(ApplicationFilterChain.java:164)
	at org.apache.catalina.core.ApplicationFilterChain.doFilter(ApplicationFilterChain.java:140)
	at org.springframework.web.filter.CompositeFilter$VirtualFilterChain.doFilter(CompositeFilter.java:108)
	at org.springframework.security.web.FilterChainProxy.lambda$doFilterInternal$3(FilterChainProxy.java:231)
	at org.springframework.security.web.ObservationFilterChainDecorator$FilterObservation$SimpleFilterObservation.lambda$wrap$1(ObservationFilterChainDecorator.java:479)
	at org.springframework.security.web.ObservationFilterChainDecorator$AroundFilterObservation$SimpleAroundFilterObservation.lambda$wrap$1(ObservationFilterChainDecorator.java:340)
	at org.springframework.security.web.ObservationFilterChainDecorator.lambda$wrapSecured$0(ObservationFilterChainDecorator.java:82)
	at org.springframework.security.web.ObservationFilterChainDecorator$VirtualFilterChain.doFilter(ObservationFilterChainDecorator.java:128)
	at org.springframework.security.web.access.intercept.AuthorizationFilter.doFilter(AuthorizationFilter.java:100)
	at org.springframework.security.web.ObservationFilterChainDecorator$ObservationFilter.wrapFilter(ObservationFilterChainDecorator.java:240)
	at org.springframework.security.web.ObservationFilterChainDecorator$ObservationFilter.doFilter(ObservationFilterChainDecorator.java:227)
	at org.springframework.security.web.ObservationFilterChainDecorator$VirtualFilterChain.doFilter(ObservationFilterChainDecorator.java:137)
	at org.springframework.security.web.access.ExceptionTranslationFilter.doFilter(ExceptionTranslationFilter.java:126)
	at org.springframework.security.web.access.ExceptionTranslationFilter.doFilter(ExceptionTranslationFilter.java:120)
	at org.springframework.security.web.ObservationFilterChainDecorator$ObservationFilter.wrapFilter(ObservationFilterChainDecorator.java:240)
	at org.springframework.security.web.ObservationFilterChainDecorator$ObservationFilter.doFilter(ObservationFilterChainDecorator.java:227)
	at org.springframework.security.web.ObservationFilterChainDecorator$VirtualFilterChain.doFilter(ObservationFilterChainDecorator.java:137)
	at org.springframework.security.web.authentication.AnonymousAuthenticationFilter.doFilter(AnonymousAuthenticationFilter.java:100)
	at org.springframework.security.web.ObservationFilterChainDecorator$ObservationFilter.wrapFilter(ObservationFilterChainDecorator.java:240)
	at org.springframework.security.web.ObservationFilterChainDecorator$ObservationFilter.doFilter(ObservationFilterChainDecorator.java:227)
	at org.springframework.security.web.ObservationFilterChainDecorator$VirtualFilterChain.doFilter(ObservationFilterChainDecorator.java:137)
	at org.springframework.security.web.servletapi.SecurityContextHolderAwareRequestFilter.doFilter(SecurityContextHolderAwareRequestFilter.java:179)
	at org.springframework.security.web.ObservationFilterChainDecorator$ObservationFilter.wrapFilter(ObservationFilterChainDecorator.java:240)
	at org.springframework.security.web.ObservationFilterChainDecorator$ObservationFilter.doFilter(ObservationFilterChainDecorator.java:227)
	at org.springframework.security.web.ObservationFilterChainDecorator$VirtualFilterChain.doFilter(ObservationFilterChainDecorator.java:137)
	at org.springframework.security.web.savedrequest.RequestCacheAwareFilter.doFilter(RequestCacheAwareFilter.java:63)
	at org.springframework.security.web.ObservationFilterChainDecorator$ObservationFilter.wrapFilter(ObservationFilterChainDecorator.java:240)
	at org.springframework.security.web.ObservationFilterChainDecorator$ObservationFilter.doFilter(ObservationFilterChainDecorator.java:227)
	at org.springframework.security.web.ObservationFilterChainDecorator$VirtualFilterChain.doFilter(ObservationFilterChainDecorator.java:137)
	at com.bharatshop.security.TokenAuthFilter.doFilterInternal(TokenAuthFilter.java:47)
	at org.springframework.web.filter.OncePerRequestFilter.doFilter(OncePerRequestFilter.java:116)
	at org.springframework.security.web.ObservationFilterChainDecorator$ObservationFilter.wrapFilter(ObservationFilterChainDecorator.java:240)
	at org.springframework.security.web.ObservationFilterChainDecorator$ObservationFilter.doFilter(ObservationFilterChainDecorator.java:227)
	at org.springframework.security.web.ObservationFilterChainDecorator$VirtualFilterChain.doFilter(ObservationFilterChainDecorator.java:137)
	at org.springframework.security.web.authentication.logout.LogoutFilter.doFilter(LogoutFilter.java:107)
	at org.springframework.security.web.authentication.logout.LogoutFilter.doFilter(LogoutFilter.java:93)
	at org.springframework.security.web.ObservationFilterChainDecorator$ObservationFilter.wrapFilter(ObservationFilterChainDecorator.java:240)
	at org.springframework.security.web.ObservationFilterChainDecorator$ObservationFilter.doFilter(ObservationFilterChainDecorator.java:227)
	at org.springframework.security.web.ObservationFilterChainDecorator$VirtualFilterChain.doFilter(ObservationFilterChainDecorator.java:137)
	at org.springframework.web.filter.CorsFilter.doFilterInternal(CorsFilter.java:91)
	at org.springframework.web.filter.OncePerRequestFilter.doFilter(OncePerRequestFilter.java:116)
	at org.springframework.security.web.ObservationFilterChainDecorator$ObservationFilter.wrapFilter(ObservationFilterChainDecorator.java:240)
	at org.springframework.security.web.ObservationFilterChainDecorator$ObservationFilter.doFilter(ObservationFilterChainDecorator.java:227)
	at org.springframework.security.web.ObservationFilterChainDecorator$VirtualFilterChain.doFilter(ObservationFilterChainDecorator.java:137)
	at org.springframework.security.web.header.HeaderWriterFilter.doHeadersAfter(HeaderWriterFilter.java:90)
	at org.springframework.security.web.header.HeaderWriterFilter.doFilterInternal(HeaderWriterFilter.java:75)
	at org.springframework.web.filter.OncePerRequestFilter.doFilter(OncePerRequestFilter.java:116)
	at org.springframework.security.web.ObservationFilterChainDecorator$ObservationFilter.wrapFilter(ObservationFilterChainDecorator.java:240)
	at org.springframework.security.web.ObservationFilterChainDecorator$ObservationFilter.doFilter(ObservationFilterChainDecorator.java:227)
	at org.springframework.security.web.ObservationFilterChainDecorator$VirtualFilterChain.doFilter(ObservationFilterChainDecorator.java:137)
	at org.springframework.security.web.context.SecurityContextHolderFilter.doFilter(SecurityContextHolderFilter.java:82)
	at org.springframework.security.web.context.SecurityContextHolderFilter.doFilter(SecurityContextHolderFilter.java:69)
	at org.springframework.security.web.ObservationFilterChainDecorator$ObservationFilter.wrapFilter(ObservationFilterChainDecorator.java:240)
	at org.springframework.security.web.ObservationFilterChainDecorator$ObservationFilter.doFilter(ObservationFilterChainDecorator.java:227)
	at org.springframework.security.web.ObservationFilterChainDecorator$VirtualFilterChain.doFilter(ObservationFilterChainDecorator.java:137)
	at org.springframework.security.web.context.request.async.WebAsyncManagerIntegrationFilter.doFilterInternal(WebAsyncManagerIntegrationFilter.java:62)
	at org.springframework.web.filter.OncePerRequestFilter.doFilter(OncePerRequestFilter.java:116)
	at org.springframework.security.web.ObservationFilterChainDecorator$ObservationFilter.wrapFilter(ObservationFilterChainDecorator.java:240)
	at org.springframework.security.web.ObservationFilterChainDecorator$ObservationFilter.doFilter(ObservationFilterChainDecorator.java:227)
	at org.springframework.security.web.ObservationFilterChainDecorator$VirtualFilterChain.doFilter(ObservationFilterChainDecorator.java:137)
	at org.springframework.security.web.session.DisableEncodeUrlFilter.doFilterInternal(DisableEncodeUrlFilter.java:42)
	at org.springframework.web.filter.OncePerRequestFilter.doFilter(OncePerRequestFilter.java:116)
	at org.springframework.security.web.ObservationFilterChainDecorator$ObservationFilter.wrapFilter(ObservationFilterChainDecorator.java:240)
	at org.springframework.security.web.ObservationFilterChainDecorator$AroundFilterObservation$SimpleAroundFilterObservation.lambda$wrap$0(ObservationFilterChainDecorator.java:323)
	at org.springframework.security.web.ObservationFilterChainDecorator$ObservationFilter.doFilter(ObservationFilterChainDecorator.java:224)
	at org.springframework.security.web.ObservationFilterChainDecorator$VirtualFilterChain.doFilter(ObservationFilterChainDecorator.java:137)
	at org.springframework.security.web.FilterChainProxy.doFilterInternal(FilterChainProxy.java:233)
	at org.springframework.security.web.FilterChainProxy.doFilter(FilterChainProxy.java:191)
	at org.springframework.web.filter.CompositeFilter$VirtualFilterChain.doFilter(CompositeFilter.java:113)
	at org.springframework.web.servlet.handler.HandlerMappingIntrospector.lambda$createCacheFilter$3(HandlerMappingIntrospector.java:195)
	at org.springframework.web.filter.CompositeFilter$VirtualFilterChain.doFilter(CompositeFilter.java:113)
	at org.springframework.web.filter.CompositeFilter.doFilter(CompositeFilter.java:74)
	at org.springframework.security.config.annotation.web.configuration.WebMvcSecurityConfiguration$CompositeFilterChainProxy.doFilter(WebMvcSecurityConfiguration.java:230)
	at org.springframework.web.filter.DelegatingFilterProxy.invokeDelegate(DelegatingFilterProxy.java:352)
	at org.springframework.web.filter.DelegatingFilterProxy.doFilter(DelegatingFilterProxy.java:268)
	at org.apache.catalina.core.ApplicationFilterChain.internalDoFilter(ApplicationFilterChain.java:164)
	at org.apache.catalina.core.ApplicationFilterChain.doFilter(ApplicationFilterChain.java:140)
	at org.springframework.web.filter.RequestContextFilter.doFilterInternal(RequestContextFilter.java:100)
	at org.springframework.web.filter.OncePerRequestFilter.doFilter(OncePerRequestFilter.java:116)
	at org.apache.catalina.core.ApplicationFilterChain.internalDoFilter(ApplicationFilterChain.java:164)
	at org.apache.catalina.core.ApplicationFilterChain.doFilter(ApplicationFilterChain.java:140)
	at org.springframework.web.filter.FormContentFilter.doFilterInternal(FormContentFilter.java:93)
	at org.springframework.web.filter.OncePerRequestFilter.doFilter(OncePerRequestFilter.java:116)
	at org.apache.catalina.core.ApplicationFilterChain.internalDoFilter(ApplicationFilterChain.java:164)
	at org.apache.catalina.core.ApplicationFilterChain.doFilter(ApplicationFilterChain.java:140)
	at org.springframework.web.filter.ServerHttpObservationFilter.doFilterInternal(ServerHttpObservationFilter.java:113)
	at org.springframework.web.filter.OncePerRequestFilter.doFilter(OncePerRequestFilter.java:116)
	at org.apache.catalina.core.ApplicationFilterChain.internalDoFilter(ApplicationFilterChain.java:164)
	at org.apache.catalina.core.ApplicationFilterChain.doFilter(ApplicationFilterChain.java:140)
	at org.springframework.web.filter.CharacterEncodingFilter.doFilterInternal(CharacterEncodingFilter.java:201)
	at org.springframework.web.filter.OncePerRequestFilter.doFilter(OncePerRequestFilter.java:116)
	at org.apache.catalina.core.ApplicationFilterChain.internalDoFilter(ApplicationFilterChain.java:164)
	at org.apache.catalina.core.ApplicationFilterChain.doFilter(ApplicationFilterChain.java:140)
	at org.apache.catalina.core.StandardWrapperValve.invoke(StandardWrapperValve.java:167)
	at org.apache.catalina.core.StandardContextValve.invoke(StandardContextValve.java:90)
	at org.apache.catalina.authenticator.AuthenticatorBase.invoke(AuthenticatorBase.java:483)
	at org.apache.catalina.core.StandardHostValve.invoke(StandardHostValve.java:115)
	at org.apache.catalina.valves.ErrorReportValve.invoke(ErrorReportValve.java:93)
	at org.apache.catalina.core.StandardEngineValve.invoke(StandardEngineValve.java:74)
	at org.apache.catalina.valves.AbstractAccessLogValve.invoke(AbstractAccessLogValve.java:663)
	at org.apache.catalina.connector.CoyoteAdapter.service(CoyoteAdapter.java:344)
	at org.apache.coyote.http11.Http11Processor.service(Http11Processor.java:384)
	at org.apache.coyote.AbstractProcessorLight.process(AbstractProcessorLight.java:63)
	at org.apache.coyote.AbstractProtocol$ConnectionHandler.process(AbstractProtocol.java:905)
	at org.apache.tomcat.util.net.NioEndpoint$SocketProcessor.doRun(NioEndpoint.java:1741)
	at org.apache.tomcat.util.net.SocketProcessorBase.run(SocketProcessorBase.java:52)
	at org.apache.tomcat.util.threads.ThreadPoolExecutor.runWorker(ThreadPoolExecutor.java:1190)
	at org.apache.tomcat.util.threads.ThreadPoolExecutor$Worker.run(ThreadPoolExecutor.java:659)
	at org.apache.tomcat.util.threads.TaskThread$WrappingRunnable.run(TaskThread.java:63)
	at java.base/java.lang.Thread.run(Thread.java:842)
2025-11-10 23:57:11.185 [34mINFO [0;39m [651ce3e3-28ff-4dbc-9e62-0efc9023da17] [http-nio-8080-exec-1] c.b.config.logging.HttpLoggingFilter - GET /actuator/health -> 503 (157 ms)
2025-11-10 23:57:11.186 [34mINFO [0;39m [651ce3e3-28ff-4dbc-9e62-0efc9023da17] [http-nio-8080-exec-1] c.b.config.logging.HttpLoggingFilter - Headers: auth=absent content-type=null accept=null
2025-11-10 23:57:11.186 [34mINFO [0;39m [651ce3e3-28ff-4dbc-9e62-0efc9023da17] [http-nio-8080-exec-1] c.b.config.logging.HttpLoggingFilter - Response payload: {"status":"DOWN","components":{"db":{"status":"UP","details":{"database":"H2","validationQuery":"isValid()"}},"diskSpace":{"status":"UP","details":{"total":511023509504,"free":242759929856,"threshold":10485760,"path":"C:\\Users\\Adarsh\\Downloads\\bharatshop-backend\\.","exists":true}},"mail":{"status":"DOWN","details":{"location":":587","error":"jakarta.mail.AuthenticationFailedException: failed to connect, no password specified?"}},"ping":{"status":"UP"}}}
2025-11-10 23:57:12.097 [34mINFO [0;39m [b94b47ad-f579-432c-a547-c59c7ba26fcb] [http-nio-8080-exec-3] o.s.api.AbstractOpenApiResource - Init duration for springdoc-openapi is: 665 ms
2025-11-10 23:57:12.123 [34mINFO [0;39m [b94b47ad-f579-432c-a547-c59c7ba26fcb] [http-nio-8080-exec-3] c.b.config.logging.HttpLoggingFilter - GET /v3/api-docs -> 200 (702 ms)
2025-11-10 23:57:12.124 [34mINFO [0;39m [b94b47ad-f579-432c-a547-c59c7ba26fcb] [http-nio-8080-exec-3] c.b.config.logging.HttpLoggingFilter - Headers: auth=absent content-type=null accept=null
2025-11-10 23:57:12.124 [34mINFO [0;39m [b94b47ad-f579-432c-a547-c59c7ba26fcb] [http-nio-8080-exec-3] c.b.config.logging.HttpLoggingFilter - Response payload: {"openapi":"3.0.1","info":{"title":"OpenAPI definition","version":"v0"},"servers":[{"url":"http://localhost:8080","description":"Generated server url"}],"paths":{"/store/payments/webhook":{"post":{"tags":["store-payments-controller"],"operationId":"webhook","requestBody":{"content":{"application/json":{"schema":{"type":"object","additionalProperties":{"type":"object"}}}},"required":true},"responses":{"200":{"description":"OK","content":{"*/*":{"schema":{"type":"object"}}}}}}},"/store/payments/verify":{"post":{"tags":["store-payments-controller"],"operationId":"verify","parameters":[{"name":"X-Tenant-Domain","in":"header","required":false,"schema":{"type":"string"}}],"requestBody":{"content":{"application/json":{"schema":{"type":"object","additionalProperties":{"type":"object"}}}},"required":true},"responses":{"200":{"description":"OK","content":{"*/*":{"schema":{"type":"object"}}}}}}},"/store/payments/initiate":{"post":{"tags":["store-payments-controller"],"operationId":"initiate","parameters":[{"name":"X-Tenant-Domain","in":"header","required":false,"schema":{"type":"string"}}],"requestBody":{"content":{"application/json":{"schema":{"type":"object","additionalProperties":{"type":"object"}}}},"required":true},"responses":{"200":{"description":"OK","content":{"*/*":{"schema":{"type":"object"}}}}}}},"/store/checkout":{"post":{"tags":["store-legacy-controller"],"operationId":"checkout","parameters":[{"name":"X-Tenant-Domain","in":"header","required":false,"schema":{"type":"string"}}],"requestBody":{"content":{"application/json":{"schema":{"$ref":"#/components/schemas/CheckoutRequest"}}},"required":true},"responses":{"200":{"description":"OK","content":{"*/*":{"schema":{"type":"object"}}}}}}},"/store/cart/add":{"post":{"tags":["cart-controller"],"operationId":"add","parameters":[{"name":"X-Guest-Id","in":"header","required":false,"schema":{"type":"string"}}],"requestBody":{"content":{"application/json":{"schema":{"$ref":"#/components/schemas/CartItem"}}},"required":true},"responses":{"200":{"description":"OK","content":{"*/*":{"schema":{"type":"array","items":{"$ref":"#/components/schemas/CartItem"}}}}}}}},"/api/stores":{"get":{"tags":["store-discovery-controller"],"operationId":"stores","parameters":[{"name":"X-Tenant-Domain","in":"header","required":false,"schema":{"type":"string"}},{"name":"search","in":"query","required":false,"schema":{"type":"string"}},{"name":"category","in":"query","required":false,"schema":{"type":"string"}}],"responses":{"200":{"description":"OK","content":{"*/*":{"schema":{"type":"array","items":{"$ref":"#/components/schemas/Store"}}}}}}},"post":{"tags":["store-discovery-controller"],"operationId":"addStore","parameters":[{"name":"X-Tenant-Domain","in":"header","required":false,"schema":{"type":"string"}}],"requestBody":{"content":{"application/json":{"schema":{"$ref":"#/components/schemas/Store"}}},"required":true},"responses":{"200":{"description":"OK","content":{"*/*":{"schema":{"type":"object"}}}}}}},"/api/storefront/payments/verify":{"post":{"tags":["payment-controller"],"operationId":"verify_1","parameters":[{"name":"X-Tenant-Domain","in":"header","required":true,"schema":{"type":"string"}}],"requestBody":{"content":{"application/json":{"schema":{"type":"object","additionalProperties":{"type":"object"}}}},"required":true},"responses":{"200":{"description":"OK","content":{"*/*":{"schema":{"type":"object"}}}}}}},"/api/storefront/payments/create-order":{"post":{"tags":["payment-controller"],"operationId":"createOrder","parameters":[{"name":"X-Tenant-Domain","in":"header","required":true,"schema":{"type":"string"}}],"requestBody":{"content":{"application/json":{"schema":{"type":"object","additionalProperties":{"type":"object"}}}},"required":true},"responses":{"200":{"description":"OK","content":{"*/*":{"schema":{"type":"object"}}}}}}},"/api/storefront/checkout":{"post":{"tags":["checkout-controller"],"operationId":"checkout_1","parameters":[{"name":"X-Tenant-Domain","in":"header","required":true,"schema":{"type":"string"}}],"requestBody":{"content":{"application/json":{"schema":{"$ref":"#/compon... (truncated)
2025-11-10 23:57:12.248 [34mINFO [0;39m [5c6f8168-01b1-4f7a-b5ed-5004b9f03211] [http-nio-8080-exec-4] c.b.config.logging.HttpLoggingFilter - POST /api/storefront/auth/login -> 400 (1 ms)
2025-11-10 23:57:12.248 [34mINFO [0;39m [5c6f8168-01b1-4f7a-b5ed-5004b9f03211] [http-nio-8080-exec-4] c.b.config.logging.HttpLoggingFilter - Headers: auth=absent content-type=application/json accept=null
2025-11-10 23:57:12.248 [34mINFO [0;39m [5c6f8168-01b1-4f7a-b5ed-5004b9f03211] [http-nio-8080-exec-4] c.b.config.logging.HttpLoggingFilter - Response payload: {"message":"Missing X-Tenant-Domain header"}
2025-11-10 23:57:12.487 [34mINFO [0;39m [b52a057c-51f3-4f7d-acc3-d1a974d51cb3] [http-nio-8080-exec-2] c.b.web.StorefrontProductController - Storefront list products: tenant=local category=null search=null 
2025-11-10 23:57:12.566 [34mINFO [0;39m [b52a057c-51f3-4f7d-acc3-d1a974d51cb3] [http-nio-8080-exec-2] c.b.config.logging.HttpLoggingFilter - GET /api/storefront/products -> 200 (80 ms)
2025-11-10 23:57:12.566 [34mINFO [0;39m [b52a057c-51f3-4f7d-acc3-d1a974d51cb3] [http-nio-8080-exec-2] c.b.config.logging.HttpLoggingFilter - Headers: auth=absent content-type=null accept=null
2025-11-10 23:57:12.566 [34mINFO [0;39m [b52a057c-51f3-4f7d-acc3-d1a974d51cb3] [http-nio-8080-exec-2] c.b.config.logging.HttpLoggingFilter - Response payload: [{"id":"37ad5366-f817-4f76-adad-d51049b05456","name":"Apples","price":120.0,"category":"fruits","storeId":"506d327b-4902-45db-b790-c409659f2567","active":true},{"id":"07ba8411-f3c0-48f5-98b0-ba9eb6cafe66","name":"Milk","price":60.0,"category":"dairy","storeId":"506d327b-4902-45db-b790-c409659f2567","active":true},{"id":"ea7f3e0b-66a0-45a8-bb8a-a0cc5dc54902","name":"Paracetamol","price":35.0,"category":"medicine","storeId":"bfa1d1c5-54ec-4bde-b85d-14f70417e5bf","active":true},{"id":"0b01545b-50fe-4351-8b3d-b5fc2a0ea458","name":"Room Deluxe","price":2500.0,"category":"room","storeId":"c9311479-38db-42a6-9279-2c5842d26695","active":true}]
2025-11-10 23:57:12.592 [34mINFO [0;39m [3fa29462-3e71-4311-8918-edda5df1db0a] [http-nio-8080-exec-5] c.b.web.StorefrontProductController - Storefront list categories: tenant=local
2025-11-10 23:57:12.596 [34mINFO [0;39m [3fa29462-3e71-4311-8918-edda5df1db0a] [http-nio-8080-exec-5] c.b.config.logging.HttpLoggingFilter - GET /api/storefront/categories -> 200 (5 ms)
2025-11-10 23:57:12.596 [34mINFO [0;39m [3fa29462-3e71-4311-8918-edda5df1db0a] [http-nio-8080-exec-5] c.b.config.logging.HttpLoggingFilter - Headers: auth=absent content-type=null accept=null
2025-11-10 23:57:12.596 [34mINFO [0;39m [3fa29462-3e71-4311-8918-edda5df1db0a] [http-nio-8080-exec-5] c.b.config.logging.HttpLoggingFilter - Response payload: ["dairy","fruits","medicine","room"]
2025-11-10 23:57:12.683 [34mINFO [0;39m [b3a239f9-3870-4df5-a0d9-e8e43b4ed3d5] [http-nio-8080-exec-6] c.b.web.SellerAuthController - Register seller: email=seller_20251110235710@example.com
2025-11-10 23:57:12.683 [34mINFO [0;39m [b3a239f9-3870-4df5-a0d9-e8e43b4ed3d5] [http-nio-8080-exec-6] com.bharatshop.service.AuthService - Registering seller: name=Seller Smoke, email=seller_20251110235710@example.com
2025-11-10 23:57:12.785 [34mINFO [0;39m [b3a239f9-3870-4df5-a0d9-e8e43b4ed3d5] [http-nio-8080-exec-6] com.bharatshop.service.AuthService - Session created: userId=371a7d84-cb1d-4441-8176-fde6f17c2d8c role=SELLER
2025-11-10 23:57:12.785 [34mINFO [0;39m [b3a239f9-3870-4df5-a0d9-e8e43b4ed3d5] [http-nio-8080-exec-6] com.bharatshop.service.AuthService - Seller registered: id=371a7d84-cb1d-4441-8176-fde6f17c2d8c, token=eyJhbGciOiJIUzI1NiIsInR5cCI6IkpXVCJ9.eyJzdWIiOiIzNzFhN2Q4NC1jYjFkLTQ0NDEtODE3Ni1mZGU2ZjE3YzJkOGMiLCJuYW1lIjoiU2VsbGVyIFNtb2tlIiwicm9sZSI6IlNFTExFUiIsImlhdCI6MTc2Mjc5OTIzMiwiZXhwIjoxNzYyODAyODMyfQ.xbhKtgVJaSjV8FsvMGxPhtoNOm5sWJi1SNL3Oc8ypas
2025-11-10 23:57:12.786 [1;31mERROR[0;39m [b3a239f9-3870-4df5-a0d9-e8e43b4ed3d5] [http-nio-8080-exec-6] c.b.config.GlobalExceptionHandler - Unhandled exception
java.lang.NullPointerException: Cannot invoke "com.bharatshop.domain.User.getId()" because "user" is null
	at com.bharatshop.web.SellerAuthController.register(SellerAuthController.java:28)
	at java.base/jdk.internal.reflect.NativeMethodAccessorImpl.invoke0(Native Method)
	at java.base/jdk.internal.reflect.NativeMethodAccessorImpl.invoke(NativeMethodAccessorImpl.java:77)
	at java.base/jdk.internal.reflect.DelegatingMethodAccessorImpl.invoke(DelegatingMethodAccessorImpl.java:43)
	at java.base/java.lang.reflect.Method.invoke(Method.java:568)
	at org.springframework.web.method.support.InvocableHandlerMethod.doInvoke(InvocableHandlerMethod.java:255)
	at org.springframework.web.method.support.InvocableHandlerMethod.invokeForRequest(InvocableHandlerMethod.java:188)
	at org.springframework.web.servlet.mvc.method.annotation.ServletInvocableHandlerMethod.invokeAndHandle(ServletInvocableHandlerMethod.java:118)
	at org.springframework.web.servlet.mvc.method.annotation.RequestMappingHandlerAdapter.invokeHandlerMethod(RequestMappingHandlerAdapter.java:926)
	at org.springframework.web.servlet.mvc.method.annotation.RequestMappingHandlerAdapter.handleInternal(RequestMappingHandlerAdapter.java:831)
	at org.springframework.web.servlet.mvc.method.AbstractHandlerMethodAdapter.handle(AbstractHandlerMethodAdapter.java:87)
	at org.springframework.web.servlet.DispatcherServlet.doDispatch(DispatcherServlet.java:1089)
	at org.springframework.web.servlet.DispatcherServlet.doService(DispatcherServlet.java:979)
	at org.springframework.web.servlet.FrameworkServlet.processRequest(FrameworkServlet.java:1014)
	at org.springframework.web.servlet.FrameworkServlet.doPost(FrameworkServlet.java:914)
	at jakarta.servlet.http.HttpServlet.service(HttpServlet.java:590)
	at org.springframework.web.servlet.FrameworkServlet.service(FrameworkServlet.java:885)
	at jakarta.servlet.http.HttpServlet.service(HttpServlet.java:658)
	at org.apache.catalina.core.ApplicationFilterChain.internalDoFilter(ApplicationFilterChain.java:195)
	at org.apache.catalina.core.ApplicationFilterChain.doFilter(ApplicationFilterChain.java:140)
	at org.apache.tomcat.websocket.server.WsFilter.doFilter(WsFilter.java:51)
	at org.apache.catalina.core.ApplicationFilterChain.internalDoFilter(ApplicationFilterChain.java:164)
	at org.apache.catalina.core.ApplicationFilterChain.doFilter(ApplicationFilterChain.java:140)
	at org.springframework.web.filter.OncePerRequestFilter.doFilter(OncePerRequestFilter.java:110)
	at org.apache.catalina.core.ApplicationFilterChain.internalDoFilter(ApplicationFilterChain.java:164)
	at org.apache.catalina.core.ApplicationFilterChain.doFilter(ApplicationFilterChain.java:140)
	at com.bharatshop.config.TenantFilter.doFilterInternal(TenantFilter.java:31)
	at org.springframework.web.filter.OncePerRequestFilter.doFilter(OncePerRequestFilter.java:116)
	at org.apache.catalina.core.ApplicationFilterChain.internalDoFilter(ApplicationFilterChain.java:164)
	at org.apache.catalina.core.ApplicationFilterChain.doFilter(ApplicationFilterChain.java:140)
	at com.bharatshop.config.logging.HttpLoggingFilter.doFilterInternal(HttpLoggingFilter.java:32)
	at org.springframework.web.filter.OncePerRequestFilter.doFilter(OncePerRequestFilter.java:116)
	at org.apache.catalina.core.ApplicationFilterChain.internalDoFilter(ApplicationFilterChain.java:164)
	at org.apache.catalina.core.ApplicationFilterChain.doFilter(ApplicationFilterChain.java:140)
	at com.bharatshop.config.logging.CorrelationIdFilter.doFilterInternal(CorrelationIdFilter.java:29)
	at org.springframework.web.filter.OncePerRequestFilter.doFilter(OncePerRequestFilter.java:116)
	at org.apache.catalina.core.ApplicationFilterChain.internalDoFilter(ApplicationFilterChain.java:164)
	at org.apache.catalina.core.ApplicationFilterChain.doFilter(ApplicationFilterChain.java:140)
	at org.springframework.web.filter.CompositeFilter$VirtualFilterChain.doFilter(CompositeFilter.java:108)
	at org.springframework.security.web.FilterChainProxy.lambda$doFilterInternal$3(FilterChainProxy.java:231)
	at org.springframework.security.web.ObservationFilterChainDecorator$FilterObservation$SimpleFilterObservation.lambda$wrap$1(ObservationFilterChainDecorator.java:479)
	at org.springframework.security.web.ObservationFilterChainDecorator$AroundFilterObservation$SimpleAroundFilterObservation.lambda$wrap$1(ObservationFilterChainDecorator.java:340)
	at org.springframework.security.web.ObservationFilterChainDecorator.lambda$wrapSecured$0(ObservationFilterChainDecorator.java:82)
	at org.springframework.security.web.ObservationFilterChainDecorator$VirtualFilterChain.doFilter(ObservationFilterChainDecorator.java:128)
	at org.springframework.security.web.access.intercept.AuthorizationFilter.doFilter(AuthorizationFilter.java:100)
	at org.springframework.security.web.ObservationFilterChainDecorator$ObservationFilter.wrapFilter(ObservationFilterChainDecorator.java:240)
	at org.springframework.security.web.ObservationFilterChainDecorator$ObservationFilter.doFilter(ObservationFilterChainDecorator.java:227)
	at org.springframework.security.web.ObservationFilterChainDecorator$VirtualFilterChain.doFilter(ObservationFilterChainDecorator.java:137)
	at org.springframework.security.web.access.ExceptionTranslationFilter.doFilter(ExceptionTranslationFilter.java:126)
	at org.springframework.security.web.access.ExceptionTranslationFilter.doFilter(ExceptionTranslationFilter.java:120)
	at org.springframework.security.web.ObservationFilterChainDecorator$ObservationFilter.wrapFilter(ObservationFilterChainDecorator.java:240)
	at org.springframework.security.web.ObservationFilterChainDecorator$ObservationFilter.doFilter(ObservationFilterChainDecorator.java:227)
	at org.springframework.security.web.ObservationFilterChainDecorator$VirtualFilterChain.doFilter(ObservationFilterChainDecorator.java:137)
	at org.springframework.security.web.authentication.AnonymousAuthenticationFilter.doFilter(AnonymousAuthenticationFilter.java:100)
	at org.springframework.security.web.ObservationFilterChainDecorator$ObservationFilter.wrapFilter(ObservationFilterChainDecorator.java:240)
	at org.springframework.security.web.ObservationFilterChainDecorator$ObservationFilter.doFilter(ObservationFilterChainDecorator.java:227)
	at org.springframework.security.web.ObservationFilterChainDecorator$VirtualFilterChain.doFilter(ObservationFilterChainDecorator.java:137)
	at org.springframework.security.web.servletapi.SecurityContextHolderAwareRequestFilter.doFilter(SecurityContextHolderAwareRequestFilter.java:179)
	at org.springframework.security.web.ObservationFilterChainDecorator$ObservationFilter.wrapFilter(ObservationFilterChainDecorator.java:240)
	at org.springframework.security.web.ObservationFilterChainDecorator$ObservationFilter.doFilter(ObservationFilterChainDecorator.java:227)
	at org.springframework.security.web.ObservationFilterChainDecorator$VirtualFilterChain.doFilter(ObservationFilterChainDecorator.java:137)
	at org.springframework.security.web.savedrequest.RequestCacheAwareFilter.doFilter(RequestCacheAwareFilter.java:63)
	at org.springframework.security.web.ObservationFilterChainDecorator$ObservationFilter.wrapFilter(ObservationFilterChainDecorator.java:240)
	at org.springframework.security.web.ObservationFilterChainDecorator$ObservationFilter.doFilter(ObservationFilterChainDecorator.java:227)
	at org.springframework.security.web.ObservationFilterChainDecorator$VirtualFilterChain.doFilter(ObservationFilterChainDecorator.java:137)
	at com.bharatshop.security.TokenAuthFilter.doFilterInternal(TokenAuthFilter.java:47)
	at org.springframework.web.filter.OncePerRequestFilter.doFilter(OncePerRequestFilter.java:116)
	at org.springframework.security.web.ObservationFilterChainDecorator$ObservationFilter.wrapFilter(ObservationFilterChainDecorator.java:240)
	at org.springframework.security.web.ObservationFilterChainDecorator$ObservationFilter.doFilter(ObservationFilterChainDecorator.java:227)
	at org.springframework.security.web.ObservationFilterChainDecorator$VirtualFilterChain.doFilter(ObservationFilterChainDecorator.java:137)
	at org.springframework.security.web.authentication.logout.LogoutFilter.doFilter(LogoutFilter.java:107)
	at org.springframework.security.web.authentication.logout.LogoutFilter.doFilter(LogoutFilter.java:93)
	at org.springframework.security.web.ObservationFilterChainDecorator$ObservationFilter.wrapFilter(ObservationFilterChainDecorator.java:240)
	at org.springframework.security.web.ObservationFilterChainDecorator$ObservationFilter.doFilter(ObservationFilterChainDecorator.java:227)
	at org.springframework.security.web.ObservationFilterChainDecorator$VirtualFilterChain.doFilter(ObservationFilterChainDecorator.java:137)
	at org.springframework.web.filter.CorsFilter.doFilterInternal(CorsFilter.java:91)
	at org.springframework.web.filter.OncePerRequestFilter.doFilter(OncePerRequestFilter.java:116)
	at org.springframework.security.web.ObservationFilterChainDecorator$ObservationFilter.wrapFilter(ObservationFilterChainDecorator.java:240)
	at org.springframework.security.web.ObservationFilterChainDecorator$ObservationFilter.doFilter(ObservationFilterChainDecorator.java:227)
	at org.springframework.security.web.ObservationFilterChainDecorator$VirtualFilterChain.doFilter(ObservationFilterChainDecorator.java:137)
	at org.springframework.security.web.header.HeaderWriterFilter.doHeadersAfter(HeaderWriterFilter.java:90)
	at org.springframework.security.web.header.HeaderWriterFilter.doFilterInternal(HeaderWriterFilter.java:75)
	at org.springframework.web.filter.OncePerRequestFilter.doFilter(OncePerRequestFilter.java:116)
	at org.springframework.security.web.ObservationFilterChainDecorator$ObservationFilter.wrapFilter(ObservationFilterChainDecorator.java:240)
	at org.springframework.security.web.ObservationFilterChainDecorator$ObservationFilter.doFilter(ObservationFilterChainDecorator.java:227)
	at org.springframework.security.web.ObservationFilterChainDecorator$VirtualFilterChain.doFilter(ObservationFilterChainDecorator.java:137)
	at org.springframework.security.web.context.SecurityContextHolderFilter.doFilter(SecurityContextHolderFilter.java:82)
	at org.springframework.security.web.context.SecurityContextHolderFilter.doFilter(SecurityContextHolderFilter.java:69)
	at org.springframework.security.web.ObservationFilterChainDecorator$ObservationFilter.wrapFilter(ObservationFilterChainDecorator.java:240)
	at org.springframework.security.web.ObservationFilterChainDecorator$ObservationFilter.doFilter(ObservationFilterChainDecorator.java:227)
	at org.springframework.security.web.ObservationFilterChainDecorator$VirtualFilterChain.doFilter(ObservationFilterChainDecorator.java:137)
	at org.springframework.security.web.context.request.async.WebAsyncManagerIntegrationFilter.doFilterInternal(WebAsyncManagerIntegrationFilter.java:62)
	at org.springframework.web.filter.OncePerRequestFilter.doFilter(OncePerRequestFilter.java:116)
	at org.springframework.security.web.ObservationFilterChainDecorator$ObservationFilter.wrapFilter(ObservationFilterChainDecorator.java:240)
	at org.springframework.security.web.ObservationFilterChainDecorator$ObservationFilter.doFilter(ObservationFilterChainDecorator.java:227)
	at org.springframework.security.web.ObservationFilterChainDecorator$VirtualFilterChain.doFilter(ObservationFilterChainDecorator.java:137)
	at org.springframework.security.web.session.DisableEncodeUrlFilter.doFilterInternal(DisableEncodeUrlFilter.java:42)
	at org.springframework.web.filter.OncePerRequestFilter.doFilter(OncePerRequestFilter.java:116)
	at org.springframework.security.web.ObservationFilterChainDecorator$ObservationFilter.wrapFilter(ObservationFilterChainDecorator.java:240)
	at org.springframework.security.web.ObservationFilterChainDecorator$AroundFilterObservation$SimpleAroundFilterObservation.lambda$wrap$0(ObservationFilterChainDecorator.java:323)
	at org.springframework.security.web.ObservationFilterChainDecorator$ObservationFilter.doFilter(ObservationFilterChainDecorator.java:224)
	at org.springframework.security.web.ObservationFilterChainDecorator$VirtualFilterChain.doFilter(ObservationFilterChainDecorator.java:137)
	at org.springframework.security.web.FilterChainProxy.doFilterInternal(FilterChainProxy.java:233)
	at org.springframework.security.web.FilterChainProxy.doFilter(FilterChainProxy.java:191)
	at org.springframework.web.filter.CompositeFilter$VirtualFilterChain.doFilter(CompositeFilter.java:113)
	at org.springframework.web.servlet.handler.HandlerMappingIntrospector.lambda$createCacheFilter$3(HandlerMappingIntrospector.java:195)
	at org.springframework.web.filter.CompositeFilter$VirtualFilterChain.doFilter(CompositeFilter.java:113)
	at org.springframework.web.filter.CompositeFilter.doFilter(CompositeFilter.java:74)
	at org.springframework.security.config.annotation.web.configuration.WebMvcSecurityConfiguration$CompositeFilterChainProxy.doFilter(WebMvcSecurityConfiguration.java:230)
	at org.springframework.web.filter.DelegatingFilterProxy.invokeDelegate(DelegatingFilterProxy.java:352)
	at org.springframework.web.filter.DelegatingFilterProxy.doFilter(DelegatingFilterProxy.java:268)
	at org.apache.catalina.core.ApplicationFilterChain.internalDoFilter(ApplicationFilterChain.java:164)
	at org.apache.catalina.core.ApplicationFilterChain.doFilter(ApplicationFilterChain.java:140)
	at org.springframework.web.filter.RequestContextFilter.doFilterInternal(RequestContextFilter.java:100)
	at org.springframework.web.filter.OncePerRequestFilter.doFilter(OncePerRequestFilter.java:116)
	at org.apache.catalina.core.ApplicationFilterChain.internalDoFilter(ApplicationFilterChain.java:164)
	at org.apache.catalina.core.ApplicationFilterChain.doFilter(ApplicationFilterChain.java:140)
	at org.springframework.web.filter.FormContentFilter.doFilterInternal(FormContentFilter.java:93)
	at org.springframework.web.filter.OncePerRequestFilter.doFilter(OncePerRequestFilter.java:116)
	at org.apache.catalina.core.ApplicationFilterChain.internalDoFilter(ApplicationFilterChain.java:164)
	at org.apache.catalina.core.ApplicationFilterChain.doFilter(ApplicationFilterChain.java:140)
	at org.springframework.web.filter.ServerHttpObservationFilter.doFilterInternal(ServerHttpObservationFilter.java:113)
	at org.springframework.web.filter.OncePerRequestFilter.doFilter(OncePerRequestFilter.java:116)
	at org.apache.catalina.core.ApplicationFilterChain.internalDoFilter(ApplicationFilterChain.java:164)
	at org.apache.catalina.core.ApplicationFilterChain.doFilter(ApplicationFilterChain.java:140)
	at org.springframework.web.filter.CharacterEncodingFilter.doFilterInternal(CharacterEncodingFilter.java:201)
	at org.springframework.web.filter.OncePerRequestFilter.doFilter(OncePerRequestFilter.java:116)
	at org.apache.catalina.core.ApplicationFilterChain.internalDoFilter(ApplicationFilterChain.java:164)
	at org.apache.catalina.core.ApplicationFilterChain.doFilter(ApplicationFilterChain.java:140)
	at org.apache.catalina.core.StandardWrapperValve.invoke(StandardWrapperValve.java:167)
	at org.apache.catalina.core.StandardContextValve.invoke(StandardContextValve.java:90)
	at org.apache.catalina.authenticator.AuthenticatorBase.invoke(AuthenticatorBase.java:483)
	at org.apache.catalina.core.StandardHostValve.invoke(StandardHostValve.java:115)
	at org.apache.catalina.valves.ErrorReportValve.invoke(ErrorReportValve.java:93)
	at org.apache.catalina.core.StandardEngineValve.invoke(StandardEngineValve.java:74)
	at org.apache.catalina.valves.AbstractAccessLogValve.invoke(AbstractAccessLogValve.java:663)
	at org.apache.catalina.connector.CoyoteAdapter.service(CoyoteAdapter.java:344)
	at org.apache.coyote.http11.Http11Processor.service(Http11Processor.java:384)
	at org.apache.coyote.AbstractProcessorLight.process(AbstractProcessorLight.java:63)
	at org.apache.coyote.AbstractProtocol$ConnectionHandler.process(AbstractProtocol.java:905)
	at org.apache.tomcat.util.net.NioEndpoint$SocketProcessor.doRun(NioEndpoint.java:1741)
	at org.apache.tomcat.util.net.SocketProcessorBase.run(SocketProcessorBase.java:52)
	at org.apache.tomcat.util.threads.ThreadPoolExecutor.runWorker(ThreadPoolExecutor.java:1190)
	at org.apache.tomcat.util.threads.ThreadPoolExecutor$Worker.run(ThreadPoolExecutor.java:659)
	at org.apache.tomcat.util.threads.TaskThread$WrappingRunnable.run(TaskThread.java:63)
	at java.base/java.lang.Thread.run(Thread.java:842)
2025-11-10 23:57:12.790 [34mINFO [0;39m [b3a239f9-3870-4df5-a0d9-e8e43b4ed3d5] [http-nio-8080-exec-6] c.b.config.logging.HttpLoggingFilter - POST /api/auth/seller/register -> 500 (166 ms)
2025-11-10 23:57:12.790 [34mINFO [0;39m [b3a239f9-3870-4df5-a0d9-e8e43b4ed3d5] [http-nio-8080-exec-6] c.b.config.logging.HttpLoggingFilter - Headers: auth=absent content-type=application/json accept=null
2025-11-10 23:57:12.790 [34mINFO [0;39m [b3a239f9-3870-4df5-a0d9-e8e43b4ed3d5] [http-nio-8080-exec-6] c.b.config.logging.HttpLoggingFilter - Request payload: {
    "email":  "seller_20251110235710@example.com",
    "name":  "Seller Smoke",
    "password":  "Passw0rd!"
}
2025-11-10 23:57:12.790 [34mINFO [0;39m [b3a239f9-3870-4df5-a0d9-e8e43b4ed3d5] [http-nio-8080-exec-6] c.b.config.logging.HttpLoggingFilter - Response payload: {"message":"Cannot invoke \"com.bharatshop.domain.User.getId()\" because \"user\" is null"}
2025-11-10 23:57:12.813 [34mINFO [0;39m [deb8eeee-bc36-4470-9055-3129b0745e81] [http-nio-8080-exec-7] c.b.web.SellerAuthController - Login seller: email=seller_20251110235710@example.com
2025-11-10 23:57:12.813 [34mINFO [0;39m [deb8eeee-bc36-4470-9055-3129b0745e81] [http-nio-8080-exec-7] com.bharatshop.service.AuthService - Login (seller) attempt: email=seller_20251110235710@example.com
2025-11-10 23:57:12.888 [34mINFO [0;39m [deb8eeee-bc36-4470-9055-3129b0745e81] [http-nio-8080-exec-7] com.bharatshop.service.AuthService - Session created: userId=371a7d84-cb1d-4441-8176-fde6f17c2d8c role=SELLER
2025-11-10 23:57:12.889 [34mINFO [0;39m [deb8eeee-bc36-4470-9055-3129b0745e81] [http-nio-8080-exec-7] com.bharatshop.service.AuthService - Login (seller) success: userId=371a7d84-cb1d-4441-8176-fde6f17c2d8c token=eyJhbGciOiJIUzI1NiIsInR5cCI6IkpXVCJ9.eyJzdWIiOiIzNzFhN2Q4NC1jYjFkLTQ0NDEtODE3Ni1mZGU2ZjE3YzJkOGMiLCJuYW1lIjoiU2VsbGVyIFNtb2tlIiwicm9sZSI6IlNFTExFUiIsImlhdCI6MTc2Mjc5OTIzMiwiZXhwIjoxNzYyODAyODMyfQ.xbhKtgVJaSjV8FsvMGxPhtoNOm5sWJi1SNL3Oc8ypas role=SELLER 
2025-11-10 23:57:12.889 [1;31mERROR[0;39m [deb8eeee-bc36-4470-9055-3129b0745e81] [http-nio-8080-exec-7] c.b.config.GlobalExceptionHandler - Unhandled exception
java.lang.NullPointerException: Cannot invoke "com.bharatshop.domain.User.getId()" because "user" is null
	at com.bharatshop.web.SellerAuthController.login(SellerAuthController.java:37)
	at java.base/jdk.internal.reflect.NativeMethodAccessorImpl.invoke0(Native Method)
	at java.base/jdk.internal.reflect.NativeMethodAccessorImpl.invoke(NativeMethodAccessorImpl.java:77)
	at java.base/jdk.internal.reflect.DelegatingMethodAccessorImpl.invoke(DelegatingMethodAccessorImpl.java:43)
	at java.base/java.lang.reflect.Method.invoke(Method.java:568)
	at org.springframework.web.method.support.InvocableHandlerMethod.doInvoke(InvocableHandlerMethod.java:255)
	at org.springframework.web.method.support.InvocableHandlerMethod.invokeForRequest(InvocableHandlerMethod.java:188)
	at org.springframework.web.servlet.mvc.method.annotation.ServletInvocableHandlerMethod.invokeAndHandle(ServletInvocableHandlerMethod.java:118)
	at org.springframework.web.servlet.mvc.method.annotation.RequestMappingHandlerAdapter.invokeHandlerMethod(RequestMappingHandlerAdapter.java:926)
	at org.springframework.web.servlet.mvc.method.annotation.RequestMappingHandlerAdapter.handleInternal(RequestMappingHandlerAdapter.java:831)
	at org.springframework.web.servlet.mvc.method.AbstractHandlerMethodAdapter.handle(AbstractHandlerMethodAdapter.java:87)
	at org.springframework.web.servlet.DispatcherServlet.doDispatch(DispatcherServlet.java:1089)
	at org.springframework.web.servlet.DispatcherServlet.doService(DispatcherServlet.java:979)
	at org.springframework.web.servlet.FrameworkServlet.processRequest(FrameworkServlet.java:1014)
	at org.springframework.web.servlet.FrameworkServlet.doPost(FrameworkServlet.java:914)
	at jakarta.servlet.http.HttpServlet.service(HttpServlet.java:590)
	at org.springframework.web.servlet.FrameworkServlet.service(FrameworkServlet.java:885)
	at jakarta.servlet.http.HttpServlet.service(HttpServlet.java:658)
	at org.apache.catalina.core.ApplicationFilterChain.internalDoFilter(ApplicationFilterChain.java:195)
	at org.apache.catalina.core.ApplicationFilterChain.doFilter(ApplicationFilterChain.java:140)
	at org.apache.tomcat.websocket.server.WsFilter.doFilter(WsFilter.java:51)
	at org.apache.catalina.core.ApplicationFilterChain.internalDoFilter(ApplicationFilterChain.java:164)
	at org.apache.catalina.core.ApplicationFilterChain.doFilter(ApplicationFilterChain.java:140)
	at org.springframework.web.filter.OncePerRequestFilter.doFilter(OncePerRequestFilter.java:110)
	at org.apache.catalina.core.ApplicationFilterChain.internalDoFilter(ApplicationFilterChain.java:164)
	at org.apache.catalina.core.ApplicationFilterChain.doFilter(ApplicationFilterChain.java:140)
	at com.bharatshop.config.TenantFilter.doFilterInternal(TenantFilter.java:31)
	at org.springframework.web.filter.OncePerRequestFilter.doFilter(OncePerRequestFilter.java:116)
	at org.apache.catalina.core.ApplicationFilterChain.internalDoFilter(ApplicationFilterChain.java:164)
	at org.apache.catalina.core.ApplicationFilterChain.doFilter(ApplicationFilterChain.java:140)
	at com.bharatshop.config.logging.HttpLoggingFilter.doFilterInternal(HttpLoggingFilter.java:32)
	at org.springframework.web.filter.OncePerRequestFilter.doFilter(OncePerRequestFilter.java:116)
	at org.apache.catalina.core.ApplicationFilterChain.internalDoFilter(ApplicationFilterChain.java:164)
	at org.apache.catalina.core.ApplicationFilterChain.doFilter(ApplicationFilterChain.java:140)
	at com.bharatshop.config.logging.CorrelationIdFilter.doFilterInternal(CorrelationIdFilter.java:29)
	at org.springframework.web.filter.OncePerRequestFilter.doFilter(OncePerRequestFilter.java:116)
	at org.apache.catalina.core.ApplicationFilterChain.internalDoFilter(ApplicationFilterChain.java:164)
	at org.apache.catalina.core.ApplicationFilterChain.doFilter(ApplicationFilterChain.java:140)
	at org.springframework.web.filter.CompositeFilter$VirtualFilterChain.doFilter(CompositeFilter.java:108)
	at org.springframework.security.web.FilterChainProxy.lambda$doFilterInternal$3(FilterChainProxy.java:231)
	at org.springframework.security.web.ObservationFilterChainDecorator$FilterObservation$SimpleFilterObservation.lambda$wrap$1(ObservationFilterChainDecorator.java:479)
	at org.springframework.security.web.ObservationFilterChainDecorator$AroundFilterObservation$SimpleAroundFilterObservation.lambda$wrap$1(ObservationFilterChainDecorator.java:340)
	at org.springframework.security.web.ObservationFilterChainDecorator.lambda$wrapSecured$0(ObservationFilterChainDecorator.java:82)
	at org.springframework.security.web.ObservationFilterChainDecorator$VirtualFilterChain.doFilter(ObservationFilterChainDecorator.java:128)
	at org.springframework.security.web.access.intercept.AuthorizationFilter.doFilter(AuthorizationFilter.java:100)
	at org.springframework.security.web.ObservationFilterChainDecorator$ObservationFilter.wrapFilter(ObservationFilterChainDecorator.java:240)
	at org.springframework.security.web.ObservationFilterChainDecorator$ObservationFilter.doFilter(ObservationFilterChainDecorator.java:227)
	at org.springframework.security.web.ObservationFilterChainDecorator$VirtualFilterChain.doFilter(ObservationFilterChainDecorator.java:137)
	at org.springframework.security.web.access.ExceptionTranslationFilter.doFilter(ExceptionTranslationFilter.java:126)
	at org.springframework.security.web.access.ExceptionTranslationFilter.doFilter(ExceptionTranslationFilter.java:120)
	at org.springframework.security.web.ObservationFilterChainDecorator$ObservationFilter.wrapFilter(ObservationFilterChainDecorator.java:240)
	at org.springframework.security.web.ObservationFilterChainDecorator$ObservationFilter.doFilter(ObservationFilterChainDecorator.java:227)
	at org.springframework.security.web.ObservationFilterChainDecorator$VirtualFilterChain.doFilter(ObservationFilterChainDecorator.java:137)
	at org.springframework.security.web.authentication.AnonymousAuthenticationFilter.doFilter(AnonymousAuthenticationFilter.java:100)
	at org.springframework.security.web.ObservationFilterChainDecorator$ObservationFilter.wrapFilter(ObservationFilterChainDecorator.java:240)
	at org.springframework.security.web.ObservationFilterChainDecorator$ObservationFilter.doFilter(ObservationFilterChainDecorator.java:227)
	at org.springframework.security.web.ObservationFilterChainDecorator$VirtualFilterChain.doFilter(ObservationFilterChainDecorator.java:137)
	at org.springframework.security.web.servletapi.SecurityContextHolderAwareRequestFilter.doFilter(SecurityContextHolderAwareRequestFilter.java:179)
	at org.springframework.security.web.ObservationFilterChainDecorator$ObservationFilter.wrapFilter(ObservationFilterChainDecorator.java:240)
	at org.springframework.security.web.ObservationFilterChainDecorator$ObservationFilter.doFilter(ObservationFilterChainDecorator.java:227)
	at org.springframework.security.web.ObservationFilterChainDecorator$VirtualFilterChain.doFilter(ObservationFilterChainDecorator.java:137)
	at org.springframework.security.web.savedrequest.RequestCacheAwareFilter.doFilter(RequestCacheAwareFilter.java:63)
	at org.springframework.security.web.ObservationFilterChainDecorator$ObservationFilter.wrapFilter(ObservationFilterChainDecorator.java:240)
	at org.springframework.security.web.ObservationFilterChainDecorator$ObservationFilter.doFilter(ObservationFilterChainDecorator.java:227)
	at org.springframework.security.web.ObservationFilterChainDecorator$VirtualFilterChain.doFilter(ObservationFilterChainDecorator.java:137)
	at com.bharatshop.security.TokenAuthFilter.doFilterInternal(TokenAuthFilter.java:47)
	at org.springframework.web.filter.OncePerRequestFilter.doFilter(OncePerRequestFilter.java:116)
	at org.springframework.security.web.ObservationFilterChainDecorator$ObservationFilter.wrapFilter(ObservationFilterChainDecorator.java:240)
	at org.springframework.security.web.ObservationFilterChainDecorator$ObservationFilter.doFilter(ObservationFilterChainDecorator.java:227)
	at org.springframework.security.web.ObservationFilterChainDecorator$VirtualFilterChain.doFilter(ObservationFilterChainDecorator.java:137)
	at org.springframework.security.web.authentication.logout.LogoutFilter.doFilter(LogoutFilter.java:107)
	at org.springframework.security.web.authentication.logout.LogoutFilter.doFilter(LogoutFilter.java:93)
	at org.springframework.security.web.ObservationFilterChainDecorator$ObservationFilter.wrapFilter(ObservationFilterChainDecorator.java:240)
	at org.springframework.security.web.ObservationFilterChainDecorator$ObservationFilter.doFilter(ObservationFilterChainDecorator.java:227)
	at org.springframework.security.web.ObservationFilterChainDecorator$VirtualFilterChain.doFilter(ObservationFilterChainDecorator.java:137)
	at org.springframework.web.filter.CorsFilter.doFilterInternal(CorsFilter.java:91)
	at org.springframework.web.filter.OncePerRequestFilter.doFilter(OncePerRequestFilter.java:116)
	at org.springframework.security.web.ObservationFilterChainDecorator$ObservationFilter.wrapFilter(ObservationFilterChainDecorator.java:240)
	at org.springframework.security.web.ObservationFilterChainDecorator$ObservationFilter.doFilter(ObservationFilterChainDecorator.java:227)
	at org.springframework.security.web.ObservationFilterChainDecorator$VirtualFilterChain.doFilter(ObservationFilterChainDecorator.java:137)
	at org.springframework.security.web.header.HeaderWriterFilter.doHeadersAfter(HeaderWriterFilter.java:90)
	at org.springframework.security.web.header.HeaderWriterFilter.doFilterInternal(HeaderWriterFilter.java:75)
	at org.springframework.web.filter.OncePerRequestFilter.doFilter(OncePerRequestFilter.java:116)
	at org.springframework.security.web.ObservationFilterChainDecorator$ObservationFilter.wrapFilter(ObservationFilterChainDecorator.java:240)
	at org.springframework.security.web.ObservationFilterChainDecorator$ObservationFilter.doFilter(ObservationFilterChainDecorator.java:227)
	at org.springframework.security.web.ObservationFilterChainDecorator$VirtualFilterChain.doFilter(ObservationFilterChainDecorator.java:137)
	at org.springframework.security.web.context.SecurityContextHolderFilter.doFilter(SecurityContextHolderFilter.java:82)
	at org.springframework.security.web.context.SecurityContextHolderFilter.doFilter(SecurityContextHolderFilter.java:69)
	at org.springframework.security.web.ObservationFilterChainDecorator$ObservationFilter.wrapFilter(ObservationFilterChainDecorator.java:240)
	at org.springframework.security.web.ObservationFilterChainDecorator$ObservationFilter.doFilter(ObservationFilterChainDecorator.java:227)
	at org.springframework.security.web.ObservationFilterChainDecorator$VirtualFilterChain.doFilter(ObservationFilterChainDecorator.java:137)
	at org.springframework.security.web.context.request.async.WebAsyncManagerIntegrationFilter.doFilterInternal(WebAsyncManagerIntegrationFilter.java:62)
	at org.springframework.web.filter.OncePerRequestFilter.doFilter(OncePerRequestFilter.java:116)
	at org.springframework.security.web.ObservationFilterChainDecorator$ObservationFilter.wrapFilter(ObservationFilterChainDecorator.java:240)
	at org.springframework.security.web.ObservationFilterChainDecorator$ObservationFilter.doFilter(ObservationFilterChainDecorator.java:227)
	at org.springframework.security.web.ObservationFilterChainDecorator$VirtualFilterChain.doFilter(ObservationFilterChainDecorator.java:137)
	at org.springframework.security.web.session.DisableEncodeUrlFilter.doFilterInternal(DisableEncodeUrlFilter.java:42)
	at org.springframework.web.filter.OncePerRequestFilter.doFilter(OncePerRequestFilter.java:116)
	at org.springframework.security.web.ObservationFilterChainDecorator$ObservationFilter.wrapFilter(ObservationFilterChainDecorator.java:240)
	at org.springframework.security.web.ObservationFilterChainDecorator$AroundFilterObservation$SimpleAroundFilterObservation.lambda$wrap$0(ObservationFilterChainDecorator.java:323)
	at org.springframework.security.web.ObservationFilterChainDecorator$ObservationFilter.doFilter(ObservationFilterChainDecorator.java:224)
	at org.springframework.security.web.ObservationFilterChainDecorator$VirtualFilterChain.doFilter(ObservationFilterChainDecorator.java:137)
	at org.springframework.security.web.FilterChainProxy.doFilterInternal(FilterChainProxy.java:233)
	at org.springframework.security.web.FilterChainProxy.doFilter(FilterChainProxy.java:191)
	at org.springframework.web.filter.CompositeFilter$VirtualFilterChain.doFilter(CompositeFilter.java:113)
	at org.springframework.web.servlet.handler.HandlerMappingIntrospector.lambda$createCacheFilter$3(HandlerMappingIntrospector.java:195)
	at org.springframework.web.filter.CompositeFilter$VirtualFilterChain.doFilter(CompositeFilter.java:113)
	at org.springframework.web.filter.CompositeFilter.doFilter(CompositeFilter.java:74)
	at org.springframework.security.config.annotation.web.configuration.WebMvcSecurityConfiguration$CompositeFilterChainProxy.doFilter(WebMvcSecurityConfiguration.java:230)
	at org.springframework.web.filter.DelegatingFilterProxy.invokeDelegate(DelegatingFilterProxy.java:352)
	at org.springframework.web.filter.DelegatingFilterProxy.doFilter(DelegatingFilterProxy.java:268)
	at org.apache.catalina.core.ApplicationFilterChain.internalDoFilter(ApplicationFilterChain.java:164)
	at org.apache.catalina.core.ApplicationFilterChain.doFilter(ApplicationFilterChain.java:140)
	at org.springframework.web.filter.RequestContextFilter.doFilterInternal(RequestContextFilter.java:100)
	at org.springframework.web.filter.OncePerRequestFilter.doFilter(OncePerRequestFilter.java:116)
	at org.apache.catalina.core.ApplicationFilterChain.internalDoFilter(ApplicationFilterChain.java:164)
	at org.apache.catalina.core.ApplicationFilterChain.doFilter(ApplicationFilterChain.java:140)
	at org.springframework.web.filter.FormContentFilter.doFilterInternal(FormContentFilter.java:93)
	at org.springframework.web.filter.OncePerRequestFilter.doFilter(OncePerRequestFilter.java:116)
	at org.apache.catalina.core.ApplicationFilterChain.internalDoFilter(ApplicationFilterChain.java:164)
	at org.apache.catalina.core.ApplicationFilterChain.doFilter(ApplicationFilterChain.java:140)
	at org.springframework.web.filter.ServerHttpObservationFilter.doFilterInternal(ServerHttpObservationFilter.java:113)
	at org.springframework.web.filter.OncePerRequestFilter.doFilter(OncePerRequestFilter.java:116)
	at org.apache.catalina.core.ApplicationFilterChain.internalDoFilter(ApplicationFilterChain.java:164)
	at org.apache.catalina.core.ApplicationFilterChain.doFilter(ApplicationFilterChain.java:140)
	at org.springframework.web.filter.CharacterEncodingFilter.doFilterInternal(CharacterEncodingFilter.java:201)
	at org.springframework.web.filter.OncePerRequestFilter.doFilter(OncePerRequestFilter.java:116)
	at org.apache.catalina.core.ApplicationFilterChain.internalDoFilter(ApplicationFilterChain.java:164)
	at org.apache.catalina.core.ApplicationFilterChain.doFilter(ApplicationFilterChain.java:140)
	at org.apache.catalina.core.StandardWrapperValve.invoke(StandardWrapperValve.java:167)
	at org.apache.catalina.core.StandardContextValve.invoke(StandardContextValve.java:90)
	at org.apache.catalina.authenticator.AuthenticatorBase.invoke(AuthenticatorBase.java:483)
	at org.apache.catalina.core.StandardHostValve.invoke(StandardHostValve.java:115)
	at org.apache.catalina.valves.ErrorReportValve.invoke(ErrorReportValve.java:93)
	at org.apache.catalina.core.StandardEngineValve.invoke(StandardEngineValve.java:74)
	at org.apache.catalina.valves.AbstractAccessLogValve.invoke(AbstractAccessLogValve.java:663)
	at org.apache.catalina.connector.CoyoteAdapter.service(CoyoteAdapter.java:344)
	at org.apache.coyote.http11.Http11Processor.service(Http11Processor.java:384)
	at org.apache.coyote.AbstractProcessorLight.process(AbstractProcessorLight.java:63)
	at org.apache.coyote.AbstractProtocol$ConnectionHandler.process(AbstractProtocol.java:905)
	at org.apache.tomcat.util.net.NioEndpoint$SocketProcessor.doRun(NioEndpoint.java:1741)
	at org.apache.tomcat.util.net.SocketProcessorBase.run(SocketProcessorBase.java:52)
	at org.apache.tomcat.util.threads.ThreadPoolExecutor.runWorker(ThreadPoolExecutor.java:1190)
	at org.apache.tomcat.util.threads.ThreadPoolExecutor$Worker.run(ThreadPoolExecutor.java:659)
	at org.apache.tomcat.util.threads.TaskThread$WrappingRunnable.run(TaskThread.java:63)
	at java.base/java.lang.Thread.run(Thread.java:842)
2025-11-10 23:57:12.892 [34mINFO [0;39m [deb8eeee-bc36-4470-9055-3129b0745e81] [http-nio-8080-exec-7] c.b.config.logging.HttpLoggingFilter - POST /api/auth/seller/login -> 500 (81 ms)
2025-11-10 23:57:12.892 [34mINFO [0;39m [deb8eeee-bc36-4470-9055-3129b0745e81] [http-nio-8080-exec-7] c.b.config.logging.HttpLoggingFilter - Headers: auth=absent content-type=application/json accept=null
2025-11-10 23:57:12.892 [34mINFO [0;39m [deb8eeee-bc36-4470-9055-3129b0745e81] [http-nio-8080-exec-7] c.b.config.logging.HttpLoggingFilter - Request payload: {
    "password":  "Passw0rd!",
    "email":  "seller_20251110235710@example.com"
}
2025-11-10 23:57:12.892 [34mINFO [0;39m [deb8eeee-bc36-4470-9055-3129b0745e81] [http-nio-8080-exec-7] c.b.config.logging.HttpLoggingFilter - Response payload: {"message":"Cannot invoke \"com.bharatshop.domain.User.getId()\" because \"user\" is null"}
2025-11-10 23:57:12.916 [34mINFO [0;39m [29c049d1-46ae-4af6-a241-9a830e5835e7] [http-nio-8080-exec-8] c.b.config.logging.HttpLoggingFilter - POST /api/seller/stores -> 401 (12 ms)
2025-11-10 23:57:12.916 [34mINFO [0;39m [29c049d1-46ae-4af6-a241-9a830e5835e7] [http-nio-8080-exec-8] c.b.config.logging.HttpLoggingFilter - Headers: auth=absent content-type=application/json accept=null
2025-11-10 23:57:12.916 [34mINFO [0;39m [29c049d1-46ae-4af6-a241-9a830e5835e7] [http-nio-8080-exec-8] c.b.config.logging.HttpLoggingFilter - Request payload: {
    "area":  "Area",
    "category":  "General",
    "name":  "Smoke Store",
    "city":  "City"
}
2025-11-10 23:57:12.931 [34mINFO [0;39m [362d562f-6fd1-4e57-94ea-04ffef640cf8] [http-nio-8080-exec-9] c.b.web.StoreLegacyController - Legacy list products: tenant=local category=null search=null
2025-11-10 23:57:12.936 [34mINFO [0;39m [362d562f-6fd1-4e57-94ea-04ffef640cf8] [http-nio-8080-exec-9] c.b.config.logging.HttpLoggingFilter - GET /store/products -> 200 (6 ms)
2025-11-10 23:57:12.936 [34mINFO [0;39m [362d562f-6fd1-4e57-94ea-04ffef640cf8] [http-nio-8080-exec-9] c.b.config.logging.HttpLoggingFilter - Headers: auth=absent content-type=null accept=null
2025-11-10 23:57:12.936 [34mINFO [0;39m [362d562f-6fd1-4e57-94ea-04ffef640cf8] [http-nio-8080-exec-9] c.b.config.logging.HttpLoggingFilter - Response payload: [{"id":"37ad5366-f817-4f76-adad-d51049b05456","name":"Apples","price":120.0,"category":"fruits","storeId":"506d327b-4902-45db-b790-c409659f2567","active":true},{"id":"07ba8411-f3c0-48f5-98b0-ba9eb6cafe66","name":"Milk","price":60.0,"category":"dairy","storeId":"506d327b-4902-45db-b790-c409659f2567","active":true},{"id":"ea7f3e0b-66a0-45a8-bb8a-a0cc5dc54902","name":"Paracetamol","price":35.0,"category":"medicine","storeId":"bfa1d1c5-54ec-4bde-b85d-14f70417e5bf","active":true},{"id":"0b01545b-50fe-4351-8b3d-b5fc2a0ea458","name":"Room Deluxe","price":2500.0,"category":"room","storeId":"c9311479-38db-42a6-9279-2c5842d26695","active":true}]
2025-11-10 23:57:12.952 [34mINFO [0;39m [d72c9cea-3251-49f6-b9a6-9086af11e966] [http-nio-8080-exec-10] c.b.web.StoreLegacyController - Legacy list categories: tenant=local
2025-11-10 23:57:12.955 [34mINFO [0;39m [d72c9cea-3251-49f6-b9a6-9086af11e966] [http-nio-8080-exec-10] c.b.config.logging.HttpLoggingFilter - GET /store/categories -> 200 (4 ms)
2025-11-10 23:57:12.957 [34mINFO [0;39m [d72c9cea-3251-49f6-b9a6-9086af11e966] [http-nio-8080-exec-10] c.b.config.logging.HttpLoggingFilter - Headers: auth=absent content-type=null accept=null
2025-11-10 23:57:12.957 [34mINFO [0;39m [d72c9cea-3251-49f6-b9a6-9086af11e966] [http-nio-8080-exec-10] c.b.config.logging.HttpLoggingFilter - Response payload: ["dairy","fruits","medicine","room"]
2025-11-10 23:57:12.975 [34mINFO [0;39m [5fd2d44e-97f6-4a44-86bb-36e510cfd10d] [http-nio-8080-exec-1] c.b.config.logging.HttpLoggingFilter - GET /store/orders -> 401 (2 ms)
2025-11-10 23:57:12.975 [34mINFO [0;39m [5fd2d44e-97f6-4a44-86bb-36e510cfd10d] [http-nio-8080-exec-1] c.b.config.logging.HttpLoggingFilter - Headers: auth=absent content-type=null accept=null
2025-11-10 23:57:12.975 [34mINFO [0;39m [5fd2d44e-97f6-4a44-86bb-36e510cfd10d] [http-nio-8080-exec-1] c.b.config.logging.HttpLoggingFilter - Response payload: {"message":"Unauthorized"}
2025-11-10 23:57:12.990 [34mINFO [0;39m [9ee7e67d-8a53-4ba5-ae3b-227a7beb40ca] [http-nio-8080-exec-3] c.b.config.logging.HttpLoggingFilter - GET /store/order/1 -> 404 (5 ms)
2025-11-10 23:57:12.990 [34mINFO [0;39m [9ee7e67d-8a53-4ba5-ae3b-227a7beb40ca] [http-nio-8080-exec-3] c.b.config.logging.HttpLoggingFilter - Headers: auth=absent content-type=null accept=null
2025-11-10 23:57:13.018 [34mINFO [0;39m [a599c7d7-0f30-4d89-99b9-18a2ef58ca70] [http-nio-8080-exec-4] c.b.config.logging.HttpLoggingFilter - POST /store/checkout -> 401 (7 ms)
2025-11-10 23:57:13.020 [34mINFO [0;39m [a599c7d7-0f30-4d89-99b9-18a2ef58ca70] [http-nio-8080-exec-4] c.b.config.logging.HttpLoggingFilter - Headers: auth=absent content-type=application/json accept=null
2025-11-10 23:57:13.020 [34mINFO [0;39m [a599c7d7-0f30-4d89-99b9-18a2ef58ca70] [http-nio-8080-exec-4] c.b.config.logging.HttpLoggingFilter - Request payload: {
    "paymentMethod":  "COD",
    "items":  [
                  {
                      "productId":  1,
                      "qty":  1
                  }
              ],
    "address":  {
                    "area":  "Area",
                    "city":  "City",
                    "pin":  "000000",
                    "line1":  "Smoke Address"
                }
}
2025-11-10 23:57:13.020 [34mINFO [0;39m [a599c7d7-0f30-4d89-99b9-18a2ef58ca70] [http-nio-8080-exec-4] c.b.config.logging.HttpLoggingFilter - Response payload: {"message":"Unauthorized"}
2025-11-10 23:57:13.031 [31mWARN [0;39m [4e6972a8-bb5b-4633-b84d-747957d471d3] [http-nio-8080-exec-2] c.b.web.StorePaymentsController - Legacy initiate unauthorized: tenant=local
2025-11-10 23:57:13.032 [34mINFO [0;39m [4e6972a8-bb5b-4633-b84d-747957d471d3] [http-nio-8080-exec-2] c.b.config.logging.HttpLoggingFilter - POST /store/payments/initiate -> 401 (3 ms)
2025-11-10 23:57:13.032 [34mINFO [0;39m [4e6972a8-bb5b-4633-b84d-747957d471d3] [http-nio-8080-exec-2] c.b.config.logging.HttpLoggingFilter - Headers: auth=absent content-type=application/json accept=null
2025-11-10 23:57:13.032 [34mINFO [0;39m [4e6972a8-bb5b-4633-b84d-747957d471d3] [http-nio-8080-exec-2] c.b.config.logging.HttpLoggingFilter - Request payload: {
    "currency":  "INR",
    "amount":  100
}
2025-11-10 23:57:13.032 [34mINFO [0;39m [4e6972a8-bb5b-4633-b84d-747957d471d3] [http-nio-8080-exec-2] c.b.config.logging.HttpLoggingFilter - Response payload: {"message":"Unauthorized"}
2025-11-10 23:57:13.043 [34mINFO [0;39m [6a3a4d7e-2677-4b00-b88f-b436721b0c0f] [http-nio-8080-exec-5] c.b.config.logging.HttpLoggingFilter - POST /store/payments/webhook -> 200 (3 ms)
2025-11-10 23:57:13.043 [34mINFO [0;39m [6a3a4d7e-2677-4b00-b88f-b436721b0c0f] [http-nio-8080-exec-5] c.b.config.logging.HttpLoggingFilter - Headers: auth=absent content-type=application/json accept=null
2025-11-10 23:57:13.043 [34mINFO [0;39m [6a3a4d7e-2677-4b00-b88f-b436721b0c0f] [http-nio-8080-exec-5] c.b.config.logging.HttpLoggingFilter - Request payload: {
    "event":  "payment.captured",
    "payload":  {
                    "id":  "pay_123"
                }
}
2025-11-10 23:57:13.043 [34mINFO [0;39m [6a3a4d7e-2677-4b00-b88f-b436721b0c0f] [http-nio-8080-exec-5] c.b.config.logging.HttpLoggingFilter - Response payload: {"received":"payment.captured","status":"ok"}
2025-11-10 23:57:27.969 [34mINFO [0;39m [b6b36c21-63ee-4de8-adcf-2f2650edc1fc] [http-nio-8080-exec-8] c.b.web.StoreDiscoveryController - Global categories requested: tenant=demo-store
2025-11-10 23:57:27.969 [34mINFO [0;39m [583da6b0-b52a-4bb3-bfb9-a9ed85436460] [http-nio-8080-exec-9] c.b.config.logging.HttpLoggingFilter - GET /api/seller/stores -> 401 (2 ms)
2025-11-10 23:57:27.969 [34mINFO [0;39m [583da6b0-b52a-4bb3-bfb9-a9ed85436460] [http-nio-8080-exec-9] c.b.config.logging.HttpLoggingFilter - Headers: auth=present content-type=null accept=application/json, text/plain, */*
2025-11-10 23:57:27.972 [34mINFO [0;39m [b6b36c21-63ee-4de8-adcf-2f2650edc1fc] [http-nio-8080-exec-8] c.b.config.logging.HttpLoggingFilter - GET /api/categories -> 200 (5 ms)
2025-11-10 23:57:27.973 [34mINFO [0;39m [b6b36c21-63ee-4de8-adcf-2f2650edc1fc] [http-nio-8080-exec-8] c.b.config.logging.HttpLoggingFilter - Headers: auth=present content-type=null accept=application/json, text/plain, */*
2025-11-10 23:57:27.973 [34mINFO [0;39m [b6b36c21-63ee-4de8-adcf-2f2650edc1fc] [http-nio-8080-exec-8] c.b.config.logging.HttpLoggingFilter - Response payload: ["dairy","fruits","medicine","room"]
2025-11-10 23:57:27.983 [34mINFO [0;39m [8489154e-2d58-4e4d-9091-a14fad7caca9] [http-nio-8080-exec-1] c.b.web.StoreDiscoveryController - Global categories requested: tenant=demo-store
2025-11-10 23:57:27.984 [34mINFO [0;39m [3b4affe5-d6de-4d98-b0ad-6875ac75b342] [http-nio-8080-exec-10] c.b.config.logging.HttpLoggingFilter - GET /api/seller/stores -> 401 (2 ms)
2025-11-10 23:57:27.984 [34mINFO [0;39m [3b4affe5-d6de-4d98-b0ad-6875ac75b342] [http-nio-8080-exec-10] c.b.config.logging.HttpLoggingFilter - Headers: auth=present content-type=null accept=application/json, text/plain, */*
2025-11-10 23:57:27.988 [34mINFO [0;39m [8489154e-2d58-4e4d-9091-a14fad7caca9] [http-nio-8080-exec-1] c.b.config.logging.HttpLoggingFilter - GET /api/categories -> 200 (5 ms)
2025-11-10 23:57:27.989 [34mINFO [0;39m [8489154e-2d58-4e4d-9091-a14fad7caca9] [http-nio-8080-exec-1] c.b.config.logging.HttpLoggingFilter - Headers: auth=present content-type=null accept=application/json, text/plain, */*
2025-11-10 23:57:27.989 [34mINFO [0;39m [8489154e-2d58-4e4d-9091-a14fad7caca9] [http-nio-8080-exec-1] c.b.config.logging.HttpLoggingFilter - Response payload: ["dairy","fruits","medicine","room"]
2025-11-10 23:57:45.030 [34mINFO [0;39m [cecdc301-fac1-4c44-b6c3-aefa0f3b57dd] [http-nio-8080-exec-4] c.b.config.logging.HttpLoggingFilter - GET /api/seller/orders -> 401 (1 ms)
2025-11-10 23:57:45.030 [34mINFO [0;39m [239a625c-96a5-4cc5-8b99-f7d695ffd597] [http-nio-8080-exec-3] c.b.config.logging.HttpLoggingFilter - GET /api/seller/stores -> 401 (1 ms)
2025-11-10 23:57:45.031 [34mINFO [0;39m [cecdc301-fac1-4c44-b6c3-aefa0f3b57dd] [http-nio-8080-exec-4] c.b.config.logging.HttpLoggingFilter - Headers: auth=present content-type=null accept=application/json, text/plain, */*
2025-11-10 23:57:45.031 [34mINFO [0;39m [239a625c-96a5-4cc5-8b99-f7d695ffd597] [http-nio-8080-exec-3] c.b.config.logging.HttpLoggingFilter - Headers: auth=present content-type=null accept=application/json, text/plain, */*
2025-11-10 23:57:45.031 [34mINFO [0;39m [cecdc301-fac1-4c44-b6c3-aefa0f3b57dd] [http-nio-8080-exec-4] c.b.config.logging.HttpLoggingFilter - Response payload: {"message":"Unauthorized"}
2025-11-10 23:57:45.068 [34mINFO [0;39m [2a1b0b18-7ab7-4d9a-b0ce-30b625f65d37] [http-nio-8080-exec-2] c.b.config.logging.HttpLoggingFilter - GET /api/seller/stores -> 401 (1 ms)
2025-11-10 23:57:45.068 [34mINFO [0;39m [46fdff0d-f8a6-4de0-ad10-e02c671225e1] [http-nio-8080-exec-5] c.b.config.logging.HttpLoggingFilter - GET /api/seller/orders -> 401 (1 ms)
2025-11-10 23:57:45.069 [34mINFO [0;39m [2a1b0b18-7ab7-4d9a-b0ce-30b625f65d37] [http-nio-8080-exec-2] c.b.config.logging.HttpLoggingFilter - Headers: auth=present content-type=null accept=application/json, text/plain, */*
2025-11-10 23:57:45.069 [34mINFO [0;39m [46fdff0d-f8a6-4de0-ad10-e02c671225e1] [http-nio-8080-exec-5] c.b.config.logging.HttpLoggingFilter - Headers: auth=present content-type=null accept=application/json, text/plain, */*
2025-11-10 23:57:45.069 [34mINFO [0;39m [46fdff0d-f8a6-4de0-ad10-e02c671225e1] [http-nio-8080-exec-5] c.b.config.logging.HttpLoggingFilter - Response payload: {"message":"Unauthorized"}
