2025-11-13 11:42:41.271 [34mINFO [0;39m [16240027-83ce-40ef-8c3c-629a39fa99e7] [http-nio-8081-exec-1] com.bharatshop.web.CartController - Get cart: userId=guest
2025-11-13 11:42:41.281 [34mINFO [0;39m [16240027-83ce-40ef-8c3c-629a39fa99e7] [http-nio-8081-exec-1] c.b.config.logging.HttpLoggingFilter - GET /store/cart -> 200 (32 ms)
2025-11-13 11:42:41.296 [34mINFO [0;39m [16240027-83ce-40ef-8c3c-629a39fa99e7] [http-nio-8081-exec-1] c.b.config.logging.HttpLoggingFilter - Headers: auth=absent content-type=null accept=application/json, text/plain, */*
2025-11-13 11:42:41.296 [34mINFO [0;39m [16240027-83ce-40ef-8c3c-629a39fa99e7] [http-nio-8081-exec-1] c.b.config.logging.HttpLoggingFilter - Response payload: []
2025-11-13 11:42:41.321 [34mINFO [0;39m [6537491c-72a8-4b8d-a41b-90dfc61a6493] [http-nio-8081-exec-6] com.bharatshop.web.CartController - Get cart: userId=guest
2025-11-13 11:42:41.375 [34mINFO [0;39m [81294b40-8926-41d7-b367-919d56642e82] [http-nio-8081-exec-3] c.b.web.StoreDiscoveryController - Get store: tenant=demo-store id=2a31523c-c615-4e95-a5f3-2b1bcaf71a63
2025-11-13 11:42:41.489 [34mINFO [0;39m [6537491c-72a8-4b8d-a41b-90dfc61a6493] [http-nio-8081-exec-6] c.b.config.logging.HttpLoggingFilter - GET /store/cart -> 200 (169 ms)
2025-11-13 11:42:41.495 [34mINFO [0;39m [6537491c-72a8-4b8d-a41b-90dfc61a6493] [http-nio-8081-exec-6] c.b.config.logging.HttpLoggingFilter - Headers: auth=absent content-type=null accept=application/json, text/plain, */*
2025-11-13 11:42:41.497 [34mINFO [0;39m [6537491c-72a8-4b8d-a41b-90dfc61a6493] [http-nio-8081-exec-6] c.b.config.logging.HttpLoggingFilter - Response payload: []
2025-11-13 11:42:41.538 [34mINFO [0;39m [81294b40-8926-41d7-b367-919d56642e82] [http-nio-8081-exec-3] c.b.web.StoreDiscoveryController - Get store success: id=2a31523c-c615-4e95-a5f3-2b1bcaf71a63 name=Sunrise Hotel 
2025-11-13 11:42:41.543 [34mINFO [0;39m [81294b40-8926-41d7-b367-919d56642e82] [http-nio-8081-exec-3] c.b.config.logging.HttpLoggingFilter - GET /api/stores/2a31523c-c615-4e95-a5f3-2b1bcaf71a63 -> 200 (173 ms)
2025-11-13 11:42:41.544 [34mINFO [0;39m [81294b40-8926-41d7-b367-919d56642e82] [http-nio-8081-exec-3] c.b.config.logging.HttpLoggingFilter - Headers: auth=absent content-type=null accept=application/json, text/plain, */*
2025-11-13 11:42:41.546 [34mINFO [0;39m [81294b40-8926-41d7-b367-919d56642e82] [http-nio-8081-exec-3] c.b.config.logging.HttpLoggingFilter - Response payload: {"id":"2a31523c-c615-4e95-a5f3-2b1bcaf71a63","name":"Sunrise Hotel","area":"Beach","category":"hospitality","status":"open","orderingDisabled":false,"updatedAt":"2025-11-11T16:57:51.700970Z"}
2025-11-13 11:42:41.569 [34mINFO [0;39m [d12da289-cd64-4663-ba28-729dd93286f4] [http-nio-8081-exec-5] c.b.web.StoreDiscoveryController - Products by store: tenant=demo-store storeId=2a31523c-c615-4e95-a5f3-2b1bcaf71a63
2025-11-13 11:42:41.576 [34mINFO [0;39m [d12da289-cd64-4663-ba28-729dd93286f4] [http-nio-8081-exec-5] c.b.config.logging.HttpLoggingFilter - GET /api/products?storeId=2a31523c-c615-4e95-a5f3-2b1bcaf71a63 -> 200 (8 ms)
2025-11-13 11:42:41.579 [34mINFO [0;39m [d12da289-cd64-4663-ba28-729dd93286f4] [http-nio-8081-exec-5] c.b.config.logging.HttpLoggingFilter - Headers: auth=absent content-type=null accept=application/json, text/plain, */*
2025-11-13 11:42:41.581 [34mINFO [0;39m [d12da289-cd64-4663-ba28-729dd93286f4] [http-nio-8081-exec-5] c.b.config.logging.HttpLoggingFilter - Response payload: [{"id":"33c89a42-fe99-4bd7-ba6d-9ad937499ede","name":"Room Deluxe","price":2500.0,"category":"room","storeId":"2a31523c-c615-4e95-a5f3-2b1bcaf71a63","active":true}]
2025-11-13 11:43:06.792 [31mWARN [0;39m [] [HikariPool-1 housekeeper] com.zaxxer.hikari.pool.HikariPool - HikariPool-1 - Thread starvation or clock leap detected (housekeeper delta=1d1h11m27s559ms146µs800ns).
2025-11-13 11:45:03.125 [34mINFO [0;39m [2e72dea3-c6cd-48a8-bc3a-7972ae8718d9] [http-nio-8081-exec-7] com.bharatshop.web.CartController - Get cart: userId=guest
2025-11-13 11:45:03.127 [34mINFO [0;39m [2e72dea3-c6cd-48a8-bc3a-7972ae8718d9] [http-nio-8081-exec-7] c.b.config.logging.HttpLoggingFilter - GET /store/cart -> 200 (3 ms)
2025-11-13 11:45:03.127 [34mINFO [0;39m [2e72dea3-c6cd-48a8-bc3a-7972ae8718d9] [http-nio-8081-exec-7] c.b.config.logging.HttpLoggingFilter - Headers: auth=absent content-type=null accept=application/json, text/plain, */*
2025-11-13 11:45:03.127 [34mINFO [0;39m [2e72dea3-c6cd-48a8-bc3a-7972ae8718d9] [http-nio-8081-exec-7] c.b.config.logging.HttpLoggingFilter - Response payload: []
2025-11-13 11:45:03.136 [34mINFO [0;39m [6e40d6da-6a9b-4c36-b428-1e5a5a31bc8b] [http-nio-8081-exec-8] com.bharatshop.web.CartController - Get cart: userId=guest
2025-11-13 11:45:03.139 [34mINFO [0;39m [6e40d6da-6a9b-4c36-b428-1e5a5a31bc8b] [http-nio-8081-exec-8] c.b.config.logging.HttpLoggingFilter - GET /store/cart -> 200 (3 ms)
2025-11-13 11:45:03.140 [34mINFO [0;39m [6e40d6da-6a9b-4c36-b428-1e5a5a31bc8b] [http-nio-8081-exec-8] c.b.config.logging.HttpLoggingFilter - Headers: auth=absent content-type=null accept=application/json, text/plain, */*
2025-11-13 11:45:03.140 [34mINFO [0;39m [6e40d6da-6a9b-4c36-b428-1e5a5a31bc8b] [http-nio-8081-exec-8] c.b.config.logging.HttpLoggingFilter - Response payload: []
2025-11-13 11:45:03.327 [34mINFO [0;39m [c0459c9f-ad87-4ad7-bc64-1a94f701c1da] [http-nio-8081-exec-2] c.b.web.StoreDiscoveryController - Get store: tenant=demo-store id=2a31523c-c615-4e95-a5f3-2b1bcaf71a63
2025-11-13 11:45:03.331 [34mINFO [0;39m [c0459c9f-ad87-4ad7-bc64-1a94f701c1da] [http-nio-8081-exec-2] c.b.web.StoreDiscoveryController - Get store success: id=2a31523c-c615-4e95-a5f3-2b1bcaf71a63 name=Sunrise Hotel 
2025-11-13 11:45:03.333 [34mINFO [0;39m [c0459c9f-ad87-4ad7-bc64-1a94f701c1da] [http-nio-8081-exec-2] c.b.config.logging.HttpLoggingFilter - GET /api/stores/2a31523c-c615-4e95-a5f3-2b1bcaf71a63 -> 200 (49 ms)
2025-11-13 11:45:03.333 [34mINFO [0;39m [c0459c9f-ad87-4ad7-bc64-1a94f701c1da] [http-nio-8081-exec-2] c.b.config.logging.HttpLoggingFilter - Headers: auth=absent content-type=null accept=application/json, text/plain, */*
2025-11-13 11:45:03.333 [34mINFO [0;39m [c0459c9f-ad87-4ad7-bc64-1a94f701c1da] [http-nio-8081-exec-2] c.b.config.logging.HttpLoggingFilter - Response payload: {"id":"2a31523c-c615-4e95-a5f3-2b1bcaf71a63","name":"Sunrise Hotel","area":"Beach","category":"hospitality","status":"open","orderingDisabled":false,"updatedAt":"2025-11-11T16:57:51.700970Z"}
2025-11-13 11:45:03.410 [34mINFO [0;39m [3d1fcdd7-8ad9-4fbd-a419-6523e8f4d990] [http-nio-8081-exec-4] c.b.web.StoreDiscoveryController - Products by store: tenant=demo-store storeId=2a31523c-c615-4e95-a5f3-2b1bcaf71a63
2025-11-13 11:45:03.419 [34mINFO [0;39m [3d1fcdd7-8ad9-4fbd-a419-6523e8f4d990] [http-nio-8081-exec-4] c.b.config.logging.HttpLoggingFilter - GET /api/products?storeId=2a31523c-c615-4e95-a5f3-2b1bcaf71a63 -> 200 (9 ms)
2025-11-13 11:45:03.421 [34mINFO [0;39m [3d1fcdd7-8ad9-4fbd-a419-6523e8f4d990] [http-nio-8081-exec-4] c.b.config.logging.HttpLoggingFilter - Headers: auth=absent content-type=null accept=application/json, text/plain, */*
2025-11-13 11:45:03.421 [34mINFO [0;39m [3d1fcdd7-8ad9-4fbd-a419-6523e8f4d990] [http-nio-8081-exec-4] c.b.config.logging.HttpLoggingFilter - Response payload: [{"id":"33c89a42-fe99-4bd7-ba6d-9ad937499ede","name":"Room Deluxe","price":2500.0,"category":"room","storeId":"2a31523c-c615-4e95-a5f3-2b1bcaf71a63","active":true}]
2025-11-13 11:45:08.081 [34mINFO [0;39m [12a7d818-81ee-44ad-bb7d-2819be511347] [http-nio-8081-exec-10] c.b.web.AvailabilityController - Check availability: tenant=demo-store storeId=2a31523c-c615-4e95-a5f3-2b1bcaf71a63 roomId=33c89a42-fe99-4bd7-ba6d-9ad937499ede checkIn=2025-11-13 checkOut=2025-11-14 guests=1
2025-11-13 11:45:08.082 [34mINFO [0;39m [12a7d818-81ee-44ad-bb7d-2819be511347] [http-nio-8081-exec-10] c.b.web.AvailabilityController - Availability result: available=true nights=1 total=1250
2025-11-13 11:45:08.084 [34mINFO [0;39m [12a7d818-81ee-44ad-bb7d-2819be511347] [http-nio-8081-exec-10] c.b.config.logging.HttpLoggingFilter - GET /api/availability?storeId=2a31523c-c615-4e95-a5f3-2b1bcaf71a63&roomId=33c89a42-fe99-4bd7-ba6d-9ad937499ede&checkIn=2025-11-13&checkOut=2025-11-14&guests=1&roomsGuests%5B%5D=1 -> 200 (10 ms)
2025-11-13 11:45:08.086 [34mINFO [0;39m [12a7d818-81ee-44ad-bb7d-2819be511347] [http-nio-8081-exec-10] c.b.config.logging.HttpLoggingFilter - Headers: auth=absent content-type=null accept=application/json, text/plain, */*
2025-11-13 11:45:08.086 [34mINFO [0;39m [12a7d818-81ee-44ad-bb7d-2819be511347] [http-nio-8081-exec-10] c.b.config.logging.HttpLoggingFilter - Response payload: {"available":true,"nights":1,"base":1000,"surchargeRate":0.1,"subtotal":1100,"taxes":100,"fees":50,"total":1250}
2025-11-13 12:00:16.186 [34mINFO [0;39m [6acc284c-c385-4424-b84d-7b44a6788f11] [http-nio-8081-exec-9] com.bharatshop.web.CartController - Get cart: userId=guest
2025-11-13 12:00:16.192 [34mINFO [0;39m [6acc284c-c385-4424-b84d-7b44a6788f11] [http-nio-8081-exec-9] c.b.config.logging.HttpLoggingFilter - GET /store/cart -> 200 (10 ms)
2025-11-13 12:00:16.194 [34mINFO [0;39m [6acc284c-c385-4424-b84d-7b44a6788f11] [http-nio-8081-exec-9] c.b.config.logging.HttpLoggingFilter - Headers: auth=absent content-type=null accept=application/json, text/plain, */*
2025-11-13 12:00:16.194 [34mINFO [0;39m [6acc284c-c385-4424-b84d-7b44a6788f11] [http-nio-8081-exec-9] c.b.config.logging.HttpLoggingFilter - Response payload: []
2025-11-13 12:00:16.450 [34mINFO [0;39m [3e740bdc-b9e3-4735-8c84-31e6ea362d78] [http-nio-8081-exec-3] com.bharatshop.web.CartController - Get cart: userId=guest
2025-11-13 12:00:16.455 [34mINFO [0;39m [1e97ac24-de3f-4cc7-9235-b3e9b070cc6c] [http-nio-8081-exec-1] c.b.web.StoreDiscoveryController - Get store: tenant=demo-store id=2a31523c-c615-4e95-a5f3-2b1bcaf71a63
2025-11-13 12:00:16.463 [34mINFO [0;39m [3e740bdc-b9e3-4735-8c84-31e6ea362d78] [http-nio-8081-exec-3] c.b.config.logging.HttpLoggingFilter - GET /store/cart -> 200 (13 ms)
2025-11-13 12:00:16.469 [34mINFO [0;39m [1e97ac24-de3f-4cc7-9235-b3e9b070cc6c] [http-nio-8081-exec-1] c.b.web.StoreDiscoveryController - Get store success: id=2a31523c-c615-4e95-a5f3-2b1bcaf71a63 name=Sunrise Hotel 
2025-11-13 12:00:16.474 [34mINFO [0;39m [3e740bdc-b9e3-4735-8c84-31e6ea362d78] [http-nio-8081-exec-3] c.b.config.logging.HttpLoggingFilter - Headers: auth=absent content-type=null accept=application/json, text/plain, */*
2025-11-13 12:00:16.475 [34mINFO [0;39m [1e97ac24-de3f-4cc7-9235-b3e9b070cc6c] [http-nio-8081-exec-1] c.b.config.logging.HttpLoggingFilter - GET /api/stores/2a31523c-c615-4e95-a5f3-2b1bcaf71a63 -> 200 (25 ms)
2025-11-13 12:00:16.477 [34mINFO [0;39m [3e740bdc-b9e3-4735-8c84-31e6ea362d78] [http-nio-8081-exec-3] c.b.config.logging.HttpLoggingFilter - Response payload: []
2025-11-13 12:00:16.477 [34mINFO [0;39m [1e97ac24-de3f-4cc7-9235-b3e9b070cc6c] [http-nio-8081-exec-1] c.b.config.logging.HttpLoggingFilter - Headers: auth=absent content-type=null accept=application/json, text/plain, */*
2025-11-13 12:00:16.477 [34mINFO [0;39m [1e97ac24-de3f-4cc7-9235-b3e9b070cc6c] [http-nio-8081-exec-1] c.b.config.logging.HttpLoggingFilter - Response payload: {"id":"2a31523c-c615-4e95-a5f3-2b1bcaf71a63","name":"Sunrise Hotel","area":"Beach","category":"hospitality","status":"open","orderingDisabled":false,"updatedAt":"2025-11-11T16:57:51.700970Z"}
2025-11-13 12:00:16.532 [34mINFO [0;39m [b74cb978-34f1-4fe3-81e7-53a58caf900f] [http-nio-8081-exec-6] c.b.web.StoreDiscoveryController - Products by store: tenant=demo-store storeId=2a31523c-c615-4e95-a5f3-2b1bcaf71a63
2025-11-13 12:00:16.626 [34mINFO [0;39m [b74cb978-34f1-4fe3-81e7-53a58caf900f] [http-nio-8081-exec-6] c.b.config.logging.HttpLoggingFilter - GET /api/products?storeId=2a31523c-c615-4e95-a5f3-2b1bcaf71a63 -> 200 (104 ms)
2025-11-13 12:00:16.629 [34mINFO [0;39m [b74cb978-34f1-4fe3-81e7-53a58caf900f] [http-nio-8081-exec-6] c.b.config.logging.HttpLoggingFilter - Headers: auth=absent content-type=null accept=application/json, text/plain, */*
2025-11-13 12:00:16.632 [34mINFO [0;39m [b74cb978-34f1-4fe3-81e7-53a58caf900f] [http-nio-8081-exec-6] c.b.config.logging.HttpLoggingFilter - Response payload: [{"id":"33c89a42-fe99-4bd7-ba6d-9ad937499ede","name":"Room Deluxe","price":2500.0,"category":"room","storeId":"2a31523c-c615-4e95-a5f3-2b1bcaf71a63","active":true}]
2025-11-13 14:18:36.476 [31mWARN [0;39m [] [HikariPool-1 housekeeper] com.zaxxer.hikari.pool.HikariPool - HikariPool-1 - Thread starvation or clock leap detected (housekeeper delta=2h33m29s653ms957µs200ns).
2025-11-13 15:01:37.730 [31mWARN [0;39m [] [HikariPool-1 housekeeper] com.zaxxer.hikari.pool.HikariPool - HikariPool-1 - Thread starvation or clock leap detected (housekeeper delta=26m30s932ms783µs400ns).
2025-11-13 18:20:18.086 [31mWARN [0;39m [] [HikariPool-1 housekeeper] com.zaxxer.hikari.pool.HikariPool - HikariPool-1 - Thread starvation or clock leap detected (housekeeper delta=2h21m38s306ms105µs100ns).
2025-11-13 22:45:37.130 [31mWARN [0;39m [] [HikariPool-1 housekeeper] com.zaxxer.hikari.pool.HikariPool - HikariPool-1 - Thread starvation or clock leap detected (housekeeper delta=4h23m18s150ms651µs900ns).
2025-11-13 22:48:20.704 [34mINFO [0;39m [e50690a1-53c7-4912-8826-640c190ac945] [http-nio-8081-exec-5] c.b.web.StoreDiscoveryController - Discover stores: tenant=demo-store search=null category=null
2025-11-13 22:48:20.833 [34mINFO [0;39m [e50690a1-53c7-4912-8826-640c190ac945] [http-nio-8081-exec-5] c.b.config.logging.HttpLoggingFilter - GET /api/stores -> 200 (173 ms)
2025-11-13 22:48:20.835 [34mINFO [0;39m [e50690a1-53c7-4912-8826-640c190ac945] [http-nio-8081-exec-5] c.b.config.logging.HttpLoggingFilter - Headers: auth=absent content-type=null accept=application/json, text/plain, */*
2025-11-13 22:48:20.835 [34mINFO [0;39m [e50690a1-53c7-4912-8826-640c190ac945] [http-nio-8081-exec-5] c.b.config.logging.HttpLoggingFilter - Response payload: [{"id":"121fd933-0854-42f0-b1dd-ef6962e204e8","name":"City Pharmacy","area":"Brigade","category":"pharmacy","status":"open","orderingDisabled":false,"updatedAt":"2025-11-11T16:57:51.699970Z"},{"id":"c178bea3-30f7-4eb7-83b2-a7c95cb54503","name":"Fresh Mart","area":"MG Road","category":"grocery","status":"open","orderingDisabled":false,"updatedAt":"2025-11-11T16:57:51.605584Z"},{"id":"2a31523c-c615-4e95-a5f3-2b1bcaf71a63","name":"Sunrise Hotel","area":"Beach","category":"hospitality","status":"open","orderingDisabled":false,"updatedAt":"2025-11-11T16:57:51.700970Z"}]
2025-11-13 22:48:29.619 [34mINFO [0;39m [3490657e-7b15-4356-9972-c103524ed74d] [http-nio-8081-exec-7] com.bharatshop.web.CartController - Get cart: userId=guest
2025-11-13 22:48:29.621 [34mINFO [0;39m [3490657e-7b15-4356-9972-c103524ed74d] [http-nio-8081-exec-7] c.b.config.logging.HttpLoggingFilter - GET /store/cart -> 200 (4 ms)
2025-11-13 22:48:29.621 [34mINFO [0;39m [3490657e-7b15-4356-9972-c103524ed74d] [http-nio-8081-exec-7] c.b.config.logging.HttpLoggingFilter - Headers: auth=absent content-type=null accept=application/json, text/plain, */*
2025-11-13 22:48:29.622 [34mINFO [0;39m [3490657e-7b15-4356-9972-c103524ed74d] [http-nio-8081-exec-7] c.b.config.logging.HttpLoggingFilter - Response payload: []
2025-11-13 22:48:29.634 [34mINFO [0;39m [0b9237bd-8269-455c-8e90-4c36f3137f40] [http-nio-8081-exec-8] com.bharatshop.web.CartController - Get cart: userId=guest
2025-11-13 22:48:29.636 [34mINFO [0;39m [0b9237bd-8269-455c-8e90-4c36f3137f40] [http-nio-8081-exec-8] c.b.config.logging.HttpLoggingFilter - GET /store/cart -> 200 (3 ms)
2025-11-13 22:48:29.636 [34mINFO [0;39m [0b9237bd-8269-455c-8e90-4c36f3137f40] [http-nio-8081-exec-8] c.b.config.logging.HttpLoggingFilter - Headers: auth=absent content-type=null accept=application/json, text/plain, */*
2025-11-13 22:48:29.637 [34mINFO [0;39m [0b9237bd-8269-455c-8e90-4c36f3137f40] [http-nio-8081-exec-8] c.b.config.logging.HttpLoggingFilter - Response payload: []
2025-11-13 22:48:29.721 [34mINFO [0;39m [75a29715-3621-467c-b941-56a21bab87c5] [http-nio-8081-exec-2] c.b.web.StoreDiscoveryController - Discover stores: tenant=demo-store search=null category=null
2025-11-13 22:48:29.726 [34mINFO [0;39m [75a29715-3621-467c-b941-56a21bab87c5] [http-nio-8081-exec-2] c.b.config.logging.HttpLoggingFilter - GET /api/stores -> 200 (6 ms)
2025-11-13 22:48:29.726 [34mINFO [0;39m [75a29715-3621-467c-b941-56a21bab87c5] [http-nio-8081-exec-2] c.b.config.logging.HttpLoggingFilter - Headers: auth=absent content-type=null accept=application/json, text/plain, */*
2025-11-13 22:48:29.726 [34mINFO [0;39m [75a29715-3621-467c-b941-56a21bab87c5] [http-nio-8081-exec-2] c.b.config.logging.HttpLoggingFilter - Response payload: [{"id":"121fd933-0854-42f0-b1dd-ef6962e204e8","name":"City Pharmacy","area":"Brigade","category":"pharmacy","status":"open","orderingDisabled":false,"updatedAt":"2025-11-11T16:57:51.699970Z"},{"id":"c178bea3-30f7-4eb7-83b2-a7c95cb54503","name":"Fresh Mart","area":"MG Road","category":"grocery","status":"open","orderingDisabled":false,"updatedAt":"2025-11-11T16:57:51.605584Z"},{"id":"2a31523c-c615-4e95-a5f3-2b1bcaf71a63","name":"Sunrise Hotel","area":"Beach","category":"hospitality","status":"open","orderingDisabled":false,"updatedAt":"2025-11-11T16:57:51.700970Z"}]
2025-11-13 22:48:45.408 [34mINFO [0;39m [18fcf887-a32b-44f5-8571-e906b752c283] [http-nio-8081-exec-4] com.bharatshop.web.CartController - Get cart: userId=guest
2025-11-13 22:48:45.412 [34mINFO [0;39m [18fcf887-a32b-44f5-8571-e906b752c283] [http-nio-8081-exec-4] c.b.config.logging.HttpLoggingFilter - GET /store/cart -> 200 (6 ms)
2025-11-13 22:48:45.415 [34mINFO [0;39m [18fcf887-a32b-44f5-8571-e906b752c283] [http-nio-8081-exec-4] c.b.config.logging.HttpLoggingFilter - Headers: auth=absent content-type=null accept=application/json, text/plain, */*
2025-11-13 22:48:45.416 [34mINFO [0;39m [18fcf887-a32b-44f5-8571-e906b752c283] [http-nio-8081-exec-4] c.b.config.logging.HttpLoggingFilter - Response payload: []
2025-11-13 22:48:45.432 [34mINFO [0;39m [239d6710-05d0-4c2f-94ef-db1450aba330] [http-nio-8081-exec-10] com.bharatshop.web.CartController - Get cart: userId=guest
2025-11-13 22:48:45.435 [34mINFO [0;39m [239d6710-05d0-4c2f-94ef-db1450aba330] [http-nio-8081-exec-10] c.b.config.logging.HttpLoggingFilter - GET /store/cart -> 200 (4 ms)
2025-11-13 22:48:45.437 [34mINFO [0;39m [239d6710-05d0-4c2f-94ef-db1450aba330] [http-nio-8081-exec-10] c.b.config.logging.HttpLoggingFilter - Headers: auth=absent content-type=null accept=application/json, text/plain, */*
2025-11-13 22:48:45.438 [34mINFO [0;39m [239d6710-05d0-4c2f-94ef-db1450aba330] [http-nio-8081-exec-10] c.b.config.logging.HttpLoggingFilter - Response payload: []
2025-11-13 22:48:45.457 [34mINFO [0;39m [020bb07c-db7d-470c-ab24-ff8eee9fd94e] [http-nio-8081-exec-3] c.b.web.StoreDiscoveryController - Discover stores: tenant=demo-store search=null category=null
2025-11-13 22:48:45.462 [34mINFO [0;39m [020bb07c-db7d-470c-ab24-ff8eee9fd94e] [http-nio-8081-exec-3] c.b.config.logging.HttpLoggingFilter - GET /api/stores -> 200 (7 ms)
2025-11-13 22:48:45.463 [34mINFO [0;39m [020bb07c-db7d-470c-ab24-ff8eee9fd94e] [http-nio-8081-exec-3] c.b.config.logging.HttpLoggingFilter - Headers: auth=absent content-type=null accept=application/json, text/plain, */*
2025-11-13 22:48:45.463 [34mINFO [0;39m [020bb07c-db7d-470c-ab24-ff8eee9fd94e] [http-nio-8081-exec-3] c.b.config.logging.HttpLoggingFilter - Response payload: [{"id":"121fd933-0854-42f0-b1dd-ef6962e204e8","name":"City Pharmacy","area":"Brigade","category":"pharmacy","status":"open","orderingDisabled":false,"updatedAt":"2025-11-11T16:57:51.699970Z"},{"id":"c178bea3-30f7-4eb7-83b2-a7c95cb54503","name":"Fresh Mart","area":"MG Road","category":"grocery","status":"open","orderingDisabled":false,"updatedAt":"2025-11-11T16:57:51.605584Z"},{"id":"2a31523c-c615-4e95-a5f3-2b1bcaf71a63","name":"Sunrise Hotel","area":"Beach","category":"hospitality","status":"open","orderingDisabled":false,"updatedAt":"2025-11-11T16:57:51.700970Z"}]
2025-11-13 22:51:33.482 [34mINFO [0;39m [59b55bd4-eff7-4ffa-8269-ffce9e27de8b] [http-nio-8081-exec-1] c.b.web.StoreDiscoveryController - Discover stores: tenant=demo-store search=null category=null
2025-11-13 22:51:33.486 [34mINFO [0;39m [59b55bd4-eff7-4ffa-8269-ffce9e27de8b] [http-nio-8081-exec-1] c.b.config.logging.HttpLoggingFilter - GET /api/stores -> 200 (5 ms)
2025-11-13 22:51:33.486 [34mINFO [0;39m [59b55bd4-eff7-4ffa-8269-ffce9e27de8b] [http-nio-8081-exec-1] c.b.config.logging.HttpLoggingFilter - Headers: auth=absent content-type=null accept=application/json, text/plain, */*
2025-11-13 22:51:33.486 [34mINFO [0;39m [59b55bd4-eff7-4ffa-8269-ffce9e27de8b] [http-nio-8081-exec-1] c.b.config.logging.HttpLoggingFilter - Response payload: [{"id":"121fd933-0854-42f0-b1dd-ef6962e204e8","name":"City Pharmacy","area":"Brigade","category":"pharmacy","status":"open","orderingDisabled":false,"updatedAt":"2025-11-11T16:57:51.699970Z"},{"id":"c178bea3-30f7-4eb7-83b2-a7c95cb54503","name":"Fresh Mart","area":"MG Road","category":"grocery","status":"open","orderingDisabled":false,"updatedAt":"2025-11-11T16:57:51.605584Z"},{"id":"2a31523c-c615-4e95-a5f3-2b1bcaf71a63","name":"Sunrise Hotel","area":"Beach","category":"hospitality","status":"open","orderingDisabled":false,"updatedAt":"2025-11-11T16:57:51.700970Z"}]
2025-11-13 22:52:17.667 [34mINFO [0;39m [3cbf1fa1-5b56-4bc3-9488-bfacdc3046c9] [http-nio-8081-exec-9] com.bharatshop.web.CartController - Get cart: userId=guest
2025-11-13 22:52:17.683 [34mINFO [0;39m [3cbf1fa1-5b56-4bc3-9488-bfacdc3046c9] [http-nio-8081-exec-9] c.b.config.logging.HttpLoggingFilter - GET /store/cart -> 200 (34 ms)
2025-11-13 22:52:17.685 [34mINFO [0;39m [3cbf1fa1-5b56-4bc3-9488-bfacdc3046c9] [http-nio-8081-exec-9] c.b.config.logging.HttpLoggingFilter - Headers: auth=absent content-type=null accept=application/json, text/plain, */*
2025-11-13 22:52:17.687 [34mINFO [0;39m [3cbf1fa1-5b56-4bc3-9488-bfacdc3046c9] [http-nio-8081-exec-9] c.b.config.logging.HttpLoggingFilter - Response payload: []
2025-11-13 22:52:17.710 [34mINFO [0;39m [5db190f2-4deb-48d6-a8ff-e7919c2b3762] [http-nio-8081-exec-6] com.bharatshop.web.CartController - Get cart: userId=guest
2025-11-13 22:52:17.712 [34mINFO [0;39m [5db190f2-4deb-48d6-a8ff-e7919c2b3762] [http-nio-8081-exec-6] c.b.config.logging.HttpLoggingFilter - GET /store/cart -> 200 (4 ms)
2025-11-13 22:52:17.712 [34mINFO [0;39m [5db190f2-4deb-48d6-a8ff-e7919c2b3762] [http-nio-8081-exec-6] c.b.config.logging.HttpLoggingFilter - Headers: auth=absent content-type=null accept=application/json, text/plain, */*
2025-11-13 22:52:17.712 [34mINFO [0;39m [5db190f2-4deb-48d6-a8ff-e7919c2b3762] [http-nio-8081-exec-6] c.b.config.logging.HttpLoggingFilter - Response payload: []
2025-11-13 22:52:17.741 [34mINFO [0;39m [a0616cd1-cf78-4d2f-a4a7-0e96356c20c3] [http-nio-8081-exec-5] c.b.web.StoreDiscoveryController - Discover stores: tenant=demo-store search=null category=null
2025-11-13 22:52:17.747 [34mINFO [0;39m [a0616cd1-cf78-4d2f-a4a7-0e96356c20c3] [http-nio-8081-exec-5] c.b.config.logging.HttpLoggingFilter - GET /api/stores -> 200 (6 ms)
2025-11-13 22:52:17.747 [34mINFO [0;39m [a0616cd1-cf78-4d2f-a4a7-0e96356c20c3] [http-nio-8081-exec-5] c.b.config.logging.HttpLoggingFilter - Headers: auth=absent content-type=null accept=application/json, text/plain, */*
2025-11-13 22:52:17.747 [34mINFO [0;39m [a0616cd1-cf78-4d2f-a4a7-0e96356c20c3] [http-nio-8081-exec-5] c.b.config.logging.HttpLoggingFilter - Response payload: [{"id":"121fd933-0854-42f0-b1dd-ef6962e204e8","name":"City Pharmacy","area":"Brigade","category":"pharmacy","status":"open","orderingDisabled":false,"updatedAt":"2025-11-11T16:57:51.699970Z"},{"id":"c178bea3-30f7-4eb7-83b2-a7c95cb54503","name":"Fresh Mart","area":"MG Road","category":"grocery","status":"open","orderingDisabled":false,"updatedAt":"2025-11-11T16:57:51.605584Z"},{"id":"2a31523c-c615-4e95-a5f3-2b1bcaf71a63","name":"Sunrise Hotel","area":"Beach","category":"hospitality","status":"open","orderingDisabled":false,"updatedAt":"2025-11-11T16:57:51.700970Z"}]
2025-11-13 22:55:45.786 [34mINFO [0;39m [d0a771e5-dc93-462b-990d-6cf31f7bda81] [http-nio-8081-exec-7] com.bharatshop.web.CartController - Get cart: userId=guest
2025-11-13 22:55:45.787 [34mINFO [0;39m [d0a771e5-dc93-462b-990d-6cf31f7bda81] [http-nio-8081-exec-7] c.b.config.logging.HttpLoggingFilter - GET /store/cart -> 200 (1 ms)
2025-11-13 22:55:45.787 [34mINFO [0;39m [d0a771e5-dc93-462b-990d-6cf31f7bda81] [http-nio-8081-exec-7] c.b.config.logging.HttpLoggingFilter - Headers: auth=absent content-type=null accept=application/json, text/plain, */*
2025-11-13 22:55:45.787 [34mINFO [0;39m [d0a771e5-dc93-462b-990d-6cf31f7bda81] [http-nio-8081-exec-7] c.b.config.logging.HttpLoggingFilter - Response payload: []
2025-11-13 22:55:45.798 [34mINFO [0;39m [49d5834d-4f1c-4a32-9811-7f40a10e4431] [http-nio-8081-exec-8] com.bharatshop.web.CartController - Get cart: userId=guest
2025-11-13 22:55:45.800 [34mINFO [0;39m [49d5834d-4f1c-4a32-9811-7f40a10e4431] [http-nio-8081-exec-8] c.b.config.logging.HttpLoggingFilter - GET /store/cart -> 200 (4 ms)
2025-11-13 22:55:45.801 [34mINFO [0;39m [49d5834d-4f1c-4a32-9811-7f40a10e4431] [http-nio-8081-exec-8] c.b.config.logging.HttpLoggingFilter - Headers: auth=absent content-type=null accept=application/json, text/plain, */*
2025-11-13 22:55:45.801 [34mINFO [0;39m [49d5834d-4f1c-4a32-9811-7f40a10e4431] [http-nio-8081-exec-8] c.b.config.logging.HttpLoggingFilter - Response payload: []
2025-11-13 22:55:45.858 [34mINFO [0;39m [ede646b3-6fed-4370-a192-a72398de8fe4] [http-nio-8081-exec-2] c.b.web.StoreDiscoveryController - Discover stores: tenant=demo-store search=null category=null
2025-11-13 22:55:45.863 [34mINFO [0;39m [ede646b3-6fed-4370-a192-a72398de8fe4] [http-nio-8081-exec-2] c.b.config.logging.HttpLoggingFilter - GET /api/stores -> 200 (8 ms)
2025-11-13 22:55:45.863 [34mINFO [0;39m [ede646b3-6fed-4370-a192-a72398de8fe4] [http-nio-8081-exec-2] c.b.config.logging.HttpLoggingFilter - Headers: auth=absent content-type=null accept=application/json, text/plain, */*
2025-11-13 22:55:45.863 [34mINFO [0;39m [ede646b3-6fed-4370-a192-a72398de8fe4] [http-nio-8081-exec-2] c.b.config.logging.HttpLoggingFilter - Response payload: [{"id":"121fd933-0854-42f0-b1dd-ef6962e204e8","name":"City Pharmacy","area":"Brigade","category":"pharmacy","status":"open","orderingDisabled":false,"updatedAt":"2025-11-11T16:57:51.699970Z"},{"id":"c178bea3-30f7-4eb7-83b2-a7c95cb54503","name":"Fresh Mart","area":"MG Road","category":"grocery","status":"open","orderingDisabled":false,"updatedAt":"2025-11-11T16:57:51.605584Z"},{"id":"2a31523c-c615-4e95-a5f3-2b1bcaf71a63","name":"Sunrise Hotel","area":"Beach","category":"hospitality","status":"open","orderingDisabled":false,"updatedAt":"2025-11-11T16:57:51.700970Z"}]
2025-11-13 22:59:39.197 [34mINFO [0;39m [9076ef01-bec2-42c0-9e2a-7219bcf49c88] [http-nio-8081-exec-4] c.b.web.StoreDiscoveryController - Discover stores: tenant=demo-store search=null category=null
2025-11-13 22:59:39.205 [34mINFO [0;39m [9076ef01-bec2-42c0-9e2a-7219bcf49c88] [http-nio-8081-exec-4] c.b.config.logging.HttpLoggingFilter - GET /api/stores?city=Balrampur&lat=27.4235392&lon=82.1854208&lng=82.1854208 -> 200 (11 ms)
2025-11-13 22:59:39.205 [34mINFO [0;39m [9076ef01-bec2-42c0-9e2a-7219bcf49c88] [http-nio-8081-exec-4] c.b.config.logging.HttpLoggingFilter - Headers: auth=absent content-type=null accept=application/json, text/plain, */*
2025-11-13 22:59:39.207 [34mINFO [0;39m [9076ef01-bec2-42c0-9e2a-7219bcf49c88] [http-nio-8081-exec-4] c.b.config.logging.HttpLoggingFilter - Response payload: [{"id":"121fd933-0854-42f0-b1dd-ef6962e204e8","name":"City Pharmacy","area":"Brigade","category":"pharmacy","status":"open","orderingDisabled":false,"updatedAt":"2025-11-11T16:57:51.699970Z"},{"id":"c178bea3-30f7-4eb7-83b2-a7c95cb54503","name":"Fresh Mart","area":"MG Road","category":"grocery","status":"open","orderingDisabled":false,"updatedAt":"2025-11-11T16:57:51.605584Z"},{"id":"2a31523c-c615-4e95-a5f3-2b1bcaf71a63","name":"Sunrise Hotel","area":"Beach","category":"hospitality","status":"open","orderingDisabled":false,"updatedAt":"2025-11-11T16:57:51.700970Z"}]
2025-11-13 22:59:40.620 [34mINFO [0;39m [0f068e57-1184-44f7-8bac-c58fd9983de7] [http-nio-8081-exec-10] c.b.web.StoreDiscoveryController - Get store: tenant=demo-store id=c178bea3-30f7-4eb7-83b2-a7c95cb54503
2025-11-13 22:59:40.620 [34mINFO [0;39m [d9557d13-7bab-4712-89ec-92c3e7f00634] [http-nio-8081-exec-3] c.b.web.StoreDiscoveryController - Products by store: tenant=demo-store storeId=c178bea3-30f7-4eb7-83b2-a7c95cb54503
2025-11-13 22:59:40.631 [34mINFO [0;39m [0f068e57-1184-44f7-8bac-c58fd9983de7] [http-nio-8081-exec-10] c.b.web.StoreDiscoveryController - Get store success: id=c178bea3-30f7-4eb7-83b2-a7c95cb54503 name=Fresh Mart 
2025-11-13 22:59:40.633 [34mINFO [0;39m [0f068e57-1184-44f7-8bac-c58fd9983de7] [http-nio-8081-exec-10] c.b.config.logging.HttpLoggingFilter - GET /api/stores/c178bea3-30f7-4eb7-83b2-a7c95cb54503 -> 200 (13 ms)
2025-11-13 22:59:40.634 [34mINFO [0;39m [0f068e57-1184-44f7-8bac-c58fd9983de7] [http-nio-8081-exec-10] c.b.config.logging.HttpLoggingFilter - Headers: auth=absent content-type=null accept=application/json, text/plain, */*
2025-11-13 22:59:40.636 [34mINFO [0;39m [0f068e57-1184-44f7-8bac-c58fd9983de7] [http-nio-8081-exec-10] c.b.config.logging.HttpLoggingFilter - Response payload: {"id":"c178bea3-30f7-4eb7-83b2-a7c95cb54503","name":"Fresh Mart","area":"MG Road","category":"grocery","status":"open","orderingDisabled":false,"updatedAt":"2025-11-11T16:57:51.605584Z"}
2025-11-13 22:59:40.643 [34mINFO [0;39m [d9557d13-7bab-4712-89ec-92c3e7f00634] [http-nio-8081-exec-3] c.b.config.logging.HttpLoggingFilter - GET /api/products?storeId=c178bea3-30f7-4eb7-83b2-a7c95cb54503 -> 200 (25 ms)
2025-11-13 22:59:40.643 [34mINFO [0;39m [d9557d13-7bab-4712-89ec-92c3e7f00634] [http-nio-8081-exec-3] c.b.config.logging.HttpLoggingFilter - Headers: auth=absent content-type=null accept=application/json, text/plain, */*
2025-11-13 22:59:40.648 [34mINFO [0;39m [d9557d13-7bab-4712-89ec-92c3e7f00634] [http-nio-8081-exec-3] c.b.config.logging.HttpLoggingFilter - Response payload: [{"id":"3e0bfea6-0564-46ac-be1f-04c11a5ac0bb","name":"Apples","price":120.0,"category":"fruits","storeId":"c178bea3-30f7-4eb7-83b2-a7c95cb54503","active":true},{"id":"6cdfcc1c-f1f7-40b6-a0f2-afb36c25c8c4","name":"Milk","price":60.0,"category":"dairy","storeId":"c178bea3-30f7-4eb7-83b2-a7c95cb54503","active":true}]
2025-11-13 22:59:54.978 [34mINFO [0;39m [3a871a06-b2e8-4380-aced-99a5e592143f] [http-nio-8081-exec-1] c.b.web.StoreDiscoveryController - Discover stores: tenant=demo-store search=null category=null
2025-11-13 22:59:54.986 [34mINFO [0;39m [3a871a06-b2e8-4380-aced-99a5e592143f] [http-nio-8081-exec-1] c.b.config.logging.HttpLoggingFilter - GET /api/stores -> 200 (12 ms)
2025-11-13 22:59:54.986 [34mINFO [0;39m [3a871a06-b2e8-4380-aced-99a5e592143f] [http-nio-8081-exec-1] c.b.config.logging.HttpLoggingFilter - Headers: auth=absent content-type=null accept=application/json, text/plain, */*
2025-11-13 22:59:54.986 [34mINFO [0;39m [3a871a06-b2e8-4380-aced-99a5e592143f] [http-nio-8081-exec-1] c.b.config.logging.HttpLoggingFilter - Response payload: [{"id":"121fd933-0854-42f0-b1dd-ef6962e204e8","name":"City Pharmacy","area":"Brigade","category":"pharmacy","status":"open","orderingDisabled":false,"updatedAt":"2025-11-11T16:57:51.699970Z"},{"id":"c178bea3-30f7-4eb7-83b2-a7c95cb54503","name":"Fresh Mart","area":"MG Road","category":"grocery","status":"open","orderingDisabled":false,"updatedAt":"2025-11-11T16:57:51.605584Z"},{"id":"2a31523c-c615-4e95-a5f3-2b1bcaf71a63","name":"Sunrise Hotel","area":"Beach","category":"hospitality","status":"open","orderingDisabled":false,"updatedAt":"2025-11-11T16:57:51.700970Z"}]
2025-11-13 22:59:57.619 [34mINFO [0;39m [3aa45ca1-176b-43ad-806f-bd9e2530e13f] [http-nio-8081-exec-6] c.b.web.StoreDiscoveryController - Products by store: tenant=demo-store storeId=121fd933-0854-42f0-b1dd-ef6962e204e8
2025-11-13 22:59:57.619 [34mINFO [0;39m [1c3601f0-3e05-475e-9279-a99770612051] [http-nio-8081-exec-9] c.b.web.StoreDiscoveryController - Get store: tenant=demo-store id=121fd933-0854-42f0-b1dd-ef6962e204e8
2025-11-13 22:59:57.619 [34mINFO [0;39m [1c3601f0-3e05-475e-9279-a99770612051] [http-nio-8081-exec-9] c.b.web.StoreDiscoveryController - Get store success: id=121fd933-0854-42f0-b1dd-ef6962e204e8 name=City Pharmacy 
2025-11-13 22:59:57.624 [34mINFO [0;39m [3aa45ca1-176b-43ad-806f-bd9e2530e13f] [http-nio-8081-exec-6] c.b.config.logging.HttpLoggingFilter - GET /api/products?storeId=121fd933-0854-42f0-b1dd-ef6962e204e8 -> 200 (8 ms)
2025-11-13 22:59:57.624 [34mINFO [0;39m [1c3601f0-3e05-475e-9279-a99770612051] [http-nio-8081-exec-9] c.b.config.logging.HttpLoggingFilter - GET /api/stores/121fd933-0854-42f0-b1dd-ef6962e204e8 -> 200 (5 ms)
2025-11-13 22:59:57.624 [34mINFO [0;39m [3aa45ca1-176b-43ad-806f-bd9e2530e13f] [http-nio-8081-exec-6] c.b.config.logging.HttpLoggingFilter - Headers: auth=absent content-type=null accept=application/json, text/plain, */*
2025-11-13 22:59:57.624 [34mINFO [0;39m [1c3601f0-3e05-475e-9279-a99770612051] [http-nio-8081-exec-9] c.b.config.logging.HttpLoggingFilter - Headers: auth=absent content-type=null accept=application/json, text/plain, */*
2025-11-13 22:59:57.624 [34mINFO [0;39m [3aa45ca1-176b-43ad-806f-bd9e2530e13f] [http-nio-8081-exec-6] c.b.config.logging.HttpLoggingFilter - Response payload: [{"id":"a359b721-bf31-4df2-a292-239b5f99323d","name":"Paracetamol","price":35.0,"category":"medicine","storeId":"121fd933-0854-42f0-b1dd-ef6962e204e8","active":true}]
2025-11-13 22:59:57.624 [34mINFO [0;39m [1c3601f0-3e05-475e-9279-a99770612051] [http-nio-8081-exec-9] c.b.config.logging.HttpLoggingFilter - Response payload: {"id":"121fd933-0854-42f0-b1dd-ef6962e204e8","name":"City Pharmacy","area":"Brigade","category":"pharmacy","status":"open","orderingDisabled":false,"updatedAt":"2025-11-11T16:57:51.699970Z"}
2025-11-13 23:03:26.856 [34mINFO [0;39m [85024dd3-3ed7-4fcf-94af-5b5c354389a0] [http-nio-8081-exec-5] com.bharatshop.web.CartController - Get cart: userId=guest
2025-11-13 23:03:26.871 [34mINFO [0;39m [85024dd3-3ed7-4fcf-94af-5b5c354389a0] [http-nio-8081-exec-5] c.b.config.logging.HttpLoggingFilter - GET /store/cart -> 200 (27 ms)
2025-11-13 23:03:26.871 [34mINFO [0;39m [85024dd3-3ed7-4fcf-94af-5b5c354389a0] [http-nio-8081-exec-5] c.b.config.logging.HttpLoggingFilter - Headers: auth=absent content-type=null accept=application/json, text/plain, */*
2025-11-13 23:03:26.873 [34mINFO [0;39m [85024dd3-3ed7-4fcf-94af-5b5c354389a0] [http-nio-8081-exec-5] c.b.config.logging.HttpLoggingFilter - Response payload: []
2025-11-13 23:03:26.888 [34mINFO [0;39m [e586af85-4dd6-4a70-bfdc-9103a5808cde] [http-nio-8081-exec-7] com.bharatshop.web.CartController - Get cart: userId=guest
2025-11-13 23:03:26.891 [34mINFO [0;39m [e586af85-4dd6-4a70-bfdc-9103a5808cde] [http-nio-8081-exec-7] c.b.config.logging.HttpLoggingFilter - GET /store/cart -> 200 (3 ms)
2025-11-13 23:03:26.891 [34mINFO [0;39m [e586af85-4dd6-4a70-bfdc-9103a5808cde] [http-nio-8081-exec-7] c.b.config.logging.HttpLoggingFilter - Headers: auth=absent content-type=null accept=application/json, text/plain, */*
2025-11-13 23:03:26.891 [34mINFO [0;39m [e586af85-4dd6-4a70-bfdc-9103a5808cde] [http-nio-8081-exec-7] c.b.config.logging.HttpLoggingFilter - Response payload: []
2025-11-13 23:03:26.954 [34mINFO [0;39m [c544ab53-1a0e-43f4-8dd4-3dc78edd1eed] [http-nio-8081-exec-8] c.b.web.StoreDiscoveryController - Discover stores: tenant=demo-store search=null category=null
2025-11-13 23:03:26.973 [34mINFO [0;39m [c544ab53-1a0e-43f4-8dd4-3dc78edd1eed] [http-nio-8081-exec-8] c.b.config.logging.HttpLoggingFilter - GET /api/stores -> 200 (19 ms)
2025-11-13 23:03:26.973 [34mINFO [0;39m [c544ab53-1a0e-43f4-8dd4-3dc78edd1eed] [http-nio-8081-exec-8] c.b.config.logging.HttpLoggingFilter - Headers: auth=absent content-type=null accept=application/json, text/plain, */*
2025-11-13 23:03:26.973 [34mINFO [0;39m [c544ab53-1a0e-43f4-8dd4-3dc78edd1eed] [http-nio-8081-exec-8] c.b.config.logging.HttpLoggingFilter - Response payload: [{"id":"121fd933-0854-42f0-b1dd-ef6962e204e8","name":"City Pharmacy","area":"Brigade","category":"pharmacy","status":"open","orderingDisabled":false,"updatedAt":"2025-11-11T16:57:51.699970Z"},{"id":"c178bea3-30f7-4eb7-83b2-a7c95cb54503","name":"Fresh Mart","area":"MG Road","category":"grocery","status":"open","orderingDisabled":false,"updatedAt":"2025-11-11T16:57:51.605584Z"},{"id":"2a31523c-c615-4e95-a5f3-2b1bcaf71a63","name":"Sunrise Hotel","area":"Beach","category":"hospitality","status":"open","orderingDisabled":false,"updatedAt":"2025-11-11T16:57:51.700970Z"}]
2025-11-13 23:03:34.837 [34mINFO [0;39m [8d984296-8b04-4d5f-8c20-1b3b95894caa] [http-nio-8081-exec-2] c.b.web.StoreDiscoveryController - Get store: tenant=demo-store id=121fd933-0854-42f0-b1dd-ef6962e204e8
2025-11-13 23:03:34.837 [34mINFO [0;39m [8d984296-8b04-4d5f-8c20-1b3b95894caa] [http-nio-8081-exec-2] c.b.web.StoreDiscoveryController - Get store success: id=121fd933-0854-42f0-b1dd-ef6962e204e8 name=City Pharmacy 
2025-11-13 23:03:34.845 [34mINFO [0;39m [8d984296-8b04-4d5f-8c20-1b3b95894caa] [http-nio-8081-exec-2] c.b.config.logging.HttpLoggingFilter - GET /api/stores/121fd933-0854-42f0-b1dd-ef6962e204e8 -> 200 (8 ms)
2025-11-13 23:03:34.846 [34mINFO [0;39m [8d984296-8b04-4d5f-8c20-1b3b95894caa] [http-nio-8081-exec-2] c.b.config.logging.HttpLoggingFilter - Headers: auth=absent content-type=null accept=application/json, text/plain, */*
2025-11-13 23:03:34.846 [34mINFO [0;39m [8d984296-8b04-4d5f-8c20-1b3b95894caa] [http-nio-8081-exec-2] c.b.config.logging.HttpLoggingFilter - Response payload: {"id":"121fd933-0854-42f0-b1dd-ef6962e204e8","name":"City Pharmacy","area":"Brigade","category":"pharmacy","status":"open","orderingDisabled":false,"updatedAt":"2025-11-11T16:57:51.699970Z"}
2025-11-13 23:03:34.861 [34mINFO [0;39m [5a66336b-3cac-4f2c-a453-4ccdd2fe2481] [http-nio-8081-exec-4] c.b.web.StoreDiscoveryController - Products by store: tenant=demo-store storeId=121fd933-0854-42f0-b1dd-ef6962e204e8
2025-11-13 23:03:34.869 [34mINFO [0;39m [5a66336b-3cac-4f2c-a453-4ccdd2fe2481] [http-nio-8081-exec-4] c.b.config.logging.HttpLoggingFilter - GET /api/products?storeId=121fd933-0854-42f0-b1dd-ef6962e204e8 -> 200 (8 ms)
2025-11-13 23:03:34.869 [34mINFO [0;39m [5a66336b-3cac-4f2c-a453-4ccdd2fe2481] [http-nio-8081-exec-4] c.b.config.logging.HttpLoggingFilter - Headers: auth=absent content-type=null accept=application/json, text/plain, */*
2025-11-13 23:03:34.869 [34mINFO [0;39m [5a66336b-3cac-4f2c-a453-4ccdd2fe2481] [http-nio-8081-exec-4] c.b.config.logging.HttpLoggingFilter - Response payload: [{"id":"a359b721-bf31-4df2-a292-239b5f99323d","name":"Paracetamol","price":35.0,"category":"medicine","storeId":"121fd933-0854-42f0-b1dd-ef6962e204e8","active":true}]
2025-11-13 23:03:43.995 [34mINFO [0;39m [acaf0c2d-d731-4fa5-89fd-b66e828660b0] [http-nio-8081-exec-10] com.bharatshop.web.CartController - Get cart: userId=guest
2025-11-13 23:03:44.022 [34mINFO [0;39m [acaf0c2d-d731-4fa5-89fd-b66e828660b0] [http-nio-8081-exec-10] c.b.config.logging.HttpLoggingFilter - GET /store/cart -> 200 (33 ms)
2025-11-13 23:03:44.029 [34mINFO [0;39m [acaf0c2d-d731-4fa5-89fd-b66e828660b0] [http-nio-8081-exec-10] c.b.config.logging.HttpLoggingFilter - Headers: auth=absent content-type=null accept=application/json, text/plain, */*
2025-11-13 23:03:44.029 [34mINFO [0;39m [acaf0c2d-d731-4fa5-89fd-b66e828660b0] [http-nio-8081-exec-10] c.b.config.logging.HttpLoggingFilter - Response payload: []
2025-11-13 23:03:44.055 [34mINFO [0;39m [164d8c8e-c3b9-4a49-a97a-ff3a77499033] [http-nio-8081-exec-3] com.bharatshop.web.CartController - Get cart: userId=guest
2025-11-13 23:03:44.057 [34mINFO [0;39m [164d8c8e-c3b9-4a49-a97a-ff3a77499033] [http-nio-8081-exec-3] c.b.config.logging.HttpLoggingFilter - GET /store/cart -> 200 (4 ms)
2025-11-13 23:03:44.061 [34mINFO [0;39m [164d8c8e-c3b9-4a49-a97a-ff3a77499033] [http-nio-8081-exec-3] c.b.config.logging.HttpLoggingFilter - Headers: auth=absent content-type=null accept=application/json, text/plain, */*
2025-11-13 23:03:44.063 [34mINFO [0;39m [164d8c8e-c3b9-4a49-a97a-ff3a77499033] [http-nio-8081-exec-3] c.b.config.logging.HttpLoggingFilter - Response payload: []
2025-11-13 23:03:44.067 [34mINFO [0;39m [2165f283-eb1c-4d1b-aad9-4fbb36450e14] [http-nio-8081-exec-1] c.b.web.StoreDiscoveryController - Discover stores: tenant=demo-store search=null category=null
2025-11-13 23:03:44.075 [34mINFO [0;39m [2165f283-eb1c-4d1b-aad9-4fbb36450e14] [http-nio-8081-exec-1] c.b.config.logging.HttpLoggingFilter - GET /api/stores -> 200 (12 ms)
2025-11-13 23:03:44.075 [34mINFO [0;39m [2165f283-eb1c-4d1b-aad9-4fbb36450e14] [http-nio-8081-exec-1] c.b.config.logging.HttpLoggingFilter - Headers: auth=absent content-type=null accept=application/json, text/plain, */*
2025-11-13 23:03:44.075 [34mINFO [0;39m [2165f283-eb1c-4d1b-aad9-4fbb36450e14] [http-nio-8081-exec-1] c.b.config.logging.HttpLoggingFilter - Response payload: [{"id":"121fd933-0854-42f0-b1dd-ef6962e204e8","name":"City Pharmacy","area":"Brigade","category":"pharmacy","status":"open","orderingDisabled":false,"updatedAt":"2025-11-11T16:57:51.699970Z"},{"id":"c178bea3-30f7-4eb7-83b2-a7c95cb54503","name":"Fresh Mart","area":"MG Road","category":"grocery","status":"open","orderingDisabled":false,"updatedAt":"2025-11-11T16:57:51.605584Z"},{"id":"2a31523c-c615-4e95-a5f3-2b1bcaf71a63","name":"Sunrise Hotel","area":"Beach","category":"hospitality","status":"open","orderingDisabled":false,"updatedAt":"2025-11-11T16:57:51.700970Z"}]
2025-11-13 23:22:25.586 [34mINFO [0;39m [] [main] c.bharatshop.BharatshopApplication - Starting BharatshopApplication using Java 17.0.12 with PID 74996 (C:\Users\Adarsh\Downloads\bharatshop-backend\target\classes started by Adarsh in C:\Users\Adarsh\Downloads\bharatshop-backend)
2025-11-13 23:22:25.588 [39mDEBUG[0;39m [] [main] c.bharatshop.BharatshopApplication - Running with Spring Boot v3.3.4, Spring v6.1.13
2025-11-13 23:22:25.588 [34mINFO [0;39m [] [main] c.bharatshop.BharatshopApplication - No active profile set, falling back to 1 default profile: "default"
2025-11-13 23:22:27.049 [34mINFO [0;39m [] [main] o.s.d.r.c.RepositoryConfigurationDelegate - Bootstrapping Spring Data JPA repositories in DEFAULT mode.
2025-11-13 23:22:27.150 [34mINFO [0;39m [] [main] o.s.d.r.c.RepositoryConfigurationDelegate - Finished Spring Data repository scanning in 88 ms. Found 5 JPA repository interfaces.
2025-11-13 23:22:28.213 [34mINFO [0;39m [] [main] o.s.b.w.e.tomcat.TomcatWebServer - Tomcat initialized with port 8081 (http)
2025-11-13 23:22:28.231 [34mINFO [0;39m [] [main] o.a.coyote.http11.Http11NioProtocol - Initializing ProtocolHandler ["http-nio-8081"]
2025-11-13 23:22:28.235 [34mINFO [0;39m [] [main] o.a.catalina.core.StandardService - Starting service [Tomcat]
2025-11-13 23:22:28.235 [34mINFO [0;39m [] [main] o.a.catalina.core.StandardEngine - Starting Servlet engine: [Apache Tomcat/10.1.30]
2025-11-13 23:22:28.372 [34mINFO [0;39m [] [main] o.a.c.c.C.[Tomcat].[localhost].[/] - Initializing Spring embedded WebApplicationContext
2025-11-13 23:22:28.372 [34mINFO [0;39m [] [main] o.s.b.w.s.c.ServletWebServerApplicationContext - Root WebApplicationContext: initialization completed in 2732 ms
2025-11-13 23:22:28.579 [34mINFO [0;39m [] [main] com.zaxxer.hikari.HikariDataSource - HikariPool-1 - Starting...
2025-11-13 23:22:28.846 [34mINFO [0;39m [] [main] com.zaxxer.hikari.pool.HikariPool - HikariPool-1 - Added connection conn0: url=jdbc:h2:mem:bharatshop user=SA
2025-11-13 23:22:28.854 [34mINFO [0;39m [] [main] com.zaxxer.hikari.HikariDataSource - HikariPool-1 - Start completed.
2025-11-13 23:22:28.862 [34mINFO [0;39m [] [main] o.s.b.a.h.H2ConsoleAutoConfiguration - H2 console available at '/h2-console'. Database available at 'jdbc:h2:mem:bharatshop'
2025-11-13 23:22:29.647 [34mINFO [0;39m [] [main] o.s.o.j.p.SpringPersistenceUnitInfo - No LoadTimeWeaver setup: ignoring JPA class transformer
2025-11-13 23:22:31.058 [34mINFO [0;39m [] [main] o.s.o.j.LocalContainerEntityManagerFactoryBean - Initialized JPA EntityManagerFactory for persistence unit 'default'
2025-11-13 23:22:31.465 [34mINFO [0;39m [] [main] c.b.config.NotificationConfig - SMS provider: Twilio
2025-11-13 23:22:31.608 [34mINFO [0;39m [] [main] c.b.config.NotificationConfig - Email provider: SMTP
2025-11-13 23:22:31.678 [39mDEBUG[0;39m [] [main] c.b.c.logging.CorrelationIdFilter - Filter 'correlationIdFilter' configured for use
2025-11-13 23:22:31.682 [39mDEBUG[0;39m [] [main] c.b.config.logging.HttpLoggingFilter - Filter 'httpLoggingFilter' configured for use
2025-11-13 23:22:31.682 [39mDEBUG[0;39m [] [main] com.bharatshop.config.TenantFilter - Filter 'tenantFilter' configured for use
2025-11-13 23:22:31.682 [39mDEBUG[0;39m [] [main] c.b.security.TokenAuthFilter - Filter 'tokenAuthFilter' configured for use
2025-11-13 23:22:31.685 [39mDEBUG[0;39m [] [main] c.b.config.IdempotencyFilter - Filter 'idempotencyFilter' configured for use
2025-11-13 23:22:32.054 [31mWARN [0;39m [] [main] o.s.b.a.o.j.JpaBaseConfiguration$JpaWebConfiguration - spring.jpa.open-in-view is enabled by default. Therefore, database queries may be performed during view rendering. Explicitly configure spring.jpa.open-in-view to disable this warning
2025-11-13 23:22:32.091 [31mWARN [0;39m [] [main] o.s.b.a.s.s.UserDetailsServiceAutoConfiguration - 

Using generated security password: 0ebf484a-4d45-4e64-a1ad-eb88352250af

This generated password is for development use only. Your security configuration must be updated before running your application in production.

2025-11-13 23:22:32.104 [34mINFO [0;39m [] [main] o.s.s.c.a.a.c.InitializeUserDetailsBeanManagerConfigurer$InitializeUserDetailsManagerConfigurer - Global AuthenticationManager configured with UserDetailsService bean with name inMemoryUserDetailsManager
2025-11-13 23:22:32.637 [34mINFO [0;39m [] [main] o.s.b.a.e.web.EndpointLinksResolver - Exposing 4 endpoints beneath base path '/actuator'
2025-11-13 23:22:33.332 [34mINFO [0;39m [] [main] o.a.coyote.http11.Http11NioProtocol - Starting ProtocolHandler ["http-nio-8081"]
2025-11-13 23:22:33.349 [34mINFO [0;39m [] [main] o.s.b.w.e.tomcat.TomcatWebServer - Tomcat started on port 8081 (http) with context path '/'
2025-11-13 23:22:33.373 [34mINFO [0;39m [] [main] c.bharatshop.BharatshopApplication - Started BharatshopApplication in 8.6 seconds (process running for 9.134)
2025-11-13 23:22:49.702 [34mINFO [0;39m [] [http-nio-8081-exec-1] o.a.c.c.C.[Tomcat].[localhost].[/] - Initializing Spring DispatcherServlet 'dispatcherServlet'
2025-11-13 23:22:49.702 [34mINFO [0;39m [] [http-nio-8081-exec-1] o.s.web.servlet.DispatcherServlet - Initializing Servlet 'dispatcherServlet'
2025-11-13 23:22:49.705 [34mINFO [0;39m [] [http-nio-8081-exec-1] o.s.web.servlet.DispatcherServlet - Completed initialization in 2 ms
2025-11-13 23:22:49.844 [34mINFO [0;39m [4b8968a8-13b6-4a19-ac47-c1bb4cd1cc77] [http-nio-8081-exec-1] c.b.config.logging.HttpLoggingFilter - GET /?ide_webview_request_time=1762875389591 -> 404 (33 ms)
2025-11-13 23:22:49.844 [34mINFO [0;39m [b5541b82-50ce-43e3-a845-d9992d97e79a] [http-nio-8081-exec-2] c.b.config.logging.HttpLoggingFilter - GET /?ide_webview_request_time=1762875389591 -> 404 (33 ms)
2025-11-13 23:22:49.847 [34mINFO [0;39m [4b8968a8-13b6-4a19-ac47-c1bb4cd1cc77] [http-nio-8081-exec-1] c.b.config.logging.HttpLoggingFilter - Headers: auth=absent content-type=null accept=text/html,application/xhtml+xml,application/xml;q=0.9,image/avif,image/webp,image/apng,*/*;q=0.8,application/signed-exchange;v=b3;q=0.7
2025-11-13 23:22:49.847 [34mINFO [0;39m [b5541b82-50ce-43e3-a845-d9992d97e79a] [http-nio-8081-exec-2] c.b.config.logging.HttpLoggingFilter - Headers: auth=absent content-type=null accept=text/html,application/xhtml+xml,application/xml;q=0.9,image/avif,image/webp,image/apng,*/*;q=0.8,application/signed-exchange;v=b3;q=0.7
2025-11-13 23:22:50.296 [34mINFO [0;39m [880d147f-8a74-4a62-b9f2-e4ed0fabb18e] [http-nio-8081-exec-3] c.b.config.logging.HttpLoggingFilter - GET /@vite/client -> 404 (6 ms)
2025-11-13 23:22:50.296 [34mINFO [0;39m [880d147f-8a74-4a62-b9f2-e4ed0fabb18e] [http-nio-8081-exec-3] c.b.config.logging.HttpLoggingFilter - Headers: auth=absent content-type=null accept=*/*
2025-11-13 23:22:50.412 [34mINFO [0;39m [e25c6fa5-d785-419a-b93d-9eb08b202bba] [http-nio-8081-exec-4] com.bharatshop.web.CartController - Get cart: userId=guest
2025-11-13 23:22:50.421 [34mINFO [0;39m [e25c6fa5-d785-419a-b93d-9eb08b202bba] [http-nio-8081-exec-4] c.b.config.logging.HttpLoggingFilter - GET /store/cart -> 200 (22 ms)
2025-11-13 23:22:50.421 [34mINFO [0;39m [e25c6fa5-d785-419a-b93d-9eb08b202bba] [http-nio-8081-exec-4] c.b.config.logging.HttpLoggingFilter - Headers: auth=absent content-type=null accept=application/json, text/plain, */*
2025-11-13 23:22:50.423 [34mINFO [0;39m [e25c6fa5-d785-419a-b93d-9eb08b202bba] [http-nio-8081-exec-4] c.b.config.logging.HttpLoggingFilter - Response payload: []
2025-11-13 23:22:50.435 [34mINFO [0;39m [0ec0810c-4ceb-4964-950e-42b7ba6302d1] [http-nio-8081-exec-5] com.bharatshop.web.CartController - Get cart: userId=guest
2025-11-13 23:22:50.436 [34mINFO [0;39m [0ec0810c-4ceb-4964-950e-42b7ba6302d1] [http-nio-8081-exec-5] c.b.config.logging.HttpLoggingFilter - GET /store/cart -> 200 (5 ms)
2025-11-13 23:22:50.436 [34mINFO [0;39m [0ec0810c-4ceb-4964-950e-42b7ba6302d1] [http-nio-8081-exec-5] c.b.config.logging.HttpLoggingFilter - Headers: auth=absent content-type=null accept=application/json, text/plain, */*
2025-11-13 23:22:50.436 [34mINFO [0;39m [0ec0810c-4ceb-4964-950e-42b7ba6302d1] [http-nio-8081-exec-5] c.b.config.logging.HttpLoggingFilter - Response payload: []
2025-11-13 23:22:50.442 [34mINFO [0;39m [26529b9a-6a06-43fb-a828-091454735982] [http-nio-8081-exec-6] c.b.web.StoreDiscoveryController - Discover stores: tenant=demo-store search=null category=null
2025-11-13 23:22:50.593 [34mINFO [0;39m [26529b9a-6a06-43fb-a828-091454735982] [http-nio-8081-exec-6] c.b.config.logging.HttpLoggingFilter - GET /api/stores -> 200 (162 ms)
2025-11-13 23:22:50.593 [34mINFO [0;39m [26529b9a-6a06-43fb-a828-091454735982] [http-nio-8081-exec-6] c.b.config.logging.HttpLoggingFilter - Headers: auth=absent content-type=null accept=application/json, text/plain, */*
2025-11-13 23:22:50.593 [34mINFO [0;39m [26529b9a-6a06-43fb-a828-091454735982] [http-nio-8081-exec-6] c.b.config.logging.HttpLoggingFilter - Response payload: [{"id":"9066df2d-f58b-413d-80c7-1719679beb65","name":"City Pharmacy","area":"Brigade","category":"pharmacy","status":"open","orderingDisabled":false,"updatedAt":"2025-11-13T17:52:33.585882Z"},{"id":"2b6f1960-3605-4308-987b-7b95e70bc8de","name":"Fresh Mart","area":"MG Road","category":"grocery","status":"open","orderingDisabled":false,"updatedAt":"2025-11-13T17:52:33.445107Z"},{"id":"64fe0852-84b7-4183-9165-26ad6e14f6a0","name":"Sunrise Hotel","area":"Beach","category":"hospitality","status":"open","orderingDisabled":false,"updatedAt":"2025-11-13T17:52:33.585882Z"}]
2025-11-13 23:22:56.425 [34mINFO [0;39m [76cc4a7f-eb7b-4aca-a63a-2cff3271e15a] [http-nio-8081-exec-7] c.b.web.StoreDiscoveryController - Get store: tenant=demo-store id=9066df2d-f58b-413d-80c7-1719679beb65
2025-11-13 23:22:56.426 [34mINFO [0;39m [c8ebc2d5-8e59-402d-b9db-f418d1af70ec] [http-nio-8081-exec-8] c.b.web.StoreDiscoveryController - Products by store: tenant=demo-store storeId=9066df2d-f58b-413d-80c7-1719679beb65
2025-11-13 23:22:56.431 [34mINFO [0;39m [76cc4a7f-eb7b-4aca-a63a-2cff3271e15a] [http-nio-8081-exec-7] c.b.web.StoreDiscoveryController - Get store success: id=9066df2d-f58b-413d-80c7-1719679beb65 name=City Pharmacy 
2025-11-13 23:22:56.436 [34mINFO [0;39m [76cc4a7f-eb7b-4aca-a63a-2cff3271e15a] [http-nio-8081-exec-7] c.b.config.logging.HttpLoggingFilter - GET /api/stores/9066df2d-f58b-413d-80c7-1719679beb65 -> 200 (13 ms)
2025-11-13 23:22:56.436 [34mINFO [0;39m [76cc4a7f-eb7b-4aca-a63a-2cff3271e15a] [http-nio-8081-exec-7] c.b.config.logging.HttpLoggingFilter - Headers: auth=absent content-type=null accept=application/json, text/plain, */*
2025-11-13 23:22:56.436 [34mINFO [0;39m [76cc4a7f-eb7b-4aca-a63a-2cff3271e15a] [http-nio-8081-exec-7] c.b.config.logging.HttpLoggingFilter - Response payload: {"id":"9066df2d-f58b-413d-80c7-1719679beb65","name":"City Pharmacy","area":"Brigade","category":"pharmacy","status":"open","orderingDisabled":false,"updatedAt":"2025-11-13T17:52:33.585882Z"}
2025-11-13 23:22:56.476 [34mINFO [0;39m [c8ebc2d5-8e59-402d-b9db-f418d1af70ec] [http-nio-8081-exec-8] c.b.config.logging.HttpLoggingFilter - GET /api/products?storeId=9066df2d-f58b-413d-80c7-1719679beb65 -> 200 (53 ms)
2025-11-13 23:22:56.476 [34mINFO [0;39m [c8ebc2d5-8e59-402d-b9db-f418d1af70ec] [http-nio-8081-exec-8] c.b.config.logging.HttpLoggingFilter - Headers: auth=absent content-type=null accept=application/json, text/plain, */*
2025-11-13 23:22:56.477 [34mINFO [0;39m [c8ebc2d5-8e59-402d-b9db-f418d1af70ec] [http-nio-8081-exec-8] c.b.config.logging.HttpLoggingFilter - Response payload: [{"id":"f09069e0-5052-4fa7-ad06-56fc3b440a1b","name":"Paracetamol","price":35.0,"category":"medicine","storeId":"9066df2d-f58b-413d-80c7-1719679beb65","active":true}]
2025-11-13 23:23:03.200 [34mINFO [0;39m [da442b08-eb4b-4dd0-9e92-83f37df8655c] [http-nio-8081-exec-9] com.bharatshop.web.CartController - Add cart item: userId=guest itemId=f09069e0-5052-4fa7-ad06-56fc3b440a1b__v:standard__a: qty=1 
2025-11-13 23:23:03.203 [34mINFO [0;39m [da442b08-eb4b-4dd0-9e92-83f37df8655c] [http-nio-8081-exec-9] c.b.config.logging.HttpLoggingFilter - POST /store/cart/add -> 200 (81 ms)
2025-11-13 23:23:03.203 [34mINFO [0;39m [da442b08-eb4b-4dd0-9e92-83f37df8655c] [http-nio-8081-exec-9] c.b.config.logging.HttpLoggingFilter - Headers: auth=absent content-type=application/json accept=application/json, text/plain, */*
2025-11-13 23:23:03.203 [34mINFO [0;39m [da442b08-eb4b-4dd0-9e92-83f37df8655c] [http-nio-8081-exec-9] c.b.config.logging.HttpLoggingFilter - Request payload: {"id":"f09069e0-5052-4fa7-ad06-56fc3b440a1b__v:standard__a:","name":"Paracetamol","price":35,"quantity":1,"requiresPrescription":true,"storeId":"9066df2d-f58b-413d-80c7-1719679beb65"}
2025-11-13 23:23:03.203 [34mINFO [0;39m [da442b08-eb4b-4dd0-9e92-83f37df8655c] [http-nio-8081-exec-9] c.b.config.logging.HttpLoggingFilter - Response payload: [{"id":"f09069e0-5052-4fa7-ad06-56fc3b440a1b__v:standard__a:","name":"Paracetamol","price":35.0,"quantity":1,"requiresPrescription":true}]
2025-11-13 23:23:08.197 [34mINFO [0;39m [04550cbb-be93-411e-a6fa-c1444e5544bc] [http-nio-8081-exec-10] c.b.web.StoreDiscoveryController - Discover stores: tenant=demo-store search=null category=null
2025-11-13 23:23:08.203 [34mINFO [0;39m [04550cbb-be93-411e-a6fa-c1444e5544bc] [http-nio-8081-exec-10] c.b.config.logging.HttpLoggingFilter - GET /api/stores -> 200 (6 ms)
2025-11-13 23:23:08.204 [34mINFO [0;39m [04550cbb-be93-411e-a6fa-c1444e5544bc] [http-nio-8081-exec-10] c.b.config.logging.HttpLoggingFilter - Headers: auth=absent content-type=null accept=application/json, text/plain, */*
2025-11-13 23:23:08.204 [34mINFO [0;39m [04550cbb-be93-411e-a6fa-c1444e5544bc] [http-nio-8081-exec-10] c.b.config.logging.HttpLoggingFilter - Response payload: [{"id":"9066df2d-f58b-413d-80c7-1719679beb65","name":"City Pharmacy","area":"Brigade","category":"pharmacy","status":"open","orderingDisabled":false,"updatedAt":"2025-11-13T17:52:33.585882Z"},{"id":"2b6f1960-3605-4308-987b-7b95e70bc8de","name":"Fresh Mart","area":"MG Road","category":"grocery","status":"open","orderingDisabled":false,"updatedAt":"2025-11-13T17:52:33.445107Z"},{"id":"64fe0852-84b7-4183-9165-26ad6e14f6a0","name":"Sunrise Hotel","area":"Beach","category":"hospitality","status":"open","orderingDisabled":false,"updatedAt":"2025-11-13T17:52:33.585882Z"}]
2025-11-13 23:23:09.597 [34mINFO [0;39m [bf76cbd9-bdc5-46bb-b69a-fe2325c32da0] [http-nio-8081-exec-1] c.b.web.StoreDiscoveryController - Products by store: tenant=demo-store storeId=2b6f1960-3605-4308-987b-7b95e70bc8de
2025-11-13 23:23:09.597 [34mINFO [0;39m [ebe507bf-0598-4812-95ac-6ca107fba002] [http-nio-8081-exec-2] c.b.web.StoreDiscoveryController - Get store: tenant=demo-store id=2b6f1960-3605-4308-987b-7b95e70bc8de
2025-11-13 23:23:09.601 [34mINFO [0;39m [ebe507bf-0598-4812-95ac-6ca107fba002] [http-nio-8081-exec-2] c.b.web.StoreDiscoveryController - Get store success: id=2b6f1960-3605-4308-987b-7b95e70bc8de name=Fresh Mart 
2025-11-13 23:23:09.601 [34mINFO [0;39m [ebe507bf-0598-4812-95ac-6ca107fba002] [http-nio-8081-exec-2] c.b.config.logging.HttpLoggingFilter - GET /api/stores/2b6f1960-3605-4308-987b-7b95e70bc8de -> 200 (5 ms)
2025-11-13 23:23:09.601 [34mINFO [0;39m [ebe507bf-0598-4812-95ac-6ca107fba002] [http-nio-8081-exec-2] c.b.config.logging.HttpLoggingFilter - Headers: auth=absent content-type=null accept=application/json, text/plain, */*
2025-11-13 23:23:09.601 [34mINFO [0;39m [ebe507bf-0598-4812-95ac-6ca107fba002] [http-nio-8081-exec-2] c.b.config.logging.HttpLoggingFilter - Response payload: {"id":"2b6f1960-3605-4308-987b-7b95e70bc8de","name":"Fresh Mart","area":"MG Road","category":"grocery","status":"open","orderingDisabled":false,"updatedAt":"2025-11-13T17:52:33.445107Z"}
2025-11-13 23:23:09.601 [34mINFO [0;39m [bf76cbd9-bdc5-46bb-b69a-fe2325c32da0] [http-nio-8081-exec-1] c.b.config.logging.HttpLoggingFilter - GET /api/products?storeId=2b6f1960-3605-4308-987b-7b95e70bc8de -> 200 (5 ms)
2025-11-13 23:23:09.601 [34mINFO [0;39m [bf76cbd9-bdc5-46bb-b69a-fe2325c32da0] [http-nio-8081-exec-1] c.b.config.logging.HttpLoggingFilter - Headers: auth=absent content-type=null accept=application/json, text/plain, */*
2025-11-13 23:23:09.606 [34mINFO [0;39m [bf76cbd9-bdc5-46bb-b69a-fe2325c32da0] [http-nio-8081-exec-1] c.b.config.logging.HttpLoggingFilter - Response payload: [{"id":"42996ad7-5fad-4356-939f-6177136c62e4","name":"Apples","price":120.0,"category":"fruits","storeId":"2b6f1960-3605-4308-987b-7b95e70bc8de","active":true},{"id":"ee95bb36-92f2-4481-a42d-79bfada9d431","name":"Milk","price":60.0,"category":"dairy","storeId":"2b6f1960-3605-4308-987b-7b95e70bc8de","active":true}]
2025-11-13 23:23:14.601 [34mINFO [0;39m [224d944e-0e9b-426e-a3f6-ace14b6de2d1] [http-nio-8081-exec-3] com.bharatshop.web.CartController - Add cart item: userId=guest itemId=42996ad7-5fad-4356-939f-6177136c62e4__v:standard__a: qty=1 
2025-11-13 23:23:14.609 [34mINFO [0;39m [224d944e-0e9b-426e-a3f6-ace14b6de2d1] [http-nio-8081-exec-3] c.b.config.logging.HttpLoggingFilter - POST /store/cart/add -> 200 (8 ms)
2025-11-13 23:23:14.612 [34mINFO [0;39m [224d944e-0e9b-426e-a3f6-ace14b6de2d1] [http-nio-8081-exec-3] c.b.config.logging.HttpLoggingFilter - Headers: auth=absent content-type=application/json accept=application/json, text/plain, */*
2025-11-13 23:23:14.613 [34mINFO [0;39m [224d944e-0e9b-426e-a3f6-ace14b6de2d1] [http-nio-8081-exec-3] c.b.config.logging.HttpLoggingFilter - Request payload: {"id":"42996ad7-5fad-4356-939f-6177136c62e4__v:standard__a:","name":"Apples","price":120,"quantity":1,"requiresPrescription":false,"storeId":"2b6f1960-3605-4308-987b-7b95e70bc8de"}
2025-11-13 23:23:14.613 [34mINFO [0;39m [224d944e-0e9b-426e-a3f6-ace14b6de2d1] [http-nio-8081-exec-3] c.b.config.logging.HttpLoggingFilter - Response payload: [{"id":"f09069e0-5052-4fa7-ad06-56fc3b440a1b__v:standard__a:","name":"Paracetamol","price":35.0,"quantity":1,"requiresPrescription":true},{"id":"42996ad7-5fad-4356-939f-6177136c62e4__v:standard__a:","name":"Apples","price":120.0,"quantity":1,"requiresPrescription":false}]
2025-11-13 23:23:31.675 [34mINFO [0;39m [124e73a6-2f95-45a7-8cf9-e9f712b896b0] [http-nio-8081-exec-4] com.bharatshop.web.AuthController - OTP send requested: phone=+917355460178
2025-11-13 23:23:31.675 [34mINFO [0;39m [124e73a6-2f95-45a7-8cf9-e9f712b896b0] [http-nio-8081-exec-4] com.bharatshop.service.AuthService - Sending OTP to phone=+917355460178
2025-11-13 23:23:31.680 [34mINFO [0;39m [124e73a6-2f95-45a7-8cf9-e9f712b896b0] [http-nio-8081-exec-4] com.bharatshop.service.AuthService - OTP generated: otpId=009d6bd6-4a15-40e1-93f2-35da3bf8d987 expiresAt=1763056531680
2025-11-13 23:23:39.918 [34mINFO [0;39m [124e73a6-2f95-45a7-8cf9-e9f712b896b0] [http-nio-8081-exec-4] c.b.s.TwilioNotificationService - Twilio SMS sent: phone=+917355460178 status=201
2025-11-13 23:23:39.928 [34mINFO [0;39m [124e73a6-2f95-45a7-8cf9-e9f712b896b0] [http-nio-8081-exec-4] c.b.config.logging.HttpLoggingFilter - POST /api/storefront/auth/otp/send -> 200 (8264 ms)
2025-11-13 23:23:39.931 [34mINFO [0;39m [124e73a6-2f95-45a7-8cf9-e9f712b896b0] [http-nio-8081-exec-4] c.b.config.logging.HttpLoggingFilter - Headers: auth=absent content-type=application/json accept=application/json, text/plain, */*
2025-11-13 23:23:39.931 [34mINFO [0;39m [124e73a6-2f95-45a7-8cf9-e9f712b896b0] [http-nio-8081-exec-4] c.b.config.logging.HttpLoggingFilter - Request payload: {"phone":"+917355460178","channel":"sms"}
2025-11-13 23:23:39.931 [34mINFO [0;39m [124e73a6-2f95-45a7-8cf9-e9f712b896b0] [http-nio-8081-exec-4] c.b.config.logging.HttpLoggingFilter - Response payload: {"otpId":"009d6bd6-4a15-40e1-93f2-35da3bf8d987","success":true,"ttlSeconds":120,"otp":"877483"}
2025-11-13 23:23:52.451 [34mINFO [0;39m [2e38c4f2-c98a-4737-b403-38f389ce6772] [http-nio-8081-exec-6] com.bharatshop.web.AuthController - OTP verify requested: phone=+917355460178 otpPresent=true
2025-11-13 23:23:52.455 [34mINFO [0;39m [2e38c4f2-c98a-4737-b403-38f389ce6772] [http-nio-8081-exec-6] com.bharatshop.service.AuthService - Verifying OTP for phone=+917355460178
2025-11-13 23:23:52.460 [34mINFO [0;39m [2e38c4f2-c98a-4737-b403-38f389ce6772] [http-nio-8081-exec-6] com.bharatshop.service.AuthService - OTP verification success for phone=+917355460178
2025-11-13 23:23:52.462 [34mINFO [0;39m [2e38c4f2-c98a-4737-b403-38f389ce6772] [http-nio-8081-exec-6] com.bharatshop.service.AuthService - Login (phone) attempt: phone=+917355460178
2025-11-13 23:23:52.488 [34mINFO [0;39m [2e38c4f2-c98a-4737-b403-38f389ce6772] [http-nio-8081-exec-6] com.bharatshop.service.AuthService - Session created: userId=daa4fa7e-cd33-4089-925f-ba68c9a73b41 role=USER
2025-11-13 23:23:52.489 [34mINFO [0;39m [2e38c4f2-c98a-4737-b403-38f389ce6772] [http-nio-8081-exec-6] com.bharatshop.service.AuthService - Login (phone) success: userId=daa4fa7e-cd33-4089-925f-ba68c9a73b41 token=eyJhbGciOiJIUzI1NiIsInR5cCI6IkpXVCJ9.eyJzdWIiOiJkYWE0ZmE3ZS1jZDMzLTQwODktOTI1Zi1iYTY4YzlhNzNiNDEiLCJuYW1lIjoiVXNlcjAxNzgiLCJyb2xlIjoiVVNFUiIsImlhdCI6MTc2MzA1NjQzMiwiZXhwIjoxNzYzMDYwMDMyfQ.7aSWkME7XIPSlvRR9QVhahPWR3dlP0KADnksvNZaLpI role=USER 
2025-11-13 23:23:52.523 [34mINFO [0;39m [2e38c4f2-c98a-4737-b403-38f389ce6772] [http-nio-8081-exec-6] com.bharatshop.web.AuthController - OTP verify success: userId=daa4fa7e-cd33-4089-925f-ba68c9a73b41 tokenPresent=true
2025-11-13 23:23:52.524 [34mINFO [0;39m [2e38c4f2-c98a-4737-b403-38f389ce6772] [http-nio-8081-exec-6] c.b.config.logging.HttpLoggingFilter - POST /api/storefront/auth/otp/verify -> 200 (75 ms)
2025-11-13 23:23:52.527 [34mINFO [0;39m [2e38c4f2-c98a-4737-b403-38f389ce6772] [http-nio-8081-exec-6] c.b.config.logging.HttpLoggingFilter - Headers: auth=absent content-type=application/json accept=application/json, text/plain, */*
2025-11-13 23:23:52.527 [34mINFO [0;39m [2e38c4f2-c98a-4737-b403-38f389ce6772] [http-nio-8081-exec-6] c.b.config.logging.HttpLoggingFilter - Request payload: {"phone":"+917355460178","otp":"877483"}
2025-11-13 23:23:52.527 [34mINFO [0;39m [2e38c4f2-c98a-4737-b403-38f389ce6772] [http-nio-8081-exec-6] c.b.config.logging.HttpLoggingFilter - Response payload: {"token":"eyJhbGciOiJIUzI1NiIsInR5cCI6IkpXVCJ9.eyJzdWIiOiJkYWE0ZmE3ZS1jZDMzLTQwODktOTI1Zi1iYTY4YzlhNzNiNDEiLCJuYW1lIjoiVXNlcjAxNzgiLCJyb2xlIjoiVVNFUiIsImlhdCI6MTc2MzA1NjQzMiwiZXhwIjoxNzYzMDYwMDMyfQ.7aSWkME7XIPSlvRR9QVhahPWR3dlP0KADnksvNZaLpI","success":true,"user":{"id":"daa4fa7e-cd33-4089-925f-ba68c9a73b41","name":"User0178","phone":"+917355460178","role":"USER"}}
2025-11-13 23:23:52.665 [34mINFO [0;39m [66938398-c879-439e-9199-a2d50be0dec8] [http-nio-8081-exec-7] com.bharatshop.web.AuthController - Profile requested: tokenPresent=true 
2025-11-13 23:23:52.668 [34mINFO [0;39m [66938398-c879-439e-9199-a2d50be0dec8] [http-nio-8081-exec-7] com.bharatshop.web.AuthController - Profile success: userId=daa4fa7e-cd33-4089-925f-ba68c9a73b41
2025-11-13 23:23:52.675 [34mINFO [0;39m [66938398-c879-439e-9199-a2d50be0dec8] [http-nio-8081-exec-7] c.b.config.logging.HttpLoggingFilter - GET /api/storefront/auth/profile -> 200 (13 ms)
2025-11-13 23:23:52.676 [34mINFO [0;39m [66938398-c879-439e-9199-a2d50be0dec8] [http-nio-8081-exec-7] c.b.config.logging.HttpLoggingFilter - Headers: auth=present content-type=null accept=application/json, text/plain, */*
2025-11-13 23:23:52.677 [34mINFO [0;39m [66938398-c879-439e-9199-a2d50be0dec8] [http-nio-8081-exec-7] c.b.config.logging.HttpLoggingFilter - Response payload: {"id":"daa4fa7e-cd33-4089-925f-ba68c9a73b41","name":"User0178","phone":"+917355460178","role":"USER"}
2025-11-13 23:24:19.305 [34mINFO [0;39m [7446317c-f70d-48f6-9244-b5aba8a2536e] [http-nio-8081-exec-8] c.bharatshop.web.CheckoutController - Checkout requested: tenant=demo-store userId=daa4fa7e-cd33-4089-925f-ba68c9a73b41 items=2 paymentMethod=cod
2025-11-13 23:24:19.337 [34mINFO [0;39m [7446317c-f70d-48f6-9244-b5aba8a2536e] [http-nio-8081-exec-8] c.bharatshop.web.CheckoutController - Checkout success: orderId=4a45081b-5670-44c6-b572-942981ae59e0 reference=REF-4a45081b userId=daa4fa7e-cd33-4089-925f-ba68c9a73b41
2025-11-13 23:24:19.348 [34mINFO [0;39m [7446317c-f70d-48f6-9244-b5aba8a2536e] [http-nio-8081-exec-8] c.b.config.logging.HttpLoggingFilter - POST /api/storefront/checkout -> 200 (125 ms)
2025-11-13 23:24:19.352 [34mINFO [0;39m [7446317c-f70d-48f6-9244-b5aba8a2536e] [http-nio-8081-exec-8] c.b.config.logging.HttpLoggingFilter - Headers: auth=present content-type=application/json accept=application/json, text/plain, */*
2025-11-13 23:24:19.352 [34mINFO [0;39m [7446317c-f70d-48f6-9244-b5aba8a2536e] [http-nio-8081-exec-8] c.b.config.logging.HttpLoggingFilter - Request payload: {"items":[{"id":"f09069e0-5052-4fa7-ad06-56fc3b440a1b__v:standard__a:","name":"Paracetamol","price":35,"quantity":1,"storeId":"9066df2d-f58b-413d-80c7-1719679beb65","requiresPrescription":true},{"id":"42996ad7-5fad-4356-939f-6177136c62e4__v:standard__a:","name":"Apples","price":120,"quantity":1,"storeId":"2b6f1960-3605-4308-987b-7b95e70bc8de","requiresPrescription":false}],"totals":{"subtotal":155,"discount":50,"deliveryFee":29,"tax":0,"tip":0,"payable":134},"address":{"name":"Adarsh soni","phone":"9876543211","line1":"Near Major Chauraha Balrampur","line2":"","city":"Balrampur","pincode":"271201"},"deliverySlot":"morning","promo":"WELCOME50","deliveryInstructions":"","prescriptions":[{"name":"Gemini_Generated_Image_c7xjdoc7xjdoc7xj.png","size":1196719,"type":"image/png"}],"paymentMethod":"cod"}
2025-11-13 23:24:19.352 [34mINFO [0;39m [7446317c-f70d-48f6-9244-b5aba8a2536e] [http-nio-8081-exec-8] c.b.config.logging.HttpLoggingFilter - Response payload: {"reference":"REF-4a45081b","order":{"id":"4a45081b-5670-44c6-b572-942981ae59e0","reference":"REF-4a45081b","status":"placed","total":134.0,"totals":{"subtotal":155.0,"discount":50.0,"deliveryFee":29.0,"tax":0.0,"tip":0.0,"payable":134.0},"items":[{"id":"f09069e0-5052-4fa7-ad06-56fc3b440a1b__v:standard__a:","name":"Paracetamol","price":35.0,"quantity":1,"requiresPrescription":true},{"id":"42996ad7-5fad-4356-939f-6177136c62e4__v:standard__a:","name":"Apples","price":120.0,"quantity":1,"requiresPrescription":false}],"paymentMethod":"cod","address":{"name":"Adarsh soni","phone":"9876543211","line1":"Near Major Chauraha Balrampur","line2":"","city":"Balrampur","pincode":"271201"},"deliverySlot":"morning","deliveryInstructions":"","promo":"WELCOME50","type":"order","createdAt":"2025-11-13T17:54:19.305331400Z","sellerResponseDeadline":"2025-11-13T18:09:19.305331400Z"}}
2025-11-13 23:24:28.150 [34mINFO [0;39m [1708f202-a870-455e-925e-4e332345e62e] [http-nio-8081-exec-9] c.b.web.StoreDiscoveryController - Discover stores: tenant=demo-store search=null category=null
2025-11-13 23:24:28.158 [34mINFO [0;39m [1708f202-a870-455e-925e-4e332345e62e] [http-nio-8081-exec-9] c.b.config.logging.HttpLoggingFilter - GET /api/stores -> 200 (10 ms)
2025-11-13 23:24:28.161 [34mINFO [0;39m [1708f202-a870-455e-925e-4e332345e62e] [http-nio-8081-exec-9] c.b.config.logging.HttpLoggingFilter - Headers: auth=present content-type=null accept=application/json, text/plain, */*
2025-11-13 23:24:28.161 [34mINFO [0;39m [1708f202-a870-455e-925e-4e332345e62e] [http-nio-8081-exec-9] c.b.config.logging.HttpLoggingFilter - Response payload: [{"id":"9066df2d-f58b-413d-80c7-1719679beb65","name":"City Pharmacy","area":"Brigade","category":"pharmacy","status":"open","orderingDisabled":false,"updatedAt":"2025-11-13T17:52:33.585882Z"},{"id":"2b6f1960-3605-4308-987b-7b95e70bc8de","name":"Fresh Mart","area":"MG Road","category":"grocery","status":"open","orderingDisabled":false,"updatedAt":"2025-11-13T17:52:33.445107Z"},{"id":"64fe0852-84b7-4183-9165-26ad6e14f6a0","name":"Sunrise Hotel","area":"Beach","category":"hospitality","status":"open","orderingDisabled":false,"updatedAt":"2025-11-13T17:52:33.585882Z"}]
2025-11-13 23:25:34.633 [34mINFO [0;39m [d22377b4-eacd-4393-b5e3-cb450c3bbe1d] [http-nio-8081-exec-10] c.b.web.StoreDiscoveryController - Discover stores: tenant=demo-store search=null category=null
2025-11-13 23:25:34.640 [34mINFO [0;39m [d22377b4-eacd-4393-b5e3-cb450c3bbe1d] [http-nio-8081-exec-10] c.b.config.logging.HttpLoggingFilter - GET /api/stores?city=Balrampur&lat=27.4235392&lon=82.1854208&lng=82.1854208 -> 200 (7 ms)
2025-11-13 23:25:34.640 [34mINFO [0;39m [d22377b4-eacd-4393-b5e3-cb450c3bbe1d] [http-nio-8081-exec-10] c.b.config.logging.HttpLoggingFilter - Headers: auth=present content-type=null accept=application/json, text/plain, */*
2025-11-13 23:25:34.640 [34mINFO [0;39m [d22377b4-eacd-4393-b5e3-cb450c3bbe1d] [http-nio-8081-exec-10] c.b.config.logging.HttpLoggingFilter - Response payload: [{"id":"9066df2d-f58b-413d-80c7-1719679beb65","name":"City Pharmacy","area":"Brigade","category":"pharmacy","status":"open","orderingDisabled":false,"updatedAt":"2025-11-13T17:52:33.585882Z"},{"id":"2b6f1960-3605-4308-987b-7b95e70bc8de","name":"Fresh Mart","area":"MG Road","category":"grocery","status":"open","orderingDisabled":false,"updatedAt":"2025-11-13T17:52:33.445107Z"},{"id":"64fe0852-84b7-4183-9165-26ad6e14f6a0","name":"Sunrise Hotel","area":"Beach","category":"hospitality","status":"open","orderingDisabled":false,"updatedAt":"2025-11-13T17:52:33.585882Z"}]
2025-11-13 23:25:38.145 [34mINFO [0;39m [c60e9118-a446-496b-b323-b540dc9ba84a] [http-nio-8081-exec-2] c.b.web.StoreDiscoveryController - Discover stores: tenant=demo-store search=null category=Hospitality
2025-11-13 23:25:38.152 [34mINFO [0;39m [c60e9118-a446-496b-b323-b540dc9ba84a] [http-nio-8081-exec-2] c.b.config.logging.HttpLoggingFilter - GET /api/stores?category=Hospitality&city=Balrampur&lat=27.4235392&lon=82.1854208&lng=82.1854208 -> 200 (11 ms)
2025-11-13 23:25:38.154 [34mINFO [0;39m [c60e9118-a446-496b-b323-b540dc9ba84a] [http-nio-8081-exec-2] c.b.config.logging.HttpLoggingFilter - Headers: auth=present content-type=null accept=application/json, text/plain, */*
2025-11-13 23:25:38.154 [34mINFO [0;39m [c60e9118-a446-496b-b323-b540dc9ba84a] [http-nio-8081-exec-2] c.b.config.logging.HttpLoggingFilter - Response payload: [{"id":"64fe0852-84b7-4183-9165-26ad6e14f6a0","name":"Sunrise Hotel","area":"Beach","category":"hospitality","status":"open","orderingDisabled":false,"updatedAt":"2025-11-13T17:52:33.585882Z"}]
2025-11-13 23:25:39.365 [34mINFO [0;39m [6fe2c1eb-942c-409c-8676-0fc86c007343] [http-nio-8081-exec-3] c.b.web.StoreDiscoveryController - Products by store: tenant=demo-store storeId=64fe0852-84b7-4183-9165-26ad6e14f6a0
2025-11-13 23:25:39.365 [34mINFO [0;39m [37e1df9e-4fe8-4540-9dd6-eb032600364f] [http-nio-8081-exec-1] c.b.web.StoreDiscoveryController - Get store: tenant=demo-store id=64fe0852-84b7-4183-9165-26ad6e14f6a0
2025-11-13 23:25:39.371 [34mINFO [0;39m [37e1df9e-4fe8-4540-9dd6-eb032600364f] [http-nio-8081-exec-1] c.b.web.StoreDiscoveryController - Get store success: id=64fe0852-84b7-4183-9165-26ad6e14f6a0 name=Sunrise Hotel 
2025-11-13 23:25:39.374 [34mINFO [0;39m [6fe2c1eb-942c-409c-8676-0fc86c007343] [http-nio-8081-exec-3] c.b.config.logging.HttpLoggingFilter - GET /api/products?storeId=64fe0852-84b7-4183-9165-26ad6e14f6a0 -> 200 (11 ms)
2025-11-13 23:25:39.374 [34mINFO [0;39m [6fe2c1eb-942c-409c-8676-0fc86c007343] [http-nio-8081-exec-3] c.b.config.logging.HttpLoggingFilter - Headers: auth=present content-type=null accept=application/json, text/plain, */*
2025-11-13 23:25:39.374 [34mINFO [0;39m [6fe2c1eb-942c-409c-8676-0fc86c007343] [http-nio-8081-exec-3] c.b.config.logging.HttpLoggingFilter - Response payload: [{"id":"724d82f7-ef77-4d62-a728-18176bcb843d","name":"Room Deluxe","price":2500.0,"category":"room","storeId":"64fe0852-84b7-4183-9165-26ad6e14f6a0","active":true}]
2025-11-13 23:25:39.380 [34mINFO [0;39m [37e1df9e-4fe8-4540-9dd6-eb032600364f] [http-nio-8081-exec-1] c.b.config.logging.HttpLoggingFilter - GET /api/stores/64fe0852-84b7-4183-9165-26ad6e14f6a0 -> 200 (15 ms)
2025-11-13 23:25:39.381 [34mINFO [0;39m [37e1df9e-4fe8-4540-9dd6-eb032600364f] [http-nio-8081-exec-1] c.b.config.logging.HttpLoggingFilter - Headers: auth=present content-type=null accept=application/json, text/plain, */*
2025-11-13 23:25:39.381 [34mINFO [0;39m [37e1df9e-4fe8-4540-9dd6-eb032600364f] [http-nio-8081-exec-1] c.b.config.logging.HttpLoggingFilter - Response payload: {"id":"64fe0852-84b7-4183-9165-26ad6e14f6a0","name":"Sunrise Hotel","area":"Beach","category":"hospitality","status":"open","orderingDisabled":false,"updatedAt":"2025-11-13T17:52:33.585882Z"}
2025-11-13 23:25:40.418 [34mINFO [0;39m [561ffbb1-cb1e-449d-a829-7c1d8e47688f] [http-nio-8081-exec-4] c.b.web.AvailabilityController - Check availability: tenant=demo-store storeId=64fe0852-84b7-4183-9165-26ad6e14f6a0 roomId=724d82f7-ef77-4d62-a728-18176bcb843d checkIn=2025-11-13 checkOut=2025-11-14 guests=2
2025-11-13 23:25:40.420 [34mINFO [0;39m [561ffbb1-cb1e-449d-a829-7c1d8e47688f] [http-nio-8081-exec-4] c.b.web.AvailabilityController - Availability result: available=true nights=1 total=1250
2025-11-13 23:25:40.430 [34mINFO [0;39m [561ffbb1-cb1e-449d-a829-7c1d8e47688f] [http-nio-8081-exec-4] c.b.config.logging.HttpLoggingFilter - GET /api/availability?storeId=64fe0852-84b7-4183-9165-26ad6e14f6a0&roomId=724d82f7-ef77-4d62-a728-18176bcb843d&checkIn=2025-11-13&checkOut=2025-11-14&guests=2 -> 200 (17 ms)
2025-11-13 23:25:40.432 [34mINFO [0;39m [561ffbb1-cb1e-449d-a829-7c1d8e47688f] [http-nio-8081-exec-4] c.b.config.logging.HttpLoggingFilter - Headers: auth=present content-type=null accept=application/json, text/plain, */*
2025-11-13 23:25:40.432 [34mINFO [0;39m [561ffbb1-cb1e-449d-a829-7c1d8e47688f] [http-nio-8081-exec-4] c.b.config.logging.HttpLoggingFilter - Response payload: {"available":true,"nights":1,"base":1000,"surchargeRate":0.1,"subtotal":1100,"taxes":100,"fees":50,"total":1250}
2025-11-13 23:25:50.791 [34mINFO [0;39m [b25b84de-f7df-49f8-b8d0-adf4fed80049] [http-nio-8081-exec-5] c.b.web.AvailabilityController - Check availability: tenant=demo-store storeId=64fe0852-84b7-4183-9165-26ad6e14f6a0 roomId=724d82f7-ef77-4d62-a728-18176bcb843d checkIn=2025-11-13 checkOut=2025-11-14 guests=4
2025-11-13 23:25:50.791 [34mINFO [0;39m [b25b84de-f7df-49f8-b8d0-adf4fed80049] [http-nio-8081-exec-5] c.b.web.AvailabilityController - Availability result: available=true nights=1 total=1250
2025-11-13 23:25:50.791 [34mINFO [0;39m [b25b84de-f7df-49f8-b8d0-adf4fed80049] [http-nio-8081-exec-5] c.b.config.logging.HttpLoggingFilter - GET /api/availability?storeId=64fe0852-84b7-4183-9165-26ad6e14f6a0&roomId=724d82f7-ef77-4d62-a728-18176bcb843d&checkIn=2025-11-13&checkOut=2025-11-14&guests=4&roomsGuests%5B%5D=3&roomsGuests%5B%5D=1 -> 200 (1 ms)
2025-11-13 23:25:50.794 [34mINFO [0;39m [b25b84de-f7df-49f8-b8d0-adf4fed80049] [http-nio-8081-exec-5] c.b.config.logging.HttpLoggingFilter - Headers: auth=present content-type=null accept=application/json, text/plain, */*
2025-11-13 23:25:50.794 [34mINFO [0;39m [b25b84de-f7df-49f8-b8d0-adf4fed80049] [http-nio-8081-exec-5] c.b.config.logging.HttpLoggingFilter - Response payload: {"available":true,"nights":1,"base":1000,"surchargeRate":0.1,"subtotal":1100,"taxes":100,"fees":50,"total":1250}
2025-11-13 23:25:59.151 [31mWARN [0;39m [dd3f35cb-9112-4208-84a6-fd7132165959] [http-nio-8081-exec-6] c.b.config.GlobalExceptionHandler - Validation error: must not be null
2025-11-13 23:25:59.155 [34mINFO [0;39m [dd3f35cb-9112-4208-84a6-fd7132165959] [http-nio-8081-exec-6] c.b.config.logging.HttpLoggingFilter - POST /api/storefront/checkout -> 400 (30 ms)
2025-11-13 23:25:59.155 [34mINFO [0;39m [dd3f35cb-9112-4208-84a6-fd7132165959] [http-nio-8081-exec-6] c.b.config.logging.HttpLoggingFilter - Headers: auth=present content-type=application/json accept=application/json, text/plain, */*
2025-11-13 23:25:59.155 [34mINFO [0;39m [dd3f35cb-9112-4208-84a6-fd7132165959] [http-nio-8081-exec-6] c.b.config.logging.HttpLoggingFilter - Request payload: {"type":"room_booking","currency":"INR","store":{"id":"64fe0852-84b7-4183-9165-26ad6e14f6a0","name":"Sunrise Hotel"},"room":{"id":"724d82f7-ef77-4d62-a728-18176bcb843d","name":"Room Deluxe","price":2500},"booking":{"checkIn":"2025-11-13","checkOut":"2025-11-14","guests":4,"nights":1,"rooms":2,"perRoomMax":3,"extraMattressAllowed":false,"extraMattressCount":0,"mattressFeePerNight":0,"roomsGuests":[3,1]},"guest":{"name":"Adarsh","phone":"+917355460178"},"notes":"","totals":{"perNight":1000,"nights":1,"subtotal":1100,"taxes":110,"fees":55,"payable":1265}}
2025-11-13 23:25:59.155 [34mINFO [0;39m [dd3f35cb-9112-4208-84a6-fd7132165959] [http-nio-8081-exec-6] c.b.config.logging.HttpLoggingFilter - Response payload: {"message":"must not be null"}
2025-11-13 23:26:13.556 [34mINFO [0;39m [] [SpringApplicationShutdownHook] o.s.o.j.LocalContainerEntityManagerFactoryBean - Closing JPA EntityManagerFactory for persistence unit 'default'
2025-11-13 23:26:13.564 [34mINFO [0;39m [] [SpringApplicationShutdownHook] com.zaxxer.hikari.HikariDataSource - HikariPool-1 - Shutdown initiated...
2025-11-13 23:26:13.569 [34mINFO [0;39m [] [SpringApplicationShutdownHook] com.zaxxer.hikari.HikariDataSource - HikariPool-1 - Shutdown completed.
2025-11-13 23:31:39.983 [34mINFO [0;39m [] [main] c.bharatshop.BharatshopApplication - Starting BharatshopApplication using Java 17.0.12 with PID 88520 (C:\Users\Adarsh\Downloads\bharatshop-backend\target\classes started by Adarsh in C:\Users\Adarsh\Downloads\bharatshop-backend)
2025-11-13 23:31:39.985 [39mDEBUG[0;39m [] [main] c.bharatshop.BharatshopApplication - Running with Spring Boot v3.3.4, Spring v6.1.13
2025-11-13 23:31:39.985 [34mINFO [0;39m [] [main] c.bharatshop.BharatshopApplication - No active profile set, falling back to 1 default profile: "default"
2025-11-13 23:31:41.207 [34mINFO [0;39m [] [main] o.s.d.r.c.RepositoryConfigurationDelegate - Bootstrapping Spring Data JPA repositories in DEFAULT mode.
2025-11-13 23:31:41.291 [34mINFO [0;39m [] [main] o.s.d.r.c.RepositoryConfigurationDelegate - Finished Spring Data repository scanning in 76 ms. Found 5 JPA repository interfaces.
2025-11-13 23:31:42.193 [34mINFO [0;39m [] [main] o.s.b.w.e.tomcat.TomcatWebServer - Tomcat initialized with port 8081 (http)
2025-11-13 23:31:42.205 [34mINFO [0;39m [] [main] o.a.coyote.http11.Http11NioProtocol - Initializing ProtocolHandler ["http-nio-8081"]
2025-11-13 23:31:42.208 [34mINFO [0;39m [] [main] o.a.catalina.core.StandardService - Starting service [Tomcat]
2025-11-13 23:31:42.210 [34mINFO [0;39m [] [main] o.a.catalina.core.StandardEngine - Starting Servlet engine: [Apache Tomcat/10.1.30]
2025-11-13 23:31:42.307 [34mINFO [0;39m [] [main] o.a.c.c.C.[Tomcat].[localhost].[/] - Initializing Spring embedded WebApplicationContext
2025-11-13 23:31:42.307 [34mINFO [0;39m [] [main] o.s.b.w.s.c.ServletWebServerApplicationContext - Root WebApplicationContext: initialization completed in 2274 ms
2025-11-13 23:31:42.490 [34mINFO [0;39m [] [main] com.zaxxer.hikari.HikariDataSource - HikariPool-1 - Starting...
2025-11-13 23:31:42.708 [34mINFO [0;39m [] [main] com.zaxxer.hikari.pool.HikariPool - HikariPool-1 - Added connection conn0: url=jdbc:h2:mem:bharatshop user=SA
2025-11-13 23:31:42.711 [34mINFO [0;39m [] [main] com.zaxxer.hikari.HikariDataSource - HikariPool-1 - Start completed.
2025-11-13 23:31:42.724 [34mINFO [0;39m [] [main] o.s.b.a.h.H2ConsoleAutoConfiguration - H2 console available at '/h2-console'. Database available at 'jdbc:h2:mem:bharatshop'
2025-11-13 23:31:43.412 [34mINFO [0;39m [] [main] o.s.o.j.p.SpringPersistenceUnitInfo - No LoadTimeWeaver setup: ignoring JPA class transformer
2025-11-13 23:31:44.704 [34mINFO [0;39m [] [main] o.s.o.j.LocalContainerEntityManagerFactoryBean - Initialized JPA EntityManagerFactory for persistence unit 'default'
2025-11-13 23:31:45.058 [34mINFO [0;39m [] [main] c.b.config.NotificationConfig - SMS provider: Twilio
2025-11-13 23:31:45.246 [34mINFO [0;39m [] [main] c.b.config.NotificationConfig - Email provider: SMTP
2025-11-13 23:31:45.315 [39mDEBUG[0;39m [] [main] c.b.c.logging.CorrelationIdFilter - Filter 'correlationIdFilter' configured for use
2025-11-13 23:31:45.315 [39mDEBUG[0;39m [] [main] c.b.config.logging.HttpLoggingFilter - Filter 'httpLoggingFilter' configured for use
2025-11-13 23:31:45.321 [39mDEBUG[0;39m [] [main] com.bharatshop.config.TenantFilter - Filter 'tenantFilter' configured for use
2025-11-13 23:31:45.321 [39mDEBUG[0;39m [] [main] c.b.security.TokenAuthFilter - Filter 'tokenAuthFilter' configured for use
2025-11-13 23:31:45.323 [39mDEBUG[0;39m [] [main] c.b.config.IdempotencyFilter - Filter 'idempotencyFilter' configured for use
2025-11-13 23:31:45.661 [31mWARN [0;39m [] [main] o.s.b.a.o.j.JpaBaseConfiguration$JpaWebConfiguration - spring.jpa.open-in-view is enabled by default. Therefore, database queries may be performed during view rendering. Explicitly configure spring.jpa.open-in-view to disable this warning
2025-11-13 23:31:45.702 [31mWARN [0;39m [] [main] o.s.b.a.s.s.UserDetailsServiceAutoConfiguration - 

Using generated security password: e995cd44-2723-4690-8b50-2edb469995b3

This generated password is for development use only. Your security configuration must be updated before running your application in production.

2025-11-13 23:31:45.714 [34mINFO [0;39m [] [main] o.s.s.c.a.a.c.InitializeUserDetailsBeanManagerConfigurer$InitializeUserDetailsManagerConfigurer - Global AuthenticationManager configured with UserDetailsService bean with name inMemoryUserDetailsManager
2025-11-13 23:31:46.274 [34mINFO [0;39m [] [main] o.s.b.a.e.web.EndpointLinksResolver - Exposing 4 endpoints beneath base path '/actuator'
2025-11-13 23:31:46.854 [34mINFO [0;39m [] [main] o.a.coyote.http11.Http11NioProtocol - Starting ProtocolHandler ["http-nio-8081"]
2025-11-13 23:31:46.870 [34mINFO [0;39m [] [main] o.s.b.w.e.tomcat.TomcatWebServer - Tomcat started on port 8081 (http) with context path '/'
2025-11-13 23:31:46.880 [34mINFO [0;39m [] [main] c.bharatshop.BharatshopApplication - Started BharatshopApplication in 7.525 seconds (process running for 8.006)
2025-11-13 23:32:00.445 [34mINFO [0;39m [] [http-nio-8081-exec-2] o.a.c.c.C.[Tomcat].[localhost].[/] - Initializing Spring DispatcherServlet 'dispatcherServlet'
2025-11-13 23:32:00.445 [34mINFO [0;39m [] [http-nio-8081-exec-2] o.s.web.servlet.DispatcherServlet - Initializing Servlet 'dispatcherServlet'
2025-11-13 23:32:00.445 [34mINFO [0;39m [] [http-nio-8081-exec-2] o.s.web.servlet.DispatcherServlet - Completed initialization in 0 ms
2025-11-13 23:32:00.651 [34mINFO [0;39m [2f6402a8-2efa-4ec6-828a-3295723eab97] [http-nio-8081-exec-2] c.bharatshop.web.CheckoutController - Checkout requested: tenant=demo-store userId=daa4fa7e-cd33-4089-925f-ba68c9a73b41 items=0 paymentMethod=null
2025-11-13 23:32:00.665 [34mINFO [0;39m [2f6402a8-2efa-4ec6-828a-3295723eab97] [http-nio-8081-exec-2] c.bharatshop.web.CheckoutController - Checkout success: orderId=a94ccb2b-d12a-4b16-986f-25c2e488811f reference=REF-a94ccb2b userId=daa4fa7e-cd33-4089-925f-ba68c9a73b41
2025-11-13 23:32:00.708 [34mINFO [0;39m [2f6402a8-2efa-4ec6-828a-3295723eab97] [http-nio-8081-exec-2] c.b.config.logging.HttpLoggingFilter - POST /api/storefront/checkout -> 200 (161 ms)
2025-11-13 23:32:00.708 [34mINFO [0;39m [2f6402a8-2efa-4ec6-828a-3295723eab97] [http-nio-8081-exec-2] c.b.config.logging.HttpLoggingFilter - Headers: auth=present content-type=application/json accept=application/json, text/plain, */*
2025-11-13 23:32:00.711 [34mINFO [0;39m [2f6402a8-2efa-4ec6-828a-3295723eab97] [http-nio-8081-exec-2] c.b.config.logging.HttpLoggingFilter - Request payload: {"type":"room_booking","currency":"INR","store":{"id":"64fe0852-84b7-4183-9165-26ad6e14f6a0","name":"Sunrise Hotel"},"room":{"id":"724d82f7-ef77-4d62-a728-18176bcb843d","name":"Room Deluxe","price":2500},"booking":{"checkIn":"2025-11-13","checkOut":"2025-11-14","guests":4,"nights":1,"rooms":2,"perRoomMax":3,"extraMattressAllowed":false,"extraMattressCount":0,"mattressFeePerNight":0,"roomsGuests":[3,1]},"guest":{"name":"Adarsh","phone":"+917355460178"},"notes":"","totals":{"perNight":1000,"nights":1,"subtotal":1100,"taxes":110,"fees":55,"payable":1265}}
2025-11-13 23:32:00.711 [34mINFO [0;39m [2f6402a8-2efa-4ec6-828a-3295723eab97] [http-nio-8081-exec-2] c.b.config.logging.HttpLoggingFilter - Response payload: {"order":{"id":"a94ccb2b-d12a-4b16-986f-25c2e488811f","reference":"REF-a94ccb2b","status":"placed","total":1265.0,"totals":{"subtotal":1100.0,"payable":1265.0},"type":"room_booking","booking":{"checkIn":"2025-11-13","checkOut":"2025-11-14","guests":4,"nights":1,"rooms":2,"perRoomMax":3,"extraMattressAllowed":false,"extraMattressCount":0,"mattressFeePerNight":0},"createdAt":"2025-11-13T18:02:00.653305200Z","sellerResponseDeadline":"2025-11-13T18:17:00.653305200Z","notes":""},"reference":"REF-a94ccb2b"}
2025-11-13 23:32:00.844 [34mINFO [0;39m [d7f0d983-a84d-49b1-b910-aaa6a6e67280] [http-nio-8081-exec-1] com.bharatshop.web.OrdersController - List bookings: tenant=demo-store userId=daa4fa7e-cd33-4089-925f-ba68c9a73b41
2025-11-13 23:32:00.979 [34mINFO [0;39m [d7f0d983-a84d-49b1-b910-aaa6a6e67280] [http-nio-8081-exec-1] c.b.config.logging.HttpLoggingFilter - GET /api/storefront/bookings -> 200 (137 ms)
2025-11-13 23:32:00.979 [34mINFO [0;39m [d7f0d983-a84d-49b1-b910-aaa6a6e67280] [http-nio-8081-exec-1] c.b.config.logging.HttpLoggingFilter - Headers: auth=present content-type=null accept=application/json, text/plain, */*
2025-11-13 23:32:00.979 [34mINFO [0;39m [d7f0d983-a84d-49b1-b910-aaa6a6e67280] [http-nio-8081-exec-1] c.b.config.logging.HttpLoggingFilter - Response payload: [{"id":"a94ccb2b-d12a-4b16-986f-25c2e488811f","reference":"REF-a94ccb2b","status":"placed","total":1265.0,"totals":{"payable":1265.0},"items":[],"type":"room_booking","createdAt":"2025-11-13T18:02:00.653305Z","sellerResponseDeadline":"2025-11-13T18:17:00.653305Z","notes":""}]
2025-11-13 23:32:00.991 [34mINFO [0;39m [97b91fc7-6c89-439e-a042-bb12b028577c] [http-nio-8081-exec-3] com.bharatshop.web.OrdersController - List bookings: tenant=demo-store userId=daa4fa7e-cd33-4089-925f-ba68c9a73b41
2025-11-13 23:32:00.998 [34mINFO [0;39m [97b91fc7-6c89-439e-a042-bb12b028577c] [http-nio-8081-exec-3] c.b.config.logging.HttpLoggingFilter - GET /api/storefront/bookings -> 200 (9 ms)
2025-11-13 23:32:00.998 [34mINFO [0;39m [97b91fc7-6c89-439e-a042-bb12b028577c] [http-nio-8081-exec-3] c.b.config.logging.HttpLoggingFilter - Headers: auth=present content-type=null accept=application/json, text/plain, */*
2025-11-13 23:32:00.998 [34mINFO [0;39m [97b91fc7-6c89-439e-a042-bb12b028577c] [http-nio-8081-exec-3] c.b.config.logging.HttpLoggingFilter - Response payload: [{"id":"a94ccb2b-d12a-4b16-986f-25c2e488811f","reference":"REF-a94ccb2b","status":"placed","total":1265.0,"totals":{"payable":1265.0},"items":[],"type":"room_booking","createdAt":"2025-11-13T18:02:00.653305Z","sellerResponseDeadline":"2025-11-13T18:17:00.653305Z","notes":""}]
2025-11-13 23:38:57.328 [34mINFO [0;39m [] [main] c.bharatshop.BharatshopApplication - Starting BharatshopApplication using Java 17.0.12 with PID 85892 (C:\Users\Adarsh\Downloads\bharatshop-backend\target\classes started by Adarsh in C:\Users\Adarsh\Downloads\bharatshop-backend)
2025-11-13 23:38:57.329 [39mDEBUG[0;39m [] [main] c.bharatshop.BharatshopApplication - Running with Spring Boot v3.3.4, Spring v6.1.13
2025-11-13 23:38:57.329 [34mINFO [0;39m [] [main] c.bharatshop.BharatshopApplication - No active profile set, falling back to 1 default profile: "default"
2025-11-13 23:38:58.447 [34mINFO [0;39m [] [main] o.s.d.r.c.RepositoryConfigurationDelegate - Bootstrapping Spring Data JPA repositories in DEFAULT mode.
2025-11-13 23:38:58.532 [34mINFO [0;39m [] [main] o.s.d.r.c.RepositoryConfigurationDelegate - Finished Spring Data repository scanning in 73 ms. Found 5 JPA repository interfaces.
2025-11-13 23:38:59.285 [34mINFO [0;39m [] [main] o.s.b.w.e.tomcat.TomcatWebServer - Tomcat initialized with port 8081 (http)
2025-11-13 23:38:59.293 [34mINFO [0;39m [] [main] o.a.coyote.http11.Http11NioProtocol - Initializing ProtocolHandler ["http-nio-8081"]
2025-11-13 23:38:59.300 [34mINFO [0;39m [] [main] o.a.catalina.core.StandardService - Starting service [Tomcat]
2025-11-13 23:38:59.301 [34mINFO [0;39m [] [main] o.a.catalina.core.StandardEngine - Starting Servlet engine: [Apache Tomcat/10.1.30]
2025-11-13 23:38:59.408 [34mINFO [0;39m [] [main] o.a.c.c.C.[Tomcat].[localhost].[/] - Initializing Spring embedded WebApplicationContext
2025-11-13 23:38:59.408 [34mINFO [0;39m [] [main] o.s.b.w.s.c.ServletWebServerApplicationContext - Root WebApplicationContext: initialization completed in 2032 ms
2025-11-13 23:38:59.575 [34mINFO [0;39m [] [main] com.zaxxer.hikari.HikariDataSource - HikariPool-1 - Starting...
2025-11-13 23:38:59.758 [34mINFO [0;39m [] [main] com.zaxxer.hikari.pool.HikariPool - HikariPool-1 - Added connection conn0: url=jdbc:h2:mem:bharatshop user=SA
2025-11-13 23:38:59.761 [34mINFO [0;39m [] [main] com.zaxxer.hikari.HikariDataSource - HikariPool-1 - Start completed.
2025-11-13 23:38:59.763 [34mINFO [0;39m [] [main] o.s.b.a.h.H2ConsoleAutoConfiguration - H2 console available at '/h2-console'. Database available at 'jdbc:h2:mem:bharatshop'
2025-11-13 23:39:00.351 [34mINFO [0;39m [] [main] o.s.o.j.p.SpringPersistenceUnitInfo - No LoadTimeWeaver setup: ignoring JPA class transformer
2025-11-13 23:39:01.487 [34mINFO [0;39m [] [main] o.s.o.j.LocalContainerEntityManagerFactoryBean - Initialized JPA EntityManagerFactory for persistence unit 'default'
2025-11-13 23:39:01.833 [34mINFO [0;39m [] [main] c.b.config.NotificationConfig - SMS provider: Twilio
2025-11-13 23:39:01.995 [34mINFO [0;39m [] [main] c.b.config.NotificationConfig - Email provider: SMTP
2025-11-13 23:39:02.053 [39mDEBUG[0;39m [] [main] c.b.c.logging.CorrelationIdFilter - Filter 'correlationIdFilter' configured for use
2025-11-13 23:39:02.053 [39mDEBUG[0;39m [] [main] c.b.config.logging.HttpLoggingFilter - Filter 'httpLoggingFilter' configured for use
2025-11-13 23:39:02.057 [39mDEBUG[0;39m [] [main] com.bharatshop.config.TenantFilter - Filter 'tenantFilter' configured for use
2025-11-13 23:39:02.058 [39mDEBUG[0;39m [] [main] c.b.security.TokenAuthFilter - Filter 'tokenAuthFilter' configured for use
2025-11-13 23:39:02.059 [39mDEBUG[0;39m [] [main] c.b.config.IdempotencyFilter - Filter 'idempotencyFilter' configured for use
2025-11-13 23:39:02.357 [31mWARN [0;39m [] [main] o.s.b.a.o.j.JpaBaseConfiguration$JpaWebConfiguration - spring.jpa.open-in-view is enabled by default. Therefore, database queries may be performed during view rendering. Explicitly configure spring.jpa.open-in-view to disable this warning
2025-11-13 23:39:02.420 [31mWARN [0;39m [] [main] o.s.b.a.s.s.UserDetailsServiceAutoConfiguration - 

Using generated security password: 99800d28-5a8b-43a8-8459-59f7914a8651

This generated password is for development use only. Your security configuration must be updated before running your application in production.

2025-11-13 23:39:02.429 [34mINFO [0;39m [] [main] o.s.s.c.a.a.c.InitializeUserDetailsBeanManagerConfigurer$InitializeUserDetailsManagerConfigurer - Global AuthenticationManager configured with UserDetailsService bean with name inMemoryUserDetailsManager
2025-11-13 23:39:02.861 [34mINFO [0;39m [] [main] o.s.b.a.e.web.EndpointLinksResolver - Exposing 4 endpoints beneath base path '/actuator'
2025-11-13 23:39:03.393 [34mINFO [0;39m [] [main] o.a.coyote.http11.Http11NioProtocol - Starting ProtocolHandler ["http-nio-8081"]
2025-11-13 23:39:03.407 [34mINFO [0;39m [] [main] o.s.b.w.e.tomcat.TomcatWebServer - Tomcat started on port 8081 (http) with context path '/'
2025-11-13 23:39:03.428 [34mINFO [0;39m [] [main] c.bharatshop.BharatshopApplication - Started BharatshopApplication in 6.733 seconds (process running for 7.223)
2025-11-13 23:39:15.222 [34mINFO [0;39m [] [http-nio-8081-exec-1] o.a.c.c.C.[Tomcat].[localhost].[/] - Initializing Spring DispatcherServlet 'dispatcherServlet'
2025-11-13 23:39:15.226 [34mINFO [0;39m [] [http-nio-8081-exec-1] o.s.web.servlet.DispatcherServlet - Initializing Servlet 'dispatcherServlet'
2025-11-13 23:39:15.258 [34mINFO [0;39m [] [http-nio-8081-exec-1] o.s.web.servlet.DispatcherServlet - Completed initialization in 22 ms
2025-11-13 23:39:15.543 [34mINFO [0;39m [b3f2136e-55f5-4d46-a2e9-e14a217bd6fa] [http-nio-8081-exec-6] com.bharatshop.web.OrdersController - List bookings: tenant=demo-store userId=daa4fa7e-cd33-4089-925f-ba68c9a73b41
2025-11-13 23:39:15.580 [34mINFO [0;39m [a1f3fb38-f591-476d-b77a-865637911c30] [http-nio-8081-exec-1] com.bharatshop.web.EventController - Event ingested: id=evt_3d528b68-3d6a-4990-b5eb-f7bae54d5c42 name=nav_click tenant=demo-store userId=daa4fa7e-cd33-4089-925f-ba68c9a73b41 role=USER ip=127.0.0.1 ua=Mozilla/5.0 (Linux; Android 6.0; Nexus 5 Build/MRA58N) AppleWebKit/537.36 (KHTML, like Gecko) Chrome/142.0.0.0 Mobile Safari/537.36 ts=1763057354980 payloadPresent=true
2025-11-13 23:39:15.580 [34mINFO [0;39m [07e8cb58-271a-4fb6-81ad-726a4699635f] [http-nio-8081-exec-2] com.bharatshop.web.EventController - Event ingested: id=evt_c61fd1d4-e2be-424b-8d1c-cc88e210f7ec name=page_view tenant=demo-store userId=daa4fa7e-cd33-4089-925f-ba68c9a73b41 role=USER ip=127.0.0.1 ua=Mozilla/5.0 (Linux; Android 6.0; Nexus 5 Build/MRA58N) AppleWebKit/537.36 (KHTML, like Gecko) Chrome/142.0.0.0 Mobile Safari/537.36 ts=1763057355195 payloadPresent=true
2025-11-13 23:39:15.580 [34mINFO [0;39m [f5b56c69-84a1-4647-a6a7-0ab3f9e2694e] [http-nio-8081-exec-4] com.bharatshop.web.EventController - Event ingested: id=evt_f6026348-b337-413a-b34f-22c26be4d34f name=page_view tenant=demo-store userId=daa4fa7e-cd33-4089-925f-ba68c9a73b41 role=USER ip=127.0.0.1 ua=Mozilla/5.0 (Linux; Android 6.0; Nexus 5 Build/MRA58N) AppleWebKit/537.36 (KHTML, like Gecko) Chrome/142.0.0.0 Mobile Safari/537.36 ts=1763057355196 payloadPresent=true
2025-11-13 23:39:15.580 [34mINFO [0;39m [156ff279-117a-4392-a076-9d4e5259f45c] [http-nio-8081-exec-3] com.bharatshop.web.EventController - Event ingested: id=evt_5695d5da-0a49-4dc4-bc9e-012c8fd9697f name=bookings_fetch_start tenant=demo-store userId=daa4fa7e-cd33-4089-925f-ba68c9a73b41 role=USER ip=127.0.0.1 ua=Mozilla/5.0 (Linux; Android 6.0; Nexus 5 Build/MRA58N) AppleWebKit/537.36 (KHTML, like Gecko) Chrome/142.0.0.0 Mobile Safari/537.36 ts=1763057355196 payloadPresent=true
2025-11-13 23:39:15.580 [34mINFO [0;39m [629e4f2e-1524-4479-ba7e-3fc95962cf7b] [http-nio-8081-exec-5] com.bharatshop.web.EventController - Event ingested: id=evt_6a5703b6-7484-4644-9cae-fdeb1917e88b name=bookings_fetch_start tenant=demo-store userId=daa4fa7e-cd33-4089-925f-ba68c9a73b41 role=USER ip=127.0.0.1 ua=Mozilla/5.0 (Linux; Android 6.0; Nexus 5 Build/MRA58N) AppleWebKit/537.36 (KHTML, like Gecko) Chrome/142.0.0.0 Mobile Safari/537.36 ts=1763057355197 payloadPresent=true
2025-11-13 23:39:15.614 [34mINFO [0;39m [a1f3fb38-f591-476d-b77a-865637911c30] [http-nio-8081-exec-1] c.b.config.logging.HttpLoggingFilter - POST /api/events -> 200 (124 ms)
2025-11-13 23:39:15.614 [34mINFO [0;39m [07e8cb58-271a-4fb6-81ad-726a4699635f] [http-nio-8081-exec-2] c.b.config.logging.HttpLoggingFilter - POST /api/events -> 200 (124 ms)
2025-11-13 23:39:15.614 [34mINFO [0;39m [629e4f2e-1524-4479-ba7e-3fc95962cf7b] [http-nio-8081-exec-5] c.b.config.logging.HttpLoggingFilter - POST /api/events -> 200 (124 ms)
2025-11-13 23:39:15.614 [34mINFO [0;39m [f5b56c69-84a1-4647-a6a7-0ab3f9e2694e] [http-nio-8081-exec-4] c.b.config.logging.HttpLoggingFilter - POST /api/events -> 200 (124 ms)
2025-11-13 23:39:15.614 [34mINFO [0;39m [156ff279-117a-4392-a076-9d4e5259f45c] [http-nio-8081-exec-3] c.b.config.logging.HttpLoggingFilter - POST /api/events -> 200 (124 ms)
2025-11-13 23:39:15.614 [34mINFO [0;39m [a1f3fb38-f591-476d-b77a-865637911c30] [http-nio-8081-exec-1] c.b.config.logging.HttpLoggingFilter - Headers: auth=present content-type=application/json accept=application/json, text/plain, */*
2025-11-13 23:39:15.614 [34mINFO [0;39m [156ff279-117a-4392-a076-9d4e5259f45c] [http-nio-8081-exec-3] c.b.config.logging.HttpLoggingFilter - Headers: auth=present content-type=application/json accept=application/json, text/plain, */*
2025-11-13 23:39:15.614 [34mINFO [0;39m [629e4f2e-1524-4479-ba7e-3fc95962cf7b] [http-nio-8081-exec-5] c.b.config.logging.HttpLoggingFilter - Headers: auth=present content-type=application/json accept=application/json, text/plain, */*
2025-11-13 23:39:15.614 [34mINFO [0;39m [07e8cb58-271a-4fb6-81ad-726a4699635f] [http-nio-8081-exec-2] c.b.config.logging.HttpLoggingFilter - Headers: auth=present content-type=application/json accept=application/json, text/plain, */*
2025-11-13 23:39:15.614 [34mINFO [0;39m [f5b56c69-84a1-4647-a6a7-0ab3f9e2694e] [http-nio-8081-exec-4] c.b.config.logging.HttpLoggingFilter - Headers: auth=present content-type=application/json accept=application/json, text/plain, */*
2025-11-13 23:39:15.614 [34mINFO [0;39m [a1f3fb38-f591-476d-b77a-865637911c30] [http-nio-8081-exec-1] c.b.config.logging.HttpLoggingFilter - Request payload: {"name":"nav_click","payload":{"target":"/bookings","context":"mobile_nav"},"timestamp":1763057354980}
2025-11-13 23:39:15.614 [34mINFO [0;39m [156ff279-117a-4392-a076-9d4e5259f45c] [http-nio-8081-exec-3] c.b.config.logging.HttpLoggingFilter - Request payload: {"name":"bookings_fetch_start","payload":{"source":"my_bookings","userId":"daa4fa7e-cd33-4089-925f-ba68c9a73b41"},"timestamp":1763057355196}
2025-11-13 23:39:15.614 [34mINFO [0;39m [629e4f2e-1524-4479-ba7e-3fc95962cf7b] [http-nio-8081-exec-5] c.b.config.logging.HttpLoggingFilter - Request payload: {"name":"bookings_fetch_start","payload":{"source":"my_bookings","userId":"daa4fa7e-cd33-4089-925f-ba68c9a73b41"},"timestamp":1763057355197}
2025-11-13 23:39:15.614 [34mINFO [0;39m [07e8cb58-271a-4fb6-81ad-726a4699635f] [http-nio-8081-exec-2] c.b.config.logging.HttpLoggingFilter - Request payload: {"name":"page_view","payload":{"page":"/bookings","title":"MyBookings"},"timestamp":1763057355195}
2025-11-13 23:39:15.614 [34mINFO [0;39m [f5b56c69-84a1-4647-a6a7-0ab3f9e2694e] [http-nio-8081-exec-4] c.b.config.logging.HttpLoggingFilter - Request payload: {"name":"page_view","payload":{"page":"/bookings","title":"MyBookings"},"timestamp":1763057355196}
2025-11-13 23:39:15.614 [34mINFO [0;39m [a1f3fb38-f591-476d-b77a-865637911c30] [http-nio-8081-exec-1] c.b.config.logging.HttpLoggingFilter - Response payload: {"ok":true,"id":"evt_3d528b68-3d6a-4990-b5eb-f7bae54d5c42"}
2025-11-13 23:39:15.614 [34mINFO [0;39m [156ff279-117a-4392-a076-9d4e5259f45c] [http-nio-8081-exec-3] c.b.config.logging.HttpLoggingFilter - Response payload: {"ok":true,"id":"evt_5695d5da-0a49-4dc4-bc9e-012c8fd9697f"}
2025-11-13 23:39:15.614 [34mINFO [0;39m [629e4f2e-1524-4479-ba7e-3fc95962cf7b] [http-nio-8081-exec-5] c.b.config.logging.HttpLoggingFilter - Response payload: {"ok":true,"id":"evt_6a5703b6-7484-4644-9cae-fdeb1917e88b"}
2025-11-13 23:39:15.614 [34mINFO [0;39m [07e8cb58-271a-4fb6-81ad-726a4699635f] [http-nio-8081-exec-2] c.b.config.logging.HttpLoggingFilter - Response payload: {"ok":true,"id":"evt_c61fd1d4-e2be-424b-8d1c-cc88e210f7ec"}
2025-11-13 23:39:15.622 [34mINFO [0;39m [f5b56c69-84a1-4647-a6a7-0ab3f9e2694e] [http-nio-8081-exec-4] c.b.config.logging.HttpLoggingFilter - Response payload: {"ok":true,"id":"evt_f6026348-b337-413a-b34f-22c26be4d34f"}
2025-11-13 23:39:15.697 [34mINFO [0;39m [b3f2136e-55f5-4d46-a2e9-e14a217bd6fa] [http-nio-8081-exec-6] c.b.config.logging.HttpLoggingFilter - GET /api/storefront/bookings -> 200 (207 ms)
2025-11-13 23:39:15.697 [34mINFO [0;39m [b3f2136e-55f5-4d46-a2e9-e14a217bd6fa] [http-nio-8081-exec-6] c.b.config.logging.HttpLoggingFilter - Headers: auth=present content-type=null accept=application/json, text/plain, */*
2025-11-13 23:39:15.697 [34mINFO [0;39m [b3f2136e-55f5-4d46-a2e9-e14a217bd6fa] [http-nio-8081-exec-6] c.b.config.logging.HttpLoggingFilter - Response payload: []
2025-11-13 23:39:15.712 [34mINFO [0;39m [b657ec49-6461-4f2e-8adf-4b69a9c7cdfb] [http-nio-8081-exec-7] com.bharatshop.web.OrdersController - List bookings: tenant=demo-store userId=daa4fa7e-cd33-4089-925f-ba68c9a73b41
2025-11-13 23:39:15.714 [34mINFO [0;39m [da0b3c68-f259-4f2c-b671-9eea199875c6] [http-nio-8081-exec-8] com.bharatshop.web.EventController - Event ingested: id=evt_85c5cca2-04ab-4fef-8a8a-3b514a0048f2 name=bookings_fetch_success tenant=demo-store userId=daa4fa7e-cd33-4089-925f-ba68c9a73b41 role=USER ip=127.0.0.1 ua=Mozilla/5.0 (Linux; Android 6.0; Nexus 5 Build/MRA58N) AppleWebKit/537.36 (KHTML, like Gecko) Chrome/142.0.0.0 Mobile Safari/537.36 ts=1763057355704 payloadPresent=true
2025-11-13 23:39:15.716 [34mINFO [0;39m [da0b3c68-f259-4f2c-b671-9eea199875c6] [http-nio-8081-exec-8] c.b.config.logging.HttpLoggingFilter - POST /api/events -> 200 (4 ms)
2025-11-13 23:39:15.716 [34mINFO [0;39m [b657ec49-6461-4f2e-8adf-4b69a9c7cdfb] [http-nio-8081-exec-7] c.b.config.logging.HttpLoggingFilter - GET /api/storefront/bookings -> 200 (6 ms)
2025-11-13 23:39:15.716 [34mINFO [0;39m [b657ec49-6461-4f2e-8adf-4b69a9c7cdfb] [http-nio-8081-exec-7] c.b.config.logging.HttpLoggingFilter - Headers: auth=present content-type=null accept=application/json, text/plain, */*
2025-11-13 23:39:15.716 [34mINFO [0;39m [da0b3c68-f259-4f2c-b671-9eea199875c6] [http-nio-8081-exec-8] c.b.config.logging.HttpLoggingFilter - Headers: auth=present content-type=application/json accept=application/json, text/plain, */*
2025-11-13 23:39:15.716 [34mINFO [0;39m [da0b3c68-f259-4f2c-b671-9eea199875c6] [http-nio-8081-exec-8] c.b.config.logging.HttpLoggingFilter - Request payload: {"name":"bookings_fetch_success","payload":{"source":"my_bookings","count":0},"timestamp":1763057355704}
2025-11-13 23:39:15.716 [34mINFO [0;39m [b657ec49-6461-4f2e-8adf-4b69a9c7cdfb] [http-nio-8081-exec-7] c.b.config.logging.HttpLoggingFilter - Response payload: []
2025-11-13 23:39:15.716 [34mINFO [0;39m [da0b3c68-f259-4f2c-b671-9eea199875c6] [http-nio-8081-exec-8] c.b.config.logging.HttpLoggingFilter - Response payload: {"ok":true,"id":"evt_85c5cca2-04ab-4fef-8a8a-3b514a0048f2"}
2025-11-13 23:39:15.716 [34mINFO [0;39m [5517fb67-d92f-43b4-90a3-a63a4dcb55a7] [http-nio-8081-exec-9] com.bharatshop.web.EventController - Event ingested: id=evt_44d470b4-2536-4083-abd9-5e902a4b1360 name=bookings_empty tenant=demo-store userId=daa4fa7e-cd33-4089-925f-ba68c9a73b41 role=USER ip=127.0.0.1 ua=Mozilla/5.0 (Linux; Android 6.0; Nexus 5 Build/MRA58N) AppleWebKit/537.36 (KHTML, like Gecko) Chrome/142.0.0.0 Mobile Safari/537.36 ts=1763057355704 payloadPresent=true
2025-11-13 23:39:15.719 [34mINFO [0;39m [5517fb67-d92f-43b4-90a3-a63a4dcb55a7] [http-nio-8081-exec-9] c.b.config.logging.HttpLoggingFilter - POST /api/events -> 200 (3 ms)
2025-11-13 23:39:15.719 [34mINFO [0;39m [5517fb67-d92f-43b4-90a3-a63a4dcb55a7] [http-nio-8081-exec-9] c.b.config.logging.HttpLoggingFilter - Headers: auth=present content-type=application/json accept=application/json, text/plain, */*
2025-11-13 23:39:15.720 [34mINFO [0;39m [5517fb67-d92f-43b4-90a3-a63a4dcb55a7] [http-nio-8081-exec-9] c.b.config.logging.HttpLoggingFilter - Request payload: {"name":"bookings_empty","payload":{"source":"my_bookings"},"timestamp":1763057355704}
2025-11-13 23:39:15.721 [34mINFO [0;39m [5517fb67-d92f-43b4-90a3-a63a4dcb55a7] [http-nio-8081-exec-9] c.b.config.logging.HttpLoggingFilter - Response payload: {"ok":true,"id":"evt_44d470b4-2536-4083-abd9-5e902a4b1360"}
2025-11-13 23:39:15.742 [34mINFO [0;39m [9be753c4-21c5-44be-9715-a2dc7471de71] [http-nio-8081-exec-10] com.bharatshop.web.EventController - Event ingested: id=evt_e24ed1c9-10a4-4727-8a15-d494c6c68a52 name=bookings_fetch_success tenant=demo-store userId=daa4fa7e-cd33-4089-925f-ba68c9a73b41 role=USER ip=127.0.0.1 ua=Mozilla/5.0 (Linux; Android 6.0; Nexus 5 Build/MRA58N) AppleWebKit/537.36 (KHTML, like Gecko) Chrome/142.0.0.0 Mobile Safari/537.36 ts=1763057355726 payloadPresent=true
2025-11-13 23:39:15.742 [34mINFO [0;39m [b2517204-723a-49b6-b0c0-3afdf98e581c] [http-nio-8081-exec-5] com.bharatshop.web.EventController - Event ingested: id=evt_8d09e20b-13c1-4626-be0a-5242da4a3f1a name=bookings_empty tenant=demo-store userId=daa4fa7e-cd33-4089-925f-ba68c9a73b41 role=USER ip=127.0.0.1 ua=Mozilla/5.0 (Linux; Android 6.0; Nexus 5 Build/MRA58N) AppleWebKit/537.36 (KHTML, like Gecko) Chrome/142.0.0.0 Mobile Safari/537.36 ts=1763057355726 payloadPresent=true
2025-11-13 23:39:15.742 [34mINFO [0;39m [9be753c4-21c5-44be-9715-a2dc7471de71] [http-nio-8081-exec-10] c.b.config.logging.HttpLoggingFilter - POST /api/events -> 200 (2 ms)
2025-11-13 23:39:15.742 [34mINFO [0;39m [9be753c4-21c5-44be-9715-a2dc7471de71] [http-nio-8081-exec-10] c.b.config.logging.HttpLoggingFilter - Headers: auth=present content-type=application/json accept=application/json, text/plain, */*
2025-11-13 23:39:15.742 [34mINFO [0;39m [9be753c4-21c5-44be-9715-a2dc7471de71] [http-nio-8081-exec-10] c.b.config.logging.HttpLoggingFilter - Request payload: {"name":"bookings_fetch_success","payload":{"source":"my_bookings","count":0},"timestamp":1763057355726}
2025-11-13 23:39:15.742 [34mINFO [0;39m [b2517204-723a-49b6-b0c0-3afdf98e581c] [http-nio-8081-exec-5] c.b.config.logging.HttpLoggingFilter - POST /api/events -> 200 (2 ms)
2025-11-13 23:39:15.742 [34mINFO [0;39m [9be753c4-21c5-44be-9715-a2dc7471de71] [http-nio-8081-exec-10] c.b.config.logging.HttpLoggingFilter - Response payload: {"ok":true,"id":"evt_e24ed1c9-10a4-4727-8a15-d494c6c68a52"}
2025-11-13 23:39:15.742 [34mINFO [0;39m [b2517204-723a-49b6-b0c0-3afdf98e581c] [http-nio-8081-exec-5] c.b.config.logging.HttpLoggingFilter - Headers: auth=present content-type=application/json accept=application/json, text/plain, */*
2025-11-13 23:39:15.742 [34mINFO [0;39m [b2517204-723a-49b6-b0c0-3afdf98e581c] [http-nio-8081-exec-5] c.b.config.logging.HttpLoggingFilter - Request payload: {"name":"bookings_empty","payload":{"source":"my_bookings"},"timestamp":1763057355726}
2025-11-13 23:39:15.742 [34mINFO [0;39m [b2517204-723a-49b6-b0c0-3afdf98e581c] [http-nio-8081-exec-5] c.b.config.logging.HttpLoggingFilter - Response payload: {"ok":true,"id":"evt_8d09e20b-13c1-4626-be0a-5242da4a3f1a"}
2025-11-13 23:39:18.042 [34mINFO [0;39m [7d554ba5-05e5-4d98-b9de-38660c6e82b8] [http-nio-8081-exec-2] c.b.web.StoreDiscoveryController - Discover stores: tenant=demo-store search=null category=Hospitality
2025-11-13 23:39:18.102 [34mINFO [0;39m [7d554ba5-05e5-4d98-b9de-38660c6e82b8] [http-nio-8081-exec-2] c.b.config.logging.HttpLoggingFilter - GET /api/stores?category=Hospitality&city=Balrampur&lat=27.4235392&lon=82.1854208&lng=82.1854208 -> 200 (60 ms)
2025-11-13 23:39:18.102 [34mINFO [0;39m [7d554ba5-05e5-4d98-b9de-38660c6e82b8] [http-nio-8081-exec-2] c.b.config.logging.HttpLoggingFilter - Headers: auth=present content-type=null accept=application/json, text/plain, */*
2025-11-13 23:39:18.104 [34mINFO [0;39m [7d554ba5-05e5-4d98-b9de-38660c6e82b8] [http-nio-8081-exec-2] c.b.config.logging.HttpLoggingFilter - Response payload: [{"id":"2ea64322-5b66-4e9c-81c4-1f22a79250dd","name":"Sunrise Hotel","area":"Beach","category":"hospitality","status":"open","orderingDisabled":false,"updatedAt":"2025-11-13T18:09:03.561088Z"}]
2025-11-13 23:39:19.843 [34mINFO [0;39m [668bc1b3-3126-4b6d-9118-5f807af093d2] [http-nio-8081-exec-3] c.b.web.StoreDiscoveryController - Products by store: tenant=demo-store storeId=2ea64322-5b66-4e9c-81c4-1f22a79250dd
2025-11-13 23:39:19.845 [34mINFO [0;39m [7d624204-9ec1-43bb-ab23-4ad029eee86f] [http-nio-8081-exec-1] c.b.web.StoreDiscoveryController - Get store: tenant=demo-store id=2ea64322-5b66-4e9c-81c4-1f22a79250dd
2025-11-13 23:39:19.875 [34mINFO [0;39m [7d624204-9ec1-43bb-ab23-4ad029eee86f] [http-nio-8081-exec-1] c.b.web.StoreDiscoveryController - Get store success: id=2ea64322-5b66-4e9c-81c4-1f22a79250dd name=Sunrise Hotel 
2025-11-13 23:39:19.881 [34mINFO [0;39m [668bc1b3-3126-4b6d-9118-5f807af093d2] [http-nio-8081-exec-3] c.b.config.logging.HttpLoggingFilter - GET /api/products?storeId=2ea64322-5b66-4e9c-81c4-1f22a79250dd -> 200 (41 ms)
2025-11-13 23:39:19.881 [34mINFO [0;39m [7d624204-9ec1-43bb-ab23-4ad029eee86f] [http-nio-8081-exec-1] c.b.config.logging.HttpLoggingFilter - GET /api/stores/2ea64322-5b66-4e9c-81c4-1f22a79250dd -> 200 (39 ms)
2025-11-13 23:39:19.883 [34mINFO [0;39m [7d624204-9ec1-43bb-ab23-4ad029eee86f] [http-nio-8081-exec-1] c.b.config.logging.HttpLoggingFilter - Headers: auth=present content-type=null accept=application/json, text/plain, */*
2025-11-13 23:39:19.883 [34mINFO [0;39m [7d624204-9ec1-43bb-ab23-4ad029eee86f] [http-nio-8081-exec-1] c.b.config.logging.HttpLoggingFilter - Response payload: {"id":"2ea64322-5b66-4e9c-81c4-1f22a79250dd","name":"Sunrise Hotel","area":"Beach","category":"hospitality","status":"open","orderingDisabled":false,"updatedAt":"2025-11-13T18:09:03.561088Z"}
2025-11-13 23:39:19.883 [34mINFO [0;39m [668bc1b3-3126-4b6d-9118-5f807af093d2] [http-nio-8081-exec-3] c.b.config.logging.HttpLoggingFilter - Headers: auth=present content-type=null accept=application/json, text/plain, */*
2025-11-13 23:39:19.937 [34mINFO [0;39m [668bc1b3-3126-4b6d-9118-5f807af093d2] [http-nio-8081-exec-3] c.b.config.logging.HttpLoggingFilter - Response payload: [{"id":"631114b6-183c-4cfe-80a5-7003d07b78ab","name":"Room Deluxe","price":2500.0,"category":"room","storeId":"2ea64322-5b66-4e9c-81c4-1f22a79250dd","active":true}]
2025-11-13 23:39:19.971 [34mINFO [0;39m [8ed98f9e-e600-4e05-99bd-18f42f21026a] [http-nio-8081-exec-4] c.b.web.StoreDiscoveryController - Get store: tenant=demo-store id=2ea64322-5b66-4e9c-81c4-1f22a79250dd
2025-11-13 23:39:19.974 [34mINFO [0;39m [8ed98f9e-e600-4e05-99bd-18f42f21026a] [http-nio-8081-exec-4] c.b.web.StoreDiscoveryController - Get store success: id=2ea64322-5b66-4e9c-81c4-1f22a79250dd name=Sunrise Hotel 
2025-11-13 23:39:19.977 [34mINFO [0;39m [8ed98f9e-e600-4e05-99bd-18f42f21026a] [http-nio-8081-exec-4] c.b.config.logging.HttpLoggingFilter - GET /api/stores/2ea64322-5b66-4e9c-81c4-1f22a79250dd -> 200 (10 ms)
2025-11-13 23:39:19.977 [34mINFO [0;39m [8ed98f9e-e600-4e05-99bd-18f42f21026a] [http-nio-8081-exec-4] c.b.config.logging.HttpLoggingFilter - Headers: auth=present content-type=null accept=application/json, text/plain, */*
2025-11-13 23:39:19.977 [34mINFO [0;39m [8ed98f9e-e600-4e05-99bd-18f42f21026a] [http-nio-8081-exec-4] c.b.config.logging.HttpLoggingFilter - Response payload: {"id":"2ea64322-5b66-4e9c-81c4-1f22a79250dd","name":"Sunrise Hotel","area":"Beach","category":"hospitality","status":"open","orderingDisabled":false,"updatedAt":"2025-11-13T18:09:03.561088Z"}
2025-11-13 23:39:22.154 [34mINFO [0;39m [03010ce2-b7c7-4a56-bbef-6961b4cda34c] [http-nio-8081-exec-6] c.b.config.logging.HttpLoggingFilter - GET /store/2ea64322-5b66-4e9c-81c4-1f22a79250dd -> 404 (12 ms)
2025-11-13 23:39:22.155 [34mINFO [0;39m [03010ce2-b7c7-4a56-bbef-6961b4cda34c] [http-nio-8081-exec-6] c.b.config.logging.HttpLoggingFilter - Headers: auth=absent content-type=null accept=text/html,application/xhtml+xml,application/xml;q=0.9,image/avif,image/webp,image/apng,*/*;q=0.8,application/signed-exchange;v=b3;q=0.7
2025-11-13 23:39:26.476 [34mINFO [0;39m [461d0e1f-10a4-4629-8315-ad1b160cfa33] [http-nio-8081-exec-8] c.b.config.logging.HttpLoggingFilter - GET /store/2ea64322-5b66-4e9c-81c4-1f22a79250dd -> 404 (3 ms)
2025-11-13 23:39:26.476 [34mINFO [0;39m [461d0e1f-10a4-4629-8315-ad1b160cfa33] [http-nio-8081-exec-8] c.b.config.logging.HttpLoggingFilter - Headers: auth=absent content-type=null accept=text/html,application/xhtml+xml,application/xml;q=0.9,image/avif,image/webp,image/apng,*/*;q=0.8,application/signed-exchange;v=b3;q=0.7
2025-11-13 23:39:29.338 [34mINFO [0;39m [aeb0301f-9bae-4400-9a1d-1e3c63481e7a] [http-nio-8081-exec-7] c.b.config.logging.HttpLoggingFilter - GET /store/2ea64322-5b66-4e9c-81c4-1f22a79250dd -> 404 (3 ms)
2025-11-13 23:39:29.338 [34mINFO [0;39m [aeb0301f-9bae-4400-9a1d-1e3c63481e7a] [http-nio-8081-exec-7] c.b.config.logging.HttpLoggingFilter - Headers: auth=absent content-type=null accept=text/html,application/xhtml+xml,application/xml;q=0.9,image/avif,image/webp,image/apng,*/*;q=0.8,application/signed-exchange;v=b3;q=0.7
2025-11-13 23:39:31.180 [34mINFO [0;39m [ef851d7e-7308-4622-8e3b-d539ac1d3386] [http-nio-8081-exec-9] c.b.config.logging.HttpLoggingFilter - GET /store/2ea64322-5b66-4e9c-81c4-1f22a79250dd -> 404 (2 ms)
2025-11-13 23:39:31.180 [34mINFO [0;39m [ef851d7e-7308-4622-8e3b-d539ac1d3386] [http-nio-8081-exec-9] c.b.config.logging.HttpLoggingFilter - Headers: auth=absent content-type=null accept=text/html,application/xhtml+xml,application/xml;q=0.9,image/avif,image/webp,image/apng,*/*;q=0.8,application/signed-exchange;v=b3;q=0.7
2025-11-13 23:39:47.155 [34mINFO [0;39m [61764f56-6b36-4c4e-b65c-b3bbdef20fd0] [http-nio-8081-exec-10] c.b.config.logging.HttpLoggingFilter - GET /store/2ea64322-5b66-4e9c-81c4-1f22a79250dd -> 404 (8 ms)
2025-11-13 23:39:47.157 [34mINFO [0;39m [61764f56-6b36-4c4e-b65c-b3bbdef20fd0] [http-nio-8081-exec-10] c.b.config.logging.HttpLoggingFilter - Headers: auth=absent content-type=null accept=text/html,application/xhtml+xml,application/xml;q=0.9,image/avif,image/webp,image/apng,*/*;q=0.8,application/signed-exchange;v=b3;q=0.7
2025-11-13 23:40:07.176 [34mINFO [0;39m [d08de1b0-cd10-471c-a145-8a7a37eab0f4] [http-nio-8081-exec-2] com.bharatshop.web.AuthController - Profile requested: tokenPresent=true 
2025-11-13 23:40:07.178 [34mINFO [0;39m [13f96bc7-bedb-4f26-950c-69f27ab0faf3] [http-nio-8081-exec-5] com.bharatshop.web.CartController - Get cart: userId=daa4fa7e-cd33-4089-925f-ba68c9a73b41
2025-11-13 23:40:07.181 [34mINFO [0;39m [13f96bc7-bedb-4f26-950c-69f27ab0faf3] [http-nio-8081-exec-5] c.b.config.logging.HttpLoggingFilter - GET /store/cart -> 200 (7 ms)
2025-11-13 23:40:07.183 [34mINFO [0;39m [13f96bc7-bedb-4f26-950c-69f27ab0faf3] [http-nio-8081-exec-5] c.b.config.logging.HttpLoggingFilter - Headers: auth=present content-type=null accept=application/json, text/plain, */*
2025-11-13 23:40:07.186 [34mINFO [0;39m [13f96bc7-bedb-4f26-950c-69f27ab0faf3] [http-nio-8081-exec-5] c.b.config.logging.HttpLoggingFilter - Response payload: []
2025-11-13 23:40:07.188 [34mINFO [0;39m [d08de1b0-cd10-471c-a145-8a7a37eab0f4] [http-nio-8081-exec-2] c.b.config.logging.HttpLoggingFilter - GET /api/storefront/auth/profile -> 401 (14 ms)
2025-11-13 23:40:07.190 [34mINFO [0;39m [d08de1b0-cd10-471c-a145-8a7a37eab0f4] [http-nio-8081-exec-2] c.b.config.logging.HttpLoggingFilter - Headers: auth=present content-type=null accept=application/json, text/plain, */*
2025-11-13 23:40:07.190 [34mINFO [0;39m [d08de1b0-cd10-471c-a145-8a7a37eab0f4] [http-nio-8081-exec-2] c.b.config.logging.HttpLoggingFilter - Response payload: {"message":"Unauthorized"}
2025-11-13 23:40:07.208 [34mINFO [0;39m [9f4fd8d4-d4d2-466a-9ed8-577560a70aa9] [http-nio-8081-exec-1] com.bharatshop.web.CartController - Get cart: userId=daa4fa7e-cd33-4089-925f-ba68c9a73b41
2025-11-13 23:40:07.210 [34mINFO [0;39m [9f4fd8d4-d4d2-466a-9ed8-577560a70aa9] [http-nio-8081-exec-1] c.b.config.logging.HttpLoggingFilter - GET /store/cart -> 200 (6 ms)
2025-11-13 23:40:07.210 [34mINFO [0;39m [9f4fd8d4-d4d2-466a-9ed8-577560a70aa9] [http-nio-8081-exec-1] c.b.config.logging.HttpLoggingFilter - Headers: auth=present content-type=null accept=application/json, text/plain, */*
2025-11-13 23:40:07.212 [34mINFO [0;39m [9f4fd8d4-d4d2-466a-9ed8-577560a70aa9] [http-nio-8081-exec-1] c.b.config.logging.HttpLoggingFilter - Response payload: []
2025-11-13 23:40:07.215 [34mINFO [0;39m [dffa83cb-3f1e-4aa1-863c-64cef8896d49] [http-nio-8081-exec-3] com.bharatshop.web.AuthController - Profile requested: tokenPresent=true 
2025-11-13 23:40:07.221 [34mINFO [0;39m [dffa83cb-3f1e-4aa1-863c-64cef8896d49] [http-nio-8081-exec-3] c.b.config.logging.HttpLoggingFilter - GET /api/storefront/auth/profile -> 401 (9 ms)
2025-11-13 23:40:07.221 [34mINFO [0;39m [dffa83cb-3f1e-4aa1-863c-64cef8896d49] [http-nio-8081-exec-3] c.b.config.logging.HttpLoggingFilter - Headers: auth=present content-type=null accept=application/json, text/plain, */*
2025-11-13 23:40:07.221 [34mINFO [0;39m [dffa83cb-3f1e-4aa1-863c-64cef8896d49] [http-nio-8081-exec-3] c.b.config.logging.HttpLoggingFilter - Response payload: {"message":"Unauthorized"}
2025-11-13 23:40:07.325 [34mINFO [0;39m [41081bd2-cc4d-471f-bd31-6d23be41efaa] [http-nio-8081-exec-4] c.b.web.StoreDiscoveryController - Discover stores: tenant=demo-store search=null category=null
2025-11-13 23:40:07.338 [34mINFO [0;39m [41081bd2-cc4d-471f-bd31-6d23be41efaa] [http-nio-8081-exec-4] c.b.config.logging.HttpLoggingFilter - GET /api/stores -> 200 (13 ms)
2025-11-13 23:40:07.338 [34mINFO [0;39m [41081bd2-cc4d-471f-bd31-6d23be41efaa] [http-nio-8081-exec-4] c.b.config.logging.HttpLoggingFilter - Headers: auth=absent content-type=null accept=application/json, text/plain, */*
2025-11-13 23:40:07.340 [34mINFO [0;39m [41081bd2-cc4d-471f-bd31-6d23be41efaa] [http-nio-8081-exec-4] c.b.config.logging.HttpLoggingFilter - Response payload: [{"id":"5ff62ee9-02eb-474e-92a1-928e378fdaa0","name":"City Pharmacy","area":"Brigade","category":"pharmacy","status":"open","orderingDisabled":false,"updatedAt":"2025-11-13T18:09:03.561088Z"},{"id":"79dab6c6-92a5-415a-b9ac-5bcc3d1e9062","name":"Fresh Mart","area":"MG Road","category":"grocery","status":"open","orderingDisabled":false,"updatedAt":"2025-11-13T18:09:03.470241Z"},{"id":"2ea64322-5b66-4e9c-81c4-1f22a79250dd","name":"Sunrise Hotel","area":"Beach","category":"hospitality","status":"open","orderingDisabled":false,"updatedAt":"2025-11-13T18:09:03.561088Z"}]
2025-11-13 23:40:12.310 [34mINFO [0;39m [5f5870e0-57a4-4b29-90a8-dd88dd48fbe8] [http-nio-8081-exec-6] c.b.web.StoreDiscoveryController - Get store: tenant=demo-store id=5ff62ee9-02eb-474e-92a1-928e378fdaa0
2025-11-13 23:40:12.310 [34mINFO [0;39m [b8bc40cd-93d9-4bc4-90bf-f0ae11b87140] [http-nio-8081-exec-8] c.b.web.StoreDiscoveryController - Products by store: tenant=demo-store storeId=5ff62ee9-02eb-474e-92a1-928e378fdaa0
2025-11-13 23:40:12.316 [34mINFO [0;39m [5f5870e0-57a4-4b29-90a8-dd88dd48fbe8] [http-nio-8081-exec-6] c.b.web.StoreDiscoveryController - Get store success: id=5ff62ee9-02eb-474e-92a1-928e378fdaa0 name=City Pharmacy 
2025-11-13 23:40:12.319 [34mINFO [0;39m [b8bc40cd-93d9-4bc4-90bf-f0ae11b87140] [http-nio-8081-exec-8] c.b.config.logging.HttpLoggingFilter - GET /api/products?storeId=5ff62ee9-02eb-474e-92a1-928e378fdaa0 -> 200 (12 ms)
2025-11-13 23:40:12.319 [34mINFO [0;39m [5f5870e0-57a4-4b29-90a8-dd88dd48fbe8] [http-nio-8081-exec-6] c.b.config.logging.HttpLoggingFilter - GET /api/stores/5ff62ee9-02eb-474e-92a1-928e378fdaa0 -> 200 (12 ms)
2025-11-13 23:40:12.321 [34mINFO [0;39m [b8bc40cd-93d9-4bc4-90bf-f0ae11b87140] [http-nio-8081-exec-8] c.b.config.logging.HttpLoggingFilter - Headers: auth=absent content-type=null accept=application/json, text/plain, */*
2025-11-13 23:40:12.321 [34mINFO [0;39m [5f5870e0-57a4-4b29-90a8-dd88dd48fbe8] [http-nio-8081-exec-6] c.b.config.logging.HttpLoggingFilter - Headers: auth=absent content-type=null accept=application/json, text/plain, */*
2025-11-13 23:40:12.321 [34mINFO [0;39m [b8bc40cd-93d9-4bc4-90bf-f0ae11b87140] [http-nio-8081-exec-8] c.b.config.logging.HttpLoggingFilter - Response payload: [{"id":"5cf2a1ee-4cb5-402f-876a-fa409594818d","name":"Paracetamol","price":35.0,"category":"medicine","storeId":"5ff62ee9-02eb-474e-92a1-928e378fdaa0","active":true}]
2025-11-13 23:40:12.321 [34mINFO [0;39m [5f5870e0-57a4-4b29-90a8-dd88dd48fbe8] [http-nio-8081-exec-6] c.b.config.logging.HttpLoggingFilter - Response payload: {"id":"5ff62ee9-02eb-474e-92a1-928e378fdaa0","name":"City Pharmacy","area":"Brigade","category":"pharmacy","status":"open","orderingDisabled":false,"updatedAt":"2025-11-13T18:09:03.561088Z"}
2025-11-13 23:40:16.417 [34mINFO [0;39m [b5c5e88e-9d95-4534-b80d-3436be3d3935] [http-nio-8081-exec-7] c.b.web.StoreDiscoveryController - Discover stores: tenant=demo-store search=null category=Hospitality
2025-11-13 23:40:16.421 [34mINFO [0;39m [b5c5e88e-9d95-4534-b80d-3436be3d3935] [http-nio-8081-exec-7] c.b.config.logging.HttpLoggingFilter - GET /api/stores?category=Hospitality&city=Balrampur&lat=27.4235392&lon=82.1854208&lng=82.1854208 -> 200 (6 ms)
2025-11-13 23:40:16.421 [34mINFO [0;39m [b5c5e88e-9d95-4534-b80d-3436be3d3935] [http-nio-8081-exec-7] c.b.config.logging.HttpLoggingFilter - Headers: auth=absent content-type=null accept=application/json, text/plain, */*
2025-11-13 23:40:16.423 [34mINFO [0;39m [b5c5e88e-9d95-4534-b80d-3436be3d3935] [http-nio-8081-exec-7] c.b.config.logging.HttpLoggingFilter - Response payload: [{"id":"2ea64322-5b66-4e9c-81c4-1f22a79250dd","name":"Sunrise Hotel","area":"Beach","category":"hospitality","status":"open","orderingDisabled":false,"updatedAt":"2025-11-13T18:09:03.561088Z"}]
2025-11-13 23:40:18.097 [34mINFO [0;39m [52c61f57-7b3d-40f7-b91e-4faf9b9cc7ba] [http-nio-8081-exec-9] c.b.web.StoreDiscoveryController - Get store: tenant=demo-store id=2ea64322-5b66-4e9c-81c4-1f22a79250dd
2025-11-13 23:40:18.107 [34mINFO [0;39m [b738c758-f0c0-4663-aa67-77f9a172ca87] [http-nio-8081-exec-10] c.b.web.StoreDiscoveryController - Products by store: tenant=demo-store storeId=2ea64322-5b66-4e9c-81c4-1f22a79250dd
2025-11-13 23:40:18.131 [34mINFO [0;39m [52c61f57-7b3d-40f7-b91e-4faf9b9cc7ba] [http-nio-8081-exec-9] c.b.web.StoreDiscoveryController - Get store success: id=2ea64322-5b66-4e9c-81c4-1f22a79250dd name=Sunrise Hotel 
2025-11-13 23:40:18.135 [34mINFO [0;39m [52c61f57-7b3d-40f7-b91e-4faf9b9cc7ba] [http-nio-8081-exec-9] c.b.config.logging.HttpLoggingFilter - GET /api/stores/2ea64322-5b66-4e9c-81c4-1f22a79250dd -> 200 (40 ms)
2025-11-13 23:40:18.148 [34mINFO [0;39m [52c61f57-7b3d-40f7-b91e-4faf9b9cc7ba] [http-nio-8081-exec-9] c.b.config.logging.HttpLoggingFilter - Headers: auth=absent content-type=null accept=application/json, text/plain, */*
2025-11-13 23:40:18.150 [34mINFO [0;39m [52c61f57-7b3d-40f7-b91e-4faf9b9cc7ba] [http-nio-8081-exec-9] c.b.config.logging.HttpLoggingFilter - Response payload: {"id":"2ea64322-5b66-4e9c-81c4-1f22a79250dd","name":"Sunrise Hotel","area":"Beach","category":"hospitality","status":"open","orderingDisabled":false,"updatedAt":"2025-11-13T18:09:03.561088Z"}
2025-11-13 23:40:18.154 [34mINFO [0;39m [b738c758-f0c0-4663-aa67-77f9a172ca87] [http-nio-8081-exec-10] c.b.config.logging.HttpLoggingFilter - GET /api/products?storeId=2ea64322-5b66-4e9c-81c4-1f22a79250dd -> 200 (47 ms)
2025-11-13 23:40:18.156 [34mINFO [0;39m [b738c758-f0c0-4663-aa67-77f9a172ca87] [http-nio-8081-exec-10] c.b.config.logging.HttpLoggingFilter - Headers: auth=absent content-type=null accept=application/json, text/plain, */*
2025-11-13 23:40:18.158 [34mINFO [0;39m [b738c758-f0c0-4663-aa67-77f9a172ca87] [http-nio-8081-exec-10] c.b.config.logging.HttpLoggingFilter - Response payload: [{"id":"631114b6-183c-4cfe-80a5-7003d07b78ab","name":"Room Deluxe","price":2500.0,"category":"room","storeId":"2ea64322-5b66-4e9c-81c4-1f22a79250dd","active":true}]
2025-11-13 23:40:42.146 [34mINFO [0;39m [] [SpringApplicationShutdownHook] o.s.o.j.LocalContainerEntityManagerFactoryBean - Closing JPA EntityManagerFactory for persistence unit 'default'
2025-11-13 23:40:42.177 [34mINFO [0;39m [] [SpringApplicationShutdownHook] com.zaxxer.hikari.HikariDataSource - HikariPool-1 - Shutdown initiated...
2025-11-13 23:40:42.182 [34mINFO [0;39m [] [SpringApplicationShutdownHook] com.zaxxer.hikari.HikariDataSource - HikariPool-1 - Shutdown completed.
2025-11-13 23:45:23.262 [34mINFO [0;39m [] [main] c.bharatshop.BharatshopApplication - Starting BharatshopApplication using Java 17.0.12 with PID 86236 (C:\Users\Adarsh\Downloads\bharatshop-backend\target\classes started by Adarsh in C:\Users\Adarsh\Downloads\bharatshop-backend)
2025-11-13 23:45:23.265 [39mDEBUG[0;39m [] [main] c.bharatshop.BharatshopApplication - Running with Spring Boot v3.3.4, Spring v6.1.13
2025-11-13 23:45:23.265 [34mINFO [0;39m [] [main] c.bharatshop.BharatshopApplication - No active profile set, falling back to 1 default profile: "default"
2025-11-13 23:45:24.544 [34mINFO [0;39m [] [main] o.s.d.r.c.RepositoryConfigurationDelegate - Bootstrapping Spring Data JPA repositories in DEFAULT mode.
2025-11-13 23:45:24.636 [34mINFO [0;39m [] [main] o.s.d.r.c.RepositoryConfigurationDelegate - Finished Spring Data repository scanning in 82 ms. Found 5 JPA repository interfaces.
2025-11-13 23:45:25.581 [34mINFO [0;39m [] [main] o.s.b.w.e.tomcat.TomcatWebServer - Tomcat initialized with port 8081 (http)
2025-11-13 23:45:25.599 [34mINFO [0;39m [] [main] o.a.coyote.http11.Http11NioProtocol - Initializing ProtocolHandler ["http-nio-8081"]
2025-11-13 23:45:25.603 [34mINFO [0;39m [] [main] o.a.catalina.core.StandardService - Starting service [Tomcat]
2025-11-13 23:45:25.603 [34mINFO [0;39m [] [main] o.a.catalina.core.StandardEngine - Starting Servlet engine: [Apache Tomcat/10.1.30]
2025-11-13 23:45:25.708 [34mINFO [0;39m [] [main] o.a.c.c.C.[Tomcat].[localhost].[/] - Initializing Spring embedded WebApplicationContext
2025-11-13 23:45:25.708 [34mINFO [0;39m [] [main] o.s.b.w.s.c.ServletWebServerApplicationContext - Root WebApplicationContext: initialization completed in 2394 ms
2025-11-13 23:45:25.900 [34mINFO [0;39m [] [main] com.zaxxer.hikari.HikariDataSource - HikariPool-1 - Starting...
2025-11-13 23:45:26.107 [34mINFO [0;39m [] [main] com.zaxxer.hikari.pool.HikariPool - HikariPool-1 - Added connection conn0: url=jdbc:h2:mem:bharatshop user=SA
2025-11-13 23:45:26.110 [34mINFO [0;39m [] [main] com.zaxxer.hikari.HikariDataSource - HikariPool-1 - Start completed.
2025-11-13 23:45:26.120 [34mINFO [0;39m [] [main] o.s.b.a.h.H2ConsoleAutoConfiguration - H2 console available at '/h2-console'. Database available at 'jdbc:h2:mem:bharatshop'
2025-11-13 23:45:26.703 [34mINFO [0;39m [] [main] o.s.o.j.p.SpringPersistenceUnitInfo - No LoadTimeWeaver setup: ignoring JPA class transformer
2025-11-13 23:45:27.932 [34mINFO [0;39m [] [main] o.s.o.j.LocalContainerEntityManagerFactoryBean - Initialized JPA EntityManagerFactory for persistence unit 'default'
2025-11-13 23:45:28.264 [34mINFO [0;39m [] [main] c.b.config.NotificationConfig - SMS provider: Twilio
2025-11-13 23:45:28.395 [34mINFO [0;39m [] [main] c.b.config.NotificationConfig - Email provider: SMTP
2025-11-13 23:45:28.453 [39mDEBUG[0;39m [] [main] c.b.c.logging.CorrelationIdFilter - Filter 'correlationIdFilter' configured for use
2025-11-13 23:45:28.454 [39mDEBUG[0;39m [] [main] c.b.config.logging.HttpLoggingFilter - Filter 'httpLoggingFilter' configured for use
2025-11-13 23:45:28.456 [39mDEBUG[0;39m [] [main] com.bharatshop.config.TenantFilter - Filter 'tenantFilter' configured for use
2025-11-13 23:45:28.456 [39mDEBUG[0;39m [] [main] c.b.security.TokenAuthFilter - Filter 'tokenAuthFilter' configured for use
2025-11-13 23:45:28.457 [39mDEBUG[0;39m [] [main] c.b.config.IdempotencyFilter - Filter 'idempotencyFilter' configured for use
2025-11-13 23:45:28.752 [31mWARN [0;39m [] [main] o.s.b.a.o.j.JpaBaseConfiguration$JpaWebConfiguration - spring.jpa.open-in-view is enabled by default. Therefore, database queries may be performed during view rendering. Explicitly configure spring.jpa.open-in-view to disable this warning
2025-11-13 23:45:28.791 [31mWARN [0;39m [] [main] o.s.b.a.s.s.UserDetailsServiceAutoConfiguration - 

Using generated security password: 4dcf6c13-affa-4d88-b1d7-9de47af7cbe1

This generated password is for development use only. Your security configuration must be updated before running your application in production.

2025-11-13 23:45:28.797 [34mINFO [0;39m [] [main] o.s.s.c.a.a.c.InitializeUserDetailsBeanManagerConfigurer$InitializeUserDetailsManagerConfigurer - Global AuthenticationManager configured with UserDetailsService bean with name inMemoryUserDetailsManager
2025-11-13 23:45:29.234 [34mINFO [0;39m [] [main] o.s.b.a.e.web.EndpointLinksResolver - Exposing 4 endpoints beneath base path '/actuator'
2025-11-13 23:45:29.741 [34mINFO [0;39m [] [main] o.a.coyote.http11.Http11NioProtocol - Starting ProtocolHandler ["http-nio-8081"]
2025-11-13 23:45:29.754 [34mINFO [0;39m [] [main] o.s.b.w.e.tomcat.TomcatWebServer - Tomcat started on port 8081 (http) with context path '/'
2025-11-13 23:45:29.771 [34mINFO [0;39m [] [main] c.bharatshop.BharatshopApplication - Started BharatshopApplication in 7.197 seconds (process running for 7.649)
2025-11-13 23:45:44.681 [34mINFO [0;39m [] [http-nio-8081-exec-2] o.a.c.c.C.[Tomcat].[localhost].[/] - Initializing Spring DispatcherServlet 'dispatcherServlet'
2025-11-13 23:45:44.682 [34mINFO [0;39m [] [http-nio-8081-exec-2] o.s.web.servlet.DispatcherServlet - Initializing Servlet 'dispatcherServlet'
2025-11-13 23:45:44.685 [34mINFO [0;39m [] [http-nio-8081-exec-2] o.s.web.servlet.DispatcherServlet - Completed initialization in 2 ms
2025-11-13 23:45:44.835 [34mINFO [0;39m [cc6fc231-bc50-414f-b556-e172a9b4ce1d] [http-nio-8081-exec-1] c.b.config.logging.HttpLoggingFilter - GET /?ide_webview_request_time=1762875389591 -> 404 (34 ms)
2025-11-13 23:45:44.835 [34mINFO [0;39m [62a301fd-f89d-4a04-9a51-61a0ba8517ee] [http-nio-8081-exec-2] c.b.config.logging.HttpLoggingFilter - GET /?ide_webview_request_time=1762875389591 -> 404 (34 ms)
2025-11-13 23:45:44.837 [34mINFO [0;39m [cc6fc231-bc50-414f-b556-e172a9b4ce1d] [http-nio-8081-exec-1] c.b.config.logging.HttpLoggingFilter - Headers: auth=absent content-type=null accept=text/html,application/xhtml+xml,application/xml;q=0.9,image/avif,image/webp,image/apng,*/*;q=0.8,application/signed-exchange;v=b3;q=0.7
2025-11-13 23:45:44.837 [34mINFO [0;39m [62a301fd-f89d-4a04-9a51-61a0ba8517ee] [http-nio-8081-exec-2] c.b.config.logging.HttpLoggingFilter - Headers: auth=absent content-type=null accept=text/html,application/xhtml+xml,application/xml;q=0.9,image/avif,image/webp,image/apng,*/*;q=0.8,application/signed-exchange;v=b3;q=0.7
2025-11-13 23:45:45.047 [34mINFO [0;39m [2af8be79-dc16-4c03-b7fc-dfb98072bce3] [http-nio-8081-exec-3] c.b.config.logging.HttpLoggingFilter - GET /@vite/client -> 404 (10 ms)
2025-11-13 23:45:45.047 [34mINFO [0;39m [2af8be79-dc16-4c03-b7fc-dfb98072bce3] [http-nio-8081-exec-3] c.b.config.logging.HttpLoggingFilter - Headers: auth=absent content-type=null accept=*/*
2025-11-13 23:46:49.495 [34mINFO [0;39m [7f7d0ce5-450b-4210-abe8-0c3cadc8f475] [http-nio-8081-exec-5] com.bharatshop.web.CartController - Get cart: userId=guest
2025-11-13 23:46:49.505 [34mINFO [0;39m [7f7d0ce5-450b-4210-abe8-0c3cadc8f475] [http-nio-8081-exec-5] c.b.config.logging.HttpLoggingFilter - GET /store/cart -> 200 (27 ms)
2025-11-13 23:46:49.508 [34mINFO [0;39m [7f7d0ce5-450b-4210-abe8-0c3cadc8f475] [http-nio-8081-exec-5] c.b.config.logging.HttpLoggingFilter - Headers: auth=absent content-type=null accept=application/json, text/plain, */*
2025-11-13 23:46:49.508 [34mINFO [0;39m [7f7d0ce5-450b-4210-abe8-0c3cadc8f475] [http-nio-8081-exec-5] c.b.config.logging.HttpLoggingFilter - Response payload: []
2025-11-13 23:46:49.526 [34mINFO [0;39m [fbe75beb-215e-4953-a3f9-1a3fa7d12337] [http-nio-8081-exec-6] com.bharatshop.web.CartController - Get cart: userId=guest
2025-11-13 23:46:49.526 [34mINFO [0;39m [fbe75beb-215e-4953-a3f9-1a3fa7d12337] [http-nio-8081-exec-6] c.b.config.logging.HttpLoggingFilter - GET /store/cart -> 200 (3 ms)
2025-11-13 23:46:49.528 [34mINFO [0;39m [fbe75beb-215e-4953-a3f9-1a3fa7d12337] [http-nio-8081-exec-6] c.b.config.logging.HttpLoggingFilter - Headers: auth=absent content-type=null accept=application/json, text/plain, */*
2025-11-13 23:46:49.528 [34mINFO [0;39m [fbe75beb-215e-4953-a3f9-1a3fa7d12337] [http-nio-8081-exec-6] c.b.config.logging.HttpLoggingFilter - Response payload: []
2025-11-13 23:46:49.587 [34mINFO [0;39m [f9329118-babe-4c9b-acd1-95e1fafb3865] [http-nio-8081-exec-7] c.b.web.StoreDiscoveryController - Discover stores: tenant=demo-store search=null category=null
2025-11-13 23:46:49.774 [34mINFO [0;39m [f9329118-babe-4c9b-acd1-95e1fafb3865] [http-nio-8081-exec-7] c.b.config.logging.HttpLoggingFilter - GET /api/stores -> 200 (199 ms)
2025-11-13 23:46:49.775 [34mINFO [0;39m [f9329118-babe-4c9b-acd1-95e1fafb3865] [http-nio-8081-exec-7] c.b.config.logging.HttpLoggingFilter - Headers: auth=absent content-type=null accept=application/json, text/plain, */*
2025-11-13 23:46:49.775 [34mINFO [0;39m [f9329118-babe-4c9b-acd1-95e1fafb3865] [http-nio-8081-exec-7] c.b.config.logging.HttpLoggingFilter - Response payload: [{"id":"86a8ebc8-b1bb-4ef7-8c3e-05aea997e2b8","name":"City Pharmacy","area":"Brigade","category":"pharmacy","status":"open","orderingDisabled":false,"updatedAt":"2025-11-13T18:15:29.906785Z"},{"id":"4ff4da78-416c-4c42-a2bf-2f4e1a2ca426","name":"Fresh Mart","area":"MG Road","category":"grocery","status":"open","orderingDisabled":false,"updatedAt":"2025-11-13T18:15:29.814666Z"},{"id":"d91b2c68-c343-4387-86b4-3b201263b90e","name":"Sunrise Hotel","area":"Beach","category":"hospitality","status":"open","orderingDisabled":false,"updatedAt":"2025-11-13T18:15:29.908771Z"}]
2025-11-13 23:46:57.290 [34mINFO [0;39m [e6bc2792-a7e1-4360-891b-4df4a7ed63e7] [http-nio-8081-exec-8] c.b.web.StoreDiscoveryController - Discover stores: tenant=demo-store search=null category=Hospitality
2025-11-13 23:46:57.333 [34mINFO [0;39m [e6bc2792-a7e1-4360-891b-4df4a7ed63e7] [http-nio-8081-exec-8] c.b.config.logging.HttpLoggingFilter - GET /api/stores?category=Hospitality&city=Balrampur&lat=27.4235392&lon=82.1854208&lng=82.1854208 -> 200 (46 ms)
2025-11-13 23:46:57.335 [34mINFO [0;39m [e6bc2792-a7e1-4360-891b-4df4a7ed63e7] [http-nio-8081-exec-8] c.b.config.logging.HttpLoggingFilter - Headers: auth=absent content-type=null accept=application/json, text/plain, */*
2025-11-13 23:46:57.335 [34mINFO [0;39m [e6bc2792-a7e1-4360-891b-4df4a7ed63e7] [http-nio-8081-exec-8] c.b.config.logging.HttpLoggingFilter - Response payload: [{"id":"d91b2c68-c343-4387-86b4-3b201263b90e","name":"Sunrise Hotel","area":"Beach","category":"hospitality","status":"open","orderingDisabled":false,"updatedAt":"2025-11-13T18:15:29.908771Z"}]
2025-11-13 23:46:59.436 [34mINFO [0;39m [50335b8b-9bc5-4212-97a2-a57576c497fb] [http-nio-8081-exec-9] c.b.web.StoreDiscoveryController - Products by store: tenant=demo-store storeId=d91b2c68-c343-4387-86b4-3b201263b90e
2025-11-13 23:46:59.436 [34mINFO [0;39m [75aaaa20-b28b-4e2a-956a-c9450de209a5] [http-nio-8081-exec-10] c.b.web.StoreDiscoveryController - Get store: tenant=demo-store id=d91b2c68-c343-4387-86b4-3b201263b90e
2025-11-13 23:46:59.462 [34mINFO [0;39m [75aaaa20-b28b-4e2a-956a-c9450de209a5] [http-nio-8081-exec-10] c.b.web.StoreDiscoveryController - Get store success: id=d91b2c68-c343-4387-86b4-3b201263b90e name=Sunrise Hotel 
2025-11-13 23:46:59.478 [34mINFO [0;39m [75aaaa20-b28b-4e2a-956a-c9450de209a5] [http-nio-8081-exec-10] c.b.config.logging.HttpLoggingFilter - GET /api/stores/d91b2c68-c343-4387-86b4-3b201263b90e -> 200 (45 ms)
2025-11-13 23:46:59.490 [34mINFO [0;39m [75aaaa20-b28b-4e2a-956a-c9450de209a5] [http-nio-8081-exec-10] c.b.config.logging.HttpLoggingFilter - Headers: auth=absent content-type=null accept=application/json, text/plain, */*
2025-11-13 23:46:59.492 [34mINFO [0;39m [75aaaa20-b28b-4e2a-956a-c9450de209a5] [http-nio-8081-exec-10] c.b.config.logging.HttpLoggingFilter - Response payload: {"id":"d91b2c68-c343-4387-86b4-3b201263b90e","name":"Sunrise Hotel","area":"Beach","category":"hospitality","status":"open","orderingDisabled":false,"updatedAt":"2025-11-13T18:15:29.908771Z"}
2025-11-13 23:46:59.500 [34mINFO [0;39m [50335b8b-9bc5-4212-97a2-a57576c497fb] [http-nio-8081-exec-9] c.b.config.logging.HttpLoggingFilter - GET /api/products?storeId=d91b2c68-c343-4387-86b4-3b201263b90e -> 200 (67 ms)
2025-11-13 23:46:59.507 [34mINFO [0;39m [50335b8b-9bc5-4212-97a2-a57576c497fb] [http-nio-8081-exec-9] c.b.config.logging.HttpLoggingFilter - Headers: auth=absent content-type=null accept=application/json, text/plain, */*
2025-11-13 23:46:59.513 [34mINFO [0;39m [50335b8b-9bc5-4212-97a2-a57576c497fb] [http-nio-8081-exec-9] c.b.config.logging.HttpLoggingFilter - Response payload: [{"id":"ce305ef1-e683-494b-afdc-e07127dc2bdd","name":"Room Deluxe","price":2500.0,"category":"room","storeId":"d91b2c68-c343-4387-86b4-3b201263b90e","active":true}]
2025-11-13 23:46:59.532 [34mINFO [0;39m [82c6d744-ef97-4dab-8856-bac969b19c5f] [http-nio-8081-exec-2] c.b.web.StoreDiscoveryController - Get store: tenant=demo-store id=d91b2c68-c343-4387-86b4-3b201263b90e
2025-11-13 23:46:59.540 [34mINFO [0;39m [82c6d744-ef97-4dab-8856-bac969b19c5f] [http-nio-8081-exec-2] c.b.web.StoreDiscoveryController - Get store success: id=d91b2c68-c343-4387-86b4-3b201263b90e name=Sunrise Hotel 
2025-11-13 23:46:59.544 [34mINFO [0;39m [82c6d744-ef97-4dab-8856-bac969b19c5f] [http-nio-8081-exec-2] c.b.config.logging.HttpLoggingFilter - GET /api/stores/d91b2c68-c343-4387-86b4-3b201263b90e -> 200 (14 ms)
2025-11-13 23:46:59.546 [34mINFO [0;39m [82c6d744-ef97-4dab-8856-bac969b19c5f] [http-nio-8081-exec-2] c.b.config.logging.HttpLoggingFilter - Headers: auth=absent content-type=null accept=application/json, text/plain, */*
2025-11-13 23:46:59.547 [34mINFO [0;39m [82c6d744-ef97-4dab-8856-bac969b19c5f] [http-nio-8081-exec-2] c.b.config.logging.HttpLoggingFilter - Response payload: {"id":"d91b2c68-c343-4387-86b4-3b201263b90e","name":"Sunrise Hotel","area":"Beach","category":"hospitality","status":"open","orderingDisabled":false,"updatedAt":"2025-11-13T18:15:29.908771Z"}
