2025-11-15 00:02:04.139 [34mINFO [0;39m [48a2d47f-e4e5-466f-931f-b0e882296a5f] [http-nio-8081-exec-4] c.b.config.logging.HttpLoggingFilter - GET /store/2ea64322-5b66-4e9c-81c4-1f22a79250dd?ide_webview_request_time=1763057710264 -> 404 (6 ms)
2025-11-15 00:02:04.147 [34mINFO [0;39m [48a2d47f-e4e5-466f-931f-b0e882296a5f] [http-nio-8081-exec-4] c.b.config.logging.HttpLoggingFilter - Headers: auth=absent content-type=null accept=text/html,application/xhtml+xml,application/xml;q=0.9,image/avif,image/webp,image/apng,*/*;q=0.8,application/signed-exchange;v=b3;q=0.7
2025-11-15 00:02:04.203 [34mINFO [0;39m [65be3c54-def1-4517-b9a6-f87ffafb5103] [http-nio-8081-exec-8] c.b.config.logging.HttpLoggingFilter - GET /store/2ea64322-5b66-4e9c-81c4-1f22a79250dd?ide_webview_request_time=1763057710264 -> 404 (4 ms)
2025-11-15 00:02:04.203 [34mINFO [0;39m [65be3c54-def1-4517-b9a6-f87ffafb5103] [http-nio-8081-exec-8] c.b.config.logging.HttpLoggingFilter - Headers: auth=absent content-type=null accept=text/html,application/xhtml+xml,application/xml;q=0.9,image/avif,image/webp,image/apng,*/*;q=0.8,application/signed-exchange;v=b3;q=0.7
2025-11-15 00:03:22.996 [34mINFO [0;39m [60e68b2f-83cf-4ca1-94ae-18028b6c5252] [http-nio-8081-exec-1] com.bharatshop.web.AuthController - Profile requested: tokenPresent=true 
2025-11-15 00:03:22.996 [34mINFO [0;39m [45a9ec38-2683-404b-a114-fea986e2e54f] [http-nio-8081-exec-7] c.b.web.StorefrontCartController - Storefront get cart: tenant=demo-store userId=84ee4658-da81-4267-b293-632fd1559c9c 
2025-11-15 00:03:22.997 [34mINFO [0;39m [45a9ec38-2683-404b-a114-fea986e2e54f] [http-nio-8081-exec-7] c.b.config.logging.HttpLoggingFilter - GET /api/storefront/cart -> 200 (2 ms)
2025-11-15 00:03:22.998 [34mINFO [0;39m [45a9ec38-2683-404b-a114-fea986e2e54f] [http-nio-8081-exec-7] c.b.config.logging.HttpLoggingFilter - Headers: auth=present content-type=null accept=application/json, text/plain, */*
2025-11-15 00:03:22.998 [34mINFO [0;39m [45a9ec38-2683-404b-a114-fea986e2e54f] [http-nio-8081-exec-7] c.b.config.logging.HttpLoggingFilter - Response payload: {"totals":{"subtotal":0.0,"itemsCount":0},"items":[]}
2025-11-15 00:03:22.998 [34mINFO [0;39m [60e68b2f-83cf-4ca1-94ae-18028b6c5252] [http-nio-8081-exec-1] com.bharatshop.web.AuthController - Profile success: userId=84ee4658-da81-4267-b293-632fd1559c9c
2025-11-15 00:03:22.999 [34mINFO [0;39m [60e68b2f-83cf-4ca1-94ae-18028b6c5252] [http-nio-8081-exec-1] c.b.config.logging.HttpLoggingFilter - GET /api/storefront/auth/profile -> 200 (4 ms)
2025-11-15 00:03:22.999 [34mINFO [0;39m [60e68b2f-83cf-4ca1-94ae-18028b6c5252] [http-nio-8081-exec-1] c.b.config.logging.HttpLoggingFilter - Headers: auth=present content-type=null accept=application/json, text/plain, */*
2025-11-15 00:03:23.000 [34mINFO [0;39m [60e68b2f-83cf-4ca1-94ae-18028b6c5252] [http-nio-8081-exec-1] c.b.config.logging.HttpLoggingFilter - Response payload: {"id":"84ee4658-da81-4267-b293-632fd1559c9c","name":"User0178","phone":"+917355460178","role":"USER"}
2025-11-15 00:03:23.027 [34mINFO [0;39m [0a88660f-3076-45e0-9938-9b814fd182b5] [http-nio-8081-exec-5] com.bharatshop.web.AuthController - Profile requested: tokenPresent=true 
2025-11-15 00:03:23.027 [34mINFO [0;39m [cdeccb5f-ccfe-4a46-aa0e-a16effdf734a] [http-nio-8081-exec-2] c.b.web.StorefrontCartController - Storefront get cart: tenant=demo-store userId=84ee4658-da81-4267-b293-632fd1559c9c 
2025-11-15 00:03:23.029 [34mINFO [0;39m [cdeccb5f-ccfe-4a46-aa0e-a16effdf734a] [http-nio-8081-exec-2] c.b.config.logging.HttpLoggingFilter - GET /api/storefront/cart -> 200 (2 ms)
2025-11-15 00:03:23.029 [34mINFO [0;39m [cdeccb5f-ccfe-4a46-aa0e-a16effdf734a] [http-nio-8081-exec-2] c.b.config.logging.HttpLoggingFilter - Headers: auth=present content-type=null accept=application/json, text/plain, */*
2025-11-15 00:03:23.029 [34mINFO [0;39m [cdeccb5f-ccfe-4a46-aa0e-a16effdf734a] [http-nio-8081-exec-2] c.b.config.logging.HttpLoggingFilter - Response payload: {"totals":{"subtotal":0.0,"itemsCount":0},"items":[]}
2025-11-15 00:03:23.029 [34mINFO [0;39m [0a88660f-3076-45e0-9938-9b814fd182b5] [http-nio-8081-exec-5] com.bharatshop.web.AuthController - Profile success: userId=84ee4658-da81-4267-b293-632fd1559c9c
2025-11-15 00:03:23.031 [34mINFO [0;39m [0a88660f-3076-45e0-9938-9b814fd182b5] [http-nio-8081-exec-5] c.b.config.logging.HttpLoggingFilter - GET /api/storefront/auth/profile -> 200 (4 ms)
2025-11-15 00:03:23.031 [34mINFO [0;39m [0a88660f-3076-45e0-9938-9b814fd182b5] [http-nio-8081-exec-5] c.b.config.logging.HttpLoggingFilter - Headers: auth=present content-type=null accept=application/json, text/plain, */*
2025-11-15 00:03:23.033 [34mINFO [0;39m [0a88660f-3076-45e0-9938-9b814fd182b5] [http-nio-8081-exec-5] c.b.config.logging.HttpLoggingFilter - Response payload: {"id":"84ee4658-da81-4267-b293-632fd1559c9c","name":"User0178","phone":"+917355460178","role":"USER"}
2025-11-15 00:03:23.398 [34mINFO [0;39m [35b2265b-d37a-462a-8a45-b620fbe9e672] [http-nio-8081-exec-3] com.bharatshop.web.OrdersController - Booking detail: tenant=demo-store userId=84ee4658-da81-4267-b293-632fd1559c9c id=eed06a00-2239-4934-b10a-d5052adf846a
2025-11-15 00:03:23.401 [34mINFO [0;39m [35b2265b-d37a-462a-8a45-b620fbe9e672] [http-nio-8081-exec-3] com.bharatshop.web.OrdersController - Booking detail success: id=eed06a00-2239-4934-b10a-d5052adf846a status=placed
2025-11-15 00:03:23.402 [34mINFO [0;39m [35b2265b-d37a-462a-8a45-b620fbe9e672] [http-nio-8081-exec-3] c.b.config.logging.HttpLoggingFilter - GET /api/storefront/bookings/eed06a00-2239-4934-b10a-d5052adf846a -> 200 (5 ms)
2025-11-15 00:03:23.402 [34mINFO [0;39m [35b2265b-d37a-462a-8a45-b620fbe9e672] [http-nio-8081-exec-3] c.b.config.logging.HttpLoggingFilter - Headers: auth=present content-type=null accept=application/json, text/plain, */*
2025-11-15 00:03:23.402 [34mINFO [0;39m [35b2265b-d37a-462a-8a45-b620fbe9e672] [http-nio-8081-exec-3] c.b.config.logging.HttpLoggingFilter - Response payload: {"id":"eed06a00-2239-4934-b10a-d5052adf846a","reference":"BK-eed06a00","status":"placed","total":1265.0,"totals":{"payable":1265.0},"type":"room_booking","booking":{"checkIn":"2025-11-14","checkOut":"2025-11-15","guests":4,"nights":1,"rooms":2,"perRoomMax":3,"extraMattressAllowed":false,"extraMattressCount":0,"mattressFeePerNight":0},"createdAt":"2025-11-14T18:21:01.659651Z","sellerResponseDeadline":"2025-11-14T18:36:01.659651Z","notes":""}
2025-11-15 00:03:23.414 [34mINFO [0;39m [c39b9a9d-65d4-49fb-aeff-2fbe10586db3] [http-nio-8081-exec-10] com.bharatshop.web.OrdersController - Booking detail: tenant=demo-store userId=84ee4658-da81-4267-b293-632fd1559c9c id=eed06a00-2239-4934-b10a-d5052adf846a
2025-11-15 00:03:23.418 [34mINFO [0;39m [c39b9a9d-65d4-49fb-aeff-2fbe10586db3] [http-nio-8081-exec-10] com.bharatshop.web.OrdersController - Booking detail success: id=eed06a00-2239-4934-b10a-d5052adf846a status=placed
2025-11-15 00:03:23.420 [34mINFO [0;39m [c39b9a9d-65d4-49fb-aeff-2fbe10586db3] [http-nio-8081-exec-10] c.b.config.logging.HttpLoggingFilter - GET /api/storefront/bookings/eed06a00-2239-4934-b10a-d5052adf846a -> 200 (7 ms)
2025-11-15 00:03:23.420 [34mINFO [0;39m [c39b9a9d-65d4-49fb-aeff-2fbe10586db3] [http-nio-8081-exec-10] c.b.config.logging.HttpLoggingFilter - Headers: auth=present content-type=null accept=application/json, text/plain, */*
2025-11-15 00:03:23.422 [34mINFO [0;39m [c39b9a9d-65d4-49fb-aeff-2fbe10586db3] [http-nio-8081-exec-10] c.b.config.logging.HttpLoggingFilter - Response payload: {"id":"eed06a00-2239-4934-b10a-d5052adf846a","reference":"BK-eed06a00","status":"placed","total":1265.0,"totals":{"payable":1265.0},"type":"room_booking","booking":{"checkIn":"2025-11-14","checkOut":"2025-11-15","guests":4,"nights":1,"rooms":2,"perRoomMax":3,"extraMattressAllowed":false,"extraMattressCount":0,"mattressFeePerNight":0},"createdAt":"2025-11-14T18:21:01.659651Z","sellerResponseDeadline":"2025-11-14T18:36:01.659651Z","notes":""}
2025-11-15 00:05:05.949 [34mINFO [0;39m [a95bea80-8a49-468f-a9c2-1d5c75f43c9b] [http-nio-8081-exec-9] com.bharatshop.web.OrdersController - Booking detail: tenant=demo-store userId=84ee4658-da81-4267-b293-632fd1559c9c id=eed06a00-2239-4934-b10a-d5052adf846a
2025-11-15 00:05:05.954 [34mINFO [0;39m [a95bea80-8a49-468f-a9c2-1d5c75f43c9b] [http-nio-8081-exec-9] com.bharatshop.web.OrdersController - Booking detail success: id=eed06a00-2239-4934-b10a-d5052adf846a status=placed
2025-11-15 00:05:05.959 [34mINFO [0;39m [a95bea80-8a49-468f-a9c2-1d5c75f43c9b] [http-nio-8081-exec-9] c.b.config.logging.HttpLoggingFilter - GET /api/storefront/bookings/eed06a00-2239-4934-b10a-d5052adf846a -> 200 (11 ms)
2025-11-15 00:05:05.964 [34mINFO [0;39m [a95bea80-8a49-468f-a9c2-1d5c75f43c9b] [http-nio-8081-exec-9] c.b.config.logging.HttpLoggingFilter - Headers: auth=present content-type=null accept=application/json, text/plain, */*
2025-11-15 00:05:05.974 [34mINFO [0;39m [a95bea80-8a49-468f-a9c2-1d5c75f43c9b] [http-nio-8081-exec-9] c.b.config.logging.HttpLoggingFilter - Response payload: {"id":"eed06a00-2239-4934-b10a-d5052adf846a","reference":"BK-eed06a00","status":"placed","total":1265.0,"totals":{"payable":1265.0},"type":"room_booking","booking":{"checkIn":"2025-11-14","checkOut":"2025-11-15","guests":4,"nights":1,"rooms":2,"perRoomMax":3,"extraMattressAllowed":false,"extraMattressCount":0,"mattressFeePerNight":0},"createdAt":"2025-11-14T18:21:01.659651Z","sellerResponseDeadline":"2025-11-14T18:36:01.659651Z","notes":""}
2025-11-15 00:05:06.105 [34mINFO [0;39m [57a1b76a-345d-4fb1-a195-cb80bec3a5f8] [http-nio-8081-exec-6] com.bharatshop.web.OrdersController - Booking detail: tenant=demo-store userId=84ee4658-da81-4267-b293-632fd1559c9c id=eed06a00-2239-4934-b10a-d5052adf846a
2025-11-15 00:05:06.110 [34mINFO [0;39m [57a1b76a-345d-4fb1-a195-cb80bec3a5f8] [http-nio-8081-exec-6] com.bharatshop.web.OrdersController - Booking detail success: id=eed06a00-2239-4934-b10a-d5052adf846a status=placed
2025-11-15 00:05:06.110 [34mINFO [0;39m [57a1b76a-345d-4fb1-a195-cb80bec3a5f8] [http-nio-8081-exec-6] c.b.config.logging.HttpLoggingFilter - GET /api/storefront/bookings/eed06a00-2239-4934-b10a-d5052adf846a -> 200 (6 ms)
2025-11-15 00:05:06.110 [34mINFO [0;39m [57a1b76a-345d-4fb1-a195-cb80bec3a5f8] [http-nio-8081-exec-6] c.b.config.logging.HttpLoggingFilter - Headers: auth=present content-type=null accept=application/json, text/plain, */*
2025-11-15 00:05:06.110 [34mINFO [0;39m [57a1b76a-345d-4fb1-a195-cb80bec3a5f8] [http-nio-8081-exec-6] c.b.config.logging.HttpLoggingFilter - Response payload: {"id":"eed06a00-2239-4934-b10a-d5052adf846a","reference":"BK-eed06a00","status":"placed","total":1265.0,"totals":{"payable":1265.0},"type":"room_booking","booking":{"checkIn":"2025-11-14","checkOut":"2025-11-15","guests":4,"nights":1,"rooms":2,"perRoomMax":3,"extraMattressAllowed":false,"extraMattressCount":0,"mattressFeePerNight":0},"createdAt":"2025-11-14T18:21:01.659651Z","sellerResponseDeadline":"2025-11-14T18:36:01.659651Z","notes":""}
2025-11-15 00:05:06.129 [34mINFO [0;39m [39f6443e-5e14-43a7-91e1-ecbde855c43b] [http-nio-8081-exec-4] com.bharatshop.web.OrdersController - Booking detail: tenant=demo-store userId=84ee4658-da81-4267-b293-632fd1559c9c id=eed06a00-2239-4934-b10a-d5052adf846a
2025-11-15 00:05:06.138 [34mINFO [0;39m [39f6443e-5e14-43a7-91e1-ecbde855c43b] [http-nio-8081-exec-4] com.bharatshop.web.OrdersController - Booking detail success: id=eed06a00-2239-4934-b10a-d5052adf846a status=placed
2025-11-15 00:05:06.140 [34mINFO [0;39m [39f6443e-5e14-43a7-91e1-ecbde855c43b] [http-nio-8081-exec-4] c.b.config.logging.HttpLoggingFilter - GET /api/storefront/bookings/eed06a00-2239-4934-b10a-d5052adf846a -> 200 (11 ms)
2025-11-15 00:05:06.140 [34mINFO [0;39m [39f6443e-5e14-43a7-91e1-ecbde855c43b] [http-nio-8081-exec-4] c.b.config.logging.HttpLoggingFilter - Headers: auth=present content-type=null accept=application/json, text/plain, */*
2025-11-15 00:05:06.142 [34mINFO [0;39m [39f6443e-5e14-43a7-91e1-ecbde855c43b] [http-nio-8081-exec-4] c.b.config.logging.HttpLoggingFilter - Response payload: {"id":"eed06a00-2239-4934-b10a-d5052adf846a","reference":"BK-eed06a00","status":"placed","total":1265.0,"totals":{"payable":1265.0},"type":"room_booking","booking":{"checkIn":"2025-11-14","checkOut":"2025-11-15","guests":4,"nights":1,"rooms":2,"perRoomMax":3,"extraMattressAllowed":false,"extraMattressCount":0,"mattressFeePerNight":0},"createdAt":"2025-11-14T18:21:01.659651Z","sellerResponseDeadline":"2025-11-14T18:36:01.659651Z","notes":""}
2025-11-15 00:05:12.990 [34mINFO [0;39m [15a2777c-2c20-4747-b1ea-29df047ccdd8] [http-nio-8081-exec-8] c.b.web.StorefrontCartController - Storefront get cart: tenant=demo-store userId=guest-guest_1763145312971_qpjhsp 
2025-11-15 00:05:12.990 [34mINFO [0;39m [15a2777c-2c20-4747-b1ea-29df047ccdd8] [http-nio-8081-exec-8] c.b.config.logging.HttpLoggingFilter - GET /api/storefront/cart -> 200 (0 ms)
2025-11-15 00:05:12.990 [34mINFO [0;39m [15a2777c-2c20-4747-b1ea-29df047ccdd8] [http-nio-8081-exec-8] c.b.config.logging.HttpLoggingFilter - Headers: auth=absent content-type=null accept=application/json, text/plain, */*
2025-11-15 00:05:12.993 [34mINFO [0;39m [15a2777c-2c20-4747-b1ea-29df047ccdd8] [http-nio-8081-exec-8] c.b.config.logging.HttpLoggingFilter - Response payload: {"totals":{"subtotal":0.0,"itemsCount":0},"items":[]}
2025-11-15 00:05:13.000 [34mINFO [0;39m [f00fc217-7cd6-4e4e-8259-7e7604e05c58] [http-nio-8081-exec-7] c.b.web.StorefrontCartController - Storefront get cart: tenant=demo-store userId=guest-guest_1763145312971_qpjhsp 
2025-11-15 00:05:13.001 [34mINFO [0;39m [f00fc217-7cd6-4e4e-8259-7e7604e05c58] [http-nio-8081-exec-7] c.b.config.logging.HttpLoggingFilter - GET /api/storefront/cart -> 200 (1 ms)
2025-11-15 00:05:13.002 [34mINFO [0;39m [f00fc217-7cd6-4e4e-8259-7e7604e05c58] [http-nio-8081-exec-7] c.b.config.logging.HttpLoggingFilter - Headers: auth=absent content-type=null accept=application/json, text/plain, */*
2025-11-15 00:05:13.002 [34mINFO [0;39m [f00fc217-7cd6-4e4e-8259-7e7604e05c58] [http-nio-8081-exec-7] c.b.config.logging.HttpLoggingFilter - Response payload: {"totals":{"subtotal":0.0,"itemsCount":0},"items":[]}
2025-11-15 00:05:13.048 [34mINFO [0;39m [228321de-2ac7-4d51-95f4-4a5e3440acbf] [http-nio-8081-exec-1] c.b.config.logging.HttpLoggingFilter - GET /api/storefront/bookings/eed06a00-2239-4934-b10a-d5052adf846a -> 401 (5 ms)
2025-11-15 00:05:13.048 [34mINFO [0;39m [228321de-2ac7-4d51-95f4-4a5e3440acbf] [http-nio-8081-exec-1] c.b.config.logging.HttpLoggingFilter - Headers: auth=absent content-type=null accept=application/json, text/plain, */*
2025-11-15 00:05:13.048 [34mINFO [0;39m [228321de-2ac7-4d51-95f4-4a5e3440acbf] [http-nio-8081-exec-1] c.b.config.logging.HttpLoggingFilter - Response payload: {"message":"Unauthorized"}
2025-11-15 00:05:13.056 [34mINFO [0;39m [06b9ab60-37cd-48a5-a370-053c8c5d4586] [http-nio-8081-exec-2] c.b.config.logging.HttpLoggingFilter - GET /api/storefront/bookings/eed06a00-2239-4934-b10a-d5052adf846a -> 401 (0 ms)
2025-11-15 00:05:13.060 [34mINFO [0;39m [06b9ab60-37cd-48a5-a370-053c8c5d4586] [http-nio-8081-exec-2] c.b.config.logging.HttpLoggingFilter - Headers: auth=absent content-type=null accept=application/json, text/plain, */*
2025-11-15 00:05:13.060 [34mINFO [0;39m [06b9ab60-37cd-48a5-a370-053c8c5d4586] [http-nio-8081-exec-2] c.b.config.logging.HttpLoggingFilter - Response payload: {"message":"Unauthorized"}
2025-11-15 00:05:27.330 [34mINFO [0;39m [a8376cbe-708c-44b7-8c5b-138d2f4a7746] [http-nio-8081-exec-10] c.b.web.StorefrontCartController - Storefront get cart: tenant=demo-store userId=84ee4658-da81-4267-b293-632fd1559c9c 
2025-11-15 00:05:27.331 [34mINFO [0;39m [a8376cbe-708c-44b7-8c5b-138d2f4a7746] [http-nio-8081-exec-10] c.b.config.logging.HttpLoggingFilter - GET /api/storefront/cart -> 200 (3 ms)
2025-11-15 00:05:27.331 [34mINFO [0;39m [a8376cbe-708c-44b7-8c5b-138d2f4a7746] [http-nio-8081-exec-10] c.b.config.logging.HttpLoggingFilter - Headers: auth=present content-type=null accept=application/json, text/plain, */*
2025-11-15 00:05:27.331 [34mINFO [0;39m [a8376cbe-708c-44b7-8c5b-138d2f4a7746] [http-nio-8081-exec-10] c.b.config.logging.HttpLoggingFilter - Response payload: {"totals":{"subtotal":0.0,"itemsCount":0},"items":[]}
2025-11-15 00:05:27.331 [34mINFO [0;39m [4664c095-e1d9-4e7e-8710-a3b6ae1513b3] [http-nio-8081-exec-9] com.bharatshop.web.AuthController - Profile requested: tokenPresent=true 
2025-11-15 00:05:27.336 [34mINFO [0;39m [4664c095-e1d9-4e7e-8710-a3b6ae1513b3] [http-nio-8081-exec-9] com.bharatshop.web.AuthController - Profile success: userId=84ee4658-da81-4267-b293-632fd1559c9c
2025-11-15 00:05:27.338 [34mINFO [0;39m [4664c095-e1d9-4e7e-8710-a3b6ae1513b3] [http-nio-8081-exec-9] c.b.config.logging.HttpLoggingFilter - GET /api/storefront/auth/profile -> 200 (7 ms)
2025-11-15 00:05:27.341 [34mINFO [0;39m [4664c095-e1d9-4e7e-8710-a3b6ae1513b3] [http-nio-8081-exec-9] c.b.config.logging.HttpLoggingFilter - Headers: auth=present content-type=null accept=application/json, text/plain, */*
2025-11-15 00:05:27.341 [34mINFO [0;39m [4664c095-e1d9-4e7e-8710-a3b6ae1513b3] [http-nio-8081-exec-9] c.b.config.logging.HttpLoggingFilter - Response payload: {"id":"84ee4658-da81-4267-b293-632fd1559c9c","name":"User0178","phone":"+917355460178","role":"USER"}
2025-11-15 00:05:27.345 [34mINFO [0;39m [a999cdb1-c3be-498d-b875-08f8c3b4e30a] [http-nio-8081-exec-6] c.b.web.StorefrontCartController - Storefront get cart: tenant=demo-store userId=84ee4658-da81-4267-b293-632fd1559c9c 
2025-11-15 00:05:27.347 [34mINFO [0;39m [a999cdb1-c3be-498d-b875-08f8c3b4e30a] [http-nio-8081-exec-6] c.b.config.logging.HttpLoggingFilter - GET /api/storefront/cart -> 200 (4 ms)
2025-11-15 00:05:27.347 [34mINFO [0;39m [a999cdb1-c3be-498d-b875-08f8c3b4e30a] [http-nio-8081-exec-6] c.b.config.logging.HttpLoggingFilter - Headers: auth=present content-type=null accept=application/json, text/plain, */*
2025-11-15 00:05:27.347 [34mINFO [0;39m [a999cdb1-c3be-498d-b875-08f8c3b4e30a] [http-nio-8081-exec-6] c.b.config.logging.HttpLoggingFilter - Response payload: {"totals":{"subtotal":0.0,"itemsCount":0},"items":[]}
2025-11-15 00:05:27.356 [34mINFO [0;39m [a2357289-1cac-4217-9fa2-13779bd04dab] [http-nio-8081-exec-4] com.bharatshop.web.AuthController - Profile requested: tokenPresent=true 
2025-11-15 00:05:27.360 [34mINFO [0;39m [a2357289-1cac-4217-9fa2-13779bd04dab] [http-nio-8081-exec-4] com.bharatshop.web.AuthController - Profile success: userId=84ee4658-da81-4267-b293-632fd1559c9c
2025-11-15 00:05:27.364 [34mINFO [0;39m [a2357289-1cac-4217-9fa2-13779bd04dab] [http-nio-8081-exec-4] c.b.config.logging.HttpLoggingFilter - GET /api/storefront/auth/profile -> 200 (10 ms)
2025-11-15 00:05:27.364 [34mINFO [0;39m [a2357289-1cac-4217-9fa2-13779bd04dab] [http-nio-8081-exec-4] c.b.config.logging.HttpLoggingFilter - Headers: auth=present content-type=null accept=application/json, text/plain, */*
2025-11-15 00:05:27.364 [34mINFO [0;39m [a2357289-1cac-4217-9fa2-13779bd04dab] [http-nio-8081-exec-4] c.b.config.logging.HttpLoggingFilter - Response payload: {"id":"84ee4658-da81-4267-b293-632fd1559c9c","name":"User0178","phone":"+917355460178","role":"USER"}
2025-11-15 00:05:27.436 [34mINFO [0;39m [9803fd64-e809-4ce5-a4df-ca0f445b79f4] [http-nio-8081-exec-8] com.bharatshop.web.OrdersController - Booking detail: tenant=demo-store userId=84ee4658-da81-4267-b293-632fd1559c9c id=eed06a00-2239-4934-b10a-d5052adf846a
2025-11-15 00:05:27.438 [34mINFO [0;39m [9803fd64-e809-4ce5-a4df-ca0f445b79f4] [http-nio-8081-exec-8] com.bharatshop.web.OrdersController - Booking detail success: id=eed06a00-2239-4934-b10a-d5052adf846a status=placed
2025-11-15 00:05:27.441 [34mINFO [0;39m [9803fd64-e809-4ce5-a4df-ca0f445b79f4] [http-nio-8081-exec-8] c.b.config.logging.HttpLoggingFilter - GET /api/storefront/bookings/eed06a00-2239-4934-b10a-d5052adf846a -> 200 (6 ms)
2025-11-15 00:05:27.441 [34mINFO [0;39m [9803fd64-e809-4ce5-a4df-ca0f445b79f4] [http-nio-8081-exec-8] c.b.config.logging.HttpLoggingFilter - Headers: auth=present content-type=null accept=application/json, text/plain, */*
2025-11-15 00:05:27.441 [34mINFO [0;39m [9803fd64-e809-4ce5-a4df-ca0f445b79f4] [http-nio-8081-exec-8] c.b.config.logging.HttpLoggingFilter - Response payload: {"id":"eed06a00-2239-4934-b10a-d5052adf846a","reference":"BK-eed06a00","status":"placed","total":1265.0,"totals":{"payable":1265.0},"type":"room_booking","booking":{"checkIn":"2025-11-14","checkOut":"2025-11-15","guests":4,"nights":1,"rooms":2,"perRoomMax":3,"extraMattressAllowed":false,"extraMattressCount":0,"mattressFeePerNight":0},"createdAt":"2025-11-14T18:21:01.659651Z","sellerResponseDeadline":"2025-11-14T18:36:01.659651Z","notes":""}
2025-11-15 00:05:27.450 [34mINFO [0;39m [a78e5503-da3f-486d-85e1-9b35e01740d1] [http-nio-8081-exec-7] com.bharatshop.web.OrdersController - Booking detail: tenant=demo-store userId=84ee4658-da81-4267-b293-632fd1559c9c id=eed06a00-2239-4934-b10a-d5052adf846a
2025-11-15 00:05:27.454 [34mINFO [0;39m [a78e5503-da3f-486d-85e1-9b35e01740d1] [http-nio-8081-exec-7] com.bharatshop.web.OrdersController - Booking detail success: id=eed06a00-2239-4934-b10a-d5052adf846a status=placed
2025-11-15 00:05:27.458 [34mINFO [0;39m [a78e5503-da3f-486d-85e1-9b35e01740d1] [http-nio-8081-exec-7] c.b.config.logging.HttpLoggingFilter - GET /api/storefront/bookings/eed06a00-2239-4934-b10a-d5052adf846a -> 200 (6 ms)
2025-11-15 00:05:27.458 [34mINFO [0;39m [a78e5503-da3f-486d-85e1-9b35e01740d1] [http-nio-8081-exec-7] c.b.config.logging.HttpLoggingFilter - Headers: auth=present content-type=null accept=application/json, text/plain, */*
2025-11-15 00:05:27.458 [34mINFO [0;39m [a78e5503-da3f-486d-85e1-9b35e01740d1] [http-nio-8081-exec-7] c.b.config.logging.HttpLoggingFilter - Response payload: {"id":"eed06a00-2239-4934-b10a-d5052adf846a","reference":"BK-eed06a00","status":"placed","total":1265.0,"totals":{"payable":1265.0},"type":"room_booking","booking":{"checkIn":"2025-11-14","checkOut":"2025-11-15","guests":4,"nights":1,"rooms":2,"perRoomMax":3,"extraMattressAllowed":false,"extraMattressCount":0,"mattressFeePerNight":0},"createdAt":"2025-11-14T18:21:01.659651Z","sellerResponseDeadline":"2025-11-14T18:36:01.659651Z","notes":""}
2025-11-15 00:07:30.375 [34mINFO [0;39m [881c997e-c9d0-4953-b570-704aace78b45] [http-nio-8081-exec-1] c.b.web.StorefrontCartController - Storefront get cart: tenant=demo-store userId=84ee4658-da81-4267-b293-632fd1559c9c 
2025-11-15 00:07:30.375 [34mINFO [0;39m [213aa1bb-d9f6-433f-b9e4-8d7b5bbbc039] [http-nio-8081-exec-2] com.bharatshop.web.AuthController - Profile requested: tokenPresent=true 
2025-11-15 00:07:30.375 [34mINFO [0;39m [881c997e-c9d0-4953-b570-704aace78b45] [http-nio-8081-exec-1] c.b.config.logging.HttpLoggingFilter - GET /api/storefront/cart -> 200 (0 ms)
2025-11-15 00:07:30.375 [34mINFO [0;39m [881c997e-c9d0-4953-b570-704aace78b45] [http-nio-8081-exec-1] c.b.config.logging.HttpLoggingFilter - Headers: auth=present content-type=null accept=application/json, text/plain, */*
2025-11-15 00:07:30.378 [34mINFO [0;39m [881c997e-c9d0-4953-b570-704aace78b45] [http-nio-8081-exec-1] c.b.config.logging.HttpLoggingFilter - Response payload: {"totals":{"subtotal":0.0,"itemsCount":0},"items":[]}
2025-11-15 00:07:30.378 [34mINFO [0;39m [213aa1bb-d9f6-433f-b9e4-8d7b5bbbc039] [http-nio-8081-exec-2] com.bharatshop.web.AuthController - Profile success: userId=84ee4658-da81-4267-b293-632fd1559c9c
2025-11-15 00:07:30.378 [34mINFO [0;39m [213aa1bb-d9f6-433f-b9e4-8d7b5bbbc039] [http-nio-8081-exec-2] c.b.config.logging.HttpLoggingFilter - GET /api/storefront/auth/profile -> 200 (3 ms)
2025-11-15 00:07:30.381 [34mINFO [0;39m [213aa1bb-d9f6-433f-b9e4-8d7b5bbbc039] [http-nio-8081-exec-2] c.b.config.logging.HttpLoggingFilter - Headers: auth=present content-type=null accept=application/json, text/plain, */*
2025-11-15 00:07:30.381 [34mINFO [0;39m [213aa1bb-d9f6-433f-b9e4-8d7b5bbbc039] [http-nio-8081-exec-2] c.b.config.logging.HttpLoggingFilter - Response payload: {"id":"84ee4658-da81-4267-b293-632fd1559c9c","name":"User0178","phone":"+917355460178","role":"USER"}
2025-11-15 00:07:30.386 [34mINFO [0;39m [b2e9f68f-9039-4abb-9bcc-18c1f0ecc0c4] [http-nio-8081-exec-5] c.b.web.StorefrontCartController - Storefront get cart: tenant=demo-store userId=84ee4658-da81-4267-b293-632fd1559c9c 
2025-11-15 00:07:30.390 [34mINFO [0;39m [b2e9f68f-9039-4abb-9bcc-18c1f0ecc0c4] [http-nio-8081-exec-5] c.b.config.logging.HttpLoggingFilter - GET /api/storefront/cart -> 200 (4 ms)
2025-11-15 00:07:30.392 [34mINFO [0;39m [b2e9f68f-9039-4abb-9bcc-18c1f0ecc0c4] [http-nio-8081-exec-5] c.b.config.logging.HttpLoggingFilter - Headers: auth=present content-type=null accept=application/json, text/plain, */*
2025-11-15 00:07:30.394 [34mINFO [0;39m [b2e9f68f-9039-4abb-9bcc-18c1f0ecc0c4] [http-nio-8081-exec-5] c.b.config.logging.HttpLoggingFilter - Response payload: {"totals":{"subtotal":0.0,"itemsCount":0},"items":[]}
2025-11-15 00:07:30.397 [34mINFO [0;39m [c695bc7f-e2cf-4f6c-87f3-7357a4a6485b] [http-nio-8081-exec-3] com.bharatshop.web.AuthController - Profile requested: tokenPresent=true 
2025-11-15 00:07:30.399 [34mINFO [0;39m [c695bc7f-e2cf-4f6c-87f3-7357a4a6485b] [http-nio-8081-exec-3] com.bharatshop.web.AuthController - Profile success: userId=84ee4658-da81-4267-b293-632fd1559c9c
2025-11-15 00:07:30.401 [34mINFO [0;39m [c695bc7f-e2cf-4f6c-87f3-7357a4a6485b] [http-nio-8081-exec-3] c.b.config.logging.HttpLoggingFilter - GET /api/storefront/auth/profile -> 200 (4 ms)
2025-11-15 00:07:30.402 [34mINFO [0;39m [c695bc7f-e2cf-4f6c-87f3-7357a4a6485b] [http-nio-8081-exec-3] c.b.config.logging.HttpLoggingFilter - Headers: auth=present content-type=null accept=application/json, text/plain, */*
2025-11-15 00:07:30.402 [34mINFO [0;39m [c695bc7f-e2cf-4f6c-87f3-7357a4a6485b] [http-nio-8081-exec-3] c.b.config.logging.HttpLoggingFilter - Response payload: {"id":"84ee4658-da81-4267-b293-632fd1559c9c","name":"User0178","phone":"+917355460178","role":"USER"}
2025-11-15 00:07:30.469 [34mINFO [0;39m [0e6177a3-e1b9-4416-a19e-9b49dafda6db] [http-nio-8081-exec-10] com.bharatshop.web.OrdersController - Booking detail: tenant=demo-store userId=84ee4658-da81-4267-b293-632fd1559c9c id=eed06a00-2239-4934-b10a-d5052adf846a
2025-11-15 00:07:30.491 [34mINFO [0;39m [0e6177a3-e1b9-4416-a19e-9b49dafda6db] [http-nio-8081-exec-10] com.bharatshop.web.OrdersController - Booking detail success: id=eed06a00-2239-4934-b10a-d5052adf846a status=cancelled
2025-11-15 00:07:30.493 [34mINFO [0;39m [0e6177a3-e1b9-4416-a19e-9b49dafda6db] [http-nio-8081-exec-10] c.b.config.logging.HttpLoggingFilter - GET /api/storefront/bookings/eed06a00-2239-4934-b10a-d5052adf846a -> 200 (24 ms)
2025-11-15 00:07:30.493 [34mINFO [0;39m [0e6177a3-e1b9-4416-a19e-9b49dafda6db] [http-nio-8081-exec-10] c.b.config.logging.HttpLoggingFilter - Headers: auth=present content-type=null accept=application/json, text/plain, */*
2025-11-15 00:07:30.493 [34mINFO [0;39m [0e6177a3-e1b9-4416-a19e-9b49dafda6db] [http-nio-8081-exec-10] c.b.config.logging.HttpLoggingFilter - Response payload: {"id":"eed06a00-2239-4934-b10a-d5052adf846a","reference":"BK-eed06a00","status":"cancelled","total":1265.0,"totals":{"payable":1265.0},"type":"room_booking","booking":{"checkIn":"2025-11-14","checkOut":"2025-11-15","guests":4,"nights":1,"rooms":2,"perRoomMax":3,"extraMattressAllowed":false,"extraMattressCount":0,"mattressFeePerNight":0},"createdAt":"2025-11-14T18:21:01.659651Z","sellerResponseDeadline":"2025-11-14T18:36:01.659651Z","cancelledAt":"2025-11-14T18:37:30.474397300Z","cancellationReason":"auto_cancelled_no_response","notes":""}
2025-11-15 00:07:30.501 [34mINFO [0;39m [51f4f986-4ac5-47dd-915b-f2616d8290d5] [http-nio-8081-exec-9] com.bharatshop.web.OrdersController - Booking detail: tenant=demo-store userId=84ee4658-da81-4267-b293-632fd1559c9c id=eed06a00-2239-4934-b10a-d5052adf846a
2025-11-15 00:07:30.505 [34mINFO [0;39m [51f4f986-4ac5-47dd-915b-f2616d8290d5] [http-nio-8081-exec-9] com.bharatshop.web.OrdersController - Booking detail success: id=eed06a00-2239-4934-b10a-d5052adf846a status=cancelled
2025-11-15 00:07:30.506 [34mINFO [0;39m [51f4f986-4ac5-47dd-915b-f2616d8290d5] [http-nio-8081-exec-9] c.b.config.logging.HttpLoggingFilter - GET /api/storefront/bookings/eed06a00-2239-4934-b10a-d5052adf846a -> 200 (7 ms)
2025-11-15 00:07:30.506 [34mINFO [0;39m [51f4f986-4ac5-47dd-915b-f2616d8290d5] [http-nio-8081-exec-9] c.b.config.logging.HttpLoggingFilter - Headers: auth=present content-type=null accept=application/json, text/plain, */*
2025-11-15 00:07:30.507 [34mINFO [0;39m [51f4f986-4ac5-47dd-915b-f2616d8290d5] [http-nio-8081-exec-9] c.b.config.logging.HttpLoggingFilter - Response payload: {"id":"eed06a00-2239-4934-b10a-d5052adf846a","reference":"BK-eed06a00","status":"cancelled","total":1265.0,"totals":{"payable":1265.0},"type":"room_booking","booking":{"checkIn":"2025-11-14","checkOut":"2025-11-15","guests":4,"nights":1,"rooms":2,"perRoomMax":3,"extraMattressAllowed":false,"extraMattressCount":0,"mattressFeePerNight":0},"createdAt":"2025-11-14T18:21:01.659651Z","sellerResponseDeadline":"2025-11-14T18:36:01.659651Z","cancelledAt":"2025-11-14T18:37:30.474397Z","cancellationReason":"auto_cancelled_no_response","notes":""}
2025-11-15 00:09:05.304 [34mINFO [0;39m [9f77749b-4e83-42d9-aaa3-374f4d7bf0a8] [http-nio-8081-exec-6] com.bharatshop.web.OrdersController - Booking detail: tenant=demo-store userId=84ee4658-da81-4267-b293-632fd1559c9c id=eed06a00-2239-4934-b10a-d5052adf846a
2025-11-15 00:09:05.310 [34mINFO [0;39m [9f77749b-4e83-42d9-aaa3-374f4d7bf0a8] [http-nio-8081-exec-6] com.bharatshop.web.OrdersController - Booking detail success: id=eed06a00-2239-4934-b10a-d5052adf846a status=cancelled
2025-11-15 00:09:05.312 [34mINFO [0;39m [9f77749b-4e83-42d9-aaa3-374f4d7bf0a8] [http-nio-8081-exec-6] c.b.config.logging.HttpLoggingFilter - GET /api/storefront/bookings/eed06a00-2239-4934-b10a-d5052adf846a -> 200 (8 ms)
2025-11-15 00:09:05.312 [34mINFO [0;39m [9f77749b-4e83-42d9-aaa3-374f4d7bf0a8] [http-nio-8081-exec-6] c.b.config.logging.HttpLoggingFilter - Headers: auth=present content-type=null accept=application/json, text/plain, */*
2025-11-15 00:09:05.312 [34mINFO [0;39m [9f77749b-4e83-42d9-aaa3-374f4d7bf0a8] [http-nio-8081-exec-6] c.b.config.logging.HttpLoggingFilter - Response payload: {"id":"eed06a00-2239-4934-b10a-d5052adf846a","reference":"BK-eed06a00","status":"cancelled","total":1265.0,"totals":{"payable":1265.0},"type":"room_booking","booking":{"checkIn":"2025-11-14","checkOut":"2025-11-15","guests":4,"nights":1,"rooms":2,"perRoomMax":3,"extraMattressAllowed":false,"extraMattressCount":0,"mattressFeePerNight":0},"createdAt":"2025-11-14T18:21:01.659651Z","sellerResponseDeadline":"2025-11-14T18:36:01.659651Z","cancelledAt":"2025-11-14T18:37:30.474397Z","cancellationReason":"auto_cancelled_no_response","notes":""}
2025-11-15 00:09:05.776 [34mINFO [0;39m [c0a6c80a-cd3a-46c8-ac9b-f6803e67094c] [http-nio-8081-exec-4] com.bharatshop.web.OrdersController - Booking detail: tenant=demo-store userId=84ee4658-da81-4267-b293-632fd1559c9c id=eed06a00-2239-4934-b10a-d5052adf846a
2025-11-15 00:09:05.780 [34mINFO [0;39m [c0a6c80a-cd3a-46c8-ac9b-f6803e67094c] [http-nio-8081-exec-4] com.bharatshop.web.OrdersController - Booking detail success: id=eed06a00-2239-4934-b10a-d5052adf846a status=cancelled
2025-11-15 00:09:05.780 [34mINFO [0;39m [c0a6c80a-cd3a-46c8-ac9b-f6803e67094c] [http-nio-8081-exec-4] c.b.config.logging.HttpLoggingFilter - GET /api/storefront/bookings/eed06a00-2239-4934-b10a-d5052adf846a -> 200 (8 ms)
2025-11-15 00:09:05.780 [34mINFO [0;39m [c0a6c80a-cd3a-46c8-ac9b-f6803e67094c] [http-nio-8081-exec-4] c.b.config.logging.HttpLoggingFilter - Headers: auth=present content-type=null accept=application/json, text/plain, */*
2025-11-15 00:09:05.782 [34mINFO [0;39m [c0a6c80a-cd3a-46c8-ac9b-f6803e67094c] [http-nio-8081-exec-4] c.b.config.logging.HttpLoggingFilter - Response payload: {"id":"eed06a00-2239-4934-b10a-d5052adf846a","reference":"BK-eed06a00","status":"cancelled","total":1265.0,"totals":{"payable":1265.0},"type":"room_booking","booking":{"checkIn":"2025-11-14","checkOut":"2025-11-15","guests":4,"nights":1,"rooms":2,"perRoomMax":3,"extraMattressAllowed":false,"extraMattressCount":0,"mattressFeePerNight":0},"createdAt":"2025-11-14T18:21:01.659651Z","sellerResponseDeadline":"2025-11-14T18:36:01.659651Z","cancelledAt":"2025-11-14T18:37:30.474397Z","cancellationReason":"auto_cancelled_no_response","notes":""}
2025-11-15 00:09:11.746 [34mINFO [0;39m [722e6405-418b-44bd-bffe-21f5da26292b] [http-nio-8081-exec-8] c.b.web.StorefrontCartController - Storefront get cart: tenant=demo-store userId=guest-guest_1763145312971_qpjhsp 
2025-11-15 00:09:11.746 [34mINFO [0;39m [722e6405-418b-44bd-bffe-21f5da26292b] [http-nio-8081-exec-8] c.b.config.logging.HttpLoggingFilter - GET /api/storefront/cart -> 200 (0 ms)
2025-11-15 00:09:11.746 [34mINFO [0;39m [722e6405-418b-44bd-bffe-21f5da26292b] [http-nio-8081-exec-8] c.b.config.logging.HttpLoggingFilter - Headers: auth=absent content-type=null accept=application/json, text/plain, */*
2025-11-15 00:09:11.746 [34mINFO [0;39m [722e6405-418b-44bd-bffe-21f5da26292b] [http-nio-8081-exec-8] c.b.config.logging.HttpLoggingFilter - Response payload: {"totals":{"subtotal":0.0,"itemsCount":0},"items":[]}
2025-11-15 00:09:11.758 [34mINFO [0;39m [abdf4db8-7db8-42aa-99ad-2f3fb19235c0] [http-nio-8081-exec-7] c.b.web.StorefrontCartController - Storefront get cart: tenant=demo-store userId=guest-guest_1763145312971_qpjhsp 
2025-11-15 00:09:11.758 [34mINFO [0;39m [abdf4db8-7db8-42aa-99ad-2f3fb19235c0] [http-nio-8081-exec-7] c.b.config.logging.HttpLoggingFilter - GET /api/storefront/cart -> 200 (2 ms)
2025-11-15 00:09:11.758 [34mINFO [0;39m [abdf4db8-7db8-42aa-99ad-2f3fb19235c0] [http-nio-8081-exec-7] c.b.config.logging.HttpLoggingFilter - Headers: auth=absent content-type=null accept=application/json, text/plain, */*
2025-11-15 00:09:11.758 [34mINFO [0;39m [abdf4db8-7db8-42aa-99ad-2f3fb19235c0] [http-nio-8081-exec-7] c.b.config.logging.HttpLoggingFilter - Response payload: {"totals":{"subtotal":0.0,"itemsCount":0},"items":[]}
2025-11-15 00:09:11.797 [34mINFO [0;39m [31172eb4-0d9c-4136-b726-1e08e28e1b94] [http-nio-8081-exec-1] c.b.config.logging.HttpLoggingFilter - GET /api/storefront/bookings/eed06a00-2239-4934-b10a-d5052adf846a -> 401 (3 ms)
2025-11-15 00:09:11.799 [34mINFO [0;39m [31172eb4-0d9c-4136-b726-1e08e28e1b94] [http-nio-8081-exec-1] c.b.config.logging.HttpLoggingFilter - Headers: auth=absent content-type=null accept=application/json, text/plain, */*
2025-11-15 00:09:11.799 [34mINFO [0;39m [31172eb4-0d9c-4136-b726-1e08e28e1b94] [http-nio-8081-exec-1] c.b.config.logging.HttpLoggingFilter - Response payload: {"message":"Unauthorized"}
2025-11-15 00:09:11.809 [34mINFO [0;39m [e62f1a2a-cc17-4ead-a8a1-bf1eb98c0b5d] [http-nio-8081-exec-2] c.b.config.logging.HttpLoggingFilter - GET /api/storefront/bookings/eed06a00-2239-4934-b10a-d5052adf846a -> 401 (3 ms)
2025-11-15 00:09:11.809 [34mINFO [0;39m [e62f1a2a-cc17-4ead-a8a1-bf1eb98c0b5d] [http-nio-8081-exec-2] c.b.config.logging.HttpLoggingFilter - Headers: auth=absent content-type=null accept=application/json, text/plain, */*
2025-11-15 00:09:11.809 [34mINFO [0;39m [e62f1a2a-cc17-4ead-a8a1-bf1eb98c0b5d] [http-nio-8081-exec-2] c.b.config.logging.HttpLoggingFilter - Response payload: {"message":"Unauthorized"}
2025-11-15 00:09:21.799 [34mINFO [0;39m [20f0a2cc-d5bd-43c2-95d7-c68f178943b4] [http-nio-8081-exec-9] com.bharatshop.web.AuthController - Profile requested: tokenPresent=true 
2025-11-15 00:09:21.799 [34mINFO [0;39m [4c3dfb85-1d97-4275-bfd7-a59e6646b2df] [http-nio-8081-exec-10] c.b.web.StorefrontCartController - Storefront get cart: tenant=demo-store userId=84ee4658-da81-4267-b293-632fd1559c9c 
2025-11-15 00:09:21.801 [34mINFO [0;39m [4c3dfb85-1d97-4275-bfd7-a59e6646b2df] [http-nio-8081-exec-10] c.b.config.logging.HttpLoggingFilter - GET /api/storefront/cart -> 200 (2 ms)
2025-11-15 00:09:21.801 [34mINFO [0;39m [4c3dfb85-1d97-4275-bfd7-a59e6646b2df] [http-nio-8081-exec-10] c.b.config.logging.HttpLoggingFilter - Headers: auth=present content-type=null accept=application/json, text/plain, */*
2025-11-15 00:09:21.803 [34mINFO [0;39m [4c3dfb85-1d97-4275-bfd7-a59e6646b2df] [http-nio-8081-exec-10] c.b.config.logging.HttpLoggingFilter - Response payload: {"totals":{"subtotal":0.0,"itemsCount":0},"items":[]}
2025-11-15 00:09:21.805 [34mINFO [0;39m [20f0a2cc-d5bd-43c2-95d7-c68f178943b4] [http-nio-8081-exec-9] com.bharatshop.web.AuthController - Profile success: userId=84ee4658-da81-4267-b293-632fd1559c9c
2025-11-15 00:09:21.807 [34mINFO [0;39m [20f0a2cc-d5bd-43c2-95d7-c68f178943b4] [http-nio-8081-exec-9] c.b.config.logging.HttpLoggingFilter - GET /api/storefront/auth/profile -> 200 (8 ms)
2025-11-15 00:09:21.809 [34mINFO [0;39m [20f0a2cc-d5bd-43c2-95d7-c68f178943b4] [http-nio-8081-exec-9] c.b.config.logging.HttpLoggingFilter - Headers: auth=present content-type=null accept=application/json, text/plain, */*
2025-11-15 00:09:21.809 [34mINFO [0;39m [20f0a2cc-d5bd-43c2-95d7-c68f178943b4] [http-nio-8081-exec-9] c.b.config.logging.HttpLoggingFilter - Response payload: {"id":"84ee4658-da81-4267-b293-632fd1559c9c","name":"User0178","phone":"+917355460178","role":"USER"}
2025-11-15 00:09:21.837 [34mINFO [0;39m [dae18705-c449-4be2-86d2-c5a2c836f415] [http-nio-8081-exec-4] com.bharatshop.web.AuthController - Profile requested: tokenPresent=true 
2025-11-15 00:09:21.837 [34mINFO [0;39m [47b36785-9a9f-4d64-8da5-4ac50153dafb] [http-nio-8081-exec-6] c.b.web.StorefrontCartController - Storefront get cart: tenant=demo-store userId=84ee4658-da81-4267-b293-632fd1559c9c 
2025-11-15 00:09:21.839 [34mINFO [0;39m [47b36785-9a9f-4d64-8da5-4ac50153dafb] [http-nio-8081-exec-6] c.b.config.logging.HttpLoggingFilter - GET /api/storefront/cart -> 200 (4 ms)
2025-11-15 00:09:21.839 [34mINFO [0;39m [47b36785-9a9f-4d64-8da5-4ac50153dafb] [http-nio-8081-exec-6] c.b.config.logging.HttpLoggingFilter - Headers: auth=present content-type=null accept=application/json, text/plain, */*
2025-11-15 00:09:21.841 [34mINFO [0;39m [47b36785-9a9f-4d64-8da5-4ac50153dafb] [http-nio-8081-exec-6] c.b.config.logging.HttpLoggingFilter - Response payload: {"totals":{"subtotal":0.0,"itemsCount":0},"items":[]}
2025-11-15 00:09:21.841 [34mINFO [0;39m [dae18705-c449-4be2-86d2-c5a2c836f415] [http-nio-8081-exec-4] com.bharatshop.web.AuthController - Profile success: userId=84ee4658-da81-4267-b293-632fd1559c9c
2025-11-15 00:09:21.845 [34mINFO [0;39m [dae18705-c449-4be2-86d2-c5a2c836f415] [http-nio-8081-exec-4] c.b.config.logging.HttpLoggingFilter - GET /api/storefront/auth/profile -> 200 (10 ms)
2025-11-15 00:09:21.847 [34mINFO [0;39m [dae18705-c449-4be2-86d2-c5a2c836f415] [http-nio-8081-exec-4] c.b.config.logging.HttpLoggingFilter - Headers: auth=present content-type=null accept=application/json, text/plain, */*
2025-11-15 00:09:21.847 [34mINFO [0;39m [dae18705-c449-4be2-86d2-c5a2c836f415] [http-nio-8081-exec-4] c.b.config.logging.HttpLoggingFilter - Response payload: {"id":"84ee4658-da81-4267-b293-632fd1559c9c","name":"User0178","phone":"+917355460178","role":"USER"}
2025-11-15 00:09:21.907 [34mINFO [0;39m [2ae60377-01af-42cf-afcd-a4b4a8eb88b8] [http-nio-8081-exec-8] com.bharatshop.web.OrdersController - Booking detail: tenant=demo-store userId=84ee4658-da81-4267-b293-632fd1559c9c id=eed06a00-2239-4934-b10a-d5052adf846a
2025-11-15 00:09:21.912 [34mINFO [0;39m [2ae60377-01af-42cf-afcd-a4b4a8eb88b8] [http-nio-8081-exec-8] com.bharatshop.web.OrdersController - Booking detail success: id=eed06a00-2239-4934-b10a-d5052adf846a status=cancelled
2025-11-15 00:09:21.913 [34mINFO [0;39m [2ae60377-01af-42cf-afcd-a4b4a8eb88b8] [http-nio-8081-exec-8] c.b.config.logging.HttpLoggingFilter - GET /api/storefront/bookings/eed06a00-2239-4934-b10a-d5052adf846a -> 200 (6 ms)
2025-11-15 00:09:21.913 [34mINFO [0;39m [2ae60377-01af-42cf-afcd-a4b4a8eb88b8] [http-nio-8081-exec-8] c.b.config.logging.HttpLoggingFilter - Headers: auth=present content-type=null accept=application/json, text/plain, */*
2025-11-15 00:09:21.916 [34mINFO [0;39m [2ae60377-01af-42cf-afcd-a4b4a8eb88b8] [http-nio-8081-exec-8] c.b.config.logging.HttpLoggingFilter - Response payload: {"id":"eed06a00-2239-4934-b10a-d5052adf846a","reference":"BK-eed06a00","status":"cancelled","total":1265.0,"totals":{"payable":1265.0},"type":"room_booking","booking":{"checkIn":"2025-11-14","checkOut":"2025-11-15","guests":4,"nights":1,"rooms":2,"perRoomMax":3,"extraMattressAllowed":false,"extraMattressCount":0,"mattressFeePerNight":0},"createdAt":"2025-11-14T18:21:01.659651Z","sellerResponseDeadline":"2025-11-14T18:36:01.659651Z","cancelledAt":"2025-11-14T18:37:30.474397Z","cancellationReason":"auto_cancelled_no_response","notes":""}
2025-11-15 00:09:21.926 [34mINFO [0;39m [01b97cb7-f2b3-4074-ba55-e2309e0d9509] [http-nio-8081-exec-7] com.bharatshop.web.OrdersController - Booking detail: tenant=demo-store userId=84ee4658-da81-4267-b293-632fd1559c9c id=eed06a00-2239-4934-b10a-d5052adf846a
2025-11-15 00:09:21.928 [34mINFO [0;39m [01b97cb7-f2b3-4074-ba55-e2309e0d9509] [http-nio-8081-exec-7] com.bharatshop.web.OrdersController - Booking detail success: id=eed06a00-2239-4934-b10a-d5052adf846a status=cancelled
2025-11-15 00:09:21.937 [34mINFO [0;39m [01b97cb7-f2b3-4074-ba55-e2309e0d9509] [http-nio-8081-exec-7] c.b.config.logging.HttpLoggingFilter - GET /api/storefront/bookings/eed06a00-2239-4934-b10a-d5052adf846a -> 200 (11 ms)
2025-11-15 00:09:21.937 [34mINFO [0;39m [01b97cb7-f2b3-4074-ba55-e2309e0d9509] [http-nio-8081-exec-7] c.b.config.logging.HttpLoggingFilter - Headers: auth=present content-type=null accept=application/json, text/plain, */*
2025-11-15 00:09:21.939 [34mINFO [0;39m [01b97cb7-f2b3-4074-ba55-e2309e0d9509] [http-nio-8081-exec-7] c.b.config.logging.HttpLoggingFilter - Response payload: {"id":"eed06a00-2239-4934-b10a-d5052adf846a","reference":"BK-eed06a00","status":"cancelled","total":1265.0,"totals":{"payable":1265.0},"type":"room_booking","booking":{"checkIn":"2025-11-14","checkOut":"2025-11-15","guests":4,"nights":1,"rooms":2,"perRoomMax":3,"extraMattressAllowed":false,"extraMattressCount":0,"mattressFeePerNight":0},"createdAt":"2025-11-14T18:21:01.659651Z","sellerResponseDeadline":"2025-11-14T18:36:01.659651Z","cancelledAt":"2025-11-14T18:37:30.474397Z","cancellationReason":"auto_cancelled_no_response","notes":""}
2025-11-15 00:10:25.821 [34mINFO [0;39m [530a9d52-401f-4a77-b987-071d444e2296] [http-nio-8081-exec-1] c.b.config.logging.HttpLoggingFilter - GET /api/storefront/bookings/eed06a00-2239-4934-b10a-d5052adf846a -> 401 (2 ms)
2025-11-15 00:10:25.821 [34mINFO [0;39m [530a9d52-401f-4a77-b987-071d444e2296] [http-nio-8081-exec-1] c.b.config.logging.HttpLoggingFilter - Headers: auth=absent content-type=null accept=application/json, text/plain, */*
2025-11-15 00:10:25.821 [34mINFO [0;39m [530a9d52-401f-4a77-b987-071d444e2296] [http-nio-8081-exec-1] c.b.config.logging.HttpLoggingFilter - Response payload: {"message":"Unauthorized"}
2025-11-15 00:10:25.824 [34mINFO [0;39m [7b6dbe95-d521-465f-9af7-08716e1d60e0] [http-nio-8081-exec-2] com.bharatshop.web.OrdersController - Booking detail: tenant=demo-store userId=84ee4658-da81-4267-b293-632fd1559c9c id=eed06a00-2239-4934-b10a-d5052adf846a
2025-11-15 00:10:25.827 [34mINFO [0;39m [7b6dbe95-d521-465f-9af7-08716e1d60e0] [http-nio-8081-exec-2] com.bharatshop.web.OrdersController - Booking detail success: id=eed06a00-2239-4934-b10a-d5052adf846a status=cancelled
2025-11-15 00:10:25.827 [34mINFO [0;39m [7b6dbe95-d521-465f-9af7-08716e1d60e0] [http-nio-8081-exec-2] c.b.config.logging.HttpLoggingFilter - GET /api/storefront/bookings/eed06a00-2239-4934-b10a-d5052adf846a -> 200 (3 ms)
2025-11-15 00:10:25.832 [34mINFO [0;39m [7b6dbe95-d521-465f-9af7-08716e1d60e0] [http-nio-8081-exec-2] c.b.config.logging.HttpLoggingFilter - Headers: auth=present content-type=null accept=application/json, text/plain, */*
2025-11-15 00:10:25.835 [34mINFO [0;39m [7b6dbe95-d521-465f-9af7-08716e1d60e0] [http-nio-8081-exec-2] c.b.config.logging.HttpLoggingFilter - Response payload: {"id":"eed06a00-2239-4934-b10a-d5052adf846a","reference":"BK-eed06a00","status":"cancelled","total":1265.0,"totals":{"payable":1265.0},"type":"room_booking","booking":{"checkIn":"2025-11-14","checkOut":"2025-11-15","guests":4,"nights":1,"rooms":2,"perRoomMax":3,"extraMattressAllowed":false,"extraMattressCount":0,"mattressFeePerNight":0},"createdAt":"2025-11-14T18:21:01.659651Z","sellerResponseDeadline":"2025-11-14T18:36:01.659651Z","cancelledAt":"2025-11-14T18:37:30.474397Z","cancellationReason":"auto_cancelled_no_response","notes":""}
2025-11-15 00:10:26.019 [34mINFO [0;39m [bcb7ddd9-f771-40f4-ab2b-810ed84d9577] [http-nio-8081-exec-3] com.bharatshop.web.OrdersController - Booking detail: tenant=demo-store userId=84ee4658-da81-4267-b293-632fd1559c9c id=eed06a00-2239-4934-b10a-d5052adf846a
2025-11-15 00:10:26.024 [34mINFO [0;39m [bcb7ddd9-f771-40f4-ab2b-810ed84d9577] [http-nio-8081-exec-3] com.bharatshop.web.OrdersController - Booking detail success: id=eed06a00-2239-4934-b10a-d5052adf846a status=cancelled
2025-11-15 00:10:26.026 [34mINFO [0;39m [bcb7ddd9-f771-40f4-ab2b-810ed84d9577] [http-nio-8081-exec-3] c.b.config.logging.HttpLoggingFilter - GET /api/storefront/bookings/eed06a00-2239-4934-b10a-d5052adf846a -> 200 (9 ms)
2025-11-15 00:10:26.026 [34mINFO [0;39m [bcb7ddd9-f771-40f4-ab2b-810ed84d9577] [http-nio-8081-exec-3] c.b.config.logging.HttpLoggingFilter - Headers: auth=present content-type=null accept=application/json, text/plain, */*
2025-11-15 00:10:26.027 [34mINFO [0;39m [bcb7ddd9-f771-40f4-ab2b-810ed84d9577] [http-nio-8081-exec-3] c.b.config.logging.HttpLoggingFilter - Response payload: {"id":"eed06a00-2239-4934-b10a-d5052adf846a","reference":"BK-eed06a00","status":"cancelled","total":1265.0,"totals":{"payable":1265.0},"type":"room_booking","booking":{"checkIn":"2025-11-14","checkOut":"2025-11-15","guests":4,"nights":1,"rooms":2,"perRoomMax":3,"extraMattressAllowed":false,"extraMattressCount":0,"mattressFeePerNight":0},"createdAt":"2025-11-14T18:21:01.659651Z","sellerResponseDeadline":"2025-11-14T18:36:01.659651Z","cancelledAt":"2025-11-14T18:37:30.474397Z","cancellationReason":"auto_cancelled_no_response","notes":""}
2025-11-15 00:10:26.048 [34mINFO [0;39m [3bf83539-47ea-41e8-9eca-7a5409690354] [http-nio-8081-exec-10] c.b.config.logging.HttpLoggingFilter - GET /api/storefront/bookings/eed06a00-2239-4934-b10a-d5052adf846a -> 401 (1 ms)
2025-11-15 00:10:26.050 [34mINFO [0;39m [3bf83539-47ea-41e8-9eca-7a5409690354] [http-nio-8081-exec-10] c.b.config.logging.HttpLoggingFilter - Headers: auth=absent content-type=null accept=application/json, text/plain, */*
2025-11-15 00:10:26.050 [34mINFO [0;39m [3bf83539-47ea-41e8-9eca-7a5409690354] [http-nio-8081-exec-10] c.b.config.logging.HttpLoggingFilter - Response payload: {"message":"Unauthorized"}
2025-11-15 00:10:32.646 [34mINFO [0;39m [6ded17e7-bb55-45d8-b912-446bc0520260] [http-nio-8081-exec-6] c.b.web.StorefrontCartController - Storefront get cart: tenant=demo-store userId=guest-guest_1763145312971_qpjhsp 
2025-11-15 00:10:32.654 [34mINFO [0;39m [6ded17e7-bb55-45d8-b912-446bc0520260] [http-nio-8081-exec-6] c.b.config.logging.HttpLoggingFilter - GET /api/storefront/cart -> 200 (10 ms)
2025-11-15 00:10:32.662 [34mINFO [0;39m [6ded17e7-bb55-45d8-b912-446bc0520260] [http-nio-8081-exec-6] c.b.config.logging.HttpLoggingFilter - Headers: auth=absent content-type=null accept=application/json, text/plain, */*
2025-11-15 00:10:32.674 [34mINFO [0;39m [6ded17e7-bb55-45d8-b912-446bc0520260] [http-nio-8081-exec-6] c.b.config.logging.HttpLoggingFilter - Response payload: {"totals":{"subtotal":0.0,"itemsCount":0},"items":[]}
2025-11-15 00:10:32.703 [34mINFO [0;39m [8928c189-eaab-4e04-ab4b-674286551f51] [http-nio-8081-exec-4] c.b.web.StorefrontCartController - Storefront get cart: tenant=demo-store userId=guest-guest_1763145312971_qpjhsp 
2025-11-15 00:10:32.703 [34mINFO [0;39m [c63ad331-7d66-41cf-bc7a-b1ce65a53f7b] [http-nio-8081-exec-8] c.b.config.logging.HttpLoggingFilter - GET /api/storefront/bookings/eed06a00-2239-4934-b10a-d5052adf846a -> 401 (0 ms)
2025-11-15 00:10:32.705 [34mINFO [0;39m [c63ad331-7d66-41cf-bc7a-b1ce65a53f7b] [http-nio-8081-exec-8] c.b.config.logging.HttpLoggingFilter - Headers: auth=absent content-type=null accept=application/json, text/plain, */*
2025-11-15 00:10:32.706 [34mINFO [0;39m [8928c189-eaab-4e04-ab4b-674286551f51] [http-nio-8081-exec-4] c.b.config.logging.HttpLoggingFilter - GET /api/storefront/cart -> 200 (3 ms)
2025-11-15 00:10:32.707 [34mINFO [0;39m [c63ad331-7d66-41cf-bc7a-b1ce65a53f7b] [http-nio-8081-exec-8] c.b.config.logging.HttpLoggingFilter - Response payload: {"message":"Unauthorized"}
2025-11-15 00:10:32.707 [34mINFO [0;39m [8928c189-eaab-4e04-ab4b-674286551f51] [http-nio-8081-exec-4] c.b.config.logging.HttpLoggingFilter - Headers: auth=absent content-type=null accept=application/json, text/plain, */*
2025-11-15 00:10:32.707 [34mINFO [0;39m [8928c189-eaab-4e04-ab4b-674286551f51] [http-nio-8081-exec-4] c.b.config.logging.HttpLoggingFilter - Response payload: {"totals":{"subtotal":0.0,"itemsCount":0},"items":[]}
2025-11-15 00:10:32.716 [34mINFO [0;39m [0fa6080c-4338-43fe-9426-efcc315de87e] [http-nio-8081-exec-7] c.b.config.logging.HttpLoggingFilter - GET /api/storefront/bookings/eed06a00-2239-4934-b10a-d5052adf846a -> 401 (2 ms)
2025-11-15 00:10:32.716 [34mINFO [0;39m [0fa6080c-4338-43fe-9426-efcc315de87e] [http-nio-8081-exec-7] c.b.config.logging.HttpLoggingFilter - Headers: auth=absent content-type=null accept=application/json, text/plain, */*
2025-11-15 00:10:32.716 [34mINFO [0;39m [0fa6080c-4338-43fe-9426-efcc315de87e] [http-nio-8081-exec-7] c.b.config.logging.HttpLoggingFilter - Response payload: {"message":"Unauthorized"}
2025-11-15 00:10:37.453 [34mINFO [0;39m [368720d0-d984-4fc1-a262-2692ce946ed7] [http-nio-8081-exec-3] com.bharatshop.web.AuthController - Profile requested: tokenPresent=true 
2025-11-15 00:10:37.455 [34mINFO [0;39m [368720d0-d984-4fc1-a262-2692ce946ed7] [http-nio-8081-exec-3] com.bharatshop.web.AuthController - Profile success: userId=84ee4658-da81-4267-b293-632fd1559c9c
2025-11-15 00:10:37.455 [34mINFO [0;39m [a86e5055-c5db-43ea-a99f-11ecb937d8e2] [http-nio-8081-exec-5] c.b.web.StorefrontCartController - Storefront get cart: tenant=demo-store userId=84ee4658-da81-4267-b293-632fd1559c9c 
2025-11-15 00:10:37.457 [34mINFO [0;39m [368720d0-d984-4fc1-a262-2692ce946ed7] [http-nio-8081-exec-3] c.b.config.logging.HttpLoggingFilter - GET /api/storefront/auth/profile -> 200 (6 ms)
2025-11-15 00:10:37.457 [34mINFO [0;39m [368720d0-d984-4fc1-a262-2692ce946ed7] [http-nio-8081-exec-3] c.b.config.logging.HttpLoggingFilter - Headers: auth=present content-type=null accept=application/json, text/plain, */*
2025-11-15 00:10:37.457 [34mINFO [0;39m [368720d0-d984-4fc1-a262-2692ce946ed7] [http-nio-8081-exec-3] c.b.config.logging.HttpLoggingFilter - Response payload: {"id":"84ee4658-da81-4267-b293-632fd1559c9c","name":"User0178","phone":"+917355460178","role":"USER"}
2025-11-15 00:10:37.458 [34mINFO [0;39m [a86e5055-c5db-43ea-a99f-11ecb937d8e2] [http-nio-8081-exec-5] c.b.config.logging.HttpLoggingFilter - GET /api/storefront/cart -> 200 (5 ms)
2025-11-15 00:10:37.459 [34mINFO [0;39m [a86e5055-c5db-43ea-a99f-11ecb937d8e2] [http-nio-8081-exec-5] c.b.config.logging.HttpLoggingFilter - Headers: auth=present content-type=null accept=application/json, text/plain, */*
2025-11-15 00:10:37.459 [34mINFO [0;39m [a86e5055-c5db-43ea-a99f-11ecb937d8e2] [http-nio-8081-exec-5] c.b.config.logging.HttpLoggingFilter - Response payload: {"totals":{"subtotal":0.0,"itemsCount":0},"items":[]}
2025-11-15 00:10:37.478 [34mINFO [0;39m [58ddcacd-ad32-4769-93cf-5c05adfa1d08] [http-nio-8081-exec-10] com.bharatshop.web.AuthController - Profile requested: tokenPresent=true 
2025-11-15 00:10:37.478 [34mINFO [0;39m [3e473c4a-a542-4f71-b659-1cddfa7d4e51] [http-nio-8081-exec-9] c.b.web.StorefrontCartController - Storefront get cart: tenant=demo-store userId=84ee4658-da81-4267-b293-632fd1559c9c 
2025-11-15 00:10:37.481 [34mINFO [0;39m [3e473c4a-a542-4f71-b659-1cddfa7d4e51] [http-nio-8081-exec-9] c.b.config.logging.HttpLoggingFilter - GET /api/storefront/cart -> 200 (3 ms)
2025-11-15 00:10:37.482 [34mINFO [0;39m [58ddcacd-ad32-4769-93cf-5c05adfa1d08] [http-nio-8081-exec-10] com.bharatshop.web.AuthController - Profile success: userId=84ee4658-da81-4267-b293-632fd1559c9c
2025-11-15 00:10:37.482 [34mINFO [0;39m [3e473c4a-a542-4f71-b659-1cddfa7d4e51] [http-nio-8081-exec-9] c.b.config.logging.HttpLoggingFilter - Headers: auth=present content-type=null accept=application/json, text/plain, */*
2025-11-15 00:10:37.482 [34mINFO [0;39m [3e473c4a-a542-4f71-b659-1cddfa7d4e51] [http-nio-8081-exec-9] c.b.config.logging.HttpLoggingFilter - Response payload: {"totals":{"subtotal":0.0,"itemsCount":0},"items":[]}
2025-11-15 00:10:37.484 [34mINFO [0;39m [58ddcacd-ad32-4769-93cf-5c05adfa1d08] [http-nio-8081-exec-10] c.b.config.logging.HttpLoggingFilter - GET /api/storefront/auth/profile -> 200 (6 ms)
2025-11-15 00:10:37.488 [34mINFO [0;39m [58ddcacd-ad32-4769-93cf-5c05adfa1d08] [http-nio-8081-exec-10] c.b.config.logging.HttpLoggingFilter - Headers: auth=present content-type=null accept=application/json, text/plain, */*
2025-11-15 00:10:37.488 [34mINFO [0;39m [58ddcacd-ad32-4769-93cf-5c05adfa1d08] [http-nio-8081-exec-10] c.b.config.logging.HttpLoggingFilter - Response payload: {"id":"84ee4658-da81-4267-b293-632fd1559c9c","name":"User0178","phone":"+917355460178","role":"USER"}
2025-11-15 00:10:37.776 [34mINFO [0;39m [ae6e4c85-79df-4db6-b0f4-272b1204078d] [http-nio-8081-exec-6] com.bharatshop.web.OrdersController - Booking detail: tenant=demo-store userId=84ee4658-da81-4267-b293-632fd1559c9c id=eed06a00-2239-4934-b10a-d5052adf846a
2025-11-15 00:10:37.782 [34mINFO [0;39m [ae6e4c85-79df-4db6-b0f4-272b1204078d] [http-nio-8081-exec-6] com.bharatshop.web.OrdersController - Booking detail success: id=eed06a00-2239-4934-b10a-d5052adf846a status=cancelled
2025-11-15 00:10:37.784 [34mINFO [0;39m [ae6e4c85-79df-4db6-b0f4-272b1204078d] [http-nio-8081-exec-6] c.b.config.logging.HttpLoggingFilter - GET /api/storefront/bookings/eed06a00-2239-4934-b10a-d5052adf846a -> 200 (8 ms)
2025-11-15 00:10:37.784 [34mINFO [0;39m [ae6e4c85-79df-4db6-b0f4-272b1204078d] [http-nio-8081-exec-6] c.b.config.logging.HttpLoggingFilter - Headers: auth=present content-type=null accept=application/json, text/plain, */*
2025-11-15 00:10:37.784 [34mINFO [0;39m [ae6e4c85-79df-4db6-b0f4-272b1204078d] [http-nio-8081-exec-6] c.b.config.logging.HttpLoggingFilter - Response payload: {"id":"eed06a00-2239-4934-b10a-d5052adf846a","reference":"BK-eed06a00","status":"cancelled","total":1265.0,"totals":{"payable":1265.0},"type":"room_booking","booking":{"checkIn":"2025-11-14","checkOut":"2025-11-15","guests":4,"nights":1,"rooms":2,"perRoomMax":3,"extraMattressAllowed":false,"extraMattressCount":0,"mattressFeePerNight":0},"createdAt":"2025-11-14T18:21:01.659651Z","sellerResponseDeadline":"2025-11-14T18:36:01.659651Z","cancelledAt":"2025-11-14T18:37:30.474397Z","cancellationReason":"auto_cancelled_no_response","notes":""}
2025-11-15 00:10:37.795 [34mINFO [0;39m [dd921ffe-3ab9-4d2f-8443-6c6c281df922] [http-nio-8081-exec-4] com.bharatshop.web.OrdersController - Booking detail: tenant=demo-store userId=84ee4658-da81-4267-b293-632fd1559c9c id=eed06a00-2239-4934-b10a-d5052adf846a
2025-11-15 00:10:37.799 [34mINFO [0;39m [dd921ffe-3ab9-4d2f-8443-6c6c281df922] [http-nio-8081-exec-4] com.bharatshop.web.OrdersController - Booking detail success: id=eed06a00-2239-4934-b10a-d5052adf846a status=cancelled
2025-11-15 00:10:37.801 [34mINFO [0;39m [dd921ffe-3ab9-4d2f-8443-6c6c281df922] [http-nio-8081-exec-4] c.b.config.logging.HttpLoggingFilter - GET /api/storefront/bookings/eed06a00-2239-4934-b10a-d5052adf846a -> 200 (8 ms)
2025-11-15 00:10:37.803 [34mINFO [0;39m [dd921ffe-3ab9-4d2f-8443-6c6c281df922] [http-nio-8081-exec-4] c.b.config.logging.HttpLoggingFilter - Headers: auth=present content-type=null accept=application/json, text/plain, */*
2025-11-15 00:10:37.803 [34mINFO [0;39m [dd921ffe-3ab9-4d2f-8443-6c6c281df922] [http-nio-8081-exec-4] c.b.config.logging.HttpLoggingFilter - Response payload: {"id":"eed06a00-2239-4934-b10a-d5052adf846a","reference":"BK-eed06a00","status":"cancelled","total":1265.0,"totals":{"payable":1265.0},"type":"room_booking","booking":{"checkIn":"2025-11-14","checkOut":"2025-11-15","guests":4,"nights":1,"rooms":2,"perRoomMax":3,"extraMattressAllowed":false,"extraMattressCount":0,"mattressFeePerNight":0},"createdAt":"2025-11-14T18:21:01.659651Z","sellerResponseDeadline":"2025-11-14T18:36:01.659651Z","cancelledAt":"2025-11-14T18:37:30.474397Z","cancellationReason":"auto_cancelled_no_response","notes":""}
2025-11-15 00:10:42.872 [34mINFO [0;39m [f681150b-f078-4372-9c3b-e2cb31639b80] [http-nio-8081-exec-7] com.bharatshop.web.AuthController - Profile requested: tokenPresent=true 
2025-11-15 00:10:42.872 [34mINFO [0;39m [f70d461a-0820-465b-9430-ea0720c474b4] [http-nio-8081-exec-8] c.b.web.StorefrontCartController - Storefront get cart: tenant=demo-store userId=84ee4658-da81-4267-b293-632fd1559c9c 
2025-11-15 00:10:42.879 [34mINFO [0;39m [f70d461a-0820-465b-9430-ea0720c474b4] [http-nio-8081-exec-8] c.b.config.logging.HttpLoggingFilter - GET /api/storefront/cart -> 200 (7 ms)
2025-11-15 00:10:42.879 [34mINFO [0;39m [f70d461a-0820-465b-9430-ea0720c474b4] [http-nio-8081-exec-8] c.b.config.logging.HttpLoggingFilter - Headers: auth=present content-type=null accept=application/json, text/plain, */*
2025-11-15 00:10:42.881 [34mINFO [0;39m [f70d461a-0820-465b-9430-ea0720c474b4] [http-nio-8081-exec-8] c.b.config.logging.HttpLoggingFilter - Response payload: {"totals":{"subtotal":0.0,"itemsCount":0},"items":[]}
2025-11-15 00:10:42.879 [34mINFO [0;39m [f681150b-f078-4372-9c3b-e2cb31639b80] [http-nio-8081-exec-7] com.bharatshop.web.AuthController - Profile success: userId=84ee4658-da81-4267-b293-632fd1559c9c
2025-11-15 00:10:42.882 [34mINFO [0;39m [f681150b-f078-4372-9c3b-e2cb31639b80] [http-nio-8081-exec-7] c.b.config.logging.HttpLoggingFilter - GET /api/storefront/auth/profile -> 200 (10 ms)
2025-11-15 00:10:42.884 [34mINFO [0;39m [f681150b-f078-4372-9c3b-e2cb31639b80] [http-nio-8081-exec-7] c.b.config.logging.HttpLoggingFilter - Headers: auth=present content-type=null accept=application/json, text/plain, */*
2025-11-15 00:10:42.884 [34mINFO [0;39m [f681150b-f078-4372-9c3b-e2cb31639b80] [http-nio-8081-exec-7] c.b.config.logging.HttpLoggingFilter - Response payload: {"id":"84ee4658-da81-4267-b293-632fd1559c9c","name":"User0178","phone":"+917355460178","role":"USER"}
2025-11-15 00:10:42.896 [34mINFO [0;39m [03133767-bc75-47ae-9849-18771c47fe2e] [http-nio-8081-exec-1] c.b.web.StorefrontCartController - Storefront get cart: tenant=demo-store userId=84ee4658-da81-4267-b293-632fd1559c9c 
2025-11-15 00:10:42.902 [34mINFO [0;39m [03133767-bc75-47ae-9849-18771c47fe2e] [http-nio-8081-exec-1] c.b.config.logging.HttpLoggingFilter - GET /api/storefront/cart -> 200 (6 ms)
2025-11-15 00:10:42.904 [34mINFO [0;39m [03133767-bc75-47ae-9849-18771c47fe2e] [http-nio-8081-exec-1] c.b.config.logging.HttpLoggingFilter - Headers: auth=present content-type=null accept=application/json, text/plain, */*
2025-11-15 00:10:42.904 [34mINFO [0;39m [03133767-bc75-47ae-9849-18771c47fe2e] [http-nio-8081-exec-1] c.b.config.logging.HttpLoggingFilter - Response payload: {"totals":{"subtotal":0.0,"itemsCount":0},"items":[]}
2025-11-15 00:10:42.909 [34mINFO [0;39m [eb34695a-a2fa-40d6-b1d6-506e44033eab] [http-nio-8081-exec-2] com.bharatshop.web.AuthController - Profile requested: tokenPresent=true 
2025-11-15 00:10:42.917 [34mINFO [0;39m [eb34695a-a2fa-40d6-b1d6-506e44033eab] [http-nio-8081-exec-2] com.bharatshop.web.AuthController - Profile success: userId=84ee4658-da81-4267-b293-632fd1559c9c
2025-11-15 00:10:42.917 [34mINFO [0;39m [eb34695a-a2fa-40d6-b1d6-506e44033eab] [http-nio-8081-exec-2] c.b.config.logging.HttpLoggingFilter - GET /api/storefront/auth/profile -> 200 (9 ms)
2025-11-15 00:10:42.921 [34mINFO [0;39m [eb34695a-a2fa-40d6-b1d6-506e44033eab] [http-nio-8081-exec-2] c.b.config.logging.HttpLoggingFilter - Headers: auth=present content-type=null accept=application/json, text/plain, */*
2025-11-15 00:10:42.921 [34mINFO [0;39m [eb34695a-a2fa-40d6-b1d6-506e44033eab] [http-nio-8081-exec-2] c.b.config.logging.HttpLoggingFilter - Response payload: {"id":"84ee4658-da81-4267-b293-632fd1559c9c","name":"User0178","phone":"+917355460178","role":"USER"}
2025-11-15 00:10:42.974 [34mINFO [0;39m [b3975b51-27d8-4f52-99c1-8fae06595403] [http-nio-8081-exec-3] com.bharatshop.web.OrdersController - Booking detail: tenant=demo-store userId=84ee4658-da81-4267-b293-632fd1559c9c id=eed06a00-2239-4934-b10a-d5052adf846a
2025-11-15 00:10:42.977 [34mINFO [0;39m [b3975b51-27d8-4f52-99c1-8fae06595403] [http-nio-8081-exec-3] com.bharatshop.web.OrdersController - Booking detail success: id=eed06a00-2239-4934-b10a-d5052adf846a status=cancelled
2025-11-15 00:10:42.979 [34mINFO [0;39m [b3975b51-27d8-4f52-99c1-8fae06595403] [http-nio-8081-exec-3] c.b.config.logging.HttpLoggingFilter - GET /api/storefront/bookings/eed06a00-2239-4934-b10a-d5052adf846a -> 200 (8 ms)
2025-11-15 00:10:42.979 [34mINFO [0;39m [b3975b51-27d8-4f52-99c1-8fae06595403] [http-nio-8081-exec-3] c.b.config.logging.HttpLoggingFilter - Headers: auth=present content-type=null accept=application/json, text/plain, */*
2025-11-15 00:10:42.979 [34mINFO [0;39m [b3975b51-27d8-4f52-99c1-8fae06595403] [http-nio-8081-exec-3] c.b.config.logging.HttpLoggingFilter - Response payload: {"id":"eed06a00-2239-4934-b10a-d5052adf846a","reference":"BK-eed06a00","status":"cancelled","total":1265.0,"totals":{"payable":1265.0},"type":"room_booking","booking":{"checkIn":"2025-11-14","checkOut":"2025-11-15","guests":4,"nights":1,"rooms":2,"perRoomMax":3,"extraMattressAllowed":false,"extraMattressCount":0,"mattressFeePerNight":0},"createdAt":"2025-11-14T18:21:01.659651Z","sellerResponseDeadline":"2025-11-14T18:36:01.659651Z","cancelledAt":"2025-11-14T18:37:30.474397Z","cancellationReason":"auto_cancelled_no_response","notes":""}
2025-11-15 00:10:42.987 [34mINFO [0;39m [c485c94c-d520-41b2-8f82-f96948f4393f] [http-nio-8081-exec-5] com.bharatshop.web.OrdersController - Booking detail: tenant=demo-store userId=84ee4658-da81-4267-b293-632fd1559c9c id=eed06a00-2239-4934-b10a-d5052adf846a
2025-11-15 00:10:42.990 [34mINFO [0;39m [c485c94c-d520-41b2-8f82-f96948f4393f] [http-nio-8081-exec-5] com.bharatshop.web.OrdersController - Booking detail success: id=eed06a00-2239-4934-b10a-d5052adf846a status=cancelled
2025-11-15 00:10:42.992 [34mINFO [0;39m [c485c94c-d520-41b2-8f82-f96948f4393f] [http-nio-8081-exec-5] c.b.config.logging.HttpLoggingFilter - GET /api/storefront/bookings/eed06a00-2239-4934-b10a-d5052adf846a -> 200 (7 ms)
2025-11-15 00:10:42.992 [34mINFO [0;39m [c485c94c-d520-41b2-8f82-f96948f4393f] [http-nio-8081-exec-5] c.b.config.logging.HttpLoggingFilter - Headers: auth=present content-type=null accept=application/json, text/plain, */*
2025-11-15 00:10:42.992 [34mINFO [0;39m [c485c94c-d520-41b2-8f82-f96948f4393f] [http-nio-8081-exec-5] c.b.config.logging.HttpLoggingFilter - Response payload: {"id":"eed06a00-2239-4934-b10a-d5052adf846a","reference":"BK-eed06a00","status":"cancelled","total":1265.0,"totals":{"payable":1265.0},"type":"room_booking","booking":{"checkIn":"2025-11-14","checkOut":"2025-11-15","guests":4,"nights":1,"rooms":2,"perRoomMax":3,"extraMattressAllowed":false,"extraMattressCount":0,"mattressFeePerNight":0},"createdAt":"2025-11-14T18:21:01.659651Z","sellerResponseDeadline":"2025-11-14T18:36:01.659651Z","cancelledAt":"2025-11-14T18:37:30.474397Z","cancellationReason":"auto_cancelled_no_response","notes":""}
2025-11-15 00:10:53.305 [34mINFO [0;39m [c9de1a36-d148-4af4-8a7d-21fd19d70e47] [http-nio-8081-exec-9] com.bharatshop.web.EventController - Event ingested: id=evt_15ce2d0a-92f2-44b3-82c8-b7c7f870104f name=nav_click tenant=demo-store userId=84ee4658-da81-4267-b293-632fd1559c9c role=USER ip=127.0.0.1 ua=Mozilla/5.0 (Linux; Android 6.0; Nexus 5 Build/MRA58N) AppleWebKit/537.36 (KHTML, like Gecko) Chrome/142.0.0.0 Mobile Safari/537.36 ts=1763145653263 payloadPresent=true
2025-11-15 00:10:53.309 [34mINFO [0;39m [c9de1a36-d148-4af4-8a7d-21fd19d70e47] [http-nio-8081-exec-9] c.b.config.logging.HttpLoggingFilter - POST /api/events -> 200 (6 ms)
2025-11-15 00:10:53.309 [34mINFO [0;39m [c9de1a36-d148-4af4-8a7d-21fd19d70e47] [http-nio-8081-exec-9] c.b.config.logging.HttpLoggingFilter - Headers: auth=present content-type=application/json accept=application/json, text/plain, */*
2025-11-15 00:10:53.312 [34mINFO [0;39m [c9de1a36-d148-4af4-8a7d-21fd19d70e47] [http-nio-8081-exec-9] c.b.config.logging.HttpLoggingFilter - Request payload: {"name":"nav_click","payload":{"target":"/bookings","context":"mobile_nav"},"timestamp":1763145653263}
2025-11-15 00:10:53.312 [34mINFO [0;39m [c9de1a36-d148-4af4-8a7d-21fd19d70e47] [http-nio-8081-exec-9] c.b.config.logging.HttpLoggingFilter - Response payload: {"ok":true,"id":"evt_15ce2d0a-92f2-44b3-82c8-b7c7f870104f"}
2025-11-15 00:10:53.398 [34mINFO [0;39m [da85501b-a372-47e9-bbce-39650bf91ebf] [http-nio-8081-exec-4] com.bharatshop.web.EventController - Event ingested: id=evt_714a71f8-d9b9-470f-a665-478956c8adf5 name=page_view tenant=demo-store userId=84ee4658-da81-4267-b293-632fd1559c9c role=USER ip=127.0.0.1 ua=Mozilla/5.0 (Linux; Android 6.0; Nexus 5 Build/MRA58N) AppleWebKit/537.36 (KHTML, like Gecko) Chrome/142.0.0.0 Mobile Safari/537.36 ts=1763145653348 payloadPresent=true
2025-11-15 00:10:53.398 [34mINFO [0;39m [4f63da9a-2a8e-45bb-905b-38a0cd14c75e] [http-nio-8081-exec-6] com.bharatshop.web.EventController - Event ingested: id=evt_f5c976b7-237a-4aa1-bf84-b56e5d007521 name=bookings_fetch_start tenant=demo-store userId=84ee4658-da81-4267-b293-632fd1559c9c role=USER ip=127.0.0.1 ua=Mozilla/5.0 (Linux; Android 6.0; Nexus 5 Build/MRA58N) AppleWebKit/537.36 (KHTML, like Gecko) Chrome/142.0.0.0 Mobile Safari/537.36 ts=1763145653348 payloadPresent=true
2025-11-15 00:10:53.398 [34mINFO [0;39m [3a8ee19c-f749-4213-bb5f-1819c8c8183f] [http-nio-8081-exec-10] com.bharatshop.web.EventController - Event ingested: id=evt_b97da723-7428-4253-8a8a-78801c2b5571 name=page_view tenant=demo-store userId=84ee4658-da81-4267-b293-632fd1559c9c role=USER ip=127.0.0.1 ua=Mozilla/5.0 (Linux; Android 6.0; Nexus 5 Build/MRA58N) AppleWebKit/537.36 (KHTML, like Gecko) Chrome/142.0.0.0 Mobile Safari/537.36 ts=1763145653346 payloadPresent=true
2025-11-15 00:10:53.400 [34mINFO [0;39m [da85501b-a372-47e9-bbce-39650bf91ebf] [http-nio-8081-exec-4] c.b.config.logging.HttpLoggingFilter - POST /api/events -> 200 (4 ms)
2025-11-15 00:10:53.400 [34mINFO [0;39m [4f63da9a-2a8e-45bb-905b-38a0cd14c75e] [http-nio-8081-exec-6] c.b.config.logging.HttpLoggingFilter - POST /api/events -> 200 (4 ms)
2025-11-15 00:10:53.400 [34mINFO [0;39m [4f63da9a-2a8e-45bb-905b-38a0cd14c75e] [http-nio-8081-exec-6] c.b.config.logging.HttpLoggingFilter - Headers: auth=present content-type=application/json accept=application/json, text/plain, */*
2025-11-15 00:10:53.400 [34mINFO [0;39m [4f63da9a-2a8e-45bb-905b-38a0cd14c75e] [http-nio-8081-exec-6] c.b.config.logging.HttpLoggingFilter - Request payload: {"name":"bookings_fetch_start","payload":{"source":"my_bookings","userId":"84ee4658-da81-4267-b293-632fd1559c9c"},"timestamp":1763145653348}
2025-11-15 00:10:53.402 [34mINFO [0;39m [4f63da9a-2a8e-45bb-905b-38a0cd14c75e] [http-nio-8081-exec-6] c.b.config.logging.HttpLoggingFilter - Response payload: {"ok":true,"id":"evt_f5c976b7-237a-4aa1-bf84-b56e5d007521"}
2025-11-15 00:10:53.400 [34mINFO [0;39m [3a8ee19c-f749-4213-bb5f-1819c8c8183f] [http-nio-8081-exec-10] c.b.config.logging.HttpLoggingFilter - POST /api/events -> 200 (4 ms)
2025-11-15 00:10:53.402 [34mINFO [0;39m [3a8ee19c-f749-4213-bb5f-1819c8c8183f] [http-nio-8081-exec-10] c.b.config.logging.HttpLoggingFilter - Headers: auth=present content-type=application/json accept=application/json, text/plain, */*
2025-11-15 00:10:53.402 [34mINFO [0;39m [3a8ee19c-f749-4213-bb5f-1819c8c8183f] [http-nio-8081-exec-10] c.b.config.logging.HttpLoggingFilter - Request payload: {"name":"page_view","payload":{"page":"/bookings","title":"MyBookings"},"timestamp":1763145653346}
2025-11-15 00:10:53.402 [34mINFO [0;39m [3a8ee19c-f749-4213-bb5f-1819c8c8183f] [http-nio-8081-exec-10] c.b.config.logging.HttpLoggingFilter - Response payload: {"ok":true,"id":"evt_b97da723-7428-4253-8a8a-78801c2b5571"}
2025-11-15 00:10:53.400 [34mINFO [0;39m [da85501b-a372-47e9-bbce-39650bf91ebf] [http-nio-8081-exec-4] c.b.config.logging.HttpLoggingFilter - Headers: auth=present content-type=application/json accept=application/json, text/plain, */*
2025-11-15 00:10:53.404 [34mINFO [0;39m [da85501b-a372-47e9-bbce-39650bf91ebf] [http-nio-8081-exec-4] c.b.config.logging.HttpLoggingFilter - Request payload: {"name":"page_view","payload":{"page":"/bookings","title":"MyBookings"},"timestamp":1763145653348}
2025-11-15 00:10:53.404 [34mINFO [0;39m [da85501b-a372-47e9-bbce-39650bf91ebf] [http-nio-8081-exec-4] c.b.config.logging.HttpLoggingFilter - Response payload: {"ok":true,"id":"evt_714a71f8-d9b9-470f-a665-478956c8adf5"}
2025-11-15 00:10:53.408 [34mINFO [0;39m [0ee4e106-0297-47b9-8206-4459a907eb18] [http-nio-8081-exec-6] com.bharatshop.web.EventController - Event ingested: id=evt_5a4e3815-9713-44e4-8a2a-5676f88361c7 name=bookings_fetch_start tenant=demo-store userId=84ee4658-da81-4267-b293-632fd1559c9c role=USER ip=127.0.0.1 ua=Mozilla/5.0 (Linux; Android 6.0; Nexus 5 Build/MRA58N) AppleWebKit/537.36 (KHTML, like Gecko) Chrome/142.0.0.0 Mobile Safari/537.36 ts=1763145653347 payloadPresent=true
2025-11-15 00:10:53.408 [34mINFO [0;39m [62c418a3-e30a-47c9-bd45-4b281e258e07] [http-nio-8081-exec-10] com.bharatshop.web.OrdersController - List bookings: tenant=demo-store userId=84ee4658-da81-4267-b293-632fd1559c9c
2025-11-15 00:10:53.410 [34mINFO [0;39m [0ee4e106-0297-47b9-8206-4459a907eb18] [http-nio-8081-exec-6] c.b.config.logging.HttpLoggingFilter - POST /api/events -> 200 (4 ms)
2025-11-15 00:10:53.412 [34mINFO [0;39m [0ee4e106-0297-47b9-8206-4459a907eb18] [http-nio-8081-exec-6] c.b.config.logging.HttpLoggingFilter - Headers: auth=present content-type=application/json accept=application/json, text/plain, */*
2025-11-15 00:10:53.412 [34mINFO [0;39m [0ee4e106-0297-47b9-8206-4459a907eb18] [http-nio-8081-exec-6] c.b.config.logging.HttpLoggingFilter - Request payload: {"name":"bookings_fetch_start","payload":{"source":"my_bookings","userId":"84ee4658-da81-4267-b293-632fd1559c9c"},"timestamp":1763145653347}
2025-11-15 00:10:53.412 [34mINFO [0;39m [0ee4e106-0297-47b9-8206-4459a907eb18] [http-nio-8081-exec-6] c.b.config.logging.HttpLoggingFilter - Response payload: {"ok":true,"id":"evt_5a4e3815-9713-44e4-8a2a-5676f88361c7"}
2025-11-15 00:10:53.418 [34mINFO [0;39m [62c418a3-e30a-47c9-bd45-4b281e258e07] [http-nio-8081-exec-10] c.b.config.logging.HttpLoggingFilter - GET /api/storefront/bookings -> 200 (10 ms)
2025-11-15 00:10:53.421 [34mINFO [0;39m [62c418a3-e30a-47c9-bd45-4b281e258e07] [http-nio-8081-exec-10] c.b.config.logging.HttpLoggingFilter - Headers: auth=present content-type=null accept=application/json, text/plain, */*
2025-11-15 00:10:53.421 [34mINFO [0;39m [62c418a3-e30a-47c9-bd45-4b281e258e07] [http-nio-8081-exec-10] c.b.config.logging.HttpLoggingFilter - Response payload: [{"id":"eed06a00-2239-4934-b10a-d5052adf846a","reference":"BK-eed06a00","status":"cancelled","total":1265.0,"totals":{"payable":1265.0},"type":"room_booking","booking":{"checkIn":"2025-11-14","checkOut":"2025-11-15","guests":4,"nights":1,"rooms":2,"perRoomMax":3,"extraMattressAllowed":false,"extraMattressCount":0,"mattressFeePerNight":0},"createdAt":"2025-11-14T18:21:01.659651Z","sellerResponseDeadline":"2025-11-14T18:36:01.659651Z","cancelledAt":"2025-11-14T18:37:30.474397Z","cancellationReason":"auto_cancelled_no_response","notes":""}]
2025-11-15 00:10:53.474 [34mINFO [0;39m [38dfea46-9d36-46c5-9bb7-1af705c05990] [http-nio-8081-exec-1] com.bharatshop.web.OrdersController - List bookings: tenant=demo-store userId=84ee4658-da81-4267-b293-632fd1559c9c
2025-11-15 00:10:53.476 [34mINFO [0;39m [8f773089-8c6d-4342-999e-83032dfca8d1] [http-nio-8081-exec-2] com.bharatshop.web.EventController - Event ingested: id=evt_4fd0714f-3ad5-40da-aa0e-8a97132f5dbb name=bookings_fetch_success tenant=demo-store userId=84ee4658-da81-4267-b293-632fd1559c9c role=USER ip=127.0.0.1 ua=Mozilla/5.0 (Linux; Android 6.0; Nexus 5 Build/MRA58N) AppleWebKit/537.36 (KHTML, like Gecko) Chrome/142.0.0.0 Mobile Safari/537.36 ts=1763145653446 payloadPresent=true
2025-11-15 00:10:53.477 [34mINFO [0;39m [8f773089-8c6d-4342-999e-83032dfca8d1] [http-nio-8081-exec-2] c.b.config.logging.HttpLoggingFilter - POST /api/events -> 200 (3 ms)
2025-11-15 00:10:53.479 [34mINFO [0;39m [8f773089-8c6d-4342-999e-83032dfca8d1] [http-nio-8081-exec-2] c.b.config.logging.HttpLoggingFilter - Headers: auth=present content-type=application/json accept=application/json, text/plain, */*
2025-11-15 00:10:53.479 [34mINFO [0;39m [8f773089-8c6d-4342-999e-83032dfca8d1] [http-nio-8081-exec-2] c.b.config.logging.HttpLoggingFilter - Request payload: {"name":"bookings_fetch_success","payload":{"source":"my_bookings","count":1},"timestamp":1763145653446}
2025-11-15 00:10:53.479 [34mINFO [0;39m [8f773089-8c6d-4342-999e-83032dfca8d1] [http-nio-8081-exec-2] c.b.config.logging.HttpLoggingFilter - Response payload: {"ok":true,"id":"evt_4fd0714f-3ad5-40da-aa0e-8a97132f5dbb"}
2025-11-15 00:10:53.483 [34mINFO [0;39m [38dfea46-9d36-46c5-9bb7-1af705c05990] [http-nio-8081-exec-1] c.b.config.logging.HttpLoggingFilter - GET /api/storefront/bookings -> 200 (19 ms)
2025-11-15 00:10:53.483 [34mINFO [0;39m [38dfea46-9d36-46c5-9bb7-1af705c05990] [http-nio-8081-exec-1] c.b.config.logging.HttpLoggingFilter - Headers: auth=present content-type=null accept=application/json, text/plain, */*
2025-11-15 00:10:53.486 [34mINFO [0;39m [38dfea46-9d36-46c5-9bb7-1af705c05990] [http-nio-8081-exec-1] c.b.config.logging.HttpLoggingFilter - Response payload: [{"id":"eed06a00-2239-4934-b10a-d5052adf846a","reference":"BK-eed06a00","status":"cancelled","total":1265.0,"totals":{"payable":1265.0},"type":"room_booking","booking":{"checkIn":"2025-11-14","checkOut":"2025-11-15","guests":4,"nights":1,"rooms":2,"perRoomMax":3,"extraMattressAllowed":false,"extraMattressCount":0,"mattressFeePerNight":0},"createdAt":"2025-11-14T18:21:01.659651Z","sellerResponseDeadline":"2025-11-14T18:36:01.659651Z","cancelledAt":"2025-11-14T18:37:30.474397Z","cancellationReason":"auto_cancelled_no_response","notes":""}]
2025-11-15 00:10:53.520 [34mINFO [0;39m [8ddf20ef-2292-4288-8f4d-42b67d121cab] [http-nio-8081-exec-3] com.bharatshop.web.EventController - Event ingested: id=evt_5c3ff734-2182-4a48-a5a3-f31ce411393c name=bookings_fetch_success tenant=demo-store userId=84ee4658-da81-4267-b293-632fd1559c9c role=USER ip=127.0.0.1 ua=Mozilla/5.0 (Linux; Android 6.0; Nexus 5 Build/MRA58N) AppleWebKit/537.36 (KHTML, like Gecko) Chrome/142.0.0.0 Mobile Safari/537.36 ts=1763145653504 payloadPresent=true
2025-11-15 00:10:53.522 [34mINFO [0;39m [8ddf20ef-2292-4288-8f4d-42b67d121cab] [http-nio-8081-exec-3] c.b.config.logging.HttpLoggingFilter - POST /api/events -> 200 (4 ms)
2025-11-15 00:10:53.524 [34mINFO [0;39m [8ddf20ef-2292-4288-8f4d-42b67d121cab] [http-nio-8081-exec-3] c.b.config.logging.HttpLoggingFilter - Headers: auth=present content-type=application/json accept=application/json, text/plain, */*
2025-11-15 00:10:53.524 [34mINFO [0;39m [8ddf20ef-2292-4288-8f4d-42b67d121cab] [http-nio-8081-exec-3] c.b.config.logging.HttpLoggingFilter - Request payload: {"name":"bookings_fetch_success","payload":{"source":"my_bookings","count":1},"timestamp":1763145653504}
2025-11-15 00:10:53.524 [34mINFO [0;39m [8ddf20ef-2292-4288-8f4d-42b67d121cab] [http-nio-8081-exec-3] c.b.config.logging.HttpLoggingFilter - Response payload: {"ok":true,"id":"evt_5c3ff734-2182-4a48-a5a3-f31ce411393c"}
2025-11-15 00:10:56.023 [34mINFO [0;39m [1c68de54-19ec-4dbb-b542-336d5d829555] [http-nio-8081-exec-5] com.bharatshop.web.EventController - Event ingested: id=evt_9f7ccf4a-0bb6-4735-ba01-fa011cbd3e09 name=nav_click tenant=demo-store userId=84ee4658-da81-4267-b293-632fd1559c9c role=USER ip=127.0.0.1 ua=Mozilla/5.0 (Linux; Android 6.0; Nexus 5 Build/MRA58N) AppleWebKit/537.36 (KHTML, like Gecko) Chrome/142.0.0.0 Mobile Safari/537.36 ts=1763145655974 payloadPresent=true
2025-11-15 00:10:56.024 [34mINFO [0;39m [1c68de54-19ec-4dbb-b542-336d5d829555] [http-nio-8081-exec-5] c.b.config.logging.HttpLoggingFilter - POST /api/events -> 200 (4 ms)
2025-11-15 00:10:56.024 [34mINFO [0;39m [1c68de54-19ec-4dbb-b542-336d5d829555] [http-nio-8081-exec-5] c.b.config.logging.HttpLoggingFilter - Headers: auth=present content-type=application/json accept=application/json, text/plain, */*
2025-11-15 00:10:56.024 [34mINFO [0;39m [1c68de54-19ec-4dbb-b542-336d5d829555] [http-nio-8081-exec-5] c.b.config.logging.HttpLoggingFilter - Request payload: {"name":"nav_click","payload":{"target":"/store/","context":"my_bookings"},"timestamp":1763145655974}
2025-11-15 00:10:56.026 [34mINFO [0;39m [1c68de54-19ec-4dbb-b542-336d5d829555] [http-nio-8081-exec-5] c.b.config.logging.HttpLoggingFilter - Response payload: {"ok":true,"id":"evt_9f7ccf4a-0bb6-4735-ba01-fa011cbd3e09"}
2025-11-15 00:11:03.966 [34mINFO [0;39m [191d5a03-cba6-468e-99c2-0b089d076ab7] [http-nio-8081-exec-9] com.bharatshop.web.EventController - Event ingested: id=evt_9914305e-807b-4d3a-b390-aafd4a3bd7af name=nav_click tenant=demo-store userId=84ee4658-da81-4267-b293-632fd1559c9c role=USER ip=127.0.0.1 ua=Mozilla/5.0 (Linux; Android 6.0; Nexus 5 Build/MRA58N) AppleWebKit/537.36 (KHTML, like Gecko) Chrome/142.0.0.0 Mobile Safari/537.36 ts=1763145663900 payloadPresent=true
2025-11-15 00:11:03.969 [34mINFO [0;39m [191d5a03-cba6-468e-99c2-0b089d076ab7] [http-nio-8081-exec-9] c.b.config.logging.HttpLoggingFilter - POST /api/events -> 200 (7 ms)
2025-11-15 00:11:03.969 [34mINFO [0;39m [191d5a03-cba6-468e-99c2-0b089d076ab7] [http-nio-8081-exec-9] c.b.config.logging.HttpLoggingFilter - Headers: auth=present content-type=application/json accept=application/json, text/plain, */*
2025-11-15 00:11:03.969 [34mINFO [0;39m [191d5a03-cba6-468e-99c2-0b089d076ab7] [http-nio-8081-exec-9] c.b.config.logging.HttpLoggingFilter - Request payload: {"name":"nav_click","payload":{"target":"/bookings","context":"mobile_nav"},"timestamp":1763145663900}
2025-11-15 00:11:03.970 [34mINFO [0;39m [191d5a03-cba6-468e-99c2-0b089d076ab7] [http-nio-8081-exec-9] c.b.config.logging.HttpLoggingFilter - Response payload: {"ok":true,"id":"evt_9914305e-807b-4d3a-b390-aafd4a3bd7af"}
2025-11-15 00:11:03.974 [34mINFO [0;39m [44a5e5b0-19d7-4c5b-af93-41c891ced57f] [http-nio-8081-exec-4] com.bharatshop.web.OrdersController - List bookings: tenant=demo-store userId=84ee4658-da81-4267-b293-632fd1559c9c
2025-11-15 00:11:03.976 [34mINFO [0;39m [7f02c1fc-477d-475a-9617-49cdad4915e2] [http-nio-8081-exec-6] com.bharatshop.web.EventController - Event ingested: id=evt_4b60d665-59b5-489a-84af-d3350cb85f53 name=page_view tenant=demo-store userId=84ee4658-da81-4267-b293-632fd1559c9c role=USER ip=127.0.0.1 ua=Mozilla/5.0 (Linux; Android 6.0; Nexus 5 Build/MRA58N) AppleWebKit/537.36 (KHTML, like Gecko) Chrome/142.0.0.0 Mobile Safari/537.36 ts=1763145663909 payloadPresent=true
2025-11-15 00:11:03.976 [34mINFO [0;39m [7f02c1fc-477d-475a-9617-49cdad4915e2] [http-nio-8081-exec-6] c.b.config.logging.HttpLoggingFilter - POST /api/events -> 200 (2 ms)
2025-11-15 00:11:03.979 [34mINFO [0;39m [7f02c1fc-477d-475a-9617-49cdad4915e2] [http-nio-8081-exec-6] c.b.config.logging.HttpLoggingFilter - Headers: auth=present content-type=application/json accept=application/json, text/plain, */*
2025-11-15 00:11:03.981 [34mINFO [0;39m [7f02c1fc-477d-475a-9617-49cdad4915e2] [http-nio-8081-exec-6] c.b.config.logging.HttpLoggingFilter - Request payload: {"name":"page_view","payload":{"page":"/bookings","title":"MyBookings"},"timestamp":1763145663909}
2025-11-15 00:11:03.983 [34mINFO [0;39m [7f02c1fc-477d-475a-9617-49cdad4915e2] [http-nio-8081-exec-6] c.b.config.logging.HttpLoggingFilter - Response payload: {"ok":true,"id":"evt_4b60d665-59b5-489a-84af-d3350cb85f53"}
2025-11-15 00:11:03.987 [34mINFO [0;39m [44a5e5b0-19d7-4c5b-af93-41c891ced57f] [http-nio-8081-exec-4] c.b.config.logging.HttpLoggingFilter - GET /api/storefront/bookings -> 200 (13 ms)
2025-11-15 00:11:03.989 [34mINFO [0;39m [5d97370d-5ede-4dff-b7d0-9e42c2c1b1f3] [http-nio-8081-exec-6] com.bharatshop.web.EventController - Event ingested: id=evt_4fd2fff4-ccbe-4096-bae6-c6e167a4446b name=bookings_fetch_start tenant=demo-store userId=84ee4658-da81-4267-b293-632fd1559c9c role=USER ip=127.0.0.1 ua=Mozilla/5.0 (Linux; Android 6.0; Nexus 5 Build/MRA58N) AppleWebKit/537.36 (KHTML, like Gecko) Chrome/142.0.0.0 Mobile Safari/537.36 ts=1763145663909 payloadPresent=true
2025-11-15 00:11:03.991 [34mINFO [0;39m [5d97370d-5ede-4dff-b7d0-9e42c2c1b1f3] [http-nio-8081-exec-6] c.b.config.logging.HttpLoggingFilter - POST /api/events -> 200 (4 ms)
2025-11-15 00:11:03.991 [34mINFO [0;39m [5d97370d-5ede-4dff-b7d0-9e42c2c1b1f3] [http-nio-8081-exec-6] c.b.config.logging.HttpLoggingFilter - Headers: auth=present content-type=application/json accept=application/json, text/plain, */*
2025-11-15 00:11:03.991 [34mINFO [0;39m [5d97370d-5ede-4dff-b7d0-9e42c2c1b1f3] [http-nio-8081-exec-6] c.b.config.logging.HttpLoggingFilter - Request payload: {"name":"bookings_fetch_start","payload":{"source":"my_bookings","userId":"84ee4658-da81-4267-b293-632fd1559c9c"},"timestamp":1763145663909}
2025-11-15 00:11:03.991 [34mINFO [0;39m [5d97370d-5ede-4dff-b7d0-9e42c2c1b1f3] [http-nio-8081-exec-6] c.b.config.logging.HttpLoggingFilter - Response payload: {"ok":true,"id":"evt_4fd2fff4-ccbe-4096-bae6-c6e167a4446b"}
2025-11-15 00:11:03.989 [34mINFO [0;39m [44a5e5b0-19d7-4c5b-af93-41c891ced57f] [http-nio-8081-exec-4] c.b.config.logging.HttpLoggingFilter - Headers: auth=present content-type=null accept=application/json, text/plain, */*
2025-11-15 00:11:03.993 [34mINFO [0;39m [44a5e5b0-19d7-4c5b-af93-41c891ced57f] [http-nio-8081-exec-4] c.b.config.logging.HttpLoggingFilter - Response payload: [{"id":"eed06a00-2239-4934-b10a-d5052adf846a","reference":"BK-eed06a00","status":"cancelled","total":1265.0,"totals":{"payable":1265.0},"type":"room_booking","booking":{"checkIn":"2025-11-14","checkOut":"2025-11-15","guests":4,"nights":1,"rooms":2,"perRoomMax":3,"extraMattressAllowed":false,"extraMattressCount":0,"mattressFeePerNight":0},"createdAt":"2025-11-14T18:21:01.659651Z","sellerResponseDeadline":"2025-11-14T18:36:01.659651Z","cancelledAt":"2025-11-14T18:37:30.474397Z","cancellationReason":"auto_cancelled_no_response","notes":""}]
2025-11-15 00:11:04.040 [34mINFO [0;39m [d6c08d2a-6550-446c-a85c-b5a4d8a2b412] [http-nio-8081-exec-10] com.bharatshop.web.EventController - Event ingested: id=evt_43a4a801-6aca-452c-a5c6-b9d8baa644a7 name=bookings_fetch_start tenant=demo-store userId=84ee4658-da81-4267-b293-632fd1559c9c role=USER ip=127.0.0.1 ua=Mozilla/5.0 (Linux; Android 6.0; Nexus 5 Build/MRA58N) AppleWebKit/537.36 (KHTML, like Gecko) Chrome/142.0.0.0 Mobile Safari/537.36 ts=1763145663911 payloadPresent=true
2025-11-15 00:11:04.044 [34mINFO [0;39m [d6c08d2a-6550-446c-a85c-b5a4d8a2b412] [http-nio-8081-exec-10] c.b.config.logging.HttpLoggingFilter - POST /api/events -> 200 (6 ms)
2025-11-15 00:11:04.046 [34mINFO [0;39m [d6c08d2a-6550-446c-a85c-b5a4d8a2b412] [http-nio-8081-exec-10] c.b.config.logging.HttpLoggingFilter - Headers: auth=present content-type=application/json accept=application/json, text/plain, */*
2025-11-15 00:11:04.046 [34mINFO [0;39m [d6c08d2a-6550-446c-a85c-b5a4d8a2b412] [http-nio-8081-exec-10] c.b.config.logging.HttpLoggingFilter - Request payload: {"name":"bookings_fetch_start","payload":{"source":"my_bookings","userId":"84ee4658-da81-4267-b293-632fd1559c9c"},"timestamp":1763145663911}
2025-11-15 00:11:04.046 [34mINFO [0;39m [d6c08d2a-6550-446c-a85c-b5a4d8a2b412] [http-nio-8081-exec-10] c.b.config.logging.HttpLoggingFilter - Response payload: {"ok":true,"id":"evt_43a4a801-6aca-452c-a5c6-b9d8baa644a7"}
2025-11-15 00:11:04.066 [34mINFO [0;39m [1d25003d-1d88-4222-bd11-0a8726874ff6] [http-nio-8081-exec-2] com.bharatshop.web.EventController - Event ingested: id=evt_bca2ef5f-4d2d-41fa-afe4-9ad8e646dc7f name=bookings_fetch_success tenant=demo-store userId=84ee4658-da81-4267-b293-632fd1559c9c role=USER ip=127.0.0.1 ua=Mozilla/5.0 (Linux; Android 6.0; Nexus 5 Build/MRA58N) AppleWebKit/537.36 (KHTML, like Gecko) Chrome/142.0.0.0 Mobile Safari/537.36 ts=1763145664054 payloadPresent=true
2025-11-15 00:11:04.052 [34mINFO [0;39m [aaf4cf42-844c-492f-b85d-030bffe7e05b] [http-nio-8081-exec-7] com.bharatshop.web.EventController - Event ingested: id=evt_af1ed5a3-3c60-4c9d-9ef6-6d6117cb8288 name=page_view tenant=demo-store userId=84ee4658-da81-4267-b293-632fd1559c9c role=USER ip=127.0.0.1 ua=Mozilla/5.0 (Linux; Android 6.0; Nexus 5 Build/MRA58N) AppleWebKit/537.36 (KHTML, like Gecko) Chrome/142.0.0.0 Mobile Safari/537.36 ts=1763145663911 payloadPresent=true
2025-11-15 00:11:04.082 [34mINFO [0;39m [aaf4cf42-844c-492f-b85d-030bffe7e05b] [http-nio-8081-exec-7] c.b.config.logging.HttpLoggingFilter - POST /api/events -> 200 (34 ms)
2025-11-15 00:11:04.086 [34mINFO [0;39m [1d25003d-1d88-4222-bd11-0a8726874ff6] [http-nio-8081-exec-2] c.b.config.logging.HttpLoggingFilter - POST /api/events -> 200 (22 ms)
2025-11-15 00:11:04.086 [34mINFO [0;39m [1d25003d-1d88-4222-bd11-0a8726874ff6] [http-nio-8081-exec-2] c.b.config.logging.HttpLoggingFilter - Headers: auth=present content-type=application/json accept=application/json, text/plain, */*
2025-11-15 00:11:04.086 [34mINFO [0;39m [aaf4cf42-844c-492f-b85d-030bffe7e05b] [http-nio-8081-exec-7] c.b.config.logging.HttpLoggingFilter - Headers: auth=present content-type=application/json accept=application/json, text/plain, */*
2025-11-15 00:11:04.086 [34mINFO [0;39m [1d25003d-1d88-4222-bd11-0a8726874ff6] [http-nio-8081-exec-2] c.b.config.logging.HttpLoggingFilter - Request payload: {"name":"bookings_fetch_success","payload":{"source":"my_bookings","count":1},"timestamp":1763145664054}
2025-11-15 00:11:04.086 [34mINFO [0;39m [1d25003d-1d88-4222-bd11-0a8726874ff6] [http-nio-8081-exec-2] c.b.config.logging.HttpLoggingFilter - Response payload: {"ok":true,"id":"evt_bca2ef5f-4d2d-41fa-afe4-9ad8e646dc7f"}
2025-11-15 00:11:04.086 [34mINFO [0;39m [319eff77-8573-42c2-90aa-ecaa0fc05576] [http-nio-8081-exec-1] com.bharatshop.web.OrdersController - List bookings: tenant=demo-store userId=84ee4658-da81-4267-b293-632fd1559c9c
2025-11-15 00:11:04.086 [34mINFO [0;39m [aaf4cf42-844c-492f-b85d-030bffe7e05b] [http-nio-8081-exec-7] c.b.config.logging.HttpLoggingFilter - Request payload: {"name":"page_view","payload":{"page":"/bookings","title":"MyBookings"},"timestamp":1763145663911}
2025-11-15 00:11:04.088 [34mINFO [0;39m [aaf4cf42-844c-492f-b85d-030bffe7e05b] [http-nio-8081-exec-7] c.b.config.logging.HttpLoggingFilter - Response payload: {"ok":true,"id":"evt_af1ed5a3-3c60-4c9d-9ef6-6d6117cb8288"}
2025-11-15 00:11:04.096 [34mINFO [0;39m [319eff77-8573-42c2-90aa-ecaa0fc05576] [http-nio-8081-exec-1] c.b.config.logging.HttpLoggingFilter - GET /api/storefront/bookings -> 200 (10 ms)
2025-11-15 00:11:04.104 [34mINFO [0;39m [319eff77-8573-42c2-90aa-ecaa0fc05576] [http-nio-8081-exec-1] c.b.config.logging.HttpLoggingFilter - Headers: auth=present content-type=null accept=application/json, text/plain, */*
2025-11-15 00:11:04.106 [34mINFO [0;39m [319eff77-8573-42c2-90aa-ecaa0fc05576] [http-nio-8081-exec-1] c.b.config.logging.HttpLoggingFilter - Response payload: [{"id":"eed06a00-2239-4934-b10a-d5052adf846a","reference":"BK-eed06a00","status":"cancelled","total":1265.0,"totals":{"payable":1265.0},"type":"room_booking","booking":{"checkIn":"2025-11-14","checkOut":"2025-11-15","guests":4,"nights":1,"rooms":2,"perRoomMax":3,"extraMattressAllowed":false,"extraMattressCount":0,"mattressFeePerNight":0},"createdAt":"2025-11-14T18:21:01.659651Z","sellerResponseDeadline":"2025-11-14T18:36:01.659651Z","cancelledAt":"2025-11-14T18:37:30.474397Z","cancellationReason":"auto_cancelled_no_response","notes":""}]
2025-11-15 00:11:04.120 [34mINFO [0;39m [4580ac9a-2670-432f-8093-7702c84e2c8e] [http-nio-8081-exec-3] com.bharatshop.web.EventController - Event ingested: id=evt_c85279d9-a679-4216-9cd5-0642cea6f96d name=bookings_fetch_success tenant=demo-store userId=84ee4658-da81-4267-b293-632fd1559c9c role=USER ip=127.0.0.1 ua=Mozilla/5.0 (Linux; Android 6.0; Nexus 5 Build/MRA58N) AppleWebKit/537.36 (KHTML, like Gecko) Chrome/142.0.0.0 Mobile Safari/537.36 ts=1763145664111 payloadPresent=true
2025-11-15 00:11:04.125 [34mINFO [0;39m [4580ac9a-2670-432f-8093-7702c84e2c8e] [http-nio-8081-exec-3] c.b.config.logging.HttpLoggingFilter - POST /api/events -> 200 (5 ms)
2025-11-15 00:11:04.125 [34mINFO [0;39m [4580ac9a-2670-432f-8093-7702c84e2c8e] [http-nio-8081-exec-3] c.b.config.logging.HttpLoggingFilter - Headers: auth=present content-type=application/json accept=application/json, text/plain, */*
2025-11-15 00:11:04.125 [34mINFO [0;39m [4580ac9a-2670-432f-8093-7702c84e2c8e] [http-nio-8081-exec-3] c.b.config.logging.HttpLoggingFilter - Request payload: {"name":"bookings_fetch_success","payload":{"source":"my_bookings","count":1},"timestamp":1763145664111}
2025-11-15 00:11:04.125 [34mINFO [0;39m [4580ac9a-2670-432f-8093-7702c84e2c8e] [http-nio-8081-exec-3] c.b.config.logging.HttpLoggingFilter - Response payload: {"ok":true,"id":"evt_c85279d9-a679-4216-9cd5-0642cea6f96d"}
2025-11-15 00:13:07.529 [34mINFO [0;39m [19ad156e-fd8f-4105-9cd8-89ab12f0b0bf] [http-nio-8081-exec-5] com.bharatshop.web.EventController - Event ingested: id=evt_f50fe1ff-81b1-40e6-aa42-b4fa3b0006dd name=page_view tenant=demo-store userId=84ee4658-da81-4267-b293-632fd1559c9c role=USER ip=127.0.0.1 ua=Mozilla/5.0 (Linux; Android 6.0; Nexus 5 Build/MRA58N) AppleWebKit/537.36 (KHTML, like Gecko) Chrome/142.0.0.0 Mobile Safari/537.36 ts=1763145787493 payloadPresent=true
2025-11-15 00:13:07.529 [34mINFO [0;39m [19ad156e-fd8f-4105-9cd8-89ab12f0b0bf] [http-nio-8081-exec-5] c.b.config.logging.HttpLoggingFilter - POST /api/events -> 200 (0 ms)
2025-11-15 00:13:07.529 [34mINFO [0;39m [19ad156e-fd8f-4105-9cd8-89ab12f0b0bf] [http-nio-8081-exec-5] c.b.config.logging.HttpLoggingFilter - Headers: auth=present content-type=application/json accept=application/json, text/plain, */*
2025-11-15 00:13:07.529 [34mINFO [0;39m [19ad156e-fd8f-4105-9cd8-89ab12f0b0bf] [http-nio-8081-exec-5] c.b.config.logging.HttpLoggingFilter - Request payload: {"name":"page_view","payload":{"page":"/bookings","title":"MyBookings"},"timestamp":1763145787493}
2025-11-15 00:13:07.529 [34mINFO [0;39m [19ad156e-fd8f-4105-9cd8-89ab12f0b0bf] [http-nio-8081-exec-5] c.b.config.logging.HttpLoggingFilter - Response payload: {"ok":true,"id":"evt_f50fe1ff-81b1-40e6-aa42-b4fa3b0006dd"}
2025-11-15 00:13:07.537 [34mINFO [0;39m [05b37b8c-3b8c-4023-9092-a4d5089041f2] [http-nio-8081-exec-6] com.bharatshop.web.OrdersController - List bookings: tenant=demo-store userId=84ee4658-da81-4267-b293-632fd1559c9c
2025-11-15 00:13:07.538 [34mINFO [0;39m [e5a9be79-baf4-4acb-8462-e6e8ed22038d] [http-nio-8081-exec-9] com.bharatshop.web.EventController - Event ingested: id=evt_7cd7b544-57a1-41c1-ba1c-e301ccae88ca name=bookings_fetch_start tenant=demo-store userId=84ee4658-da81-4267-b293-632fd1559c9c role=USER ip=127.0.0.1 ua=Mozilla/5.0 (Linux; Android 6.0; Nexus 5 Build/MRA58N) AppleWebKit/537.36 (KHTML, like Gecko) Chrome/142.0.0.0 Mobile Safari/537.36 ts=1763145787493 payloadPresent=true
2025-11-15 00:13:07.539 [34mINFO [0;39m [e5a9be79-baf4-4acb-8462-e6e8ed22038d] [http-nio-8081-exec-9] c.b.config.logging.HttpLoggingFilter - POST /api/events -> 200 (3 ms)
2025-11-15 00:13:07.539 [34mINFO [0;39m [e5a9be79-baf4-4acb-8462-e6e8ed22038d] [http-nio-8081-exec-9] c.b.config.logging.HttpLoggingFilter - Headers: auth=present content-type=application/json accept=application/json, text/plain, */*
2025-11-15 00:13:07.539 [34mINFO [0;39m [e5a9be79-baf4-4acb-8462-e6e8ed22038d] [http-nio-8081-exec-9] c.b.config.logging.HttpLoggingFilter - Request payload: {"name":"bookings_fetch_start","payload":{"source":"my_bookings","userId":"84ee4658-da81-4267-b293-632fd1559c9c"},"timestamp":1763145787493}
2025-11-15 00:13:07.539 [34mINFO [0;39m [e5a9be79-baf4-4acb-8462-e6e8ed22038d] [http-nio-8081-exec-9] c.b.config.logging.HttpLoggingFilter - Response payload: {"ok":true,"id":"evt_7cd7b544-57a1-41c1-ba1c-e301ccae88ca"}
2025-11-15 00:13:07.542 [34mINFO [0;39m [05b37b8c-3b8c-4023-9092-a4d5089041f2] [http-nio-8081-exec-6] c.b.config.logging.HttpLoggingFilter - GET /api/storefront/bookings -> 200 (6 ms)
2025-11-15 00:13:07.542 [34mINFO [0;39m [05b37b8c-3b8c-4023-9092-a4d5089041f2] [http-nio-8081-exec-6] c.b.config.logging.HttpLoggingFilter - Headers: auth=present content-type=null accept=application/json, text/plain, */*
2025-11-15 00:13:07.542 [34mINFO [0;39m [05b37b8c-3b8c-4023-9092-a4d5089041f2] [http-nio-8081-exec-6] c.b.config.logging.HttpLoggingFilter - Response payload: [{"id":"eed06a00-2239-4934-b10a-d5052adf846a","reference":"BK-eed06a00","status":"cancelled","total":1265.0,"totals":{"payable":1265.0},"type":"room_booking","booking":{"checkIn":"2025-11-14","checkOut":"2025-11-15","guests":4,"nights":1,"rooms":2,"perRoomMax":3,"extraMattressAllowed":false,"extraMattressCount":0,"mattressFeePerNight":0},"createdAt":"2025-11-14T18:21:01.659651Z","sellerResponseDeadline":"2025-11-14T18:36:01.659651Z","cancelledAt":"2025-11-14T18:37:30.474397Z","cancellationReason":"auto_cancelled_no_response","notes":""}]
2025-11-15 00:13:07.602 [34mINFO [0;39m [31ccefc2-30d8-4d1a-a557-ae184cbc9c16] [http-nio-8081-exec-4] com.bharatshop.web.EventController - Event ingested: id=evt_6471d86c-e8f0-42aa-9a68-9f1150712820 name=bookings_fetch_success tenant=demo-store userId=84ee4658-da81-4267-b293-632fd1559c9c role=USER ip=127.0.0.1 ua=Mozilla/5.0 (Linux; Android 6.0; Nexus 5 Build/MRA58N) AppleWebKit/537.36 (KHTML, like Gecko) Chrome/142.0.0.0 Mobile Safari/537.36 ts=1763145787596 payloadPresent=true
2025-11-15 00:13:07.602 [34mINFO [0;39m [31ccefc2-30d8-4d1a-a557-ae184cbc9c16] [http-nio-8081-exec-4] c.b.config.logging.HttpLoggingFilter - POST /api/events -> 200 (2 ms)
2025-11-15 00:13:07.602 [34mINFO [0;39m [31ccefc2-30d8-4d1a-a557-ae184cbc9c16] [http-nio-8081-exec-4] c.b.config.logging.HttpLoggingFilter - Headers: auth=present content-type=application/json accept=application/json, text/plain, */*
2025-11-15 00:13:07.602 [34mINFO [0;39m [31ccefc2-30d8-4d1a-a557-ae184cbc9c16] [http-nio-8081-exec-4] c.b.config.logging.HttpLoggingFilter - Request payload: {"name":"bookings_fetch_success","payload":{"source":"my_bookings","count":1},"timestamp":1763145787596}
2025-11-15 00:13:07.602 [34mINFO [0;39m [31ccefc2-30d8-4d1a-a557-ae184cbc9c16] [http-nio-8081-exec-4] c.b.config.logging.HttpLoggingFilter - Response payload: {"ok":true,"id":"evt_6471d86c-e8f0-42aa-9a68-9f1150712820"}
2025-11-15 00:13:07.638 [34mINFO [0;39m [13d1b6b1-f0e7-4657-938d-4efcf29ba0e9] [http-nio-8081-exec-8] com.bharatshop.web.EventController - Event ingested: id=evt_b5d4e989-39b1-43d5-bb42-a4a07e25eea7 name=page_view tenant=demo-store userId=84ee4658-da81-4267-b293-632fd1559c9c role=USER ip=127.0.0.1 ua=Mozilla/5.0 (Linux; Android 6.0; Nexus 5 Build/MRA58N) AppleWebKit/537.36 (KHTML, like Gecko) Chrome/142.0.0.0 Mobile Safari/537.36 ts=1763145787630 payloadPresent=true
2025-11-15 00:13:07.640 [34mINFO [0;39m [13d1b6b1-f0e7-4657-938d-4efcf29ba0e9] [http-nio-8081-exec-8] c.b.config.logging.HttpLoggingFilter - POST /api/events -> 200 (3 ms)
2025-11-15 00:13:07.640 [34mINFO [0;39m [5da09ea7-36ad-4a84-a309-20eb0017341d] [http-nio-8081-exec-10] com.bharatshop.web.EventController - Event ingested: id=evt_6881b563-7fa7-41f8-ad04-dac01d037073 name=bookings_fetch_start tenant=demo-store userId=84ee4658-da81-4267-b293-632fd1559c9c role=USER ip=127.0.0.1 ua=Mozilla/5.0 (Linux; Android 6.0; Nexus 5 Build/MRA58N) AppleWebKit/537.36 (KHTML, like Gecko) Chrome/142.0.0.0 Mobile Safari/537.36 ts=1763145787631 payloadPresent=true
2025-11-15 00:13:07.640 [34mINFO [0;39m [13d1b6b1-f0e7-4657-938d-4efcf29ba0e9] [http-nio-8081-exec-8] c.b.config.logging.HttpLoggingFilter - Headers: auth=present content-type=application/json accept=application/json, text/plain, */*
2025-11-15 00:13:07.640 [34mINFO [0;39m [13d1b6b1-f0e7-4657-938d-4efcf29ba0e9] [http-nio-8081-exec-8] c.b.config.logging.HttpLoggingFilter - Request payload: {"name":"page_view","payload":{"page":"/bookings","title":"MyBookings"},"timestamp":1763145787630}
2025-11-15 00:13:07.641 [34mINFO [0;39m [13d1b6b1-f0e7-4657-938d-4efcf29ba0e9] [http-nio-8081-exec-8] c.b.config.logging.HttpLoggingFilter - Response payload: {"ok":true,"id":"evt_b5d4e989-39b1-43d5-bb42-a4a07e25eea7"}
2025-11-15 00:13:07.641 [34mINFO [0;39m [5da09ea7-36ad-4a84-a309-20eb0017341d] [http-nio-8081-exec-10] c.b.config.logging.HttpLoggingFilter - POST /api/events -> 200 (3 ms)
2025-11-15 00:13:07.641 [34mINFO [0;39m [5da09ea7-36ad-4a84-a309-20eb0017341d] [http-nio-8081-exec-10] c.b.config.logging.HttpLoggingFilter - Headers: auth=present content-type=application/json accept=application/json, text/plain, */*
2025-11-15 00:13:07.641 [34mINFO [0;39m [0302750a-4bd6-401e-8d5d-f93ed40f322c] [http-nio-8081-exec-2] com.bharatshop.web.OrdersController - List bookings: tenant=demo-store userId=84ee4658-da81-4267-b293-632fd1559c9c
2025-11-15 00:13:07.641 [34mINFO [0;39m [5da09ea7-36ad-4a84-a309-20eb0017341d] [http-nio-8081-exec-10] c.b.config.logging.HttpLoggingFilter - Request payload: {"name":"bookings_fetch_start","payload":{"source":"my_bookings","userId":"84ee4658-da81-4267-b293-632fd1559c9c"},"timestamp":1763145787631}
2025-11-15 00:13:07.641 [34mINFO [0;39m [5da09ea7-36ad-4a84-a309-20eb0017341d] [http-nio-8081-exec-10] c.b.config.logging.HttpLoggingFilter - Response payload: {"ok":true,"id":"evt_6881b563-7fa7-41f8-ad04-dac01d037073"}
2025-11-15 00:13:07.647 [34mINFO [0;39m [0302750a-4bd6-401e-8d5d-f93ed40f322c] [http-nio-8081-exec-2] c.b.config.logging.HttpLoggingFilter - GET /api/storefront/bookings -> 200 (6 ms)
2025-11-15 00:13:07.647 [34mINFO [0;39m [0302750a-4bd6-401e-8d5d-f93ed40f322c] [http-nio-8081-exec-2] c.b.config.logging.HttpLoggingFilter - Headers: auth=present content-type=null accept=application/json, text/plain, */*
2025-11-15 00:13:07.647 [34mINFO [0;39m [0302750a-4bd6-401e-8d5d-f93ed40f322c] [http-nio-8081-exec-2] c.b.config.logging.HttpLoggingFilter - Response payload: [{"id":"eed06a00-2239-4934-b10a-d5052adf846a","reference":"BK-eed06a00","status":"cancelled","total":1265.0,"totals":{"payable":1265.0},"type":"room_booking","booking":{"checkIn":"2025-11-14","checkOut":"2025-11-15","guests":4,"nights":1,"rooms":2,"perRoomMax":3,"extraMattressAllowed":false,"extraMattressCount":0,"mattressFeePerNight":0},"createdAt":"2025-11-14T18:21:01.659651Z","sellerResponseDeadline":"2025-11-14T18:36:01.659651Z","cancelledAt":"2025-11-14T18:37:30.474397Z","cancellationReason":"auto_cancelled_no_response","notes":""}]
2025-11-15 00:13:07.658 [34mINFO [0;39m [b598eb32-447b-4f4e-b502-4f186c4445a2] [http-nio-8081-exec-7] com.bharatshop.web.EventController - Event ingested: id=evt_7427f47a-5411-434b-93a7-f29152c7ee83 name=bookings_fetch_success tenant=demo-store userId=84ee4658-da81-4267-b293-632fd1559c9c role=USER ip=127.0.0.1 ua=Mozilla/5.0 (Linux; Android 6.0; Nexus 5 Build/MRA58N) AppleWebKit/537.36 (KHTML, like Gecko) Chrome/142.0.0.0 Mobile Safari/537.36 ts=1763145787651 payloadPresent=true
2025-11-15 00:13:07.659 [34mINFO [0;39m [b598eb32-447b-4f4e-b502-4f186c4445a2] [http-nio-8081-exec-7] c.b.config.logging.HttpLoggingFilter - POST /api/events -> 200 (3 ms)
2025-11-15 00:13:07.659 [34mINFO [0;39m [b598eb32-447b-4f4e-b502-4f186c4445a2] [http-nio-8081-exec-7] c.b.config.logging.HttpLoggingFilter - Headers: auth=present content-type=application/json accept=application/json, text/plain, */*
2025-11-15 00:13:07.659 [34mINFO [0;39m [b598eb32-447b-4f4e-b502-4f186c4445a2] [http-nio-8081-exec-7] c.b.config.logging.HttpLoggingFilter - Request payload: {"name":"bookings_fetch_success","payload":{"source":"my_bookings","count":1},"timestamp":1763145787651}
2025-11-15 00:13:07.659 [34mINFO [0;39m [b598eb32-447b-4f4e-b502-4f186c4445a2] [http-nio-8081-exec-7] c.b.config.logging.HttpLoggingFilter - Response payload: {"ok":true,"id":"evt_7427f47a-5411-434b-93a7-f29152c7ee83"}
2025-11-15 00:13:14.921 [34mINFO [0;39m [d4f3ed69-8987-46bb-837b-526b804a9058] [http-nio-8081-exec-1] c.b.web.StorefrontCartController - Storefront get cart: tenant=demo-store userId=guest-guest_1763145312971_qpjhsp 
2025-11-15 00:13:14.921 [34mINFO [0;39m [d4f3ed69-8987-46bb-837b-526b804a9058] [http-nio-8081-exec-1] c.b.config.logging.HttpLoggingFilter - GET /api/storefront/cart -> 200 (2 ms)
2025-11-15 00:13:14.923 [34mINFO [0;39m [d4f3ed69-8987-46bb-837b-526b804a9058] [http-nio-8081-exec-1] c.b.config.logging.HttpLoggingFilter - Headers: auth=absent content-type=null accept=application/json, text/plain, */*
2025-11-15 00:13:14.923 [34mINFO [0;39m [d4f3ed69-8987-46bb-837b-526b804a9058] [http-nio-8081-exec-1] c.b.config.logging.HttpLoggingFilter - Response payload: {"totals":{"subtotal":0.0,"itemsCount":0},"items":[]}
2025-11-15 00:13:14.931 [34mINFO [0;39m [c033fae5-b669-4906-b7e0-a7ae63277349] [http-nio-8081-exec-3] c.b.web.StorefrontCartController - Storefront get cart: tenant=demo-store userId=guest-guest_1763145312971_qpjhsp 
2025-11-15 00:13:14.933 [34mINFO [0;39m [c033fae5-b669-4906-b7e0-a7ae63277349] [http-nio-8081-exec-3] c.b.config.logging.HttpLoggingFilter - GET /api/storefront/cart -> 200 (2 ms)
2025-11-15 00:13:14.933 [34mINFO [0;39m [c033fae5-b669-4906-b7e0-a7ae63277349] [http-nio-8081-exec-3] c.b.config.logging.HttpLoggingFilter - Headers: auth=absent content-type=null accept=application/json, text/plain, */*
2025-11-15 00:13:14.933 [34mINFO [0;39m [c033fae5-b669-4906-b7e0-a7ae63277349] [http-nio-8081-exec-3] c.b.config.logging.HttpLoggingFilter - Response payload: {"totals":{"subtotal":0.0,"itemsCount":0},"items":[]}
2025-11-15 00:13:14.995 [34mINFO [0;39m [d1ea070c-2ae2-46da-a79c-8ccdcdd58808] [http-nio-8081-exec-5] c.b.config.logging.HttpLoggingFilter - GET /api/storefront/bookings/eed06a00-2239-4934-b10a-d5052adf846a -> 401 (1 ms)
2025-11-15 00:13:14.995 [34mINFO [0;39m [d1ea070c-2ae2-46da-a79c-8ccdcdd58808] [http-nio-8081-exec-5] c.b.config.logging.HttpLoggingFilter - Headers: auth=absent content-type=null accept=application/json, text/plain, */*
2025-11-15 00:13:14.995 [34mINFO [0;39m [d1ea070c-2ae2-46da-a79c-8ccdcdd58808] [http-nio-8081-exec-5] c.b.config.logging.HttpLoggingFilter - Response payload: {"message":"Unauthorized"}
2025-11-15 00:13:15.005 [34mINFO [0;39m [52990017-d1b3-4fe7-bf5e-86875a00b92a] [http-nio-8081-exec-9] c.b.config.logging.HttpLoggingFilter - GET /api/storefront/bookings/eed06a00-2239-4934-b10a-d5052adf846a -> 401 (3 ms)
2025-11-15 00:13:15.006 [34mINFO [0;39m [52990017-d1b3-4fe7-bf5e-86875a00b92a] [http-nio-8081-exec-9] c.b.config.logging.HttpLoggingFilter - Headers: auth=absent content-type=null accept=application/json, text/plain, */*
2025-11-15 00:13:15.006 [34mINFO [0;39m [52990017-d1b3-4fe7-bf5e-86875a00b92a] [http-nio-8081-exec-9] c.b.config.logging.HttpLoggingFilter - Response payload: {"message":"Unauthorized"}
2025-11-15 00:13:22.810 [34mINFO [0;39m [c84f3148-9beb-424b-9681-4a17114439d0] [http-nio-8081-exec-10] com.bharatshop.web.AuthController - Profile requested: tokenPresent=true 
2025-11-15 00:13:22.810 [34mINFO [0;39m [56d81fcb-a11c-4fed-b9a6-4d59705057fd] [http-nio-8081-exec-8] c.b.web.StorefrontCartController - Storefront get cart: tenant=demo-store userId=84ee4658-da81-4267-b293-632fd1559c9c 
2025-11-15 00:13:22.813 [34mINFO [0;39m [56d81fcb-a11c-4fed-b9a6-4d59705057fd] [http-nio-8081-exec-8] c.b.config.logging.HttpLoggingFilter - GET /api/storefront/cart -> 200 (3 ms)
2025-11-15 00:13:22.813 [34mINFO [0;39m [56d81fcb-a11c-4fed-b9a6-4d59705057fd] [http-nio-8081-exec-8] c.b.config.logging.HttpLoggingFilter - Headers: auth=present content-type=null accept=application/json, text/plain, */*
2025-11-15 00:13:22.814 [34mINFO [0;39m [56d81fcb-a11c-4fed-b9a6-4d59705057fd] [http-nio-8081-exec-8] c.b.config.logging.HttpLoggingFilter - Response payload: {"totals":{"subtotal":0.0,"itemsCount":0},"items":[]}
2025-11-15 00:13:22.814 [34mINFO [0;39m [c84f3148-9beb-424b-9681-4a17114439d0] [http-nio-8081-exec-10] com.bharatshop.web.AuthController - Profile success: userId=84ee4658-da81-4267-b293-632fd1559c9c
2025-11-15 00:13:22.814 [34mINFO [0;39m [c84f3148-9beb-424b-9681-4a17114439d0] [http-nio-8081-exec-10] c.b.config.logging.HttpLoggingFilter - GET /api/storefront/auth/profile -> 200 (4 ms)
2025-11-15 00:13:22.814 [34mINFO [0;39m [c84f3148-9beb-424b-9681-4a17114439d0] [http-nio-8081-exec-10] c.b.config.logging.HttpLoggingFilter - Headers: auth=present content-type=null accept=application/json, text/plain, */*
2025-11-15 00:13:22.814 [34mINFO [0;39m [c84f3148-9beb-424b-9681-4a17114439d0] [http-nio-8081-exec-10] c.b.config.logging.HttpLoggingFilter - Response payload: {"id":"84ee4658-da81-4267-b293-632fd1559c9c","name":"User0178","phone":"+917355460178","role":"USER"}
2025-11-15 00:13:22.824 [34mINFO [0;39m [4622c2f4-802f-4585-a8d1-f73167e36011] [http-nio-8081-exec-2] c.b.web.StorefrontCartController - Storefront get cart: tenant=demo-store userId=84ee4658-da81-4267-b293-632fd1559c9c 
2025-11-15 00:13:22.824 [34mINFO [0;39m [3af18465-4180-4e2c-b556-bc599f7c8758] [http-nio-8081-exec-7] com.bharatshop.web.AuthController - Profile requested: tokenPresent=true 
2025-11-15 00:13:22.824 [34mINFO [0;39m [4622c2f4-802f-4585-a8d1-f73167e36011] [http-nio-8081-exec-2] c.b.config.logging.HttpLoggingFilter - GET /api/storefront/cart -> 200 (2 ms)
2025-11-15 00:13:22.827 [34mINFO [0;39m [4622c2f4-802f-4585-a8d1-f73167e36011] [http-nio-8081-exec-2] c.b.config.logging.HttpLoggingFilter - Headers: auth=present content-type=null accept=application/json, text/plain, */*
2025-11-15 00:13:22.827 [34mINFO [0;39m [4622c2f4-802f-4585-a8d1-f73167e36011] [http-nio-8081-exec-2] c.b.config.logging.HttpLoggingFilter - Response payload: {"totals":{"subtotal":0.0,"itemsCount":0},"items":[]}
2025-11-15 00:13:22.829 [34mINFO [0;39m [3af18465-4180-4e2c-b556-bc599f7c8758] [http-nio-8081-exec-7] com.bharatshop.web.AuthController - Profile success: userId=84ee4658-da81-4267-b293-632fd1559c9c
2025-11-15 00:13:22.830 [34mINFO [0;39m [3af18465-4180-4e2c-b556-bc599f7c8758] [http-nio-8081-exec-7] c.b.config.logging.HttpLoggingFilter - GET /api/storefront/auth/profile -> 200 (6 ms)
2025-11-15 00:13:22.830 [34mINFO [0;39m [3af18465-4180-4e2c-b556-bc599f7c8758] [http-nio-8081-exec-7] c.b.config.logging.HttpLoggingFilter - Headers: auth=present content-type=null accept=application/json, text/plain, */*
2025-11-15 00:13:22.830 [34mINFO [0;39m [3af18465-4180-4e2c-b556-bc599f7c8758] [http-nio-8081-exec-7] c.b.config.logging.HttpLoggingFilter - Response payload: {"id":"84ee4658-da81-4267-b293-632fd1559c9c","name":"User0178","phone":"+917355460178","role":"USER"}
2025-11-15 00:13:22.897 [34mINFO [0;39m [ce944d0f-9a34-4615-989b-f8cbb3c89fae] [http-nio-8081-exec-1] com.bharatshop.web.EventController - Event ingested: id=evt_2cbb67f3-94c2-49bc-8a0b-e8cbc5390ee7 name=page_view tenant=demo-store userId=84ee4658-da81-4267-b293-632fd1559c9c role=USER ip=127.0.0.1 ua=Mozilla/5.0 (Linux; Android 6.0; Nexus 5 Build/MRA58N) AppleWebKit/537.36 (KHTML, like Gecko) Chrome/142.0.0.0 Mobile Safari/537.36 ts=1763145802886 payloadPresent=true
2025-11-15 00:13:22.899 [34mINFO [0;39m [ce944d0f-9a34-4615-989b-f8cbb3c89fae] [http-nio-8081-exec-1] c.b.config.logging.HttpLoggingFilter - POST /api/events -> 200 (2 ms)
2025-11-15 00:13:22.899 [34mINFO [0;39m [ce944d0f-9a34-4615-989b-f8cbb3c89fae] [http-nio-8081-exec-1] c.b.config.logging.HttpLoggingFilter - Headers: auth=present content-type=application/json accept=application/json, text/plain, */*
2025-11-15 00:13:22.899 [34mINFO [0;39m [67552490-c44e-4f50-8f73-e42b5596359f] [http-nio-8081-exec-3] com.bharatshop.web.EventController - Event ingested: id=evt_9e8fdc28-9436-43fb-b94e-2dd076f737e9 name=bookings_fetch_start tenant=demo-store userId=84ee4658-da81-4267-b293-632fd1559c9c role=USER ip=127.0.0.1 ua=Mozilla/5.0 (Linux; Android 6.0; Nexus 5 Build/MRA58N) AppleWebKit/537.36 (KHTML, like Gecko) Chrome/142.0.0.0 Mobile Safari/537.36 ts=1763145802886 payloadPresent=true
2025-11-15 00:13:22.899 [34mINFO [0;39m [1d7b23ee-92c5-4243-9708-055cee3a065f] [http-nio-8081-exec-5] com.bharatshop.web.EventController - Event ingested: id=evt_9e89499e-f468-4b0b-a3c8-e0ac1eba8579 name=page_view tenant=demo-store userId=84ee4658-da81-4267-b293-632fd1559c9c role=USER ip=127.0.0.1 ua=Mozilla/5.0 (Linux; Android 6.0; Nexus 5 Build/MRA58N) AppleWebKit/537.36 (KHTML, like Gecko) Chrome/142.0.0.0 Mobile Safari/537.36 ts=1763145802887 payloadPresent=true
2025-11-15 00:13:22.899 [34mINFO [0;39m [ce944d0f-9a34-4615-989b-f8cbb3c89fae] [http-nio-8081-exec-1] c.b.config.logging.HttpLoggingFilter - Request payload: {"name":"page_view","payload":{"page":"/bookings","title":"MyBookings"},"timestamp":1763145802886}
2025-11-15 00:13:22.901 [34mINFO [0;39m [ce944d0f-9a34-4615-989b-f8cbb3c89fae] [http-nio-8081-exec-1] c.b.config.logging.HttpLoggingFilter - Response payload: {"ok":true,"id":"evt_2cbb67f3-94c2-49bc-8a0b-e8cbc5390ee7"}
2025-11-15 00:13:22.901 [34mINFO [0;39m [1d7b23ee-92c5-4243-9708-055cee3a065f] [http-nio-8081-exec-5] c.b.config.logging.HttpLoggingFilter - POST /api/events -> 200 (4 ms)
2025-11-15 00:13:22.901 [34mINFO [0;39m [1d7b23ee-92c5-4243-9708-055cee3a065f] [http-nio-8081-exec-5] c.b.config.logging.HttpLoggingFilter - Headers: auth=present content-type=application/json accept=application/json, text/plain, */*
2025-11-15 00:13:22.901 [34mINFO [0;39m [67552490-c44e-4f50-8f73-e42b5596359f] [http-nio-8081-exec-3] c.b.config.logging.HttpLoggingFilter - POST /api/events -> 200 (4 ms)
2025-11-15 00:13:22.901 [34mINFO [0;39m [67552490-c44e-4f50-8f73-e42b5596359f] [http-nio-8081-exec-3] c.b.config.logging.HttpLoggingFilter - Headers: auth=present content-type=application/json accept=application/json, text/plain, */*
2025-11-15 00:13:22.901 [34mINFO [0;39m [67552490-c44e-4f50-8f73-e42b5596359f] [http-nio-8081-exec-3] c.b.config.logging.HttpLoggingFilter - Request payload: {"name":"bookings_fetch_start","payload":{"source":"my_bookings","userId":"84ee4658-da81-4267-b293-632fd1559c9c"},"timestamp":1763145802886}
2025-11-15 00:13:22.901 [34mINFO [0;39m [67552490-c44e-4f50-8f73-e42b5596359f] [http-nio-8081-exec-3] c.b.config.logging.HttpLoggingFilter - Response payload: {"ok":true,"id":"evt_9e8fdc28-9436-43fb-b94e-2dd076f737e9"}
2025-11-15 00:13:22.901 [34mINFO [0;39m [1d7b23ee-92c5-4243-9708-055cee3a065f] [http-nio-8081-exec-5] c.b.config.logging.HttpLoggingFilter - Request payload: {"name":"page_view","payload":{"page":"/bookings","title":"MyBookings"},"timestamp":1763145802887}
2025-11-15 00:13:22.903 [34mINFO [0;39m [1d7b23ee-92c5-4243-9708-055cee3a065f] [http-nio-8081-exec-5] c.b.config.logging.HttpLoggingFilter - Response payload: {"ok":true,"id":"evt_9e89499e-f468-4b0b-a3c8-e0ac1eba8579"}
2025-11-15 00:13:22.903 [34mINFO [0;39m [318332ae-7a57-4da5-8e2c-d11cfd7e2f67] [http-nio-8081-exec-9] com.bharatshop.web.OrdersController - List bookings: tenant=demo-store userId=84ee4658-da81-4267-b293-632fd1559c9c
2025-11-15 00:13:22.907 [34mINFO [0;39m [8c0181e1-8809-4a26-87d9-abb1987abb1b] [http-nio-8081-exec-6] com.bharatshop.web.EventController - Event ingested: id=evt_afea3daf-9145-4122-b6d0-b5a466b240c9 name=bookings_fetch_start tenant=demo-store userId=84ee4658-da81-4267-b293-632fd1559c9c role=USER ip=127.0.0.1 ua=Mozilla/5.0 (Linux; Android 6.0; Nexus 5 Build/MRA58N) AppleWebKit/537.36 (KHTML, like Gecko) Chrome/142.0.0.0 Mobile Safari/537.36 ts=1763145802887 payloadPresent=true
2025-11-15 00:13:22.909 [34mINFO [0;39m [8c0181e1-8809-4a26-87d9-abb1987abb1b] [http-nio-8081-exec-6] c.b.config.logging.HttpLoggingFilter - POST /api/events -> 200 (6 ms)
2025-11-15 00:13:22.909 [34mINFO [0;39m [8c0181e1-8809-4a26-87d9-abb1987abb1b] [http-nio-8081-exec-6] c.b.config.logging.HttpLoggingFilter - Headers: auth=present content-type=application/json accept=application/json, text/plain, */*
2025-11-15 00:13:22.909 [34mINFO [0;39m [8c0181e1-8809-4a26-87d9-abb1987abb1b] [http-nio-8081-exec-6] c.b.config.logging.HttpLoggingFilter - Request payload: {"name":"bookings_fetch_start","payload":{"source":"my_bookings","userId":"84ee4658-da81-4267-b293-632fd1559c9c"},"timestamp":1763145802887}
2025-11-15 00:13:22.909 [34mINFO [0;39m [8c0181e1-8809-4a26-87d9-abb1987abb1b] [http-nio-8081-exec-6] c.b.config.logging.HttpLoggingFilter - Response payload: {"ok":true,"id":"evt_afea3daf-9145-4122-b6d0-b5a466b240c9"}
2025-11-15 00:13:22.909 [34mINFO [0;39m [318332ae-7a57-4da5-8e2c-d11cfd7e2f67] [http-nio-8081-exec-9] c.b.config.logging.HttpLoggingFilter - GET /api/storefront/bookings -> 200 (6 ms)
2025-11-15 00:13:22.909 [34mINFO [0;39m [318332ae-7a57-4da5-8e2c-d11cfd7e2f67] [http-nio-8081-exec-9] c.b.config.logging.HttpLoggingFilter - Headers: auth=present content-type=null accept=application/json, text/plain, */*
2025-11-15 00:13:22.912 [34mINFO [0;39m [318332ae-7a57-4da5-8e2c-d11cfd7e2f67] [http-nio-8081-exec-9] c.b.config.logging.HttpLoggingFilter - Response payload: [{"id":"eed06a00-2239-4934-b10a-d5052adf846a","reference":"BK-eed06a00","status":"cancelled","total":1265.0,"totals":{"payable":1265.0},"type":"room_booking","booking":{"checkIn":"2025-11-14","checkOut":"2025-11-15","guests":4,"nights":1,"rooms":2,"perRoomMax":3,"extraMattressAllowed":false,"extraMattressCount":0,"mattressFeePerNight":0},"createdAt":"2025-11-14T18:21:01.659651Z","sellerResponseDeadline":"2025-11-14T18:36:01.659651Z","cancelledAt":"2025-11-14T18:37:30.474397Z","cancellationReason":"auto_cancelled_no_response","notes":""}]
2025-11-15 00:13:22.922 [34mINFO [0;39m [75979153-c3a5-4154-8845-4e7004f266e6] [http-nio-8081-exec-4] com.bharatshop.web.OrdersController - List bookings: tenant=demo-store userId=84ee4658-da81-4267-b293-632fd1559c9c
2025-11-15 00:13:22.930 [34mINFO [0;39m [75979153-c3a5-4154-8845-4e7004f266e6] [http-nio-8081-exec-4] c.b.config.logging.HttpLoggingFilter - GET /api/storefront/bookings -> 200 (8 ms)
2025-11-15 00:13:22.930 [34mINFO [0;39m [75979153-c3a5-4154-8845-4e7004f266e6] [http-nio-8081-exec-4] c.b.config.logging.HttpLoggingFilter - Headers: auth=present content-type=null accept=application/json, text/plain, */*
2025-11-15 00:13:22.930 [34mINFO [0;39m [75979153-c3a5-4154-8845-4e7004f266e6] [http-nio-8081-exec-4] c.b.config.logging.HttpLoggingFilter - Response payload: [{"id":"eed06a00-2239-4934-b10a-d5052adf846a","reference":"BK-eed06a00","status":"cancelled","total":1265.0,"totals":{"payable":1265.0},"type":"room_booking","booking":{"checkIn":"2025-11-14","checkOut":"2025-11-15","guests":4,"nights":1,"rooms":2,"perRoomMax":3,"extraMattressAllowed":false,"extraMattressCount":0,"mattressFeePerNight":0},"createdAt":"2025-11-14T18:21:01.659651Z","sellerResponseDeadline":"2025-11-14T18:36:01.659651Z","cancelledAt":"2025-11-14T18:37:30.474397Z","cancellationReason":"auto_cancelled_no_response","notes":""}]
2025-11-15 00:13:22.930 [34mINFO [0;39m [b70b2dc0-33d9-4629-bac6-2795cf41ee6a] [http-nio-8081-exec-8] com.bharatshop.web.EventController - Event ingested: id=evt_429b558d-c8fe-4d4d-98f4-bc0198bfaeef name=bookings_fetch_success tenant=demo-store userId=84ee4658-da81-4267-b293-632fd1559c9c role=USER ip=127.0.0.1 ua=Mozilla/5.0 (Linux; Android 6.0; Nexus 5 Build/MRA58N) AppleWebKit/537.36 (KHTML, like Gecko) Chrome/142.0.0.0 Mobile Safari/537.36 ts=1763145802921 payloadPresent=true
2025-11-15 00:13:22.930 [34mINFO [0;39m [b70b2dc0-33d9-4629-bac6-2795cf41ee6a] [http-nio-8081-exec-8] c.b.config.logging.HttpLoggingFilter - POST /api/events -> 200 (0 ms)
2025-11-15 00:13:22.930 [34mINFO [0;39m [b70b2dc0-33d9-4629-bac6-2795cf41ee6a] [http-nio-8081-exec-8] c.b.config.logging.HttpLoggingFilter - Headers: auth=present content-type=application/json accept=application/json, text/plain, */*
2025-11-15 00:13:22.930 [34mINFO [0;39m [b70b2dc0-33d9-4629-bac6-2795cf41ee6a] [http-nio-8081-exec-8] c.b.config.logging.HttpLoggingFilter - Request payload: {"name":"bookings_fetch_success","payload":{"source":"my_bookings","count":1},"timestamp":1763145802921}
2025-11-15 00:13:22.930 [34mINFO [0;39m [b70b2dc0-33d9-4629-bac6-2795cf41ee6a] [http-nio-8081-exec-8] c.b.config.logging.HttpLoggingFilter - Response payload: {"ok":true,"id":"evt_429b558d-c8fe-4d4d-98f4-bc0198bfaeef"}
2025-11-15 00:13:22.961 [34mINFO [0;39m [89ea4b73-c0eb-4e9b-8585-1dcef4e5abf0] [http-nio-8081-exec-10] com.bharatshop.web.EventController - Event ingested: id=evt_50b61014-28f7-48df-9ae7-99013179ac00 name=bookings_fetch_success tenant=demo-store userId=84ee4658-da81-4267-b293-632fd1559c9c role=USER ip=127.0.0.1 ua=Mozilla/5.0 (Linux; Android 6.0; Nexus 5 Build/MRA58N) AppleWebKit/537.36 (KHTML, like Gecko) Chrome/142.0.0.0 Mobile Safari/537.36 ts=1763145802952 payloadPresent=true
2025-11-15 00:13:22.961 [34mINFO [0;39m [89ea4b73-c0eb-4e9b-8585-1dcef4e5abf0] [http-nio-8081-exec-10] c.b.config.logging.HttpLoggingFilter - POST /api/events -> 200 (2 ms)
2025-11-15 00:13:22.963 [34mINFO [0;39m [89ea4b73-c0eb-4e9b-8585-1dcef4e5abf0] [http-nio-8081-exec-10] c.b.config.logging.HttpLoggingFilter - Headers: auth=present content-type=application/json accept=application/json, text/plain, */*
2025-11-15 00:13:22.963 [34mINFO [0;39m [89ea4b73-c0eb-4e9b-8585-1dcef4e5abf0] [http-nio-8081-exec-10] c.b.config.logging.HttpLoggingFilter - Request payload: {"name":"bookings_fetch_success","payload":{"source":"my_bookings","count":1},"timestamp":1763145802952}
2025-11-15 00:13:22.963 [34mINFO [0;39m [89ea4b73-c0eb-4e9b-8585-1dcef4e5abf0] [http-nio-8081-exec-10] c.b.config.logging.HttpLoggingFilter - Response payload: {"ok":true,"id":"evt_50b61014-28f7-48df-9ae7-99013179ac00"}
2025-11-15 00:13:26.033 [34mINFO [0;39m [5e75e264-fe21-40ef-8e08-2624af21b9a9] [http-nio-8081-exec-2] com.bharatshop.web.EventController - Event ingested: id=evt_8a8f5420-9f0f-43c2-956b-000f648b45e4 name=booking_click tenant=demo-store userId=84ee4658-da81-4267-b293-632fd1559c9c role=USER ip=127.0.0.1 ua=Mozilla/5.0 (Linux; Android 6.0; Nexus 5 Build/MRA58N) AppleWebKit/537.36 (KHTML, like Gecko) Chrome/142.0.0.0 Mobile Safari/537.36 ts=1763145805991 payloadPresent=true
2025-11-15 00:13:26.038 [34mINFO [0;39m [5e75e264-fe21-40ef-8e08-2624af21b9a9] [http-nio-8081-exec-2] c.b.config.logging.HttpLoggingFilter - POST /api/events -> 200 (7 ms)
2025-11-15 00:13:26.038 [34mINFO [0;39m [5e75e264-fe21-40ef-8e08-2624af21b9a9] [http-nio-8081-exec-2] c.b.config.logging.HttpLoggingFilter - Headers: auth=present content-type=application/json accept=application/json, text/plain, */*
2025-11-15 00:13:26.040 [34mINFO [0;39m [5e75e264-fe21-40ef-8e08-2624af21b9a9] [http-nio-8081-exec-2] c.b.config.logging.HttpLoggingFilter - Request payload: {"name":"booking_click","payload":{"id":"eed06a00-2239-4934-b10a-d5052adf846a","source":"my_bookings_button"},"timestamp":1763145805991}
2025-11-15 00:13:26.040 [34mINFO [0;39m [5e75e264-fe21-40ef-8e08-2624af21b9a9] [http-nio-8081-exec-2] c.b.config.logging.HttpLoggingFilter - Response payload: {"ok":true,"id":"evt_8a8f5420-9f0f-43c2-956b-000f648b45e4"}
2025-11-15 00:13:26.108 [34mINFO [0;39m [5453bf88-a33b-46ef-b37b-041bc750b5e2] [http-nio-8081-exec-7] com.bharatshop.web.OrdersController - Booking detail: tenant=demo-store userId=84ee4658-da81-4267-b293-632fd1559c9c id=eed06a00-2239-4934-b10a-d5052adf846a
2025-11-15 00:13:26.114 [34mINFO [0;39m [5453bf88-a33b-46ef-b37b-041bc750b5e2] [http-nio-8081-exec-7] com.bharatshop.web.OrdersController - Booking detail success: id=eed06a00-2239-4934-b10a-d5052adf846a status=cancelled
2025-11-15 00:13:26.117 [34mINFO [0;39m [5453bf88-a33b-46ef-b37b-041bc750b5e2] [http-nio-8081-exec-7] c.b.config.logging.HttpLoggingFilter - GET /api/storefront/bookings/eed06a00-2239-4934-b10a-d5052adf846a -> 200 (10 ms)
2025-11-15 00:13:26.118 [34mINFO [0;39m [5453bf88-a33b-46ef-b37b-041bc750b5e2] [http-nio-8081-exec-7] c.b.config.logging.HttpLoggingFilter - Headers: auth=present content-type=null accept=application/json, text/plain, */*
2025-11-15 00:13:26.118 [34mINFO [0;39m [5453bf88-a33b-46ef-b37b-041bc750b5e2] [http-nio-8081-exec-7] c.b.config.logging.HttpLoggingFilter - Response payload: {"id":"eed06a00-2239-4934-b10a-d5052adf846a","reference":"BK-eed06a00","status":"cancelled","total":1265.0,"totals":{"payable":1265.0},"type":"room_booking","booking":{"checkIn":"2025-11-14","checkOut":"2025-11-15","guests":4,"nights":1,"rooms":2,"perRoomMax":3,"extraMattressAllowed":false,"extraMattressCount":0,"mattressFeePerNight":0},"createdAt":"2025-11-14T18:21:01.659651Z","sellerResponseDeadline":"2025-11-14T18:36:01.659651Z","cancelledAt":"2025-11-14T18:37:30.474397Z","cancellationReason":"auto_cancelled_no_response","notes":""}
2025-11-15 00:13:26.131 [34mINFO [0;39m [6c476c73-2ad2-4ff6-a0f7-80f8213f26e4] [http-nio-8081-exec-1] com.bharatshop.web.OrdersController - Booking detail: tenant=demo-store userId=84ee4658-da81-4267-b293-632fd1559c9c id=eed06a00-2239-4934-b10a-d5052adf846a
2025-11-15 00:13:26.136 [34mINFO [0;39m [6c476c73-2ad2-4ff6-a0f7-80f8213f26e4] [http-nio-8081-exec-1] com.bharatshop.web.OrdersController - Booking detail success: id=eed06a00-2239-4934-b10a-d5052adf846a status=cancelled
2025-11-15 00:13:26.137 [34mINFO [0;39m [6c476c73-2ad2-4ff6-a0f7-80f8213f26e4] [http-nio-8081-exec-1] c.b.config.logging.HttpLoggingFilter - GET /api/storefront/bookings/eed06a00-2239-4934-b10a-d5052adf846a -> 200 (8 ms)
2025-11-15 00:13:26.137 [34mINFO [0;39m [6c476c73-2ad2-4ff6-a0f7-80f8213f26e4] [http-nio-8081-exec-1] c.b.config.logging.HttpLoggingFilter - Headers: auth=present content-type=null accept=application/json, text/plain, */*
2025-11-15 00:13:26.137 [34mINFO [0;39m [6c476c73-2ad2-4ff6-a0f7-80f8213f26e4] [http-nio-8081-exec-1] c.b.config.logging.HttpLoggingFilter - Response payload: {"id":"eed06a00-2239-4934-b10a-d5052adf846a","reference":"BK-eed06a00","status":"cancelled","total":1265.0,"totals":{"payable":1265.0},"type":"room_booking","booking":{"checkIn":"2025-11-14","checkOut":"2025-11-15","guests":4,"nights":1,"rooms":2,"perRoomMax":3,"extraMattressAllowed":false,"extraMattressCount":0,"mattressFeePerNight":0},"createdAt":"2025-11-14T18:21:01.659651Z","sellerResponseDeadline":"2025-11-14T18:36:01.659651Z","cancelledAt":"2025-11-14T18:37:30.474397Z","cancellationReason":"auto_cancelled_no_response","notes":""}
2025-11-15 00:13:42.602 [34mINFO [0;39m [0edf4723-8f9e-4b56-a001-d95ac1bbc1a4] [http-nio-8081-exec-6] com.bharatshop.web.EventController - Event ingested: id=evt_2e89fad2-e7b0-4227-ae3f-397c3ea2b19c name=bookings_fetch_start tenant=demo-store userId=84ee4658-da81-4267-b293-632fd1559c9c role=USER ip=127.0.0.1 ua=Mozilla/5.0 (Linux; Android 6.0; Nexus 5 Build/MRA58N) AppleWebKit/537.36 (KHTML, like Gecko) Chrome/142.0.0.0 Mobile Safari/537.36 ts=1763145822530 payloadPresent=true
2025-11-15 00:13:42.602 [34mINFO [0;39m [93a9eae2-5a24-4db4-8b4d-4885f69dd3b5] [http-nio-8081-exec-5] com.bharatshop.web.EventController - Event ingested: id=evt_18ba74c1-e8b8-4186-b73f-d25d41d188bb name=page_view tenant=demo-store userId=84ee4658-da81-4267-b293-632fd1559c9c role=USER ip=127.0.0.1 ua=Mozilla/5.0 (Linux; Android 6.0; Nexus 5 Build/MRA58N) AppleWebKit/537.36 (KHTML, like Gecko) Chrome/142.0.0.0 Mobile Safari/537.36 ts=1763145822529 payloadPresent=true
2025-11-15 00:13:42.602 [34mINFO [0;39m [73e3a99b-8603-4099-b474-451fcb7e54a8] [http-nio-8081-exec-4] com.bharatshop.web.EventController - Event ingested: id=evt_9338f93a-725b-4f3d-8fb1-45c8d44f33e9 name=bookings_fetch_start tenant=demo-store userId=84ee4658-da81-4267-b293-632fd1559c9c role=USER ip=127.0.0.1 ua=Mozilla/5.0 (Linux; Android 6.0; Nexus 5 Build/MRA58N) AppleWebKit/537.36 (KHTML, like Gecko) Chrome/142.0.0.0 Mobile Safari/537.36 ts=1763145822532 payloadPresent=true
2025-11-15 00:13:42.602 [34mINFO [0;39m [c892e8d3-44c4-4929-a7ec-350376401f64] [http-nio-8081-exec-3] com.bharatshop.web.EventController - Event ingested: id=evt_c209cada-0830-4154-bb00-1529fe867d6d name=nav_click tenant=demo-store userId=84ee4658-da81-4267-b293-632fd1559c9c role=USER ip=127.0.0.1 ua=Mozilla/5.0 (Linux; Android 6.0; Nexus 5 Build/MRA58N) AppleWebKit/537.36 (KHTML, like Gecko) Chrome/142.0.0.0 Mobile Safari/537.36 ts=1763145822520 payloadPresent=true
2025-11-15 00:13:42.602 [34mINFO [0;39m [4ec56a4c-f7b1-407d-a207-c098fd14e0ea] [http-nio-8081-exec-9] com.bharatshop.web.EventController - Event ingested: id=evt_f82dda0c-27a0-4353-85f6-5ccfa842bba4 name=page_view tenant=demo-store userId=84ee4658-da81-4267-b293-632fd1559c9c role=USER ip=127.0.0.1 ua=Mozilla/5.0 (Linux; Android 6.0; Nexus 5 Build/MRA58N) AppleWebKit/537.36 (KHTML, like Gecko) Chrome/142.0.0.0 Mobile Safari/537.36 ts=1763145822532 payloadPresent=true
2025-11-15 00:13:42.604 [34mINFO [0;39m [0edf4723-8f9e-4b56-a001-d95ac1bbc1a4] [http-nio-8081-exec-6] c.b.config.logging.HttpLoggingFilter - POST /api/events -> 200 (4 ms)
2025-11-15 00:13:42.608 [34mINFO [0;39m [73e3a99b-8603-4099-b474-451fcb7e54a8] [http-nio-8081-exec-4] c.b.config.logging.HttpLoggingFilter - POST /api/events -> 200 (8 ms)
2025-11-15 00:13:42.604 [34mINFO [0;39m [93a9eae2-5a24-4db4-8b4d-4885f69dd3b5] [http-nio-8081-exec-5] c.b.config.logging.HttpLoggingFilter - POST /api/events -> 200 (4 ms)
2025-11-15 00:13:42.608 [34mINFO [0;39m [0edf4723-8f9e-4b56-a001-d95ac1bbc1a4] [http-nio-8081-exec-6] c.b.config.logging.HttpLoggingFilter - Headers: auth=present content-type=application/json accept=application/json, text/plain, */*
2025-11-15 00:13:42.608 [34mINFO [0;39m [4ec56a4c-f7b1-407d-a207-c098fd14e0ea] [http-nio-8081-exec-9] c.b.config.logging.HttpLoggingFilter - POST /api/events -> 200 (8 ms)
2025-11-15 00:13:42.608 [34mINFO [0;39m [4ec56a4c-f7b1-407d-a207-c098fd14e0ea] [http-nio-8081-exec-9] c.b.config.logging.HttpLoggingFilter - Headers: auth=present content-type=application/json accept=application/json, text/plain, */*
2025-11-15 00:13:42.610 [34mINFO [0;39m [4ec56a4c-f7b1-407d-a207-c098fd14e0ea] [http-nio-8081-exec-9] c.b.config.logging.HttpLoggingFilter - Request payload: {"name":"page_view","payload":{"page":"/bookings","title":"MyBookings"},"timestamp":1763145822532}
2025-11-15 00:13:42.610 [34mINFO [0;39m [4ec56a4c-f7b1-407d-a207-c098fd14e0ea] [http-nio-8081-exec-9] c.b.config.logging.HttpLoggingFilter - Response payload: {"ok":true,"id":"evt_f82dda0c-27a0-4353-85f6-5ccfa842bba4"}
2025-11-15 00:13:42.608 [34mINFO [0;39m [c892e8d3-44c4-4929-a7ec-350376401f64] [http-nio-8081-exec-3] c.b.config.logging.HttpLoggingFilter - POST /api/events -> 200 (6 ms)
2025-11-15 00:13:42.610 [34mINFO [0;39m [c892e8d3-44c4-4929-a7ec-350376401f64] [http-nio-8081-exec-3] c.b.config.logging.HttpLoggingFilter - Headers: auth=present content-type=application/json accept=application/json, text/plain, */*
2025-11-15 00:13:42.612 [34mINFO [0;39m [c892e8d3-44c4-4929-a7ec-350376401f64] [http-nio-8081-exec-3] c.b.config.logging.HttpLoggingFilter - Request payload: {"name":"nav_click","payload":{"target":"/bookings","context":"mobile_nav"},"timestamp":1763145822520}
2025-11-15 00:13:42.612 [34mINFO [0;39m [c892e8d3-44c4-4929-a7ec-350376401f64] [http-nio-8081-exec-3] c.b.config.logging.HttpLoggingFilter - Response payload: {"ok":true,"id":"evt_c209cada-0830-4154-bb00-1529fe867d6d"}
2025-11-15 00:13:42.608 [34mINFO [0;39m [73e3a99b-8603-4099-b474-451fcb7e54a8] [http-nio-8081-exec-4] c.b.config.logging.HttpLoggingFilter - Headers: auth=present content-type=application/json accept=application/json, text/plain, */*
2025-11-15 00:13:42.608 [34mINFO [0;39m [93a9eae2-5a24-4db4-8b4d-4885f69dd3b5] [http-nio-8081-exec-5] c.b.config.logging.HttpLoggingFilter - Headers: auth=present content-type=application/json accept=application/json, text/plain, */*
2025-11-15 00:13:42.608 [34mINFO [0;39m [0edf4723-8f9e-4b56-a001-d95ac1bbc1a4] [http-nio-8081-exec-6] c.b.config.logging.HttpLoggingFilter - Request payload: {"name":"bookings_fetch_start","payload":{"source":"my_bookings","userId":"84ee4658-da81-4267-b293-632fd1559c9c"},"timestamp":1763145822530}
2025-11-15 00:13:42.614 [34mINFO [0;39m [0edf4723-8f9e-4b56-a001-d95ac1bbc1a4] [http-nio-8081-exec-6] c.b.config.logging.HttpLoggingFilter - Response payload: {"ok":true,"id":"evt_2e89fad2-e7b0-4227-ae3f-397c3ea2b19c"}
2025-11-15 00:13:42.614 [34mINFO [0;39m [73e3a99b-8603-4099-b474-451fcb7e54a8] [http-nio-8081-exec-4] c.b.config.logging.HttpLoggingFilter - Request payload: {"name":"bookings_fetch_start","payload":{"source":"my_bookings","userId":"84ee4658-da81-4267-b293-632fd1559c9c"},"timestamp":1763145822532}
2025-11-15 00:13:42.615 [34mINFO [0;39m [73e3a99b-8603-4099-b474-451fcb7e54a8] [http-nio-8081-exec-4] c.b.config.logging.HttpLoggingFilter - Response payload: {"ok":true,"id":"evt_9338f93a-725b-4f3d-8fb1-45c8d44f33e9"}
2025-11-15 00:13:42.614 [34mINFO [0;39m [93a9eae2-5a24-4db4-8b4d-4885f69dd3b5] [http-nio-8081-exec-5] c.b.config.logging.HttpLoggingFilter - Request payload: {"name":"page_view","payload":{"page":"/bookings","title":"MyBookings"},"timestamp":1763145822529}
2025-11-15 00:13:42.615 [34mINFO [0;39m [93a9eae2-5a24-4db4-8b4d-4885f69dd3b5] [http-nio-8081-exec-5] c.b.config.logging.HttpLoggingFilter - Response payload: {"ok":true,"id":"evt_18ba74c1-e8b8-4186-b73f-d25d41d188bb"}
2025-11-15 00:13:42.619 [34mINFO [0;39m [1757f95b-97f6-4337-9d0a-c010e557aa71] [http-nio-8081-exec-4] com.bharatshop.web.OrdersController - List bookings: tenant=demo-store userId=84ee4658-da81-4267-b293-632fd1559c9c
2025-11-15 00:13:42.651 [34mINFO [0;39m [1757f95b-97f6-4337-9d0a-c010e557aa71] [http-nio-8081-exec-4] c.b.config.logging.HttpLoggingFilter - GET /api/storefront/bookings -> 200 (32 ms)
2025-11-15 00:13:42.653 [34mINFO [0;39m [1757f95b-97f6-4337-9d0a-c010e557aa71] [http-nio-8081-exec-4] c.b.config.logging.HttpLoggingFilter - Headers: auth=present content-type=null accept=application/json, text/plain, */*
2025-11-15 00:13:42.655 [34mINFO [0;39m [1757f95b-97f6-4337-9d0a-c010e557aa71] [http-nio-8081-exec-4] c.b.config.logging.HttpLoggingFilter - Response payload: [{"id":"eed06a00-2239-4934-b10a-d5052adf846a","reference":"BK-eed06a00","status":"cancelled","total":1265.0,"totals":{"payable":1265.0},"type":"room_booking","booking":{"checkIn":"2025-11-14","checkOut":"2025-11-15","guests":4,"nights":1,"rooms":2,"perRoomMax":3,"extraMattressAllowed":false,"extraMattressCount":0,"mattressFeePerNight":0},"createdAt":"2025-11-14T18:21:01.659651Z","sellerResponseDeadline":"2025-11-14T18:36:01.659651Z","cancelledAt":"2025-11-14T18:37:30.474397Z","cancellationReason":"auto_cancelled_no_response","notes":""}]
2025-11-15 00:13:42.693 [34mINFO [0;39m [20f47744-e8cc-4026-a497-9e8e61ce372f] [http-nio-8081-exec-10] com.bharatshop.web.EventController - Event ingested: id=evt_32612eea-1397-447f-ac81-e9074b24500a name=bookings_fetch_success tenant=demo-store userId=84ee4658-da81-4267-b293-632fd1559c9c role=USER ip=127.0.0.1 ua=Mozilla/5.0 (Linux; Android 6.0; Nexus 5 Build/MRA58N) AppleWebKit/537.36 (KHTML, like Gecko) Chrome/142.0.0.0 Mobile Safari/537.36 ts=1763145822674 payloadPresent=true
2025-11-15 00:13:42.697 [34mINFO [0;39m [20f47744-e8cc-4026-a497-9e8e61ce372f] [http-nio-8081-exec-10] c.b.config.logging.HttpLoggingFilter - POST /api/events -> 200 (6 ms)
2025-11-15 00:13:42.697 [34mINFO [0;39m [20f47744-e8cc-4026-a497-9e8e61ce372f] [http-nio-8081-exec-10] c.b.config.logging.HttpLoggingFilter - Headers: auth=present content-type=application/json accept=application/json, text/plain, */*
2025-11-15 00:13:42.697 [34mINFO [0;39m [20f47744-e8cc-4026-a497-9e8e61ce372f] [http-nio-8081-exec-10] c.b.config.logging.HttpLoggingFilter - Request payload: {"name":"bookings_fetch_success","payload":{"source":"my_bookings","count":1},"timestamp":1763145822674}
2025-11-15 00:13:42.697 [34mINFO [0;39m [20f47744-e8cc-4026-a497-9e8e61ce372f] [http-nio-8081-exec-10] c.b.config.logging.HttpLoggingFilter - Response payload: {"ok":true,"id":"evt_32612eea-1397-447f-ac81-e9074b24500a"}
2025-11-15 00:13:42.705 [34mINFO [0;39m [38afea3b-e643-4056-8e50-39f5ddc9c009] [http-nio-8081-exec-2] com.bharatshop.web.OrdersController - List bookings: tenant=demo-store userId=84ee4658-da81-4267-b293-632fd1559c9c
2025-11-15 00:13:42.713 [34mINFO [0;39m [38afea3b-e643-4056-8e50-39f5ddc9c009] [http-nio-8081-exec-2] c.b.config.logging.HttpLoggingFilter - GET /api/storefront/bookings -> 200 (10 ms)
2025-11-15 00:13:42.715 [34mINFO [0;39m [38afea3b-e643-4056-8e50-39f5ddc9c009] [http-nio-8081-exec-2] c.b.config.logging.HttpLoggingFilter - Headers: auth=present content-type=null accept=application/json, text/plain, */*
2025-11-15 00:13:42.715 [34mINFO [0;39m [38afea3b-e643-4056-8e50-39f5ddc9c009] [http-nio-8081-exec-2] c.b.config.logging.HttpLoggingFilter - Response payload: [{"id":"eed06a00-2239-4934-b10a-d5052adf846a","reference":"BK-eed06a00","status":"cancelled","total":1265.0,"totals":{"payable":1265.0},"type":"room_booking","booking":{"checkIn":"2025-11-14","checkOut":"2025-11-15","guests":4,"nights":1,"rooms":2,"perRoomMax":3,"extraMattressAllowed":false,"extraMattressCount":0,"mattressFeePerNight":0},"createdAt":"2025-11-14T18:21:01.659651Z","sellerResponseDeadline":"2025-11-14T18:36:01.659651Z","cancelledAt":"2025-11-14T18:37:30.474397Z","cancellationReason":"auto_cancelled_no_response","notes":""}]
2025-11-15 00:13:42.741 [34mINFO [0;39m [773730bd-69f0-46a5-8183-fc9743f7fcec] [http-nio-8081-exec-7] com.bharatshop.web.EventController - Event ingested: id=evt_e8c2352b-aaa8-4420-96a8-0fd4c551aa04 name=bookings_fetch_success tenant=demo-store userId=84ee4658-da81-4267-b293-632fd1559c9c role=USER ip=127.0.0.1 ua=Mozilla/5.0 (Linux; Android 6.0; Nexus 5 Build/MRA58N) AppleWebKit/537.36 (KHTML, like Gecko) Chrome/142.0.0.0 Mobile Safari/537.36 ts=1763145822725 payloadPresent=true
2025-11-15 00:13:42.742 [34mINFO [0;39m [773730bd-69f0-46a5-8183-fc9743f7fcec] [http-nio-8081-exec-7] c.b.config.logging.HttpLoggingFilter - POST /api/events -> 200 (4 ms)
2025-11-15 00:13:42.748 [34mINFO [0;39m [773730bd-69f0-46a5-8183-fc9743f7fcec] [http-nio-8081-exec-7] c.b.config.logging.HttpLoggingFilter - Headers: auth=present content-type=application/json accept=application/json, text/plain, */*
2025-11-15 00:13:42.750 [34mINFO [0;39m [773730bd-69f0-46a5-8183-fc9743f7fcec] [http-nio-8081-exec-7] c.b.config.logging.HttpLoggingFilter - Request payload: {"name":"bookings_fetch_success","payload":{"source":"my_bookings","count":1},"timestamp":1763145822725}
2025-11-15 00:13:42.752 [34mINFO [0;39m [773730bd-69f0-46a5-8183-fc9743f7fcec] [http-nio-8081-exec-7] c.b.config.logging.HttpLoggingFilter - Response payload: {"ok":true,"id":"evt_e8c2352b-aaa8-4420-96a8-0fd4c551aa04"}
2025-11-15 00:13:44.305 [34mINFO [0;39m [59d9cb95-75ff-4e1f-96f9-4036a4a64c88] [http-nio-8081-exec-1] com.bharatshop.web.EventController - Event ingested: id=evt_186077d8-d721-4f22-a2ee-4ed14f47c49f name=nav_click tenant=demo-store userId=84ee4658-da81-4267-b293-632fd1559c9c role=USER ip=127.0.0.1 ua=Mozilla/5.0 (Linux; Android 6.0; Nexus 5 Build/MRA58N) AppleWebKit/537.36 (KHTML, like Gecko) Chrome/142.0.0.0 Mobile Safari/537.36 ts=1763145824276 payloadPresent=true
2025-11-15 00:13:44.309 [34mINFO [0;39m [59d9cb95-75ff-4e1f-96f9-4036a4a64c88] [http-nio-8081-exec-1] c.b.config.logging.HttpLoggingFilter - POST /api/events -> 200 (6 ms)
2025-11-15 00:13:44.319 [34mINFO [0;39m [59d9cb95-75ff-4e1f-96f9-4036a4a64c88] [http-nio-8081-exec-1] c.b.config.logging.HttpLoggingFilter - Headers: auth=present content-type=application/json accept=application/json, text/plain, */*
2025-11-15 00:13:44.357 [34mINFO [0;39m [59d9cb95-75ff-4e1f-96f9-4036a4a64c88] [http-nio-8081-exec-1] c.b.config.logging.HttpLoggingFilter - Request payload: {"name":"nav_click","payload":{"target":"/hotels","context":"my_bookings"},"timestamp":1763145824276}
2025-11-15 00:13:44.361 [34mINFO [0;39m [59d9cb95-75ff-4e1f-96f9-4036a4a64c88] [http-nio-8081-exec-1] c.b.config.logging.HttpLoggingFilter - Response payload: {"ok":true,"id":"evt_186077d8-d721-4f22-a2ee-4ed14f47c49f"}
2025-11-15 00:13:44.904 [34mINFO [0;39m [fef6f8fa-c94c-418f-b56a-29bacff4970d] [http-nio-8081-exec-5] c.b.web.StoreDiscoveryController - Discover stores: tenant=demo-store search=null category=Hospitality
2025-11-15 00:13:44.909 [34mINFO [0;39m [fef6f8fa-c94c-418f-b56a-29bacff4970d] [http-nio-8081-exec-5] c.b.config.logging.HttpLoggingFilter - GET /api/stores?category=Hospitality&city=Balrampur&lat=27.4235392&lon=82.1854208&lng=82.1854208 -> 200 (5 ms)
2025-11-15 00:13:44.909 [34mINFO [0;39m [fef6f8fa-c94c-418f-b56a-29bacff4970d] [http-nio-8081-exec-5] c.b.config.logging.HttpLoggingFilter - Headers: auth=present content-type=null accept=application/json, text/plain, */*
2025-11-15 00:13:44.909 [34mINFO [0;39m [fef6f8fa-c94c-418f-b56a-29bacff4970d] [http-nio-8081-exec-5] c.b.config.logging.HttpLoggingFilter - Response payload: [{"id":"9a1c2c30-c0aa-4495-bf49-cfb8dad8dd7d","name":"Sunrise Hotel","area":"Beach","category":"hospitality","status":"open","orderingDisabled":false,"updatedAt":"2025-11-14T18:09:22.038306Z"}]
2025-11-15 00:19:44.720 [34mINFO [0;39m [] [main] c.bharatshop.BharatshopApplication - Starting BharatshopApplication using Java 17.0.12 with PID 25848 (C:\Users\Adarsh\Downloads\bharatshop-backend\target\bharatshop-backend-0.0.1-SNAPSHOT.jar started by Adarsh in C:\Users\Adarsh\Downloads\bharatshop-backend)
2025-11-15 00:19:44.725 [39mDEBUG[0;39m [] [main] c.bharatshop.BharatshopApplication - Running with Spring Boot v3.3.4, Spring v6.1.13
2025-11-15 00:19:44.727 [34mINFO [0;39m [] [main] c.bharatshop.BharatshopApplication - No active profile set, falling back to 1 default profile: "default"
2025-11-15 00:19:46.788 [34mINFO [0;39m [] [main] o.s.d.r.c.RepositoryConfigurationDelegate - Bootstrapping Spring Data JPA repositories in DEFAULT mode.
2025-11-15 00:19:46.890 [34mINFO [0;39m [] [main] o.s.d.r.c.RepositoryConfigurationDelegate - Finished Spring Data repository scanning in 96 ms. Found 6 JPA repository interfaces.
2025-11-15 00:19:48.165 [34mINFO [0;39m [] [main] o.s.b.w.e.tomcat.TomcatWebServer - Tomcat initialized with port 8081 (http)
2025-11-15 00:19:48.182 [34mINFO [0;39m [] [main] o.a.coyote.http11.Http11NioProtocol - Initializing ProtocolHandler ["http-nio-8081"]
2025-11-15 00:19:48.190 [34mINFO [0;39m [] [main] o.a.catalina.core.StandardService - Starting service [Tomcat]
2025-11-15 00:19:48.190 [34mINFO [0;39m [] [main] o.a.catalina.core.StandardEngine - Starting Servlet engine: [Apache Tomcat/10.1.30]
2025-11-15 00:19:48.254 [34mINFO [0;39m [] [main] o.a.c.c.C.[Tomcat].[localhost].[/] - Initializing Spring embedded WebApplicationContext
2025-11-15 00:19:48.258 [34mINFO [0;39m [] [main] o.s.b.w.s.c.ServletWebServerApplicationContext - Root WebApplicationContext: initialization completed in 3436 ms
2025-11-15 00:19:48.489 [34mINFO [0;39m [] [main] com.zaxxer.hikari.HikariDataSource - HikariPool-1 - Starting...
2025-11-15 00:19:48.768 [34mINFO [0;39m [] [main] com.zaxxer.hikari.pool.HikariPool - HikariPool-1 - Added connection conn0: url=jdbc:h2:mem:bharatshop user=SA
2025-11-15 00:19:48.768 [34mINFO [0;39m [] [main] com.zaxxer.hikari.HikariDataSource - HikariPool-1 - Start completed.
2025-11-15 00:19:48.777 [34mINFO [0;39m [] [main] o.s.b.a.h.H2ConsoleAutoConfiguration - H2 console available at '/h2-console'. Database available at 'jdbc:h2:mem:bharatshop'
2025-11-15 00:19:49.666 [34mINFO [0;39m [] [main] o.s.o.j.p.SpringPersistenceUnitInfo - No LoadTimeWeaver setup: ignoring JPA class transformer
2025-11-15 00:19:51.167 [34mINFO [0;39m [] [main] o.s.o.j.LocalContainerEntityManagerFactoryBean - Initialized JPA EntityManagerFactory for persistence unit 'default'
2025-11-15 00:19:51.618 [34mINFO [0;39m [] [main] c.b.config.NotificationConfig - SMS provider: LOG (fallback)
2025-11-15 00:19:51.618 [34mINFO [0;39m [] [main] c.b.config.NotificationConfig - Email provider: LOG (fallback)
2025-11-15 00:19:51.712 [39mDEBUG[0;39m [] [main] c.b.c.logging.CorrelationIdFilter - Filter 'correlationIdFilter' configured for use
2025-11-15 00:19:51.713 [39mDEBUG[0;39m [] [main] c.b.config.logging.HttpLoggingFilter - Filter 'httpLoggingFilter' configured for use
2025-11-15 00:19:51.715 [39mDEBUG[0;39m [] [main] com.bharatshop.config.TenantFilter - Filter 'tenantFilter' configured for use
2025-11-15 00:19:51.715 [39mDEBUG[0;39m [] [main] c.b.security.TokenAuthFilter - Filter 'tokenAuthFilter' configured for use
2025-11-15 00:19:51.719 [39mDEBUG[0;39m [] [main] c.b.config.IdempotencyFilter - Filter 'idempotencyFilter' configured for use
2025-11-15 00:19:52.142 [31mWARN [0;39m [] [main] o.s.b.a.o.j.JpaBaseConfiguration$JpaWebConfiguration - spring.jpa.open-in-view is enabled by default. Therefore, database queries may be performed during view rendering. Explicitly configure spring.jpa.open-in-view to disable this warning
2025-11-15 00:19:52.186 [31mWARN [0;39m [] [main] o.s.b.a.s.s.UserDetailsServiceAutoConfiguration - 

Using generated security password: 03ae08f6-a066-4556-baf6-1b6d17f690cf

This generated password is for development use only. Your security configuration must be updated before running your application in production.

2025-11-15 00:19:52.206 [34mINFO [0;39m [] [main] o.s.s.c.a.a.c.InitializeUserDetailsBeanManagerConfigurer$InitializeUserDetailsManagerConfigurer - Global AuthenticationManager configured with UserDetailsService bean with name inMemoryUserDetailsManager
2025-11-15 00:19:52.872 [34mINFO [0;39m [] [main] o.s.b.a.e.web.EndpointLinksResolver - Exposing 4 endpoints beneath base path '/actuator'
2025-11-15 00:19:53.552 [34mINFO [0;39m [] [main] o.a.coyote.http11.Http11NioProtocol - Starting ProtocolHandler ["http-nio-8081"]
2025-11-15 00:19:53.590 [34mINFO [0;39m [] [main] o.s.b.w.e.tomcat.TomcatWebServer - Tomcat started on port 8081 (http) with context path '/'
2025-11-15 00:19:53.615 [34mINFO [0;39m [] [main] c.bharatshop.BharatshopApplication - Started BharatshopApplication in 10.11 seconds (process running for 11.047)
2025-11-15 00:20:07.709 [34mINFO [0;39m [] [http-nio-8081-exec-1] o.a.c.c.C.[Tomcat].[localhost].[/] - Initializing Spring DispatcherServlet 'dispatcherServlet'
2025-11-15 00:20:07.709 [34mINFO [0;39m [] [http-nio-8081-exec-1] o.s.web.servlet.DispatcherServlet - Initializing Servlet 'dispatcherServlet'
2025-11-15 00:20:07.710 [34mINFO [0;39m [] [http-nio-8081-exec-1] o.s.web.servlet.DispatcherServlet - Completed initialization in 0 ms
2025-11-15 00:20:07.845 [34mINFO [0;39m [670831a2-9f98-4414-b97b-8e345d20c40b] [http-nio-8081-exec-1] c.b.config.logging.HttpLoggingFilter - GET /store/9a1c2c30-c0aa-4495-bf49-cfb8dad8dd7d -> 404 (51 ms)
2025-11-15 00:20:07.845 [34mINFO [0;39m [670831a2-9f98-4414-b97b-8e345d20c40b] [http-nio-8081-exec-1] c.b.config.logging.HttpLoggingFilter - Headers: auth=absent content-type=null accept=text/html,application/xhtml+xml,application/xml;q=0.9,image/avif,image/webp,image/apng,*/*;q=0.8,application/signed-exchange;v=b3;q=0.7
2025-11-15 00:20:10.803 [34mINFO [0;39m [d280c35f-a6f1-4f6c-bc71-5354b11cd3b6] [http-nio-8081-exec-2] c.b.config.logging.HttpLoggingFilter - GET /store/9a1c2c30-c0aa-4495-bf49-cfb8dad8dd7d -> 404 (6 ms)
2025-11-15 00:20:10.803 [34mINFO [0;39m [d280c35f-a6f1-4f6c-bc71-5354b11cd3b6] [http-nio-8081-exec-2] c.b.config.logging.HttpLoggingFilter - Headers: auth=absent content-type=null accept=text/html,application/xhtml+xml,application/xml;q=0.9,image/avif,image/webp,image/apng,*/*;q=0.8,application/signed-exchange;v=b3;q=0.7
2025-11-15 00:20:10.946 [34mINFO [0;39m [108bbb03-b34a-482a-b93c-cfaf53f9ffc6] [http-nio-8081-exec-3] c.b.web.AvailabilityController - Availability: tenant=demo.shop storeId=null roomId=null in=2025-11-20 out=2025-11-23 roomsGuests=[2, 2] respTotal=12146
2025-11-15 00:20:11.064 [34mINFO [0;39m [108bbb03-b34a-482a-b93c-cfaf53f9ffc6] [http-nio-8081-exec-3] c.b.config.logging.HttpLoggingFilter - GET /api/availability?checkIn=2025-11-20&checkOut=2025-11-23&guests=4&roomsGuests=2,2 -> 200 (150 ms)
2025-11-15 00:20:11.064 [34mINFO [0;39m [108bbb03-b34a-482a-b93c-cfaf53f9ffc6] [http-nio-8081-exec-3] c.b.config.logging.HttpLoggingFilter - Headers: auth=absent content-type=null accept=null
2025-11-15 00:20:11.064 [34mINFO [0;39m [108bbb03-b34a-482a-b93c-cfaf53f9ffc6] [http-nio-8081-exec-3] c.b.config.logging.HttpLoggingFilter - Response payload: {"available":true,"nights":3,"rooms":2,"perRoomMax":3,"extraMattressAllowed":true,"extraMattressCount":0,"subtotal":10800,"taxes":1296,"fees":50,"total":12146,"surchargeRate":0.2,"mattressFeePerNight":300}
2025-11-15 00:20:21.188 [34mINFO [0;39m [ed052925-4736-4c8c-898a-f13b9db1bf79] [http-nio-8081-exec-4] c.b.web.StorefrontCartController - Storefront get cart: tenant=demo-store userId=84ee4658-da81-4267-b293-632fd1559c9c 
2025-11-15 00:20:21.190 [34mINFO [0;39m [f73c6199-4b06-412d-b448-4fc677c7d700] [http-nio-8081-exec-5] com.bharatshop.web.AuthController - Profile requested: tokenPresent=true 
2025-11-15 00:20:21.192 [34mINFO [0;39m [d18cc8f9-6c24-46f9-a638-10b70cd8f592] [http-nio-8081-exec-6] c.b.web.StoreDiscoveryController - Discover stores: tenant=demo-store search=null category=null
2025-11-15 00:20:21.195 [34mINFO [0;39m [ed052925-4736-4c8c-898a-f13b9db1bf79] [http-nio-8081-exec-4] c.b.config.logging.HttpLoggingFilter - GET /api/storefront/cart -> 200 (11 ms)
2025-11-15 00:20:21.199 [34mINFO [0;39m [ed052925-4736-4c8c-898a-f13b9db1bf79] [http-nio-8081-exec-4] c.b.config.logging.HttpLoggingFilter - Headers: auth=present content-type=null accept=application/json, text/plain, */*
2025-11-15 00:20:21.202 [34mINFO [0;39m [ed052925-4736-4c8c-898a-f13b9db1bf79] [http-nio-8081-exec-4] c.b.config.logging.HttpLoggingFilter - Response payload: {"totals":{"subtotal":0.0,"itemsCount":0},"items":[]}
2025-11-15 00:20:21.232 [34mINFO [0;39m [f73c6199-4b06-412d-b448-4fc677c7d700] [http-nio-8081-exec-5] c.b.config.logging.HttpLoggingFilter - GET /api/storefront/auth/profile -> 401 (48 ms)
2025-11-15 00:20:21.239 [34mINFO [0;39m [f73c6199-4b06-412d-b448-4fc677c7d700] [http-nio-8081-exec-5] c.b.config.logging.HttpLoggingFilter - Headers: auth=present content-type=null accept=application/json, text/plain, */*
2025-11-15 00:20:21.241 [34mINFO [0;39m [f73c6199-4b06-412d-b448-4fc677c7d700] [http-nio-8081-exec-5] c.b.config.logging.HttpLoggingFilter - Response payload: {"message":"Unauthorized"}
2025-11-15 00:20:21.253 [34mINFO [0;39m [913acb5c-6c13-44e2-ab0d-f08d01790c0c] [http-nio-8081-exec-7] c.b.web.StorefrontCartController - Storefront get cart: tenant=demo-store userId=84ee4658-da81-4267-b293-632fd1559c9c 
2025-11-15 00:20:21.258 [34mINFO [0;39m [913acb5c-6c13-44e2-ab0d-f08d01790c0c] [http-nio-8081-exec-7] c.b.config.logging.HttpLoggingFilter - GET /api/storefront/cart -> 200 (9 ms)
2025-11-15 00:20:21.260 [34mINFO [0;39m [2f3a8b4f-a133-4eab-96b7-c6d4a0b94cfc] [http-nio-8081-exec-8] com.bharatshop.web.AuthController - Profile requested: tokenPresent=true 
2025-11-15 00:20:21.260 [34mINFO [0;39m [913acb5c-6c13-44e2-ab0d-f08d01790c0c] [http-nio-8081-exec-7] c.b.config.logging.HttpLoggingFilter - Headers: auth=present content-type=null accept=application/json, text/plain, */*
2025-11-15 00:20:21.260 [34mINFO [0;39m [913acb5c-6c13-44e2-ab0d-f08d01790c0c] [http-nio-8081-exec-7] c.b.config.logging.HttpLoggingFilter - Response payload: {"totals":{"subtotal":0.0,"itemsCount":0},"items":[]}
2025-11-15 00:20:21.265 [34mINFO [0;39m [2f3a8b4f-a133-4eab-96b7-c6d4a0b94cfc] [http-nio-8081-exec-8] c.b.config.logging.HttpLoggingFilter - GET /api/storefront/auth/profile -> 401 (7 ms)
2025-11-15 00:20:21.270 [34mINFO [0;39m [2f3a8b4f-a133-4eab-96b7-c6d4a0b94cfc] [http-nio-8081-exec-8] c.b.config.logging.HttpLoggingFilter - Headers: auth=present content-type=null accept=application/json, text/plain, */*
2025-11-15 00:20:21.276 [34mINFO [0;39m [2f3a8b4f-a133-4eab-96b7-c6d4a0b94cfc] [http-nio-8081-exec-8] c.b.config.logging.HttpLoggingFilter - Response payload: {"message":"Unauthorized"}
2025-11-15 00:20:21.473 [34mINFO [0;39m [d18cc8f9-6c24-46f9-a638-10b70cd8f592] [http-nio-8081-exec-6] c.b.config.logging.HttpLoggingFilter - GET /api/stores -> 200 (285 ms)
2025-11-15 00:20:21.473 [34mINFO [0;39m [d18cc8f9-6c24-46f9-a638-10b70cd8f592] [http-nio-8081-exec-6] c.b.config.logging.HttpLoggingFilter - Headers: auth=present content-type=null accept=application/json, text/plain, */*
2025-11-15 00:20:21.473 [34mINFO [0;39m [d18cc8f9-6c24-46f9-a638-10b70cd8f592] [http-nio-8081-exec-6] c.b.config.logging.HttpLoggingFilter - Response payload: [{"id":"9d9369f8-3557-45f0-b364-1dbaf39fa053","name":"City Pharmacy","area":"Brigade","category":"pharmacy","status":"open","orderingDisabled":false,"updatedAt":"2025-11-14T18:49:53.799386Z"},{"id":"8222cfc9-6848-441b-afd2-fd79afd4705e","name":"Fresh Mart","area":"MG Road","category":"grocery","status":"open","orderingDisabled":false,"updatedAt":"2025-11-14T18:49:53.672244Z"},{"id":"90f4caa5-9620-4ed5-8dd1-95c3fdb64ffc","name":"Sunrise Hotel","area":"Beach","category":"hospitality","status":"open","orderingDisabled":false,"updatedAt":"2025-11-14T18:49:53.799386Z"}]
2025-11-15 00:20:23.216 [34mINFO [0;39m [e0c01d42-96b9-4a0a-89c9-c2eb5ec763f8] [http-nio-8081-exec-9] com.bharatshop.web.RoomsController - Rooms availability check: tenant=demo.shop roomId=r_101 in=2025-11-20 out=2025-11-22 guests=4
2025-11-15 00:20:23.217 [34mINFO [0;39m [e0c01d42-96b9-4a0a-89c9-c2eb5ec763f8] [http-nio-8081-exec-9] c.b.config.logging.HttpLoggingFilter - POST /api/storefront/rooms/availability -> 200 (25 ms)
2025-11-15 00:20:23.217 [34mINFO [0;39m [e0c01d42-96b9-4a0a-89c9-c2eb5ec763f8] [http-nio-8081-exec-9] c.b.config.logging.HttpLoggingFilter - Headers: auth=absent content-type=application/json accept=null
2025-11-15 00:20:23.219 [34mINFO [0;39m [e0c01d42-96b9-4a0a-89c9-c2eb5ec763f8] [http-nio-8081-exec-9] c.b.config.logging.HttpLoggingFilter - Request payload: {"roomId":"r_101","checkIn":"2025-11-20","checkOut":"2025-11-22","guests":4}
2025-11-15 00:20:23.219 [34mINFO [0;39m [e0c01d42-96b9-4a0a-89c9-c2eb5ec763f8] [http-nio-8081-exec-9] c.b.config.logging.HttpLoggingFilter - Response payload: {"available":true}
2025-11-15 00:20:27.672 [34mINFO [0;39m [481ab24b-bd0b-4fca-8f3a-28ed55c02098] [http-nio-8081-exec-10] c.b.web.StoreDiscoveryController - Discover stores: tenant=demo-store search=null category=Hospitality
2025-11-15 00:20:27.720 [34mINFO [0;39m [481ab24b-bd0b-4fca-8f3a-28ed55c02098] [http-nio-8081-exec-10] c.b.config.logging.HttpLoggingFilter - GET /api/stores?category=Hospitality&city=Balrampur&lat=27.4235392&lon=82.1854208&lng=82.1854208 -> 200 (50 ms)
2025-11-15 00:20:27.720 [34mINFO [0;39m [481ab24b-bd0b-4fca-8f3a-28ed55c02098] [http-nio-8081-exec-10] c.b.config.logging.HttpLoggingFilter - Headers: auth=absent content-type=null accept=application/json, text/plain, */*
2025-11-15 00:20:27.720 [34mINFO [0;39m [481ab24b-bd0b-4fca-8f3a-28ed55c02098] [http-nio-8081-exec-10] c.b.config.logging.HttpLoggingFilter - Response payload: [{"id":"90f4caa5-9620-4ed5-8dd1-95c3fdb64ffc","name":"Sunrise Hotel","area":"Beach","category":"hospitality","status":"open","orderingDisabled":false,"updatedAt":"2025-11-14T18:49:53.799386Z"}]
2025-11-15 00:20:30.016 [34mINFO [0;39m [d4dfc9fd-7691-49d6-9d05-07e48fc5f086] [http-nio-8081-exec-1] c.b.web.StoreDiscoveryController - Get store: tenant=demo-store id=90f4caa5-9620-4ed5-8dd1-95c3fdb64ffc
2025-11-15 00:20:30.014 [34mINFO [0;39m [641fb585-b23a-49d5-a526-ae7fb0ae9a47] [http-nio-8081-exec-2] c.b.web.StoreDiscoveryController - Products by store: tenant=demo-store storeId=90f4caa5-9620-4ed5-8dd1-95c3fdb64ffc
2025-11-15 00:20:30.030 [34mINFO [0;39m [d4dfc9fd-7691-49d6-9d05-07e48fc5f086] [http-nio-8081-exec-1] c.b.web.StoreDiscoveryController - Get store success: id=90f4caa5-9620-4ed5-8dd1-95c3fdb64ffc name=Sunrise Hotel 
2025-11-15 00:20:30.038 [34mINFO [0;39m [d4dfc9fd-7691-49d6-9d05-07e48fc5f086] [http-nio-8081-exec-1] c.b.config.logging.HttpLoggingFilter - GET /api/stores/90f4caa5-9620-4ed5-8dd1-95c3fdb64ffc -> 200 (26 ms)
2025-11-15 00:20:30.040 [34mINFO [0;39m [d4dfc9fd-7691-49d6-9d05-07e48fc5f086] [http-nio-8081-exec-1] c.b.config.logging.HttpLoggingFilter - Headers: auth=absent content-type=null accept=application/json, text/plain, */*
2025-11-15 00:20:30.042 [34mINFO [0;39m [641fb585-b23a-49d5-a526-ae7fb0ae9a47] [http-nio-8081-exec-2] c.b.config.logging.HttpLoggingFilter - GET /api/products?storeId=90f4caa5-9620-4ed5-8dd1-95c3fdb64ffc -> 200 (32 ms)
2025-11-15 00:20:30.045 [34mINFO [0;39m [641fb585-b23a-49d5-a526-ae7fb0ae9a47] [http-nio-8081-exec-2] c.b.config.logging.HttpLoggingFilter - Headers: auth=absent content-type=null accept=application/json, text/plain, */*
2025-11-15 00:20:30.052 [34mINFO [0;39m [641fb585-b23a-49d5-a526-ae7fb0ae9a47] [http-nio-8081-exec-2] c.b.config.logging.HttpLoggingFilter - Response payload: [{"id":"fc4b6eae-3588-4866-8004-adf7b4eb53a8","name":"Room Deluxe","price":2500.0,"category":"room","storeId":"90f4caa5-9620-4ed5-8dd1-95c3fdb64ffc","active":true}]
2025-11-15 00:20:30.048 [34mINFO [0;39m [d4dfc9fd-7691-49d6-9d05-07e48fc5f086] [http-nio-8081-exec-1] c.b.config.logging.HttpLoggingFilter - Response payload: {"id":"90f4caa5-9620-4ed5-8dd1-95c3fdb64ffc","name":"Sunrise Hotel","area":"Beach","category":"hospitality","status":"open","orderingDisabled":false,"updatedAt":"2025-11-14T18:49:53.799386Z"}
2025-11-15 00:20:33.170 [34mINFO [0;39m [38fa8185-9092-4961-b245-464c0b24a560] [http-nio-8081-exec-3] c.b.web.AvailabilityController - Availability: tenant=demo-store storeId=90f4caa5-9620-4ed5-8dd1-95c3fdb64ffc roomId=fc4b6eae-3588-4866-8004-adf7b4eb53a8 in=2025-11-14 out=2025-11-15 roomsGuests=[2] respTotal=2066
2025-11-15 00:20:33.174 [34mINFO [0;39m [38fa8185-9092-4961-b245-464c0b24a560] [http-nio-8081-exec-3] c.b.config.logging.HttpLoggingFilter - GET /api/availability?storeId=90f4caa5-9620-4ed5-8dd1-95c3fdb64ffc&roomId=fc4b6eae-3588-4866-8004-adf7b4eb53a8&checkIn=2025-11-14&checkOut=2025-11-15&guests=2 -> 200 (8 ms)
2025-11-15 00:20:33.176 [34mINFO [0;39m [38fa8185-9092-4961-b245-464c0b24a560] [http-nio-8081-exec-3] c.b.config.logging.HttpLoggingFilter - Headers: auth=absent content-type=null accept=application/json, text/plain, */*
2025-11-15 00:20:33.176 [34mINFO [0;39m [38fa8185-9092-4961-b245-464c0b24a560] [http-nio-8081-exec-3] c.b.config.logging.HttpLoggingFilter - Response payload: {"available":true,"nights":1,"rooms":1,"perRoomMax":3,"extraMattressAllowed":true,"extraMattressCount":0,"subtotal":1800,"taxes":216,"fees":50,"total":2066,"surchargeRate":0.2,"mattressFeePerNight":300}
2025-11-15 00:20:41.301 [34mINFO [0;39m [77e229ac-b1e1-4d83-8480-e60f1f1ffec2] [http-nio-8081-exec-4] c.b.web.AvailabilityController - Availability: tenant=demo-store storeId=90f4caa5-9620-4ed5-8dd1-95c3fdb64ffc roomId=fc4b6eae-3588-4866-8004-adf7b4eb53a8 in=2025-11-14 out=2025-11-15 roomsGuests=[3, 1] respTotal=4082
2025-11-15 00:20:41.301 [34mINFO [0;39m [77e229ac-b1e1-4d83-8480-e60f1f1ffec2] [http-nio-8081-exec-4] c.b.config.logging.HttpLoggingFilter - GET /api/availability?storeId=90f4caa5-9620-4ed5-8dd1-95c3fdb64ffc&roomId=fc4b6eae-3588-4866-8004-adf7b4eb53a8&checkIn=2025-11-14&checkOut=2025-11-15&guests=4&roomsGuests%5B%5D=3&roomsGuests%5B%5D=1 -> 200 (3 ms)
2025-11-15 00:20:41.301 [34mINFO [0;39m [77e229ac-b1e1-4d83-8480-e60f1f1ffec2] [http-nio-8081-exec-4] c.b.config.logging.HttpLoggingFilter - Headers: auth=absent content-type=null accept=application/json, text/plain, */*
2025-11-15 00:20:41.301 [34mINFO [0;39m [77e229ac-b1e1-4d83-8480-e60f1f1ffec2] [http-nio-8081-exec-4] c.b.config.logging.HttpLoggingFilter - Response payload: {"available":true,"nights":1,"rooms":2,"perRoomMax":3,"extraMattressAllowed":true,"extraMattressCount":0,"subtotal":3600,"taxes":432,"fees":50,"total":4082,"surchargeRate":0.2,"mattressFeePerNight":300}
2025-11-15 00:20:56.629 [34mINFO [0;39m [080a303c-d0fe-4b0e-8079-405be79ee0ad] [http-nio-8081-exec-5] com.bharatshop.web.AuthController - OTP send requested: phone=+917355460178
2025-11-15 00:20:56.631 [34mINFO [0;39m [080a303c-d0fe-4b0e-8079-405be79ee0ad] [http-nio-8081-exec-5] com.bharatshop.service.AuthService - Sending OTP to phone=+917355460178
2025-11-15 00:20:56.635 [34mINFO [0;39m [080a303c-d0fe-4b0e-8079-405be79ee0ad] [http-nio-8081-exec-5] com.bharatshop.service.AuthService - OTP generated: otpId=3dc10ba8-6cac-4226-90a1-ad52f513b6b5 expiresAt=1763146376635
2025-11-15 00:20:56.637 [34mINFO [0;39m [080a303c-d0fe-4b0e-8079-405be79ee0ad] [http-nio-8081-exec-5] c.b.service.LogNotificationService - [SMS] to=+917355460178 message=Your Bharatshop OTP is 750768. Valid for 2 minutes.
2025-11-15 00:20:56.657 [34mINFO [0;39m [080a303c-d0fe-4b0e-8079-405be79ee0ad] [http-nio-8081-exec-5] c.b.config.logging.HttpLoggingFilter - POST /api/storefront/auth/otp/send -> 200 (32 ms)
2025-11-15 00:20:56.659 [34mINFO [0;39m [080a303c-d0fe-4b0e-8079-405be79ee0ad] [http-nio-8081-exec-5] c.b.config.logging.HttpLoggingFilter - Headers: auth=absent content-type=application/json accept=application/json, text/plain, */*
2025-11-15 00:20:56.661 [34mINFO [0;39m [080a303c-d0fe-4b0e-8079-405be79ee0ad] [http-nio-8081-exec-5] c.b.config.logging.HttpLoggingFilter - Request payload: {"phone":"+917355460178","channel":"sms"}
2025-11-15 00:20:56.661 [34mINFO [0;39m [080a303c-d0fe-4b0e-8079-405be79ee0ad] [http-nio-8081-exec-5] c.b.config.logging.HttpLoggingFilter - Response payload: {"otpId":"3dc10ba8-6cac-4226-90a1-ad52f513b6b5","success":true,"ttlSeconds":120,"otp":"750768"}
2025-11-15 00:22:59.865 [34mINFO [0;39m [04a1d7c1-bc98-4cef-9791-3916900b7db8] [http-nio-8081-exec-8] c.b.web.StorefrontCartController - Storefront get cart: tenant=demo-store userId=guest-guest_1763142291071_p6hkbv 
2025-11-15 00:22:59.873 [34mINFO [0;39m [04a1d7c1-bc98-4cef-9791-3916900b7db8] [http-nio-8081-exec-8] c.b.config.logging.HttpLoggingFilter - GET /api/storefront/cart -> 200 (12 ms)
2025-11-15 00:22:59.877 [34mINFO [0;39m [04a1d7c1-bc98-4cef-9791-3916900b7db8] [http-nio-8081-exec-8] c.b.config.logging.HttpLoggingFilter - Headers: auth=absent content-type=null accept=application/json, text/plain, */*
2025-11-15 00:22:59.877 [34mINFO [0;39m [04a1d7c1-bc98-4cef-9791-3916900b7db8] [http-nio-8081-exec-8] c.b.config.logging.HttpLoggingFilter - Response payload: {"totals":{"subtotal":0.0,"itemsCount":0},"items":[]}
2025-11-15 00:22:59.891 [34mINFO [0;39m [77cd699b-d114-46d9-a3c2-269843a6cab9] [http-nio-8081-exec-6] c.b.web.StorefrontCartController - Storefront get cart: tenant=demo-store userId=guest-guest_1763142291071_p6hkbv 
2025-11-15 00:22:59.893 [34mINFO [0;39m [77cd699b-d114-46d9-a3c2-269843a6cab9] [http-nio-8081-exec-6] c.b.config.logging.HttpLoggingFilter - GET /api/storefront/cart -> 200 (4 ms)
2025-11-15 00:22:59.895 [34mINFO [0;39m [77cd699b-d114-46d9-a3c2-269843a6cab9] [http-nio-8081-exec-6] c.b.config.logging.HttpLoggingFilter - Headers: auth=absent content-type=null accept=application/json, text/plain, */*
2025-11-15 00:22:59.895 [34mINFO [0;39m [77cd699b-d114-46d9-a3c2-269843a6cab9] [http-nio-8081-exec-6] c.b.config.logging.HttpLoggingFilter - Response payload: {"totals":{"subtotal":0.0,"itemsCount":0},"items":[]}
2025-11-15 00:23:07.367 [34mINFO [0;39m [aa923794-16a4-473e-b3ab-168fd56ecec8] [http-nio-8081-exec-9] com.bharatshop.web.AuthController - OTP send requested: phone=+917355460178
2025-11-15 00:23:07.367 [34mINFO [0;39m [aa923794-16a4-473e-b3ab-168fd56ecec8] [http-nio-8081-exec-9] com.bharatshop.service.AuthService - Sending OTP to phone=+917355460178
2025-11-15 00:23:07.369 [34mINFO [0;39m [aa923794-16a4-473e-b3ab-168fd56ecec8] [http-nio-8081-exec-9] com.bharatshop.service.AuthService - OTP generated: otpId=42d6bb38-0e08-4928-978e-9a9afd0a8c3a expiresAt=1763146507369
2025-11-15 00:23:07.369 [34mINFO [0;39m [aa923794-16a4-473e-b3ab-168fd56ecec8] [http-nio-8081-exec-9] c.b.service.LogNotificationService - [SMS] to=+917355460178 message=Your Bharatshop OTP is 525834. Valid for 2 minutes.
2025-11-15 00:23:07.372 [34mINFO [0;39m [aa923794-16a4-473e-b3ab-168fd56ecec8] [http-nio-8081-exec-9] c.b.config.logging.HttpLoggingFilter - POST /api/storefront/auth/otp/send -> 200 (6 ms)
2025-11-15 00:23:07.372 [34mINFO [0;39m [aa923794-16a4-473e-b3ab-168fd56ecec8] [http-nio-8081-exec-9] c.b.config.logging.HttpLoggingFilter - Headers: auth=absent content-type=application/json accept=application/json, text/plain, */*
2025-11-15 00:23:07.372 [34mINFO [0;39m [aa923794-16a4-473e-b3ab-168fd56ecec8] [http-nio-8081-exec-9] c.b.config.logging.HttpLoggingFilter - Request payload: {"phone":"+917355460178","channel":"sms"}
2025-11-15 00:23:07.372 [34mINFO [0;39m [aa923794-16a4-473e-b3ab-168fd56ecec8] [http-nio-8081-exec-9] c.b.config.logging.HttpLoggingFilter - Response payload: {"otpId":"42d6bb38-0e08-4928-978e-9a9afd0a8c3a","success":true,"ttlSeconds":120,"otp":"525834"}
2025-11-15 00:27:58.516 [34mINFO [0;39m [] [main] c.bharatshop.BharatshopApplication - Starting BharatshopApplication using Java 17.0.12 with PID 83116 (C:\Users\Adarsh\Downloads\bharatshop-backend\target\bharatshop-backend-0.0.1-SNAPSHOT.jar started by Adarsh in C:\Users\Adarsh\Downloads\bharatshop-backend)
2025-11-15 00:27:58.526 [39mDEBUG[0;39m [] [main] c.bharatshop.BharatshopApplication - Running with Spring Boot v3.3.4, Spring v6.1.13
2025-11-15 00:27:58.530 [34mINFO [0;39m [] [main] c.bharatshop.BharatshopApplication - No active profile set, falling back to 1 default profile: "default"
2025-11-15 00:28:01.040 [34mINFO [0;39m [] [main] o.s.d.r.c.RepositoryConfigurationDelegate - Bootstrapping Spring Data JPA repositories in DEFAULT mode.
2025-11-15 00:28:01.165 [34mINFO [0;39m [] [main] o.s.d.r.c.RepositoryConfigurationDelegate - Finished Spring Data repository scanning in 110 ms. Found 6 JPA repository interfaces.
2025-11-15 00:28:02.425 [34mINFO [0;39m [] [main] o.s.b.w.e.tomcat.TomcatWebServer - Tomcat initialized with port 8081 (http)
2025-11-15 00:28:02.441 [34mINFO [0;39m [] [main] o.a.coyote.http11.Http11NioProtocol - Initializing ProtocolHandler ["http-nio-8081"]
2025-11-15 00:28:02.448 [34mINFO [0;39m [] [main] o.a.catalina.core.StandardService - Starting service [Tomcat]
2025-11-15 00:28:02.449 [34mINFO [0;39m [] [main] o.a.catalina.core.StandardEngine - Starting Servlet engine: [Apache Tomcat/10.1.30]
2025-11-15 00:28:02.531 [34mINFO [0;39m [] [main] o.a.c.c.C.[Tomcat].[localhost].[/] - Initializing Spring embedded WebApplicationContext
2025-11-15 00:28:02.531 [34mINFO [0;39m [] [main] o.s.b.w.s.c.ServletWebServerApplicationContext - Root WebApplicationContext: initialization completed in 3868 ms
2025-11-15 00:28:02.881 [34mINFO [0;39m [] [main] com.zaxxer.hikari.HikariDataSource - HikariPool-1 - Starting...
2025-11-15 00:28:03.211 [34mINFO [0;39m [] [main] com.zaxxer.hikari.pool.HikariPool - HikariPool-1 - Added connection conn0: url=jdbc:h2:mem:bharatshop user=SA
2025-11-15 00:28:03.214 [34mINFO [0;39m [] [main] com.zaxxer.hikari.HikariDataSource - HikariPool-1 - Start completed.
2025-11-15 00:28:03.229 [34mINFO [0;39m [] [main] o.s.b.a.h.H2ConsoleAutoConfiguration - H2 console available at '/h2-console'. Database available at 'jdbc:h2:mem:bharatshop'
2025-11-15 00:28:04.172 [34mINFO [0;39m [] [main] o.s.o.j.p.SpringPersistenceUnitInfo - No LoadTimeWeaver setup: ignoring JPA class transformer
2025-11-15 00:28:05.675 [34mINFO [0;39m [] [main] o.s.o.j.LocalContainerEntityManagerFactoryBean - Initialized JPA EntityManagerFactory for persistence unit 'default'
2025-11-15 00:28:06.144 [34mINFO [0;39m [] [main] c.b.config.NotificationConfig - SMS provider: LOG (fallback)
2025-11-15 00:28:06.144 [34mINFO [0;39m [] [main] c.b.config.NotificationConfig - Email provider: LOG (fallback)
2025-11-15 00:28:06.255 [39mDEBUG[0;39m [] [main] c.b.c.logging.CorrelationIdFilter - Filter 'correlationIdFilter' configured for use
2025-11-15 00:28:06.257 [39mDEBUG[0;39m [] [main] c.b.config.logging.HttpLoggingFilter - Filter 'httpLoggingFilter' configured for use
2025-11-15 00:28:06.261 [39mDEBUG[0;39m [] [main] com.bharatshop.config.TenantFilter - Filter 'tenantFilter' configured for use
2025-11-15 00:28:06.261 [39mDEBUG[0;39m [] [main] c.b.security.TokenAuthFilter - Filter 'tokenAuthFilter' configured for use
2025-11-15 00:28:06.266 [39mDEBUG[0;39m [] [main] c.b.config.IdempotencyFilter - Filter 'idempotencyFilter' configured for use
2025-11-15 00:28:06.750 [31mWARN [0;39m [] [main] o.s.b.a.o.j.JpaBaseConfiguration$JpaWebConfiguration - spring.jpa.open-in-view is enabled by default. Therefore, database queries may be performed during view rendering. Explicitly configure spring.jpa.open-in-view to disable this warning
2025-11-15 00:28:06.797 [31mWARN [0;39m [] [main] o.s.b.a.s.s.UserDetailsServiceAutoConfiguration - 

Using generated security password: 661cd0ff-642a-4ad7-8fbb-6ba4f4b31343

This generated password is for development use only. Your security configuration must be updated before running your application in production.

2025-11-15 00:28:06.814 [34mINFO [0;39m [] [main] o.s.s.c.a.a.c.InitializeUserDetailsBeanManagerConfigurer$InitializeUserDetailsManagerConfigurer - Global AuthenticationManager configured with UserDetailsService bean with name inMemoryUserDetailsManager
2025-11-15 00:28:07.424 [34mINFO [0;39m [] [main] o.s.b.a.e.web.EndpointLinksResolver - Exposing 4 endpoints beneath base path '/actuator'
2025-11-15 00:28:08.110 [34mINFO [0;39m [] [main] o.a.coyote.http11.Http11NioProtocol - Starting ProtocolHandler ["http-nio-8081"]
2025-11-15 00:28:08.146 [34mINFO [0;39m [] [main] o.s.b.w.e.tomcat.TomcatWebServer - Tomcat started on port 8081 (http) with context path '/'
2025-11-15 00:28:08.165 [34mINFO [0;39m [] [main] c.bharatshop.BharatshopApplication - Started BharatshopApplication in 11.08 seconds (process running for 12.153)
2025-11-15 00:28:16.642 [34mINFO [0;39m [] [http-nio-8081-exec-1] o.a.c.c.C.[Tomcat].[localhost].[/] - Initializing Spring DispatcherServlet 'dispatcherServlet'
2025-11-15 00:28:16.644 [34mINFO [0;39m [] [http-nio-8081-exec-1] o.s.web.servlet.DispatcherServlet - Initializing Servlet 'dispatcherServlet'
2025-11-15 00:28:16.651 [34mINFO [0;39m [] [http-nio-8081-exec-1] o.s.web.servlet.DispatcherServlet - Completed initialization in 7 ms
2025-11-15 00:28:16.855 [34mINFO [0;39m [1181c561-3756-4b23-991a-02c90f62b2f0] [http-nio-8081-exec-1] c.b.web.StorefrontCartController - Storefront get cart: tenant=demo-store userId=guest-guest_1763142291071_p6hkbv 
2025-11-15 00:28:16.955 [34mINFO [0;39m [1181c561-3756-4b23-991a-02c90f62b2f0] [http-nio-8081-exec-1] c.b.config.logging.HttpLoggingFilter - GET /api/storefront/cart -> 200 (165 ms)
2025-11-15 00:28:16.955 [34mINFO [0;39m [1181c561-3756-4b23-991a-02c90f62b2f0] [http-nio-8081-exec-1] c.b.config.logging.HttpLoggingFilter - Headers: auth=absent content-type=null accept=application/json, text/plain, */*
2025-11-15 00:28:16.955 [34mINFO [0;39m [1181c561-3756-4b23-991a-02c90f62b2f0] [http-nio-8081-exec-1] c.b.config.logging.HttpLoggingFilter - Response payload: {"totals":{"subtotal":0.0,"itemsCount":0},"items":[]}
2025-11-15 00:28:16.971 [34mINFO [0;39m [04949e30-a7e3-4870-be2c-15dd05898970] [http-nio-8081-exec-2] c.b.web.StorefrontCartController - Storefront get cart: tenant=demo-store userId=guest-guest_1763142291071_p6hkbv 
2025-11-15 00:28:16.974 [34mINFO [0;39m [04949e30-a7e3-4870-be2c-15dd05898970] [http-nio-8081-exec-2] c.b.config.logging.HttpLoggingFilter - GET /api/storefront/cart -> 200 (4 ms)
2025-11-15 00:28:16.974 [34mINFO [0;39m [04949e30-a7e3-4870-be2c-15dd05898970] [http-nio-8081-exec-2] c.b.config.logging.HttpLoggingFilter - Headers: auth=absent content-type=null accept=application/json, text/plain, */*
2025-11-15 00:28:16.976 [34mINFO [0;39m [04949e30-a7e3-4870-be2c-15dd05898970] [http-nio-8081-exec-2] c.b.config.logging.HttpLoggingFilter - Response payload: {"totals":{"subtotal":0.0,"itemsCount":0},"items":[]}
2025-11-15 00:28:20.566 [34mINFO [0;39m [652f40e3-bc18-42ce-bb2e-f148900440f6] [http-nio-8081-exec-3] com.bharatshop.web.AuthController - OTP send requested: phone=+917355460178
2025-11-15 00:28:20.567 [34mINFO [0;39m [652f40e3-bc18-42ce-bb2e-f148900440f6] [http-nio-8081-exec-3] com.bharatshop.service.AuthService - Sending OTP to phone=+917355460178
2025-11-15 00:28:20.567 [34mINFO [0;39m [652f40e3-bc18-42ce-bb2e-f148900440f6] [http-nio-8081-exec-3] com.bharatshop.service.AuthService - OTP generated: otpId=1cfd953c-a4d8-48df-b5f3-ab268636f61f expiresAt=1763146820567
2025-11-15 00:28:20.567 [34mINFO [0;39m [652f40e3-bc18-42ce-bb2e-f148900440f6] [http-nio-8081-exec-3] c.b.service.LogNotificationService - [SMS] to=+917355460178 message=Your Bharatshop OTP is 343558. Valid for 2 minutes.
2025-11-15 00:28:20.711 [34mINFO [0;39m [652f40e3-bc18-42ce-bb2e-f148900440f6] [http-nio-8081-exec-3] c.b.config.logging.HttpLoggingFilter - POST /api/storefront/auth/otp/send -> 200 (216 ms)
2025-11-15 00:28:20.711 [34mINFO [0;39m [652f40e3-bc18-42ce-bb2e-f148900440f6] [http-nio-8081-exec-3] c.b.config.logging.HttpLoggingFilter - Headers: auth=absent content-type=application/json accept=application/json, text/plain, */*
2025-11-15 00:28:20.714 [34mINFO [0;39m [652f40e3-bc18-42ce-bb2e-f148900440f6] [http-nio-8081-exec-3] c.b.config.logging.HttpLoggingFilter - Request payload: {"phone":"+917355460178","channel":"sms"}
2025-11-15 00:28:20.714 [34mINFO [0;39m [652f40e3-bc18-42ce-bb2e-f148900440f6] [http-nio-8081-exec-3] c.b.config.logging.HttpLoggingFilter - Response payload: {"success":true,"otpId":"1cfd953c-a4d8-48df-b5f3-ab268636f61f","otp":"343558","ttlSeconds":120}
2025-11-15 00:28:34.066 [34mINFO [0;39m [c482ffb7-33a0-4a31-aa44-c9996838bf7b] [http-nio-8081-exec-4] com.bharatshop.web.AuthController - OTP verify requested: phone=+917355460178 otpPresent=true
2025-11-15 00:28:34.069 [34mINFO [0;39m [c482ffb7-33a0-4a31-aa44-c9996838bf7b] [http-nio-8081-exec-4] com.bharatshop.service.AuthService - Verifying OTP for phone=+917355460178
2025-11-15 00:28:34.069 [34mINFO [0;39m [c482ffb7-33a0-4a31-aa44-c9996838bf7b] [http-nio-8081-exec-4] com.bharatshop.service.AuthService - OTP verification success for phone=+917355460178
2025-11-15 00:28:34.071 [34mINFO [0;39m [c482ffb7-33a0-4a31-aa44-c9996838bf7b] [http-nio-8081-exec-4] com.bharatshop.service.AuthService - Login (phone) attempt: phone=+917355460178
2025-11-15 00:28:34.128 [34mINFO [0;39m [c482ffb7-33a0-4a31-aa44-c9996838bf7b] [http-nio-8081-exec-4] com.bharatshop.service.AuthService - Session created: userId=6b1530f3-1c84-40e4-8db2-09976129632e role=USER
2025-11-15 00:28:34.130 [34mINFO [0;39m [c482ffb7-33a0-4a31-aa44-c9996838bf7b] [http-nio-8081-exec-4] com.bharatshop.service.AuthService - Login (phone) success: userId=6b1530f3-1c84-40e4-8db2-09976129632e token=eyJhbGciOiJIUzI1NiIsInR5cCI6IkpXVCJ9.eyJzdWIiOiI2YjE1MzBmMy0xYzg0LTQwZTQtOGRiMi0wOTk3NjEyOTYzMmUiLCJuYW1lIjoiVXNlcjAxNzgiLCJyb2xlIjoiVVNFUiIsImlhdCI6MTc2MzE0NjcxNCwiZXhwIjoxNzYzMTUwMzE0fQ.1QAp7kWuaaVLq5EGL9_1q3J6ZLkVSermUvlgXyTpWQU role=USER 
2025-11-15 00:28:34.182 [34mINFO [0;39m [c482ffb7-33a0-4a31-aa44-c9996838bf7b] [http-nio-8081-exec-4] com.bharatshop.web.AuthController - OTP verify success: userId=6b1530f3-1c84-40e4-8db2-09976129632e tokenPresent=true
2025-11-15 00:28:34.211 [34mINFO [0;39m [c482ffb7-33a0-4a31-aa44-c9996838bf7b] [http-nio-8081-exec-4] c.b.config.logging.HttpLoggingFilter - POST /api/storefront/auth/otp/verify -> 200 (148 ms)
2025-11-15 00:28:34.212 [34mINFO [0;39m [c482ffb7-33a0-4a31-aa44-c9996838bf7b] [http-nio-8081-exec-4] c.b.config.logging.HttpLoggingFilter - Headers: auth=absent content-type=application/json accept=application/json, text/plain, */*
2025-11-15 00:28:34.214 [34mINFO [0;39m [c482ffb7-33a0-4a31-aa44-c9996838bf7b] [http-nio-8081-exec-4] c.b.config.logging.HttpLoggingFilter - Request payload: {"phone":"+917355460178","otp":"343558"}
2025-11-15 00:28:34.215 [34mINFO [0;39m [c482ffb7-33a0-4a31-aa44-c9996838bf7b] [http-nio-8081-exec-4] c.b.config.logging.HttpLoggingFilter - Response payload: {"success":true,"token":"eyJhbGciOiJIUzI1NiIsInR5cCI6IkpXVCJ9.eyJzdWIiOiI2YjE1MzBmMy0xYzg0LTQwZTQtOGRiMi0wOTk3NjEyOTYzMmUiLCJuYW1lIjoiVXNlcjAxNzgiLCJyb2xlIjoiVVNFUiIsImlhdCI6MTc2MzE0NjcxNCwiZXhwIjoxNzYzMTUwMzE0fQ.1QAp7kWuaaVLq5EGL9_1q3J6ZLkVSermUvlgXyTpWQU","user":{"id":"6b1530f3-1c84-40e4-8db2-09976129632e","name":"User0178","phone":"+917355460178","role":"USER"}}
2025-11-15 00:28:34.432 [34mINFO [0;39m [bbf84791-1c09-4f1e-9deb-74645a212a3f] [http-nio-8081-exec-6] c.b.web.StoreDiscoveryController - Get store: tenant=demo-store id=90f4caa5-9620-4ed5-8dd1-95c3fdb64ffc
2025-11-15 00:28:34.434 [34mINFO [0;39m [0436dad9-70c8-452c-adaf-7700b525e6b9] [http-nio-8081-exec-5] com.bharatshop.web.AuthController - Profile requested: tokenPresent=true 
2025-11-15 00:28:34.449 [34mINFO [0;39m [bbf84791-1c09-4f1e-9deb-74645a212a3f] [http-nio-8081-exec-6] c.b.config.logging.HttpLoggingFilter - GET /api/stores/90f4caa5-9620-4ed5-8dd1-95c3fdb64ffc -> 404 (19 ms)
2025-11-15 00:28:34.449 [34mINFO [0;39m [bbf84791-1c09-4f1e-9deb-74645a212a3f] [http-nio-8081-exec-6] c.b.config.logging.HttpLoggingFilter - Headers: auth=present content-type=null accept=application/json, text/plain, */*
2025-11-15 00:28:34.451 [34mINFO [0;39m [bbf84791-1c09-4f1e-9deb-74645a212a3f] [http-nio-8081-exec-6] c.b.config.logging.HttpLoggingFilter - Response payload: {"message":"Store not found"}
2025-11-15 00:28:34.451 [34mINFO [0;39m [0436dad9-70c8-452c-adaf-7700b525e6b9] [http-nio-8081-exec-5] com.bharatshop.web.AuthController - Profile success: userId=6b1530f3-1c84-40e4-8db2-09976129632e
2025-11-15 00:28:34.461 [34mINFO [0;39m [0436dad9-70c8-452c-adaf-7700b525e6b9] [http-nio-8081-exec-5] c.b.config.logging.HttpLoggingFilter - GET /api/storefront/auth/profile -> 200 (31 ms)
2025-11-15 00:28:34.461 [34mINFO [0;39m [0436dad9-70c8-452c-adaf-7700b525e6b9] [http-nio-8081-exec-5] c.b.config.logging.HttpLoggingFilter - Headers: auth=present content-type=null accept=application/json, text/plain, */*
2025-11-15 00:28:34.463 [34mINFO [0;39m [0436dad9-70c8-452c-adaf-7700b525e6b9] [http-nio-8081-exec-5] c.b.config.logging.HttpLoggingFilter - Response payload: {"id":"6b1530f3-1c84-40e4-8db2-09976129632e","name":"User0178","phone":"+917355460178","role":"USER"}
2025-11-15 00:28:41.413 [34mINFO [0;39m [7dca948c-bc04-49f9-a4a5-ba984e526fde] [http-nio-8081-exec-7] c.b.web.StoreDiscoveryController - Discover stores: tenant=demo-store search=null category=Hospitality
2025-11-15 00:28:41.433 [34mINFO [0;39m [7dca948c-bc04-49f9-a4a5-ba984e526fde] [http-nio-8081-exec-7] c.b.config.logging.HttpLoggingFilter - GET /api/stores?category=Hospitality&city=Balrampur&lat=27.4235392&lon=82.1854208&lng=82.1854208 -> 200 (24 ms)
2025-11-15 00:28:41.433 [34mINFO [0;39m [7dca948c-bc04-49f9-a4a5-ba984e526fde] [http-nio-8081-exec-7] c.b.config.logging.HttpLoggingFilter - Headers: auth=present content-type=null accept=application/json, text/plain, */*
2025-11-15 00:28:41.433 [34mINFO [0;39m [7dca948c-bc04-49f9-a4a5-ba984e526fde] [http-nio-8081-exec-7] c.b.config.logging.HttpLoggingFilter - Response payload: [{"id":"5fa161c1-f2d4-4f65-9117-3adec86c12cd","name":"Sunrise Hotel","area":"Beach","category":"hospitality","status":"open","orderingDisabled":false,"updatedAt":"2025-11-14T18:58:08.379418Z"}]
2025-11-15 00:28:42.951 [34mINFO [0;39m [951bb35c-2a37-4b59-8591-ecb5eb6e9d0f] [http-nio-8081-exec-8] c.b.web.StoreDiscoveryController - Get store: tenant=demo-store id=5fa161c1-f2d4-4f65-9117-3adec86c12cd
2025-11-15 00:28:42.957 [34mINFO [0;39m [951bb35c-2a37-4b59-8591-ecb5eb6e9d0f] [http-nio-8081-exec-8] c.b.web.StoreDiscoveryController - Get store success: id=5fa161c1-f2d4-4f65-9117-3adec86c12cd name=Sunrise Hotel 
2025-11-15 00:28:42.964 [34mINFO [0;39m [951bb35c-2a37-4b59-8591-ecb5eb6e9d0f] [http-nio-8081-exec-8] c.b.config.logging.HttpLoggingFilter - GET /api/stores/5fa161c1-f2d4-4f65-9117-3adec86c12cd -> 200 (17 ms)
2025-11-15 00:28:42.964 [34mINFO [0;39m [951bb35c-2a37-4b59-8591-ecb5eb6e9d0f] [http-nio-8081-exec-8] c.b.config.logging.HttpLoggingFilter - Headers: auth=present content-type=null accept=application/json, text/plain, */*
2025-11-15 00:28:42.964 [34mINFO [0;39m [951bb35c-2a37-4b59-8591-ecb5eb6e9d0f] [http-nio-8081-exec-8] c.b.config.logging.HttpLoggingFilter - Response payload: {"id":"5fa161c1-f2d4-4f65-9117-3adec86c12cd","name":"Sunrise Hotel","area":"Beach","category":"hospitality","status":"open","orderingDisabled":false,"updatedAt":"2025-11-14T18:58:08.379418Z"}
2025-11-15 00:28:42.968 [34mINFO [0;39m [9bc99d28-4eea-4031-840d-90b8b10a19f7] [http-nio-8081-exec-9] c.b.web.StoreDiscoveryController - Products by store: tenant=demo-store storeId=5fa161c1-f2d4-4f65-9117-3adec86c12cd
2025-11-15 00:28:43.024 [34mINFO [0;39m [9bc99d28-4eea-4031-840d-90b8b10a19f7] [http-nio-8081-exec-9] c.b.config.logging.HttpLoggingFilter - GET /api/products?storeId=5fa161c1-f2d4-4f65-9117-3adec86c12cd -> 200 (60 ms)
2025-11-15 00:28:43.050 [34mINFO [0;39m [9bc99d28-4eea-4031-840d-90b8b10a19f7] [http-nio-8081-exec-9] c.b.config.logging.HttpLoggingFilter - Headers: auth=present content-type=null accept=application/json, text/plain, */*
2025-11-15 00:28:43.054 [34mINFO [0;39m [9bc99d28-4eea-4031-840d-90b8b10a19f7] [http-nio-8081-exec-9] c.b.config.logging.HttpLoggingFilter - Response payload: [{"id":"9b35b0d1-97ea-41e9-a0c8-9b15b125115c","name":"Room Deluxe","price":2500.0,"category":"room","storeId":"5fa161c1-f2d4-4f65-9117-3adec86c12cd","active":true}]
2025-11-15 00:28:46.156 [34mINFO [0;39m [542e3a40-0256-4e53-878c-7af8e71ddaab] [http-nio-8081-exec-10] c.b.web.AvailabilityController - Availability: tenant=demo-store storeId=5fa161c1-f2d4-4f65-9117-3adec86c12cd roomId=9b35b0d1-97ea-41e9-a0c8-9b15b125115c in=2025-11-14 out=2025-11-15 roomsGuests=[2] respTotal=2066
2025-11-15 00:28:46.171 [34mINFO [0;39m [542e3a40-0256-4e53-878c-7af8e71ddaab] [http-nio-8081-exec-10] c.b.config.logging.HttpLoggingFilter - GET /api/availability?storeId=5fa161c1-f2d4-4f65-9117-3adec86c12cd&roomId=9b35b0d1-97ea-41e9-a0c8-9b15b125115c&checkIn=2025-11-14&checkOut=2025-11-15&guests=2 -> 200 (31 ms)
2025-11-15 00:28:46.183 [34mINFO [0;39m [542e3a40-0256-4e53-878c-7af8e71ddaab] [http-nio-8081-exec-10] c.b.config.logging.HttpLoggingFilter - Headers: auth=present content-type=null accept=application/json, text/plain, */*
2025-11-15 00:28:46.200 [34mINFO [0;39m [542e3a40-0256-4e53-878c-7af8e71ddaab] [http-nio-8081-exec-10] c.b.config.logging.HttpLoggingFilter - Response payload: {"available":true,"nights":1,"rooms":1,"perRoomMax":3,"extraMattressAllowed":true,"extraMattressCount":0,"subtotal":1800,"taxes":216,"fees":50,"total":2066,"surchargeRate":0.2,"mattressFeePerNight":300}
2025-11-15 00:28:50.304 [34mINFO [0;39m [a6af6da8-d62d-431c-b1b2-cd11a413c5d5] [http-nio-8081-exec-1] c.b.web.AvailabilityController - Availability: tenant=demo-store storeId=5fa161c1-f2d4-4f65-9117-3adec86c12cd roomId=9b35b0d1-97ea-41e9-a0c8-9b15b125115c in=2025-11-14 out=2025-11-15 roomsGuests=[1] respTotal=2066
2025-11-15 00:28:50.307 [34mINFO [0;39m [a6af6da8-d62d-431c-b1b2-cd11a413c5d5] [http-nio-8081-exec-1] c.b.config.logging.HttpLoggingFilter - GET /api/availability?storeId=5fa161c1-f2d4-4f65-9117-3adec86c12cd&roomId=9b35b0d1-97ea-41e9-a0c8-9b15b125115c&checkIn=2025-11-14&checkOut=2025-11-15&guests=1&roomsGuests%5B%5D=1 -> 200 (5 ms)
2025-11-15 00:28:50.309 [34mINFO [0;39m [a6af6da8-d62d-431c-b1b2-cd11a413c5d5] [http-nio-8081-exec-1] c.b.config.logging.HttpLoggingFilter - Headers: auth=present content-type=null accept=application/json, text/plain, */*
2025-11-15 00:28:50.309 [34mINFO [0;39m [a6af6da8-d62d-431c-b1b2-cd11a413c5d5] [http-nio-8081-exec-1] c.b.config.logging.HttpLoggingFilter - Response payload: {"available":true,"nights":1,"rooms":1,"perRoomMax":3,"extraMattressAllowed":true,"extraMattressCount":0,"subtotal":1800,"taxes":216,"fees":50,"total":2066,"surchargeRate":0.2,"mattressFeePerNight":300}
2025-11-15 00:28:55.782 [34mINFO [0;39m [5354b278-5e00-4e04-83ed-ebeb8119b88d] [http-nio-8081-exec-2] c.bharatshop.web.CheckoutController - Checkout requested: tenant=demo-store userId=6b1530f3-1c84-40e4-8db2-09976129632e items=0 paymentMethod=null
2025-11-15 00:28:55.794 [34mINFO [0;39m [5354b278-5e00-4e04-83ed-ebeb8119b88d] [http-nio-8081-exec-2] c.bharatshop.web.CheckoutController - Checkout success: orderId=c048b4b2-79cc-47ff-b29c-d58d6e4c5c46 reference=BK-c048b4b2 userId=6b1530f3-1c84-40e4-8db2-09976129632e
2025-11-15 00:28:55.799 [34mINFO [0;39m [5354b278-5e00-4e04-83ed-ebeb8119b88d] [http-nio-8081-exec-2] c.b.config.logging.HttpLoggingFilter - POST /api/storefront/checkout -> 200 (105 ms)
2025-11-15 00:28:55.804 [34mINFO [0;39m [5354b278-5e00-4e04-83ed-ebeb8119b88d] [http-nio-8081-exec-2] c.b.config.logging.HttpLoggingFilter - Headers: auth=present content-type=application/json accept=application/json, text/plain, */*
2025-11-15 00:28:55.804 [34mINFO [0;39m [5354b278-5e00-4e04-83ed-ebeb8119b88d] [http-nio-8081-exec-2] c.b.config.logging.HttpLoggingFilter - Request payload: {"type":"room_booking","currency":"INR","store":{"id":"5fa161c1-f2d4-4f65-9117-3adec86c12cd","name":"Sunrise Hotel"},"room":{"id":"9b35b0d1-97ea-41e9-a0c8-9b15b125115c","name":"Room Deluxe","price":2500},"booking":{"checkIn":"2025-11-14","checkOut":"2025-11-15","guests":1,"nights":1,"rooms":1,"perRoomMax":3,"extraMattressAllowed":true,"extraMattressCount":0,"mattressFeePerNight":300,"roomsGuests":[1]},"guest":{"name":"Adarsh","phone":"+917355460178"},"notes":"","totals":{"perNight":2500,"nights":1,"subtotal":1800,"taxes":180,"fees":90,"payable":2070}}
2025-11-15 00:28:55.804 [34mINFO [0;39m [5354b278-5e00-4e04-83ed-ebeb8119b88d] [http-nio-8081-exec-2] c.b.config.logging.HttpLoggingFilter - Response payload: {"reference":"BK-c048b4b2","order":{"id":"c048b4b2-79cc-47ff-b29c-d58d6e4c5c46","reference":"BK-c048b4b2","status":"placed","total":2070.0,"totals":{"subtotal":1800.0,"payable":2070.0},"type":"room_booking","booking":{"checkIn":"2025-11-14","checkOut":"2025-11-15","guests":1,"nights":1,"rooms":1,"perRoomMax":3,"extraMattressAllowed":true,"extraMattressCount":0,"mattressFeePerNight":300},"createdAt":"2025-11-14T18:58:55.785003500Z","sellerResponseDeadline":"2025-11-14T19:13:55.785003500Z","notes":""}}
2025-11-15 00:28:55.902 [34mINFO [0;39m [2250e5f1-60f9-4093-b120-d6dc34571cd8] [http-nio-8081-exec-3] com.bharatshop.web.OrdersController - Booking detail: tenant=demo-store userId=6b1530f3-1c84-40e4-8db2-09976129632e id=c048b4b2-79cc-47ff-b29c-d58d6e4c5c46
2025-11-15 00:28:55.915 [34mINFO [0;39m [2250e5f1-60f9-4093-b120-d6dc34571cd8] [http-nio-8081-exec-3] com.bharatshop.web.OrdersController - Booking detail success: id=c048b4b2-79cc-47ff-b29c-d58d6e4c5c46 status=placed
2025-11-15 00:28:55.928 [34mINFO [0;39m [2250e5f1-60f9-4093-b120-d6dc34571cd8] [http-nio-8081-exec-3] c.b.config.logging.HttpLoggingFilter - GET /api/storefront/bookings/c048b4b2-79cc-47ff-b29c-d58d6e4c5c46 -> 200 (31 ms)
2025-11-15 00:28:55.928 [34mINFO [0;39m [2250e5f1-60f9-4093-b120-d6dc34571cd8] [http-nio-8081-exec-3] c.b.config.logging.HttpLoggingFilter - Headers: auth=present content-type=null accept=application/json, text/plain, */*
2025-11-15 00:28:55.928 [34mINFO [0;39m [2250e5f1-60f9-4093-b120-d6dc34571cd8] [http-nio-8081-exec-3] c.b.config.logging.HttpLoggingFilter - Response payload: {"id":"c048b4b2-79cc-47ff-b29c-d58d6e4c5c46","reference":"BK-c048b4b2","status":"placed","total":2070.0,"totals":{"payable":2070.0},"type":"room_booking","booking":{"checkIn":"2025-11-14","checkOut":"2025-11-15","guests":1,"nights":1,"rooms":1,"perRoomMax":3,"extraMattressAllowed":true,"extraMattressCount":0,"mattressFeePerNight":300},"createdAt":"2025-11-14T18:58:55.785004Z","sellerResponseDeadline":"2025-11-14T19:13:55.785004Z","notes":""}
2025-11-15 00:28:55.951 [34mINFO [0;39m [72496cb4-609e-4cb2-b5ad-2c88a8854c55] [http-nio-8081-exec-4] com.bharatshop.web.OrdersController - Booking detail: tenant=demo-store userId=6b1530f3-1c84-40e4-8db2-09976129632e id=c048b4b2-79cc-47ff-b29c-d58d6e4c5c46
2025-11-15 00:28:55.957 [34mINFO [0;39m [72496cb4-609e-4cb2-b5ad-2c88a8854c55] [http-nio-8081-exec-4] com.bharatshop.web.OrdersController - Booking detail success: id=c048b4b2-79cc-47ff-b29c-d58d6e4c5c46 status=placed
2025-11-15 00:28:55.959 [34mINFO [0;39m [72496cb4-609e-4cb2-b5ad-2c88a8854c55] [http-nio-8081-exec-4] c.b.config.logging.HttpLoggingFilter - GET /api/storefront/bookings/c048b4b2-79cc-47ff-b29c-d58d6e4c5c46 -> 200 (12 ms)
2025-11-15 00:28:55.959 [34mINFO [0;39m [72496cb4-609e-4cb2-b5ad-2c88a8854c55] [http-nio-8081-exec-4] c.b.config.logging.HttpLoggingFilter - Headers: auth=present content-type=null accept=application/json, text/plain, */*
2025-11-15 00:28:55.961 [34mINFO [0;39m [72496cb4-609e-4cb2-b5ad-2c88a8854c55] [http-nio-8081-exec-4] c.b.config.logging.HttpLoggingFilter - Response payload: {"id":"c048b4b2-79cc-47ff-b29c-d58d6e4c5c46","reference":"BK-c048b4b2","status":"placed","total":2070.0,"totals":{"payable":2070.0},"type":"room_booking","booking":{"checkIn":"2025-11-14","checkOut":"2025-11-15","guests":1,"nights":1,"rooms":1,"perRoomMax":3,"extraMattressAllowed":true,"extraMattressCount":0,"mattressFeePerNight":300},"createdAt":"2025-11-14T18:58:55.785004Z","sellerResponseDeadline":"2025-11-14T19:13:55.785004Z","notes":""}
2025-11-15 00:29:02.704 [34mINFO [0;39m [dd442e17-e014-47aa-895e-0fc7454ce490] [http-nio-8081-exec-6] com.bharatshop.web.EventController - Event ingested: id=evt_1b6af9df-8db3-41d3-b584-a3de47188574 name=nav_click tenant=demo-store userId=6b1530f3-1c84-40e4-8db2-09976129632e role=USER ip=127.0.0.1 ua=Mozilla/5.0 (Linux; Android 6.0; Nexus 5 Build/MRA58N) AppleWebKit/537.36 (KHTML, like Gecko) Chrome/142.0.0.0 Mobile Safari/537.36 ts=1763146742655 payloadPresent=true
2025-11-15 00:29:02.706 [34mINFO [0;39m [dd442e17-e014-47aa-895e-0fc7454ce490] [http-nio-8081-exec-6] c.b.config.logging.HttpLoggingFilter - POST /api/events -> 200 (8 ms)
2025-11-15 00:29:02.706 [34mINFO [0;39m [dd442e17-e014-47aa-895e-0fc7454ce490] [http-nio-8081-exec-6] c.b.config.logging.HttpLoggingFilter - Headers: auth=present content-type=application/json accept=application/json, text/plain, */*
2025-11-15 00:29:02.706 [34mINFO [0;39m [dd442e17-e014-47aa-895e-0fc7454ce490] [http-nio-8081-exec-6] c.b.config.logging.HttpLoggingFilter - Request payload: {"name":"nav_click","payload":{"target":"/bookings","context":"mobile_nav"},"timestamp":1763146742655}
2025-11-15 00:29:02.708 [34mINFO [0;39m [dd442e17-e014-47aa-895e-0fc7454ce490] [http-nio-8081-exec-6] c.b.config.logging.HttpLoggingFilter - Response payload: {"ok":true,"id":"evt_1b6af9df-8db3-41d3-b584-a3de47188574"}
2025-11-15 00:29:02.781 [34mINFO [0;39m [9bb8a637-3966-4ba1-baab-a0baca4c9967] [http-nio-8081-exec-5] com.bharatshop.web.EventController - Event ingested: id=evt_71f15334-340d-411a-9c7a-f405832beab0 name=page_view tenant=demo-store userId=6b1530f3-1c84-40e4-8db2-09976129632e role=USER ip=127.0.0.1 ua=Mozilla/5.0 (Linux; Android 6.0; Nexus 5 Build/MRA58N) AppleWebKit/537.36 (KHTML, like Gecko) Chrome/142.0.0.0 Mobile Safari/537.36 ts=1763146742733 payloadPresent=true
2025-11-15 00:29:02.783 [34mINFO [0;39m [8d288252-abb7-4fd5-bf72-ed419ba104df] [http-nio-8081-exec-8] com.bharatshop.web.EventController - Event ingested: id=evt_35ea6229-79f9-461b-9c1c-83c646727ee3 name=page_view tenant=demo-store userId=6b1530f3-1c84-40e4-8db2-09976129632e role=USER ip=127.0.0.1 ua=Mozilla/5.0 (Linux; Android 6.0; Nexus 5 Build/MRA58N) AppleWebKit/537.36 (KHTML, like Gecko) Chrome/142.0.0.0 Mobile Safari/537.36 ts=1763146742745 payloadPresent=true
2025-11-15 00:29:02.783 [34mINFO [0;39m [2bc5e0d4-bfa8-453e-a6cd-5154254a14b6] [http-nio-8081-exec-7] com.bharatshop.web.EventController - Event ingested: id=evt_9a9e8b09-273f-4aa0-b8f1-8d157803efec name=bookings_fetch_start tenant=demo-store userId=6b1530f3-1c84-40e4-8db2-09976129632e role=USER ip=127.0.0.1 ua=Mozilla/5.0 (Linux; Android 6.0; Nexus 5 Build/MRA58N) AppleWebKit/537.36 (KHTML, like Gecko) Chrome/142.0.0.0 Mobile Safari/537.36 ts=1763146742746 payloadPresent=true
2025-11-15 00:29:02.785 [34mINFO [0;39m [8d288252-abb7-4fd5-bf72-ed419ba104df] [http-nio-8081-exec-8] c.b.config.logging.HttpLoggingFilter - POST /api/events -> 200 (4 ms)
2025-11-15 00:29:02.785 [34mINFO [0;39m [9bb8a637-3966-4ba1-baab-a0baca4c9967] [http-nio-8081-exec-5] c.b.config.logging.HttpLoggingFilter - POST /api/events -> 200 (7 ms)
2025-11-15 00:29:02.785 [34mINFO [0;39m [2bc5e0d4-bfa8-453e-a6cd-5154254a14b6] [http-nio-8081-exec-7] c.b.config.logging.HttpLoggingFilter - POST /api/events -> 200 (4 ms)
2025-11-15 00:29:02.785 [34mINFO [0;39m [8d288252-abb7-4fd5-bf72-ed419ba104df] [http-nio-8081-exec-8] c.b.config.logging.HttpLoggingFilter - Headers: auth=present content-type=application/json accept=application/json, text/plain, */*
2025-11-15 00:29:02.786 [34mINFO [0;39m [2bc5e0d4-bfa8-453e-a6cd-5154254a14b6] [http-nio-8081-exec-7] c.b.config.logging.HttpLoggingFilter - Headers: auth=present content-type=application/json accept=application/json, text/plain, */*
2025-11-15 00:29:02.786 [34mINFO [0;39m [9bb8a637-3966-4ba1-baab-a0baca4c9967] [http-nio-8081-exec-5] c.b.config.logging.HttpLoggingFilter - Headers: auth=present content-type=application/json accept=application/json, text/plain, */*
2025-11-15 00:29:02.786 [34mINFO [0;39m [8d288252-abb7-4fd5-bf72-ed419ba104df] [http-nio-8081-exec-8] c.b.config.logging.HttpLoggingFilter - Request payload: {"name":"page_view","payload":{"page":"/bookings","title":"MyBookings"},"timestamp":1763146742745}
2025-11-15 00:29:02.786 [34mINFO [0;39m [2bc5e0d4-bfa8-453e-a6cd-5154254a14b6] [http-nio-8081-exec-7] c.b.config.logging.HttpLoggingFilter - Request payload: {"name":"bookings_fetch_start","payload":{"source":"my_bookings","userId":"6b1530f3-1c84-40e4-8db2-09976129632e"},"timestamp":1763146742746}
2025-11-15 00:29:02.786 [34mINFO [0;39m [2bc5e0d4-bfa8-453e-a6cd-5154254a14b6] [http-nio-8081-exec-7] c.b.config.logging.HttpLoggingFilter - Response payload: {"ok":true,"id":"evt_9a9e8b09-273f-4aa0-b8f1-8d157803efec"}
2025-11-15 00:29:02.786 [34mINFO [0;39m [9bb8a637-3966-4ba1-baab-a0baca4c9967] [http-nio-8081-exec-5] c.b.config.logging.HttpLoggingFilter - Request payload: {"name":"page_view","payload":{"page":"/bookings","title":"MyBookings"},"timestamp":1763146742733}
2025-11-15 00:29:02.786 [34mINFO [0;39m [8d288252-abb7-4fd5-bf72-ed419ba104df] [http-nio-8081-exec-8] c.b.config.logging.HttpLoggingFilter - Response payload: {"ok":true,"id":"evt_35ea6229-79f9-461b-9c1c-83c646727ee3"}
2025-11-15 00:29:02.789 [34mINFO [0;39m [9bb8a637-3966-4ba1-baab-a0baca4c9967] [http-nio-8081-exec-5] c.b.config.logging.HttpLoggingFilter - Response payload: {"ok":true,"id":"evt_71f15334-340d-411a-9c7a-f405832beab0"}
2025-11-15 00:29:02.795 [34mINFO [0;39m [76b74b70-346e-4bbf-bb10-48b71e7bcb0f] [http-nio-8081-exec-8] com.bharatshop.web.OrdersController - List bookings: tenant=demo-store userId=6b1530f3-1c84-40e4-8db2-09976129632e
2025-11-15 00:29:02.797 [34mINFO [0;39m [0d814d9a-c923-48a6-8bde-d893a8e5dcda] [http-nio-8081-exec-7] com.bharatshop.web.EventController - Event ingested: id=evt_6af6cb08-53d6-466b-bcb0-35e62d93052a name=bookings_fetch_start tenant=demo-store userId=6b1530f3-1c84-40e4-8db2-09976129632e role=USER ip=127.0.0.1 ua=Mozilla/5.0 (Linux; Android 6.0; Nexus 5 Build/MRA58N) AppleWebKit/537.36 (KHTML, like Gecko) Chrome/142.0.0.0 Mobile Safari/537.36 ts=1763146742744 payloadPresent=true
2025-11-15 00:29:02.801 [34mINFO [0;39m [0d814d9a-c923-48a6-8bde-d893a8e5dcda] [http-nio-8081-exec-7] c.b.config.logging.HttpLoggingFilter - POST /api/events -> 200 (8 ms)
2025-11-15 00:29:02.803 [34mINFO [0;39m [0d814d9a-c923-48a6-8bde-d893a8e5dcda] [http-nio-8081-exec-7] c.b.config.logging.HttpLoggingFilter - Headers: auth=present content-type=application/json accept=application/json, text/plain, */*
2025-11-15 00:29:02.803 [34mINFO [0;39m [0d814d9a-c923-48a6-8bde-d893a8e5dcda] [http-nio-8081-exec-7] c.b.config.logging.HttpLoggingFilter - Request payload: {"name":"bookings_fetch_start","payload":{"source":"my_bookings","userId":"6b1530f3-1c84-40e4-8db2-09976129632e"},"timestamp":1763146742744}
2025-11-15 00:29:02.803 [34mINFO [0;39m [0d814d9a-c923-48a6-8bde-d893a8e5dcda] [http-nio-8081-exec-7] c.b.config.logging.HttpLoggingFilter - Response payload: {"ok":true,"id":"evt_6af6cb08-53d6-466b-bcb0-35e62d93052a"}
2025-11-15 00:29:02.805 [34mINFO [0;39m [76b74b70-346e-4bbf-bb10-48b71e7bcb0f] [http-nio-8081-exec-8] c.b.config.logging.HttpLoggingFilter - GET /api/storefront/bookings -> 200 (10 ms)
2025-11-15 00:29:02.805 [34mINFO [0;39m [76b74b70-346e-4bbf-bb10-48b71e7bcb0f] [http-nio-8081-exec-8] c.b.config.logging.HttpLoggingFilter - Headers: auth=present content-type=null accept=application/json, text/plain, */*
2025-11-15 00:29:02.805 [34mINFO [0;39m [76b74b70-346e-4bbf-bb10-48b71e7bcb0f] [http-nio-8081-exec-8] c.b.config.logging.HttpLoggingFilter - Response payload: [{"id":"c048b4b2-79cc-47ff-b29c-d58d6e4c5c46","reference":"BK-c048b4b2","status":"placed","total":2070.0,"totals":{"payable":2070.0},"type":"room_booking","booking":{"checkIn":"2025-11-14","checkOut":"2025-11-15","guests":1,"nights":1,"rooms":1,"perRoomMax":3,"extraMattressAllowed":true,"extraMattressCount":0,"mattressFeePerNight":300},"createdAt":"2025-11-14T18:58:55.785004Z","sellerResponseDeadline":"2025-11-14T19:13:55.785004Z","notes":""}]
2025-11-15 00:29:02.835 [34mINFO [0;39m [9b776b33-1ae1-4487-9927-68e79fada9ca] [http-nio-8081-exec-1] com.bharatshop.web.OrdersController - List bookings: tenant=demo-store userId=6b1530f3-1c84-40e4-8db2-09976129632e
2025-11-15 00:29:02.843 [34mINFO [0;39m [dc514ad1-c209-4fcc-a830-a38e85b17ba3] [http-nio-8081-exec-2] com.bharatshop.web.EventController - Event ingested: id=evt_567a359e-6ec6-4a7d-9df6-eeaaf6e5ff41 name=bookings_fetch_success tenant=demo-store userId=6b1530f3-1c84-40e4-8db2-09976129632e role=USER ip=127.0.0.1 ua=Mozilla/5.0 (Linux; Android 6.0; Nexus 5 Build/MRA58N) AppleWebKit/537.36 (KHTML, like Gecko) Chrome/142.0.0.0 Mobile Safari/537.36 ts=1763146742822 payloadPresent=true
2025-11-15 00:29:02.845 [34mINFO [0;39m [9b776b33-1ae1-4487-9927-68e79fada9ca] [http-nio-8081-exec-1] c.b.config.logging.HttpLoggingFilter - GET /api/storefront/bookings -> 200 (12 ms)
2025-11-15 00:29:02.845 [34mINFO [0;39m [9b776b33-1ae1-4487-9927-68e79fada9ca] [http-nio-8081-exec-1] c.b.config.logging.HttpLoggingFilter - Headers: auth=present content-type=null accept=application/json, text/plain, */*
2025-11-15 00:29:02.847 [34mINFO [0;39m [9b776b33-1ae1-4487-9927-68e79fada9ca] [http-nio-8081-exec-1] c.b.config.logging.HttpLoggingFilter - Response payload: [{"id":"c048b4b2-79cc-47ff-b29c-d58d6e4c5c46","reference":"BK-c048b4b2","status":"placed","total":2070.0,"totals":{"payable":2070.0},"type":"room_booking","booking":{"checkIn":"2025-11-14","checkOut":"2025-11-15","guests":1,"nights":1,"rooms":1,"perRoomMax":3,"extraMattressAllowed":true,"extraMattressCount":0,"mattressFeePerNight":300},"createdAt":"2025-11-14T18:58:55.785004Z","sellerResponseDeadline":"2025-11-14T19:13:55.785004Z","notes":""}]
2025-11-15 00:29:02.847 [34mINFO [0;39m [dc514ad1-c209-4fcc-a830-a38e85b17ba3] [http-nio-8081-exec-2] c.b.config.logging.HttpLoggingFilter - POST /api/events -> 200 (6 ms)
2025-11-15 00:29:02.847 [34mINFO [0;39m [dc514ad1-c209-4fcc-a830-a38e85b17ba3] [http-nio-8081-exec-2] c.b.config.logging.HttpLoggingFilter - Headers: auth=present content-type=application/json accept=application/json, text/plain, */*
2025-11-15 00:29:02.847 [34mINFO [0;39m [dc514ad1-c209-4fcc-a830-a38e85b17ba3] [http-nio-8081-exec-2] c.b.config.logging.HttpLoggingFilter - Request payload: {"name":"bookings_fetch_success","payload":{"source":"my_bookings","count":1},"timestamp":1763146742822}
2025-11-15 00:29:02.847 [34mINFO [0;39m [dc514ad1-c209-4fcc-a830-a38e85b17ba3] [http-nio-8081-exec-2] c.b.config.logging.HttpLoggingFilter - Response payload: {"ok":true,"id":"evt_567a359e-6ec6-4a7d-9df6-eeaaf6e5ff41"}
2025-11-15 00:29:02.883 [34mINFO [0;39m [eb86bfa5-671c-40af-bdca-b73b309b9931] [http-nio-8081-exec-3] com.bharatshop.web.EventController - Event ingested: id=evt_777204cb-1c1f-411d-8b55-936a0fc485dd name=bookings_fetch_success tenant=demo-store userId=6b1530f3-1c84-40e4-8db2-09976129632e role=USER ip=127.0.0.1 ua=Mozilla/5.0 (Linux; Android 6.0; Nexus 5 Build/MRA58N) AppleWebKit/537.36 (KHTML, like Gecko) Chrome/142.0.0.0 Mobile Safari/537.36 ts=1763146742855 payloadPresent=true
2025-11-15 00:29:02.885 [34mINFO [0;39m [eb86bfa5-671c-40af-bdca-b73b309b9931] [http-nio-8081-exec-3] c.b.config.logging.HttpLoggingFilter - POST /api/events -> 200 (6 ms)
2025-11-15 00:29:02.885 [34mINFO [0;39m [eb86bfa5-671c-40af-bdca-b73b309b9931] [http-nio-8081-exec-3] c.b.config.logging.HttpLoggingFilter - Headers: auth=present content-type=application/json accept=application/json, text/plain, */*
2025-11-15 00:29:02.885 [34mINFO [0;39m [eb86bfa5-671c-40af-bdca-b73b309b9931] [http-nio-8081-exec-3] c.b.config.logging.HttpLoggingFilter - Request payload: {"name":"bookings_fetch_success","payload":{"source":"my_bookings","count":1},"timestamp":1763146742855}
2025-11-15 00:29:02.888 [34mINFO [0;39m [eb86bfa5-671c-40af-bdca-b73b309b9931] [http-nio-8081-exec-3] c.b.config.logging.HttpLoggingFilter - Response payload: {"ok":true,"id":"evt_777204cb-1c1f-411d-8b55-936a0fc485dd"}
2025-11-15 00:29:05.150 [34mINFO [0;39m [535de15a-fdbd-48c3-b244-2af095374ec0] [http-nio-8081-exec-6] com.bharatshop.web.OrdersController - Booking detail: tenant=demo-store userId=6b1530f3-1c84-40e4-8db2-09976129632e id=c048b4b2-79cc-47ff-b29c-d58d6e4c5c46
2025-11-15 00:29:05.150 [34mINFO [0;39m [84ea2fba-0241-4ebd-9b34-a2fe06f4d3c1] [http-nio-8081-exec-4] com.bharatshop.web.EventController - Event ingested: id=evt_9b7acd42-08a2-4403-89ac-703c9bb3a479 name=booking_click tenant=demo-store userId=6b1530f3-1c84-40e4-8db2-09976129632e role=USER ip=127.0.0.1 ua=Mozilla/5.0 (Linux; Android 6.0; Nexus 5 Build/MRA58N) AppleWebKit/537.36 (KHTML, like Gecko) Chrome/142.0.0.0 Mobile Safari/537.36 ts=1763146745092 payloadPresent=true
2025-11-15 00:29:05.154 [34mINFO [0;39m [84ea2fba-0241-4ebd-9b34-a2fe06f4d3c1] [http-nio-8081-exec-4] c.b.config.logging.HttpLoggingFilter - POST /api/events -> 200 (6 ms)
2025-11-15 00:29:05.154 [34mINFO [0;39m [84ea2fba-0241-4ebd-9b34-a2fe06f4d3c1] [http-nio-8081-exec-4] c.b.config.logging.HttpLoggingFilter - Headers: auth=present content-type=application/json accept=application/json, text/plain, */*
2025-11-15 00:29:05.154 [34mINFO [0;39m [84ea2fba-0241-4ebd-9b34-a2fe06f4d3c1] [http-nio-8081-exec-4] c.b.config.logging.HttpLoggingFilter - Request payload: {"name":"booking_click","payload":{"id":"c048b4b2-79cc-47ff-b29c-d58d6e4c5c46","source":"my_bookings_button"},"timestamp":1763146745092}
2025-11-15 00:29:05.154 [34mINFO [0;39m [84ea2fba-0241-4ebd-9b34-a2fe06f4d3c1] [http-nio-8081-exec-4] c.b.config.logging.HttpLoggingFilter - Response payload: {"ok":true,"id":"evt_9b7acd42-08a2-4403-89ac-703c9bb3a479"}
2025-11-15 00:29:05.157 [34mINFO [0;39m [535de15a-fdbd-48c3-b244-2af095374ec0] [http-nio-8081-exec-6] com.bharatshop.web.OrdersController - Booking detail success: id=c048b4b2-79cc-47ff-b29c-d58d6e4c5c46 status=placed
2025-11-15 00:29:05.160 [34mINFO [0;39m [535de15a-fdbd-48c3-b244-2af095374ec0] [http-nio-8081-exec-6] c.b.config.logging.HttpLoggingFilter - GET /api/storefront/bookings/c048b4b2-79cc-47ff-b29c-d58d6e4c5c46 -> 200 (10 ms)
2025-11-15 00:29:05.162 [34mINFO [0;39m [535de15a-fdbd-48c3-b244-2af095374ec0] [http-nio-8081-exec-6] c.b.config.logging.HttpLoggingFilter - Headers: auth=present content-type=null accept=application/json, text/plain, */*
2025-11-15 00:29:05.162 [34mINFO [0;39m [535de15a-fdbd-48c3-b244-2af095374ec0] [http-nio-8081-exec-6] c.b.config.logging.HttpLoggingFilter - Response payload: {"id":"c048b4b2-79cc-47ff-b29c-d58d6e4c5c46","reference":"BK-c048b4b2","status":"placed","total":2070.0,"totals":{"payable":2070.0},"type":"room_booking","booking":{"checkIn":"2025-11-14","checkOut":"2025-11-15","guests":1,"nights":1,"rooms":1,"perRoomMax":3,"extraMattressAllowed":true,"extraMattressCount":0,"mattressFeePerNight":300},"createdAt":"2025-11-14T18:58:55.785004Z","sellerResponseDeadline":"2025-11-14T19:13:55.785004Z","notes":""}
2025-11-15 00:29:05.197 [34mINFO [0;39m [c0f677cc-bafc-46d7-a1a4-fba0ecc569d3] [http-nio-8081-exec-5] com.bharatshop.web.OrdersController - Booking detail: tenant=demo-store userId=6b1530f3-1c84-40e4-8db2-09976129632e id=c048b4b2-79cc-47ff-b29c-d58d6e4c5c46
2025-11-15 00:29:05.202 [34mINFO [0;39m [c0f677cc-bafc-46d7-a1a4-fba0ecc569d3] [http-nio-8081-exec-5] com.bharatshop.web.OrdersController - Booking detail success: id=c048b4b2-79cc-47ff-b29c-d58d6e4c5c46 status=placed
2025-11-15 00:29:05.206 [34mINFO [0;39m [c0f677cc-bafc-46d7-a1a4-fba0ecc569d3] [http-nio-8081-exec-5] c.b.config.logging.HttpLoggingFilter - GET /api/storefront/bookings/c048b4b2-79cc-47ff-b29c-d58d6e4c5c46 -> 200 (11 ms)
2025-11-15 00:29:05.206 [34mINFO [0;39m [c0f677cc-bafc-46d7-a1a4-fba0ecc569d3] [http-nio-8081-exec-5] c.b.config.logging.HttpLoggingFilter - Headers: auth=present content-type=null accept=application/json, text/plain, */*
2025-11-15 00:29:05.206 [34mINFO [0;39m [c0f677cc-bafc-46d7-a1a4-fba0ecc569d3] [http-nio-8081-exec-5] c.b.config.logging.HttpLoggingFilter - Response payload: {"id":"c048b4b2-79cc-47ff-b29c-d58d6e4c5c46","reference":"BK-c048b4b2","status":"placed","total":2070.0,"totals":{"payable":2070.0},"type":"room_booking","booking":{"checkIn":"2025-11-14","checkOut":"2025-11-15","guests":1,"nights":1,"rooms":1,"perRoomMax":3,"extraMattressAllowed":true,"extraMattressCount":0,"mattressFeePerNight":300},"createdAt":"2025-11-14T18:58:55.785004Z","sellerResponseDeadline":"2025-11-14T19:13:55.785004Z","notes":""}
2025-11-15 00:29:11.796 [34mINFO [0;39m [21f081a1-7adc-4fac-a3f9-70dda22cccaa] [http-nio-8081-exec-9] com.bharatshop.web.EventController - Event ingested: id=evt_44a6110d-27b3-4ab4-bd60-80d3862867af name=nav_click tenant=demo-store userId=6b1530f3-1c84-40e4-8db2-09976129632e role=USER ip=127.0.0.1 ua=Mozilla/5.0 (Linux; Android 6.0; Nexus 5 Build/MRA58N) AppleWebKit/537.36 (KHTML, like Gecko) Chrome/142.0.0.0 Mobile Safari/537.36 ts=1763146751705 payloadPresent=true
2025-11-15 00:29:11.798 [34mINFO [0;39m [21f081a1-7adc-4fac-a3f9-70dda22cccaa] [http-nio-8081-exec-9] c.b.config.logging.HttpLoggingFilter - POST /api/events -> 200 (12 ms)
2025-11-15 00:29:11.801 [34mINFO [0;39m [21f081a1-7adc-4fac-a3f9-70dda22cccaa] [http-nio-8081-exec-9] c.b.config.logging.HttpLoggingFilter - Headers: auth=present content-type=application/json accept=application/json, text/plain, */*
2025-11-15 00:29:11.802 [34mINFO [0;39m [21f081a1-7adc-4fac-a3f9-70dda22cccaa] [http-nio-8081-exec-9] c.b.config.logging.HttpLoggingFilter - Request payload: {"name":"nav_click","payload":{"target":"/bookings","context":"mobile_nav"},"timestamp":1763146751705}
2025-11-15 00:29:11.803 [34mINFO [0;39m [21f081a1-7adc-4fac-a3f9-70dda22cccaa] [http-nio-8081-exec-9] c.b.config.logging.HttpLoggingFilter - Response payload: {"ok":true,"id":"evt_44a6110d-27b3-4ab4-bd60-80d3862867af"}
2025-11-15 00:29:11.811 [34mINFO [0;39m [3273a4c7-506d-4820-bafd-2efa4db8dd46] [http-nio-8081-exec-7] com.bharatshop.web.EventController - Event ingested: id=evt_7cc938ae-83ac-4f83-8aba-53520dbbbd22 name=page_view tenant=demo-store userId=6b1530f3-1c84-40e4-8db2-09976129632e role=USER ip=127.0.0.1 ua=Mozilla/5.0 (Linux; Android 6.0; Nexus 5 Build/MRA58N) AppleWebKit/537.36 (KHTML, like Gecko) Chrome/142.0.0.0 Mobile Safari/537.36 ts=1763146751715 payloadPresent=true
2025-11-15 00:29:11.818 [34mINFO [0;39m [881206ad-0135-453a-ba08-3a8e5ccce6a3] [http-nio-8081-exec-2] com.bharatshop.web.OrdersController - List bookings: tenant=demo-store userId=6b1530f3-1c84-40e4-8db2-09976129632e
2025-11-15 00:29:11.818 [34mINFO [0;39m [001620fe-3532-4ccc-b5aa-1dcb93fa527a] [http-nio-8081-exec-8] com.bharatshop.web.EventController - Event ingested: id=evt_f24cb35a-7808-471f-accb-b72ec1dcdf0f name=page_view tenant=demo-store userId=6b1530f3-1c84-40e4-8db2-09976129632e role=USER ip=127.0.0.1 ua=Mozilla/5.0 (Linux; Android 6.0; Nexus 5 Build/MRA58N) AppleWebKit/537.36 (KHTML, like Gecko) Chrome/142.0.0.0 Mobile Safari/537.36 ts=1763146751717 payloadPresent=true
2025-11-15 00:29:11.818 [34mINFO [0;39m [c182db0b-92fe-4e77-a1dc-76fba14384d6] [http-nio-8081-exec-1] com.bharatshop.web.EventController - Event ingested: id=evt_f3c5e827-d8bb-4e38-94fb-eb39065e01fc name=bookings_fetch_start tenant=demo-store userId=6b1530f3-1c84-40e4-8db2-09976129632e role=USER ip=127.0.0.1 ua=Mozilla/5.0 (Linux; Android 6.0; Nexus 5 Build/MRA58N) AppleWebKit/537.36 (KHTML, like Gecko) Chrome/142.0.0.0 Mobile Safari/537.36 ts=1763146751718 payloadPresent=true
2025-11-15 00:29:11.825 [34mINFO [0;39m [3273a4c7-506d-4820-bafd-2efa4db8dd46] [http-nio-8081-exec-7] c.b.config.logging.HttpLoggingFilter - POST /api/events -> 200 (16 ms)
2025-11-15 00:29:11.827 [34mINFO [0;39m [c182db0b-92fe-4e77-a1dc-76fba14384d6] [http-nio-8081-exec-1] c.b.config.logging.HttpLoggingFilter - POST /api/events -> 200 (9 ms)
2025-11-15 00:29:11.827 [34mINFO [0;39m [001620fe-3532-4ccc-b5aa-1dcb93fa527a] [http-nio-8081-exec-8] c.b.config.logging.HttpLoggingFilter - POST /api/events -> 200 (11 ms)
2025-11-15 00:29:11.834 [34mINFO [0;39m [3273a4c7-506d-4820-bafd-2efa4db8dd46] [http-nio-8081-exec-7] c.b.config.logging.HttpLoggingFilter - Headers: auth=present content-type=application/json accept=application/json, text/plain, */*
2025-11-15 00:29:11.835 [34mINFO [0;39m [c182db0b-92fe-4e77-a1dc-76fba14384d6] [http-nio-8081-exec-1] c.b.config.logging.HttpLoggingFilter - Headers: auth=present content-type=application/json accept=application/json, text/plain, */*
2025-11-15 00:29:11.835 [34mINFO [0;39m [001620fe-3532-4ccc-b5aa-1dcb93fa527a] [http-nio-8081-exec-8] c.b.config.logging.HttpLoggingFilter - Headers: auth=present content-type=application/json accept=application/json, text/plain, */*
2025-11-15 00:29:11.835 [34mINFO [0;39m [3273a4c7-506d-4820-bafd-2efa4db8dd46] [http-nio-8081-exec-7] c.b.config.logging.HttpLoggingFilter - Request payload: {"name":"page_view","payload":{"page":"/bookings","title":"MyBookings"},"timestamp":1763146751715}
2025-11-15 00:29:11.835 [34mINFO [0;39m [c182db0b-92fe-4e77-a1dc-76fba14384d6] [http-nio-8081-exec-1] c.b.config.logging.HttpLoggingFilter - Request payload: {"name":"bookings_fetch_start","payload":{"source":"my_bookings","userId":"6b1530f3-1c84-40e4-8db2-09976129632e"},"timestamp":1763146751718}
2025-11-15 00:29:11.837 [34mINFO [0;39m [001620fe-3532-4ccc-b5aa-1dcb93fa527a] [http-nio-8081-exec-8] c.b.config.logging.HttpLoggingFilter - Request payload: {"name":"page_view","payload":{"page":"/bookings","title":"MyBookings"},"timestamp":1763146751717}
2025-11-15 00:29:11.837 [34mINFO [0;39m [3273a4c7-506d-4820-bafd-2efa4db8dd46] [http-nio-8081-exec-7] c.b.config.logging.HttpLoggingFilter - Response payload: {"ok":true,"id":"evt_7cc938ae-83ac-4f83-8aba-53520dbbbd22"}
2025-11-15 00:29:11.838 [34mINFO [0;39m [881206ad-0135-453a-ba08-3a8e5ccce6a3] [http-nio-8081-exec-2] c.b.config.logging.HttpLoggingFilter - GET /api/storefront/bookings -> 200 (22 ms)
2025-11-15 00:29:11.837 [34mINFO [0;39m [c182db0b-92fe-4e77-a1dc-76fba14384d6] [http-nio-8081-exec-1] c.b.config.logging.HttpLoggingFilter - Response payload: {"ok":true,"id":"evt_f3c5e827-d8bb-4e38-94fb-eb39065e01fc"}
2025-11-15 00:29:11.838 [34mINFO [0;39m [001620fe-3532-4ccc-b5aa-1dcb93fa527a] [http-nio-8081-exec-8] c.b.config.logging.HttpLoggingFilter - Response payload: {"ok":true,"id":"evt_f24cb35a-7808-471f-accb-b72ec1dcdf0f"}
2025-11-15 00:29:11.838 [34mINFO [0;39m [881206ad-0135-453a-ba08-3a8e5ccce6a3] [http-nio-8081-exec-2] c.b.config.logging.HttpLoggingFilter - Headers: auth=present content-type=null accept=application/json, text/plain, */*
2025-11-15 00:29:11.840 [34mINFO [0;39m [881206ad-0135-453a-ba08-3a8e5ccce6a3] [http-nio-8081-exec-2] c.b.config.logging.HttpLoggingFilter - Response payload: [{"id":"c048b4b2-79cc-47ff-b29c-d58d6e4c5c46","reference":"BK-c048b4b2","status":"placed","total":2070.0,"totals":{"payable":2070.0},"type":"room_booking","booking":{"checkIn":"2025-11-14","checkOut":"2025-11-15","guests":1,"nights":1,"rooms":1,"perRoomMax":3,"extraMattressAllowed":true,"extraMattressCount":0,"mattressFeePerNight":300},"createdAt":"2025-11-14T18:58:55.785004Z","sellerResponseDeadline":"2025-11-14T19:13:55.785004Z","notes":""}]
2025-11-15 00:29:11.867 [34mINFO [0;39m [dc86d2c5-91dc-4a68-acaf-c8c5b32f7932] [http-nio-8081-exec-10] com.bharatshop.web.EventController - Event ingested: id=evt_0992ec4e-e415-4513-99fa-c18ecbf96d00 name=bookings_fetch_start tenant=demo-store userId=6b1530f3-1c84-40e4-8db2-09976129632e role=USER ip=127.0.0.1 ua=Mozilla/5.0 (Linux; Android 6.0; Nexus 5 Build/MRA58N) AppleWebKit/537.36 (KHTML, like Gecko) Chrome/142.0.0.0 Mobile Safari/537.36 ts=1763146751715 payloadPresent=true
2025-11-15 00:29:11.880 [34mINFO [0;39m [dc86d2c5-91dc-4a68-acaf-c8c5b32f7932] [http-nio-8081-exec-10] c.b.config.logging.HttpLoggingFilter - POST /api/events -> 200 (49 ms)
2025-11-15 00:29:11.886 [34mINFO [0;39m [dc86d2c5-91dc-4a68-acaf-c8c5b32f7932] [http-nio-8081-exec-10] c.b.config.logging.HttpLoggingFilter - Headers: auth=present content-type=application/json accept=application/json, text/plain, */*
2025-11-15 00:29:11.882 [34mINFO [0;39m [520ee7cf-9ee1-436e-82c3-c51f9cc6587f] [http-nio-8081-exec-4] com.bharatshop.web.OrdersController - List bookings: tenant=demo-store userId=6b1530f3-1c84-40e4-8db2-09976129632e
2025-11-15 00:29:11.887 [34mINFO [0;39m [dc86d2c5-91dc-4a68-acaf-c8c5b32f7932] [http-nio-8081-exec-10] c.b.config.logging.HttpLoggingFilter - Request payload: {"name":"bookings_fetch_start","payload":{"source":"my_bookings","userId":"6b1530f3-1c84-40e4-8db2-09976129632e"},"timestamp":1763146751715}
2025-11-15 00:29:11.888 [34mINFO [0;39m [dc86d2c5-91dc-4a68-acaf-c8c5b32f7932] [http-nio-8081-exec-10] c.b.config.logging.HttpLoggingFilter - Response payload: {"ok":true,"id":"evt_0992ec4e-e415-4513-99fa-c18ecbf96d00"}
2025-11-15 00:29:11.888 [34mINFO [0;39m [da1ca88e-1fa5-43b9-b615-c13ccb967da7] [http-nio-8081-exec-3] com.bharatshop.web.EventController - Event ingested: id=evt_c6bc837f-2dbe-4e1a-a84c-14895a552923 name=bookings_fetch_success tenant=demo-store userId=6b1530f3-1c84-40e4-8db2-09976129632e role=USER ip=127.0.0.1 ua=Mozilla/5.0 (Linux; Android 6.0; Nexus 5 Build/MRA58N) AppleWebKit/537.36 (KHTML, like Gecko) Chrome/142.0.0.0 Mobile Safari/537.36 ts=1763146751860 payloadPresent=true
2025-11-15 00:29:11.930 [34mINFO [0;39m [520ee7cf-9ee1-436e-82c3-c51f9cc6587f] [http-nio-8081-exec-4] c.b.config.logging.HttpLoggingFilter - GET /api/storefront/bookings -> 200 (50 ms)
2025-11-15 00:29:11.936 [34mINFO [0;39m [da1ca88e-1fa5-43b9-b615-c13ccb967da7] [http-nio-8081-exec-3] c.b.config.logging.HttpLoggingFilter - POST /api/events -> 200 (50 ms)
2025-11-15 00:29:11.938 [34mINFO [0;39m [da1ca88e-1fa5-43b9-b615-c13ccb967da7] [http-nio-8081-exec-3] c.b.config.logging.HttpLoggingFilter - Headers: auth=present content-type=application/json accept=application/json, text/plain, */*
2025-11-15 00:29:11.936 [34mINFO [0;39m [520ee7cf-9ee1-436e-82c3-c51f9cc6587f] [http-nio-8081-exec-4] c.b.config.logging.HttpLoggingFilter - Headers: auth=present content-type=null accept=application/json, text/plain, */*
2025-11-15 00:29:11.940 [34mINFO [0;39m [da1ca88e-1fa5-43b9-b615-c13ccb967da7] [http-nio-8081-exec-3] c.b.config.logging.HttpLoggingFilter - Request payload: {"name":"bookings_fetch_success","payload":{"source":"my_bookings","count":1},"timestamp":1763146751860}
2025-11-15 00:29:11.940 [34mINFO [0;39m [520ee7cf-9ee1-436e-82c3-c51f9cc6587f] [http-nio-8081-exec-4] c.b.config.logging.HttpLoggingFilter - Response payload: [{"id":"c048b4b2-79cc-47ff-b29c-d58d6e4c5c46","reference":"BK-c048b4b2","status":"placed","total":2070.0,"totals":{"payable":2070.0},"type":"room_booking","booking":{"checkIn":"2025-11-14","checkOut":"2025-11-15","guests":1,"nights":1,"rooms":1,"perRoomMax":3,"extraMattressAllowed":true,"extraMattressCount":0,"mattressFeePerNight":300},"createdAt":"2025-11-14T18:58:55.785004Z","sellerResponseDeadline":"2025-11-14T19:13:55.785004Z","notes":""}]
2025-11-15 00:29:11.940 [34mINFO [0;39m [da1ca88e-1fa5-43b9-b615-c13ccb967da7] [http-nio-8081-exec-3] c.b.config.logging.HttpLoggingFilter - Response payload: {"ok":true,"id":"evt_c6bc837f-2dbe-4e1a-a84c-14895a552923"}
2025-11-15 00:29:11.967 [34mINFO [0;39m [1275be04-d2a7-42a4-a32e-60132ff104f3] [http-nio-8081-exec-6] com.bharatshop.web.EventController - Event ingested: id=evt_fd88ff0b-1386-4e16-a0f7-7e92c4a1fe3d name=bookings_fetch_success tenant=demo-store userId=6b1530f3-1c84-40e4-8db2-09976129632e role=USER ip=127.0.0.1 ua=Mozilla/5.0 (Linux; Android 6.0; Nexus 5 Build/MRA58N) AppleWebKit/537.36 (KHTML, like Gecko) Chrome/142.0.0.0 Mobile Safari/537.36 ts=1763146751952 payloadPresent=true
2025-11-15 00:29:11.971 [34mINFO [0;39m [1275be04-d2a7-42a4-a32e-60132ff104f3] [http-nio-8081-exec-6] c.b.config.logging.HttpLoggingFilter - POST /api/events -> 200 (8 ms)
2025-11-15 00:29:11.971 [34mINFO [0;39m [1275be04-d2a7-42a4-a32e-60132ff104f3] [http-nio-8081-exec-6] c.b.config.logging.HttpLoggingFilter - Headers: auth=present content-type=application/json accept=application/json, text/plain, */*
2025-11-15 00:29:11.971 [34mINFO [0;39m [1275be04-d2a7-42a4-a32e-60132ff104f3] [http-nio-8081-exec-6] c.b.config.logging.HttpLoggingFilter - Request payload: {"name":"bookings_fetch_success","payload":{"source":"my_bookings","count":1},"timestamp":1763146751952}
2025-11-15 00:29:11.971 [34mINFO [0;39m [1275be04-d2a7-42a4-a32e-60132ff104f3] [http-nio-8081-exec-6] c.b.config.logging.HttpLoggingFilter - Response payload: {"ok":true,"id":"evt_fd88ff0b-1386-4e16-a0f7-7e92c4a1fe3d"}
2025-11-15 00:29:13.250 [34mINFO [0;39m [e25c38e0-6916-4d67-bebc-ddc089e8785b] [http-nio-8081-exec-5] com.bharatshop.web.EventController - Event ingested: id=evt_efb7904b-8507-4f54-a603-3051a5d21412 name=nav_click tenant=demo-store userId=6b1530f3-1c84-40e4-8db2-09976129632e role=USER ip=127.0.0.1 ua=Mozilla/5.0 (Linux; Android 6.0; Nexus 5 Build/MRA58N) AppleWebKit/537.36 (KHTML, like Gecko) Chrome/142.0.0.0 Mobile Safari/537.36 ts=1763146753196 payloadPresent=true
2025-11-15 00:29:13.252 [34mINFO [0;39m [e25c38e0-6916-4d67-bebc-ddc089e8785b] [http-nio-8081-exec-5] c.b.config.logging.HttpLoggingFilter - POST /api/events -> 200 (4 ms)
2025-11-15 00:29:13.252 [34mINFO [0;39m [e25c38e0-6916-4d67-bebc-ddc089e8785b] [http-nio-8081-exec-5] c.b.config.logging.HttpLoggingFilter - Headers: auth=present content-type=application/json accept=application/json, text/plain, */*
2025-11-15 00:29:13.252 [34mINFO [0;39m [e25c38e0-6916-4d67-bebc-ddc089e8785b] [http-nio-8081-exec-5] c.b.config.logging.HttpLoggingFilter - Request payload: {"name":"nav_click","payload":{"target":"/hotels","context":"my_bookings"},"timestamp":1763146753196}
2025-11-15 00:29:13.254 [34mINFO [0;39m [e25c38e0-6916-4d67-bebc-ddc089e8785b] [http-nio-8081-exec-5] c.b.config.logging.HttpLoggingFilter - Response payload: {"ok":true,"id":"evt_efb7904b-8507-4f54-a603-3051a5d21412"}
2025-11-15 00:29:13.689 [34mINFO [0;39m [acdc7805-012d-4242-aa0e-2c62869b7bf8] [http-nio-8081-exec-9] c.b.web.StoreDiscoveryController - Discover stores: tenant=demo-store search=null category=Hospitality
2025-11-15 00:29:13.694 [34mINFO [0;39m [acdc7805-012d-4242-aa0e-2c62869b7bf8] [http-nio-8081-exec-9] c.b.config.logging.HttpLoggingFilter - GET /api/stores?category=Hospitality&city=Balrampur&lat=27.4235392&lon=82.1854208&lng=82.1854208 -> 200 (6 ms)
2025-11-15 00:29:13.694 [34mINFO [0;39m [acdc7805-012d-4242-aa0e-2c62869b7bf8] [http-nio-8081-exec-9] c.b.config.logging.HttpLoggingFilter - Headers: auth=present content-type=null accept=application/json, text/plain, */*
2025-11-15 00:29:13.694 [34mINFO [0;39m [acdc7805-012d-4242-aa0e-2c62869b7bf8] [http-nio-8081-exec-9] c.b.config.logging.HttpLoggingFilter - Response payload: [{"id":"5fa161c1-f2d4-4f65-9117-3adec86c12cd","name":"Sunrise Hotel","area":"Beach","category":"hospitality","status":"open","orderingDisabled":false,"updatedAt":"2025-11-14T18:58:08.379418Z"}]
2025-11-15 00:29:17.348 [34mINFO [0;39m [70d18142-f741-402d-92f9-8a2d8c6cff9b] [http-nio-8081-exec-8] c.b.web.StoreDiscoveryController - Discover stores: tenant=demo-store search=null category=null
2025-11-15 00:29:17.365 [34mINFO [0;39m [70d18142-f741-402d-92f9-8a2d8c6cff9b] [http-nio-8081-exec-8] c.b.config.logging.HttpLoggingFilter - GET /api/stores -> 200 (19 ms)
2025-11-15 00:29:17.365 [34mINFO [0;39m [70d18142-f741-402d-92f9-8a2d8c6cff9b] [http-nio-8081-exec-8] c.b.config.logging.HttpLoggingFilter - Headers: auth=present content-type=null accept=application/json, text/plain, */*
2025-11-15 00:29:17.365 [34mINFO [0;39m [70d18142-f741-402d-92f9-8a2d8c6cff9b] [http-nio-8081-exec-8] c.b.config.logging.HttpLoggingFilter - Response payload: [{"id":"f70caa7b-62c1-470a-9718-c0780fb4173b","name":"City Pharmacy","area":"Brigade","category":"pharmacy","status":"open","orderingDisabled":false,"updatedAt":"2025-11-14T18:58:08.374907Z"},{"id":"ca77e4f8-ae50-4b11-a471-81f3f570fb65","name":"Fresh Mart","area":"MG Road","category":"grocery","status":"open","orderingDisabled":false,"updatedAt":"2025-11-14T18:58:08.224198Z"},{"id":"5fa161c1-f2d4-4f65-9117-3adec86c12cd","name":"Sunrise Hotel","area":"Beach","category":"hospitality","status":"open","orderingDisabled":false,"updatedAt":"2025-11-14T18:58:08.379418Z"}]
2025-11-15 00:29:23.009 [34mINFO [0;39m [52f8f9e4-8266-4f2a-b936-0893e8f22845] [http-nio-8081-exec-1] c.b.web.StoreDiscoveryController - Get store: tenant=demo-store id=ca77e4f8-ae50-4b11-a471-81f3f570fb65
2025-11-15 00:29:23.009 [34mINFO [0;39m [cf0bba89-3b03-4344-b89b-732a09e5a57c] [http-nio-8081-exec-7] c.b.web.StoreDiscoveryController - Products by store: tenant=demo-store storeId=ca77e4f8-ae50-4b11-a471-81f3f570fb65
2025-11-15 00:29:23.014 [34mINFO [0;39m [52f8f9e4-8266-4f2a-b936-0893e8f22845] [http-nio-8081-exec-1] c.b.web.StoreDiscoveryController - Get store success: id=ca77e4f8-ae50-4b11-a471-81f3f570fb65 name=Fresh Mart 
2025-11-15 00:29:23.056 [34mINFO [0;39m [52f8f9e4-8266-4f2a-b936-0893e8f22845] [http-nio-8081-exec-1] c.b.config.logging.HttpLoggingFilter - GET /api/stores/ca77e4f8-ae50-4b11-a471-81f3f570fb65 -> 200 (11 ms)
2025-11-15 00:29:23.066 [34mINFO [0;39m [cf0bba89-3b03-4344-b89b-732a09e5a57c] [http-nio-8081-exec-7] c.b.config.logging.HttpLoggingFilter - GET /api/products?storeId=ca77e4f8-ae50-4b11-a471-81f3f570fb65 -> 200 (59 ms)
2025-11-15 00:29:23.068 [34mINFO [0;39m [52f8f9e4-8266-4f2a-b936-0893e8f22845] [http-nio-8081-exec-1] c.b.config.logging.HttpLoggingFilter - Headers: auth=present content-type=null accept=application/json, text/plain, */*
2025-11-15 00:29:23.081 [34mINFO [0;39m [52f8f9e4-8266-4f2a-b936-0893e8f22845] [http-nio-8081-exec-1] c.b.config.logging.HttpLoggingFilter - Response payload: {"id":"ca77e4f8-ae50-4b11-a471-81f3f570fb65","name":"Fresh Mart","area":"MG Road","category":"grocery","status":"open","orderingDisabled":false,"updatedAt":"2025-11-14T18:58:08.224198Z"}
2025-11-15 00:29:23.083 [34mINFO [0;39m [cf0bba89-3b03-4344-b89b-732a09e5a57c] [http-nio-8081-exec-7] c.b.config.logging.HttpLoggingFilter - Headers: auth=present content-type=null accept=application/json, text/plain, */*
2025-11-15 00:29:23.086 [34mINFO [0;39m [cf0bba89-3b03-4344-b89b-732a09e5a57c] [http-nio-8081-exec-7] c.b.config.logging.HttpLoggingFilter - Response payload: [{"id":"2a5e1c95-6abc-4cf3-9709-3adeaaa2bcb8","name":"Apples","price":120.0,"category":"fruits","storeId":"ca77e4f8-ae50-4b11-a471-81f3f570fb65","active":true},{"id":"46356bfa-07ef-43c1-a703-2f766d6d76e2","name":"Milk","price":60.0,"category":"dairy","storeId":"ca77e4f8-ae50-4b11-a471-81f3f570fb65","active":true}]
2025-11-15 00:29:27.105 [34mINFO [0;39m [016a6da4-c9c6-4590-b26e-e6cbec5e8c8b] [http-nio-8081-exec-2] c.b.web.StorefrontCartController - Storefront add cart item: tenant=demo-store userId=6b1530f3-1c84-40e4-8db2-09976129632e itemId=null qty=1
2025-11-15 00:29:27.111 [34mINFO [0;39m [016a6da4-c9c6-4590-b26e-e6cbec5e8c8b] [http-nio-8081-exec-2] c.b.config.logging.HttpLoggingFilter - POST /api/storefront/cart/items -> 200 (8 ms)
2025-11-15 00:29:27.111 [34mINFO [0;39m [016a6da4-c9c6-4590-b26e-e6cbec5e8c8b] [http-nio-8081-exec-2] c.b.config.logging.HttpLoggingFilter - Headers: auth=present content-type=application/json accept=application/json, text/plain, */*
2025-11-15 00:29:27.111 [34mINFO [0;39m [016a6da4-c9c6-4590-b26e-e6cbec5e8c8b] [http-nio-8081-exec-2] c.b.config.logging.HttpLoggingFilter - Request payload: {"productId":"46356bfa-07ef-43c1-a703-2f766d6d76e2__v:standard__a:","quantity":1,"storeId":"ca77e4f8-ae50-4b11-a471-81f3f570fb65"}
2025-11-15 00:29:27.113 [34mINFO [0;39m [016a6da4-c9c6-4590-b26e-e6cbec5e8c8b] [http-nio-8081-exec-2] c.b.config.logging.HttpLoggingFilter - Response payload: {"totals":{"subtotal":0.0,"itemsCount":1},"items":[{"price":0.0,"quantity":1}]}
2025-11-15 00:29:41.484 [34mINFO [0;39m [51fe1de0-c8e1-4c28-aa8d-e89a89a7bef6] [http-nio-8081-exec-10] c.bharatshop.web.CheckoutController - Checkout requested: tenant=demo-store userId=6b1530f3-1c84-40e4-8db2-09976129632e items=1 paymentMethod=cod
2025-11-15 00:29:41.528 [34mINFO [0;39m [51fe1de0-c8e1-4c28-aa8d-e89a89a7bef6] [http-nio-8081-exec-10] c.bharatshop.web.CheckoutController - Checkout success: orderId=e2384c40-05bb-4d60-9313-de2e95000156 reference=REF-e2384c40 userId=6b1530f3-1c84-40e4-8db2-09976129632e
2025-11-15 00:29:41.536 [34mINFO [0;39m [51fe1de0-c8e1-4c28-aa8d-e89a89a7bef6] [http-nio-8081-exec-10] c.b.config.logging.HttpLoggingFilter - POST /api/storefront/checkout -> 200 (57 ms)
2025-11-15 00:29:41.536 [34mINFO [0;39m [51fe1de0-c8e1-4c28-aa8d-e89a89a7bef6] [http-nio-8081-exec-10] c.b.config.logging.HttpLoggingFilter - Headers: auth=present content-type=application/json accept=application/json, text/plain, */*
2025-11-15 00:29:41.536 [34mINFO [0;39m [51fe1de0-c8e1-4c28-aa8d-e89a89a7bef6] [http-nio-8081-exec-10] c.b.config.logging.HttpLoggingFilter - Request payload: {"items":[{"id":"46356bfa-07ef-43c1-a703-2f766d6d76e2__v:standard__a:","name":"Milk","price":60,"quantity":1,"storeId":"ca77e4f8-ae50-4b11-a471-81f3f570fb65","requiresPrescription":false}],"totals":{"subtotal":60,"discount":50,"deliveryFee":29,"tax":0,"tip":0,"payable":39},"address":{"name":"Adarsh soni","phone":"9876543211","line1":"Near Major Chauraha Balrampur","line2":"","city":"Balrampur","pincode":"271201"},"deliverySlot":"morning","promo":"WELCOME50","deliveryInstructions":"","prescriptions":[],"paymentMethod":"cod"}
2025-11-15 00:29:41.536 [34mINFO [0;39m [51fe1de0-c8e1-4c28-aa8d-e89a89a7bef6] [http-nio-8081-exec-10] c.b.config.logging.HttpLoggingFilter - Response payload: {"reference":"REF-e2384c40","order":{"id":"e2384c40-05bb-4d60-9313-de2e95000156","reference":"REF-e2384c40","status":"placed","total":39.0,"totals":{"subtotal":60.0,"discount":50.0,"deliveryFee":29.0,"tax":0.0,"tip":0.0,"payable":39.0},"items":[{"id":"46356bfa-07ef-43c1-a703-2f766d6d76e2__v:standard__a:","name":"Milk","price":60.0,"quantity":1,"requiresPrescription":false}],"paymentMethod":"cod","address":{"name":"Adarsh soni","phone":"9876543211","line1":"Near Major Chauraha Balrampur","line2":"","city":"Balrampur","pincode":"271201"},"deliverySlot":"morning","deliveryInstructions":"","promo":"WELCOME50","type":"order","createdAt":"2025-11-14T18:59:41.485439800Z","sellerResponseDeadline":"2025-11-14T19:14:41.485439800Z"}}
2025-11-15 00:29:41.569 [34mINFO [0;39m [ee3c570e-4653-4464-940d-23796fcb411c] [http-nio-8081-exec-3] c.b.web.StorefrontCartController - Storefront clear cart: tenant=demo-store userId=6b1530f3-1c84-40e4-8db2-09976129632e 
2025-11-15 00:29:41.574 [34mINFO [0;39m [ee3c570e-4653-4464-940d-23796fcb411c] [http-nio-8081-exec-3] c.b.config.logging.HttpLoggingFilter - DELETE /api/storefront/cart -> 200 (11 ms)
2025-11-15 00:29:41.575 [34mINFO [0;39m [ee3c570e-4653-4464-940d-23796fcb411c] [http-nio-8081-exec-3] c.b.config.logging.HttpLoggingFilter - Headers: auth=present content-type=null accept=application/json, text/plain, */*
2025-11-15 00:29:41.577 [34mINFO [0;39m [ee3c570e-4653-4464-940d-23796fcb411c] [http-nio-8081-exec-3] c.b.config.logging.HttpLoggingFilter - Response payload: {"totals":{"subtotal":0.0,"itemsCount":0},"items":[]}
2025-11-15 00:29:46.554 [34mINFO [0;39m [4fd5f541-6e23-4137-8020-5fb08802b77b] [http-nio-8081-exec-4] com.bharatshop.web.OrdersController - List orders: tenant=demo-store userId=6b1530f3-1c84-40e4-8db2-09976129632e
2025-11-15 00:29:46.585 [34mINFO [0;39m [4fd5f541-6e23-4137-8020-5fb08802b77b] [http-nio-8081-exec-4] com.bharatshop.web.OrdersController - Orders fetched: count=1
2025-11-15 00:29:46.589 [34mINFO [0;39m [4fd5f541-6e23-4137-8020-5fb08802b77b] [http-nio-8081-exec-4] c.b.config.logging.HttpLoggingFilter - GET /api/storefront/orders -> 200 (35 ms)
2025-11-15 00:29:46.589 [34mINFO [0;39m [4fd5f541-6e23-4137-8020-5fb08802b77b] [http-nio-8081-exec-4] c.b.config.logging.HttpLoggingFilter - Headers: auth=present content-type=null accept=application/json, text/plain, */*
2025-11-15 00:29:46.589 [34mINFO [0;39m [4fd5f541-6e23-4137-8020-5fb08802b77b] [http-nio-8081-exec-4] c.b.config.logging.HttpLoggingFilter - Response payload: [{"id":"e2384c40-05bb-4d60-9313-de2e95000156","reference":"REF-e2384c40","status":"placed","total":39.0,"totals":{"payable":39.0},"items":[{"id":"2ee65d67-101f-4204-bd55-762a2eb0b4ea","name":"Milk","price":60.0,"quantity":1,"requiresPrescription":false}],"paymentMethod":"cod","type":"order","createdAt":"2025-11-14T18:59:41.485440Z","sellerResponseDeadline":"2025-11-14T19:14:41.485440Z"}]
2025-11-15 00:29:46.601 [34mINFO [0;39m [dd47444a-94c8-4eef-973d-d35aeefc3c4c] [http-nio-8081-exec-6] com.bharatshop.web.OrdersController - List orders: tenant=demo-store userId=6b1530f3-1c84-40e4-8db2-09976129632e
2025-11-15 00:29:46.612 [34mINFO [0;39m [dd47444a-94c8-4eef-973d-d35aeefc3c4c] [http-nio-8081-exec-6] com.bharatshop.web.OrdersController - Orders fetched: count=1
2025-11-15 00:29:46.612 [34mINFO [0;39m [dd47444a-94c8-4eef-973d-d35aeefc3c4c] [http-nio-8081-exec-6] c.b.config.logging.HttpLoggingFilter - GET /api/storefront/orders -> 200 (13 ms)
2025-11-15 00:29:46.612 [34mINFO [0;39m [dd47444a-94c8-4eef-973d-d35aeefc3c4c] [http-nio-8081-exec-6] c.b.config.logging.HttpLoggingFilter - Headers: auth=present content-type=null accept=application/json, text/plain, */*
2025-11-15 00:29:46.612 [34mINFO [0;39m [dd47444a-94c8-4eef-973d-d35aeefc3c4c] [http-nio-8081-exec-6] c.b.config.logging.HttpLoggingFilter - Response payload: [{"id":"e2384c40-05bb-4d60-9313-de2e95000156","reference":"REF-e2384c40","status":"placed","total":39.0,"totals":{"payable":39.0},"items":[{"id":"2ee65d67-101f-4204-bd55-762a2eb0b4ea","name":"Milk","price":60.0,"quantity":1,"requiresPrescription":false}],"paymentMethod":"cod","type":"order","createdAt":"2025-11-14T18:59:41.485440Z","sellerResponseDeadline":"2025-11-14T19:14:41.485440Z"}]
2025-11-15 00:29:49.447 [34mINFO [0;39m [d4df151f-541e-49d0-8a6e-d61931853b04] [http-nio-8081-exec-5] com.bharatshop.web.OrdersController - Order detail: tenant=demo-store userId=6b1530f3-1c84-40e4-8db2-09976129632e id=e2384c40-05bb-4d60-9313-de2e95000156
2025-11-15 00:29:49.456 [34mINFO [0;39m [d4df151f-541e-49d0-8a6e-d61931853b04] [http-nio-8081-exec-5] com.bharatshop.web.OrdersController - Order detail success: id=e2384c40-05bb-4d60-9313-de2e95000156 status=placed
2025-11-15 00:29:49.460 [34mINFO [0;39m [d4df151f-541e-49d0-8a6e-d61931853b04] [http-nio-8081-exec-5] c.b.config.logging.HttpLoggingFilter - GET /api/storefront/orders/e2384c40-05bb-4d60-9313-de2e95000156 -> 200 (15 ms)
2025-11-15 00:29:49.461 [34mINFO [0;39m [d4df151f-541e-49d0-8a6e-d61931853b04] [http-nio-8081-exec-5] c.b.config.logging.HttpLoggingFilter - Headers: auth=present content-type=null accept=application/json, text/plain, */*
2025-11-15 00:29:49.461 [34mINFO [0;39m [d4df151f-541e-49d0-8a6e-d61931853b04] [http-nio-8081-exec-5] c.b.config.logging.HttpLoggingFilter - Response payload: {"id":"e2384c40-05bb-4d60-9313-de2e95000156","reference":"REF-e2384c40","status":"placed","total":39.0,"totals":{"payable":39.0},"items":[{"id":"2ee65d67-101f-4204-bd55-762a2eb0b4ea","name":"Milk","price":60.0,"quantity":1,"requiresPrescription":false}],"paymentMethod":"cod","type":"order","createdAt":"2025-11-14T18:59:41.485440Z","sellerResponseDeadline":"2025-11-14T19:14:41.485440Z"}
2025-11-15 00:29:49.474 [34mINFO [0;39m [c5e245ad-4554-4192-bd82-7a188b8d4382] [http-nio-8081-exec-9] com.bharatshop.web.OrdersController - Order detail: tenant=demo-store userId=6b1530f3-1c84-40e4-8db2-09976129632e id=e2384c40-05bb-4d60-9313-de2e95000156
2025-11-15 00:29:49.487 [34mINFO [0;39m [c5e245ad-4554-4192-bd82-7a188b8d4382] [http-nio-8081-exec-9] com.bharatshop.web.OrdersController - Order detail success: id=e2384c40-05bb-4d60-9313-de2e95000156 status=placed
2025-11-15 00:29:49.489 [34mINFO [0;39m [c5e245ad-4554-4192-bd82-7a188b8d4382] [http-nio-8081-exec-9] c.b.config.logging.HttpLoggingFilter - GET /api/storefront/orders/e2384c40-05bb-4d60-9313-de2e95000156 -> 200 (15 ms)
2025-11-15 00:29:49.489 [34mINFO [0;39m [c5e245ad-4554-4192-bd82-7a188b8d4382] [http-nio-8081-exec-9] c.b.config.logging.HttpLoggingFilter - Headers: auth=present content-type=null accept=application/json, text/plain, */*
2025-11-15 00:29:49.489 [34mINFO [0;39m [c5e245ad-4554-4192-bd82-7a188b8d4382] [http-nio-8081-exec-9] c.b.config.logging.HttpLoggingFilter - Response payload: {"id":"e2384c40-05bb-4d60-9313-de2e95000156","reference":"REF-e2384c40","status":"placed","total":39.0,"totals":{"payable":39.0},"items":[{"id":"2ee65d67-101f-4204-bd55-762a2eb0b4ea","name":"Milk","price":60.0,"quantity":1,"requiresPrescription":false}],"paymentMethod":"cod","type":"order","createdAt":"2025-11-14T18:59:41.485440Z","sellerResponseDeadline":"2025-11-14T19:14:41.485440Z"}
2025-11-15 00:29:53.940 [34mINFO [0;39m [67469892-92b4-4c70-8b4a-2bafade39808] [http-nio-8081-exec-8] com.bharatshop.web.EventController - Event ingested: id=evt_740532ad-31a1-41c3-bb9d-8244c8bab73d name=nav_click tenant=demo-store userId=6b1530f3-1c84-40e4-8db2-09976129632e role=USER ip=127.0.0.1 ua=Mozilla/5.0 (Linux; Android 6.0; Nexus 5 Build/MRA58N) AppleWebKit/537.36 (KHTML, like Gecko) Chrome/142.0.0.0 Mobile Safari/537.36 ts=1763146793905 payloadPresent=true
2025-11-15 00:29:53.944 [34mINFO [0;39m [67469892-92b4-4c70-8b4a-2bafade39808] [http-nio-8081-exec-8] c.b.config.logging.HttpLoggingFilter - POST /api/events -> 200 (8 ms)
2025-11-15 00:29:53.948 [34mINFO [0;39m [67469892-92b4-4c70-8b4a-2bafade39808] [http-nio-8081-exec-8] c.b.config.logging.HttpLoggingFilter - Headers: auth=present content-type=application/json accept=application/json, text/plain, */*
2025-11-15 00:29:53.950 [34mINFO [0;39m [f8130223-1dec-4352-87d4-0923e965fbbb] [http-nio-8081-exec-1] com.bharatshop.web.EventController - Event ingested: id=evt_f740e257-87da-4a05-b67e-02f90ccf5912 name=page_view tenant=demo-store userId=6b1530f3-1c84-40e4-8db2-09976129632e role=USER ip=127.0.0.1 ua=Mozilla/5.0 (Linux; Android 6.0; Nexus 5 Build/MRA58N) AppleWebKit/537.36 (KHTML, like Gecko) Chrome/142.0.0.0 Mobile Safari/537.36 ts=1763146793913 payloadPresent=true
2025-11-15 00:29:53.952 [34mINFO [0;39m [67469892-92b4-4c70-8b4a-2bafade39808] [http-nio-8081-exec-8] c.b.config.logging.HttpLoggingFilter - Request payload: {"name":"nav_click","payload":{"target":"/bookings","context":"mobile_nav"},"timestamp":1763146793905}
2025-11-15 00:29:53.954 [34mINFO [0;39m [f8130223-1dec-4352-87d4-0923e965fbbb] [http-nio-8081-exec-1] c.b.config.logging.HttpLoggingFilter - POST /api/events -> 200 (10 ms)
2025-11-15 00:29:53.956 [34mINFO [0;39m [9cdeaf37-caac-4b88-93c4-28194c76f57f] [http-nio-8081-exec-7] com.bharatshop.web.EventController - Event ingested: id=evt_80e787ff-33e0-4d41-a747-f0364821904a name=bookings_fetch_start tenant=demo-store userId=6b1530f3-1c84-40e4-8db2-09976129632e role=USER ip=127.0.0.1 ua=Mozilla/5.0 (Linux; Android 6.0; Nexus 5 Build/MRA58N) AppleWebKit/537.36 (KHTML, like Gecko) Chrome/142.0.0.0 Mobile Safari/537.36 ts=1763146793914 payloadPresent=true
2025-11-15 00:29:53.956 [34mINFO [0;39m [f8130223-1dec-4352-87d4-0923e965fbbb] [http-nio-8081-exec-1] c.b.config.logging.HttpLoggingFilter - Headers: auth=present content-type=application/json accept=application/json, text/plain, */*
2025-11-15 00:29:53.956 [34mINFO [0;39m [67469892-92b4-4c70-8b4a-2bafade39808] [http-nio-8081-exec-8] c.b.config.logging.HttpLoggingFilter - Response payload: {"ok":true,"id":"evt_740532ad-31a1-41c3-bb9d-8244c8bab73d"}
2025-11-15 00:29:53.956 [34mINFO [0;39m [f8130223-1dec-4352-87d4-0923e965fbbb] [http-nio-8081-exec-1] c.b.config.logging.HttpLoggingFilter - Request payload: {"name":"page_view","payload":{"page":"/bookings","title":"MyBookings"},"timestamp":1763146793913}
2025-11-15 00:29:53.957 [34mINFO [0;39m [f8130223-1dec-4352-87d4-0923e965fbbb] [http-nio-8081-exec-1] c.b.config.logging.HttpLoggingFilter - Response payload: {"ok":true,"id":"evt_f740e257-87da-4a05-b67e-02f90ccf5912"}
2025-11-15 00:29:53.957 [34mINFO [0;39m [1d6eefb2-6cd0-425b-955a-f49c23cc27af] [http-nio-8081-exec-2] com.bharatshop.web.EventController - Event ingested: id=evt_0b9a6541-33bc-4122-a10a-5534720fb26c name=page_view tenant=demo-store userId=6b1530f3-1c84-40e4-8db2-09976129632e role=USER ip=127.0.0.1 ua=Mozilla/5.0 (Linux; Android 6.0; Nexus 5 Build/MRA58N) AppleWebKit/537.36 (KHTML, like Gecko) Chrome/142.0.0.0 Mobile Safari/537.36 ts=1763146793916 payloadPresent=true
2025-11-15 00:29:53.957 [34mINFO [0;39m [9cdeaf37-caac-4b88-93c4-28194c76f57f] [http-nio-8081-exec-7] c.b.config.logging.HttpLoggingFilter - POST /api/events -> 200 (7 ms)
2025-11-15 00:29:53.959 [34mINFO [0;39m [9cdeaf37-caac-4b88-93c4-28194c76f57f] [http-nio-8081-exec-7] c.b.config.logging.HttpLoggingFilter - Headers: auth=present content-type=application/json accept=application/json, text/plain, */*
2025-11-15 00:29:53.961 [34mINFO [0;39m [1d6eefb2-6cd0-425b-955a-f49c23cc27af] [http-nio-8081-exec-2] c.b.config.logging.HttpLoggingFilter - POST /api/events -> 200 (7 ms)
2025-11-15 00:29:53.961 [34mINFO [0;39m [9cdeaf37-caac-4b88-93c4-28194c76f57f] [http-nio-8081-exec-7] c.b.config.logging.HttpLoggingFilter - Request payload: {"name":"bookings_fetch_start","payload":{"source":"my_bookings","userId":"6b1530f3-1c84-40e4-8db2-09976129632e"},"timestamp":1763146793914}
2025-11-15 00:29:53.961 [34mINFO [0;39m [1d6eefb2-6cd0-425b-955a-f49c23cc27af] [http-nio-8081-exec-2] c.b.config.logging.HttpLoggingFilter - Headers: auth=present content-type=application/json accept=application/json, text/plain, */*
2025-11-15 00:29:53.963 [34mINFO [0;39m [9cdeaf37-caac-4b88-93c4-28194c76f57f] [http-nio-8081-exec-7] c.b.config.logging.HttpLoggingFilter - Response payload: {"ok":true,"id":"evt_80e787ff-33e0-4d41-a747-f0364821904a"}
2025-11-15 00:29:53.963 [34mINFO [0;39m [1d6eefb2-6cd0-425b-955a-f49c23cc27af] [http-nio-8081-exec-2] c.b.config.logging.HttpLoggingFilter - Request payload: {"name":"page_view","payload":{"page":"/bookings","title":"MyBookings"},"timestamp":1763146793916}
2025-11-15 00:29:53.968 [34mINFO [0;39m [3eefa53c-a908-4fb8-807f-ec32f8a42a36] [http-nio-8081-exec-8] com.bharatshop.web.EventController - Event ingested: id=evt_6f271b85-5ede-46c0-a5e8-5e655c7c81d7 name=bookings_fetch_start tenant=demo-store userId=6b1530f3-1c84-40e4-8db2-09976129632e role=USER ip=127.0.0.1 ua=Mozilla/5.0 (Linux; Android 6.0; Nexus 5 Build/MRA58N) AppleWebKit/537.36 (KHTML, like Gecko) Chrome/142.0.0.0 Mobile Safari/537.36 ts=1763146793916 payloadPresent=true
2025-11-15 00:29:53.969 [34mINFO [0;39m [1d6eefb2-6cd0-425b-955a-f49c23cc27af] [http-nio-8081-exec-2] c.b.config.logging.HttpLoggingFilter - Response payload: {"ok":true,"id":"evt_0b9a6541-33bc-4122-a10a-5534720fb26c"}
2025-11-15 00:29:53.971 [34mINFO [0;39m [b647eba0-14f7-4d16-85ef-e930a24947ce] [http-nio-8081-exec-1] com.bharatshop.web.OrdersController - List bookings: tenant=demo-store userId=6b1530f3-1c84-40e4-8db2-09976129632e
2025-11-15 00:29:53.971 [34mINFO [0;39m [3eefa53c-a908-4fb8-807f-ec32f8a42a36] [http-nio-8081-exec-8] c.b.config.logging.HttpLoggingFilter - POST /api/events -> 200 (6 ms)
2025-11-15 00:29:53.972 [34mINFO [0;39m [3eefa53c-a908-4fb8-807f-ec32f8a42a36] [http-nio-8081-exec-8] c.b.config.logging.HttpLoggingFilter - Headers: auth=present content-type=application/json accept=application/json, text/plain, */*
2025-11-15 00:29:53.972 [34mINFO [0;39m [3eefa53c-a908-4fb8-807f-ec32f8a42a36] [http-nio-8081-exec-8] c.b.config.logging.HttpLoggingFilter - Request payload: {"name":"bookings_fetch_start","payload":{"source":"my_bookings","userId":"6b1530f3-1c84-40e4-8db2-09976129632e"},"timestamp":1763146793916}
2025-11-15 00:29:53.974 [34mINFO [0;39m [3eefa53c-a908-4fb8-807f-ec32f8a42a36] [http-nio-8081-exec-8] c.b.config.logging.HttpLoggingFilter - Response payload: {"ok":true,"id":"evt_6f271b85-5ede-46c0-a5e8-5e655c7c81d7"}
2025-11-15 00:29:53.985 [34mINFO [0;39m [b647eba0-14f7-4d16-85ef-e930a24947ce] [http-nio-8081-exec-1] c.b.config.logging.HttpLoggingFilter - GET /api/storefront/bookings -> 200 (15 ms)
2025-11-15 00:29:53.988 [34mINFO [0;39m [b647eba0-14f7-4d16-85ef-e930a24947ce] [http-nio-8081-exec-1] c.b.config.logging.HttpLoggingFilter - Headers: auth=present content-type=null accept=application/json, text/plain, */*
2025-11-15 00:29:53.990 [34mINFO [0;39m [b647eba0-14f7-4d16-85ef-e930a24947ce] [http-nio-8081-exec-1] c.b.config.logging.HttpLoggingFilter - Response payload: [{"id":"c048b4b2-79cc-47ff-b29c-d58d6e4c5c46","reference":"BK-c048b4b2","status":"placed","total":2070.0,"totals":{"payable":2070.0},"type":"room_booking","booking":{"checkIn":"2025-11-14","checkOut":"2025-11-15","guests":1,"nights":1,"rooms":1,"perRoomMax":3,"extraMattressAllowed":true,"extraMattressCount":0,"mattressFeePerNight":300},"createdAt":"2025-11-14T18:58:55.785004Z","sellerResponseDeadline":"2025-11-14T19:13:55.785004Z","notes":""}]
2025-11-15 00:29:54.060 [34mINFO [0;39m [92e6666f-fde1-4c74-adde-d11725749668] [http-nio-8081-exec-6] com.bharatshop.web.OrdersController - List bookings: tenant=demo-store userId=6b1530f3-1c84-40e4-8db2-09976129632e
2025-11-15 00:29:54.074 [34mINFO [0;39m [92e6666f-fde1-4c74-adde-d11725749668] [http-nio-8081-exec-6] c.b.config.logging.HttpLoggingFilter - GET /api/storefront/bookings -> 200 (15 ms)
2025-11-15 00:29:54.074 [34mINFO [0;39m [92e6666f-fde1-4c74-adde-d11725749668] [http-nio-8081-exec-6] c.b.config.logging.HttpLoggingFilter - Headers: auth=present content-type=null accept=application/json, text/plain, */*
2025-11-15 00:29:54.076 [34mINFO [0;39m [92e6666f-fde1-4c74-adde-d11725749668] [http-nio-8081-exec-6] c.b.config.logging.HttpLoggingFilter - Response payload: [{"id":"c048b4b2-79cc-47ff-b29c-d58d6e4c5c46","reference":"BK-c048b4b2","status":"placed","total":2070.0,"totals":{"payable":2070.0},"type":"room_booking","booking":{"checkIn":"2025-11-14","checkOut":"2025-11-15","guests":1,"nights":1,"rooms":1,"perRoomMax":3,"extraMattressAllowed":true,"extraMattressCount":0,"mattressFeePerNight":300},"createdAt":"2025-11-14T18:58:55.785004Z","sellerResponseDeadline":"2025-11-14T19:13:55.785004Z","notes":""}]
2025-11-15 00:29:54.105 [34mINFO [0;39m [de8060ed-c7c6-4813-94c0-86f065ece9aa] [http-nio-8081-exec-5] com.bharatshop.web.EventController - Event ingested: id=evt_2c563bb5-64e0-4330-b6cb-18817b588c8b name=bookings_fetch_success tenant=demo-store userId=6b1530f3-1c84-40e4-8db2-09976129632e role=USER ip=127.0.0.1 ua=Mozilla/5.0 (Linux; Android 6.0; Nexus 5 Build/MRA58N) AppleWebKit/537.36 (KHTML, like Gecko) Chrome/142.0.0.0 Mobile Safari/537.36 ts=1763146794082 payloadPresent=true
2025-11-15 00:29:54.109 [34mINFO [0;39m [de8060ed-c7c6-4813-94c0-86f065ece9aa] [http-nio-8081-exec-5] c.b.config.logging.HttpLoggingFilter - POST /api/events -> 200 (6 ms)
2025-11-15 00:29:54.111 [34mINFO [0;39m [de8060ed-c7c6-4813-94c0-86f065ece9aa] [http-nio-8081-exec-5] c.b.config.logging.HttpLoggingFilter - Headers: auth=present content-type=application/json accept=application/json, text/plain, */*
2025-11-15 00:29:54.112 [34mINFO [0;39m [de8060ed-c7c6-4813-94c0-86f065ece9aa] [http-nio-8081-exec-5] c.b.config.logging.HttpLoggingFilter - Request payload: {"name":"bookings_fetch_success","payload":{"source":"my_bookings","count":1},"timestamp":1763146794082}
2025-11-15 00:29:54.114 [34mINFO [0;39m [de8060ed-c7c6-4813-94c0-86f065ece9aa] [http-nio-8081-exec-5] c.b.config.logging.HttpLoggingFilter - Response payload: {"ok":true,"id":"evt_2c563bb5-64e0-4330-b6cb-18817b588c8b"}
2025-11-15 00:29:54.119 [34mINFO [0;39m [2a94d1b7-8725-4428-9d86-b9591d4bb256] [http-nio-8081-exec-4] com.bharatshop.web.EventController - Event ingested: id=evt_f7461c11-9cbd-4e38-b947-e39e3df08275 name=bookings_fetch_success tenant=demo-store userId=6b1530f3-1c84-40e4-8db2-09976129632e role=USER ip=127.0.0.1 ua=Mozilla/5.0 (Linux; Android 6.0; Nexus 5 Build/MRA58N) AppleWebKit/537.36 (KHTML, like Gecko) Chrome/142.0.0.0 Mobile Safari/537.36 ts=1763146793995 payloadPresent=true
2025-11-15 00:29:54.126 [34mINFO [0;39m [2a94d1b7-8725-4428-9d86-b9591d4bb256] [http-nio-8081-exec-4] c.b.config.logging.HttpLoggingFilter - POST /api/events -> 200 (14 ms)
2025-11-15 00:29:54.127 [34mINFO [0;39m [2a94d1b7-8725-4428-9d86-b9591d4bb256] [http-nio-8081-exec-4] c.b.config.logging.HttpLoggingFilter - Headers: auth=present content-type=application/json accept=application/json, text/plain, */*
2025-11-15 00:29:54.129 [34mINFO [0;39m [2a94d1b7-8725-4428-9d86-b9591d4bb256] [http-nio-8081-exec-4] c.b.config.logging.HttpLoggingFilter - Request payload: {"name":"bookings_fetch_success","payload":{"source":"my_bookings","count":1},"timestamp":1763146793995}
2025-11-15 00:29:54.129 [34mINFO [0;39m [2a94d1b7-8725-4428-9d86-b9591d4bb256] [http-nio-8081-exec-4] c.b.config.logging.HttpLoggingFilter - Response payload: {"ok":true,"id":"evt_f7461c11-9cbd-4e38-b947-e39e3df08275"}
2025-11-15 00:30:02.693 [34mINFO [0;39m [5e09734d-3e69-4fb3-b7d2-db2225ed5a5f] [http-nio-8081-exec-9] c.b.web.StoreDiscoveryController - Discover stores: tenant=demo-store search=null category=null
2025-11-15 00:30:02.746 [34mINFO [0;39m [5e09734d-3e69-4fb3-b7d2-db2225ed5a5f] [http-nio-8081-exec-9] c.b.config.logging.HttpLoggingFilter - GET /api/stores -> 200 (52 ms)
2025-11-15 00:30:02.746 [34mINFO [0;39m [5e09734d-3e69-4fb3-b7d2-db2225ed5a5f] [http-nio-8081-exec-9] c.b.config.logging.HttpLoggingFilter - Headers: auth=present content-type=null accept=application/json, text/plain, */*
2025-11-15 00:30:02.746 [34mINFO [0;39m [5e09734d-3e69-4fb3-b7d2-db2225ed5a5f] [http-nio-8081-exec-9] c.b.config.logging.HttpLoggingFilter - Response payload: [{"id":"f70caa7b-62c1-470a-9718-c0780fb4173b","name":"City Pharmacy","area":"Brigade","category":"pharmacy","status":"open","orderingDisabled":false,"updatedAt":"2025-11-14T18:58:08.374907Z"},{"id":"ca77e4f8-ae50-4b11-a471-81f3f570fb65","name":"Fresh Mart","area":"MG Road","category":"grocery","status":"open","orderingDisabled":false,"updatedAt":"2025-11-14T18:58:08.224198Z"},{"id":"5fa161c1-f2d4-4f65-9117-3adec86c12cd","name":"Sunrise Hotel","area":"Beach","category":"hospitality","status":"open","orderingDisabled":false,"updatedAt":"2025-11-14T18:58:08.379418Z"}]
2025-11-15 00:30:06.917 [34mINFO [0;39m [f1e7f00d-aa6f-4f65-a3b7-ac05531ee1bc] [http-nio-8081-exec-10] c.b.web.StoreDiscoveryController - Global categories requested: tenant=demo-store
2025-11-15 00:30:06.929 [34mINFO [0;39m [f1e7f00d-aa6f-4f65-a3b7-ac05531ee1bc] [http-nio-8081-exec-10] c.b.config.logging.HttpLoggingFilter - GET /api/categories -> 200 (14 ms)
2025-11-15 00:30:06.929 [34mINFO [0;39m [f1e7f00d-aa6f-4f65-a3b7-ac05531ee1bc] [http-nio-8081-exec-10] c.b.config.logging.HttpLoggingFilter - Headers: auth=present content-type=null accept=application/json, text/plain, */*
2025-11-15 00:30:06.929 [34mINFO [0;39m [f1e7f00d-aa6f-4f65-a3b7-ac05531ee1bc] [http-nio-8081-exec-10] c.b.config.logging.HttpLoggingFilter - Response payload: ["dairy","fruits","medicine","room"]
2025-11-15 00:30:06.951 [34mINFO [0;39m [cfbfb4b3-3bc4-45ad-8bcd-4c6ece7ebc70] [http-nio-8081-exec-7] c.b.web.StoreDiscoveryController - Global categories requested: tenant=demo-store
2025-11-15 00:30:06.962 [34mINFO [0;39m [cfbfb4b3-3bc4-45ad-8bcd-4c6ece7ebc70] [http-nio-8081-exec-7] c.b.config.logging.HttpLoggingFilter - GET /api/categories -> 200 (11 ms)
2025-11-15 00:30:06.962 [34mINFO [0;39m [cfbfb4b3-3bc4-45ad-8bcd-4c6ece7ebc70] [http-nio-8081-exec-7] c.b.config.logging.HttpLoggingFilter - Headers: auth=present content-type=null accept=application/json, text/plain, */*
2025-11-15 00:30:06.962 [34mINFO [0;39m [cfbfb4b3-3bc4-45ad-8bcd-4c6ece7ebc70] [http-nio-8081-exec-7] c.b.config.logging.HttpLoggingFilter - Response payload: ["dairy","fruits","medicine","room"]
2025-11-15 00:30:31.492 [34mINFO [0;39m [50060d74-ab02-48d8-9789-d08bd3fae0c4] [http-nio-8081-exec-2] c.b.web.seller.SellerStoreController - Seller create store requested: name=null city=null area=null category=null imagePresent=false
2025-11-15 00:30:31.503 [34mINFO [0;39m [50060d74-ab02-48d8-9789-d08bd3fae0c4] [http-nio-8081-exec-2] c.b.web.seller.SellerStoreController - Seller create store success: id=bfeb4eb0-6896-4c97-8516-4fe80692c86e name=abc 
2025-11-15 00:30:31.505 [34mINFO [0;39m [50060d74-ab02-48d8-9789-d08bd3fae0c4] [http-nio-8081-exec-2] c.b.config.logging.HttpLoggingFilter - POST /api/seller/stores -> 200 (38 ms)
2025-11-15 00:30:31.507 [34mINFO [0;39m [50060d74-ab02-48d8-9789-d08bd3fae0c4] [http-nio-8081-exec-2] c.b.config.logging.HttpLoggingFilter - Headers: auth=present content-type=application/json accept=application/json, text/plain, */*
2025-11-15 00:30:31.510 [34mINFO [0;39m [50060d74-ab02-48d8-9789-d08bd3fae0c4] [http-nio-8081-exec-2] c.b.config.logging.HttpLoggingFilter - Request payload: {"name":"abc","category":"fruits","type":"Store","area":"ediuf","city":"Balrampur","address":"Near Major Chauraha Balrampur","phone":"09876543211","pincode":"271201","description":""}
2025-11-15 00:30:31.510 [34mINFO [0;39m [50060d74-ab02-48d8-9789-d08bd3fae0c4] [http-nio-8081-exec-2] c.b.config.logging.HttpLoggingFilter - Response payload: {"id":"bfeb4eb0-6896-4c97-8516-4fe80692c86e","name":"abc","area":"ediuf","category":"fruits","status":"open","orderingDisabled":false,"updatedAt":"2025-11-14T19:00:31.496068400Z"}
2025-11-15 00:30:31.530 [34mINFO [0;39m [612bc72b-4fda-4b6e-807c-751441a844bf] [http-nio-8081-exec-3] com.bharatshop.web.AuthController - Profile requested: tokenPresent=true 
2025-11-15 00:30:31.537 [34mINFO [0;39m [612bc72b-4fda-4b6e-807c-751441a844bf] [http-nio-8081-exec-3] com.bharatshop.web.AuthController - Profile success: userId=6b1530f3-1c84-40e4-8db2-09976129632e
2025-11-15 00:30:31.537 [34mINFO [0;39m [612bc72b-4fda-4b6e-807c-751441a844bf] [http-nio-8081-exec-3] c.b.config.logging.HttpLoggingFilter - GET /api/storefront/auth/profile -> 200 (10 ms)
2025-11-15 00:30:31.537 [34mINFO [0;39m [612bc72b-4fda-4b6e-807c-751441a844bf] [http-nio-8081-exec-3] c.b.config.logging.HttpLoggingFilter - Headers: auth=present content-type=null accept=application/json, text/plain, */*
2025-11-15 00:30:31.537 [34mINFO [0;39m [612bc72b-4fda-4b6e-807c-751441a844bf] [http-nio-8081-exec-3] c.b.config.logging.HttpLoggingFilter - Response payload: {"id":"6b1530f3-1c84-40e4-8db2-09976129632e","name":"User0178","phone":"+917355460178","role":"USER"}
2025-11-15 00:30:53.547 [34mINFO [0;39m [b316a012-e4eb-4dbe-a196-98a83f77df26] [http-nio-8081-exec-8] c.b.web.StoreDiscoveryController - Global categories requested: tenant=demo-store
2025-11-15 00:30:53.563 [34mINFO [0;39m [b316a012-e4eb-4dbe-a196-98a83f77df26] [http-nio-8081-exec-8] c.b.config.logging.HttpLoggingFilter - GET /api/categories -> 200 (17 ms)
2025-11-15 00:30:53.564 [34mINFO [0;39m [b316a012-e4eb-4dbe-a196-98a83f77df26] [http-nio-8081-exec-8] c.b.config.logging.HttpLoggingFilter - Headers: auth=present content-type=null accept=application/json, text/plain, */*
2025-11-15 00:30:53.564 [34mINFO [0;39m [b316a012-e4eb-4dbe-a196-98a83f77df26] [http-nio-8081-exec-8] c.b.config.logging.HttpLoggingFilter - Response payload: ["dairy","fruits","medicine","room"]
2025-11-15 00:30:53.611 [34mINFO [0;39m [3208e5a0-ce43-4009-9656-fe03cc867f90] [http-nio-8081-exec-1] c.b.web.StoreDiscoveryController - Global categories requested: tenant=demo-store
2025-11-15 00:30:53.621 [34mINFO [0;39m [3208e5a0-ce43-4009-9656-fe03cc867f90] [http-nio-8081-exec-1] c.b.config.logging.HttpLoggingFilter - GET /api/categories -> 200 (13 ms)
2025-11-15 00:30:53.623 [34mINFO [0;39m [3208e5a0-ce43-4009-9656-fe03cc867f90] [http-nio-8081-exec-1] c.b.config.logging.HttpLoggingFilter - Headers: auth=present content-type=null accept=application/json, text/plain, */*
2025-11-15 00:30:53.624 [34mINFO [0;39m [3208e5a0-ce43-4009-9656-fe03cc867f90] [http-nio-8081-exec-1] c.b.config.logging.HttpLoggingFilter - Response payload: ["dairy","fruits","medicine","room"]
2025-11-15 00:31:00.289 [34mINFO [0;39m [013be54c-dd45-4fff-ba2b-fed0b09e1d19] [http-nio-8081-exec-6] c.b.web.StoreDiscoveryController - Discover stores: tenant=demo-store search=null category=null
2025-11-15 00:31:00.296 [34mINFO [0;39m [013be54c-dd45-4fff-ba2b-fed0b09e1d19] [http-nio-8081-exec-6] c.b.config.logging.HttpLoggingFilter - GET /api/stores -> 200 (7 ms)
2025-11-15 00:31:00.298 [34mINFO [0;39m [013be54c-dd45-4fff-ba2b-fed0b09e1d19] [http-nio-8081-exec-6] c.b.config.logging.HttpLoggingFilter - Headers: auth=present content-type=null accept=application/json, text/plain, */*
2025-11-15 00:31:00.298 [34mINFO [0;39m [013be54c-dd45-4fff-ba2b-fed0b09e1d19] [http-nio-8081-exec-6] c.b.config.logging.HttpLoggingFilter - Response payload: [{"id":"f70caa7b-62c1-470a-9718-c0780fb4173b","name":"City Pharmacy","area":"Brigade","category":"pharmacy","status":"open","orderingDisabled":false,"updatedAt":"2025-11-14T18:58:08.374907Z"},{"id":"ca77e4f8-ae50-4b11-a471-81f3f570fb65","name":"Fresh Mart","area":"MG Road","category":"grocery","status":"open","orderingDisabled":false,"updatedAt":"2025-11-14T18:58:08.224198Z"},{"id":"5fa161c1-f2d4-4f65-9117-3adec86c12cd","name":"Sunrise Hotel","area":"Beach","category":"hospitality","status":"open","orderingDisabled":false,"updatedAt":"2025-11-14T18:58:08.379418Z"},{"id":"bfeb4eb0-6896-4c97-8516-4fe80692c86e","name":"abc","area":"ediuf","category":"fruits","status":"open","orderingDisabled":false,"updatedAt":"2025-11-14T19:00:31.496068Z"}]
2025-11-15 00:31:11.188 [34mINFO [0;39m [bbd16e78-d71b-4985-bd0f-8b4d73aad449] [http-nio-8081-exec-5] c.b.web.StoreDiscoveryController - Global categories requested: tenant=demo-store
2025-11-15 00:31:11.198 [34mINFO [0;39m [bbd16e78-d71b-4985-bd0f-8b4d73aad449] [http-nio-8081-exec-5] c.b.config.logging.HttpLoggingFilter - GET /api/categories -> 200 (12 ms)
2025-11-15 00:31:11.198 [34mINFO [0;39m [bbd16e78-d71b-4985-bd0f-8b4d73aad449] [http-nio-8081-exec-5] c.b.config.logging.HttpLoggingFilter - Headers: auth=present content-type=null accept=application/json, text/plain, */*
2025-11-15 00:31:11.198 [34mINFO [0;39m [bbd16e78-d71b-4985-bd0f-8b4d73aad449] [http-nio-8081-exec-5] c.b.config.logging.HttpLoggingFilter - Response payload: ["dairy","fruits","medicine","room"]
2025-11-15 00:31:11.218 [34mINFO [0;39m [0f1f58cc-be0c-4b74-8461-5067a0519db4] [http-nio-8081-exec-4] c.b.web.StoreDiscoveryController - Global categories requested: tenant=demo-store
2025-11-15 00:31:11.225 [34mINFO [0;39m [0f1f58cc-be0c-4b74-8461-5067a0519db4] [http-nio-8081-exec-4] c.b.config.logging.HttpLoggingFilter - GET /api/categories -> 200 (7 ms)
2025-11-15 00:31:11.227 [34mINFO [0;39m [0f1f58cc-be0c-4b74-8461-5067a0519db4] [http-nio-8081-exec-4] c.b.config.logging.HttpLoggingFilter - Headers: auth=present content-type=null accept=application/json, text/plain, */*
2025-11-15 00:31:11.227 [34mINFO [0;39m [0f1f58cc-be0c-4b74-8461-5067a0519db4] [http-nio-8081-exec-4] c.b.config.logging.HttpLoggingFilter - Response payload: ["dairy","fruits","medicine","room"]
2025-11-15 00:31:50.422 [34mINFO [0;39m [4a7c4613-3ca6-439c-857b-d22f34c122cb] [http-nio-8081-exec-9] c.b.web.seller.SellerStoreController - Seller create store requested: name=null city=null area=null category=null imagePresent=false
2025-11-15 00:31:50.430 [34mINFO [0;39m [4a7c4613-3ca6-439c-857b-d22f34c122cb] [http-nio-8081-exec-9] c.b.web.seller.SellerStoreController - Seller create store success: id=c824f678-b613-4797-8367-ddd65c61e7ef name=anjd 
2025-11-15 00:31:50.474 [34mINFO [0;39m [4a7c4613-3ca6-439c-857b-d22f34c122cb] [http-nio-8081-exec-9] c.b.config.logging.HttpLoggingFilter - POST /api/seller/stores -> 200 (57 ms)
2025-11-15 00:31:50.476 [34mINFO [0;39m [4a7c4613-3ca6-439c-857b-d22f34c122cb] [http-nio-8081-exec-9] c.b.config.logging.HttpLoggingFilter - Headers: auth=present content-type=application/json accept=application/json, text/plain, */*
2025-11-15 00:31:50.478 [34mINFO [0;39m [4a7c4613-3ca6-439c-857b-d22f34c122cb] [http-nio-8081-exec-9] c.b.config.logging.HttpLoggingFilter - Request payload: {"name":"anjd","category":"dairy","type":"Store","area":"donc","city":"Balrampur","address":"Near Major Chauraha Balrampur","phone":"9876543211","pincode":"271201","description":""}
2025-11-15 00:31:50.478 [34mINFO [0;39m [4a7c4613-3ca6-439c-857b-d22f34c122cb] [http-nio-8081-exec-9] c.b.config.logging.HttpLoggingFilter - Response payload: {"id":"c824f678-b613-4797-8367-ddd65c61e7ef","name":"anjd","area":"donc","category":"dairy","status":"open","orderingDisabled":false,"updatedAt":"2025-11-14T19:01:50.422337300Z"}
2025-11-15 00:31:50.511 [34mINFO [0;39m [841ec614-9e9b-4eae-90e6-a299bcc3e73e] [http-nio-8081-exec-10] com.bharatshop.web.AuthController - Profile requested: tokenPresent=true 
2025-11-15 00:31:50.602 [34mINFO [0;39m [841ec614-9e9b-4eae-90e6-a299bcc3e73e] [http-nio-8081-exec-10] com.bharatshop.web.AuthController - Profile success: userId=6b1530f3-1c84-40e4-8db2-09976129632e
2025-11-15 00:31:50.643 [34mINFO [0;39m [841ec614-9e9b-4eae-90e6-a299bcc3e73e] [http-nio-8081-exec-10] c.b.config.logging.HttpLoggingFilter - GET /api/storefront/auth/profile -> 200 (134 ms)
2025-11-15 00:31:50.647 [34mINFO [0;39m [841ec614-9e9b-4eae-90e6-a299bcc3e73e] [http-nio-8081-exec-10] c.b.config.logging.HttpLoggingFilter - Headers: auth=present content-type=null accept=application/json, text/plain, */*
2025-11-15 00:31:50.653 [34mINFO [0;39m [841ec614-9e9b-4eae-90e6-a299bcc3e73e] [http-nio-8081-exec-10] c.b.config.logging.HttpLoggingFilter - Response payload: {"id":"6b1530f3-1c84-40e4-8db2-09976129632e","name":"User0178","phone":"+917355460178","role":"USER"}
2025-11-15 00:32:40.385 [34mINFO [0;39m [f512f983-b844-447c-b091-2ead90e5239a] [http-nio-8081-exec-7] c.b.web.StoreDiscoveryController - Global categories requested: tenant=demo-store
2025-11-15 00:32:40.393 [34mINFO [0;39m [f512f983-b844-447c-b091-2ead90e5239a] [http-nio-8081-exec-7] c.b.config.logging.HttpLoggingFilter - GET /api/categories -> 200 (10 ms)
2025-11-15 00:32:40.395 [34mINFO [0;39m [f512f983-b844-447c-b091-2ead90e5239a] [http-nio-8081-exec-7] c.b.config.logging.HttpLoggingFilter - Headers: auth=present content-type=null accept=application/json, text/plain, */*
2025-11-15 00:32:40.399 [34mINFO [0;39m [f512f983-b844-447c-b091-2ead90e5239a] [http-nio-8081-exec-7] c.b.config.logging.HttpLoggingFilter - Response payload: ["dairy","fruits","medicine","room"]
2025-11-15 00:32:40.428 [34mINFO [0;39m [2aeffa76-3c57-4a45-82ac-3fdf452833b6] [http-nio-8081-exec-2] c.b.web.StoreDiscoveryController - Global categories requested: tenant=demo-store
2025-11-15 00:32:40.437 [34mINFO [0;39m [2aeffa76-3c57-4a45-82ac-3fdf452833b6] [http-nio-8081-exec-2] c.b.config.logging.HttpLoggingFilter - GET /api/categories -> 200 (11 ms)
2025-11-15 00:32:40.437 [34mINFO [0;39m [2aeffa76-3c57-4a45-82ac-3fdf452833b6] [http-nio-8081-exec-2] c.b.config.logging.HttpLoggingFilter - Headers: auth=present content-type=null accept=application/json, text/plain, */*
2025-11-15 00:32:40.437 [34mINFO [0;39m [2aeffa76-3c57-4a45-82ac-3fdf452833b6] [http-nio-8081-exec-2] c.b.config.logging.HttpLoggingFilter - Response payload: ["dairy","fruits","medicine","room"]
2025-11-15 00:33:01.051 [34mINFO [0;39m [90a26421-8933-418a-a109-7e1e7d6e75c6] [http-nio-8081-exec-3] c.b.web.seller.SellerStoreController - Seller create store requested: name=null city=null area=null category=null imagePresent=false
2025-11-15 00:33:01.064 [34mINFO [0;39m [90a26421-8933-418a-a109-7e1e7d6e75c6] [http-nio-8081-exec-3] c.b.web.seller.SellerStoreController - Seller create store success: id=07f27e21-7635-484a-8040-9fb5a69f4d1e name=dce 
2025-11-15 00:33:01.075 [34mINFO [0;39m [90a26421-8933-418a-a109-7e1e7d6e75c6] [http-nio-8081-exec-3] c.b.config.logging.HttpLoggingFilter - POST /api/seller/stores -> 200 (29 ms)
2025-11-15 00:33:01.077 [34mINFO [0;39m [90a26421-8933-418a-a109-7e1e7d6e75c6] [http-nio-8081-exec-3] c.b.config.logging.HttpLoggingFilter - Headers: auth=present content-type=application/json accept=application/json, text/plain, */*
2025-11-15 00:33:01.077 [34mINFO [0;39m [90a26421-8933-418a-a109-7e1e7d6e75c6] [http-nio-8081-exec-3] c.b.config.logging.HttpLoggingFilter - Request payload: {"name":"dce","category":"dairy","type":"Store","area":"","city":"Balrampur","address":"Near Major Chauraha Balrampur","phone":"7355460178","pincode":"271201","description":""}
2025-11-15 00:33:01.077 [34mINFO [0;39m [90a26421-8933-418a-a109-7e1e7d6e75c6] [http-nio-8081-exec-3] c.b.config.logging.HttpLoggingFilter - Response payload: {"id":"07f27e21-7635-484a-8040-9fb5a69f4d1e","name":"dce","area":"","category":"dairy","status":"open","orderingDisabled":false,"updatedAt":"2025-11-14T19:03:01.057526300Z"}
2025-11-15 00:33:01.105 [34mINFO [0;39m [653fd991-04c9-40a0-83fd-10e026c63122] [http-nio-8081-exec-8] com.bharatshop.web.AuthController - Profile requested: tokenPresent=true 
2025-11-15 00:33:01.110 [34mINFO [0;39m [653fd991-04c9-40a0-83fd-10e026c63122] [http-nio-8081-exec-8] com.bharatshop.web.AuthController - Profile success: userId=6b1530f3-1c84-40e4-8db2-09976129632e
2025-11-15 00:33:01.120 [34mINFO [0;39m [653fd991-04c9-40a0-83fd-10e026c63122] [http-nio-8081-exec-8] c.b.config.logging.HttpLoggingFilter - GET /api/storefront/auth/profile -> 200 (17 ms)
2025-11-15 00:33:01.120 [34mINFO [0;39m [653fd991-04c9-40a0-83fd-10e026c63122] [http-nio-8081-exec-8] c.b.config.logging.HttpLoggingFilter - Headers: auth=present content-type=null accept=application/json, text/plain, */*
2025-11-15 00:33:01.122 [34mINFO [0;39m [653fd991-04c9-40a0-83fd-10e026c63122] [http-nio-8081-exec-8] c.b.config.logging.HttpLoggingFilter - Response payload: {"id":"6b1530f3-1c84-40e4-8db2-09976129632e","name":"User0178","phone":"+917355460178","role":"USER"}
2025-11-15 00:33:10.413 [34mINFO [0;39m [8c29a404-65f8-43d2-af69-18d77cb24256] [http-nio-8081-exec-1] c.b.web.StoreDiscoveryController - Discover stores: tenant=demo-store search=null category=null
2025-11-15 00:33:10.427 [34mINFO [0;39m [8c29a404-65f8-43d2-af69-18d77cb24256] [http-nio-8081-exec-1] c.b.config.logging.HttpLoggingFilter - GET /api/stores -> 200 (17 ms)
2025-11-15 00:33:10.434 [34mINFO [0;39m [8c29a404-65f8-43d2-af69-18d77cb24256] [http-nio-8081-exec-1] c.b.config.logging.HttpLoggingFilter - Headers: auth=present content-type=null accept=application/json, text/plain, */*
2025-11-15 00:33:10.436 [34mINFO [0;39m [8c29a404-65f8-43d2-af69-18d77cb24256] [http-nio-8081-exec-1] c.b.config.logging.HttpLoggingFilter - Response payload: [{"id":"f70caa7b-62c1-470a-9718-c0780fb4173b","name":"City Pharmacy","area":"Brigade","category":"pharmacy","status":"open","orderingDisabled":false,"updatedAt":"2025-11-14T18:58:08.374907Z"},{"id":"ca77e4f8-ae50-4b11-a471-81f3f570fb65","name":"Fresh Mart","area":"MG Road","category":"grocery","status":"open","orderingDisabled":false,"updatedAt":"2025-11-14T18:58:08.224198Z"},{"id":"5fa161c1-f2d4-4f65-9117-3adec86c12cd","name":"Sunrise Hotel","area":"Beach","category":"hospitality","status":"open","orderingDisabled":false,"updatedAt":"2025-11-14T18:58:08.379418Z"},{"id":"bfeb4eb0-6896-4c97-8516-4fe80692c86e","name":"abc","area":"ediuf","category":"fruits","status":"open","orderingDisabled":false,"updatedAt":"2025-11-14T19:00:31.496068Z"},{"id":"c824f678-b613-4797-8367-ddd65c61e7ef","name":"anjd","area":"donc","category":"dairy","status":"open","orderingDisabled":false,"updatedAt":"2025-11-14T19:01:50.422337Z"},{"id":"07f27e21-7635-484a-8040-9fb5a69f4d1e","name":"dce","area":"","category":"dairy","status":"open","orderingDisabled":false,"updatedAt":"2025-11-14T19:03:01.057526Z"}]
2025-11-15 09:49:02.023 [31mWARN [0;39m [] [HikariPool-1 housekeeper] com.zaxxer.hikari.pool.HikariPool - HikariPool-1 - Thread starvation or clock leap detected (housekeeper delta=9h11m28s575ms629µs100ns).
2025-11-15 22:31:29.941 [34mINFO [0;39m [d3db72ef-d260-4c58-9a2d-d215b51519f5] [http-nio-8081-exec-5] com.bharatshop.web.AuthController - Profile requested: tokenPresent=true 
2025-11-15 22:31:29.946 [34mINFO [0;39m [979a3d2c-2b1d-4662-aef0-07da3cba5b23] [http-nio-8081-exec-6] c.b.web.StorefrontCartController - Storefront get cart: tenant=demo-store userId=guest-guest_1763142291071_p6hkbv 
2025-11-15 22:31:29.954 [34mINFO [0;39m [d3db72ef-d260-4c58-9a2d-d215b51519f5] [http-nio-8081-exec-5] c.b.config.logging.HttpLoggingFilter - GET /api/storefront/auth/profile -> 401 (15 ms)
2025-11-15 22:31:29.964 [34mINFO [0;39m [d3db72ef-d260-4c58-9a2d-d215b51519f5] [http-nio-8081-exec-5] c.b.config.logging.HttpLoggingFilter - Headers: auth=present content-type=null accept=application/json, text/plain, */*
2025-11-15 22:31:29.964 [34mINFO [0;39m [979a3d2c-2b1d-4662-aef0-07da3cba5b23] [http-nio-8081-exec-6] c.b.config.logging.HttpLoggingFilter - GET /api/storefront/cart -> 200 (19 ms)
2025-11-15 22:31:29.966 [34mINFO [0;39m [979a3d2c-2b1d-4662-aef0-07da3cba5b23] [http-nio-8081-exec-6] c.b.config.logging.HttpLoggingFilter - Headers: auth=present content-type=null accept=application/json, text/plain, */*
2025-11-15 22:31:29.966 [34mINFO [0;39m [d3db72ef-d260-4c58-9a2d-d215b51519f5] [http-nio-8081-exec-5] c.b.config.logging.HttpLoggingFilter - Response payload: {"message":"Unauthorized"}
2025-11-15 22:31:29.966 [34mINFO [0;39m [979a3d2c-2b1d-4662-aef0-07da3cba5b23] [http-nio-8081-exec-6] c.b.config.logging.HttpLoggingFilter - Response payload: {"totals":{"subtotal":0.0,"itemsCount":0},"items":[]}
2025-11-15 22:31:30.028 [34mINFO [0;39m [3e89420f-10f4-4cf8-86f8-aa0920b759d4] [http-nio-8081-exec-9] com.bharatshop.web.AuthController - Profile requested: tokenPresent=true 
2025-11-15 22:31:30.028 [34mINFO [0;39m [7fa23789-7ea6-41f1-a3a1-24b4382a630f] [http-nio-8081-exec-4] c.b.web.StorefrontCartController - Storefront get cart: tenant=demo-store userId=guest-guest_1763142291071_p6hkbv 
2025-11-15 22:31:30.044 [34mINFO [0;39m [3e89420f-10f4-4cf8-86f8-aa0920b759d4] [http-nio-8081-exec-9] c.b.config.logging.HttpLoggingFilter - GET /api/storefront/auth/profile -> 401 (19 ms)
2025-11-15 22:31:30.053 [34mINFO [0;39m [7fa23789-7ea6-41f1-a3a1-24b4382a630f] [http-nio-8081-exec-4] c.b.config.logging.HttpLoggingFilter - GET /api/storefront/cart -> 200 (25 ms)
2025-11-15 22:31:30.054 [34mINFO [0;39m [3e89420f-10f4-4cf8-86f8-aa0920b759d4] [http-nio-8081-exec-9] c.b.config.logging.HttpLoggingFilter - Headers: auth=present content-type=null accept=application/json, text/plain, */*
2025-11-15 22:31:30.056 [34mINFO [0;39m [7fa23789-7ea6-41f1-a3a1-24b4382a630f] [http-nio-8081-exec-4] c.b.config.logging.HttpLoggingFilter - Headers: auth=present content-type=null accept=application/json, text/plain, */*
2025-11-15 22:31:30.057 [34mINFO [0;39m [3e89420f-10f4-4cf8-86f8-aa0920b759d4] [http-nio-8081-exec-9] c.b.config.logging.HttpLoggingFilter - Response payload: {"message":"Unauthorized"}
2025-11-15 22:31:30.057 [34mINFO [0;39m [7fa23789-7ea6-41f1-a3a1-24b4382a630f] [http-nio-8081-exec-4] c.b.config.logging.HttpLoggingFilter - Response payload: {"totals":{"subtotal":0.0,"itemsCount":0},"items":[]}
2025-11-15 22:31:30.120 [34mINFO [0;39m [496ff58e-41d8-44ea-ae49-9b0b23e38a74] [http-nio-8081-exec-10] c.b.web.StoreDiscoveryController - Discover stores: tenant=demo-store search=null category=null
2025-11-15 22:31:30.136 [34mINFO [0;39m [496ff58e-41d8-44ea-ae49-9b0b23e38a74] [http-nio-8081-exec-10] c.b.config.logging.HttpLoggingFilter - GET /api/stores -> 200 (18 ms)
2025-11-15 22:31:30.136 [34mINFO [0;39m [496ff58e-41d8-44ea-ae49-9b0b23e38a74] [http-nio-8081-exec-10] c.b.config.logging.HttpLoggingFilter - Headers: auth=absent content-type=null accept=application/json, text/plain, */*
2025-11-15 22:31:30.138 [34mINFO [0;39m [496ff58e-41d8-44ea-ae49-9b0b23e38a74] [http-nio-8081-exec-10] c.b.config.logging.HttpLoggingFilter - Response payload: [{"id":"f70caa7b-62c1-470a-9718-c0780fb4173b","name":"City Pharmacy","area":"Brigade","category":"pharmacy","status":"open","orderingDisabled":false,"updatedAt":"2025-11-14T18:58:08.374907Z"},{"id":"ca77e4f8-ae50-4b11-a471-81f3f570fb65","name":"Fresh Mart","area":"MG Road","category":"grocery","status":"open","orderingDisabled":false,"updatedAt":"2025-11-14T18:58:08.224198Z"},{"id":"5fa161c1-f2d4-4f65-9117-3adec86c12cd","name":"Sunrise Hotel","area":"Beach","category":"hospitality","status":"open","orderingDisabled":false,"updatedAt":"2025-11-14T18:58:08.379418Z"},{"id":"bfeb4eb0-6896-4c97-8516-4fe80692c86e","name":"abc","area":"ediuf","category":"fruits","status":"open","orderingDisabled":false,"updatedAt":"2025-11-14T19:00:31.496068Z"},{"id":"c824f678-b613-4797-8367-ddd65c61e7ef","name":"anjd","area":"donc","category":"dairy","status":"open","orderingDisabled":false,"updatedAt":"2025-11-14T19:01:50.422337Z"},{"id":"07f27e21-7635-484a-8040-9fb5a69f4d1e","name":"dce","area":"","category":"dairy","status":"open","orderingDisabled":false,"updatedAt":"2025-11-14T19:03:01.057526Z"}]
2025-11-15 22:31:33.006 [31mWARN [0;39m [] [HikariPool-1 housekeeper] com.zaxxer.hikari.pool.HikariPool - HikariPool-1 - Thread starvation or clock leap detected (housekeeper delta=12h42m36s129ms571µs400ns).
2025-11-15 22:36:09.789 [34mINFO [0;39m [c00fa02f-69e1-4556-9a37-0df9323fc973] [http-nio-8081-exec-7] c.b.web.StoreDiscoveryController - Get store: tenant=demo-store id=f70caa7b-62c1-470a-9718-c0780fb4173b
2025-11-15 22:36:09.805 [34mINFO [0;39m [8d95da39-89d2-4098-b94b-2ece88d0279d] [http-nio-8081-exec-2] c.b.web.StoreDiscoveryController - Products by store: tenant=demo-store storeId=f70caa7b-62c1-470a-9718-c0780fb4173b
2025-11-15 22:36:09.811 [34mINFO [0;39m [c00fa02f-69e1-4556-9a37-0df9323fc973] [http-nio-8081-exec-7] c.b.web.StoreDiscoveryController - Get store success: id=f70caa7b-62c1-470a-9718-c0780fb4173b name=City Pharmacy 
2025-11-15 22:36:09.819 [34mINFO [0;39m [c00fa02f-69e1-4556-9a37-0df9323fc973] [http-nio-8081-exec-7] c.b.config.logging.HttpLoggingFilter - GET /api/stores/f70caa7b-62c1-470a-9718-c0780fb4173b -> 200 (42 ms)
2025-11-15 22:36:09.819 [34mINFO [0;39m [c00fa02f-69e1-4556-9a37-0df9323fc973] [http-nio-8081-exec-7] c.b.config.logging.HttpLoggingFilter - Headers: auth=absent content-type=null accept=application/json, text/plain, */*
2025-11-15 22:36:09.819 [34mINFO [0;39m [c00fa02f-69e1-4556-9a37-0df9323fc973] [http-nio-8081-exec-7] c.b.config.logging.HttpLoggingFilter - Response payload: {"id":"f70caa7b-62c1-470a-9718-c0780fb4173b","name":"City Pharmacy","area":"Brigade","category":"pharmacy","status":"open","orderingDisabled":false,"updatedAt":"2025-11-14T18:58:08.374907Z"}
2025-11-15 22:36:09.903 [34mINFO [0;39m [8d95da39-89d2-4098-b94b-2ece88d0279d] [http-nio-8081-exec-2] c.b.config.logging.HttpLoggingFilter - GET /api/products?storeId=f70caa7b-62c1-470a-9718-c0780fb4173b -> 200 (107 ms)
2025-11-15 22:36:09.903 [34mINFO [0;39m [8d95da39-89d2-4098-b94b-2ece88d0279d] [http-nio-8081-exec-2] c.b.config.logging.HttpLoggingFilter - Headers: auth=absent content-type=null accept=application/json, text/plain, */*
2025-11-15 22:36:09.903 [34mINFO [0;39m [8d95da39-89d2-4098-b94b-2ece88d0279d] [http-nio-8081-exec-2] c.b.config.logging.HttpLoggingFilter - Response payload: [{"id":"fa65f1d6-c4be-4413-ade5-576fecd8e938","name":"Paracetamol","price":35.0,"category":"medicine","storeId":"f70caa7b-62c1-470a-9718-c0780fb4173b","active":true}]
2025-11-15 22:36:15.998 [34mINFO [0;39m [e8cb5ab8-082e-498f-b4a0-08d0af69dc92] [http-nio-8081-exec-3] c.b.web.StoreDiscoveryController - Discover stores: tenant=demo-store search=null category=null
2025-11-15 22:36:16.004 [34mINFO [0;39m [e8cb5ab8-082e-498f-b4a0-08d0af69dc92] [http-nio-8081-exec-3] c.b.config.logging.HttpLoggingFilter - GET /api/stores?city=Balrampur&lat=27.4235392&lon=82.1854208&lng=82.1854208 -> 200 (9 ms)
2025-11-15 22:36:16.007 [34mINFO [0;39m [e8cb5ab8-082e-498f-b4a0-08d0af69dc92] [http-nio-8081-exec-3] c.b.config.logging.HttpLoggingFilter - Headers: auth=absent content-type=null accept=application/json, text/plain, */*
2025-11-15 22:36:16.007 [34mINFO [0;39m [e8cb5ab8-082e-498f-b4a0-08d0af69dc92] [http-nio-8081-exec-3] c.b.config.logging.HttpLoggingFilter - Response payload: [{"id":"f70caa7b-62c1-470a-9718-c0780fb4173b","name":"City Pharmacy","area":"Brigade","category":"pharmacy","status":"open","orderingDisabled":false,"updatedAt":"2025-11-14T18:58:08.374907Z"},{"id":"ca77e4f8-ae50-4b11-a471-81f3f570fb65","name":"Fresh Mart","area":"MG Road","category":"grocery","status":"open","orderingDisabled":false,"updatedAt":"2025-11-14T18:58:08.224198Z"},{"id":"5fa161c1-f2d4-4f65-9117-3adec86c12cd","name":"Sunrise Hotel","area":"Beach","category":"hospitality","status":"open","orderingDisabled":false,"updatedAt":"2025-11-14T18:58:08.379418Z"},{"id":"bfeb4eb0-6896-4c97-8516-4fe80692c86e","name":"abc","area":"ediuf","category":"fruits","status":"open","orderingDisabled":false,"updatedAt":"2025-11-14T19:00:31.496068Z"},{"id":"c824f678-b613-4797-8367-ddd65c61e7ef","name":"anjd","area":"donc","category":"dairy","status":"open","orderingDisabled":false,"updatedAt":"2025-11-14T19:01:50.422337Z"},{"id":"07f27e21-7635-484a-8040-9fb5a69f4d1e","name":"dce","area":"","category":"dairy","status":"open","orderingDisabled":false,"updatedAt":"2025-11-14T19:03:01.057526Z"}]
2025-11-15 22:36:18.660 [34mINFO [0;39m [78e4d764-f58e-47dd-84a3-8daa679a6990] [http-nio-8081-exec-8] c.b.web.StoreDiscoveryController - Get store: tenant=demo-store id=bfeb4eb0-6896-4c97-8516-4fe80692c86e
2025-11-15 22:36:18.660 [34mINFO [0;39m [b082414f-e6bf-4e31-979b-7b31ff511e20] [http-nio-8081-exec-1] c.b.web.StoreDiscoveryController - Products by store: tenant=demo-store storeId=bfeb4eb0-6896-4c97-8516-4fe80692c86e
2025-11-15 22:36:18.665 [34mINFO [0;39m [78e4d764-f58e-47dd-84a3-8daa679a6990] [http-nio-8081-exec-8] c.b.web.StoreDiscoveryController - Get store success: id=bfeb4eb0-6896-4c97-8516-4fe80692c86e name=abc 
2025-11-15 22:36:18.668 [34mINFO [0;39m [78e4d764-f58e-47dd-84a3-8daa679a6990] [http-nio-8081-exec-8] c.b.config.logging.HttpLoggingFilter - GET /api/stores/bfeb4eb0-6896-4c97-8516-4fe80692c86e -> 200 (10 ms)
2025-11-15 22:36:18.669 [34mINFO [0;39m [b082414f-e6bf-4e31-979b-7b31ff511e20] [http-nio-8081-exec-1] c.b.config.logging.HttpLoggingFilter - GET /api/products?storeId=bfeb4eb0-6896-4c97-8516-4fe80692c86e -> 200 (11 ms)
2025-11-15 22:36:18.669 [34mINFO [0;39m [78e4d764-f58e-47dd-84a3-8daa679a6990] [http-nio-8081-exec-8] c.b.config.logging.HttpLoggingFilter - Headers: auth=absent content-type=null accept=application/json, text/plain, */*
2025-11-15 22:36:18.669 [34mINFO [0;39m [b082414f-e6bf-4e31-979b-7b31ff511e20] [http-nio-8081-exec-1] c.b.config.logging.HttpLoggingFilter - Headers: auth=absent content-type=null accept=application/json, text/plain, */*
2025-11-15 22:36:18.671 [34mINFO [0;39m [78e4d764-f58e-47dd-84a3-8daa679a6990] [http-nio-8081-exec-8] c.b.config.logging.HttpLoggingFilter - Response payload: {"id":"bfeb4eb0-6896-4c97-8516-4fe80692c86e","name":"abc","area":"ediuf","category":"fruits","status":"open","orderingDisabled":false,"updatedAt":"2025-11-14T19:00:31.496068Z"}
2025-11-15 22:36:18.671 [34mINFO [0;39m [b082414f-e6bf-4e31-979b-7b31ff511e20] [http-nio-8081-exec-1] c.b.config.logging.HttpLoggingFilter - Response payload: []
2025-11-15 22:36:18.716 [34mINFO [0;39m [905b32f3-47c4-4a30-9c81-d1aab341ce2a] [http-nio-8081-exec-5] c.b.web.StoreDiscoveryController - Get store: tenant=demo-store id=bfeb4eb0-6896-4c97-8516-4fe80692c86e
2025-11-15 22:36:18.720 [34mINFO [0;39m [905b32f3-47c4-4a30-9c81-d1aab341ce2a] [http-nio-8081-exec-5] c.b.web.StoreDiscoveryController - Get store success: id=bfeb4eb0-6896-4c97-8516-4fe80692c86e name=abc 
2025-11-15 22:36:18.721 [34mINFO [0;39m [905b32f3-47c4-4a30-9c81-d1aab341ce2a] [http-nio-8081-exec-5] c.b.config.logging.HttpLoggingFilter - GET /api/stores/bfeb4eb0-6896-4c97-8516-4fe80692c86e -> 200 (7 ms)
2025-11-15 22:36:18.721 [34mINFO [0;39m [905b32f3-47c4-4a30-9c81-d1aab341ce2a] [http-nio-8081-exec-5] c.b.config.logging.HttpLoggingFilter - Headers: auth=absent content-type=null accept=application/json, text/plain, */*
2025-11-15 22:36:18.721 [34mINFO [0;39m [905b32f3-47c4-4a30-9c81-d1aab341ce2a] [http-nio-8081-exec-5] c.b.config.logging.HttpLoggingFilter - Response payload: {"id":"bfeb4eb0-6896-4c97-8516-4fe80692c86e","name":"abc","area":"ediuf","category":"fruits","status":"open","orderingDisabled":false,"updatedAt":"2025-11-14T19:00:31.496068Z"}
2025-11-15 22:36:23.998 [34mINFO [0;39m [277e15db-99fe-4435-8367-ada3a1fc93b3] [http-nio-8081-exec-6] c.b.web.StorefrontCartController - Storefront get cart: tenant=demo-store userId=guest-guest_1763142291071_p6hkbv 
2025-11-15 22:36:24.000 [34mINFO [0;39m [277e15db-99fe-4435-8367-ada3a1fc93b3] [http-nio-8081-exec-6] c.b.config.logging.HttpLoggingFilter - GET /api/storefront/cart -> 200 (3 ms)
2025-11-15 22:36:24.000 [34mINFO [0;39m [277e15db-99fe-4435-8367-ada3a1fc93b3] [http-nio-8081-exec-6] c.b.config.logging.HttpLoggingFilter - Headers: auth=absent content-type=null accept=application/json, text/plain, */*
2025-11-15 22:36:24.000 [34mINFO [0;39m [277e15db-99fe-4435-8367-ada3a1fc93b3] [http-nio-8081-exec-6] c.b.config.logging.HttpLoggingFilter - Response payload: {"totals":{"subtotal":0.0,"itemsCount":0},"items":[]}
2025-11-15 22:36:24.015 [34mINFO [0;39m [63040157-5094-4c90-8338-f3423b222193] [http-nio-8081-exec-9] c.b.web.StorefrontCartController - Storefront get cart: tenant=demo-store userId=guest-guest_1763142291071_p6hkbv 
2025-11-15 22:36:24.017 [34mINFO [0;39m [63040157-5094-4c90-8338-f3423b222193] [http-nio-8081-exec-9] c.b.config.logging.HttpLoggingFilter - GET /api/storefront/cart -> 200 (5 ms)
2025-11-15 22:36:24.018 [34mINFO [0;39m [63040157-5094-4c90-8338-f3423b222193] [http-nio-8081-exec-9] c.b.config.logging.HttpLoggingFilter - Headers: auth=absent content-type=null accept=application/json, text/plain, */*
2025-11-15 22:36:24.018 [34mINFO [0;39m [63040157-5094-4c90-8338-f3423b222193] [http-nio-8081-exec-9] c.b.config.logging.HttpLoggingFilter - Response payload: {"totals":{"subtotal":0.0,"itemsCount":0},"items":[]}
2025-11-15 22:36:24.206 [34mINFO [0;39m [de409e72-a6f8-43ca-bfd6-5aaf7086e0e0] [http-nio-8081-exec-4] c.b.web.StoreDiscoveryController - Discover stores: tenant=demo-store search=null category=null
2025-11-15 22:36:24.215 [34mINFO [0;39m [de409e72-a6f8-43ca-bfd6-5aaf7086e0e0] [http-nio-8081-exec-4] c.b.config.logging.HttpLoggingFilter - GET /api/stores -> 200 (12 ms)
2025-11-15 22:36:24.215 [34mINFO [0;39m [de409e72-a6f8-43ca-bfd6-5aaf7086e0e0] [http-nio-8081-exec-4] c.b.config.logging.HttpLoggingFilter - Headers: auth=absent content-type=null accept=application/json, text/plain, */*
2025-11-15 22:36:24.215 [34mINFO [0;39m [de409e72-a6f8-43ca-bfd6-5aaf7086e0e0] [http-nio-8081-exec-4] c.b.config.logging.HttpLoggingFilter - Response payload: [{"id":"f70caa7b-62c1-470a-9718-c0780fb4173b","name":"City Pharmacy","area":"Brigade","category":"pharmacy","status":"open","orderingDisabled":false,"updatedAt":"2025-11-14T18:58:08.374907Z"},{"id":"ca77e4f8-ae50-4b11-a471-81f3f570fb65","name":"Fresh Mart","area":"MG Road","category":"grocery","status":"open","orderingDisabled":false,"updatedAt":"2025-11-14T18:58:08.224198Z"},{"id":"5fa161c1-f2d4-4f65-9117-3adec86c12cd","name":"Sunrise Hotel","area":"Beach","category":"hospitality","status":"open","orderingDisabled":false,"updatedAt":"2025-11-14T18:58:08.379418Z"},{"id":"bfeb4eb0-6896-4c97-8516-4fe80692c86e","name":"abc","area":"ediuf","category":"fruits","status":"open","orderingDisabled":false,"updatedAt":"2025-11-14T19:00:31.496068Z"},{"id":"c824f678-b613-4797-8367-ddd65c61e7ef","name":"anjd","area":"donc","category":"dairy","status":"open","orderingDisabled":false,"updatedAt":"2025-11-14T19:01:50.422337Z"},{"id":"07f27e21-7635-484a-8040-9fb5a69f4d1e","name":"dce","area":"","category":"dairy","status":"open","orderingDisabled":false,"updatedAt":"2025-11-14T19:03:01.057526Z"}]
2025-11-15 22:36:30.533 [34mINFO [0;39m [88df7e70-1d45-4b88-a069-cc410814a7a8] [http-nio-8081-exec-10] c.b.web.StoreDiscoveryController - Get store: tenant=demo-store id=bfeb4eb0-6896-4c97-8516-4fe80692c86e
2025-11-15 22:36:30.562 [34mINFO [0;39m [a92cfb30-c7a7-4121-b19e-536fc25f62ae] [http-nio-8081-exec-7] c.b.web.StoreDiscoveryController - Products by store: tenant=demo-store storeId=bfeb4eb0-6896-4c97-8516-4fe80692c86e
2025-11-15 22:36:30.576 [34mINFO [0;39m [a92cfb30-c7a7-4121-b19e-536fc25f62ae] [http-nio-8081-exec-7] c.b.config.logging.HttpLoggingFilter - GET /api/products?storeId=bfeb4eb0-6896-4c97-8516-4fe80692c86e -> 200 (28 ms)
2025-11-15 22:36:30.578 [34mINFO [0;39m [a92cfb30-c7a7-4121-b19e-536fc25f62ae] [http-nio-8081-exec-7] c.b.config.logging.HttpLoggingFilter - Headers: auth=absent content-type=null accept=application/json, text/plain, */*
2025-11-15 22:36:30.578 [34mINFO [0;39m [a92cfb30-c7a7-4121-b19e-536fc25f62ae] [http-nio-8081-exec-7] c.b.config.logging.HttpLoggingFilter - Response payload: []
2025-11-15 22:36:30.735 [34mINFO [0;39m [88df7e70-1d45-4b88-a069-cc410814a7a8] [http-nio-8081-exec-10] c.b.web.StoreDiscoveryController - Get store success: id=bfeb4eb0-6896-4c97-8516-4fe80692c86e name=abc 
2025-11-15 22:36:30.852 [34mINFO [0;39m [88df7e70-1d45-4b88-a069-cc410814a7a8] [http-nio-8081-exec-10] c.b.config.logging.HttpLoggingFilter - GET /api/stores/bfeb4eb0-6896-4c97-8516-4fe80692c86e -> 200 (321 ms)
2025-11-15 22:36:30.963 [34mINFO [0;39m [88df7e70-1d45-4b88-a069-cc410814a7a8] [http-nio-8081-exec-10] c.b.config.logging.HttpLoggingFilter - Headers: auth=absent content-type=null accept=application/json, text/plain, */*
2025-11-15 22:36:30.998 [34mINFO [0;39m [88df7e70-1d45-4b88-a069-cc410814a7a8] [http-nio-8081-exec-10] c.b.config.logging.HttpLoggingFilter - Response payload: {"id":"bfeb4eb0-6896-4c97-8516-4fe80692c86e","name":"abc","area":"ediuf","category":"fruits","status":"open","orderingDisabled":false,"updatedAt":"2025-11-14T19:00:31.496068Z"}
2025-11-15 22:36:39.371 [34mINFO [0;39m [1f9d4f09-bf14-422b-8d6b-91bbafef83ce] [http-nio-8081-exec-2] c.b.web.StorefrontCartController - Storefront get cart: tenant=demo-store userId=guest-guest_1763142291071_p6hkbv 
2025-11-15 22:36:39.375 [34mINFO [0;39m [1f9d4f09-bf14-422b-8d6b-91bbafef83ce] [http-nio-8081-exec-2] c.b.config.logging.HttpLoggingFilter - GET /api/storefront/cart -> 200 (6 ms)
2025-11-15 22:36:39.377 [34mINFO [0;39m [1f9d4f09-bf14-422b-8d6b-91bbafef83ce] [http-nio-8081-exec-2] c.b.config.logging.HttpLoggingFilter - Headers: auth=absent content-type=null accept=application/json, text/plain, */*
2025-11-15 22:36:39.378 [34mINFO [0;39m [1f9d4f09-bf14-422b-8d6b-91bbafef83ce] [http-nio-8081-exec-2] c.b.config.logging.HttpLoggingFilter - Response payload: {"totals":{"subtotal":0.0,"itemsCount":0},"items":[]}
2025-11-15 22:36:39.409 [34mINFO [0;39m [4a26a43a-529b-4926-b949-4f943d6bca5c] [http-nio-8081-exec-3] c.b.web.StorefrontCartController - Storefront get cart: tenant=demo-store userId=guest-guest_1763142291071_p6hkbv 
2025-11-15 22:36:39.418 [34mINFO [0;39m [4a26a43a-529b-4926-b949-4f943d6bca5c] [http-nio-8081-exec-3] c.b.config.logging.HttpLoggingFilter - GET /api/storefront/cart -> 200 (14 ms)
2025-11-15 22:36:39.423 [34mINFO [0;39m [4a26a43a-529b-4926-b949-4f943d6bca5c] [http-nio-8081-exec-3] c.b.config.logging.HttpLoggingFilter - Headers: auth=absent content-type=null accept=application/json, text/plain, */*
2025-11-15 22:36:39.428 [34mINFO [0;39m [4a26a43a-529b-4926-b949-4f943d6bca5c] [http-nio-8081-exec-3] c.b.config.logging.HttpLoggingFilter - Response payload: {"totals":{"subtotal":0.0,"itemsCount":0},"items":[]}
2025-11-15 22:36:44.624 [34mINFO [0;39m [346daba8-cc2c-4604-a038-d35fd407346e] [http-nio-8081-exec-1] com.bharatshop.web.AuthController - OTP send requested: phone=+917355460178
2025-11-15 22:36:44.625 [34mINFO [0;39m [346daba8-cc2c-4604-a038-d35fd407346e] [http-nio-8081-exec-1] com.bharatshop.service.AuthService - Sending OTP to phone=+917355460178
2025-11-15 22:36:44.628 [34mINFO [0;39m [346daba8-cc2c-4604-a038-d35fd407346e] [http-nio-8081-exec-1] com.bharatshop.service.AuthService - OTP generated: otpId=18853b1d-62a3-4b72-b652-e6438aedadd0 expiresAt=1763226524628
2025-11-15 22:36:44.632 [34mINFO [0;39m [346daba8-cc2c-4604-a038-d35fd407346e] [http-nio-8081-exec-1] c.b.service.LogNotificationService - [SMS] to=+917355460178 message=Your Bharatshop OTP is 439133. Valid for 2 minutes.
2025-11-15 22:36:44.694 [34mINFO [0;39m [346daba8-cc2c-4604-a038-d35fd407346e] [http-nio-8081-exec-1] c.b.config.logging.HttpLoggingFilter - POST /api/storefront/auth/otp/send -> 200 (86 ms)
2025-11-15 22:36:44.694 [34mINFO [0;39m [346daba8-cc2c-4604-a038-d35fd407346e] [http-nio-8081-exec-1] c.b.config.logging.HttpLoggingFilter - Headers: auth=absent content-type=application/json accept=application/json, text/plain, */*
2025-11-15 22:36:44.694 [34mINFO [0;39m [346daba8-cc2c-4604-a038-d35fd407346e] [http-nio-8081-exec-1] c.b.config.logging.HttpLoggingFilter - Request payload: {"phone":"+917355460178","channel":"sms"}
2025-11-15 22:36:44.694 [34mINFO [0;39m [346daba8-cc2c-4604-a038-d35fd407346e] [http-nio-8081-exec-1] c.b.config.logging.HttpLoggingFilter - Response payload: {"success":true,"otpId":"18853b1d-62a3-4b72-b652-e6438aedadd0","otp":"439133","ttlSeconds":120}
2025-11-15 22:37:05.911 [34mINFO [0;39m [40f64879-6b65-4db3-b699-ab2fb46a8538] [http-nio-8081-exec-8] com.bharatshop.web.AuthController - OTP verify requested: phone=+917355460178 otpPresent=true
2025-11-15 22:37:05.911 [34mINFO [0;39m [40f64879-6b65-4db3-b699-ab2fb46a8538] [http-nio-8081-exec-8] com.bharatshop.service.AuthService - Verifying OTP for phone=+917355460178
2025-11-15 22:37:05.914 [34mINFO [0;39m [40f64879-6b65-4db3-b699-ab2fb46a8538] [http-nio-8081-exec-8] com.bharatshop.service.AuthService - OTP verification success for phone=+917355460178
2025-11-15 22:37:05.914 [34mINFO [0;39m [40f64879-6b65-4db3-b699-ab2fb46a8538] [http-nio-8081-exec-8] com.bharatshop.service.AuthService - Login (phone) attempt: phone=+917355460178
2025-11-15 22:37:05.926 [34mINFO [0;39m [40f64879-6b65-4db3-b699-ab2fb46a8538] [http-nio-8081-exec-8] com.bharatshop.service.AuthService - Session created: userId=6b1530f3-1c84-40e4-8db2-09976129632e role=USER
2025-11-15 22:37:05.927 [34mINFO [0;39m [40f64879-6b65-4db3-b699-ab2fb46a8538] [http-nio-8081-exec-8] com.bharatshop.service.AuthService - Login (phone) success: userId=6b1530f3-1c84-40e4-8db2-09976129632e token=eyJhbGciOiJIUzI1NiIsInR5cCI6IkpXVCJ9.eyJzdWIiOiI2YjE1MzBmMy0xYzg0LTQwZTQtOGRiMi0wOTk3NjEyOTYzMmUiLCJuYW1lIjoiVXNlcjAxNzgiLCJyb2xlIjoiVVNFUiIsImlhdCI6MTc2MzIyNjQyNSwiZXhwIjoxNzYzMjMwMDI1fQ.3dtBf6LdhPG6wPCgFP3-6czQpQjrtZgm6KHq6N0CfgM role=USER 
2025-11-15 22:37:05.930 [34mINFO [0;39m [40f64879-6b65-4db3-b699-ab2fb46a8538] [http-nio-8081-exec-8] com.bharatshop.web.AuthController - OTP verify success: userId=6b1530f3-1c84-40e4-8db2-09976129632e tokenPresent=true
2025-11-15 22:37:05.933 [34mINFO [0;39m [40f64879-6b65-4db3-b699-ab2fb46a8538] [http-nio-8081-exec-8] c.b.config.logging.HttpLoggingFilter - POST /api/storefront/auth/otp/verify -> 200 (25 ms)
2025-11-15 22:37:05.935 [34mINFO [0;39m [40f64879-6b65-4db3-b699-ab2fb46a8538] [http-nio-8081-exec-8] c.b.config.logging.HttpLoggingFilter - Headers: auth=absent content-type=application/json accept=application/json, text/plain, */*
2025-11-15 22:37:05.935 [34mINFO [0;39m [40f64879-6b65-4db3-b699-ab2fb46a8538] [http-nio-8081-exec-8] c.b.config.logging.HttpLoggingFilter - Request payload: {"phone":"+917355460178","otp":"439133"}
2025-11-15 22:37:05.935 [34mINFO [0;39m [40f64879-6b65-4db3-b699-ab2fb46a8538] [http-nio-8081-exec-8] c.b.config.logging.HttpLoggingFilter - Response payload: {"success":true,"token":"eyJhbGciOiJIUzI1NiIsInR5cCI6IkpXVCJ9.eyJzdWIiOiI2YjE1MzBmMy0xYzg0LTQwZTQtOGRiMi0wOTk3NjEyOTYzMmUiLCJuYW1lIjoiVXNlcjAxNzgiLCJyb2xlIjoiVVNFUiIsImlhdCI6MTc2MzIyNjQyNSwiZXhwIjoxNzYzMjMwMDI1fQ.3dtBf6LdhPG6wPCgFP3-6czQpQjrtZgm6KHq6N0CfgM","user":{"id":"6b1530f3-1c84-40e4-8db2-09976129632e","name":"User0178","phone":"+917355460178","role":"USER"}}
2025-11-15 22:37:06.156 [34mINFO [0;39m [abd416ed-c84f-4651-8009-0cc01f544c76] [http-nio-8081-exec-5] com.bharatshop.web.AuthController - Profile requested: tokenPresent=true 
2025-11-15 22:37:06.159 [34mINFO [0;39m [abd416ed-c84f-4651-8009-0cc01f544c76] [http-nio-8081-exec-5] com.bharatshop.web.AuthController - Profile success: userId=6b1530f3-1c84-40e4-8db2-09976129632e
2025-11-15 22:37:06.162 [34mINFO [0;39m [abd416ed-c84f-4651-8009-0cc01f544c76] [http-nio-8081-exec-5] c.b.config.logging.HttpLoggingFilter - GET /api/storefront/auth/profile -> 200 (8 ms)
2025-11-15 22:37:06.162 [34mINFO [0;39m [abd416ed-c84f-4651-8009-0cc01f544c76] [http-nio-8081-exec-5] c.b.config.logging.HttpLoggingFilter - Headers: auth=present content-type=null accept=application/json, text/plain, */*
2025-11-15 22:37:06.162 [34mINFO [0;39m [abd416ed-c84f-4651-8009-0cc01f544c76] [http-nio-8081-exec-5] c.b.config.logging.HttpLoggingFilter - Response payload: {"id":"6b1530f3-1c84-40e4-8db2-09976129632e","name":"User0178","phone":"+917355460178","role":"USER"}
2025-11-15 22:37:06.242 [34mINFO [0;39m [d98b8d5a-1a0e-4d07-a26b-777dd808b41d] [http-nio-8081-exec-6] c.b.web.StoreDiscoveryController - Discover stores: tenant=demo-store search=null category=null
2025-11-15 22:37:06.262 [34mINFO [0;39m [d98b8d5a-1a0e-4d07-a26b-777dd808b41d] [http-nio-8081-exec-6] c.b.config.logging.HttpLoggingFilter - GET /api/stores -> 200 (20 ms)
2025-11-15 22:37:06.262 [34mINFO [0;39m [d98b8d5a-1a0e-4d07-a26b-777dd808b41d] [http-nio-8081-exec-6] c.b.config.logging.HttpLoggingFilter - Headers: auth=present content-type=null accept=application/json, text/plain, */*
2025-11-15 22:37:06.264 [34mINFO [0;39m [d98b8d5a-1a0e-4d07-a26b-777dd808b41d] [http-nio-8081-exec-6] c.b.config.logging.HttpLoggingFilter - Response payload: [{"id":"f70caa7b-62c1-470a-9718-c0780fb4173b","name":"City Pharmacy","area":"Brigade","category":"pharmacy","status":"open","orderingDisabled":false,"updatedAt":"2025-11-14T18:58:08.374907Z"},{"id":"ca77e4f8-ae50-4b11-a471-81f3f570fb65","name":"Fresh Mart","area":"MG Road","category":"grocery","status":"open","orderingDisabled":false,"updatedAt":"2025-11-14T18:58:08.224198Z"},{"id":"5fa161c1-f2d4-4f65-9117-3adec86c12cd","name":"Sunrise Hotel","area":"Beach","category":"hospitality","status":"open","orderingDisabled":false,"updatedAt":"2025-11-14T18:58:08.379418Z"},{"id":"bfeb4eb0-6896-4c97-8516-4fe80692c86e","name":"abc","area":"ediuf","category":"fruits","status":"open","orderingDisabled":false,"updatedAt":"2025-11-14T19:00:31.496068Z"},{"id":"c824f678-b613-4797-8367-ddd65c61e7ef","name":"anjd","area":"donc","category":"dairy","status":"open","orderingDisabled":false,"updatedAt":"2025-11-14T19:01:50.422337Z"},{"id":"07f27e21-7635-484a-8040-9fb5a69f4d1e","name":"dce","area":"","category":"dairy","status":"open","orderingDisabled":false,"updatedAt":"2025-11-14T19:03:01.057526Z"}]
2025-11-15 22:37:11.841 [34mINFO [0;39m [1587801c-3d29-4131-9e07-a083304f8047] [http-nio-8081-exec-9] c.b.web.StoreDiscoveryController - Get store: tenant=demo-store id=bfeb4eb0-6896-4c97-8516-4fe80692c86e
2025-11-15 22:37:11.847 [34mINFO [0;39m [1587801c-3d29-4131-9e07-a083304f8047] [http-nio-8081-exec-9] c.b.web.StoreDiscoveryController - Get store success: id=bfeb4eb0-6896-4c97-8516-4fe80692c86e name=abc 
2025-11-15 22:37:11.848 [34mINFO [0;39m [1587801c-3d29-4131-9e07-a083304f8047] [http-nio-8081-exec-9] c.b.config.logging.HttpLoggingFilter - GET /api/stores/bfeb4eb0-6896-4c97-8516-4fe80692c86e -> 200 (9 ms)
2025-11-15 22:37:11.851 [34mINFO [0;39m [1587801c-3d29-4131-9e07-a083304f8047] [http-nio-8081-exec-9] c.b.config.logging.HttpLoggingFilter - Headers: auth=present content-type=null accept=application/json, text/plain, */*
2025-11-15 22:37:11.853 [34mINFO [0;39m [1587801c-3d29-4131-9e07-a083304f8047] [http-nio-8081-exec-9] c.b.config.logging.HttpLoggingFilter - Response payload: {"id":"bfeb4eb0-6896-4c97-8516-4fe80692c86e","name":"abc","area":"ediuf","category":"fruits","status":"open","orderingDisabled":false,"updatedAt":"2025-11-14T19:00:31.496068Z"}
2025-11-15 22:37:11.927 [34mINFO [0;39m [f9583cd9-a903-446b-a1bc-8f0cf6a975ea] [http-nio-8081-exec-4] c.b.web.StoreDiscoveryController - Products by store: tenant=demo-store storeId=bfeb4eb0-6896-4c97-8516-4fe80692c86e
2025-11-15 22:37:11.929 [34mINFO [0;39m [f9583cd9-a903-446b-a1bc-8f0cf6a975ea] [http-nio-8081-exec-4] c.b.config.logging.HttpLoggingFilter - GET /api/products?storeId=bfeb4eb0-6896-4c97-8516-4fe80692c86e -> 200 (3 ms)
2025-11-15 22:37:11.932 [34mINFO [0;39m [f9583cd9-a903-446b-a1bc-8f0cf6a975ea] [http-nio-8081-exec-4] c.b.config.logging.HttpLoggingFilter - Headers: auth=present content-type=null accept=application/json, text/plain, */*
2025-11-15 22:37:11.933 [34mINFO [0;39m [f9583cd9-a903-446b-a1bc-8f0cf6a975ea] [http-nio-8081-exec-4] c.b.config.logging.HttpLoggingFilter - Response payload: []
2025-11-15 22:37:25.002 [34mINFO [0;39m [cdda4d8f-20f0-4830-805d-e57f4392dde7] [http-nio-8081-exec-7] c.b.web.StoreDiscoveryController - Global categories requested: tenant=demo-store
2025-11-15 22:37:25.012 [34mINFO [0;39m [cdda4d8f-20f0-4830-805d-e57f4392dde7] [http-nio-8081-exec-7] c.b.config.logging.HttpLoggingFilter - GET /api/categories -> 200 (13 ms)
2025-11-15 22:37:25.013 [34mINFO [0;39m [cdda4d8f-20f0-4830-805d-e57f4392dde7] [http-nio-8081-exec-7] c.b.config.logging.HttpLoggingFilter - Headers: auth=present content-type=null accept=application/json, text/plain, */*
2025-11-15 22:37:25.014 [34mINFO [0;39m [cdda4d8f-20f0-4830-805d-e57f4392dde7] [http-nio-8081-exec-7] c.b.config.logging.HttpLoggingFilter - Response payload: ["dairy","fruits","medicine","room"]
2025-11-15 22:37:25.027 [34mINFO [0;39m [6954cf1a-a1fb-46a9-bce1-56c056334906] [http-nio-8081-exec-10] c.b.web.StoreDiscoveryController - Global categories requested: tenant=demo-store
2025-11-15 22:37:25.043 [34mINFO [0;39m [6954cf1a-a1fb-46a9-bce1-56c056334906] [http-nio-8081-exec-10] c.b.config.logging.HttpLoggingFilter - GET /api/categories -> 200 (18 ms)
2025-11-15 22:37:25.044 [34mINFO [0;39m [6954cf1a-a1fb-46a9-bce1-56c056334906] [http-nio-8081-exec-10] c.b.config.logging.HttpLoggingFilter - Headers: auth=present content-type=null accept=application/json, text/plain, */*
2025-11-15 22:37:25.044 [34mINFO [0;39m [6954cf1a-a1fb-46a9-bce1-56c056334906] [http-nio-8081-exec-10] c.b.config.logging.HttpLoggingFilter - Response payload: ["dairy","fruits","medicine","room"]
2025-11-15 22:37:50.685 [34mINFO [0;39m [936134da-d28a-41cc-9f1a-f38bf0e96d5f] [http-nio-8081-exec-2] c.b.web.seller.SellerStoreController - Seller create store requested: name=null city=null area=null category=null imagePresent=false
2025-11-15 22:37:50.716 [34mINFO [0;39m [936134da-d28a-41cc-9f1a-f38bf0e96d5f] [http-nio-8081-exec-2] c.b.web.seller.SellerStoreController - Seller create store success: id=82181546-0e10-4fd5-a057-700cf4297520 name=iwefh 
2025-11-15 22:37:50.719 [34mINFO [0;39m [936134da-d28a-41cc-9f1a-f38bf0e96d5f] [http-nio-8081-exec-2] c.b.config.logging.HttpLoggingFilter - POST /api/seller/stores -> 200 (46 ms)
2025-11-15 22:37:50.720 [34mINFO [0;39m [936134da-d28a-41cc-9f1a-f38bf0e96d5f] [http-nio-8081-exec-2] c.b.config.logging.HttpLoggingFilter - Headers: auth=present content-type=application/json accept=application/json, text/plain, */*
2025-11-15 22:37:50.720 [34mINFO [0;39m [936134da-d28a-41cc-9f1a-f38bf0e96d5f] [http-nio-8081-exec-2] c.b.config.logging.HttpLoggingFilter - Request payload: {"name":"iwefh","category":"dairy","type":"Store","area":"balrampur","city":"Balrampur","address":"Near Major Chauraha Balrampur","phone":"7355460178","pincode":"271201","description":""}
2025-11-15 22:37:50.721 [34mINFO [0;39m [936134da-d28a-41cc-9f1a-f38bf0e96d5f] [http-nio-8081-exec-2] c.b.config.logging.HttpLoggingFilter - Response payload: {"id":"82181546-0e10-4fd5-a057-700cf4297520","name":"iwefh","area":"balrampur","category":"dairy","status":"open","orderingDisabled":false,"updatedAt":"2025-11-15T17:07:50.685995700Z"}
2025-11-15 22:37:50.741 [34mINFO [0;39m [b3dc2bc4-6752-409e-8afa-a581b7e9177c] [http-nio-8081-exec-3] com.bharatshop.web.AuthController - Profile requested: tokenPresent=true 
2025-11-15 22:37:50.747 [34mINFO [0;39m [b3dc2bc4-6752-409e-8afa-a581b7e9177c] [http-nio-8081-exec-3] com.bharatshop.web.AuthController - Profile success: userId=6b1530f3-1c84-40e4-8db2-09976129632e
2025-11-15 22:37:50.800 [34mINFO [0;39m [b3dc2bc4-6752-409e-8afa-a581b7e9177c] [http-nio-8081-exec-3] c.b.config.logging.HttpLoggingFilter - GET /api/storefront/auth/profile -> 200 (61 ms)
2025-11-15 22:37:50.803 [34mINFO [0;39m [b3dc2bc4-6752-409e-8afa-a581b7e9177c] [http-nio-8081-exec-3] c.b.config.logging.HttpLoggingFilter - Headers: auth=present content-type=null accept=application/json, text/plain, */*
2025-11-15 22:37:50.804 [34mINFO [0;39m [b3dc2bc4-6752-409e-8afa-a581b7e9177c] [http-nio-8081-exec-3] c.b.config.logging.HttpLoggingFilter - Response payload: {"id":"6b1530f3-1c84-40e4-8db2-09976129632e","name":"User0178","phone":"+917355460178","role":"USER"}
2025-11-15 22:49:50.259 [34mINFO [0;39m [] [main] c.bharatshop.BharatshopApplication - Starting BharatshopApplication using Java 17.0.12 with PID 85596 (C:\Users\Adarsh\Downloads\bharatshop-backend\target\bharatshop-backend-0.0.1-SNAPSHOT.jar started by Adarsh in C:\Users\Adarsh\Downloads\bharatshop-backend)
2025-11-15 22:49:50.265 [39mDEBUG[0;39m [] [main] c.bharatshop.BharatshopApplication - Running with Spring Boot v3.3.4, Spring v6.1.13
2025-11-15 22:49:50.269 [34mINFO [0;39m [] [main] c.bharatshop.BharatshopApplication - No active profile set, falling back to 1 default profile: "default"
2025-11-15 22:49:54.142 [34mINFO [0;39m [] [main] o.s.d.r.c.RepositoryConfigurationDelegate - Bootstrapping Spring Data JPA repositories in DEFAULT mode.
2025-11-15 22:49:54.409 [34mINFO [0;39m [] [main] o.s.d.r.c.RepositoryConfigurationDelegate - Finished Spring Data repository scanning in 241 ms. Found 6 JPA repository interfaces.
2025-11-15 22:49:56.980 [34mINFO [0;39m [] [main] o.s.b.w.e.tomcat.TomcatWebServer - Tomcat initialized with port 8081 (http)
2025-11-15 22:49:57.006 [34mINFO [0;39m [] [main] o.a.coyote.http11.Http11NioProtocol - Initializing ProtocolHandler ["http-nio-8081"]
2025-11-15 22:49:57.017 [34mINFO [0;39m [] [main] o.a.catalina.core.StandardService - Starting service [Tomcat]
2025-11-15 22:49:57.019 [34mINFO [0;39m [] [main] o.a.catalina.core.StandardEngine - Starting Servlet engine: [Apache Tomcat/10.1.30]
2025-11-15 22:49:57.184 [34mINFO [0;39m [] [main] o.a.c.c.C.[Tomcat].[localhost].[/] - Initializing Spring embedded WebApplicationContext
2025-11-15 22:49:57.186 [34mINFO [0;39m [] [main] o.s.b.w.s.c.ServletWebServerApplicationContext - Root WebApplicationContext: initialization completed in 6774 ms
2025-11-15 22:49:57.872 [34mINFO [0;39m [] [main] com.zaxxer.hikari.HikariDataSource - HikariPool-1 - Starting...
2025-11-15 22:49:58.928 [34mINFO [0;39m [] [main] com.zaxxer.hikari.pool.HikariPool - HikariPool-1 - Added connection conn0: url=jdbc:h2:mem:bharatshop user=SA
2025-11-15 22:49:58.936 [34mINFO [0;39m [] [main] com.zaxxer.hikari.HikariDataSource - HikariPool-1 - Start completed.
2025-11-15 22:49:58.985 [34mINFO [0;39m [] [main] o.s.b.a.h.H2ConsoleAutoConfiguration - H2 console available at '/h2-console'. Database available at 'jdbc:h2:mem:bharatshop'
2025-11-15 22:50:01.111 [34mINFO [0;39m [] [main] o.s.o.j.p.SpringPersistenceUnitInfo - No LoadTimeWeaver setup: ignoring JPA class transformer
2025-11-15 22:50:04.849 [34mINFO [0;39m [] [main] o.s.o.j.LocalContainerEntityManagerFactoryBean - Initialized JPA EntityManagerFactory for persistence unit 'default'
2025-11-15 22:50:06.380 [34mINFO [0;39m [] [main] c.b.config.NotificationConfig - SMS provider: LOG (fallback)
2025-11-15 22:50:06.386 [34mINFO [0;39m [] [main] c.b.config.NotificationConfig - Email provider: LOG (fallback)
2025-11-15 22:50:06.540 [39mDEBUG[0;39m [] [main] c.b.c.logging.CorrelationIdFilter - Filter 'correlationIdFilter' configured for use
2025-11-15 22:50:06.542 [39mDEBUG[0;39m [] [main] c.b.config.logging.HttpLoggingFilter - Filter 'httpLoggingFilter' configured for use
2025-11-15 22:50:06.543 [39mDEBUG[0;39m [] [main] com.bharatshop.config.TenantFilter - Filter 'tenantFilter' configured for use
2025-11-15 22:50:06.548 [39mDEBUG[0;39m [] [main] c.b.security.TokenAuthFilter - Filter 'tokenAuthFilter' configured for use
2025-11-15 22:50:06.573 [39mDEBUG[0;39m [] [main] c.b.config.IdempotencyFilter - Filter 'idempotencyFilter' configured for use
2025-11-15 22:50:07.562 [31mWARN [0;39m [] [main] o.s.b.a.o.j.JpaBaseConfiguration$JpaWebConfiguration - spring.jpa.open-in-view is enabled by default. Therefore, database queries may be performed during view rendering. Explicitly configure spring.jpa.open-in-view to disable this warning
2025-11-15 22:50:07.668 [31mWARN [0;39m [] [main] o.s.b.a.s.s.UserDetailsServiceAutoConfiguration - 

Using generated security password: d8a69995-0b79-487c-b991-c9a5907601d2

This generated password is for development use only. Your security configuration must be updated before running your application in production.

2025-11-15 22:50:07.730 [34mINFO [0;39m [] [main] o.s.s.c.a.a.c.InitializeUserDetailsBeanManagerConfigurer$InitializeUserDetailsManagerConfigurer - Global AuthenticationManager configured with UserDetailsService bean with name inMemoryUserDetailsManager
2025-11-15 22:50:09.448 [34mINFO [0;39m [] [main] o.s.b.a.e.web.EndpointLinksResolver - Exposing 4 endpoints beneath base path '/actuator'
2025-11-15 22:50:11.088 [34mINFO [0;39m [] [main] o.a.coyote.http11.Http11NioProtocol - Starting ProtocolHandler ["http-nio-8081"]
2025-11-15 22:50:11.217 [34mINFO [0;39m [] [main] o.s.b.w.e.tomcat.TomcatWebServer - Tomcat started on port 8081 (http) with context path '/'
2025-11-15 22:50:11.271 [34mINFO [0;39m [] [main] c.bharatshop.BharatshopApplication - Started BharatshopApplication in 23.413 seconds (process running for 25.048)
2025-11-15 22:50:11.848 [34mINFO [0;39m [] [http-nio-8081-exec-1] o.a.c.c.C.[Tomcat].[localhost].[/] - Initializing Spring DispatcherServlet 'dispatcherServlet'
2025-11-15 22:50:11.850 [34mINFO [0;39m [] [http-nio-8081-exec-1] o.s.web.servlet.DispatcherServlet - Initializing Servlet 'dispatcherServlet'
2025-11-15 22:50:11.852 [34mINFO [0;39m [] [http-nio-8081-exec-1] o.s.web.servlet.DispatcherServlet - Completed initialization in 0 ms
2025-11-15 22:50:11.987 [34mINFO [0;39m [da71f492-e284-4974-8dfc-128101ba84bc] [http-nio-8081-exec-1] c.b.config.logging.HttpLoggingFilter - POST /api/storefront/auth/login -> 400 (18 ms)
2025-11-15 22:50:11.988 [34mINFO [0;39m [da71f492-e284-4974-8dfc-128101ba84bc] [http-nio-8081-exec-1] c.b.config.logging.HttpLoggingFilter - Headers: auth=absent content-type=application/json accept=null
2025-11-15 22:50:11.988 [34mINFO [0;39m [da71f492-e284-4974-8dfc-128101ba84bc] [http-nio-8081-exec-1] c.b.config.logging.HttpLoggingFilter - Response payload: {"code":"VALIDATION_ERROR","message":"Missing X-Tenant-Domain header","details":{"header":"X-Tenant-Domain"}}
2025-11-15 22:50:12.558 [34mINFO [0;39m [cd4270c0-d41f-4803-af1e-136e5ab72ab3] [http-nio-8081-exec-2] c.b.web.StorefrontProductController - Storefront list products: tenant=local category=null search=null 
2025-11-15 22:50:12.980 [34mINFO [0;39m [cd4270c0-d41f-4803-af1e-136e5ab72ab3] [http-nio-8081-exec-2] c.b.config.logging.HttpLoggingFilter - GET /api/storefront/products -> 200 (491 ms)
2025-11-15 22:50:12.984 [34mINFO [0;39m [cd4270c0-d41f-4803-af1e-136e5ab72ab3] [http-nio-8081-exec-2] c.b.config.logging.HttpLoggingFilter - Headers: auth=absent content-type=null accept=null
2025-11-15 22:50:12.987 [34mINFO [0;39m [cd4270c0-d41f-4803-af1e-136e5ab72ab3] [http-nio-8081-exec-2] c.b.config.logging.HttpLoggingFilter - Response payload: [{"id":"71ed091d-419c-49e6-a353-84dfa1497d98","name":"Apples","price":120.0,"category":"fruits","storeId":"e9740242-66bc-4610-9b61-5b093d7bb463","active":true},{"id":"1c8c6c0a-8dd6-419e-83d4-0f3ad71cb4c7","name":"Milk","price":60.0,"category":"dairy","storeId":"e9740242-66bc-4610-9b61-5b093d7bb463","active":true},{"id":"251f1a1c-91d9-4157-8d4e-40dcd00adc0b","name":"Paracetamol","price":35.0,"category":"medicine","storeId":"ed477cfa-3641-4812-9cec-158868918e9f","active":true},{"id":"8a93f668-6ea5-4a61-be61-44c0e3db8860","name":"Room Deluxe","price":2500.0,"category":"room","storeId":"0dedeeb2-0af2-40c1-88d3-6e9e309888d7","active":true}]
2025-11-15 22:50:13.144 [34mINFO [0;39m [2552f694-ab4e-4f0b-8c0d-31b8fc5aaa87] [http-nio-8081-exec-3] c.b.web.StorefrontProductController - Storefront list categories: tenant=local
2025-11-15 22:50:13.168 [34mINFO [0;39m [2552f694-ab4e-4f0b-8c0d-31b8fc5aaa87] [http-nio-8081-exec-3] c.b.config.logging.HttpLoggingFilter - GET /api/storefront/categories -> 200 (28 ms)
2025-11-15 22:50:13.168 [34mINFO [0;39m [2552f694-ab4e-4f0b-8c0d-31b8fc5aaa87] [http-nio-8081-exec-3] c.b.config.logging.HttpLoggingFilter - Headers: auth=absent content-type=null accept=null
2025-11-15 22:50:13.168 [34mINFO [0;39m [2552f694-ab4e-4f0b-8c0d-31b8fc5aaa87] [http-nio-8081-exec-3] c.b.config.logging.HttpLoggingFilter - Response payload: ["dairy","fruits","medicine","room"]
2025-11-15 22:50:13.529 [34mINFO [0;39m [4b62d110-0f63-41b9-9adb-812db6cfdde8] [http-nio-8081-exec-4] c.b.web.SellerAuthController - Register seller: email=seller_20251115224959@example.com
2025-11-15 22:50:13.531 [34mINFO [0;39m [4b62d110-0f63-41b9-9adb-812db6cfdde8] [http-nio-8081-exec-4] com.bharatshop.service.AuthService - Registering seller: name=Seller Smoke, email=seller_20251115224959@example.com
2025-11-15 22:50:14.078 [34mINFO [0;39m [4b62d110-0f63-41b9-9adb-812db6cfdde8] [http-nio-8081-exec-4] com.bharatshop.service.AuthService - Session created: userId=9a7a628b-d4b2-4ebf-a578-e311c43dbde5 role=seller
2025-11-15 22:50:14.080 [34mINFO [0;39m [4b62d110-0f63-41b9-9adb-812db6cfdde8] [http-nio-8081-exec-4] com.bharatshop.service.AuthService - Seller registered: id=9a7a628b-d4b2-4ebf-a578-e311c43dbde5, token=eyJhbGciOiJIUzI1NiIsInR5cCI6IkpXVCJ9.eyJzdWIiOiI5YTdhNjI4Yi1kNGIyLTRlYmYtYTU3OC1lMzExYzQzZGJkZTUiLCJuYW1lIjoiU2VsbGVyIFNtb2tlIiwicm9sZSI6InNlbGxlciIsImlhdCI6MTc2MzIyNzIxMywiZXhwIjoxNzYzMjMwODEzfQ.QIPDu9hqmwe25tvyCKEpGNsUuOUtyKSDx-lgRqjQhqI
2025-11-15 22:50:14.216 [34mINFO [0;39m [4b62d110-0f63-41b9-9adb-812db6cfdde8] [http-nio-8081-exec-4] c.b.web.SellerAuthController - Seller register success: userId=9a7a628b-d4b2-4ebf-a578-e311c43dbde5 tokenPresent=true
2025-11-15 22:50:14.270 [34mINFO [0;39m [4b62d110-0f63-41b9-9adb-812db6cfdde8] [http-nio-8081-exec-4] c.b.config.logging.HttpLoggingFilter - POST /api/auth/seller/register -> 200 (1018 ms)
2025-11-15 22:50:14.277 [34mINFO [0;39m [4b62d110-0f63-41b9-9adb-812db6cfdde8] [http-nio-8081-exec-4] c.b.config.logging.HttpLoggingFilter - Headers: auth=absent content-type=application/json accept=null
2025-11-15 22:50:14.280 [34mINFO [0;39m [4b62d110-0f63-41b9-9adb-812db6cfdde8] [http-nio-8081-exec-4] c.b.config.logging.HttpLoggingFilter - Request payload: {
    "email":  "seller_20251115224959@example.com",
    "name":  "Seller Smoke",
    "password":  "Passw0rd!"
}
2025-11-15 22:50:14.280 [34mINFO [0;39m [4b62d110-0f63-41b9-9adb-812db6cfdde8] [http-nio-8081-exec-4] c.b.config.logging.HttpLoggingFilter - Response payload: {"user":{"id":"9a7a628b-d4b2-4ebf-a578-e311c43dbde5","name":"Seller Smoke","email":"seller_20251115224959@example.com","role":"seller"},"token":"eyJhbGciOiJIUzI1NiIsInR5cCI6IkpXVCJ9.eyJzdWIiOiI5YTdhNjI4Yi1kNGIyLTRlYmYtYTU3OC1lMzExYzQzZGJkZTUiLCJuYW1lIjoiU2VsbGVyIFNtb2tlIiwicm9sZSI6InNlbGxlciIsImlhdCI6MTc2MzIyNzIxMywiZXhwIjoxNzYzMjMwODEzfQ.QIPDu9hqmwe25tvyCKEpGNsUuOUtyKSDx-lgRqjQhqI"}
2025-11-15 22:50:14.431 [34mINFO [0;39m [5a2f4244-5e32-425e-9228-d107d877d2cd] [http-nio-8081-exec-5] c.b.web.SellerAuthController - Login seller: email=seller_20251115224959@example.com
2025-11-15 22:50:14.431 [34mINFO [0;39m [5a2f4244-5e32-425e-9228-d107d877d2cd] [http-nio-8081-exec-5] com.bharatshop.service.AuthService - Login (seller) attempt: email=seller_20251115224959@example.com
2025-11-15 22:50:14.662 [34mINFO [0;39m [5a2f4244-5e32-425e-9228-d107d877d2cd] [http-nio-8081-exec-5] com.bharatshop.service.AuthService - Session created: userId=9a7a628b-d4b2-4ebf-a578-e311c43dbde5 role=seller
2025-11-15 22:50:14.662 [34mINFO [0;39m [5a2f4244-5e32-425e-9228-d107d877d2cd] [http-nio-8081-exec-5] com.bharatshop.service.AuthService - Login (seller) success: userId=9a7a628b-d4b2-4ebf-a578-e311c43dbde5 token=eyJhbGciOiJIUzI1NiIsInR5cCI6IkpXVCJ9.eyJzdWIiOiI5YTdhNjI4Yi1kNGIyLTRlYmYtYTU3OC1lMzExYzQzZGJkZTUiLCJuYW1lIjoiU2VsbGVyIFNtb2tlIiwicm9sZSI6InNlbGxlciIsImlhdCI6MTc2MzIyNzIxNCwiZXhwIjoxNzYzMjMwODE0fQ.n7FjRm0q-uE-7qBA_l6TYawllsF37HuBC-n-vyFNkfY role=SELLER 
2025-11-15 22:50:14.669 [34mINFO [0;39m [5a2f4244-5e32-425e-9228-d107d877d2cd] [http-nio-8081-exec-5] c.b.web.SellerAuthController - Seller login success: userId=9a7a628b-d4b2-4ebf-a578-e311c43dbde5
2025-11-15 22:50:14.676 [34mINFO [0;39m [5a2f4244-5e32-425e-9228-d107d877d2cd] [http-nio-8081-exec-5] c.b.config.logging.HttpLoggingFilter - POST /api/auth/seller/login -> 200 (260 ms)
2025-11-15 22:50:14.677 [34mINFO [0;39m [5a2f4244-5e32-425e-9228-d107d877d2cd] [http-nio-8081-exec-5] c.b.config.logging.HttpLoggingFilter - Headers: auth=absent content-type=application/json accept=null
2025-11-15 22:50:14.678 [34mINFO [0;39m [5a2f4244-5e32-425e-9228-d107d877d2cd] [http-nio-8081-exec-5] c.b.config.logging.HttpLoggingFilter - Request payload: {
    "password":  "Passw0rd!",
    "email":  "seller_20251115224959@example.com"
}
2025-11-15 22:50:14.679 [34mINFO [0;39m [5a2f4244-5e32-425e-9228-d107d877d2cd] [http-nio-8081-exec-5] c.b.config.logging.HttpLoggingFilter - Response payload: {"user":{"id":"9a7a628b-d4b2-4ebf-a578-e311c43dbde5","name":"Seller Smoke","email":"seller_20251115224959@example.com","role":"seller"},"token":"eyJhbGciOiJIUzI1NiIsInR5cCI6IkpXVCJ9.eyJzdWIiOiI5YTdhNjI4Yi1kNGIyLTRlYmYtYTU3OC1lMzExYzQzZGJkZTUiLCJuYW1lIjoiU2VsbGVyIFNtb2tlIiwicm9sZSI6InNlbGxlciIsImlhdCI6MTc2MzIyNzIxNCwiZXhwIjoxNzYzMjMwODE0fQ.n7FjRm0q-uE-7qBA_l6TYawllsF37HuBC-n-vyFNkfY"}
2025-11-15 22:50:14.959 [34mINFO [0;39m [a97346f4-0131-455c-9615-3326e44ed41d] [http-nio-8081-exec-6] c.b.web.seller.SellerStoreController - Seller create store requested: name=null city=null area=null category=null imagePresent=false
2025-11-15 22:50:14.968 [34mINFO [0;39m [a97346f4-0131-455c-9615-3326e44ed41d] [http-nio-8081-exec-6] c.b.web.seller.SellerStoreController - Seller create store success: id=bd1cd676-6d95-444e-9f5a-0a64ec480d83 name=Smoke Store 
2025-11-15 22:50:14.976 [34mINFO [0;39m [a97346f4-0131-455c-9615-3326e44ed41d] [http-nio-8081-exec-6] c.b.config.logging.HttpLoggingFilter - POST /api/seller/stores -> 200 (74 ms)
2025-11-15 22:50:14.976 [34mINFO [0;39m [a97346f4-0131-455c-9615-3326e44ed41d] [http-nio-8081-exec-6] c.b.config.logging.HttpLoggingFilter - Headers: auth=present content-type=application/json accept=null
2025-11-15 22:50:14.978 [34mINFO [0;39m [a97346f4-0131-455c-9615-3326e44ed41d] [http-nio-8081-exec-6] c.b.config.logging.HttpLoggingFilter - Request payload: {
    "area":  "Area",
    "category":  "General",
    "name":  "Smoke Store",
    "city":  "City"
}
2025-11-15 22:50:14.978 [34mINFO [0;39m [a97346f4-0131-455c-9615-3326e44ed41d] [http-nio-8081-exec-6] c.b.config.logging.HttpLoggingFilter - Response payload: {"status":"open","id":"bd1cd676-6d95-444e-9f5a-0a64ec480d83","name":"Smoke Store"}
2025-11-15 22:50:15.041 [34mINFO [0;39m [ffe85042-eab4-46e5-9f64-75ac439eee8f] [http-nio-8081-exec-7] c.b.w.seller.SellerProductController - Seller list products: storeId=bd1cd676-6d95-444e-9f5a-0a64ec480d83 search=null category=null active=null page=null limit=null tenant=local
2025-11-15 22:50:15.049 [34mINFO [0;39m [ffe85042-eab4-46e5-9f64-75ac439eee8f] [http-nio-8081-exec-7] c.b.w.seller.SellerProductController - Seller list products success: count=0
2025-11-15 22:50:15.053 [34mINFO [0;39m [ffe85042-eab4-46e5-9f64-75ac439eee8f] [http-nio-8081-exec-7] c.b.config.logging.HttpLoggingFilter - GET /api/seller/stores/bd1cd676-6d95-444e-9f5a-0a64ec480d83/products -> 200 (20 ms)
2025-11-15 22:50:15.053 [34mINFO [0;39m [ffe85042-eab4-46e5-9f64-75ac439eee8f] [http-nio-8081-exec-7] c.b.config.logging.HttpLoggingFilter - Headers: auth=present content-type=null accept=null
2025-11-15 22:50:15.053 [34mINFO [0;39m [ffe85042-eab4-46e5-9f64-75ac439eee8f] [http-nio-8081-exec-7] c.b.config.logging.HttpLoggingFilter - Response payload: []
2025-11-15 22:50:15.114 [34mINFO [0;39m [aa4e9b2f-854d-4af5-83a1-d0ff3001fd71] [http-nio-8081-exec-8] c.b.web.StoreLegacyController - Legacy list products: tenant=local category=null search=null
2025-11-15 22:50:15.124 [34mINFO [0;39m [aa4e9b2f-854d-4af5-83a1-d0ff3001fd71] [http-nio-8081-exec-8] c.b.config.logging.HttpLoggingFilter - GET /store/products -> 200 (11 ms)
2025-11-15 22:50:15.124 [34mINFO [0;39m [aa4e9b2f-854d-4af5-83a1-d0ff3001fd71] [http-nio-8081-exec-8] c.b.config.logging.HttpLoggingFilter - Headers: auth=present content-type=null accept=null
2025-11-15 22:50:15.124 [34mINFO [0;39m [aa4e9b2f-854d-4af5-83a1-d0ff3001fd71] [http-nio-8081-exec-8] c.b.config.logging.HttpLoggingFilter - Response payload: [{"id":"71ed091d-419c-49e6-a353-84dfa1497d98","name":"Apples","price":120.0,"category":"fruits","storeId":"e9740242-66bc-4610-9b61-5b093d7bb463","active":true},{"id":"1c8c6c0a-8dd6-419e-83d4-0f3ad71cb4c7","name":"Milk","price":60.0,"category":"dairy","storeId":"e9740242-66bc-4610-9b61-5b093d7bb463","active":true},{"id":"251f1a1c-91d9-4157-8d4e-40dcd00adc0b","name":"Paracetamol","price":35.0,"category":"medicine","storeId":"ed477cfa-3641-4812-9cec-158868918e9f","active":true},{"id":"8a93f668-6ea5-4a61-be61-44c0e3db8860","name":"Room Deluxe","price":2500.0,"category":"room","storeId":"0dedeeb2-0af2-40c1-88d3-6e9e309888d7","active":true}]
2025-11-15 22:50:15.183 [34mINFO [0;39m [e6adc665-61c3-4cbb-a32d-3f950ce731c4] [http-nio-8081-exec-9] c.b.web.StoreLegacyController - Legacy list categories: tenant=local
2025-11-15 22:50:15.189 [34mINFO [0;39m [e6adc665-61c3-4cbb-a32d-3f950ce731c4] [http-nio-8081-exec-9] c.b.config.logging.HttpLoggingFilter - GET /store/categories -> 200 (8 ms)
2025-11-15 22:50:15.189 [34mINFO [0;39m [e6adc665-61c3-4cbb-a32d-3f950ce731c4] [http-nio-8081-exec-9] c.b.config.logging.HttpLoggingFilter - Headers: auth=present content-type=null accept=null
2025-11-15 22:50:15.189 [34mINFO [0;39m [e6adc665-61c3-4cbb-a32d-3f950ce731c4] [http-nio-8081-exec-9] c.b.config.logging.HttpLoggingFilter - Response payload: ["dairy","fruits","medicine","room"]
2025-11-15 22:50:15.251 [34mINFO [0;39m [9037c224-0a56-44c8-8af6-ecd3c62165ce] [http-nio-8081-exec-10] c.b.web.StoreLegacyController - Legacy list orders: tenant=local userId=9a7a628b-d4b2-4ebf-a578-e311c43dbde5
2025-11-15 22:50:15.271 [34mINFO [0;39m [9037c224-0a56-44c8-8af6-ecd3c62165ce] [http-nio-8081-exec-10] c.b.web.StoreLegacyController - Legacy orders fetched: count=0
2025-11-15 22:50:15.273 [34mINFO [0;39m [9037c224-0a56-44c8-8af6-ecd3c62165ce] [http-nio-8081-exec-10] c.b.config.logging.HttpLoggingFilter - GET /store/orders -> 200 (24 ms)
2025-11-15 22:50:15.273 [34mINFO [0;39m [9037c224-0a56-44c8-8af6-ecd3c62165ce] [http-nio-8081-exec-10] c.b.config.logging.HttpLoggingFilter - Headers: auth=present content-type=null accept=null
2025-11-15 22:50:15.273 [34mINFO [0;39m [9037c224-0a56-44c8-8af6-ecd3c62165ce] [http-nio-8081-exec-10] c.b.config.logging.HttpLoggingFilter - Response payload: []
2025-11-15 22:50:15.342 [34mINFO [0;39m [724e14fa-d2a0-4baf-91b5-abba8a911399] [http-nio-8081-exec-1] c.b.config.logging.HttpLoggingFilter - GET /store/order/1 -> 404 (13 ms)
2025-11-15 22:50:15.342 [34mINFO [0;39m [724e14fa-d2a0-4baf-91b5-abba8a911399] [http-nio-8081-exec-1] c.b.config.logging.HttpLoggingFilter - Headers: auth=present content-type=null accept=null
2025-11-15 22:50:15.473 [34mINFO [0;39m [bcb9c9b9-88cf-41e8-8f18-53dcc94c853a] [http-nio-8081-exec-2] c.b.web.StoreLegacyController - Legacy checkout: tenant=local userId=9a7a628b-d4b2-4ebf-a578-e311c43dbde5 items=1 paymentMethod=COD
2025-11-15 22:50:15.526 [34mINFO [0;39m [bcb9c9b9-88cf-41e8-8f18-53dcc94c853a] [http-nio-8081-exec-2] c.b.web.StoreLegacyController - Legacy checkout success: orderId=38cdd5e4-6bc3-4edf-821f-53dbc74dace8 reference=REF-38cdd5e4 userId=9a7a628b-d4b2-4ebf-a578-e311c43dbde5
2025-11-15 22:50:15.552 [34mINFO [0;39m [bcb9c9b9-88cf-41e8-8f18-53dcc94c853a] [http-nio-8081-exec-2] c.b.config.logging.HttpLoggingFilter - POST /store/checkout -> 200 (134 ms)
2025-11-15 22:50:15.554 [34mINFO [0;39m [bcb9c9b9-88cf-41e8-8f18-53dcc94c853a] [http-nio-8081-exec-2] c.b.config.logging.HttpLoggingFilter - Headers: auth=present content-type=application/json accept=null
2025-11-15 22:50:15.555 [34mINFO [0;39m [bcb9c9b9-88cf-41e8-8f18-53dcc94c853a] [http-nio-8081-exec-2] c.b.config.logging.HttpLoggingFilter - Request payload: {
    "paymentMethod":  "COD",
    "items":  [
                  {
                      "productId":  1,
                      "qty":  1
                  }
              ],
    "address":  {
                    "area":  "Area",
                    "city":  "City",
                    "pin":  "000000",
                    "line1":  "Smoke Address"
                }
}
2025-11-15 22:50:15.556 [34mINFO [0;39m [bcb9c9b9-88cf-41e8-8f18-53dcc94c853a] [http-nio-8081-exec-2] c.b.config.logging.HttpLoggingFilter - Response payload: {"reference":"REF-38cdd5e4","order":{"id":"38cdd5e4-6bc3-4edf-821f-53dbc74dace8","reference":"REF-38cdd5e4","status":"placed","total":0.0,"items":[{"price":0.0,"quantity":0}],"paymentMethod":"COD","address":{"line1":"Smoke Address","city":"City"},"type":"order","createdAt":"2025-11-15T17:20:15.483282400Z","sellerResponseDeadline":"2025-11-15T17:35:15.483282400Z"}}
2025-11-15 22:50:15.627 [34mINFO [0;39m [af335fc8-12d6-4835-bcdb-968e25d1382d] [http-nio-8081-exec-3] c.b.web.StorePaymentsController - Legacy initiate: userId=9a7a628b-d4b2-4ebf-a578-e311c43dbde5 tenant=local amount=100 currency=INR
2025-11-15 22:50:15.633 [34mINFO [0;39m [af335fc8-12d6-4835-bcdb-968e25d1382d] [http-nio-8081-exec-3] c.b.web.StorePaymentsController - Legacy initiate success: orderId=ccf614b9-05bd-4b3c-a32e-4f670e9e0b69 amount=100
2025-11-15 22:50:15.646 [34mINFO [0;39m [af335fc8-12d6-4835-bcdb-968e25d1382d] [http-nio-8081-exec-3] c.b.config.logging.HttpLoggingFilter - POST /store/payments/initiate -> 200 (22 ms)
2025-11-15 22:50:15.648 [34mINFO [0;39m [af335fc8-12d6-4835-bcdb-968e25d1382d] [http-nio-8081-exec-3] c.b.config.logging.HttpLoggingFilter - Headers: auth=present content-type=application/json accept=null
2025-11-15 22:50:15.648 [34mINFO [0;39m [af335fc8-12d6-4835-bcdb-968e25d1382d] [http-nio-8081-exec-3] c.b.config.logging.HttpLoggingFilter - Request payload: {
    "currency":  "INR",
    "amount":  100
}
2025-11-15 22:50:15.650 [34mINFO [0;39m [af335fc8-12d6-4835-bcdb-968e25d1382d] [http-nio-8081-exec-3] c.b.config.logging.HttpLoggingFilter - Response payload: {"id":"ccf614b9-05bd-4b3c-a32e-4f670e9e0b69","amount":100}
2025-11-15 22:50:15.757 [34mINFO [0;39m [0f57d3c1-eeb9-4bf1-acfc-80796c1ef3c2] [http-nio-8081-exec-4] c.b.config.logging.HttpLoggingFilter - POST /store/payments/webhook -> 200 (9 ms)
2025-11-15 22:50:15.758 [34mINFO [0;39m [0f57d3c1-eeb9-4bf1-acfc-80796c1ef3c2] [http-nio-8081-exec-4] c.b.config.logging.HttpLoggingFilter - Headers: auth=present content-type=application/json accept=null
2025-11-15 22:50:15.759 [34mINFO [0;39m [0f57d3c1-eeb9-4bf1-acfc-80796c1ef3c2] [http-nio-8081-exec-4] c.b.config.logging.HttpLoggingFilter - Request payload: {
    "event":  "payment.captured",
    "payload":  {
                    "id":  "pay_123"
                }
}
2025-11-15 22:50:15.759 [34mINFO [0;39m [0f57d3c1-eeb9-4bf1-acfc-80796c1ef3c2] [http-nio-8081-exec-4] c.b.config.logging.HttpLoggingFilter - Response payload: {"received":"payment.captured","status":"ok"}
2025-11-15 22:50:15.823 [34mINFO [0;39m [13ed8307-affe-4694-9c14-5e3c1ec2c745] [http-nio-8081-exec-5] c.bharatshop.web.PaymentController - Create-order: userId=9a7a628b-d4b2-4ebf-a578-e311c43dbde5 tenant=local amount=100 currency=INR
2025-11-15 22:50:15.827 [34mINFO [0;39m [13ed8307-affe-4694-9c14-5e3c1ec2c745] [http-nio-8081-exec-5] c.bharatshop.web.PaymentController - Create-order success: orderId=89f36741-7ed5-4404-902e-150a47a94237 amount=100
2025-11-15 22:50:15.827 [34mINFO [0;39m [13ed8307-affe-4694-9c14-5e3c1ec2c745] [http-nio-8081-exec-5] c.b.config.logging.HttpLoggingFilter - POST /api/storefront/payments/create-order -> 200 (6 ms)
2025-11-15 22:50:15.827 [34mINFO [0;39m [13ed8307-affe-4694-9c14-5e3c1ec2c745] [http-nio-8081-exec-5] c.b.config.logging.HttpLoggingFilter - Headers: auth=present content-type=application/json accept=null
2025-11-15 22:50:15.827 [34mINFO [0;39m [13ed8307-affe-4694-9c14-5e3c1ec2c745] [http-nio-8081-exec-5] c.b.config.logging.HttpLoggingFilter - Request payload: {
    "currency":  "INR",
    "amount":  100
}
2025-11-15 22:50:15.829 [34mINFO [0;39m [13ed8307-affe-4694-9c14-5e3c1ec2c745] [http-nio-8081-exec-5] c.b.config.logging.HttpLoggingFilter - Response payload: {"id":"89f36741-7ed5-4404-902e-150a47a94237","amount":100}
2025-11-15 22:50:15.943 [34mINFO [0;39m [0bb2838a-58aa-4494-bf21-daf5aa928889] [http-nio-8081-exec-6] c.bharatshop.web.PaymentController - Verify payment: userId=9a7a628b-d4b2-4ebf-a578-e311c43dbde5 tenant=local orderId=order_123 paymentId=pay_123 signaturePresent=true
2025-11-15 22:50:15.944 [34mINFO [0;39m [0bb2838a-58aa-4494-bf21-daf5aa928889] [http-nio-8081-exec-6] c.bharatshop.web.PaymentController - Verify result: status=error message=secret_not_configured
2025-11-15 22:50:15.948 [34mINFO [0;39m [0bb2838a-58aa-4494-bf21-daf5aa928889] [http-nio-8081-exec-6] c.b.config.logging.HttpLoggingFilter - POST /api/storefront/payments/verify -> 200 (9 ms)
2025-11-15 22:50:15.948 [34mINFO [0;39m [0bb2838a-58aa-4494-bf21-daf5aa928889] [http-nio-8081-exec-6] c.b.config.logging.HttpLoggingFilter - Headers: auth=present content-type=application/json accept=null
2025-11-15 22:50:15.948 [34mINFO [0;39m [0bb2838a-58aa-4494-bf21-daf5aa928889] [http-nio-8081-exec-6] c.b.config.logging.HttpLoggingFilter - Request payload: {
    "orderId":  "order_123",
    "signature":  "sig_abc",
    "paymentId":  "pay_123"
}
2025-11-15 22:50:15.948 [34mINFO [0;39m [0bb2838a-58aa-4494-bf21-daf5aa928889] [http-nio-8081-exec-6] c.b.config.logging.HttpLoggingFilter - Response payload: {"status":"error","message":"secret_not_configured"}
2025-11-15 22:50:38.741 [34mINFO [0;39m [3addddab-a0ec-451b-a0b9-7bf0810fa12c] [http-nio-8081-exec-7] c.b.web.SellerAuthController - Register seller: email=seller_1763247038@example.com
2025-11-15 22:50:38.741 [34mINFO [0;39m [3addddab-a0ec-451b-a0b9-7bf0810fa12c] [http-nio-8081-exec-7] com.bharatshop.service.AuthService - Registering seller: name=Seller Smoke, email=seller_1763247038@example.com
2025-11-15 22:50:38.884 [34mINFO [0;39m [3addddab-a0ec-451b-a0b9-7bf0810fa12c] [http-nio-8081-exec-7] com.bharatshop.service.AuthService - Session created: userId=fff91739-9502-428e-a83c-2cf2988cb2d1 role=seller
2025-11-15 22:50:38.884 [34mINFO [0;39m [3addddab-a0ec-451b-a0b9-7bf0810fa12c] [http-nio-8081-exec-7] com.bharatshop.service.AuthService - Seller registered: id=fff91739-9502-428e-a83c-2cf2988cb2d1, token=eyJhbGciOiJIUzI1NiIsInR5cCI6IkpXVCJ9.eyJzdWIiOiJmZmY5MTczOS05NTAyLTQyOGUtYTgzYy0yY2YyOTg4Y2IyZDEiLCJuYW1lIjoiU2VsbGVyIFNtb2tlIiwicm9sZSI6InNlbGxlciIsImlhdCI6MTc2MzIyNzIzOCwiZXhwIjoxNzYzMjMwODM4fQ.lt2_Ed0r75QmxgcXGGqjcrFR6dw8ta-3bJpEjPjVzYE
2025-11-15 22:50:38.886 [34mINFO [0;39m [3addddab-a0ec-451b-a0b9-7bf0810fa12c] [http-nio-8081-exec-7] c.b.web.SellerAuthController - Seller register success: userId=fff91739-9502-428e-a83c-2cf2988cb2d1 tokenPresent=true
2025-11-15 22:50:38.889 [34mINFO [0;39m [3addddab-a0ec-451b-a0b9-7bf0810fa12c] [http-nio-8081-exec-7] c.b.config.logging.HttpLoggingFilter - POST /api/auth/seller/register -> 200 (150 ms)
2025-11-15 22:50:38.889 [34mINFO [0;39m [3addddab-a0ec-451b-a0b9-7bf0810fa12c] [http-nio-8081-exec-7] c.b.config.logging.HttpLoggingFilter - Headers: auth=absent content-type=application/json accept=null
2025-11-15 22:50:38.889 [34mINFO [0;39m [3addddab-a0ec-451b-a0b9-7bf0810fa12c] [http-nio-8081-exec-7] c.b.config.logging.HttpLoggingFilter - Request payload: {
    "email":  "seller_1763247038@example.com",
    "name":  "Seller Smoke",
    "password":  "Passw0rd!"
}
2025-11-15 22:50:38.889 [34mINFO [0;39m [3addddab-a0ec-451b-a0b9-7bf0810fa12c] [http-nio-8081-exec-7] c.b.config.logging.HttpLoggingFilter - Response payload: {"user":{"id":"fff91739-9502-428e-a83c-2cf2988cb2d1","name":"Seller Smoke","email":"seller_1763247038@example.com","role":"seller"},"token":"eyJhbGciOiJIUzI1NiIsInR5cCI6IkpXVCJ9.eyJzdWIiOiJmZmY5MTczOS05NTAyLTQyOGUtYTgzYy0yY2YyOTg4Y2IyZDEiLCJuYW1lIjoiU2VsbGVyIFNtb2tlIiwicm9sZSI6InNlbGxlciIsImlhdCI6MTc2MzIyNzIzOCwiZXhwIjoxNzYzMjMwODM4fQ.lt2_Ed0r75QmxgcXGGqjcrFR6dw8ta-3bJpEjPjVzYE"}
2025-11-15 22:50:39.402 [34mINFO [0;39m [4c0c6f32-38f9-4cd3-baee-18c47da10dd8] [http-nio-8081-exec-8] c.b.web.SellerAuthController - Login seller: email=seller_1763247038@example.com
2025-11-15 22:50:39.402 [34mINFO [0;39m [4c0c6f32-38f9-4cd3-baee-18c47da10dd8] [http-nio-8081-exec-8] com.bharatshop.service.AuthService - Login (seller) attempt: email=seller_1763247038@example.com
2025-11-15 22:50:39.538 [34mINFO [0;39m [4c0c6f32-38f9-4cd3-baee-18c47da10dd8] [http-nio-8081-exec-8] com.bharatshop.service.AuthService - Session created: userId=fff91739-9502-428e-a83c-2cf2988cb2d1 role=seller
2025-11-15 22:50:39.538 [34mINFO [0;39m [4c0c6f32-38f9-4cd3-baee-18c47da10dd8] [http-nio-8081-exec-8] com.bharatshop.service.AuthService - Login (seller) success: userId=fff91739-9502-428e-a83c-2cf2988cb2d1 token=eyJhbGciOiJIUzI1NiIsInR5cCI6IkpXVCJ9.eyJzdWIiOiJmZmY5MTczOS05NTAyLTQyOGUtYTgzYy0yY2YyOTg4Y2IyZDEiLCJuYW1lIjoiU2VsbGVyIFNtb2tlIiwicm9sZSI6InNlbGxlciIsImlhdCI6MTc2MzIyNzIzOSwiZXhwIjoxNzYzMjMwODM5fQ.buNJTACRSO7nDNCRyci48-Vv9dT_Eh8fnkPmElwr0fs role=SELLER 
2025-11-15 22:50:39.543 [34mINFO [0;39m [4c0c6f32-38f9-4cd3-baee-18c47da10dd8] [http-nio-8081-exec-8] c.b.web.SellerAuthController - Seller login success: userId=fff91739-9502-428e-a83c-2cf2988cb2d1
2025-11-15 22:50:39.543 [34mINFO [0;39m [4c0c6f32-38f9-4cd3-baee-18c47da10dd8] [http-nio-8081-exec-8] c.b.config.logging.HttpLoggingFilter - POST /api/auth/seller/login -> 200 (145 ms)
2025-11-15 22:50:39.545 [34mINFO [0;39m [4c0c6f32-38f9-4cd3-baee-18c47da10dd8] [http-nio-8081-exec-8] c.b.config.logging.HttpLoggingFilter - Headers: auth=absent content-type=application/json accept=null
2025-11-15 22:50:39.546 [34mINFO [0;39m [4c0c6f32-38f9-4cd3-baee-18c47da10dd8] [http-nio-8081-exec-8] c.b.config.logging.HttpLoggingFilter - Request payload: {
    "password":  "Passw0rd!",
    "email":  "seller_1763247038@example.com"
}
2025-11-15 22:50:39.546 [34mINFO [0;39m [4c0c6f32-38f9-4cd3-baee-18c47da10dd8] [http-nio-8081-exec-8] c.b.config.logging.HttpLoggingFilter - Response payload: {"user":{"id":"fff91739-9502-428e-a83c-2cf2988cb2d1","name":"Seller Smoke","email":"seller_1763247038@example.com","role":"seller"},"token":"eyJhbGciOiJIUzI1NiIsInR5cCI6IkpXVCJ9.eyJzdWIiOiJmZmY5MTczOS05NTAyLTQyOGUtYTgzYy0yY2YyOTg4Y2IyZDEiLCJuYW1lIjoiU2VsbGVyIFNtb2tlIiwicm9sZSI6InNlbGxlciIsImlhdCI6MTc2MzIyNzIzOSwiZXhwIjoxNzYzMjMwODM5fQ.buNJTACRSO7nDNCRyci48-Vv9dT_Eh8fnkPmElwr0fs"}
2025-11-15 22:50:39.760 [34mINFO [0;39m [b70d057e-75e3-4ae5-a377-0c34268eb675] [http-nio-8081-exec-9] c.b.web.seller.SellerStoreController - Seller create store requested: name=null city=null area=null category=null imagePresent=false
2025-11-15 22:50:39.768 [34mINFO [0;39m [b70d057e-75e3-4ae5-a377-0c34268eb675] [http-nio-8081-exec-9] c.b.web.seller.SellerStoreController - Seller create store success: id=35441398-ac52-412e-bb60-bdf3567ed1d3 name=Smoke Store 
2025-11-15 22:50:39.770 [34mINFO [0;39m [b70d057e-75e3-4ae5-a377-0c34268eb675] [http-nio-8081-exec-9] c.b.config.logging.HttpLoggingFilter - POST /api/seller/stores -> 200 (13 ms)
2025-11-15 22:50:39.770 [34mINFO [0;39m [b70d057e-75e3-4ae5-a377-0c34268eb675] [http-nio-8081-exec-9] c.b.config.logging.HttpLoggingFilter - Headers: auth=present content-type=application/json accept=null
2025-11-15 22:50:39.773 [34mINFO [0;39m [b70d057e-75e3-4ae5-a377-0c34268eb675] [http-nio-8081-exec-9] c.b.config.logging.HttpLoggingFilter - Request payload: {
    "area":  "MG Road",
    "category":  "General",
    "name":  "Smoke Store",
    "city":  "BLR"
}
2025-11-15 22:50:39.773 [34mINFO [0;39m [b70d057e-75e3-4ae5-a377-0c34268eb675] [http-nio-8081-exec-9] c.b.config.logging.HttpLoggingFilter - Response payload: {"status":"open","id":"35441398-ac52-412e-bb60-bdf3567ed1d3","name":"Smoke Store"}
2025-11-15 22:50:39.906 [34mINFO [0;39m [ba483077-1082-44fe-907b-f533d8d7247c] [http-nio-8081-exec-10] c.b.config.logging.HttpLoggingFilter - GET /api/storefront/auth/profile -> 400 (0 ms)
2025-11-15 22:50:39.907 [34mINFO [0;39m [ba483077-1082-44fe-907b-f533d8d7247c] [http-nio-8081-exec-10] c.b.config.logging.HttpLoggingFilter - Headers: auth=present content-type=null accept=null
2025-11-15 22:50:39.908 [34mINFO [0;39m [ba483077-1082-44fe-907b-f533d8d7247c] [http-nio-8081-exec-10] c.b.config.logging.HttpLoggingFilter - Response payload: {"code":"VALIDATION_ERROR","message":"Missing X-Tenant-Domain header","details":{"header":"X-Tenant-Domain"}}
2025-11-15 22:50:40.300 [34mINFO [0;39m [54eefcdc-2a02-408a-9170-0c40ae0f7042] [http-nio-8081-exec-1] c.b.config.logging.HttpLoggingFilter - GET /api/seller/stores?page=0&limit=5 -> 200 (4 ms)
2025-11-15 22:50:40.302 [34mINFO [0;39m [54eefcdc-2a02-408a-9170-0c40ae0f7042] [http-nio-8081-exec-1] c.b.config.logging.HttpLoggingFilter - Headers: auth=present content-type=null accept=null
2025-11-15 22:50:40.306 [1;31mERROR[0;39m [] [http-nio-8081-exec-1] o.a.c.c.C.[.[.[.[dispatcherServlet] - Servlet.service() for servlet [dispatcherServlet] in context with path [] threw exception [Handler dispatch failed: java.lang.Error: Unresolved compilation problem: 
	Type mismatch: cannot convert from List<Map<String,String>> to List<Map<String,Object>>
] with root cause
java.lang.Error: Unresolved compilation problem: 
	Type mismatch: cannot convert from List<Map<String,String>> to List<Map<String,Object>>

	at com.bharatshop.web.seller.SellerStoreController.listStores(SellerStoreController.java:41)
	at java.base/jdk.internal.reflect.NativeMethodAccessorImpl.invoke0(Native Method)
	at java.base/jdk.internal.reflect.NativeMethodAccessorImpl.invoke(NativeMethodAccessorImpl.java:77)
	at java.base/jdk.internal.reflect.DelegatingMethodAccessorImpl.invoke(DelegatingMethodAccessorImpl.java:43)
	at java.base/java.lang.reflect.Method.invoke(Method.java:568)
	at org.springframework.web.method.support.InvocableHandlerMethod.doInvoke(InvocableHandlerMethod.java:255)
	at org.springframework.web.method.support.InvocableHandlerMethod.invokeForRequest(InvocableHandlerMethod.java:188)
	at org.springframework.web.servlet.mvc.method.annotation.ServletInvocableHandlerMethod.invokeAndHandle(ServletInvocableHandlerMethod.java:118)
	at org.springframework.web.servlet.mvc.method.annotation.RequestMappingHandlerAdapter.invokeHandlerMethod(RequestMappingHandlerAdapter.java:926)
	at org.springframework.web.servlet.mvc.method.annotation.RequestMappingHandlerAdapter.handleInternal(RequestMappingHandlerAdapter.java:831)
	at org.springframework.web.servlet.mvc.method.AbstractHandlerMethodAdapter.handle(AbstractHandlerMethodAdapter.java:87)
	at org.springframework.web.servlet.DispatcherServlet.doDispatch(DispatcherServlet.java:1089)
	at org.springframework.web.servlet.DispatcherServlet.doService(DispatcherServlet.java:979)
	at org.springframework.web.servlet.FrameworkServlet.processRequest(FrameworkServlet.java:1014)
	at org.springframework.web.servlet.FrameworkServlet.doGet(FrameworkServlet.java:903)
	at jakarta.servlet.http.HttpServlet.service(HttpServlet.java:564)
	at org.springframework.web.servlet.FrameworkServlet.service(FrameworkServlet.java:885)
	at jakarta.servlet.http.HttpServlet.service(HttpServlet.java:658)
	at org.apache.catalina.core.ApplicationFilterChain.internalDoFilter(ApplicationFilterChain.java:195)
	at org.apache.catalina.core.ApplicationFilterChain.doFilter(ApplicationFilterChain.java:140)
	at org.apache.tomcat.websocket.server.WsFilter.doFilter(WsFilter.java:51)
	at org.apache.catalina.core.ApplicationFilterChain.internalDoFilter(ApplicationFilterChain.java:164)
	at org.apache.catalina.core.ApplicationFilterChain.doFilter(ApplicationFilterChain.java:140)
	at org.springframework.web.filter.OncePerRequestFilter.doFilter(OncePerRequestFilter.java:110)
	at org.apache.catalina.core.ApplicationFilterChain.internalDoFilter(ApplicationFilterChain.java:164)
	at org.apache.catalina.core.ApplicationFilterChain.doFilter(ApplicationFilterChain.java:140)
	at com.bharatshop.config.TenantFilter.doFilterInternal(TenantFilter.java:35)
	at org.springframework.web.filter.OncePerRequestFilter.doFilter(OncePerRequestFilter.java:116)
	at org.apache.catalina.core.ApplicationFilterChain.internalDoFilter(ApplicationFilterChain.java:164)
	at org.apache.catalina.core.ApplicationFilterChain.doFilter(ApplicationFilterChain.java:140)
	at com.bharatshop.config.IdempotencyFilter.doFilterInternal(IdempotencyFilter.java:54)
	at org.springframework.web.filter.OncePerRequestFilter.doFilter(OncePerRequestFilter.java:116)
	at org.apache.catalina.core.ApplicationFilterChain.internalDoFilter(ApplicationFilterChain.java:164)
	at org.apache.catalina.core.ApplicationFilterChain.doFilter(ApplicationFilterChain.java:140)
	at com.bharatshop.config.logging.HttpLoggingFilter.doFilterInternal(HttpLoggingFilter.java:32)
	at org.springframework.web.filter.OncePerRequestFilter.doFilter(OncePerRequestFilter.java:116)
	at org.apache.catalina.core.ApplicationFilterChain.internalDoFilter(ApplicationFilterChain.java:164)
	at org.apache.catalina.core.ApplicationFilterChain.doFilter(ApplicationFilterChain.java:140)
	at com.bharatshop.config.logging.CorrelationIdFilter.doFilterInternal(CorrelationIdFilter.java:29)
	at org.springframework.web.filter.OncePerRequestFilter.doFilter(OncePerRequestFilter.java:116)
	at org.apache.catalina.core.ApplicationFilterChain.internalDoFilter(ApplicationFilterChain.java:164)
	at org.apache.catalina.core.ApplicationFilterChain.doFilter(ApplicationFilterChain.java:140)
	at org.springframework.web.filter.CompositeFilter$VirtualFilterChain.doFilter(CompositeFilter.java:108)
	at org.springframework.security.web.FilterChainProxy.lambda$doFilterInternal$3(FilterChainProxy.java:231)
	at org.springframework.security.web.ObservationFilterChainDecorator$FilterObservation$SimpleFilterObservation.lambda$wrap$1(ObservationFilterChainDecorator.java:479)
	at org.springframework.security.web.ObservationFilterChainDecorator$AroundFilterObservation$SimpleAroundFilterObservation.lambda$wrap$1(ObservationFilterChainDecorator.java:340)
	at org.springframework.security.web.ObservationFilterChainDecorator.lambda$wrapSecured$0(ObservationFilterChainDecorator.java:82)
	at org.springframework.security.web.ObservationFilterChainDecorator$VirtualFilterChain.doFilter(ObservationFilterChainDecorator.java:128)
	at org.springframework.security.web.access.intercept.AuthorizationFilter.doFilter(AuthorizationFilter.java:100)
	at org.springframework.security.web.ObservationFilterChainDecorator$ObservationFilter.wrapFilter(ObservationFilterChainDecorator.java:240)
	at org.springframework.security.web.ObservationFilterChainDecorator$ObservationFilter.doFilter(ObservationFilterChainDecorator.java:227)
	at org.springframework.security.web.ObservationFilterChainDecorator$VirtualFilterChain.doFilter(ObservationFilterChainDecorator.java:137)
	at org.springframework.security.web.access.ExceptionTranslationFilter.doFilter(ExceptionTranslationFilter.java:126)
	at org.springframework.security.web.access.ExceptionTranslationFilter.doFilter(ExceptionTranslationFilter.java:120)
	at org.springframework.security.web.ObservationFilterChainDecorator$ObservationFilter.wrapFilter(ObservationFilterChainDecorator.java:240)
	at org.springframework.security.web.ObservationFilterChainDecorator$ObservationFilter.doFilter(ObservationFilterChainDecorator.java:227)
	at org.springframework.security.web.ObservationFilterChainDecorator$VirtualFilterChain.doFilter(ObservationFilterChainDecorator.java:137)
	at org.springframework.security.web.authentication.AnonymousAuthenticationFilter.doFilter(AnonymousAuthenticationFilter.java:100)
	at org.springframework.security.web.ObservationFilterChainDecorator$ObservationFilter.wrapFilter(ObservationFilterChainDecorator.java:240)
	at org.springframework.security.web.ObservationFilterChainDecorator$ObservationFilter.doFilter(ObservationFilterChainDecorator.java:227)
	at org.springframework.security.web.ObservationFilterChainDecorator$VirtualFilterChain.doFilter(ObservationFilterChainDecorator.java:137)
	at org.springframework.security.web.servletapi.SecurityContextHolderAwareRequestFilter.doFilter(SecurityContextHolderAwareRequestFilter.java:179)
	at org.springframework.security.web.ObservationFilterChainDecorator$ObservationFilter.wrapFilter(ObservationFilterChainDecorator.java:240)
	at org.springframework.security.web.ObservationFilterChainDecorator$ObservationFilter.doFilter(ObservationFilterChainDecorator.java:227)
	at org.springframework.security.web.ObservationFilterChainDecorator$VirtualFilterChain.doFilter(ObservationFilterChainDecorator.java:137)
	at org.springframework.security.web.savedrequest.RequestCacheAwareFilter.doFilter(RequestCacheAwareFilter.java:63)
	at org.springframework.security.web.ObservationFilterChainDecorator$ObservationFilter.wrapFilter(ObservationFilterChainDecorator.java:240)
	at org.springframework.security.web.ObservationFilterChainDecorator$ObservationFilter.doFilter(ObservationFilterChainDecorator.java:227)
	at org.springframework.security.web.ObservationFilterChainDecorator$VirtualFilterChain.doFilter(ObservationFilterChainDecorator.java:137)
	at com.bharatshop.security.TokenAuthFilter.doFilterInternal(TokenAuthFilter.java:47)
	at org.springframework.web.filter.OncePerRequestFilter.doFilter(OncePerRequestFilter.java:116)
	at org.springframework.security.web.ObservationFilterChainDecorator$ObservationFilter.wrapFilter(ObservationFilterChainDecorator.java:240)
	at org.springframework.security.web.ObservationFilterChainDecorator$ObservationFilter.doFilter(ObservationFilterChainDecorator.java:227)
	at org.springframework.security.web.ObservationFilterChainDecorator$VirtualFilterChain.doFilter(ObservationFilterChainDecorator.java:137)
	at org.springframework.security.web.authentication.logout.LogoutFilter.doFilter(LogoutFilter.java:107)
	at org.springframework.security.web.authentication.logout.LogoutFilter.doFilter(LogoutFilter.java:93)
	at org.springframework.security.web.ObservationFilterChainDecorator$ObservationFilter.wrapFilter(ObservationFilterChainDecorator.java:240)
	at org.springframework.security.web.ObservationFilterChainDecorator$ObservationFilter.doFilter(ObservationFilterChainDecorator.java:227)
	at org.springframework.security.web.ObservationFilterChainDecorator$VirtualFilterChain.doFilter(ObservationFilterChainDecorator.java:137)
	at org.springframework.web.filter.CorsFilter.doFilterInternal(CorsFilter.java:91)
	at org.springframework.web.filter.OncePerRequestFilter.doFilter(OncePerRequestFilter.java:116)
	at org.springframework.security.web.ObservationFilterChainDecorator$ObservationFilter.wrapFilter(ObservationFilterChainDecorator.java:240)
	at org.springframework.security.web.ObservationFilterChainDecorator$ObservationFilter.doFilter(ObservationFilterChainDecorator.java:227)
	at org.springframework.security.web.ObservationFilterChainDecorator$VirtualFilterChain.doFilter(ObservationFilterChainDecorator.java:137)
	at org.springframework.security.web.header.HeaderWriterFilter.doHeadersAfter(HeaderWriterFilter.java:90)
	at org.springframework.security.web.header.HeaderWriterFilter.doFilterInternal(HeaderWriterFilter.java:75)
	at org.springframework.web.filter.OncePerRequestFilter.doFilter(OncePerRequestFilter.java:116)
	at org.springframework.security.web.ObservationFilterChainDecorator$ObservationFilter.wrapFilter(ObservationFilterChainDecorator.java:240)
	at org.springframework.security.web.ObservationFilterChainDecorator$ObservationFilter.doFilter(ObservationFilterChainDecorator.java:227)
	at org.springframework.security.web.ObservationFilterChainDecorator$VirtualFilterChain.doFilter(ObservationFilterChainDecorator.java:137)
	at org.springframework.security.web.context.SecurityContextHolderFilter.doFilter(SecurityContextHolderFilter.java:82)
	at org.springframework.security.web.context.SecurityContextHolderFilter.doFilter(SecurityContextHolderFilter.java:69)
	at org.springframework.security.web.ObservationFilterChainDecorator$ObservationFilter.wrapFilter(ObservationFilterChainDecorator.java:240)
	at org.springframework.security.web.ObservationFilterChainDecorator$ObservationFilter.doFilter(ObservationFilterChainDecorator.java:227)
	at org.springframework.security.web.ObservationFilterChainDecorator$VirtualFilterChain.doFilter(ObservationFilterChainDecorator.java:137)
	at org.springframework.security.web.context.request.async.WebAsyncManagerIntegrationFilter.doFilterInternal(WebAsyncManagerIntegrationFilter.java:62)
	at org.springframework.web.filter.OncePerRequestFilter.doFilter(OncePerRequestFilter.java:116)
	at org.springframework.security.web.ObservationFilterChainDecorator$ObservationFilter.wrapFilter(ObservationFilterChainDecorator.java:240)
	at org.springframework.security.web.ObservationFilterChainDecorator$ObservationFilter.doFilter(ObservationFilterChainDecorator.java:227)
	at org.springframework.security.web.ObservationFilterChainDecorator$VirtualFilterChain.doFilter(ObservationFilterChainDecorator.java:137)
	at org.springframework.security.web.session.DisableEncodeUrlFilter.doFilterInternal(DisableEncodeUrlFilter.java:42)
	at org.springframework.web.filter.OncePerRequestFilter.doFilter(OncePerRequestFilter.java:116)
	at org.springframework.security.web.ObservationFilterChainDecorator$ObservationFilter.wrapFilter(ObservationFilterChainDecorator.java:240)
	at org.springframework.security.web.ObservationFilterChainDecorator$AroundFilterObservation$SimpleAroundFilterObservation.lambda$wrap$0(ObservationFilterChainDecorator.java:323)
	at org.springframework.security.web.ObservationFilterChainDecorator$ObservationFilter.doFilter(ObservationFilterChainDecorator.java:224)
	at org.springframework.security.web.ObservationFilterChainDecorator$VirtualFilterChain.doFilter(ObservationFilterChainDecorator.java:137)
	at org.springframework.security.web.FilterChainProxy.doFilterInternal(FilterChainProxy.java:233)
	at org.springframework.security.web.FilterChainProxy.doFilter(FilterChainProxy.java:191)
	at org.springframework.web.filter.CompositeFilter$VirtualFilterChain.doFilter(CompositeFilter.java:113)
	at org.springframework.web.servlet.handler.HandlerMappingIntrospector.lambda$createCacheFilter$3(HandlerMappingIntrospector.java:195)
	at org.springframework.web.filter.CompositeFilter$VirtualFilterChain.doFilter(CompositeFilter.java:113)
	at org.springframework.web.filter.CompositeFilter.doFilter(CompositeFilter.java:74)
	at org.springframework.security.config.annotation.web.configuration.WebMvcSecurityConfiguration$CompositeFilterChainProxy.doFilter(WebMvcSecurityConfiguration.java:230)
	at org.springframework.web.filter.DelegatingFilterProxy.invokeDelegate(DelegatingFilterProxy.java:352)
	at org.springframework.web.filter.DelegatingFilterProxy.doFilter(DelegatingFilterProxy.java:268)
	at org.apache.catalina.core.ApplicationFilterChain.internalDoFilter(ApplicationFilterChain.java:164)
	at org.apache.catalina.core.ApplicationFilterChain.doFilter(ApplicationFilterChain.java:140)
	at org.springframework.web.filter.RequestContextFilter.doFilterInternal(RequestContextFilter.java:100)
	at org.springframework.web.filter.OncePerRequestFilter.doFilter(OncePerRequestFilter.java:116)
	at org.apache.catalina.core.ApplicationFilterChain.internalDoFilter(ApplicationFilterChain.java:164)
	at org.apache.catalina.core.ApplicationFilterChain.doFilter(ApplicationFilterChain.java:140)
	at org.springframework.web.filter.FormContentFilter.doFilterInternal(FormContentFilter.java:93)
	at org.springframework.web.filter.OncePerRequestFilter.doFilter(OncePerRequestFilter.java:116)
	at org.apache.catalina.core.ApplicationFilterChain.internalDoFilter(ApplicationFilterChain.java:164)
	at org.apache.catalina.core.ApplicationFilterChain.doFilter(ApplicationFilterChain.java:140)
	at org.springframework.web.filter.ServerHttpObservationFilter.doFilterInternal(ServerHttpObservationFilter.java:113)
	at org.springframework.web.filter.OncePerRequestFilter.doFilter(OncePerRequestFilter.java:116)
	at org.apache.catalina.core.ApplicationFilterChain.internalDoFilter(ApplicationFilterChain.java:164)
	at org.apache.catalina.core.ApplicationFilterChain.doFilter(ApplicationFilterChain.java:140)
	at org.springframework.web.filter.CharacterEncodingFilter.doFilterInternal(CharacterEncodingFilter.java:201)
	at org.springframework.web.filter.OncePerRequestFilter.doFilter(OncePerRequestFilter.java:116)
	at org.apache.catalina.core.ApplicationFilterChain.internalDoFilter(ApplicationFilterChain.java:164)
	at org.apache.catalina.core.ApplicationFilterChain.doFilter(ApplicationFilterChain.java:140)
	at org.apache.catalina.core.StandardWrapperValve.invoke(StandardWrapperValve.java:167)
	at org.apache.catalina.core.StandardContextValve.invoke(StandardContextValve.java:90)
	at org.apache.catalina.authenticator.AuthenticatorBase.invoke(AuthenticatorBase.java:483)
	at org.apache.catalina.core.StandardHostValve.invoke(StandardHostValve.java:115)
	at org.apache.catalina.valves.ErrorReportValve.invoke(ErrorReportValve.java:93)
	at org.apache.catalina.core.StandardEngineValve.invoke(StandardEngineValve.java:74)
	at org.apache.catalina.valves.AbstractAccessLogValve.invoke(AbstractAccessLogValve.java:663)
	at org.apache.catalina.connector.CoyoteAdapter.service(CoyoteAdapter.java:344)
	at org.apache.coyote.http11.Http11Processor.service(Http11Processor.java:384)
	at org.apache.coyote.AbstractProcessorLight.process(AbstractProcessorLight.java:63)
	at org.apache.coyote.AbstractProtocol$ConnectionHandler.process(AbstractProtocol.java:905)
	at org.apache.tomcat.util.net.NioEndpoint$SocketProcessor.doRun(NioEndpoint.java:1741)
	at org.apache.tomcat.util.net.SocketProcessorBase.run(SocketProcessorBase.java:52)
	at org.apache.tomcat.util.threads.ThreadPoolExecutor.runWorker(ThreadPoolExecutor.java:1190)
	at org.apache.tomcat.util.threads.ThreadPoolExecutor$Worker.run(ThreadPoolExecutor.java:659)
	at org.apache.tomcat.util.threads.TaskThread$WrappingRunnable.run(TaskThread.java:63)
	at java.base/java.lang.Thread.run(Thread.java:842)
2025-11-15 22:51:11.151 [34mINFO [0;39m [5767fd12-cc7f-4173-8381-b032f28d8d79] [http-nio-8081-exec-2] c.b.web.SellerAuthController - Login seller: email=seller_check@example.com
2025-11-15 22:51:11.153 [34mINFO [0;39m [5767fd12-cc7f-4173-8381-b032f28d8d79] [http-nio-8081-exec-2] com.bharatshop.service.AuthService - Login (seller) attempt: email=seller_check@example.com
2025-11-15 22:51:11.448 [34mINFO [0;39m [5767fd12-cc7f-4173-8381-b032f28d8d79] [http-nio-8081-exec-2] com.bharatshop.service.AuthService - Session created: userId=9bbadca8-79a2-4744-8192-0dbdaeca2110 role=seller
2025-11-15 22:51:11.448 [34mINFO [0;39m [5767fd12-cc7f-4173-8381-b032f28d8d79] [http-nio-8081-exec-2] com.bharatshop.service.AuthService - Login (seller) success: userId=9bbadca8-79a2-4744-8192-0dbdaeca2110 token=eyJhbGciOiJIUzI1NiIsInR5cCI6IkpXVCJ9.eyJzdWIiOiI5YmJhZGNhOC03OWEyLTQ3NDQtODE5Mi0wZGJkYWVjYTIxMTAiLCJuYW1lIjoic2VsbGVyX2NoZWNrIiwicm9sZSI6InNlbGxlciIsImlhdCI6MTc2MzIyNzI3MSwiZXhwIjoxNzYzMjMwODcxfQ.iFiUEVTu1EJhkiTGKGT_qeDfkU29_UY2VaXJLXT_ppw role=SELLER 
2025-11-15 22:51:11.452 [34mINFO [0;39m [5767fd12-cc7f-4173-8381-b032f28d8d79] [http-nio-8081-exec-2] c.b.web.SellerAuthController - Seller login success: userId=9bbadca8-79a2-4744-8192-0dbdaeca2110
2025-11-15 22:51:11.454 [34mINFO [0;39m [5767fd12-cc7f-4173-8381-b032f28d8d79] [http-nio-8081-exec-2] c.b.config.logging.HttpLoggingFilter - POST /api/auth/seller/login -> 200 (305 ms)
2025-11-15 22:51:11.455 [34mINFO [0;39m [5767fd12-cc7f-4173-8381-b032f28d8d79] [http-nio-8081-exec-2] c.b.config.logging.HttpLoggingFilter - Headers: auth=absent content-type=application/json accept=null
2025-11-15 22:51:11.456 [34mINFO [0;39m [5767fd12-cc7f-4173-8381-b032f28d8d79] [http-nio-8081-exec-2] c.b.config.logging.HttpLoggingFilter - Request payload: {
    "password":  "Passw0rd!",
    "email":  "seller_check@example.com"
}
2025-11-15 22:51:11.456 [34mINFO [0;39m [5767fd12-cc7f-4173-8381-b032f28d8d79] [http-nio-8081-exec-2] c.b.config.logging.HttpLoggingFilter - Response payload: {"user":{"id":"9bbadca8-79a2-4744-8192-0dbdaeca2110","name":"seller_check","email":"seller_check@example.com","role":"seller"},"token":"eyJhbGciOiJIUzI1NiIsInR5cCI6IkpXVCJ9.eyJzdWIiOiI5YmJhZGNhOC03OWEyLTQ3NDQtODE5Mi0wZGJkYWVjYTIxMTAiLCJuYW1lIjoic2VsbGVyX2NoZWNrIiwicm9sZSI6InNlbGxlciIsImlhdCI6MTc2MzIyNzI3MSwiZXhwIjoxNzYzMjMwODcxfQ.iFiUEVTu1EJhkiTGKGT_qeDfkU29_UY2VaXJLXT_ppw"}
2025-11-15 22:51:11.622 [34mINFO [0;39m [857e21da-8753-40bc-be50-5e1686342a0f] [http-nio-8081-exec-3] c.b.config.logging.HttpLoggingFilter - GET /api/seller/stores?limit=5 -> 200 (2 ms)
2025-11-15 22:51:11.623 [34mINFO [0;39m [857e21da-8753-40bc-be50-5e1686342a0f] [http-nio-8081-exec-3] c.b.config.logging.HttpLoggingFilter - Headers: auth=present content-type=null accept=null
2025-11-15 22:51:11.623 [1;31mERROR[0;39m [] [http-nio-8081-exec-3] o.a.c.c.C.[.[.[.[dispatcherServlet] - Servlet.service() for servlet [dispatcherServlet] in context with path [] threw exception [Handler dispatch failed: java.lang.Error: Unresolved compilation problem: 
	Type mismatch: cannot convert from List<Map<String,String>> to List<Map<String,Object>>
] with root cause
java.lang.Error: Unresolved compilation problem: 
	Type mismatch: cannot convert from List<Map<String,String>> to List<Map<String,Object>>

	at com.bharatshop.web.seller.SellerStoreController.listStores(SellerStoreController.java:41)
	at java.base/jdk.internal.reflect.NativeMethodAccessorImpl.invoke0(Native Method)
	at java.base/jdk.internal.reflect.NativeMethodAccessorImpl.invoke(NativeMethodAccessorImpl.java:77)
	at java.base/jdk.internal.reflect.DelegatingMethodAccessorImpl.invoke(DelegatingMethodAccessorImpl.java:43)
	at java.base/java.lang.reflect.Method.invoke(Method.java:568)
	at org.springframework.web.method.support.InvocableHandlerMethod.doInvoke(InvocableHandlerMethod.java:255)
	at org.springframework.web.method.support.InvocableHandlerMethod.invokeForRequest(InvocableHandlerMethod.java:188)
	at org.springframework.web.servlet.mvc.method.annotation.ServletInvocableHandlerMethod.invokeAndHandle(ServletInvocableHandlerMethod.java:118)
	at org.springframework.web.servlet.mvc.method.annotation.RequestMappingHandlerAdapter.invokeHandlerMethod(RequestMappingHandlerAdapter.java:926)
	at org.springframework.web.servlet.mvc.method.annotation.RequestMappingHandlerAdapter.handleInternal(RequestMappingHandlerAdapter.java:831)
	at org.springframework.web.servlet.mvc.method.AbstractHandlerMethodAdapter.handle(AbstractHandlerMethodAdapter.java:87)
	at org.springframework.web.servlet.DispatcherServlet.doDispatch(DispatcherServlet.java:1089)
	at org.springframework.web.servlet.DispatcherServlet.doService(DispatcherServlet.java:979)
	at org.springframework.web.servlet.FrameworkServlet.processRequest(FrameworkServlet.java:1014)
	at org.springframework.web.servlet.FrameworkServlet.doGet(FrameworkServlet.java:903)
	at jakarta.servlet.http.HttpServlet.service(HttpServlet.java:564)
	at org.springframework.web.servlet.FrameworkServlet.service(FrameworkServlet.java:885)
	at jakarta.servlet.http.HttpServlet.service(HttpServlet.java:658)
	at org.apache.catalina.core.ApplicationFilterChain.internalDoFilter(ApplicationFilterChain.java:195)
	at org.apache.catalina.core.ApplicationFilterChain.doFilter(ApplicationFilterChain.java:140)
	at org.apache.tomcat.websocket.server.WsFilter.doFilter(WsFilter.java:51)
	at org.apache.catalina.core.ApplicationFilterChain.internalDoFilter(ApplicationFilterChain.java:164)
	at org.apache.catalina.core.ApplicationFilterChain.doFilter(ApplicationFilterChain.java:140)
	at org.springframework.web.filter.OncePerRequestFilter.doFilter(OncePerRequestFilter.java:110)
	at org.apache.catalina.core.ApplicationFilterChain.internalDoFilter(ApplicationFilterChain.java:164)
	at org.apache.catalina.core.ApplicationFilterChain.doFilter(ApplicationFilterChain.java:140)
	at com.bharatshop.config.TenantFilter.doFilterInternal(TenantFilter.java:35)
	at org.springframework.web.filter.OncePerRequestFilter.doFilter(OncePerRequestFilter.java:116)
	at org.apache.catalina.core.ApplicationFilterChain.internalDoFilter(ApplicationFilterChain.java:164)
	at org.apache.catalina.core.ApplicationFilterChain.doFilter(ApplicationFilterChain.java:140)
	at com.bharatshop.config.IdempotencyFilter.doFilterInternal(IdempotencyFilter.java:54)
	at org.springframework.web.filter.OncePerRequestFilter.doFilter(OncePerRequestFilter.java:116)
	at org.apache.catalina.core.ApplicationFilterChain.internalDoFilter(ApplicationFilterChain.java:164)
	at org.apache.catalina.core.ApplicationFilterChain.doFilter(ApplicationFilterChain.java:140)
	at com.bharatshop.config.logging.HttpLoggingFilter.doFilterInternal(HttpLoggingFilter.java:32)
	at org.springframework.web.filter.OncePerRequestFilter.doFilter(OncePerRequestFilter.java:116)
	at org.apache.catalina.core.ApplicationFilterChain.internalDoFilter(ApplicationFilterChain.java:164)
	at org.apache.catalina.core.ApplicationFilterChain.doFilter(ApplicationFilterChain.java:140)
	at com.bharatshop.config.logging.CorrelationIdFilter.doFilterInternal(CorrelationIdFilter.java:29)
	at org.springframework.web.filter.OncePerRequestFilter.doFilter(OncePerRequestFilter.java:116)
	at org.apache.catalina.core.ApplicationFilterChain.internalDoFilter(ApplicationFilterChain.java:164)
	at org.apache.catalina.core.ApplicationFilterChain.doFilter(ApplicationFilterChain.java:140)
	at org.springframework.web.filter.CompositeFilter$VirtualFilterChain.doFilter(CompositeFilter.java:108)
	at org.springframework.security.web.FilterChainProxy.lambda$doFilterInternal$3(FilterChainProxy.java:231)
	at org.springframework.security.web.ObservationFilterChainDecorator$FilterObservation$SimpleFilterObservation.lambda$wrap$1(ObservationFilterChainDecorator.java:479)
	at org.springframework.security.web.ObservationFilterChainDecorator$AroundFilterObservation$SimpleAroundFilterObservation.lambda$wrap$1(ObservationFilterChainDecorator.java:340)
	at org.springframework.security.web.ObservationFilterChainDecorator.lambda$wrapSecured$0(ObservationFilterChainDecorator.java:82)
	at org.springframework.security.web.ObservationFilterChainDecorator$VirtualFilterChain.doFilter(ObservationFilterChainDecorator.java:128)
	at org.springframework.security.web.access.intercept.AuthorizationFilter.doFilter(AuthorizationFilter.java:100)
	at org.springframework.security.web.ObservationFilterChainDecorator$ObservationFilter.wrapFilter(ObservationFilterChainDecorator.java:240)
	at org.springframework.security.web.ObservationFilterChainDecorator$ObservationFilter.doFilter(ObservationFilterChainDecorator.java:227)
	at org.springframework.security.web.ObservationFilterChainDecorator$VirtualFilterChain.doFilter(ObservationFilterChainDecorator.java:137)
	at org.springframework.security.web.access.ExceptionTranslationFilter.doFilter(ExceptionTranslationFilter.java:126)
	at org.springframework.security.web.access.ExceptionTranslationFilter.doFilter(ExceptionTranslationFilter.java:120)
	at org.springframework.security.web.ObservationFilterChainDecorator$ObservationFilter.wrapFilter(ObservationFilterChainDecorator.java:240)
	at org.springframework.security.web.ObservationFilterChainDecorator$ObservationFilter.doFilter(ObservationFilterChainDecorator.java:227)
	at org.springframework.security.web.ObservationFilterChainDecorator$VirtualFilterChain.doFilter(ObservationFilterChainDecorator.java:137)
	at org.springframework.security.web.authentication.AnonymousAuthenticationFilter.doFilter(AnonymousAuthenticationFilter.java:100)
	at org.springframework.security.web.ObservationFilterChainDecorator$ObservationFilter.wrapFilter(ObservationFilterChainDecorator.java:240)
	at org.springframework.security.web.ObservationFilterChainDecorator$ObservationFilter.doFilter(ObservationFilterChainDecorator.java:227)
	at org.springframework.security.web.ObservationFilterChainDecorator$VirtualFilterChain.doFilter(ObservationFilterChainDecorator.java:137)
	at org.springframework.security.web.servletapi.SecurityContextHolderAwareRequestFilter.doFilter(SecurityContextHolderAwareRequestFilter.java:179)
	at org.springframework.security.web.ObservationFilterChainDecorator$ObservationFilter.wrapFilter(ObservationFilterChainDecorator.java:240)
	at org.springframework.security.web.ObservationFilterChainDecorator$ObservationFilter.doFilter(ObservationFilterChainDecorator.java:227)
	at org.springframework.security.web.ObservationFilterChainDecorator$VirtualFilterChain.doFilter(ObservationFilterChainDecorator.java:137)
	at org.springframework.security.web.savedrequest.RequestCacheAwareFilter.doFilter(RequestCacheAwareFilter.java:63)
	at org.springframework.security.web.ObservationFilterChainDecorator$ObservationFilter.wrapFilter(ObservationFilterChainDecorator.java:240)
	at org.springframework.security.web.ObservationFilterChainDecorator$ObservationFilter.doFilter(ObservationFilterChainDecorator.java:227)
	at org.springframework.security.web.ObservationFilterChainDecorator$VirtualFilterChain.doFilter(ObservationFilterChainDecorator.java:137)
	at com.bharatshop.security.TokenAuthFilter.doFilterInternal(TokenAuthFilter.java:47)
	at org.springframework.web.filter.OncePerRequestFilter.doFilter(OncePerRequestFilter.java:116)
	at org.springframework.security.web.ObservationFilterChainDecorator$ObservationFilter.wrapFilter(ObservationFilterChainDecorator.java:240)
	at org.springframework.security.web.ObservationFilterChainDecorator$ObservationFilter.doFilter(ObservationFilterChainDecorator.java:227)
	at org.springframework.security.web.ObservationFilterChainDecorator$VirtualFilterChain.doFilter(ObservationFilterChainDecorator.java:137)
	at org.springframework.security.web.authentication.logout.LogoutFilter.doFilter(LogoutFilter.java:107)
	at org.springframework.security.web.authentication.logout.LogoutFilter.doFilter(LogoutFilter.java:93)
	at org.springframework.security.web.ObservationFilterChainDecorator$ObservationFilter.wrapFilter(ObservationFilterChainDecorator.java:240)
	at org.springframework.security.web.ObservationFilterChainDecorator$ObservationFilter.doFilter(ObservationFilterChainDecorator.java:227)
	at org.springframework.security.web.ObservationFilterChainDecorator$VirtualFilterChain.doFilter(ObservationFilterChainDecorator.java:137)
	at org.springframework.web.filter.CorsFilter.doFilterInternal(CorsFilter.java:91)
	at org.springframework.web.filter.OncePerRequestFilter.doFilter(OncePerRequestFilter.java:116)
	at org.springframework.security.web.ObservationFilterChainDecorator$ObservationFilter.wrapFilter(ObservationFilterChainDecorator.java:240)
	at org.springframework.security.web.ObservationFilterChainDecorator$ObservationFilter.doFilter(ObservationFilterChainDecorator.java:227)
	at org.springframework.security.web.ObservationFilterChainDecorator$VirtualFilterChain.doFilter(ObservationFilterChainDecorator.java:137)
	at org.springframework.security.web.header.HeaderWriterFilter.doHeadersAfter(HeaderWriterFilter.java:90)
	at org.springframework.security.web.header.HeaderWriterFilter.doFilterInternal(HeaderWriterFilter.java:75)
	at org.springframework.web.filter.OncePerRequestFilter.doFilter(OncePerRequestFilter.java:116)
	at org.springframework.security.web.ObservationFilterChainDecorator$ObservationFilter.wrapFilter(ObservationFilterChainDecorator.java:240)
	at org.springframework.security.web.ObservationFilterChainDecorator$ObservationFilter.doFilter(ObservationFilterChainDecorator.java:227)
	at org.springframework.security.web.ObservationFilterChainDecorator$VirtualFilterChain.doFilter(ObservationFilterChainDecorator.java:137)
	at org.springframework.security.web.context.SecurityContextHolderFilter.doFilter(SecurityContextHolderFilter.java:82)
	at org.springframework.security.web.context.SecurityContextHolderFilter.doFilter(SecurityContextHolderFilter.java:69)
	at org.springframework.security.web.ObservationFilterChainDecorator$ObservationFilter.wrapFilter(ObservationFilterChainDecorator.java:240)
	at org.springframework.security.web.ObservationFilterChainDecorator$ObservationFilter.doFilter(ObservationFilterChainDecorator.java:227)
	at org.springframework.security.web.ObservationFilterChainDecorator$VirtualFilterChain.doFilter(ObservationFilterChainDecorator.java:137)
	at org.springframework.security.web.context.request.async.WebAsyncManagerIntegrationFilter.doFilterInternal(WebAsyncManagerIntegrationFilter.java:62)
	at org.springframework.web.filter.OncePerRequestFilter.doFilter(OncePerRequestFilter.java:116)
	at org.springframework.security.web.ObservationFilterChainDecorator$ObservationFilter.wrapFilter(ObservationFilterChainDecorator.java:240)
	at org.springframework.security.web.ObservationFilterChainDecorator$ObservationFilter.doFilter(ObservationFilterChainDecorator.java:227)
	at org.springframework.security.web.ObservationFilterChainDecorator$VirtualFilterChain.doFilter(ObservationFilterChainDecorator.java:137)
	at org.springframework.security.web.session.DisableEncodeUrlFilter.doFilterInternal(DisableEncodeUrlFilter.java:42)
	at org.springframework.web.filter.OncePerRequestFilter.doFilter(OncePerRequestFilter.java:116)
	at org.springframework.security.web.ObservationFilterChainDecorator$ObservationFilter.wrapFilter(ObservationFilterChainDecorator.java:240)
	at org.springframework.security.web.ObservationFilterChainDecorator$AroundFilterObservation$SimpleAroundFilterObservation.lambda$wrap$0(ObservationFilterChainDecorator.java:323)
	at org.springframework.security.web.ObservationFilterChainDecorator$ObservationFilter.doFilter(ObservationFilterChainDecorator.java:224)
	at org.springframework.security.web.ObservationFilterChainDecorator$VirtualFilterChain.doFilter(ObservationFilterChainDecorator.java:137)
	at org.springframework.security.web.FilterChainProxy.doFilterInternal(FilterChainProxy.java:233)
	at org.springframework.security.web.FilterChainProxy.doFilter(FilterChainProxy.java:191)
	at org.springframework.web.filter.CompositeFilter$VirtualFilterChain.doFilter(CompositeFilter.java:113)
	at org.springframework.web.servlet.handler.HandlerMappingIntrospector.lambda$createCacheFilter$3(HandlerMappingIntrospector.java:195)
	at org.springframework.web.filter.CompositeFilter$VirtualFilterChain.doFilter(CompositeFilter.java:113)
	at org.springframework.web.filter.CompositeFilter.doFilter(CompositeFilter.java:74)
	at org.springframework.security.config.annotation.web.configuration.WebMvcSecurityConfiguration$CompositeFilterChainProxy.doFilter(WebMvcSecurityConfiguration.java:230)
	at org.springframework.web.filter.DelegatingFilterProxy.invokeDelegate(DelegatingFilterProxy.java:352)
	at org.springframework.web.filter.DelegatingFilterProxy.doFilter(DelegatingFilterProxy.java:268)
	at org.apache.catalina.core.ApplicationFilterChain.internalDoFilter(ApplicationFilterChain.java:164)
	at org.apache.catalina.core.ApplicationFilterChain.doFilter(ApplicationFilterChain.java:140)
	at org.springframework.web.filter.RequestContextFilter.doFilterInternal(RequestContextFilter.java:100)
	at org.springframework.web.filter.OncePerRequestFilter.doFilter(OncePerRequestFilter.java:116)
	at org.apache.catalina.core.ApplicationFilterChain.internalDoFilter(ApplicationFilterChain.java:164)
	at org.apache.catalina.core.ApplicationFilterChain.doFilter(ApplicationFilterChain.java:140)
	at org.springframework.web.filter.FormContentFilter.doFilterInternal(FormContentFilter.java:93)
	at org.springframework.web.filter.OncePerRequestFilter.doFilter(OncePerRequestFilter.java:116)
	at org.apache.catalina.core.ApplicationFilterChain.internalDoFilter(ApplicationFilterChain.java:164)
	at org.apache.catalina.core.ApplicationFilterChain.doFilter(ApplicationFilterChain.java:140)
	at org.springframework.web.filter.ServerHttpObservationFilter.doFilterInternal(ServerHttpObservationFilter.java:113)
	at org.springframework.web.filter.OncePerRequestFilter.doFilter(OncePerRequestFilter.java:116)
	at org.apache.catalina.core.ApplicationFilterChain.internalDoFilter(ApplicationFilterChain.java:164)
	at org.apache.catalina.core.ApplicationFilterChain.doFilter(ApplicationFilterChain.java:140)
	at org.springframework.web.filter.CharacterEncodingFilter.doFilterInternal(CharacterEncodingFilter.java:201)
	at org.springframework.web.filter.OncePerRequestFilter.doFilter(OncePerRequestFilter.java:116)
	at org.apache.catalina.core.ApplicationFilterChain.internalDoFilter(ApplicationFilterChain.java:164)
	at org.apache.catalina.core.ApplicationFilterChain.doFilter(ApplicationFilterChain.java:140)
	at org.apache.catalina.core.StandardWrapperValve.invoke(StandardWrapperValve.java:167)
	at org.apache.catalina.core.StandardContextValve.invoke(StandardContextValve.java:90)
	at org.apache.catalina.authenticator.AuthenticatorBase.invoke(AuthenticatorBase.java:483)
	at org.apache.catalina.core.StandardHostValve.invoke(StandardHostValve.java:115)
	at org.apache.catalina.valves.ErrorReportValve.invoke(ErrorReportValve.java:93)
	at org.apache.catalina.core.StandardEngineValve.invoke(StandardEngineValve.java:74)
	at org.apache.catalina.valves.AbstractAccessLogValve.invoke(AbstractAccessLogValve.java:663)
	at org.apache.catalina.connector.CoyoteAdapter.service(CoyoteAdapter.java:344)
	at org.apache.coyote.http11.Http11Processor.service(Http11Processor.java:384)
	at org.apache.coyote.AbstractProcessorLight.process(AbstractProcessorLight.java:63)
	at org.apache.coyote.AbstractProtocol$ConnectionHandler.process(AbstractProtocol.java:905)
	at org.apache.tomcat.util.net.NioEndpoint$SocketProcessor.doRun(NioEndpoint.java:1741)
	at org.apache.tomcat.util.net.SocketProcessorBase.run(SocketProcessorBase.java:52)
	at org.apache.tomcat.util.threads.ThreadPoolExecutor.runWorker(ThreadPoolExecutor.java:1190)
	at org.apache.tomcat.util.threads.ThreadPoolExecutor$Worker.run(ThreadPoolExecutor.java:659)
	at org.apache.tomcat.util.threads.TaskThread$WrappingRunnable.run(TaskThread.java:63)
	at java.base/java.lang.Thread.run(Thread.java:842)
2025-11-15 22:52:08.998 [34mINFO [0;39m [] [main] c.bharatshop.BharatshopApplication - Starting BharatshopApplication using Java 17.0.12 with PID 59792 (C:\Users\Adarsh\Downloads\bharatshop-backend\target\bharatshop-backend-0.0.1-SNAPSHOT.jar started by Adarsh in C:\Users\Adarsh\Downloads\bharatshop-backend)
2025-11-15 22:52:09.002 [39mDEBUG[0;39m [] [main] c.bharatshop.BharatshopApplication - Running with Spring Boot v3.3.4, Spring v6.1.13
2025-11-15 22:52:09.003 [34mINFO [0;39m [] [main] c.bharatshop.BharatshopApplication - No active profile set, falling back to 1 default profile: "default"
2025-11-15 22:52:11.912 [34mINFO [0;39m [] [main] o.s.d.r.c.RepositoryConfigurationDelegate - Bootstrapping Spring Data JPA repositories in DEFAULT mode.
2025-11-15 22:52:12.080 [34mINFO [0;39m [] [main] o.s.d.r.c.RepositoryConfigurationDelegate - Finished Spring Data repository scanning in 148 ms. Found 6 JPA repository interfaces.
2025-11-15 22:52:14.176 [34mINFO [0;39m [] [main] o.s.b.w.e.tomcat.TomcatWebServer - Tomcat initialized with port 8081 (http)
2025-11-15 22:52:14.207 [34mINFO [0;39m [] [main] o.a.coyote.http11.Http11NioProtocol - Initializing ProtocolHandler ["http-nio-8081"]
2025-11-15 22:52:14.221 [34mINFO [0;39m [] [main] o.a.catalina.core.StandardService - Starting service [Tomcat]
2025-11-15 22:52:14.223 [34mINFO [0;39m [] [main] o.a.catalina.core.StandardEngine - Starting Servlet engine: [Apache Tomcat/10.1.30]
2025-11-15 22:52:14.354 [34mINFO [0;39m [] [main] o.a.c.c.C.[Tomcat].[localhost].[/] - Initializing Spring embedded WebApplicationContext
2025-11-15 22:52:14.356 [34mINFO [0;39m [] [main] o.s.b.w.s.c.ServletWebServerApplicationContext - Root WebApplicationContext: initialization completed in 5230 ms
2025-11-15 22:52:14.836 [34mINFO [0;39m [] [main] com.zaxxer.hikari.HikariDataSource - HikariPool-1 - Starting...
2025-11-15 22:52:15.448 [34mINFO [0;39m [] [main] com.zaxxer.hikari.pool.HikariPool - HikariPool-1 - Added connection conn0: url=jdbc:h2:mem:bharatshop user=SA
2025-11-15 22:52:15.452 [34mINFO [0;39m [] [main] com.zaxxer.hikari.HikariDataSource - HikariPool-1 - Start completed.
2025-11-15 22:52:15.479 [34mINFO [0;39m [] [main] o.s.b.a.h.H2ConsoleAutoConfiguration - H2 console available at '/h2-console'. Database available at 'jdbc:h2:mem:bharatshop'
2025-11-15 22:52:17.062 [34mINFO [0;39m [] [main] o.s.o.j.p.SpringPersistenceUnitInfo - No LoadTimeWeaver setup: ignoring JPA class transformer
2025-11-15 22:52:20.102 [34mINFO [0;39m [] [main] o.s.o.j.LocalContainerEntityManagerFactoryBean - Initialized JPA EntityManagerFactory for persistence unit 'default'
2025-11-15 22:52:21.029 [34mINFO [0;39m [] [main] c.b.config.NotificationConfig - SMS provider: LOG (fallback)
2025-11-15 22:52:21.030 [34mINFO [0;39m [] [main] c.b.config.NotificationConfig - Email provider: LOG (fallback)
2025-11-15 22:52:21.169 [39mDEBUG[0;39m [] [main] c.b.c.logging.CorrelationIdFilter - Filter 'correlationIdFilter' configured for use
2025-11-15 22:52:21.170 [39mDEBUG[0;39m [] [main] c.b.config.logging.HttpLoggingFilter - Filter 'httpLoggingFilter' configured for use
2025-11-15 22:52:21.176 [39mDEBUG[0;39m [] [main] com.bharatshop.config.TenantFilter - Filter 'tenantFilter' configured for use
2025-11-15 22:52:21.176 [39mDEBUG[0;39m [] [main] c.b.security.TokenAuthFilter - Filter 'tokenAuthFilter' configured for use
2025-11-15 22:52:21.181 [39mDEBUG[0;39m [] [main] c.b.config.IdempotencyFilter - Filter 'idempotencyFilter' configured for use
2025-11-15 22:52:21.993 [31mWARN [0;39m [] [main] o.s.b.a.o.j.JpaBaseConfiguration$JpaWebConfiguration - spring.jpa.open-in-view is enabled by default. Therefore, database queries may be performed during view rendering. Explicitly configure spring.jpa.open-in-view to disable this warning
2025-11-15 22:52:22.079 [31mWARN [0;39m [] [main] o.s.b.a.s.s.UserDetailsServiceAutoConfiguration - 

Using generated security password: 0e350c75-5619-408d-8fb4-0c22e3c28c81

This generated password is for development use only. Your security configuration must be updated before running your application in production.

2025-11-15 22:52:22.106 [34mINFO [0;39m [] [main] o.s.s.c.a.a.c.InitializeUserDetailsBeanManagerConfigurer$InitializeUserDetailsManagerConfigurer - Global AuthenticationManager configured with UserDetailsService bean with name inMemoryUserDetailsManager
2025-11-15 22:52:23.393 [34mINFO [0;39m [] [main] o.s.b.a.e.web.EndpointLinksResolver - Exposing 4 endpoints beneath base path '/actuator'
2025-11-15 22:52:24.831 [34mINFO [0;39m [] [main] o.a.coyote.http11.Http11NioProtocol - Starting ProtocolHandler ["http-nio-8081"]
2025-11-15 22:52:24.890 [34mINFO [0;39m [] [main] o.s.b.w.e.tomcat.TomcatWebServer - Tomcat started on port 8081 (http) with context path '/'
2025-11-15 22:52:24.936 [34mINFO [0;39m [] [main] c.bharatshop.BharatshopApplication - Started BharatshopApplication in 17.538 seconds (process running for 18.774)
2025-11-15 22:52:29.559 [34mINFO [0;39m [] [SpringApplicationShutdownHook] o.s.o.j.LocalContainerEntityManagerFactoryBean - Closing JPA EntityManagerFactory for persistence unit 'default'
2025-11-15 22:52:29.566 [34mINFO [0;39m [] [SpringApplicationShutdownHook] com.zaxxer.hikari.HikariDataSource - HikariPool-1 - Shutdown initiated...
2025-11-15 22:52:29.577 [34mINFO [0;39m [] [SpringApplicationShutdownHook] com.zaxxer.hikari.HikariDataSource - HikariPool-1 - Shutdown completed.
2025-11-15 22:53:06.926 [34mINFO [0;39m [] [main] c.bharatshop.BharatshopApplication - Starting BharatshopApplication using Java 17.0.12 with PID 49512 (C:\Users\Adarsh\Downloads\bharatshop-backend\target\bharatshop-backend-0.0.1-SNAPSHOT.jar started by Adarsh in C:\Users\Adarsh\Downloads\bharatshop-backend)
2025-11-15 22:53:06.932 [39mDEBUG[0;39m [] [main] c.bharatshop.BharatshopApplication - Running with Spring Boot v3.3.4, Spring v6.1.13
2025-11-15 22:53:06.932 [34mINFO [0;39m [] [main] c.bharatshop.BharatshopApplication - No active profile set, falling back to 1 default profile: "default"
2025-11-15 22:53:10.476 [34mINFO [0;39m [] [main] o.s.d.r.c.RepositoryConfigurationDelegate - Bootstrapping Spring Data JPA repositories in DEFAULT mode.
2025-11-15 22:53:10.677 [34mINFO [0;39m [] [main] o.s.d.r.c.RepositoryConfigurationDelegate - Finished Spring Data repository scanning in 177 ms. Found 6 JPA repository interfaces.
2025-11-15 22:53:12.928 [34mINFO [0;39m [] [main] o.s.b.w.e.tomcat.TomcatWebServer - Tomcat initialized with port 8081 (http)
2025-11-15 22:53:12.960 [34mINFO [0;39m [] [main] o.a.coyote.http11.Http11NioProtocol - Initializing ProtocolHandler ["http-nio-8081"]
2025-11-15 22:53:12.969 [34mINFO [0;39m [] [main] o.a.catalina.core.StandardService - Starting service [Tomcat]
2025-11-15 22:53:12.969 [34mINFO [0;39m [] [main] o.a.catalina.core.StandardEngine - Starting Servlet engine: [Apache Tomcat/10.1.30]
2025-11-15 22:53:13.088 [34mINFO [0;39m [] [main] o.a.c.c.C.[Tomcat].[localhost].[/] - Initializing Spring embedded WebApplicationContext
2025-11-15 22:53:13.090 [34mINFO [0;39m [] [main] o.s.b.w.s.c.ServletWebServerApplicationContext - Root WebApplicationContext: initialization completed in 6017 ms
2025-11-15 22:53:13.533 [34mINFO [0;39m [] [main] com.zaxxer.hikari.HikariDataSource - HikariPool-1 - Starting...
2025-11-15 22:53:14.090 [34mINFO [0;39m [] [main] com.zaxxer.hikari.pool.HikariPool - HikariPool-1 - Added connection conn0: url=jdbc:h2:mem:bharatshop user=SA
2025-11-15 22:53:14.093 [34mINFO [0;39m [] [main] com.zaxxer.hikari.HikariDataSource - HikariPool-1 - Start completed.
2025-11-15 22:53:14.121 [34mINFO [0;39m [] [main] o.s.b.a.h.H2ConsoleAutoConfiguration - H2 console available at '/h2-console'. Database available at 'jdbc:h2:mem:bharatshop'
2025-11-15 22:53:15.512 [34mINFO [0;39m [] [main] o.s.o.j.p.SpringPersistenceUnitInfo - No LoadTimeWeaver setup: ignoring JPA class transformer
2025-11-15 22:53:18.242 [34mINFO [0;39m [] [main] o.s.o.j.LocalContainerEntityManagerFactoryBean - Initialized JPA EntityManagerFactory for persistence unit 'default'
2025-11-15 22:53:19.173 [34mINFO [0;39m [] [main] c.b.config.NotificationConfig - SMS provider: LOG (fallback)
2025-11-15 22:53:19.173 [34mINFO [0;39m [] [main] c.b.config.NotificationConfig - Email provider: LOG (fallback)
2025-11-15 22:53:19.339 [39mDEBUG[0;39m [] [main] c.b.c.logging.CorrelationIdFilter - Filter 'correlationIdFilter' configured for use
2025-11-15 22:53:19.339 [39mDEBUG[0;39m [] [main] c.b.config.logging.HttpLoggingFilter - Filter 'httpLoggingFilter' configured for use
2025-11-15 22:53:19.345 [39mDEBUG[0;39m [] [main] com.bharatshop.config.TenantFilter - Filter 'tenantFilter' configured for use
2025-11-15 22:53:19.346 [39mDEBUG[0;39m [] [main] c.b.security.TokenAuthFilter - Filter 'tokenAuthFilter' configured for use
2025-11-15 22:53:19.354 [39mDEBUG[0;39m [] [main] c.b.config.IdempotencyFilter - Filter 'idempotencyFilter' configured for use
2025-11-15 22:53:20.070 [31mWARN [0;39m [] [main] o.s.b.a.o.j.JpaBaseConfiguration$JpaWebConfiguration - spring.jpa.open-in-view is enabled by default. Therefore, database queries may be performed during view rendering. Explicitly configure spring.jpa.open-in-view to disable this warning
2025-11-15 22:53:20.146 [31mWARN [0;39m [] [main] o.s.b.a.s.s.UserDetailsServiceAutoConfiguration - 

Using generated security password: 7bf0330c-0ca4-44c3-9dae-de041bae123d

This generated password is for development use only. Your security configuration must be updated before running your application in production.

2025-11-15 22:53:20.168 [34mINFO [0;39m [] [main] o.s.s.c.a.a.c.InitializeUserDetailsBeanManagerConfigurer$InitializeUserDetailsManagerConfigurer - Global AuthenticationManager configured with UserDetailsService bean with name inMemoryUserDetailsManager
2025-11-15 22:53:21.336 [34mINFO [0;39m [] [main] o.s.b.a.e.web.EndpointLinksResolver - Exposing 4 endpoints beneath base path '/actuator'
2025-11-15 22:53:22.689 [34mINFO [0;39m [] [main] o.a.coyote.http11.Http11NioProtocol - Starting ProtocolHandler ["http-nio-8081"]
2025-11-15 22:53:22.768 [34mINFO [0;39m [] [main] o.s.b.w.e.tomcat.TomcatWebServer - Tomcat started on port 8081 (http) with context path '/'
2025-11-15 22:53:22.815 [34mINFO [0;39m [] [main] c.bharatshop.BharatshopApplication - Started BharatshopApplication in 17.605 seconds (process running for 18.958)
2025-11-15 22:53:29.773 [34mINFO [0;39m [] [SpringApplicationShutdownHook] o.s.o.j.LocalContainerEntityManagerFactoryBean - Closing JPA EntityManagerFactory for persistence unit 'default'
2025-11-15 22:53:29.780 [34mINFO [0;39m [] [SpringApplicationShutdownHook] com.zaxxer.hikari.HikariDataSource - HikariPool-1 - Shutdown initiated...
2025-11-15 22:53:29.789 [34mINFO [0;39m [] [SpringApplicationShutdownHook] com.zaxxer.hikari.HikariDataSource - HikariPool-1 - Shutdown completed.
2025-11-15 22:54:01.719 [34mINFO [0;39m [] [main] c.bharatshop.BharatshopApplication - Starting BharatshopApplication using Java 17.0.12 with PID 49672 (C:\Users\Adarsh\Downloads\bharatshop-backend\target\bharatshop-backend-0.0.1-SNAPSHOT.jar started by Adarsh in C:\Users\Adarsh\Downloads\bharatshop-backend)
2025-11-15 22:54:01.727 [39mDEBUG[0;39m [] [main] c.bharatshop.BharatshopApplication - Running with Spring Boot v3.3.4, Spring v6.1.13
2025-11-15 22:54:01.729 [34mINFO [0;39m [] [main] c.bharatshop.BharatshopApplication - No active profile set, falling back to 1 default profile: "default"
2025-11-15 22:54:04.968 [34mINFO [0;39m [] [main] o.s.d.r.c.RepositoryConfigurationDelegate - Bootstrapping Spring Data JPA repositories in DEFAULT mode.
2025-11-15 22:54:05.138 [34mINFO [0;39m [] [main] o.s.d.r.c.RepositoryConfigurationDelegate - Finished Spring Data repository scanning in 152 ms. Found 6 JPA repository interfaces.
2025-11-15 22:54:07.060 [34mINFO [0;39m [] [main] o.s.b.w.e.tomcat.TomcatWebServer - Tomcat initialized with port 8081 (http)
2025-11-15 22:54:07.087 [34mINFO [0;39m [] [main] o.a.coyote.http11.Http11NioProtocol - Initializing ProtocolHandler ["http-nio-8081"]
2025-11-15 22:54:07.094 [34mINFO [0;39m [] [main] o.a.catalina.core.StandardService - Starting service [Tomcat]
2025-11-15 22:54:07.096 [34mINFO [0;39m [] [main] o.a.catalina.core.StandardEngine - Starting Servlet engine: [Apache Tomcat/10.1.30]
2025-11-15 22:54:07.208 [34mINFO [0;39m [] [main] o.a.c.c.C.[Tomcat].[localhost].[/] - Initializing Spring embedded WebApplicationContext
2025-11-15 22:54:07.208 [34mINFO [0;39m [] [main] o.s.b.w.s.c.ServletWebServerApplicationContext - Root WebApplicationContext: initialization completed in 5352 ms
2025-11-15 22:54:07.610 [34mINFO [0;39m [] [main] com.zaxxer.hikari.HikariDataSource - HikariPool-1 - Starting...
2025-11-15 22:54:08.036 [34mINFO [0;39m [] [main] com.zaxxer.hikari.pool.HikariPool - HikariPool-1 - Added connection conn0: url=jdbc:h2:mem:bharatshop user=SA
2025-11-15 22:54:08.039 [34mINFO [0;39m [] [main] com.zaxxer.hikari.HikariDataSource - HikariPool-1 - Start completed.
2025-11-15 22:54:08.063 [34mINFO [0;39m [] [main] o.s.b.a.h.H2ConsoleAutoConfiguration - H2 console available at '/h2-console'. Database available at 'jdbc:h2:mem:bharatshop'
2025-11-15 22:54:09.446 [34mINFO [0;39m [] [main] o.s.o.j.p.SpringPersistenceUnitInfo - No LoadTimeWeaver setup: ignoring JPA class transformer
2025-11-15 22:54:12.214 [34mINFO [0;39m [] [main] o.s.o.j.LocalContainerEntityManagerFactoryBean - Initialized JPA EntityManagerFactory for persistence unit 'default'
2025-11-15 22:54:13.336 [34mINFO [0;39m [] [main] c.b.config.NotificationConfig - SMS provider: Twilio
2025-11-15 22:54:13.843 [34mINFO [0;39m [] [main] c.b.config.NotificationConfig - Email provider: SMTP
2025-11-15 22:54:14.014 [39mDEBUG[0;39m [] [main] c.b.c.logging.CorrelationIdFilter - Filter 'correlationIdFilter' configured for use
2025-11-15 22:54:14.017 [39mDEBUG[0;39m [] [main] c.b.config.logging.HttpLoggingFilter - Filter 'httpLoggingFilter' configured for use
2025-11-15 22:54:14.021 [39mDEBUG[0;39m [] [main] com.bharatshop.config.TenantFilter - Filter 'tenantFilter' configured for use
2025-11-15 22:54:14.023 [39mDEBUG[0;39m [] [main] c.b.security.TokenAuthFilter - Filter 'tokenAuthFilter' configured for use
2025-11-15 22:54:14.038 [39mDEBUG[0;39m [] [main] c.b.config.IdempotencyFilter - Filter 'idempotencyFilter' configured for use
2025-11-15 22:54:15.019 [31mWARN [0;39m [] [main] o.s.b.a.o.j.JpaBaseConfiguration$JpaWebConfiguration - spring.jpa.open-in-view is enabled by default. Therefore, database queries may be performed during view rendering. Explicitly configure spring.jpa.open-in-view to disable this warning
2025-11-15 22:54:15.110 [31mWARN [0;39m [] [main] o.s.b.a.s.s.UserDetailsServiceAutoConfiguration - 

Using generated security password: 760b4006-62be-433d-bbb8-c89dcf77752b

This generated password is for development use only. Your security configuration must be updated before running your application in production.

2025-11-15 22:54:15.136 [34mINFO [0;39m [] [main] o.s.s.c.a.a.c.InitializeUserDetailsBeanManagerConfigurer$InitializeUserDetailsManagerConfigurer - Global AuthenticationManager configured with UserDetailsService bean with name inMemoryUserDetailsManager
2025-11-15 22:54:16.664 [34mINFO [0;39m [] [main] o.s.b.a.e.web.EndpointLinksResolver - Exposing 4 endpoints beneath base path '/actuator'
2025-11-15 22:54:18.317 [34mINFO [0;39m [] [main] o.a.coyote.http11.Http11NioProtocol - Starting ProtocolHandler ["http-nio-8081"]
2025-11-15 22:54:18.352 [34mINFO [0;39m [] [main] o.s.b.w.e.tomcat.TomcatWebServer - Tomcat started on port 8081 (http) with context path '/'
2025-11-15 22:54:18.413 [34mINFO [0;39m [] [main] c.bharatshop.BharatshopApplication - Started BharatshopApplication in 18.321 seconds (process running for 19.636)
2025-11-15 22:54:21.077 [34mINFO [0;39m [] [http-nio-8081-exec-4] o.a.c.c.C.[Tomcat].[localhost].[/] - Initializing Spring DispatcherServlet 'dispatcherServlet'
2025-11-15 22:54:21.078 [34mINFO [0;39m [] [http-nio-8081-exec-4] o.s.web.servlet.DispatcherServlet - Initializing Servlet 'dispatcherServlet'
2025-11-15 22:54:21.082 [34mINFO [0;39m [] [http-nio-8081-exec-4] o.s.web.servlet.DispatcherServlet - Completed initialization in 2 ms
2025-11-15 22:54:21.616 [34mINFO [0;39m [9e7a6bfa-cf2b-4025-bd1b-64b88422143e] [http-nio-8081-exec-4] c.b.web.SellerAuthController - Register seller: email=seller_list_1763247261@example.com
2025-11-15 22:54:21.627 [34mINFO [0;39m [9e7a6bfa-cf2b-4025-bd1b-64b88422143e] [http-nio-8081-exec-4] com.bharatshop.service.AuthService - Registering seller: name=Seller List, email=seller_list_1763247261@example.com
2025-11-15 22:54:22.130 [34mINFO [0;39m [9e7a6bfa-cf2b-4025-bd1b-64b88422143e] [http-nio-8081-exec-4] com.bharatshop.service.AuthService - Session created: userId=da4bd30e-36f9-48d7-b3c8-87c7e5e99963 role=seller
2025-11-15 22:54:22.130 [34mINFO [0;39m [9e7a6bfa-cf2b-4025-bd1b-64b88422143e] [http-nio-8081-exec-4] com.bharatshop.service.AuthService - Seller registered: id=da4bd30e-36f9-48d7-b3c8-87c7e5e99963, token=eyJhbGciOiJIUzI1NiIsInR5cCI6IkpXVCJ9.eyJzdWIiOiJkYTRiZDMwZS0zNmY5LTQ4ZDctYjNjOC04N2M3ZTVlOTk5NjMiLCJuYW1lIjoiU2VsbGVyIExpc3QiLCJyb2xlIjoic2VsbGVyIiwiaWF0IjoxNzYzMjI3NDYyLCJleHAiOjE3NjMyMzEwNjJ9.hQLLZ2DhAkaxqLNqLyJBTpV2hjLKW5ZAj-q7-LuUG8Q
2025-11-15 22:54:22.219 [34mINFO [0;39m [9e7a6bfa-cf2b-4025-bd1b-64b88422143e] [http-nio-8081-exec-4] c.b.web.SellerAuthController - Seller register success: userId=da4bd30e-36f9-48d7-b3c8-87c7e5e99963 tokenPresent=true
2025-11-15 22:54:22.309 [34mINFO [0;39m [9e7a6bfa-cf2b-4025-bd1b-64b88422143e] [http-nio-8081-exec-4] c.b.config.logging.HttpLoggingFilter - POST /api/auth/seller/register -> 200 (1082 ms)
2025-11-15 22:54:22.310 [34mINFO [0;39m [9e7a6bfa-cf2b-4025-bd1b-64b88422143e] [http-nio-8081-exec-4] c.b.config.logging.HttpLoggingFilter - Headers: auth=absent content-type=application/json accept=null
2025-11-15 22:54:22.310 [34mINFO [0;39m [9e7a6bfa-cf2b-4025-bd1b-64b88422143e] [http-nio-8081-exec-4] c.b.config.logging.HttpLoggingFilter - Request payload: {
    "email":  "seller_list_1763247261@example.com",
    "name":  "Seller List",
    "password":  "Passw0rd!"
}
2025-11-15 22:54:22.310 [34mINFO [0;39m [9e7a6bfa-cf2b-4025-bd1b-64b88422143e] [http-nio-8081-exec-4] c.b.config.logging.HttpLoggingFilter - Response payload: {"token":"eyJhbGciOiJIUzI1NiIsInR5cCI6IkpXVCJ9.eyJzdWIiOiJkYTRiZDMwZS0zNmY5LTQ4ZDctYjNjOC04N2M3ZTVlOTk5NjMiLCJuYW1lIjoiU2VsbGVyIExpc3QiLCJyb2xlIjoic2VsbGVyIiwiaWF0IjoxNzYzMjI3NDYyLCJleHAiOjE3NjMyMzEwNjJ9.hQLLZ2DhAkaxqLNqLyJBTpV2hjLKW5ZAj-q7-LuUG8Q","user":{"id":"da4bd30e-36f9-48d7-b3c8-87c7e5e99963","name":"Seller List","email":"seller_list_1763247261@example.com","role":"seller"}}
2025-11-15 22:54:22.543 [34mINFO [0;39m [68517391-b647-4c11-b16e-774f18301316] [http-nio-8081-exec-5] c.b.web.seller.SellerStoreController - Seller create store requested: name=null city=null area=null category=null imagePresent=false
2025-11-15 22:54:22.548 [34mINFO [0;39m [68517391-b647-4c11-b16e-774f18301316] [http-nio-8081-exec-5] c.b.web.seller.SellerStoreController - Seller create store success: id=41f81552-2072-4122-94f9-5220b60bb65a name=List Store 
2025-11-15 22:54:22.562 [34mINFO [0;39m [68517391-b647-4c11-b16e-774f18301316] [http-nio-8081-exec-5] c.b.config.logging.HttpLoggingFilter - POST /api/seller/stores -> 200 (68 ms)
2025-11-15 22:54:22.562 [34mINFO [0;39m [68517391-b647-4c11-b16e-774f18301316] [http-nio-8081-exec-5] c.b.config.logging.HttpLoggingFilter - Headers: auth=present content-type=application/json accept=null
2025-11-15 22:54:22.564 [34mINFO [0;39m [68517391-b647-4c11-b16e-774f18301316] [http-nio-8081-exec-5] c.b.config.logging.HttpLoggingFilter - Request payload: {
    "area":  "MG Road",
    "category":  "General",
    "name":  "List Store",
    "city":  "BLR"
}
2025-11-15 22:54:22.564 [34mINFO [0;39m [68517391-b647-4c11-b16e-774f18301316] [http-nio-8081-exec-5] c.b.config.logging.HttpLoggingFilter - Response payload: {"name":"List Store","id":"41f81552-2072-4122-94f9-5220b60bb65a","status":"open"}
2025-11-15 22:54:22.927 [34mINFO [0;39m [f328e5b2-7aa7-4346-aca3-e06b7c782f0b] [http-nio-8081-exec-10] c.b.web.seller.SellerStoreController - Seller list stores: search=null page=null limit=5 pageSize=null
2025-11-15 22:54:22.949 [34mINFO [0;39m [f328e5b2-7aa7-4346-aca3-e06b7c782f0b] [http-nio-8081-exec-10] c.b.config.logging.HttpLoggingFilter - GET /api/seller/stores?limit=5 -> 200 (27 ms)
2025-11-15 22:54:22.949 [34mINFO [0;39m [f328e5b2-7aa7-4346-aca3-e06b7c782f0b] [http-nio-8081-exec-10] c.b.config.logging.HttpLoggingFilter - Headers: auth=present content-type=null accept=null
2025-11-15 22:54:22.951 [34mINFO [0;39m [f328e5b2-7aa7-4346-aca3-e06b7c782f0b] [http-nio-8081-exec-10] c.b.config.logging.HttpLoggingFilter - Response payload: [{"name":"City Pharmacy","id":"ee22d9ac-6725-4b27-aaa2-f82e91297625","status":"open"},{"name":"Fresh Mart","id":"717f52c3-a230-45fd-b6bf-3004bc7fcba7","status":"open"},{"name":"List Store","id":"41f81552-2072-4122-94f9-5220b60bb65a","status":"open"},{"name":"Sunrise Hotel","id":"2cc7fac1-fede-44b9-9fad-ba9aea64d748","status":"open"}]
2025-11-15 22:54:39.094 [34mINFO [0;39m [772327a4-6aec-42d7-8860-935c1240763c] [http-nio-8081-exec-2] c.b.web.SellerAuthController - Register seller: email=seller_profile_1763247279@example.com
2025-11-15 22:54:39.094 [34mINFO [0;39m [772327a4-6aec-42d7-8860-935c1240763c] [http-nio-8081-exec-2] com.bharatshop.service.AuthService - Registering seller: name=Seller Profile, email=seller_profile_1763247279@example.com
2025-11-15 22:54:39.241 [34mINFO [0;39m [772327a4-6aec-42d7-8860-935c1240763c] [http-nio-8081-exec-2] com.bharatshop.service.AuthService - Session created: userId=ec1e4f14-c7aa-416f-9bed-90ecc11e6a9c role=seller
2025-11-15 22:54:39.241 [34mINFO [0;39m [772327a4-6aec-42d7-8860-935c1240763c] [http-nio-8081-exec-2] com.bharatshop.service.AuthService - Seller registered: id=ec1e4f14-c7aa-416f-9bed-90ecc11e6a9c, token=eyJhbGciOiJIUzI1NiIsInR5cCI6IkpXVCJ9.eyJzdWIiOiJlYzFlNGYxNC1jN2FhLTQxNmYtOWJlZC05MGVjYzExZTZhOWMiLCJuYW1lIjoiU2VsbGVyIFByb2ZpbGUiLCJyb2xlIjoic2VsbGVyIiwiaWF0IjoxNzYzMjI3NDc5LCJleHAiOjE3NjMyMzEwNzl9.A40MSHB_yf07jxPgvdXvw2DAxeHS_1fanjtH5TwEzAo
2025-11-15 22:54:39.241 [34mINFO [0;39m [772327a4-6aec-42d7-8860-935c1240763c] [http-nio-8081-exec-2] c.b.web.SellerAuthController - Seller register success: userId=ec1e4f14-c7aa-416f-9bed-90ecc11e6a9c tokenPresent=true
2025-11-15 22:54:39.246 [34mINFO [0;39m [772327a4-6aec-42d7-8860-935c1240763c] [http-nio-8081-exec-2] c.b.config.logging.HttpLoggingFilter - POST /api/auth/seller/register -> 200 (149 ms)
2025-11-15 22:54:39.247 [34mINFO [0;39m [772327a4-6aec-42d7-8860-935c1240763c] [http-nio-8081-exec-2] c.b.config.logging.HttpLoggingFilter - Headers: auth=absent content-type=application/json accept=null
2025-11-15 22:54:39.247 [34mINFO [0;39m [772327a4-6aec-42d7-8860-935c1240763c] [http-nio-8081-exec-2] c.b.config.logging.HttpLoggingFilter - Request payload: {
    "email":  "seller_profile_1763247279@example.com",
    "name":  "Seller Profile",
    "password":  "Passw0rd!"
}
2025-11-15 22:54:39.247 [34mINFO [0;39m [772327a4-6aec-42d7-8860-935c1240763c] [http-nio-8081-exec-2] c.b.config.logging.HttpLoggingFilter - Response payload: {"token":"eyJhbGciOiJIUzI1NiIsInR5cCI6IkpXVCJ9.eyJzdWIiOiJlYzFlNGYxNC1jN2FhLTQxNmYtOWJlZC05MGVjYzExZTZhOWMiLCJuYW1lIjoiU2VsbGVyIFByb2ZpbGUiLCJyb2xlIjoic2VsbGVyIiwiaWF0IjoxNzYzMjI3NDc5LCJleHAiOjE3NjMyMzEwNzl9.A40MSHB_yf07jxPgvdXvw2DAxeHS_1fanjtH5TwEzAo","user":{"id":"ec1e4f14-c7aa-416f-9bed-90ecc11e6a9c","name":"Seller Profile","email":"seller_profile_1763247279@example.com","role":"seller"}}
2025-11-15 22:54:39.419 [34mINFO [0;39m [34bcfc00-da84-4e91-80a7-20c18b774b1d] [http-nio-8081-exec-3] c.b.web.seller.SellerStoreController - Seller create store requested: name=null city=null area=null category=null imagePresent=false
2025-11-15 22:54:39.426 [34mINFO [0;39m [34bcfc00-da84-4e91-80a7-20c18b774b1d] [http-nio-8081-exec-3] c.b.web.seller.SellerStoreController - Seller create store success: id=eb2a1d72-e850-4583-b1e1-384371b30616 name=Profile Store 
2025-11-15 22:54:39.430 [34mINFO [0;39m [34bcfc00-da84-4e91-80a7-20c18b774b1d] [http-nio-8081-exec-3] c.b.config.logging.HttpLoggingFilter - POST /api/seller/stores -> 200 (22 ms)
2025-11-15 22:54:39.430 [34mINFO [0;39m [34bcfc00-da84-4e91-80a7-20c18b774b1d] [http-nio-8081-exec-3] c.b.config.logging.HttpLoggingFilter - Headers: auth=present content-type=application/json accept=null
2025-11-15 22:54:39.430 [34mINFO [0;39m [34bcfc00-da84-4e91-80a7-20c18b774b1d] [http-nio-8081-exec-3] c.b.config.logging.HttpLoggingFilter - Request payload: {
    "area":  "MG Road",
    "category":  "General",
    "name":  "Profile Store",
    "city":  "BLR"
}
2025-11-15 22:54:39.430 [34mINFO [0;39m [34bcfc00-da84-4e91-80a7-20c18b774b1d] [http-nio-8081-exec-3] c.b.config.logging.HttpLoggingFilter - Response payload: {"name":"Profile Store","id":"eb2a1d72-e850-4583-b1e1-384371b30616","status":"open"}
2025-11-15 22:54:39.478 [34mINFO [0;39m [f5d02b50-468e-4504-816e-374dafc085c3] [http-nio-8081-exec-8] c.b.config.logging.HttpLoggingFilter - GET /api/storefront/auth/profile -> 400 (1 ms)
2025-11-15 22:54:39.478 [34mINFO [0;39m [f5d02b50-468e-4504-816e-374dafc085c3] [http-nio-8081-exec-8] c.b.config.logging.HttpLoggingFilter - Headers: auth=present content-type=null accept=null
2025-11-15 22:54:39.478 [34mINFO [0;39m [f5d02b50-468e-4504-816e-374dafc085c3] [http-nio-8081-exec-8] c.b.config.logging.HttpLoggingFilter - Response payload: {"code":"VALIDATION_ERROR","message":"Missing X-Tenant-Domain header","details":{"header":"X-Tenant-Domain"}}
2025-11-15 22:54:57.207 [34mINFO [0;39m [3a94328f-fe08-450a-ab6c-8bfc835d853b] [http-nio-8081-exec-9] c.b.web.SellerAuthController - Register seller: email=seller_profile2_1763247297@example.com
2025-11-15 22:54:57.209 [34mINFO [0;39m [3a94328f-fe08-450a-ab6c-8bfc835d853b] [http-nio-8081-exec-9] com.bharatshop.service.AuthService - Registering seller: name=Seller Profile2, email=seller_profile2_1763247297@example.com
2025-11-15 22:54:57.353 [34mINFO [0;39m [3a94328f-fe08-450a-ab6c-8bfc835d853b] [http-nio-8081-exec-9] com.bharatshop.service.AuthService - Session created: userId=b641adad-4b87-4662-a6fb-09f79f71bfc2 role=seller
2025-11-15 22:54:57.353 [34mINFO [0;39m [3a94328f-fe08-450a-ab6c-8bfc835d853b] [http-nio-8081-exec-9] com.bharatshop.service.AuthService - Seller registered: id=b641adad-4b87-4662-a6fb-09f79f71bfc2, token=eyJhbGciOiJIUzI1NiIsInR5cCI6IkpXVCJ9.eyJzdWIiOiJiNjQxYWRhZC00Yjg3LTQ2NjItYTZmYi0wOWY3OWY3MWJmYzIiLCJuYW1lIjoiU2VsbGVyIFByb2ZpbGUyIiwicm9sZSI6InNlbGxlciIsImlhdCI6MTc2MzIyNzQ5NywiZXhwIjoxNzYzMjMxMDk3fQ.k0nBA-5kmF1jl_ueAOVlF35aYEhtm8A2_bGiatOldzY
2025-11-15 22:54:57.356 [34mINFO [0;39m [3a94328f-fe08-450a-ab6c-8bfc835d853b] [http-nio-8081-exec-9] c.b.web.SellerAuthController - Seller register success: userId=b641adad-4b87-4662-a6fb-09f79f71bfc2 tokenPresent=true
2025-11-15 22:54:57.357 [34mINFO [0;39m [3a94328f-fe08-450a-ab6c-8bfc835d853b] [http-nio-8081-exec-9] c.b.config.logging.HttpLoggingFilter - POST /api/auth/seller/register -> 200 (151 ms)
2025-11-15 22:54:57.358 [34mINFO [0;39m [3a94328f-fe08-450a-ab6c-8bfc835d853b] [http-nio-8081-exec-9] c.b.config.logging.HttpLoggingFilter - Headers: auth=absent content-type=application/json accept=null
2025-11-15 22:54:57.358 [34mINFO [0;39m [3a94328f-fe08-450a-ab6c-8bfc835d853b] [http-nio-8081-exec-9] c.b.config.logging.HttpLoggingFilter - Request payload: {
    "email":  "seller_profile2_1763247297@example.com",
    "name":  "Seller Profile2",
    "password":  "Passw0rd!"
}
2025-11-15 22:54:57.358 [34mINFO [0;39m [3a94328f-fe08-450a-ab6c-8bfc835d853b] [http-nio-8081-exec-9] c.b.config.logging.HttpLoggingFilter - Response payload: {"token":"eyJhbGciOiJIUzI1NiIsInR5cCI6IkpXVCJ9.eyJzdWIiOiJiNjQxYWRhZC00Yjg3LTQ2NjItYTZmYi0wOWY3OWY3MWJmYzIiLCJuYW1lIjoiU2VsbGVyIFByb2ZpbGUyIiwicm9sZSI6InNlbGxlciIsImlhdCI6MTc2MzIyNzQ5NywiZXhwIjoxNzYzMjMxMDk3fQ.k0nBA-5kmF1jl_ueAOVlF35aYEhtm8A2_bGiatOldzY","user":{"id":"b641adad-4b87-4662-a6fb-09f79f71bfc2","name":"Seller Profile2","email":"seller_profile2_1763247297@example.com","role":"seller"}}
2025-11-15 22:54:57.460 [34mINFO [0;39m [021176fe-c1a4-4895-a4b3-2a6ab1a27173] [http-nio-8081-exec-1] c.b.web.seller.SellerStoreController - Seller create store requested: name=null city=null area=null category=null imagePresent=false
2025-11-15 22:54:57.465 [34mINFO [0;39m [021176fe-c1a4-4895-a4b3-2a6ab1a27173] [http-nio-8081-exec-1] c.b.web.seller.SellerStoreController - Seller create store success: id=4d109f79-09c7-4bbf-9da5-7b3ecd96ade4 name=Profile Store2 
2025-11-15 22:54:57.470 [34mINFO [0;39m [021176fe-c1a4-4895-a4b3-2a6ab1a27173] [http-nio-8081-exec-1] c.b.config.logging.HttpLoggingFilter - POST /api/seller/stores -> 200 (19 ms)
2025-11-15 22:54:57.470 [34mINFO [0;39m [021176fe-c1a4-4895-a4b3-2a6ab1a27173] [http-nio-8081-exec-1] c.b.config.logging.HttpLoggingFilter - Headers: auth=present content-type=application/json accept=null
2025-11-15 22:54:57.470 [34mINFO [0;39m [021176fe-c1a4-4895-a4b3-2a6ab1a27173] [http-nio-8081-exec-1] c.b.config.logging.HttpLoggingFilter - Request payload: {
    "area":  "MG Road",
    "category":  "General",
    "name":  "Profile Store2",
    "city":  "BLR"
}
2025-11-15 22:54:57.470 [34mINFO [0;39m [021176fe-c1a4-4895-a4b3-2a6ab1a27173] [http-nio-8081-exec-1] c.b.config.logging.HttpLoggingFilter - Response payload: {"name":"Profile Store2","id":"4d109f79-09c7-4bbf-9da5-7b3ecd96ade4","status":"open"}
2025-11-15 22:54:57.568 [34mINFO [0;39m [55ab3d2c-c018-42d7-916b-f87929d42c15] [http-nio-8081-exec-7] com.bharatshop.web.AuthController - Profile requested: tokenPresent=true 
2025-11-15 22:54:57.573 [34mINFO [0;39m [55ab3d2c-c018-42d7-916b-f87929d42c15] [http-nio-8081-exec-7] com.bharatshop.web.AuthController - Profile success: userId=b641adad-4b87-4662-a6fb-09f79f71bfc2
2025-11-15 22:54:57.576 [34mINFO [0;39m [55ab3d2c-c018-42d7-916b-f87929d42c15] [http-nio-8081-exec-7] c.b.config.logging.HttpLoggingFilter - GET /api/storefront/auth/profile -> 200 (10 ms)
2025-11-15 22:54:57.578 [34mINFO [0;39m [55ab3d2c-c018-42d7-916b-f87929d42c15] [http-nio-8081-exec-7] c.b.config.logging.HttpLoggingFilter - Headers: auth=present content-type=null accept=null
2025-11-15 22:54:57.578 [34mINFO [0;39m [55ab3d2c-c018-42d7-916b-f87929d42c15] [http-nio-8081-exec-7] c.b.config.logging.HttpLoggingFilter - Response payload: {"id":"b641adad-4b87-4662-a6fb-09f79f71bfc2","name":"Seller Profile2","email":"seller_profile2_1763247297@example.com","role":"seller"}
2025-11-15 22:58:13.103 [34mINFO [0;39m [8384c9fb-257a-40ab-b10b-f5eed22253d2] [http-nio-8081-exec-4] c.b.web.StoreDiscoveryController - Discover stores: tenant=demo-store search=null category=null
2025-11-15 22:58:13.136 [34mINFO [0;39m [8384c9fb-257a-40ab-b10b-f5eed22253d2] [http-nio-8081-exec-4] c.b.config.logging.HttpLoggingFilter - GET /api/stores -> 200 (47 ms)
2025-11-15 22:58:13.136 [34mINFO [0;39m [8384c9fb-257a-40ab-b10b-f5eed22253d2] [http-nio-8081-exec-4] c.b.config.logging.HttpLoggingFilter - Headers: auth=present content-type=null accept=application/json, text/plain, */*
2025-11-15 22:58:13.138 [34mINFO [0;39m [8384c9fb-257a-40ab-b10b-f5eed22253d2] [http-nio-8081-exec-4] c.b.config.logging.HttpLoggingFilter - Response payload: [{"id":"ee22d9ac-6725-4b27-aaa2-f82e91297625","name":"City Pharmacy","area":"Brigade","category":"pharmacy","status":"open","orderingDisabled":false,"updatedAt":"2025-11-15T17:24:18.919677Z"},{"id":"717f52c3-a230-45fd-b6bf-3004bc7fcba7","name":"Fresh Mart","area":"MG Road","category":"grocery","status":"open","orderingDisabled":false,"updatedAt":"2025-11-15T17:24:18.562684Z"},{"id":"41f81552-2072-4122-94f9-5220b60bb65a","name":"List Store","area":"MG Road","category":"General","status":"open","orderingDisabled":false,"updatedAt":"2025-11-15T17:24:22.546051Z"},{"id":"eb2a1d72-e850-4583-b1e1-384371b30616","name":"Profile Store","area":"MG Road","category":"General","status":"open","orderingDisabled":false,"updatedAt":"2025-11-15T17:24:39.421534Z"},{"id":"4d109f79-09c7-4bbf-9da5-7b3ecd96ade4","name":"Profile Store2","area":"MG Road","category":"General","status":"open","orderingDisabled":false,"updatedAt":"2025-11-15T17:24:57.461845Z"},{"id":"2cc7fac1-fede-44b9-9fad-ba9aea64d748","name":"Sunrise Hotel","area":"Beach","category":"hospitality","status":"open","orderingDisabled":false,"updatedAt":"2025-11-15T17:24:18.923370Z"}]
2025-11-15 22:58:19.215 [34mINFO [0;39m [ebbd8588-99b8-4653-9aff-d6567e8d2393] [http-nio-8081-exec-5] c.b.web.StoreDiscoveryController - Global categories requested: tenant=demo-store
2025-11-15 22:58:19.225 [34mINFO [0;39m [ebbd8588-99b8-4653-9aff-d6567e8d2393] [http-nio-8081-exec-5] c.b.config.logging.HttpLoggingFilter - GET /api/categories -> 200 (14 ms)
2025-11-15 22:58:19.229 [34mINFO [0;39m [ebbd8588-99b8-4653-9aff-d6567e8d2393] [http-nio-8081-exec-5] c.b.config.logging.HttpLoggingFilter - Headers: auth=present content-type=null accept=application/json, text/plain, */*
2025-11-15 22:58:19.229 [34mINFO [0;39m [ebbd8588-99b8-4653-9aff-d6567e8d2393] [http-nio-8081-exec-5] c.b.config.logging.HttpLoggingFilter - Response payload: ["dairy","fruits","medicine","room"]
2025-11-15 22:58:19.255 [34mINFO [0;39m [4acb5f01-52ba-498b-8404-b402aafb6750] [http-nio-8081-exec-10] c.b.web.StoreDiscoveryController - Global categories requested: tenant=demo-store
2025-11-15 22:58:19.273 [34mINFO [0;39m [4acb5f01-52ba-498b-8404-b402aafb6750] [http-nio-8081-exec-10] c.b.config.logging.HttpLoggingFilter - GET /api/categories -> 200 (24 ms)
2025-11-15 22:58:19.276 [34mINFO [0;39m [4acb5f01-52ba-498b-8404-b402aafb6750] [http-nio-8081-exec-10] c.b.config.logging.HttpLoggingFilter - Headers: auth=present content-type=null accept=application/json, text/plain, */*
2025-11-15 22:58:19.281 [34mINFO [0;39m [4acb5f01-52ba-498b-8404-b402aafb6750] [http-nio-8081-exec-10] c.b.config.logging.HttpLoggingFilter - Response payload: ["dairy","fruits","medicine","room"]
2025-11-15 22:58:37.063 [34mINFO [0;39m [296346be-fe22-498f-96ce-97b024b4ac27] [http-nio-8081-exec-2] c.b.web.seller.SellerStoreController - Seller create store requested: name=null city=null area=null category=null imagePresent=false
2025-11-15 22:58:37.069 [34mINFO [0;39m [296346be-fe22-498f-96ce-97b024b4ac27] [http-nio-8081-exec-2] c.b.web.seller.SellerStoreController - Seller create store success: id=c5d55106-d129-4ddc-bc83-29686c4dc145 name=ame 
2025-11-15 22:58:37.077 [34mINFO [0;39m [296346be-fe22-498f-96ce-97b024b4ac27] [http-nio-8081-exec-2] c.b.config.logging.HttpLoggingFilter - POST /api/seller/stores -> 200 (23 ms)
2025-11-15 22:58:37.078 [34mINFO [0;39m [296346be-fe22-498f-96ce-97b024b4ac27] [http-nio-8081-exec-2] c.b.config.logging.HttpLoggingFilter - Headers: auth=present content-type=application/json accept=application/json, text/plain, */*
2025-11-15 22:58:37.081 [34mINFO [0;39m [296346be-fe22-498f-96ce-97b024b4ac27] [http-nio-8081-exec-2] c.b.config.logging.HttpLoggingFilter - Request payload: {"name":"ame","category":"dairy","type":"Store","area":"noida","city":"Balrampur","address":"Near Major Chauraha Balrampur","phone":"09876543211","pincode":"271201","description":""}
2025-11-15 22:58:37.081 [34mINFO [0;39m [296346be-fe22-498f-96ce-97b024b4ac27] [http-nio-8081-exec-2] c.b.config.logging.HttpLoggingFilter - Response payload: {"name":"ame","id":"c5d55106-d129-4ddc-bc83-29686c4dc145","status":"open"}
2025-11-15 22:58:37.124 [34mINFO [0;39m [af2c4362-d45f-4a6a-9ec7-a2c5c571a15f] [http-nio-8081-exec-3] com.bharatshop.web.AuthController - Profile requested: tokenPresent=true 
2025-11-15 22:58:37.132 [34mINFO [0;39m [af2c4362-d45f-4a6a-9ec7-a2c5c571a15f] [http-nio-8081-exec-3] c.b.config.logging.HttpLoggingFilter - GET /api/storefront/auth/profile -> 401 (11 ms)
2025-11-15 22:58:37.135 [34mINFO [0;39m [af2c4362-d45f-4a6a-9ec7-a2c5c571a15f] [http-nio-8081-exec-3] c.b.config.logging.HttpLoggingFilter - Headers: auth=present content-type=null accept=application/json, text/plain, */*
2025-11-15 22:58:37.135 [34mINFO [0;39m [af2c4362-d45f-4a6a-9ec7-a2c5c571a15f] [http-nio-8081-exec-3] c.b.config.logging.HttpLoggingFilter - Response payload: {"message":"Unauthorized"}
2025-11-15 22:58:37.426 [34mINFO [0;39m [35739013-a147-4a75-8013-89a90d526c2f] [http-nio-8081-exec-8] c.b.web.seller.SellerStoreController - Seller list stores: search=null page=null limit=null pageSize=null
2025-11-15 22:58:37.439 [34mINFO [0;39m [35739013-a147-4a75-8013-89a90d526c2f] [http-nio-8081-exec-8] c.b.config.logging.HttpLoggingFilter - GET /api/seller/stores -> 200 (15 ms)
2025-11-15 22:58:37.441 [34mINFO [0;39m [35739013-a147-4a75-8013-89a90d526c2f] [http-nio-8081-exec-8] c.b.config.logging.HttpLoggingFilter - Headers: auth=present content-type=null accept=application/json, text/plain, */*
2025-11-15 22:58:37.441 [34mINFO [0;39m [35739013-a147-4a75-8013-89a90d526c2f] [http-nio-8081-exec-8] c.b.config.logging.HttpLoggingFilter - Response payload: [{"name":"City Pharmacy","id":"ee22d9ac-6725-4b27-aaa2-f82e91297625","status":"open"},{"name":"Fresh Mart","id":"717f52c3-a230-45fd-b6bf-3004bc7fcba7","status":"open"},{"name":"List Store","id":"41f81552-2072-4122-94f9-5220b60bb65a","status":"open"},{"name":"Profile Store","id":"eb2a1d72-e850-4583-b1e1-384371b30616","status":"open"},{"name":"Profile Store2","id":"4d109f79-09c7-4bbf-9da5-7b3ecd96ade4","status":"open"},{"name":"Sunrise Hotel","id":"2cc7fac1-fede-44b9-9fad-ba9aea64d748","status":"open"},{"name":"ame","id":"c5d55106-d129-4ddc-bc83-29686c4dc145","status":"open"}]
2025-11-15 22:58:37.624 [34mINFO [0;39m [6c2be6ab-3297-4347-b1af-46189f594d9c] [http-nio-8081-exec-9] c.b.web.seller.SellerOrderController - Seller list orders: storeId=null status=null from=null to=null page=null limit=null tenant=demo-store
2025-11-15 22:58:37.626 [34mINFO [0;39m [76609e26-419e-42dc-9adc-b6defdc27121] [http-nio-8081-exec-1] c.b.web.seller.SellerStoreController - Seller list stores: search=null page=null limit=null pageSize=null
2025-11-15 22:58:37.634 [34mINFO [0;39m [76609e26-419e-42dc-9adc-b6defdc27121] [http-nio-8081-exec-1] c.b.config.logging.HttpLoggingFilter - GET /api/seller/stores -> 200 (10 ms)
2025-11-15 22:58:37.634 [34mINFO [0;39m [76609e26-419e-42dc-9adc-b6defdc27121] [http-nio-8081-exec-1] c.b.config.logging.HttpLoggingFilter - Headers: auth=present content-type=null accept=application/json, text/plain, */*
2025-11-15 22:58:37.634 [34mINFO [0;39m [76609e26-419e-42dc-9adc-b6defdc27121] [http-nio-8081-exec-1] c.b.config.logging.HttpLoggingFilter - Response payload: [{"name":"City Pharmacy","id":"ee22d9ac-6725-4b27-aaa2-f82e91297625","status":"open"},{"name":"Fresh Mart","id":"717f52c3-a230-45fd-b6bf-3004bc7fcba7","status":"open"},{"name":"List Store","id":"41f81552-2072-4122-94f9-5220b60bb65a","status":"open"},{"name":"Profile Store","id":"eb2a1d72-e850-4583-b1e1-384371b30616","status":"open"},{"name":"Profile Store2","id":"4d109f79-09c7-4bbf-9da5-7b3ecd96ade4","status":"open"},{"name":"Sunrise Hotel","id":"2cc7fac1-fede-44b9-9fad-ba9aea64d748","status":"open"},{"name":"ame","id":"c5d55106-d129-4ddc-bc83-29686c4dc145","status":"open"}]
2025-11-15 22:58:37.641 [34mINFO [0;39m [6c2be6ab-3297-4347-b1af-46189f594d9c] [http-nio-8081-exec-9] c.b.web.seller.SellerOrderController - Seller list orders success: count=0
2025-11-15 22:58:37.643 [34mINFO [0;39m [6c2be6ab-3297-4347-b1af-46189f594d9c] [http-nio-8081-exec-9] c.b.config.logging.HttpLoggingFilter - GET /api/seller/orders -> 200 (21 ms)
2025-11-15 22:58:37.643 [34mINFO [0;39m [6c2be6ab-3297-4347-b1af-46189f594d9c] [http-nio-8081-exec-9] c.b.config.logging.HttpLoggingFilter - Headers: auth=present content-type=null accept=application/json, text/plain, */*
2025-11-15 22:58:37.643 [34mINFO [0;39m [6c2be6ab-3297-4347-b1af-46189f594d9c] [http-nio-8081-exec-9] c.b.config.logging.HttpLoggingFilter - Response payload: []
2025-11-15 22:58:37.649 [34mINFO [0;39m [26122ca1-e5ba-4877-8bd7-4fdf6ff25ce5] [http-nio-8081-exec-7] c.b.web.seller.SellerStoreController - Seller list stores: search=null page=null limit=null pageSize=null
2025-11-15 22:58:37.659 [34mINFO [0;39m [26122ca1-e5ba-4877-8bd7-4fdf6ff25ce5] [http-nio-8081-exec-7] c.b.config.logging.HttpLoggingFilter - GET /api/seller/stores -> 200 (10 ms)
2025-11-15 22:58:37.660 [34mINFO [0;39m [26122ca1-e5ba-4877-8bd7-4fdf6ff25ce5] [http-nio-8081-exec-7] c.b.config.logging.HttpLoggingFilter - Headers: auth=present content-type=null accept=application/json, text/plain, */*
2025-11-15 22:58:37.660 [34mINFO [0;39m [26122ca1-e5ba-4877-8bd7-4fdf6ff25ce5] [http-nio-8081-exec-7] c.b.config.logging.HttpLoggingFilter - Response payload: [{"name":"City Pharmacy","id":"ee22d9ac-6725-4b27-aaa2-f82e91297625","status":"open"},{"name":"Fresh Mart","id":"717f52c3-a230-45fd-b6bf-3004bc7fcba7","status":"open"},{"name":"List Store","id":"41f81552-2072-4122-94f9-5220b60bb65a","status":"open"},{"name":"Profile Store","id":"eb2a1d72-e850-4583-b1e1-384371b30616","status":"open"},{"name":"Profile Store2","id":"4d109f79-09c7-4bbf-9da5-7b3ecd96ade4","status":"open"},{"name":"Sunrise Hotel","id":"2cc7fac1-fede-44b9-9fad-ba9aea64d748","status":"open"},{"name":"ame","id":"c5d55106-d129-4ddc-bc83-29686c4dc145","status":"open"}]
2025-11-15 22:58:37.660 [34mINFO [0;39m [cf95f40f-2e5f-431a-a4f4-5f2d1a90a34a] [http-nio-8081-exec-6] c.b.web.seller.SellerOrderController - Seller list orders: storeId=null status=null from=null to=null page=null limit=null tenant=demo-store
2025-11-15 22:58:37.665 [34mINFO [0;39m [cf95f40f-2e5f-431a-a4f4-5f2d1a90a34a] [http-nio-8081-exec-6] c.b.web.seller.SellerOrderController - Seller list orders success: count=0
2025-11-15 22:58:37.668 [34mINFO [0;39m [cf95f40f-2e5f-431a-a4f4-5f2d1a90a34a] [http-nio-8081-exec-6] c.b.config.logging.HttpLoggingFilter - GET /api/seller/orders -> 200 (8 ms)
2025-11-15 22:58:37.669 [34mINFO [0;39m [cf95f40f-2e5f-431a-a4f4-5f2d1a90a34a] [http-nio-8081-exec-6] c.b.config.logging.HttpLoggingFilter - Headers: auth=present content-type=null accept=application/json, text/plain, */*
2025-11-15 22:58:37.669 [34mINFO [0;39m [cf95f40f-2e5f-431a-a4f4-5f2d1a90a34a] [http-nio-8081-exec-6] c.b.config.logging.HttpLoggingFilter - Response payload: []
2025-11-15 23:02:37.565 [34mINFO [0;39m [9c036c31-46a9-4b89-b1e8-77da597d15b5] [http-nio-8081-exec-4] com.bharatshop.web.AuthController - OTP send requested: phone=+917355460178
2025-11-15 23:02:37.567 [34mINFO [0;39m [9c036c31-46a9-4b89-b1e8-77da597d15b5] [http-nio-8081-exec-4] com.bharatshop.service.AuthService - Sending OTP to phone=+917355460178
2025-11-15 23:02:37.569 [34mINFO [0;39m [9c036c31-46a9-4b89-b1e8-77da597d15b5] [http-nio-8081-exec-4] com.bharatshop.service.AuthService - OTP generated: otpId=a4b7fdb9-560c-464e-8999-55c21737723e expiresAt=1763228077569
2025-11-15 23:02:39.262 [34mINFO [0;39m [9c036c31-46a9-4b89-b1e8-77da597d15b5] [http-nio-8081-exec-4] c.b.s.TwilioNotificationService - Twilio SMS sent: phone=+917355460178 status=201
2025-11-15 23:02:39.275 [34mINFO [0;39m [9c036c31-46a9-4b89-b1e8-77da597d15b5] [http-nio-8081-exec-4] c.b.config.logging.HttpLoggingFilter - POST /api/storefront/auth/otp/send -> 200 (1712 ms)
2025-11-15 23:02:39.275 [34mINFO [0;39m [9c036c31-46a9-4b89-b1e8-77da597d15b5] [http-nio-8081-exec-4] c.b.config.logging.HttpLoggingFilter - Headers: auth=absent content-type=application/json accept=application/json, text/plain, */*
2025-11-15 23:02:39.275 [34mINFO [0;39m [9c036c31-46a9-4b89-b1e8-77da597d15b5] [http-nio-8081-exec-4] c.b.config.logging.HttpLoggingFilter - Request payload: {"phone":"+917355460178","channel":"sms"}
2025-11-15 23:02:39.275 [34mINFO [0;39m [9c036c31-46a9-4b89-b1e8-77da597d15b5] [http-nio-8081-exec-4] c.b.config.logging.HttpLoggingFilter - Response payload: {"otpId":"a4b7fdb9-560c-464e-8999-55c21737723e","otp":"629029","ttlSeconds":120,"success":true}
2025-11-15 23:03:14.152 [34mINFO [0;39m [15ea7b50-5097-486a-9704-d14fd81163e8] [http-nio-8081-exec-5] com.bharatshop.web.AuthController - OTP verify requested: phone=+917355460178 otpPresent=true
2025-11-15 23:03:14.152 [34mINFO [0;39m [15ea7b50-5097-486a-9704-d14fd81163e8] [http-nio-8081-exec-5] com.bharatshop.service.AuthService - Verifying OTP for phone=+917355460178
2025-11-15 23:03:14.154 [34mINFO [0;39m [15ea7b50-5097-486a-9704-d14fd81163e8] [http-nio-8081-exec-5] com.bharatshop.service.AuthService - OTP verification success for phone=+917355460178
2025-11-15 23:03:14.154 [34mINFO [0;39m [15ea7b50-5097-486a-9704-d14fd81163e8] [http-nio-8081-exec-5] com.bharatshop.service.AuthService - Login (phone) attempt: phone=+917355460178
2025-11-15 23:03:14.163 [34mINFO [0;39m [15ea7b50-5097-486a-9704-d14fd81163e8] [http-nio-8081-exec-5] com.bharatshop.service.AuthService - Session created: userId=cef0f7a2-6a4e-4bad-8e96-5bac264a4dab role=consumer
2025-11-15 23:03:14.165 [34mINFO [0;39m [15ea7b50-5097-486a-9704-d14fd81163e8] [http-nio-8081-exec-5] com.bharatshop.service.AuthService - Login (phone) success: userId=cef0f7a2-6a4e-4bad-8e96-5bac264a4dab token=eyJhbGciOiJIUzI1NiIsInR5cCI6IkpXVCJ9.eyJzdWIiOiJjZWYwZjdhMi02YTRlLTRiYWQtOGU5Ni01YmFjMjY0YTRkYWIiLCJuYW1lIjoiVXNlcjAxNzgiLCJyb2xlIjoiY29uc3VtZXIiLCJpYXQiOjE3NjMyMjc5OTQsImV4cCI6MTc2MzIzMTU5NH0.hY5M2kh9o2akubqnzEM0NHZ8IxHUzEK3u4TfhJ0T6Wg role=USER 
2025-11-15 23:03:14.169 [34mINFO [0;39m [15ea7b50-5097-486a-9704-d14fd81163e8] [http-nio-8081-exec-5] com.bharatshop.web.AuthController - OTP verify success: userId=cef0f7a2-6a4e-4bad-8e96-5bac264a4dab tokenPresent=true
2025-11-15 23:03:14.172 [34mINFO [0;39m [15ea7b50-5097-486a-9704-d14fd81163e8] [http-nio-8081-exec-5] c.b.config.logging.HttpLoggingFilter - POST /api/storefront/auth/otp/verify -> 200 (26 ms)
2025-11-15 23:03:14.172 [34mINFO [0;39m [15ea7b50-5097-486a-9704-d14fd81163e8] [http-nio-8081-exec-5] c.b.config.logging.HttpLoggingFilter - Headers: auth=absent content-type=application/json accept=application/json, text/plain, */*
2025-11-15 23:03:14.172 [34mINFO [0;39m [15ea7b50-5097-486a-9704-d14fd81163e8] [http-nio-8081-exec-5] c.b.config.logging.HttpLoggingFilter - Request payload: {"phone":"+917355460178","otp":"629029"}
2025-11-15 23:03:14.172 [34mINFO [0;39m [15ea7b50-5097-486a-9704-d14fd81163e8] [http-nio-8081-exec-5] c.b.config.logging.HttpLoggingFilter - Response payload: {"user":{"id":"cef0f7a2-6a4e-4bad-8e96-5bac264a4dab","name":"User0178","phone":"+917355460178","role":"consumer"},"success":true,"token":"eyJhbGciOiJIUzI1NiIsInR5cCI6IkpXVCJ9.eyJzdWIiOiJjZWYwZjdhMi02YTRlLTRiYWQtOGU5Ni01YmFjMjY0YTRkYWIiLCJuYW1lIjoiVXNlcjAxNzgiLCJyb2xlIjoiY29uc3VtZXIiLCJpYXQiOjE3NjMyMjc5OTQsImV4cCI6MTc2MzIzMTU5NH0.hY5M2kh9o2akubqnzEM0NHZ8IxHUzEK3u4TfhJ0T6Wg"}
2025-11-15 23:03:14.317 [34mINFO [0;39m [e35eaacf-2c2c-4004-b1fc-7b2860353792] [http-nio-8081-exec-10] com.bharatshop.web.AuthController - Profile requested: tokenPresent=true 
2025-11-15 23:03:14.321 [34mINFO [0;39m [e35eaacf-2c2c-4004-b1fc-7b2860353792] [http-nio-8081-exec-10] com.bharatshop.web.AuthController - Profile success: userId=cef0f7a2-6a4e-4bad-8e96-5bac264a4dab
2025-11-15 23:03:14.325 [34mINFO [0;39m [e35eaacf-2c2c-4004-b1fc-7b2860353792] [http-nio-8081-exec-10] c.b.config.logging.HttpLoggingFilter - GET /api/storefront/auth/profile -> 200 (10 ms)
2025-11-15 23:03:14.325 [34mINFO [0;39m [e35eaacf-2c2c-4004-b1fc-7b2860353792] [http-nio-8081-exec-10] c.b.config.logging.HttpLoggingFilter - Headers: auth=present content-type=null accept=application/json, text/plain, */*
2025-11-15 23:03:14.326 [34mINFO [0;39m [e35eaacf-2c2c-4004-b1fc-7b2860353792] [http-nio-8081-exec-10] c.b.config.logging.HttpLoggingFilter - Response payload: {"id":"cef0f7a2-6a4e-4bad-8e96-5bac264a4dab","name":"User0178","phone":"+917355460178","role":"consumer"}
2025-11-15 23:03:34.387 [34mINFO [0;39m [ac29cd39-1457-4556-a30e-14d4392e0b37] [http-nio-8081-exec-2] c.b.web.StoreDiscoveryController - Discover stores: tenant=demo-store search=null category=null
2025-11-15 23:03:34.395 [34mINFO [0;39m [ac29cd39-1457-4556-a30e-14d4392e0b37] [http-nio-8081-exec-2] c.b.config.logging.HttpLoggingFilter - GET /api/stores -> 200 (10 ms)
2025-11-15 23:03:34.395 [34mINFO [0;39m [ac29cd39-1457-4556-a30e-14d4392e0b37] [http-nio-8081-exec-2] c.b.config.logging.HttpLoggingFilter - Headers: auth=absent content-type=null accept=application/json, text/plain, */*
2025-11-15 23:03:34.395 [34mINFO [0;39m [ac29cd39-1457-4556-a30e-14d4392e0b37] [http-nio-8081-exec-2] c.b.config.logging.HttpLoggingFilter - Response payload: [{"id":"ee22d9ac-6725-4b27-aaa2-f82e91297625","name":"City Pharmacy","area":"Brigade","category":"pharmacy","status":"open","orderingDisabled":false,"updatedAt":"2025-11-15T17:24:18.919677Z"},{"id":"717f52c3-a230-45fd-b6bf-3004bc7fcba7","name":"Fresh Mart","area":"MG Road","category":"grocery","status":"open","orderingDisabled":false,"updatedAt":"2025-11-15T17:24:18.562684Z"},{"id":"41f81552-2072-4122-94f9-5220b60bb65a","name":"List Store","area":"MG Road","category":"General","status":"open","orderingDisabled":false,"updatedAt":"2025-11-15T17:24:22.546051Z"},{"id":"eb2a1d72-e850-4583-b1e1-384371b30616","name":"Profile Store","area":"MG Road","category":"General","status":"open","orderingDisabled":false,"updatedAt":"2025-11-15T17:24:39.421534Z"},{"id":"4d109f79-09c7-4bbf-9da5-7b3ecd96ade4","name":"Profile Store2","area":"MG Road","category":"General","status":"open","orderingDisabled":false,"updatedAt":"2025-11-15T17:24:57.461845Z"},{"id":"2cc7fac1-fede-44b9-9fad-ba9aea64d748","name":"Sunrise Hotel","area":"Beach","category":"hospitality","status":"open","orderingDisabled":false,"updatedAt":"2025-11-15T17:24:18.923370Z"},{"id":"c5d55106-d129-4ddc-bc83-29686c4dc145","name":"ame","area":"noida","category":"dairy","status":"open","orderingDisabled":false,"updatedAt":"2025-11-15T17:28:37.065495Z"}]
2025-11-15 23:03:44.567 [34mINFO [0;39m [dc286776-be99-483f-917d-56a8016ee3ee] [http-nio-8081-exec-3] com.bharatshop.web.AuthController - OTP send requested: phone=+917355460178
2025-11-15 23:03:44.567 [34mINFO [0;39m [dc286776-be99-483f-917d-56a8016ee3ee] [http-nio-8081-exec-3] com.bharatshop.service.AuthService - Sending OTP to phone=+917355460178
2025-11-15 23:03:44.572 [34mINFO [0;39m [dc286776-be99-483f-917d-56a8016ee3ee] [http-nio-8081-exec-3] com.bharatshop.service.AuthService - OTP generated: otpId=6ba07429-392c-415d-b9ee-97eefc48a2dd expiresAt=1763228144572
2025-11-15 23:03:53.105 [34mINFO [0;39m [dc286776-be99-483f-917d-56a8016ee3ee] [http-nio-8081-exec-3] c.b.s.TwilioNotificationService - Twilio SMS sent: phone=+917355460178 status=201
2025-11-15 23:03:53.112 [34mINFO [0;39m [dc286776-be99-483f-917d-56a8016ee3ee] [http-nio-8081-exec-3] c.b.config.logging.HttpLoggingFilter - POST /api/storefront/auth/otp/send -> 200 (8545 ms)
2025-11-15 23:03:53.112 [34mINFO [0;39m [dc286776-be99-483f-917d-56a8016ee3ee] [http-nio-8081-exec-3] c.b.config.logging.HttpLoggingFilter - Headers: auth=absent content-type=application/json accept=application/json, text/plain, */*
2025-11-15 23:03:53.112 [34mINFO [0;39m [dc286776-be99-483f-917d-56a8016ee3ee] [http-nio-8081-exec-3] c.b.config.logging.HttpLoggingFilter - Request payload: {"phone":"+917355460178","channel":"sms"}
2025-11-15 23:03:53.112 [34mINFO [0;39m [dc286776-be99-483f-917d-56a8016ee3ee] [http-nio-8081-exec-3] c.b.config.logging.HttpLoggingFilter - Response payload: {"otpId":"6ba07429-392c-415d-b9ee-97eefc48a2dd","otp":"957920","ttlSeconds":120,"success":true}
2025-11-15 23:04:02.278 [34mINFO [0;39m [d20776bd-6775-48c5-bda5-89133f6f6013] [http-nio-8081-exec-8] com.bharatshop.web.AuthController - OTP verify requested: phone=+917355460178 otpPresent=true
2025-11-15 23:04:02.278 [34mINFO [0;39m [d20776bd-6775-48c5-bda5-89133f6f6013] [http-nio-8081-exec-8] com.bharatshop.service.AuthService - Verifying OTP for phone=+917355460178
2025-11-15 23:04:02.278 [34mINFO [0;39m [d20776bd-6775-48c5-bda5-89133f6f6013] [http-nio-8081-exec-8] com.bharatshop.service.AuthService - OTP verification success for phone=+917355460178
2025-11-15 23:04:02.278 [34mINFO [0;39m [d20776bd-6775-48c5-bda5-89133f6f6013] [http-nio-8081-exec-8] com.bharatshop.service.AuthService - Login (phone) attempt: phone=+917355460178
2025-11-15 23:04:02.284 [34mINFO [0;39m [d20776bd-6775-48c5-bda5-89133f6f6013] [http-nio-8081-exec-8] com.bharatshop.service.AuthService - Session created: userId=cef0f7a2-6a4e-4bad-8e96-5bac264a4dab role=consumer
2025-11-15 23:04:02.284 [34mINFO [0;39m [d20776bd-6775-48c5-bda5-89133f6f6013] [http-nio-8081-exec-8] com.bharatshop.service.AuthService - Login (phone) success: userId=cef0f7a2-6a4e-4bad-8e96-5bac264a4dab token=eyJhbGciOiJIUzI1NiIsInR5cCI6IkpXVCJ9.eyJzdWIiOiJjZWYwZjdhMi02YTRlLTRiYWQtOGU5Ni01YmFjMjY0YTRkYWIiLCJuYW1lIjoiVXNlcjAxNzgiLCJyb2xlIjoiY29uc3VtZXIiLCJpYXQiOjE3NjMyMjgwNDIsImV4cCI6MTc2MzIzMTY0Mn0.l_Niu_G9NhZtjFztioWMbr-PWFJoVcAQqL9U0j6bs0Y role=USER 
2025-11-15 23:04:02.287 [34mINFO [0;39m [d20776bd-6775-48c5-bda5-89133f6f6013] [http-nio-8081-exec-8] com.bharatshop.web.AuthController - OTP verify success: userId=cef0f7a2-6a4e-4bad-8e96-5bac264a4dab tokenPresent=true
2025-11-15 23:04:02.291 [34mINFO [0;39m [d20776bd-6775-48c5-bda5-89133f6f6013] [http-nio-8081-exec-8] c.b.config.logging.HttpLoggingFilter - POST /api/storefront/auth/otp/verify -> 200 (15 ms)
2025-11-15 23:04:02.292 [34mINFO [0;39m [d20776bd-6775-48c5-bda5-89133f6f6013] [http-nio-8081-exec-8] c.b.config.logging.HttpLoggingFilter - Headers: auth=absent content-type=application/json accept=application/json, text/plain, */*
2025-11-15 23:04:02.293 [34mINFO [0;39m [d20776bd-6775-48c5-bda5-89133f6f6013] [http-nio-8081-exec-8] c.b.config.logging.HttpLoggingFilter - Request payload: {"phone":"+917355460178","otp":"957920"}
2025-11-15 23:04:02.294 [34mINFO [0;39m [d20776bd-6775-48c5-bda5-89133f6f6013] [http-nio-8081-exec-8] c.b.config.logging.HttpLoggingFilter - Response payload: {"user":{"id":"cef0f7a2-6a4e-4bad-8e96-5bac264a4dab","name":"User0178","phone":"+917355460178","role":"consumer"},"success":true,"token":"eyJhbGciOiJIUzI1NiIsInR5cCI6IkpXVCJ9.eyJzdWIiOiJjZWYwZjdhMi02YTRlLTRiYWQtOGU5Ni01YmFjMjY0YTRkYWIiLCJuYW1lIjoiVXNlcjAxNzgiLCJyb2xlIjoiY29uc3VtZXIiLCJpYXQiOjE3NjMyMjgwNDIsImV4cCI6MTc2MzIzMTY0Mn0.l_Niu_G9NhZtjFztioWMbr-PWFJoVcAQqL9U0j6bs0Y"}
2025-11-15 23:04:02.386 [34mINFO [0;39m [ca732808-4b1c-455e-b2a1-638439df2617] [http-nio-8081-exec-9] c.b.web.StoreDiscoveryController - Discover stores: tenant=demo-store search=null category=null
2025-11-15 23:04:02.388 [34mINFO [0;39m [25408b22-a933-496c-bf84-be7a6b8f02fb] [http-nio-8081-exec-1] com.bharatshop.web.AuthController - Profile requested: tokenPresent=true 
2025-11-15 23:04:02.394 [34mINFO [0;39m [25408b22-a933-496c-bf84-be7a6b8f02fb] [http-nio-8081-exec-1] com.bharatshop.web.AuthController - Profile success: userId=cef0f7a2-6a4e-4bad-8e96-5bac264a4dab
2025-11-15 23:04:02.396 [34mINFO [0;39m [25408b22-a933-496c-bf84-be7a6b8f02fb] [http-nio-8081-exec-1] c.b.config.logging.HttpLoggingFilter - GET /api/storefront/auth/profile -> 200 (13 ms)
2025-11-15 23:04:02.398 [34mINFO [0;39m [25408b22-a933-496c-bf84-be7a6b8f02fb] [http-nio-8081-exec-1] c.b.config.logging.HttpLoggingFilter - Headers: auth=present content-type=null accept=application/json, text/plain, */*
2025-11-15 23:04:02.398 [34mINFO [0;39m [25408b22-a933-496c-bf84-be7a6b8f02fb] [http-nio-8081-exec-1] c.b.config.logging.HttpLoggingFilter - Response payload: {"id":"cef0f7a2-6a4e-4bad-8e96-5bac264a4dab","name":"User0178","phone":"+917355460178","role":"consumer"}
2025-11-15 23:04:02.400 [34mINFO [0;39m [ca732808-4b1c-455e-b2a1-638439df2617] [http-nio-8081-exec-9] c.b.config.logging.HttpLoggingFilter - GET /api/stores -> 200 (14 ms)
2025-11-15 23:04:02.401 [34mINFO [0;39m [ca732808-4b1c-455e-b2a1-638439df2617] [http-nio-8081-exec-9] c.b.config.logging.HttpLoggingFilter - Headers: auth=present content-type=null accept=application/json, text/plain, */*
2025-11-15 23:04:02.403 [34mINFO [0;39m [ca732808-4b1c-455e-b2a1-638439df2617] [http-nio-8081-exec-9] c.b.config.logging.HttpLoggingFilter - Response payload: [{"id":"ee22d9ac-6725-4b27-aaa2-f82e91297625","name":"City Pharmacy","area":"Brigade","category":"pharmacy","status":"open","orderingDisabled":false,"updatedAt":"2025-11-15T17:24:18.919677Z"},{"id":"717f52c3-a230-45fd-b6bf-3004bc7fcba7","name":"Fresh Mart","area":"MG Road","category":"grocery","status":"open","orderingDisabled":false,"updatedAt":"2025-11-15T17:24:18.562684Z"},{"id":"41f81552-2072-4122-94f9-5220b60bb65a","name":"List Store","area":"MG Road","category":"General","status":"open","orderingDisabled":false,"updatedAt":"2025-11-15T17:24:22.546051Z"},{"id":"eb2a1d72-e850-4583-b1e1-384371b30616","name":"Profile Store","area":"MG Road","category":"General","status":"open","orderingDisabled":false,"updatedAt":"2025-11-15T17:24:39.421534Z"},{"id":"4d109f79-09c7-4bbf-9da5-7b3ecd96ade4","name":"Profile Store2","area":"MG Road","category":"General","status":"open","orderingDisabled":false,"updatedAt":"2025-11-15T17:24:57.461845Z"},{"id":"2cc7fac1-fede-44b9-9fad-ba9aea64d748","name":"Sunrise Hotel","area":"Beach","category":"hospitality","status":"open","orderingDisabled":false,"updatedAt":"2025-11-15T17:24:18.923370Z"},{"id":"c5d55106-d129-4ddc-bc83-29686c4dc145","name":"ame","area":"noida","category":"dairy","status":"open","orderingDisabled":false,"updatedAt":"2025-11-15T17:28:37.065495Z"}]
2025-11-15 23:04:11.027 [34mINFO [0;39m [832e87a9-f76f-42bd-b246-eaa6b2038fb2] [http-nio-8081-exec-7] c.b.web.StoreDiscoveryController - Global categories requested: tenant=demo-store
2025-11-15 23:04:11.039 [34mINFO [0;39m [832e87a9-f76f-42bd-b246-eaa6b2038fb2] [http-nio-8081-exec-7] c.b.config.logging.HttpLoggingFilter - GET /api/categories -> 200 (10 ms)
2025-11-15 23:04:11.039 [34mINFO [0;39m [832e87a9-f76f-42bd-b246-eaa6b2038fb2] [http-nio-8081-exec-7] c.b.config.logging.HttpLoggingFilter - Headers: auth=present content-type=null accept=application/json, text/plain, */*
2025-11-15 23:04:11.039 [34mINFO [0;39m [832e87a9-f76f-42bd-b246-eaa6b2038fb2] [http-nio-8081-exec-7] c.b.config.logging.HttpLoggingFilter - Response payload: ["dairy","fruits","medicine","room"]
2025-11-15 23:04:11.055 [34mINFO [0;39m [bba30ad6-eb87-48eb-8d36-7fac7fadbfd2] [http-nio-8081-exec-6] c.b.web.StoreDiscoveryController - Global categories requested: tenant=demo-store
2025-11-15 23:04:11.068 [34mINFO [0;39m [bba30ad6-eb87-48eb-8d36-7fac7fadbfd2] [http-nio-8081-exec-6] c.b.config.logging.HttpLoggingFilter - GET /api/categories -> 200 (13 ms)
2025-11-15 23:04:11.070 [34mINFO [0;39m [bba30ad6-eb87-48eb-8d36-7fac7fadbfd2] [http-nio-8081-exec-6] c.b.config.logging.HttpLoggingFilter - Headers: auth=present content-type=null accept=application/json, text/plain, */*
2025-11-15 23:04:11.071 [34mINFO [0;39m [bba30ad6-eb87-48eb-8d36-7fac7fadbfd2] [http-nio-8081-exec-6] c.b.config.logging.HttpLoggingFilter - Response payload: ["dairy","fruits","medicine","room"]
2025-11-15 23:04:27.217 [34mINFO [0;39m [7d7a338a-8e68-4ab2-8a0f-4296ad703b18] [http-nio-8081-exec-4] c.b.web.seller.SellerStoreController - Seller create store requested: name=null city=null area=null category=null imagePresent=false
2025-11-15 23:04:27.225 [34mINFO [0;39m [7d7a338a-8e68-4ab2-8a0f-4296ad703b18] [http-nio-8081-exec-4] c.b.web.seller.SellerStoreController - Seller create store success: id=bae476bd-97d1-4521-b494-09d072e5bfe0 name=nhif 
2025-11-15 23:04:27.259 [34mINFO [0;39m [7d7a338a-8e68-4ab2-8a0f-4296ad703b18] [http-nio-8081-exec-4] com.bharatshop.service.AuthService - User role upgraded: userId=cef0f7a2-6a4e-4bad-8e96-5bac264a4dab role=SELLER
2025-11-15 23:04:27.264 [34mINFO [0;39m [7d7a338a-8e68-4ab2-8a0f-4296ad703b18] [http-nio-8081-exec-4] c.b.config.logging.HttpLoggingFilter - POST /api/seller/stores -> 200 (54 ms)
2025-11-15 23:04:27.264 [34mINFO [0;39m [7d7a338a-8e68-4ab2-8a0f-4296ad703b18] [http-nio-8081-exec-4] c.b.config.logging.HttpLoggingFilter - Headers: auth=present content-type=application/json accept=application/json, text/plain, */*
2025-11-15 23:04:27.266 [34mINFO [0;39m [7d7a338a-8e68-4ab2-8a0f-4296ad703b18] [http-nio-8081-exec-4] c.b.config.logging.HttpLoggingFilter - Request payload: {"name":"nhif","category":"dairy","type":"Store","area":"noida","city":"Balrampur","address":"Near Major Chauraha Balrampur","phone":"7355460178","pincode":"271201","description":""}
2025-11-15 23:04:27.266 [34mINFO [0;39m [7d7a338a-8e68-4ab2-8a0f-4296ad703b18] [http-nio-8081-exec-4] c.b.config.logging.HttpLoggingFilter - Response payload: {"name":"nhif","id":"bae476bd-97d1-4521-b494-09d072e5bfe0","status":"open"}
2025-11-15 23:04:27.294 [34mINFO [0;39m [8ed31fba-76da-4c29-b4e6-4ea901332b3a] [http-nio-8081-exec-5] com.bharatshop.web.AuthController - Profile requested: tokenPresent=true 
2025-11-15 23:04:27.294 [34mINFO [0;39m [8ed31fba-76da-4c29-b4e6-4ea901332b3a] [http-nio-8081-exec-5] com.bharatshop.web.AuthController - Profile success: userId=cef0f7a2-6a4e-4bad-8e96-5bac264a4dab
2025-11-15 23:04:27.302 [34mINFO [0;39m [8ed31fba-76da-4c29-b4e6-4ea901332b3a] [http-nio-8081-exec-5] c.b.config.logging.HttpLoggingFilter - GET /api/storefront/auth/profile -> 200 (9 ms)
2025-11-15 23:04:27.302 [34mINFO [0;39m [8ed31fba-76da-4c29-b4e6-4ea901332b3a] [http-nio-8081-exec-5] c.b.config.logging.HttpLoggingFilter - Headers: auth=present content-type=null accept=application/json, text/plain, */*
2025-11-15 23:04:27.302 [34mINFO [0;39m [8ed31fba-76da-4c29-b4e6-4ea901332b3a] [http-nio-8081-exec-5] c.b.config.logging.HttpLoggingFilter - Response payload: {"id":"cef0f7a2-6a4e-4bad-8e96-5bac264a4dab","name":"User0178","phone":"+917355460178","role":"seller"}
2025-11-15 23:04:27.458 [34mINFO [0;39m [2719fa65-ae33-4243-b09a-74cb95bf724a] [http-nio-8081-exec-10] c.b.web.seller.SellerStoreController - Seller list stores: search=null page=null limit=null pageSize=null
2025-11-15 23:04:27.466 [34mINFO [0;39m [2719fa65-ae33-4243-b09a-74cb95bf724a] [http-nio-8081-exec-10] c.b.config.logging.HttpLoggingFilter - GET /api/seller/stores -> 200 (8 ms)
2025-11-15 23:04:27.466 [34mINFO [0;39m [2719fa65-ae33-4243-b09a-74cb95bf724a] [http-nio-8081-exec-10] c.b.config.logging.HttpLoggingFilter - Headers: auth=present content-type=null accept=application/json, text/plain, */*
2025-11-15 23:04:27.466 [34mINFO [0;39m [2719fa65-ae33-4243-b09a-74cb95bf724a] [http-nio-8081-exec-10] c.b.config.logging.HttpLoggingFilter - Response payload: [{"name":"City Pharmacy","id":"ee22d9ac-6725-4b27-aaa2-f82e91297625","status":"open"},{"name":"Fresh Mart","id":"717f52c3-a230-45fd-b6bf-3004bc7fcba7","status":"open"},{"name":"List Store","id":"41f81552-2072-4122-94f9-5220b60bb65a","status":"open"},{"name":"Profile Store","id":"eb2a1d72-e850-4583-b1e1-384371b30616","status":"open"},{"name":"Profile Store2","id":"4d109f79-09c7-4bbf-9da5-7b3ecd96ade4","status":"open"},{"name":"Sunrise Hotel","id":"2cc7fac1-fede-44b9-9fad-ba9aea64d748","status":"open"},{"name":"ame","id":"c5d55106-d129-4ddc-bc83-29686c4dc145","status":"open"},{"name":"nhif","id":"bae476bd-97d1-4521-b494-09d072e5bfe0","status":"open"}]
2025-11-15 23:04:27.513 [34mINFO [0;39m [8450ce65-2711-430c-bbec-9726af916b8d] [http-nio-8081-exec-3] c.b.web.seller.SellerStoreController - Seller list stores: search=null page=null limit=null pageSize=null
2025-11-15 23:04:27.513 [34mINFO [0;39m [37f4204a-5a25-4012-8caa-0c3bfc7d822a] [http-nio-8081-exec-2] c.b.web.seller.SellerOrderController - Seller list orders: storeId=null status=null from=null to=null page=null limit=null tenant=demo-store
2025-11-15 23:04:27.516 [34mINFO [0;39m [37f4204a-5a25-4012-8caa-0c3bfc7d822a] [http-nio-8081-exec-2] c.b.web.seller.SellerOrderController - Seller list orders success: count=0
2025-11-15 23:04:27.522 [34mINFO [0;39m [37f4204a-5a25-4012-8caa-0c3bfc7d822a] [http-nio-8081-exec-2] c.b.config.logging.HttpLoggingFilter - GET /api/seller/orders -> 200 (9 ms)
2025-11-15 23:04:27.523 [34mINFO [0;39m [8450ce65-2711-430c-bbec-9726af916b8d] [http-nio-8081-exec-3] c.b.config.logging.HttpLoggingFilter - GET /api/seller/stores -> 200 (10 ms)
2025-11-15 23:04:27.523 [34mINFO [0;39m [37f4204a-5a25-4012-8caa-0c3bfc7d822a] [http-nio-8081-exec-2] c.b.config.logging.HttpLoggingFilter - Headers: auth=present content-type=null accept=application/json, text/plain, */*
2025-11-15 23:04:27.523 [34mINFO [0;39m [8450ce65-2711-430c-bbec-9726af916b8d] [http-nio-8081-exec-3] c.b.config.logging.HttpLoggingFilter - Headers: auth=present content-type=null accept=application/json, text/plain, */*
2025-11-15 23:04:27.523 [34mINFO [0;39m [37f4204a-5a25-4012-8caa-0c3bfc7d822a] [http-nio-8081-exec-2] c.b.config.logging.HttpLoggingFilter - Response payload: []
2025-11-15 23:04:27.523 [34mINFO [0;39m [8450ce65-2711-430c-bbec-9726af916b8d] [http-nio-8081-exec-3] c.b.config.logging.HttpLoggingFilter - Response payload: [{"name":"City Pharmacy","id":"ee22d9ac-6725-4b27-aaa2-f82e91297625","status":"open"},{"name":"Fresh Mart","id":"717f52c3-a230-45fd-b6bf-3004bc7fcba7","status":"open"},{"name":"List Store","id":"41f81552-2072-4122-94f9-5220b60bb65a","status":"open"},{"name":"Profile Store","id":"eb2a1d72-e850-4583-b1e1-384371b30616","status":"open"},{"name":"Profile Store2","id":"4d109f79-09c7-4bbf-9da5-7b3ecd96ade4","status":"open"},{"name":"Sunrise Hotel","id":"2cc7fac1-fede-44b9-9fad-ba9aea64d748","status":"open"},{"name":"ame","id":"c5d55106-d129-4ddc-bc83-29686c4dc145","status":"open"},{"name":"nhif","id":"bae476bd-97d1-4521-b494-09d072e5bfe0","status":"open"}]
2025-11-15 23:04:27.543 [34mINFO [0;39m [2cd06b71-2f38-46f4-a42f-d21ba2b925a6] [http-nio-8081-exec-8] c.b.web.seller.SellerOrderController - Seller list orders: storeId=null status=null from=null to=null page=null limit=null tenant=demo-store
2025-11-15 23:04:27.545 [34mINFO [0;39m [e0dea770-bb82-4a37-8479-df8503f57b29] [http-nio-8081-exec-1] c.b.web.seller.SellerStoreController - Seller list stores: search=null page=null limit=null pageSize=null
2025-11-15 23:04:27.548 [34mINFO [0;39m [2cd06b71-2f38-46f4-a42f-d21ba2b925a6] [http-nio-8081-exec-8] c.b.web.seller.SellerOrderController - Seller list orders success: count=0
2025-11-15 23:04:27.549 [34mINFO [0;39m [2cd06b71-2f38-46f4-a42f-d21ba2b925a6] [http-nio-8081-exec-8] c.b.config.logging.HttpLoggingFilter - GET /api/seller/orders -> 200 (7 ms)
2025-11-15 23:04:27.551 [34mINFO [0;39m [2cd06b71-2f38-46f4-a42f-d21ba2b925a6] [http-nio-8081-exec-8] c.b.config.logging.HttpLoggingFilter - Headers: auth=present content-type=null accept=application/json, text/plain, */*
2025-11-15 23:04:27.552 [34mINFO [0;39m [2cd06b71-2f38-46f4-a42f-d21ba2b925a6] [http-nio-8081-exec-8] c.b.config.logging.HttpLoggingFilter - Response payload: []
2025-11-15 23:04:27.551 [34mINFO [0;39m [e0dea770-bb82-4a37-8479-df8503f57b29] [http-nio-8081-exec-1] c.b.config.logging.HttpLoggingFilter - GET /api/seller/stores -> 200 (8 ms)
2025-11-15 23:04:27.553 [34mINFO [0;39m [e0dea770-bb82-4a37-8479-df8503f57b29] [http-nio-8081-exec-1] c.b.config.logging.HttpLoggingFilter - Headers: auth=present content-type=null accept=application/json, text/plain, */*
2025-11-15 23:04:27.554 [34mINFO [0;39m [e0dea770-bb82-4a37-8479-df8503f57b29] [http-nio-8081-exec-1] c.b.config.logging.HttpLoggingFilter - Response payload: [{"name":"City Pharmacy","id":"ee22d9ac-6725-4b27-aaa2-f82e91297625","status":"open"},{"name":"Fresh Mart","id":"717f52c3-a230-45fd-b6bf-3004bc7fcba7","status":"open"},{"name":"List Store","id":"41f81552-2072-4122-94f9-5220b60bb65a","status":"open"},{"name":"Profile Store","id":"eb2a1d72-e850-4583-b1e1-384371b30616","status":"open"},{"name":"Profile Store2","id":"4d109f79-09c7-4bbf-9da5-7b3ecd96ade4","status":"open"},{"name":"Sunrise Hotel","id":"2cc7fac1-fede-44b9-9fad-ba9aea64d748","status":"open"},{"name":"ame","id":"c5d55106-d129-4ddc-bc83-29686c4dc145","status":"open"},{"name":"nhif","id":"bae476bd-97d1-4521-b494-09d072e5bfe0","status":"open"}]
2025-11-15 23:05:11.607 [34mINFO [0;39m [09c61dce-6407-42ee-b85d-fbd469c491f4] [http-nio-8081-exec-7] com.bharatshop.web.AuthController - Profile requested: tokenPresent=true 
2025-11-15 23:05:11.607 [34mINFO [0;39m [a2df054d-06ca-4a10-b54f-0bbff8ae89ec] [http-nio-8081-exec-9] c.b.web.StorefrontCartController - Storefront get cart: tenant=demo-store userId=cef0f7a2-6a4e-4bad-8e96-5bac264a4dab 
2025-11-15 23:05:11.612 [34mINFO [0;39m [09c61dce-6407-42ee-b85d-fbd469c491f4] [http-nio-8081-exec-7] com.bharatshop.web.AuthController - Profile success: userId=cef0f7a2-6a4e-4bad-8e96-5bac264a4dab
2025-11-15 23:05:11.615 [34mINFO [0;39m [09c61dce-6407-42ee-b85d-fbd469c491f4] [http-nio-8081-exec-7] c.b.config.logging.HttpLoggingFilter - GET /api/storefront/auth/profile -> 200 (8 ms)
2025-11-15 23:05:11.617 [34mINFO [0;39m [09c61dce-6407-42ee-b85d-fbd469c491f4] [http-nio-8081-exec-7] c.b.config.logging.HttpLoggingFilter - Headers: auth=present content-type=null accept=application/json, text/plain, */*
2025-11-15 23:05:11.617 [34mINFO [0;39m [09c61dce-6407-42ee-b85d-fbd469c491f4] [http-nio-8081-exec-7] c.b.config.logging.HttpLoggingFilter - Response payload: {"id":"cef0f7a2-6a4e-4bad-8e96-5bac264a4dab","name":"User0178","phone":"+917355460178","role":"seller"}
2025-11-15 23:05:11.624 [34mINFO [0;39m [a2df054d-06ca-4a10-b54f-0bbff8ae89ec] [http-nio-8081-exec-9] c.b.config.logging.HttpLoggingFilter - GET /api/storefront/cart -> 200 (17 ms)
2025-11-15 23:05:11.626 [34mINFO [0;39m [a2df054d-06ca-4a10-b54f-0bbff8ae89ec] [http-nio-8081-exec-9] c.b.config.logging.HttpLoggingFilter - Headers: auth=present content-type=null accept=application/json, text/plain, */*
2025-11-15 23:05:11.628 [34mINFO [0;39m [a2df054d-06ca-4a10-b54f-0bbff8ae89ec] [http-nio-8081-exec-9] c.b.config.logging.HttpLoggingFilter - Response payload: {"totals":{"subtotal":0.0,"itemsCount":0},"items":[]}
2025-11-15 23:05:11.636 [34mINFO [0;39m [1f404fff-f37c-443a-ae11-e18fff9db24f] [http-nio-8081-exec-6] com.bharatshop.web.AuthController - Profile requested: tokenPresent=true 
2025-11-15 23:05:11.648 [34mINFO [0;39m [a68d4c4f-2117-4a43-a49c-6cd5aecbc89d] [http-nio-8081-exec-4] c.b.web.StorefrontCartController - Storefront get cart: tenant=demo-store userId=cef0f7a2-6a4e-4bad-8e96-5bac264a4dab 
2025-11-15 23:05:11.654 [34mINFO [0;39m [a68d4c4f-2117-4a43-a49c-6cd5aecbc89d] [http-nio-8081-exec-4] c.b.config.logging.HttpLoggingFilter - GET /api/storefront/cart -> 200 (4 ms)
2025-11-15 23:05:11.654 [34mINFO [0;39m [a68d4c4f-2117-4a43-a49c-6cd5aecbc89d] [http-nio-8081-exec-4] c.b.config.logging.HttpLoggingFilter - Headers: auth=present content-type=null accept=application/json, text/plain, */*
2025-11-15 23:05:11.654 [34mINFO [0;39m [a68d4c4f-2117-4a43-a49c-6cd5aecbc89d] [http-nio-8081-exec-4] c.b.config.logging.HttpLoggingFilter - Response payload: {"totals":{"subtotal":0.0,"itemsCount":0},"items":[]}
2025-11-15 23:05:11.662 [34mINFO [0;39m [1f404fff-f37c-443a-ae11-e18fff9db24f] [http-nio-8081-exec-6] com.bharatshop.web.AuthController - Profile success: userId=cef0f7a2-6a4e-4bad-8e96-5bac264a4dab
2025-11-15 23:05:11.673 [34mINFO [0;39m [1f404fff-f37c-443a-ae11-e18fff9db24f] [http-nio-8081-exec-6] c.b.config.logging.HttpLoggingFilter - GET /api/storefront/auth/profile -> 200 (39 ms)
2025-11-15 23:05:11.682 [34mINFO [0;39m [1f404fff-f37c-443a-ae11-e18fff9db24f] [http-nio-8081-exec-6] c.b.config.logging.HttpLoggingFilter - Headers: auth=present content-type=null accept=application/json, text/plain, */*
2025-11-15 23:05:11.686 [34mINFO [0;39m [1f404fff-f37c-443a-ae11-e18fff9db24f] [http-nio-8081-exec-6] c.b.config.logging.HttpLoggingFilter - Response payload: {"id":"cef0f7a2-6a4e-4bad-8e96-5bac264a4dab","name":"User0178","phone":"+917355460178","role":"seller"}
2025-11-15 23:05:11.854 [34mINFO [0;39m [a3d64fe7-211e-4c8c-8fa3-9899e3ab55b7] [http-nio-8081-exec-5] c.b.web.seller.SellerStoreController - Seller list stores: search=null page=null limit=null pageSize=null
2025-11-15 23:05:11.861 [34mINFO [0;39m [a3d64fe7-211e-4c8c-8fa3-9899e3ab55b7] [http-nio-8081-exec-5] c.b.config.logging.HttpLoggingFilter - GET /api/seller/stores -> 200 (9 ms)
2025-11-15 23:05:11.862 [34mINFO [0;39m [a3d64fe7-211e-4c8c-8fa3-9899e3ab55b7] [http-nio-8081-exec-5] c.b.config.logging.HttpLoggingFilter - Headers: auth=present content-type=null accept=application/json, text/plain, */*
2025-11-15 23:05:11.862 [34mINFO [0;39m [a3d64fe7-211e-4c8c-8fa3-9899e3ab55b7] [http-nio-8081-exec-5] c.b.config.logging.HttpLoggingFilter - Response payload: [{"name":"City Pharmacy","id":"ee22d9ac-6725-4b27-aaa2-f82e91297625","status":"open"},{"name":"Fresh Mart","id":"717f52c3-a230-45fd-b6bf-3004bc7fcba7","status":"open"},{"name":"List Store","id":"41f81552-2072-4122-94f9-5220b60bb65a","status":"open"},{"name":"Profile Store","id":"eb2a1d72-e850-4583-b1e1-384371b30616","status":"open"},{"name":"Profile Store2","id":"4d109f79-09c7-4bbf-9da5-7b3ecd96ade4","status":"open"},{"name":"Sunrise Hotel","id":"2cc7fac1-fede-44b9-9fad-ba9aea64d748","status":"open"},{"name":"ame","id":"c5d55106-d129-4ddc-bc83-29686c4dc145","status":"open"},{"name":"nhif","id":"bae476bd-97d1-4521-b494-09d072e5bfe0","status":"open"}]
2025-11-15 23:05:11.926 [34mINFO [0;39m [0d96d3a6-30e1-4fd1-9f3c-70264d894064] [http-nio-8081-exec-10] c.b.web.seller.SellerOrderController - Seller list orders: storeId=null status=null from=null to=null page=null limit=null tenant=demo-store
2025-11-15 23:05:11.930 [34mINFO [0;39m [24464fda-ba39-4953-b218-f0b8f8c3af40] [http-nio-8081-exec-3] c.b.web.seller.SellerStoreController - Seller list stores: search=null page=null limit=null pageSize=null
2025-11-15 23:05:11.932 [34mINFO [0;39m [0d96d3a6-30e1-4fd1-9f3c-70264d894064] [http-nio-8081-exec-10] c.b.web.seller.SellerOrderController - Seller list orders success: count=0
2025-11-15 23:05:11.933 [34mINFO [0;39m [0d96d3a6-30e1-4fd1-9f3c-70264d894064] [http-nio-8081-exec-10] c.b.config.logging.HttpLoggingFilter - GET /api/seller/orders -> 200 (9 ms)
2025-11-15 23:05:11.933 [34mINFO [0;39m [0d96d3a6-30e1-4fd1-9f3c-70264d894064] [http-nio-8081-exec-10] c.b.config.logging.HttpLoggingFilter - Headers: auth=present content-type=null accept=application/json, text/plain, */*
2025-11-15 23:05:11.933 [34mINFO [0;39m [0d96d3a6-30e1-4fd1-9f3c-70264d894064] [http-nio-8081-exec-10] c.b.config.logging.HttpLoggingFilter - Response payload: []
2025-11-15 23:05:11.933 [34mINFO [0;39m [24464fda-ba39-4953-b218-f0b8f8c3af40] [http-nio-8081-exec-3] c.b.config.logging.HttpLoggingFilter - GET /api/seller/stores -> 200 (5 ms)
2025-11-15 23:05:11.938 [34mINFO [0;39m [24464fda-ba39-4953-b218-f0b8f8c3af40] [http-nio-8081-exec-3] c.b.config.logging.HttpLoggingFilter - Headers: auth=present content-type=null accept=application/json, text/plain, */*
2025-11-15 23:05:11.939 [34mINFO [0;39m [24464fda-ba39-4953-b218-f0b8f8c3af40] [http-nio-8081-exec-3] c.b.config.logging.HttpLoggingFilter - Response payload: [{"name":"City Pharmacy","id":"ee22d9ac-6725-4b27-aaa2-f82e91297625","status":"open"},{"name":"Fresh Mart","id":"717f52c3-a230-45fd-b6bf-3004bc7fcba7","status":"open"},{"name":"List Store","id":"41f81552-2072-4122-94f9-5220b60bb65a","status":"open"},{"name":"Profile Store","id":"eb2a1d72-e850-4583-b1e1-384371b30616","status":"open"},{"name":"Profile Store2","id":"4d109f79-09c7-4bbf-9da5-7b3ecd96ade4","status":"open"},{"name":"Sunrise Hotel","id":"2cc7fac1-fede-44b9-9fad-ba9aea64d748","status":"open"},{"name":"ame","id":"c5d55106-d129-4ddc-bc83-29686c4dc145","status":"open"},{"name":"nhif","id":"bae476bd-97d1-4521-b494-09d072e5bfe0","status":"open"}]
2025-11-15 23:05:11.953 [34mINFO [0;39m [3ee2697f-de68-4039-9018-5dc0c9f754c2] [http-nio-8081-exec-2] c.b.web.seller.SellerOrderController - Seller list orders: storeId=null status=null from=null to=null page=null limit=null tenant=demo-store
2025-11-15 23:05:11.955 [34mINFO [0;39m [45bba0ea-3751-4548-9f46-8d59c5dbf7e3] [http-nio-8081-exec-8] c.b.web.seller.SellerStoreController - Seller list stores: search=null page=null limit=null pageSize=null
2025-11-15 23:05:11.955 [34mINFO [0;39m [3ee2697f-de68-4039-9018-5dc0c9f754c2] [http-nio-8081-exec-2] c.b.web.seller.SellerOrderController - Seller list orders success: count=0
2025-11-15 23:05:11.957 [34mINFO [0;39m [3ee2697f-de68-4039-9018-5dc0c9f754c2] [http-nio-8081-exec-2] c.b.config.logging.HttpLoggingFilter - GET /api/seller/orders -> 200 (8 ms)
2025-11-15 23:05:11.957 [34mINFO [0;39m [3ee2697f-de68-4039-9018-5dc0c9f754c2] [http-nio-8081-exec-2] c.b.config.logging.HttpLoggingFilter - Headers: auth=present content-type=null accept=application/json, text/plain, */*
2025-11-15 23:05:11.957 [34mINFO [0;39m [3ee2697f-de68-4039-9018-5dc0c9f754c2] [http-nio-8081-exec-2] c.b.config.logging.HttpLoggingFilter - Response payload: []
2025-11-15 23:05:11.963 [34mINFO [0;39m [45bba0ea-3751-4548-9f46-8d59c5dbf7e3] [http-nio-8081-exec-8] c.b.config.logging.HttpLoggingFilter - GET /api/seller/stores -> 200 (10 ms)
2025-11-15 23:05:11.963 [34mINFO [0;39m [45bba0ea-3751-4548-9f46-8d59c5dbf7e3] [http-nio-8081-exec-8] c.b.config.logging.HttpLoggingFilter - Headers: auth=present content-type=null accept=application/json, text/plain, */*
2025-11-15 23:05:11.963 [34mINFO [0;39m [45bba0ea-3751-4548-9f46-8d59c5dbf7e3] [http-nio-8081-exec-8] c.b.config.logging.HttpLoggingFilter - Response payload: [{"name":"City Pharmacy","id":"ee22d9ac-6725-4b27-aaa2-f82e91297625","status":"open"},{"name":"Fresh Mart","id":"717f52c3-a230-45fd-b6bf-3004bc7fcba7","status":"open"},{"name":"List Store","id":"41f81552-2072-4122-94f9-5220b60bb65a","status":"open"},{"name":"Profile Store","id":"eb2a1d72-e850-4583-b1e1-384371b30616","status":"open"},{"name":"Profile Store2","id":"4d109f79-09c7-4bbf-9da5-7b3ecd96ade4","status":"open"},{"name":"Sunrise Hotel","id":"2cc7fac1-fede-44b9-9fad-ba9aea64d748","status":"open"},{"name":"ame","id":"c5d55106-d129-4ddc-bc83-29686c4dc145","status":"open"},{"name":"nhif","id":"bae476bd-97d1-4521-b494-09d072e5bfe0","status":"open"}]
2025-11-15 23:05:59.674 [34mINFO [0;39m [f1d619cb-e4b3-4514-9014-f87d03a99443] [http-nio-8081-exec-1] c.b.web.StoreDiscoveryController - Global categories requested: tenant=demo-store
2025-11-15 23:05:59.680 [34mINFO [0;39m [7bc20c19-abd3-44be-8eb2-bd0b3d972094] [http-nio-8081-exec-7] c.b.web.seller.SellerStoreController - Seller list stores: search=null page=null limit=null pageSize=null
2025-11-15 23:05:59.682 [34mINFO [0;39m [f1d619cb-e4b3-4514-9014-f87d03a99443] [http-nio-8081-exec-1] c.b.config.logging.HttpLoggingFilter - GET /api/categories -> 200 (10 ms)
2025-11-15 23:05:59.684 [34mINFO [0;39m [f1d619cb-e4b3-4514-9014-f87d03a99443] [http-nio-8081-exec-1] c.b.config.logging.HttpLoggingFilter - Headers: auth=present content-type=null accept=application/json, text/plain, */*
2025-11-15 23:05:59.684 [34mINFO [0;39m [f1d619cb-e4b3-4514-9014-f87d03a99443] [http-nio-8081-exec-1] c.b.config.logging.HttpLoggingFilter - Response payload: ["dairy","fruits","medicine","room"]
2025-11-15 23:05:59.693 [34mINFO [0;39m [7bc20c19-abd3-44be-8eb2-bd0b3d972094] [http-nio-8081-exec-7] c.b.config.logging.HttpLoggingFilter - GET /api/seller/stores -> 200 (15 ms)
2025-11-15 23:05:59.697 [34mINFO [0;39m [7bc20c19-abd3-44be-8eb2-bd0b3d972094] [http-nio-8081-exec-7] c.b.config.logging.HttpLoggingFilter - Headers: auth=present content-type=null accept=application/json, text/plain, */*
2025-11-15 23:05:59.697 [34mINFO [0;39m [7bc20c19-abd3-44be-8eb2-bd0b3d972094] [http-nio-8081-exec-7] c.b.config.logging.HttpLoggingFilter - Response payload: [{"name":"City Pharmacy","id":"ee22d9ac-6725-4b27-aaa2-f82e91297625","status":"open"},{"name":"Fresh Mart","id":"717f52c3-a230-45fd-b6bf-3004bc7fcba7","status":"open"},{"name":"List Store","id":"41f81552-2072-4122-94f9-5220b60bb65a","status":"open"},{"name":"Profile Store","id":"eb2a1d72-e850-4583-b1e1-384371b30616","status":"open"},{"name":"Profile Store2","id":"4d109f79-09c7-4bbf-9da5-7b3ecd96ade4","status":"open"},{"name":"Sunrise Hotel","id":"2cc7fac1-fede-44b9-9fad-ba9aea64d748","status":"open"},{"name":"ame","id":"c5d55106-d129-4ddc-bc83-29686c4dc145","status":"open"},{"name":"nhif","id":"bae476bd-97d1-4521-b494-09d072e5bfe0","status":"open"}]
2025-11-15 23:05:59.705 [34mINFO [0;39m [e423c999-794f-4244-97b2-c57a09c26e94] [http-nio-8081-exec-9] c.b.web.StoreDiscoveryController - Global categories requested: tenant=demo-store
2025-11-15 23:05:59.711 [34mINFO [0;39m [dea7acda-465d-4868-a7cf-9fd3841926fa] [http-nio-8081-exec-4] c.b.web.seller.SellerStoreController - Seller list stores: search=null page=null limit=null pageSize=null
2025-11-15 23:05:59.712 [34mINFO [0;39m [e423c999-794f-4244-97b2-c57a09c26e94] [http-nio-8081-exec-9] c.b.config.logging.HttpLoggingFilter - GET /api/categories -> 200 (7 ms)
2025-11-15 23:05:59.713 [34mINFO [0;39m [e423c999-794f-4244-97b2-c57a09c26e94] [http-nio-8081-exec-9] c.b.config.logging.HttpLoggingFilter - Headers: auth=present content-type=null accept=application/json, text/plain, */*
2025-11-15 23:05:59.714 [34mINFO [0;39m [e423c999-794f-4244-97b2-c57a09c26e94] [http-nio-8081-exec-9] c.b.config.logging.HttpLoggingFilter - Response payload: ["dairy","fruits","medicine","room"]
2025-11-15 23:05:59.717 [34mINFO [0;39m [dea7acda-465d-4868-a7cf-9fd3841926fa] [http-nio-8081-exec-4] c.b.config.logging.HttpLoggingFilter - GET /api/seller/stores -> 200 (7 ms)
2025-11-15 23:05:59.719 [34mINFO [0;39m [dea7acda-465d-4868-a7cf-9fd3841926fa] [http-nio-8081-exec-4] c.b.config.logging.HttpLoggingFilter - Headers: auth=present content-type=null accept=application/json, text/plain, */*
2025-11-15 23:05:59.719 [34mINFO [0;39m [dea7acda-465d-4868-a7cf-9fd3841926fa] [http-nio-8081-exec-4] c.b.config.logging.HttpLoggingFilter - Response payload: [{"name":"City Pharmacy","id":"ee22d9ac-6725-4b27-aaa2-f82e91297625","status":"open"},{"name":"Fresh Mart","id":"717f52c3-a230-45fd-b6bf-3004bc7fcba7","status":"open"},{"name":"List Store","id":"41f81552-2072-4122-94f9-5220b60bb65a","status":"open"},{"name":"Profile Store","id":"eb2a1d72-e850-4583-b1e1-384371b30616","status":"open"},{"name":"Profile Store2","id":"4d109f79-09c7-4bbf-9da5-7b3ecd96ade4","status":"open"},{"name":"Sunrise Hotel","id":"2cc7fac1-fede-44b9-9fad-ba9aea64d748","status":"open"},{"name":"ame","id":"c5d55106-d129-4ddc-bc83-29686c4dc145","status":"open"},{"name":"nhif","id":"bae476bd-97d1-4521-b494-09d072e5bfe0","status":"open"}]
2025-11-15 23:13:09.789 [34mINFO [0;39m [] [main] c.bharatshop.BharatshopApplication - Starting BharatshopApplication using Java 17.0.12 with PID 80308 (C:\Users\Adarsh\Downloads\bharatshop-backend\target\classes started by Adarsh in C:\Users\Adarsh\Downloads\bharatshop-backend)
2025-11-15 23:13:09.791 [39mDEBUG[0;39m [] [main] c.bharatshop.BharatshopApplication - Running with Spring Boot v3.3.4, Spring v6.1.13
2025-11-15 23:13:09.791 [34mINFO [0;39m [] [main] c.bharatshop.BharatshopApplication - No active profile set, falling back to 1 default profile: "default"
2025-11-15 23:13:11.578 [34mINFO [0;39m [] [main] o.s.d.r.c.RepositoryConfigurationDelegate - Bootstrapping Spring Data JPA repositories in DEFAULT mode.
2025-11-15 23:13:11.685 [34mINFO [0;39m [] [main] o.s.d.r.c.RepositoryConfigurationDelegate - Finished Spring Data repository scanning in 96 ms. Found 6 JPA repository interfaces.
2025-11-15 23:13:12.681 [34mINFO [0;39m [] [main] o.s.b.w.e.tomcat.TomcatWebServer - Tomcat initialized with port 8082 (http)
2025-11-15 23:13:12.699 [34mINFO [0;39m [] [main] o.a.coyote.http11.Http11NioProtocol - Initializing ProtocolHandler ["http-nio-8082"]
2025-11-15 23:13:12.704 [34mINFO [0;39m [] [main] o.a.catalina.core.StandardService - Starting service [Tomcat]
2025-11-15 23:13:12.704 [34mINFO [0;39m [] [main] o.a.catalina.core.StandardEngine - Starting Servlet engine: [Apache Tomcat/10.1.30]
2025-11-15 23:13:12.799 [34mINFO [0;39m [] [main] o.a.c.c.C.[Tomcat].[localhost].[/] - Initializing Spring embedded WebApplicationContext
2025-11-15 23:13:12.799 [34mINFO [0;39m [] [main] o.s.b.w.s.c.ServletWebServerApplicationContext - Root WebApplicationContext: initialization completed in 2957 ms
2025-11-15 23:13:12.962 [34mINFO [0;39m [] [main] com.zaxxer.hikari.HikariDataSource - HikariPool-1 - Starting...
2025-11-15 23:13:13.243 [34mINFO [0;39m [] [main] com.zaxxer.hikari.pool.HikariPool - HikariPool-1 - Added connection conn0: url=jdbc:h2:mem:bharatshop user=SA
2025-11-15 23:13:13.247 [34mINFO [0;39m [] [main] com.zaxxer.hikari.HikariDataSource - HikariPool-1 - Start completed.
2025-11-15 23:13:13.261 [34mINFO [0;39m [] [main] o.s.b.a.h.H2ConsoleAutoConfiguration - H2 console available at '/h2-console'. Database available at 'jdbc:h2:mem:bharatshop'
2025-11-15 23:13:13.963 [34mINFO [0;39m [] [main] o.s.o.j.p.SpringPersistenceUnitInfo - No LoadTimeWeaver setup: ignoring JPA class transformer
2025-11-15 23:13:15.329 [34mINFO [0;39m [] [main] o.s.o.j.LocalContainerEntityManagerFactoryBean - Initialized JPA EntityManagerFactory for persistence unit 'default'
2025-11-15 23:13:15.680 [34mINFO [0;39m [] [main] c.b.config.NotificationConfig - SMS provider: LOG (fallback)
2025-11-15 23:13:15.683 [34mINFO [0;39m [] [main] c.b.config.NotificationConfig - Email provider: LOG (fallback)
2025-11-15 23:13:15.790 [39mDEBUG[0;39m [] [main] c.b.c.logging.CorrelationIdFilter - Filter 'correlationIdFilter' configured for use
2025-11-15 23:13:15.790 [39mDEBUG[0;39m [] [main] c.b.config.logging.HttpLoggingFilter - Filter 'httpLoggingFilter' configured for use
2025-11-15 23:13:15.793 [39mDEBUG[0;39m [] [main] com.bharatshop.config.TenantFilter - Filter 'tenantFilter' configured for use
2025-11-15 23:13:15.793 [39mDEBUG[0;39m [] [main] c.b.security.TokenAuthFilter - Filter 'tokenAuthFilter' configured for use
2025-11-15 23:13:15.796 [39mDEBUG[0;39m [] [main] c.b.config.IdempotencyFilter - Filter 'idempotencyFilter' configured for use
2025-11-15 23:13:16.392 [31mWARN [0;39m [] [main] o.s.b.a.o.j.JpaBaseConfiguration$JpaWebConfiguration - spring.jpa.open-in-view is enabled by default. Therefore, database queries may be performed during view rendering. Explicitly configure spring.jpa.open-in-view to disable this warning
2025-11-15 23:13:16.460 [31mWARN [0;39m [] [main] o.s.b.a.s.s.UserDetailsServiceAutoConfiguration - 

Using generated security password: a1c780fc-4bb7-4549-ae22-5afcde1b3a46

This generated password is for development use only. Your security configuration must be updated before running your application in production.

2025-11-15 23:13:16.477 [34mINFO [0;39m [] [main] o.s.s.c.a.a.c.InitializeUserDetailsBeanManagerConfigurer$InitializeUserDetailsManagerConfigurer - Global AuthenticationManager configured with UserDetailsService bean with name inMemoryUserDetailsManager
2025-11-15 23:13:17.231 [34mINFO [0;39m [] [main] o.s.b.a.e.web.EndpointLinksResolver - Exposing 4 endpoints beneath base path '/actuator'
2025-11-15 23:13:18.164 [34mINFO [0;39m [] [main] o.a.coyote.http11.Http11NioProtocol - Starting ProtocolHandler ["http-nio-8082"]
2025-11-15 23:13:18.206 [34mINFO [0;39m [] [main] o.s.b.w.e.tomcat.TomcatWebServer - Tomcat started on port 8082 (http) with context path '/'
2025-11-15 23:13:18.230 [34mINFO [0;39m [] [main] c.bharatshop.BharatshopApplication - Started BharatshopApplication in 9.091 seconds (process running for 9.559)
2025-11-15 23:13:18.291 [39mDEBUG[0;39m [] [main] c.b.c.logging.MethodLoggingAspect - Service enter: StoreService.add(..) args=[Store(com.bharatshop.domain.Store@67e42fd6)]
2025-11-15 23:13:18.415 [34mINFO [0;39m [] [main] c.b.c.logging.MethodLoggingAspect - Service exit: StoreService.add(..) (125 ms)
2025-11-15 23:13:18.415 [39mDEBUG[0;39m [] [main] c.b.c.logging.MethodLoggingAspect - Service result: StoreService.add(..) => Store(com.bharatshop.domain.Store@362aa318)
2025-11-15 23:13:18.415 [39mDEBUG[0;39m [] [main] c.b.c.logging.MethodLoggingAspect - Service enter: StoreService.add(..) args=[Store(com.bharatshop.domain.Store@16433d56)]
2025-11-15 23:13:18.419 [34mINFO [0;39m [] [main] c.b.c.logging.MethodLoggingAspect - Service exit: StoreService.add(..) (4 ms)
2025-11-15 23:13:18.419 [39mDEBUG[0;39m [] [main] c.b.c.logging.MethodLoggingAspect - Service result: StoreService.add(..) => Store(com.bharatshop.domain.Store@40def23)
2025-11-15 23:13:18.419 [39mDEBUG[0;39m [] [main] c.b.c.logging.MethodLoggingAspect - Service enter: StoreService.add(..) args=[Store(com.bharatshop.domain.Store@5337a5ae)]
2025-11-15 23:13:18.421 [34mINFO [0;39m [] [main] c.b.c.logging.MethodLoggingAspect - Service exit: StoreService.add(..) (2 ms)
2025-11-15 23:13:18.421 [39mDEBUG[0;39m [] [main] c.b.c.logging.MethodLoggingAspect - Service result: StoreService.add(..) => Store(com.bharatshop.domain.Store@6127ae9e)
2025-11-15 23:13:18.421 [39mDEBUG[0;39m [] [main] c.b.c.logging.MethodLoggingAspect - Service enter: ProductService.add(..) args=[Product(com.bharatshop.domain.Product@601e465f)]
2025-11-15 23:13:18.428 [34mINFO [0;39m [] [main] c.b.c.logging.MethodLoggingAspect - Service exit: ProductService.add(..) (7 ms)
2025-11-15 23:13:18.429 [39mDEBUG[0;39m [] [main] c.b.c.logging.MethodLoggingAspect - Service result: ProductService.add(..) => null
2025-11-15 23:13:18.429 [39mDEBUG[0;39m [] [main] c.b.c.logging.MethodLoggingAspect - Service enter: ProductService.add(..) args=[Product(com.bharatshop.domain.Product@16a4d5a9)]
2025-11-15 23:13:18.432 [34mINFO [0;39m [] [main] c.b.c.logging.MethodLoggingAspect - Service exit: ProductService.add(..) (3 ms)
2025-11-15 23:13:18.432 [39mDEBUG[0;39m [] [main] c.b.c.logging.MethodLoggingAspect - Service result: ProductService.add(..) => null
2025-11-15 23:13:18.432 [39mDEBUG[0;39m [] [main] c.b.c.logging.MethodLoggingAspect - Service enter: ProductService.add(..) args=[Product(com.bharatshop.domain.Product@16adf66f)]
2025-11-15 23:13:18.434 [34mINFO [0;39m [] [main] c.b.c.logging.MethodLoggingAspect - Service exit: ProductService.add(..) (2 ms)
2025-11-15 23:13:18.434 [39mDEBUG[0;39m [] [main] c.b.c.logging.MethodLoggingAspect - Service result: ProductService.add(..) => null
2025-11-15 23:13:18.434 [39mDEBUG[0;39m [] [main] c.b.c.logging.MethodLoggingAspect - Service enter: ProductService.add(..) args=[Product(com.bharatshop.domain.Product@50e3be0a)]
2025-11-15 23:13:18.437 [34mINFO [0;39m [] [main] c.b.c.logging.MethodLoggingAspect - Service exit: ProductService.add(..) (3 ms)
2025-11-15 23:13:18.437 [39mDEBUG[0;39m [] [main] c.b.c.logging.MethodLoggingAspect - Service result: ProductService.add(..) => null
2025-11-15 23:13:18.679 [34mINFO [0;39m [] [http-nio-8082-exec-1] o.a.c.c.C.[Tomcat].[localhost].[/] - Initializing Spring DispatcherServlet 'dispatcherServlet'
2025-11-15 23:13:18.679 [34mINFO [0;39m [] [http-nio-8082-exec-1] o.s.web.servlet.DispatcherServlet - Initializing Servlet 'dispatcherServlet'
2025-11-15 23:13:18.679 [34mINFO [0;39m [] [http-nio-8082-exec-1] o.s.web.servlet.DispatcherServlet - Completed initialization in 0 ms
2025-11-15 23:13:18.750 [39mDEBUG[0;39m [b26e595a-3182-4902-b149-e9fb063d2715] [http-nio-8082-exec-1] c.b.c.logging.MethodLoggingAspect - Controller enter: StoreDiscoveryController.stores(..) args=[null, null, null]
2025-11-15 23:13:18.750 [34mINFO [0;39m [b26e595a-3182-4902-b149-e9fb063d2715] [http-nio-8082-exec-1] c.b.web.StoreDiscoveryController - Discover stores: tenant=null search=null category=null
2025-11-15 23:13:18.750 [39mDEBUG[0;39m [b26e595a-3182-4902-b149-e9fb063d2715] [http-nio-8082-exec-1] c.b.c.logging.MethodLoggingAspect - Factory enter: FactoryProvider.getFactory(..) args=[null]
2025-11-15 23:13:18.750 [34mINFO [0;39m [b26e595a-3182-4902-b149-e9fb063d2715] [http-nio-8082-exec-1] c.b.c.logging.MethodLoggingAspect - Factory exit: FactoryProvider.getFactory(..) (0 ms)
2025-11-15 23:13:18.750 [39mDEBUG[0;39m [b26e595a-3182-4902-b149-e9fb063d2715] [http-nio-8082-exec-1] c.b.c.logging.MethodLoggingAspect - Factory result: FactoryProvider.getFactory(..) => DefaultStorefrontFactory$$SpringCGLIB$$0(com.bharatshop.factory.impl.DefaultStorefrontFactory@11759e4a)
2025-11-15 23:13:18.750 [39mDEBUG[0;39m [b26e595a-3182-4902-b149-e9fb063d2715] [http-nio-8082-exec-1] c.b.c.logging.MethodLoggingAspect - Factory enter: DefaultStorefrontFactory.stores() args=[]
2025-11-15 23:13:18.750 [34mINFO [0;39m [b26e595a-3182-4902-b149-e9fb063d2715] [http-nio-8082-exec-1] c.b.c.logging.MethodLoggingAspect - Factory exit: DefaultStorefrontFactory.stores() (0 ms)
2025-11-15 23:13:18.750 [39mDEBUG[0;39m [b26e595a-3182-4902-b149-e9fb063d2715] [http-nio-8082-exec-1] c.b.c.logging.MethodLoggingAspect - Factory result: DefaultStorefrontFactory.stores() => (com.bharatshop.factory.impl.DefaultStorefrontFactory$2@60f79183)
2025-11-15 23:13:18.750 [39mDEBUG[0;39m [b26e595a-3182-4902-b149-e9fb063d2715] [http-nio-8082-exec-1] c.b.c.logging.MethodLoggingAspect - Service enter: StoreService.list(..) args=[null, null]
2025-11-15 23:13:18.830 [34mINFO [0;39m [b26e595a-3182-4902-b149-e9fb063d2715] [http-nio-8082-exec-1] c.b.c.logging.MethodLoggingAspect - Service exit: StoreService.list(..) (80 ms)
2025-11-15 23:13:18.830 [39mDEBUG[0;39m [b26e595a-3182-4902-b149-e9fb063d2715] [http-nio-8082-exec-1] c.b.c.logging.MethodLoggingAspect - Service result: StoreService.list(..) => ArrayList[size=3]
2025-11-15 23:13:18.841 [34mINFO [0;39m [b26e595a-3182-4902-b149-e9fb063d2715] [http-nio-8082-exec-1] c.b.c.logging.MethodLoggingAspect - Controller exit: StoreDiscoveryController.stores(..) -> status=200 (91 ms)
2025-11-15 23:13:18.841 [39mDEBUG[0;39m [b26e595a-3182-4902-b149-e9fb063d2715] [http-nio-8082-exec-1] c.b.c.logging.MethodLoggingAspect - Controller result: StoreDiscoveryController.stores(..) => ResponseEntity(status=200)
2025-11-15 23:13:18.903 [34mINFO [0;39m [b26e595a-3182-4902-b149-e9fb063d2715] [http-nio-8082-exec-1] c.b.config.logging.HttpLoggingFilter - GET /api/stores -> 200 (174 ms)
2025-11-15 23:13:18.904 [34mINFO [0;39m [b26e595a-3182-4902-b149-e9fb063d2715] [http-nio-8082-exec-1] c.b.config.logging.HttpLoggingFilter - Headers: auth=absent content-type=null accept=null
2025-11-15 23:13:18.904 [34mINFO [0;39m [b26e595a-3182-4902-b149-e9fb063d2715] [http-nio-8082-exec-1] c.b.config.logging.HttpLoggingFilter - Response payload: [{"id":"ddee02eb-aad9-4cbc-b405-da6f6fe9ea13","name":"City Pharmacy","area":"Brigade","category":"pharmacy","status":"open","orderingDisabled":false,"updatedAt":"2025-11-15T17:43:18.415640Z"},{"id":"b9bfd217-ba89-45bf-a3ee-32c19435ddc0","name":"Fresh Mart","area":"MG Road","category":"grocery","status":"open","orderingDisabled":false,"updatedAt":"2025-11-15T17:43:18.292642Z"},{"id":"34d7ef77-4aa0-4dad-b552-10831125ce04","name":"Sunrise Hotel","area":"Beach","category":"hospitality","status":"open","orderingDisabled":false,"updatedAt":"2025-11-15T17:43:18.419425Z"}]
2025-11-15 23:16:04.570 [34mINFO [0;39m [34a1271b-bf01-42f6-a972-f640a8170092] [http-nio-8081-exec-6] c.b.web.seller.SellerOrderController - Seller list orders: storeId=null status=null from=null to=null page=null limit=null tenant=demo-store
2025-11-15 23:16:04.573 [34mINFO [0;39m [f6459649-b76e-4e6d-a212-9c9c0e2c593c] [http-nio-8081-exec-5] c.b.web.seller.SellerStoreController - Seller list stores: search=null page=null limit=null pageSize=null
2025-11-15 23:16:04.578 [34mINFO [0;39m [34a1271b-bf01-42f6-a972-f640a8170092] [http-nio-8081-exec-6] c.b.web.seller.SellerOrderController - Seller list orders success: count=0
2025-11-15 23:16:04.580 [34mINFO [0;39m [f6459649-b76e-4e6d-a212-9c9c0e2c593c] [http-nio-8081-exec-5] c.b.config.logging.HttpLoggingFilter - GET /api/seller/stores -> 200 (9 ms)
2025-11-15 23:16:04.582 [34mINFO [0;39m [f6459649-b76e-4e6d-a212-9c9c0e2c593c] [http-nio-8081-exec-5] c.b.config.logging.HttpLoggingFilter - Headers: auth=present content-type=null accept=application/json, text/plain, */*
2025-11-15 23:16:04.582 [34mINFO [0;39m [f6459649-b76e-4e6d-a212-9c9c0e2c593c] [http-nio-8081-exec-5] c.b.config.logging.HttpLoggingFilter - Response payload: [{"name":"City Pharmacy","id":"ee22d9ac-6725-4b27-aaa2-f82e91297625","status":"open"},{"name":"Fresh Mart","id":"717f52c3-a230-45fd-b6bf-3004bc7fcba7","status":"open"},{"name":"List Store","id":"41f81552-2072-4122-94f9-5220b60bb65a","status":"open"},{"name":"Profile Store","id":"eb2a1d72-e850-4583-b1e1-384371b30616","status":"open"},{"name":"Profile Store2","id":"4d109f79-09c7-4bbf-9da5-7b3ecd96ade4","status":"open"},{"name":"Sunrise Hotel","id":"2cc7fac1-fede-44b9-9fad-ba9aea64d748","status":"open"},{"name":"ame","id":"c5d55106-d129-4ddc-bc83-29686c4dc145","status":"open"},{"name":"nhif","id":"bae476bd-97d1-4521-b494-09d072e5bfe0","status":"open"}]
2025-11-15 23:16:04.583 [34mINFO [0;39m [34a1271b-bf01-42f6-a972-f640a8170092] [http-nio-8081-exec-6] c.b.config.logging.HttpLoggingFilter - GET /api/seller/orders -> 200 (15 ms)
2025-11-15 23:16:04.585 [34mINFO [0;39m [34a1271b-bf01-42f6-a972-f640a8170092] [http-nio-8081-exec-6] c.b.config.logging.HttpLoggingFilter - Headers: auth=present content-type=null accept=application/json, text/plain, */*
2025-11-15 23:16:04.587 [34mINFO [0;39m [34a1271b-bf01-42f6-a972-f640a8170092] [http-nio-8081-exec-6] c.b.config.logging.HttpLoggingFilter - Response payload: []
2025-11-15 23:16:04.599 [34mINFO [0;39m [5752a975-2ec3-4b14-b4ae-9d607e5319aa] [http-nio-8081-exec-10] c.b.web.seller.SellerStoreController - Seller list stores: search=null page=null limit=null pageSize=null
2025-11-15 23:16:04.604 [34mINFO [0;39m [6b29f709-7f83-46b9-85a6-5db783e578ab] [http-nio-8081-exec-3] c.b.web.seller.SellerOrderController - Seller list orders: storeId=null status=null from=null to=null page=null limit=null tenant=demo-store
2025-11-15 23:16:04.607 [34mINFO [0;39m [5752a975-2ec3-4b14-b4ae-9d607e5319aa] [http-nio-8081-exec-10] c.b.config.logging.HttpLoggingFilter - GET /api/seller/stores -> 200 (10 ms)
2025-11-15 23:16:04.609 [34mINFO [0;39m [5752a975-2ec3-4b14-b4ae-9d607e5319aa] [http-nio-8081-exec-10] c.b.config.logging.HttpLoggingFilter - Headers: auth=present content-type=null accept=application/json, text/plain, */*
2025-11-15 23:16:04.609 [34mINFO [0;39m [5752a975-2ec3-4b14-b4ae-9d607e5319aa] [http-nio-8081-exec-10] c.b.config.logging.HttpLoggingFilter - Response payload: [{"name":"City Pharmacy","id":"ee22d9ac-6725-4b27-aaa2-f82e91297625","status":"open"},{"name":"Fresh Mart","id":"717f52c3-a230-45fd-b6bf-3004bc7fcba7","status":"open"},{"name":"List Store","id":"41f81552-2072-4122-94f9-5220b60bb65a","status":"open"},{"name":"Profile Store","id":"eb2a1d72-e850-4583-b1e1-384371b30616","status":"open"},{"name":"Profile Store2","id":"4d109f79-09c7-4bbf-9da5-7b3ecd96ade4","status":"open"},{"name":"Sunrise Hotel","id":"2cc7fac1-fede-44b9-9fad-ba9aea64d748","status":"open"},{"name":"ame","id":"c5d55106-d129-4ddc-bc83-29686c4dc145","status":"open"},{"name":"nhif","id":"bae476bd-97d1-4521-b494-09d072e5bfe0","status":"open"}]
2025-11-15 23:16:04.609 [34mINFO [0;39m [6b29f709-7f83-46b9-85a6-5db783e578ab] [http-nio-8081-exec-3] c.b.web.seller.SellerOrderController - Seller list orders success: count=0
2025-11-15 23:16:04.610 [34mINFO [0;39m [6b29f709-7f83-46b9-85a6-5db783e578ab] [http-nio-8081-exec-3] c.b.config.logging.HttpLoggingFilter - GET /api/seller/orders -> 200 (7 ms)
2025-11-15 23:16:04.612 [34mINFO [0;39m [6b29f709-7f83-46b9-85a6-5db783e578ab] [http-nio-8081-exec-3] c.b.config.logging.HttpLoggingFilter - Headers: auth=present content-type=null accept=application/json, text/plain, */*
2025-11-15 23:16:04.612 [34mINFO [0;39m [6b29f709-7f83-46b9-85a6-5db783e578ab] [http-nio-8081-exec-3] c.b.config.logging.HttpLoggingFilter - Response payload: []
2025-11-15 23:16:23.921 [34mINFO [0;39m [f8230707-69b7-4f87-9a2a-52c08cb47235] [http-nio-8081-exec-2] c.b.web.StoreDiscoveryController - Global categories requested: tenant=demo-store
2025-11-15 23:16:23.925 [34mINFO [0;39m [f8230707-69b7-4f87-9a2a-52c08cb47235] [http-nio-8081-exec-2] c.b.config.logging.HttpLoggingFilter - GET /api/categories -> 200 (5 ms)
2025-11-15 23:16:23.926 [34mINFO [0;39m [f8230707-69b7-4f87-9a2a-52c08cb47235] [http-nio-8081-exec-2] c.b.config.logging.HttpLoggingFilter - Headers: auth=present content-type=null accept=application/json, text/plain, */*
2025-11-15 23:16:23.926 [34mINFO [0;39m [f8230707-69b7-4f87-9a2a-52c08cb47235] [http-nio-8081-exec-2] c.b.config.logging.HttpLoggingFilter - Response payload: ["dairy","fruits","medicine","room"]
2025-11-15 23:16:23.957 [34mINFO [0;39m [e2295f20-0e11-4548-a29e-2ca2c3f574ed] [http-nio-8081-exec-1] c.b.web.StoreDiscoveryController - Global categories requested: tenant=demo-store
2025-11-15 23:16:23.957 [34mINFO [0;39m [3d187ca3-292e-4beb-85f0-30e26c3d23e3] [http-nio-8081-exec-8] c.b.web.seller.SellerStoreController - Seller list stores: search=null page=null limit=null pageSize=null
2025-11-15 23:16:23.963 [34mINFO [0;39m [e2295f20-0e11-4548-a29e-2ca2c3f574ed] [http-nio-8081-exec-1] c.b.config.logging.HttpLoggingFilter - GET /api/categories -> 200 (7 ms)
2025-11-15 23:16:23.963 [34mINFO [0;39m [e2295f20-0e11-4548-a29e-2ca2c3f574ed] [http-nio-8081-exec-1] c.b.config.logging.HttpLoggingFilter - Headers: auth=present content-type=null accept=application/json, text/plain, */*
2025-11-15 23:16:23.964 [34mINFO [0;39m [3d187ca3-292e-4beb-85f0-30e26c3d23e3] [http-nio-8081-exec-8] c.b.config.logging.HttpLoggingFilter - GET /api/seller/stores -> 200 (8 ms)
2025-11-15 23:16:23.964 [34mINFO [0;39m [e2295f20-0e11-4548-a29e-2ca2c3f574ed] [http-nio-8081-exec-1] c.b.config.logging.HttpLoggingFilter - Response payload: ["dairy","fruits","medicine","room"]
2025-11-15 23:16:23.964 [34mINFO [0;39m [3d187ca3-292e-4beb-85f0-30e26c3d23e3] [http-nio-8081-exec-8] c.b.config.logging.HttpLoggingFilter - Headers: auth=present content-type=null accept=application/json, text/plain, */*
2025-11-15 23:16:23.965 [34mINFO [0;39m [3d187ca3-292e-4beb-85f0-30e26c3d23e3] [http-nio-8081-exec-8] c.b.config.logging.HttpLoggingFilter - Response payload: [{"name":"City Pharmacy","id":"ee22d9ac-6725-4b27-aaa2-f82e91297625","status":"open"},{"name":"Fresh Mart","id":"717f52c3-a230-45fd-b6bf-3004bc7fcba7","status":"open"},{"name":"List Store","id":"41f81552-2072-4122-94f9-5220b60bb65a","status":"open"},{"name":"Profile Store","id":"eb2a1d72-e850-4583-b1e1-384371b30616","status":"open"},{"name":"Profile Store2","id":"4d109f79-09c7-4bbf-9da5-7b3ecd96ade4","status":"open"},{"name":"Sunrise Hotel","id":"2cc7fac1-fede-44b9-9fad-ba9aea64d748","status":"open"},{"name":"ame","id":"c5d55106-d129-4ddc-bc83-29686c4dc145","status":"open"},{"name":"nhif","id":"bae476bd-97d1-4521-b494-09d072e5bfe0","status":"open"}]
2025-11-15 23:16:23.980 [34mINFO [0;39m [68e8e60f-f276-4882-85db-c7c9c4102173] [http-nio-8081-exec-7] c.b.web.seller.SellerStoreController - Seller list stores: search=null page=null limit=null pageSize=null
2025-11-15 23:16:23.987 [34mINFO [0;39m [68e8e60f-f276-4882-85db-c7c9c4102173] [http-nio-8081-exec-7] c.b.config.logging.HttpLoggingFilter - GET /api/seller/stores -> 200 (10 ms)
2025-11-15 23:16:23.987 [34mINFO [0;39m [68e8e60f-f276-4882-85db-c7c9c4102173] [http-nio-8081-exec-7] c.b.config.logging.HttpLoggingFilter - Headers: auth=present content-type=null accept=application/json, text/plain, */*
2025-11-15 23:16:23.988 [34mINFO [0;39m [68e8e60f-f276-4882-85db-c7c9c4102173] [http-nio-8081-exec-7] c.b.config.logging.HttpLoggingFilter - Response payload: [{"name":"City Pharmacy","id":"ee22d9ac-6725-4b27-aaa2-f82e91297625","status":"open"},{"name":"Fresh Mart","id":"717f52c3-a230-45fd-b6bf-3004bc7fcba7","status":"open"},{"name":"List Store","id":"41f81552-2072-4122-94f9-5220b60bb65a","status":"open"},{"name":"Profile Store","id":"eb2a1d72-e850-4583-b1e1-384371b30616","status":"open"},{"name":"Profile Store2","id":"4d109f79-09c7-4bbf-9da5-7b3ecd96ade4","status":"open"},{"name":"Sunrise Hotel","id":"2cc7fac1-fede-44b9-9fad-ba9aea64d748","status":"open"},{"name":"ame","id":"c5d55106-d129-4ddc-bc83-29686c4dc145","status":"open"},{"name":"nhif","id":"bae476bd-97d1-4521-b494-09d072e5bfe0","status":"open"}]
2025-11-15 23:16:35.357 [34mINFO [0;39m [74a786d7-1334-4354-8a55-73ac78b08600] [http-nio-8081-exec-9] c.b.web.seller.SellerOrderController - Seller list orders: storeId=null status=null from=null to=null page=null limit=null tenant=demo-store
2025-11-15 23:16:35.362 [34mINFO [0;39m [74a786d7-1334-4354-8a55-73ac78b08600] [http-nio-8081-exec-9] c.b.web.seller.SellerOrderController - Seller list orders success: count=0
2025-11-15 23:16:35.364 [34mINFO [0;39m [9534cb09-3ea1-472c-b70e-0f2b023f14ce] [http-nio-8081-exec-4] c.b.web.seller.SellerStoreController - Seller list stores: search=null page=null limit=null pageSize=null
2025-11-15 23:16:35.364 [34mINFO [0;39m [74a786d7-1334-4354-8a55-73ac78b08600] [http-nio-8081-exec-9] c.b.config.logging.HttpLoggingFilter - GET /api/seller/orders -> 200 (8 ms)
2025-11-15 23:16:35.365 [34mINFO [0;39m [74a786d7-1334-4354-8a55-73ac78b08600] [http-nio-8081-exec-9] c.b.config.logging.HttpLoggingFilter - Headers: auth=present content-type=null accept=application/json, text/plain, */*
2025-11-15 23:16:35.365 [34mINFO [0;39m [74a786d7-1334-4354-8a55-73ac78b08600] [http-nio-8081-exec-9] c.b.config.logging.HttpLoggingFilter - Response payload: []
2025-11-15 23:16:35.370 [34mINFO [0;39m [9534cb09-3ea1-472c-b70e-0f2b023f14ce] [http-nio-8081-exec-4] c.b.config.logging.HttpLoggingFilter - GET /api/seller/stores -> 200 (7 ms)
2025-11-15 23:16:35.371 [34mINFO [0;39m [9534cb09-3ea1-472c-b70e-0f2b023f14ce] [http-nio-8081-exec-4] c.b.config.logging.HttpLoggingFilter - Headers: auth=present content-type=null accept=application/json, text/plain, */*
2025-11-15 23:16:35.371 [34mINFO [0;39m [9534cb09-3ea1-472c-b70e-0f2b023f14ce] [http-nio-8081-exec-4] c.b.config.logging.HttpLoggingFilter - Response payload: [{"name":"City Pharmacy","id":"ee22d9ac-6725-4b27-aaa2-f82e91297625","status":"open"},{"name":"Fresh Mart","id":"717f52c3-a230-45fd-b6bf-3004bc7fcba7","status":"open"},{"name":"List Store","id":"41f81552-2072-4122-94f9-5220b60bb65a","status":"open"},{"name":"Profile Store","id":"eb2a1d72-e850-4583-b1e1-384371b30616","status":"open"},{"name":"Profile Store2","id":"4d109f79-09c7-4bbf-9da5-7b3ecd96ade4","status":"open"},{"name":"Sunrise Hotel","id":"2cc7fac1-fede-44b9-9fad-ba9aea64d748","status":"open"},{"name":"ame","id":"c5d55106-d129-4ddc-bc83-29686c4dc145","status":"open"},{"name":"nhif","id":"bae476bd-97d1-4521-b494-09d072e5bfe0","status":"open"}]
2025-11-15 23:16:35.378 [34mINFO [0;39m [e0ee44da-08bc-41c7-8022-82a7c7d3c29f] [http-nio-8081-exec-5] c.b.web.seller.SellerOrderController - Seller list orders: storeId=null status=null from=null to=null page=null limit=null tenant=demo-store
2025-11-15 23:16:35.380 [34mINFO [0;39m [e0ee44da-08bc-41c7-8022-82a7c7d3c29f] [http-nio-8081-exec-5] c.b.web.seller.SellerOrderController - Seller list orders success: count=0
2025-11-15 23:16:35.382 [34mINFO [0;39m [e0ee44da-08bc-41c7-8022-82a7c7d3c29f] [http-nio-8081-exec-5] c.b.config.logging.HttpLoggingFilter - GET /api/seller/orders -> 200 (7 ms)
2025-11-15 23:16:35.383 [34mINFO [0;39m [b3bf7ef5-5f0c-40ad-b397-09aa529ff4da] [http-nio-8081-exec-6] c.b.web.seller.SellerStoreController - Seller list stores: search=null page=null limit=null pageSize=null
2025-11-15 23:16:35.383 [34mINFO [0;39m [e0ee44da-08bc-41c7-8022-82a7c7d3c29f] [http-nio-8081-exec-5] c.b.config.logging.HttpLoggingFilter - Headers: auth=present content-type=null accept=application/json, text/plain, */*
2025-11-15 23:16:35.383 [34mINFO [0;39m [e0ee44da-08bc-41c7-8022-82a7c7d3c29f] [http-nio-8081-exec-5] c.b.config.logging.HttpLoggingFilter - Response payload: []
2025-11-15 23:16:35.391 [34mINFO [0;39m [b3bf7ef5-5f0c-40ad-b397-09aa529ff4da] [http-nio-8081-exec-6] c.b.config.logging.HttpLoggingFilter - GET /api/seller/stores -> 200 (9 ms)
2025-11-15 23:16:35.391 [34mINFO [0;39m [b3bf7ef5-5f0c-40ad-b397-09aa529ff4da] [http-nio-8081-exec-6] c.b.config.logging.HttpLoggingFilter - Headers: auth=present content-type=null accept=application/json, text/plain, */*
2025-11-15 23:16:35.392 [34mINFO [0;39m [b3bf7ef5-5f0c-40ad-b397-09aa529ff4da] [http-nio-8081-exec-6] c.b.config.logging.HttpLoggingFilter - Response payload: [{"name":"City Pharmacy","id":"ee22d9ac-6725-4b27-aaa2-f82e91297625","status":"open"},{"name":"Fresh Mart","id":"717f52c3-a230-45fd-b6bf-3004bc7fcba7","status":"open"},{"name":"List Store","id":"41f81552-2072-4122-94f9-5220b60bb65a","status":"open"},{"name":"Profile Store","id":"eb2a1d72-e850-4583-b1e1-384371b30616","status":"open"},{"name":"Profile Store2","id":"4d109f79-09c7-4bbf-9da5-7b3ecd96ade4","status":"open"},{"name":"Sunrise Hotel","id":"2cc7fac1-fede-44b9-9fad-ba9aea64d748","status":"open"},{"name":"ame","id":"c5d55106-d129-4ddc-bc83-29686c4dc145","status":"open"},{"name":"nhif","id":"bae476bd-97d1-4521-b494-09d072e5bfe0","status":"open"}]
2025-11-15 23:16:59.758 [34mINFO [0;39m [020638e0-9bdb-4010-b471-d0784db1f7c4] [http-nio-8081-exec-10] c.b.web.seller.SellerStoreController - Seller update store: storeId=ee22d9ac-6725-4b27-aaa2-f82e91297625 changesKeys=[status, orderingDisabled, closedReason, closedUntil]
2025-11-15 23:16:59.771 [34mINFO [0;39m [020638e0-9bdb-4010-b471-d0784db1f7c4] [http-nio-8081-exec-10] c.b.web.seller.SellerStoreController - Seller update store success: storeId=ee22d9ac-6725-4b27-aaa2-f82e91297625 name=City Pharmacy 
2025-11-15 23:16:59.780 [34mINFO [0;39m [020638e0-9bdb-4010-b471-d0784db1f7c4] [http-nio-8081-exec-10] c.b.config.logging.HttpLoggingFilter - PATCH /api/seller/stores/ee22d9ac-6725-4b27-aaa2-f82e91297625 -> 200 (29 ms)
2025-11-15 23:16:59.780 [34mINFO [0;39m [020638e0-9bdb-4010-b471-d0784db1f7c4] [http-nio-8081-exec-10] c.b.config.logging.HttpLoggingFilter - Headers: auth=present content-type=application/json accept=application/json, text/plain, */*
2025-11-15 23:16:59.780 [34mINFO [0;39m [020638e0-9bdb-4010-b471-d0784db1f7c4] [http-nio-8081-exec-10] c.b.config.logging.HttpLoggingFilter - Request payload: {"status":"closed","orderingDisabled":true,"closedReason":null,"closedUntil":null}
2025-11-15 23:16:59.781 [34mINFO [0;39m [020638e0-9bdb-4010-b471-d0784db1f7c4] [http-nio-8081-exec-10] c.b.config.logging.HttpLoggingFilter - Response payload: {"id":"ee22d9ac-6725-4b27-aaa2-f82e91297625","name":"City Pharmacy","area":"Brigade","category":"pharmacy","status":"closed","orderingDisabled":true,"updatedAt":"2025-11-15T17:46:59.768415300Z"}
2025-11-15 23:17:04.491 [34mINFO [0;39m [f38879ac-abf8-4bf1-b7e0-82b50e25c957] [http-nio-8081-exec-3] c.b.web.seller.SellerStoreController - Seller update store: storeId=ee22d9ac-6725-4b27-aaa2-f82e91297625 changesKeys=[status, orderingDisabled, closedReason, closedUntil]
2025-11-15 23:17:04.502 [34mINFO [0;39m [f38879ac-abf8-4bf1-b7e0-82b50e25c957] [http-nio-8081-exec-3] c.b.web.seller.SellerStoreController - Seller update store success: storeId=ee22d9ac-6725-4b27-aaa2-f82e91297625 name=City Pharmacy 
2025-11-15 23:17:04.505 [34mINFO [0;39m [f38879ac-abf8-4bf1-b7e0-82b50e25c957] [http-nio-8081-exec-3] c.b.config.logging.HttpLoggingFilter - PATCH /api/seller/stores/ee22d9ac-6725-4b27-aaa2-f82e91297625 -> 200 (16 ms)
2025-11-15 23:17:04.505 [34mINFO [0;39m [f38879ac-abf8-4bf1-b7e0-82b50e25c957] [http-nio-8081-exec-3] c.b.config.logging.HttpLoggingFilter - Headers: auth=present content-type=application/json accept=application/json, text/plain, */*
2025-11-15 23:17:04.506 [34mINFO [0;39m [f38879ac-abf8-4bf1-b7e0-82b50e25c957] [http-nio-8081-exec-3] c.b.config.logging.HttpLoggingFilter - Request payload: {"status":"open","orderingDisabled":false,"closedReason":null,"closedUntil":null}
2025-11-15 23:17:04.511 [34mINFO [0;39m [f38879ac-abf8-4bf1-b7e0-82b50e25c957] [http-nio-8081-exec-3] c.b.config.logging.HttpLoggingFilter - Response payload: {"id":"ee22d9ac-6725-4b27-aaa2-f82e91297625","name":"City Pharmacy","area":"Brigade","category":"pharmacy","status":"open","orderingDisabled":false,"updatedAt":"2025-11-15T17:47:04.497909700Z"}
2025-11-15 23:20:32.882 [39mDEBUG[0;39m [5cb37979-3cd7-4497-960b-2ab9214b33da] [http-nio-8082-exec-3] c.b.c.logging.MethodLoggingAspect - Controller enter: SellerAuthController.login(..) args=[LoginRequest(com.bharatshop.dto.LoginRequest@22a26316)]
2025-11-15 23:20:32.882 [34mINFO [0;39m [5cb37979-3cd7-4497-960b-2ab9214b33da] [http-nio-8082-exec-3] c.b.web.SellerAuthController - Login seller: email=seller.demo@example.com
2025-11-15 23:20:32.882 [39mDEBUG[0;39m [5cb37979-3cd7-4497-960b-2ab9214b33da] [http-nio-8082-exec-3] c.b.c.logging.MethodLoggingAspect - Service enter: AuthService.loginSellerEmail(..) args=[seller.demo@example.com, demo123]
2025-11-15 23:20:32.882 [34mINFO [0;39m [5cb37979-3cd7-4497-960b-2ab9214b33da] [http-nio-8082-exec-3] com.bharatshop.service.AuthService - Login (seller) attempt: email=seller.demo@example.com
2025-11-15 23:20:33.057 [34mINFO [0;39m [5cb37979-3cd7-4497-960b-2ab9214b33da] [http-nio-8082-exec-3] com.bharatshop.service.AuthService - Session created: userId=c91604f0-a0c2-4ef3-b9d0-20b8b60376b0 role=seller
2025-11-15 23:20:33.057 [34mINFO [0;39m [5cb37979-3cd7-4497-960b-2ab9214b33da] [http-nio-8082-exec-3] com.bharatshop.service.AuthService - Login (seller) success: userId=c91604f0-a0c2-4ef3-b9d0-20b8b60376b0 token=eyJhbGciOiJIUzI1NiIsInR5cCI6IkpXVCJ9.eyJzdWIiOiJjOTE2MDRmMC1hMGMyLTRlZjMtYjlkMC0yMGI4YjYwMzc2YjAiLCJuYW1lIjoic2VsbGVyLmRlbW8iLCJyb2xlIjoic2VsbGVyIiwiaWF0IjoxNzYzMjI5MDMzLCJleHAiOjE3NjMyMzI2MzN9.GZtLPW45_PyUSxJUdsZERxAGcCe9q-G5_AKBpPocoUQ role=SELLER 
2025-11-15 23:20:33.057 [34mINFO [0;39m [5cb37979-3cd7-4497-960b-2ab9214b33da] [http-nio-8082-exec-3] c.b.c.logging.MethodLoggingAspect - Service exit: AuthService.loginSellerEmail(..) (175 ms)
2025-11-15 23:20:33.059 [39mDEBUG[0;39m [5cb37979-3cd7-4497-960b-2ab9214b33da] [http-nio-8082-exec-3] c.b.c.logging.MethodLoggingAspect - Service result: AuthService.loginSellerEmail(..) => Session(Session[token=eyJhbGciOiJIUzI1NiIsInR5cCI6IkpXVCJ9.eyJzdWIiOiJjOTE2MDRmMC1hMGMyLTRlZjMtYjlkMC0yMGI4YjYwMzc2YjAiLCJuYW1lIjoic2VsbGVyLmRlbW8iLCJyb2xlIjoic2VsbGVyIiwiaWF0IjoxNzYzMjI5MDMzLCJleHAiOjE3NjMyMzI2MzN9.GZtLPW45_PyUSxJUdsZERxAGcCe9q-G5_AKBpPocoUQ, userId=c91604f0-a0c2-4ef3-b9d0-20b8b60376b0, name=seller.demo, role=seller])
2025-11-15 23:20:33.059 [39mDEBUG[0;39m [5cb37979-3cd7-4497-960b-2ab9214b33da] [http-nio-8082-exec-3] c.b.c.logging.MethodLoggingAspect - Service enter: AuthService.getProfile(..) args=[eyJhbGciOiJIUzI1NiIsInR5cCI6IkpXVCJ9.eyJzdWIiOiJjOTE2MDRmMC1hMGMyLTRlZjMtYjlkMC0yMGI4YjYwMzc2YjAiLCJuYW1lIjoic2VsbGVyLmRlbW8iLCJyb2xlIjoic2VsbGVyIiwiaWF0IjoxNzYzMjI5MDMzLCJleHAiOjE3NjMyMzI2MzN9.GZtLPW45_PyUSxJUdsZERxAGcCe9q-G5_AKBpPocoUQ]
2025-11-15 23:20:33.080 [34mINFO [0;39m [5cb37979-3cd7-4497-960b-2ab9214b33da] [http-nio-8082-exec-3] c.b.c.logging.MethodLoggingAspect - Service exit: AuthService.getProfile(..) (21 ms)
2025-11-15 23:20:33.081 [39mDEBUG[0;39m [5cb37979-3cd7-4497-960b-2ab9214b33da] [http-nio-8082-exec-3] c.b.c.logging.MethodLoggingAspect - Service result: AuthService.getProfile(..) => User(com.bharatshop.domain.User@5621266c)
2025-11-15 23:20:33.081 [34mINFO [0;39m [5cb37979-3cd7-4497-960b-2ab9214b33da] [http-nio-8082-exec-3] c.b.web.SellerAuthController - Seller login success: userId=c91604f0-a0c2-4ef3-b9d0-20b8b60376b0
2025-11-15 23:20:33.081 [34mINFO [0;39m [5cb37979-3cd7-4497-960b-2ab9214b33da] [http-nio-8082-exec-3] c.b.c.logging.MethodLoggingAspect - Controller exit: SellerAuthController.login(..) -> status=200 (199 ms)
2025-11-15 23:20:33.081 [39mDEBUG[0;39m [5cb37979-3cd7-4497-960b-2ab9214b33da] [http-nio-8082-exec-3] c.b.c.logging.MethodLoggingAspect - Controller result: SellerAuthController.login(..) => ResponseEntity(status=200)
2025-11-15 23:20:33.088 [34mINFO [0;39m [5cb37979-3cd7-4497-960b-2ab9214b33da] [http-nio-8082-exec-3] c.b.config.logging.HttpLoggingFilter - POST /api/auth/seller/login -> 200 (276 ms)
2025-11-15 23:20:33.088 [34mINFO [0;39m [5cb37979-3cd7-4497-960b-2ab9214b33da] [http-nio-8082-exec-3] c.b.config.logging.HttpLoggingFilter - Headers: auth=absent content-type=application/json accept=null
2025-11-15 23:20:33.088 [34mINFO [0;39m [5cb37979-3cd7-4497-960b-2ab9214b33da] [http-nio-8082-exec-3] c.b.config.logging.HttpLoggingFilter - Request payload: {"email":"seller.demo@example.com","password":"demo123"}
2025-11-15 23:20:33.088 [34mINFO [0;39m [5cb37979-3cd7-4497-960b-2ab9214b33da] [http-nio-8082-exec-3] c.b.config.logging.HttpLoggingFilter - Response payload: {"user":{"id":"c91604f0-a0c2-4ef3-b9d0-20b8b60376b0","name":"seller.demo","email":"seller.demo@example.com","role":"seller"},"token":"eyJhbGciOiJIUzI1NiIsInR5cCI6IkpXVCJ9.eyJzdWIiOiJjOTE2MDRmMC1hMGMyLTRlZjMtYjlkMC0yMGI4YjYwMzc2YjAiLCJuYW1lIjoic2VsbGVyLmRlbW8iLCJyb2xlIjoic2VsbGVyIiwiaWF0IjoxNzYzMjI5MDMzLCJleHAiOjE3NjMyMzI2MzN9.GZtLPW45_PyUSxJUdsZERxAGcCe9q-G5_AKBpPocoUQ"}
2025-11-15 23:20:33.112 [39mDEBUG[0;39m [03c8b7fd-9b9a-473e-a8c0-694cdc7903ad] [http-nio-8082-exec-4] c.b.c.logging.MethodLoggingAspect - Controller enter: SellerStoreController.createStore(..) args=[null, null, null, null, null, LinkedHashMap({name=Demo Hotel, city=Bengaluru, area=Koramangala, category=hotel})]
2025-11-15 23:20:33.112 [34mINFO [0;39m [03c8b7fd-9b9a-473e-a8c0-694cdc7903ad] [http-nio-8082-exec-4] c.b.web.seller.SellerStoreController - Seller create store requested: name=null city=null area=null category=null imagePresent=false
2025-11-15 23:20:33.112 [39mDEBUG[0;39m [03c8b7fd-9b9a-473e-a8c0-694cdc7903ad] [http-nio-8082-exec-4] c.b.c.logging.MethodLoggingAspect - Factory enter: FactoryProvider.getSellerFactory(..) args=[null]
2025-11-15 23:20:33.113 [34mINFO [0;39m [03c8b7fd-9b9a-473e-a8c0-694cdc7903ad] [http-nio-8082-exec-4] c.b.c.logging.MethodLoggingAspect - Factory exit: FactoryProvider.getSellerFactory(..) (1 ms)
2025-11-15 23:20:33.113 [39mDEBUG[0;39m [03c8b7fd-9b9a-473e-a8c0-694cdc7903ad] [http-nio-8082-exec-4] c.b.c.logging.MethodLoggingAspect - Factory result: FactoryProvider.getSellerFactory(..) => DefaultSellerFactory$$SpringCGLIB$$0(com.bharatshop.factory.impl.DefaultSellerFactory@34c3e307)
2025-11-15 23:20:33.113 [39mDEBUG[0;39m [03c8b7fd-9b9a-473e-a8c0-694cdc7903ad] [http-nio-8082-exec-4] c.b.c.logging.MethodLoggingAspect - Factory enter: DefaultSellerFactory.stores() args=[]
2025-11-15 23:20:33.115 [34mINFO [0;39m [03c8b7fd-9b9a-473e-a8c0-694cdc7903ad] [http-nio-8082-exec-4] c.b.c.logging.MethodLoggingAspect - Factory exit: DefaultSellerFactory.stores() (2 ms)
2025-11-15 23:20:33.115 [39mDEBUG[0;39m [03c8b7fd-9b9a-473e-a8c0-694cdc7903ad] [http-nio-8082-exec-4] c.b.c.logging.MethodLoggingAspect - Factory result: DefaultSellerFactory.stores() => (com.bharatshop.factory.impl.DefaultSellerFactory$5@4184e11b)
2025-11-15 23:20:33.116 [39mDEBUG[0;39m [03c8b7fd-9b9a-473e-a8c0-694cdc7903ad] [http-nio-8082-exec-4] c.b.c.logging.MethodLoggingAspect - Service enter: StoreService.add(..) args=[Store(com.bharatshop.domain.Store@2b46a6b)]
2025-11-15 23:20:33.118 [34mINFO [0;39m [03c8b7fd-9b9a-473e-a8c0-694cdc7903ad] [http-nio-8082-exec-4] c.b.c.logging.MethodLoggingAspect - Service exit: StoreService.add(..) (2 ms)
2025-11-15 23:20:33.118 [39mDEBUG[0;39m [03c8b7fd-9b9a-473e-a8c0-694cdc7903ad] [http-nio-8082-exec-4] c.b.c.logging.MethodLoggingAspect - Service result: StoreService.add(..) => Store(com.bharatshop.domain.Store@596ee32e)
2025-11-15 23:20:33.118 [34mINFO [0;39m [03c8b7fd-9b9a-473e-a8c0-694cdc7903ad] [http-nio-8082-exec-4] c.b.web.seller.SellerStoreController - Seller create store success: id=2afd4163-4d32-408b-b62b-927d8af13040 name=Demo Hotel 
2025-11-15 23:20:33.118 [39mDEBUG[0;39m [03c8b7fd-9b9a-473e-a8c0-694cdc7903ad] [http-nio-8082-exec-4] c.b.c.logging.MethodLoggingAspect - Service enter: AuthService.upgradeRoleForUser(..) args=[c91604f0-a0c2-4ef3-b9d0-20b8b60376b0, SELLER]
2025-11-15 23:20:33.120 [34mINFO [0;39m [03c8b7fd-9b9a-473e-a8c0-694cdc7903ad] [http-nio-8082-exec-4] c.b.c.logging.MethodLoggingAspect - Service exit: AuthService.upgradeRoleForUser(..) (2 ms)
2025-11-15 23:20:33.120 [39mDEBUG[0;39m [03c8b7fd-9b9a-473e-a8c0-694cdc7903ad] [http-nio-8082-exec-4] c.b.c.logging.MethodLoggingAspect - Service result: AuthService.upgradeRoleForUser(..) => User(com.bharatshop.domain.User@38b92176)
2025-11-15 23:20:33.120 [34mINFO [0;39m [03c8b7fd-9b9a-473e-a8c0-694cdc7903ad] [http-nio-8082-exec-4] c.b.c.logging.MethodLoggingAspect - Controller exit: SellerStoreController.createStore(..) -> status=200 (8 ms)
2025-11-15 23:20:33.120 [39mDEBUG[0;39m [03c8b7fd-9b9a-473e-a8c0-694cdc7903ad] [http-nio-8082-exec-4] c.b.c.logging.MethodLoggingAspect - Controller result: SellerStoreController.createStore(..) => ResponseEntity(status=200)
2025-11-15 23:20:33.121 [34mINFO [0;39m [03c8b7fd-9b9a-473e-a8c0-694cdc7903ad] [http-nio-8082-exec-4] c.b.config.logging.HttpLoggingFilter - POST /api/seller/stores -> 200 (23 ms)
2025-11-15 23:20:33.122 [34mINFO [0;39m [03c8b7fd-9b9a-473e-a8c0-694cdc7903ad] [http-nio-8082-exec-4] c.b.config.logging.HttpLoggingFilter - Headers: auth=present content-type=application/json accept=null
2025-11-15 23:20:33.122 [34mINFO [0;39m [03c8b7fd-9b9a-473e-a8c0-694cdc7903ad] [http-nio-8082-exec-4] c.b.config.logging.HttpLoggingFilter - Request payload: {"name":"Demo Hotel","city":"Bengaluru","area":"Koramangala","category":"hotel"}
2025-11-15 23:20:33.122 [34mINFO [0;39m [03c8b7fd-9b9a-473e-a8c0-694cdc7903ad] [http-nio-8082-exec-4] c.b.config.logging.HttpLoggingFilter - Response payload: {"name":"Demo Hotel","id":"2afd4163-4d32-408b-b62b-927d8af13040","status":"open"}
2025-11-15 23:20:33.133 [39mDEBUG[0;39m [aaabd58a-1294-46dc-87a5-b64f93272ce7] [http-nio-8082-exec-5] c.b.c.logging.MethodLoggingAspect - Controller enter: SellerStoreController.listStores(..) args=[null, null, null, null]
2025-11-15 23:20:33.133 [34mINFO [0;39m [aaabd58a-1294-46dc-87a5-b64f93272ce7] [http-nio-8082-exec-5] c.b.web.seller.SellerStoreController - Seller list stores: search=null page=null limit=null pageSize=null
2025-11-15 23:20:33.133 [39mDEBUG[0;39m [aaabd58a-1294-46dc-87a5-b64f93272ce7] [http-nio-8082-exec-5] c.b.c.logging.MethodLoggingAspect - Factory enter: FactoryProvider.getSellerFactory(..) args=[null]
2025-11-15 23:20:33.133 [34mINFO [0;39m [aaabd58a-1294-46dc-87a5-b64f93272ce7] [http-nio-8082-exec-5] c.b.c.logging.MethodLoggingAspect - Factory exit: FactoryProvider.getSellerFactory(..) (0 ms)
2025-11-15 23:20:33.133 [39mDEBUG[0;39m [aaabd58a-1294-46dc-87a5-b64f93272ce7] [http-nio-8082-exec-5] c.b.c.logging.MethodLoggingAspect - Factory result: FactoryProvider.getSellerFactory(..) => DefaultSellerFactory$$SpringCGLIB$$0(com.bharatshop.factory.impl.DefaultSellerFactory@34c3e307)
2025-11-15 23:20:33.135 [39mDEBUG[0;39m [aaabd58a-1294-46dc-87a5-b64f93272ce7] [http-nio-8082-exec-5] c.b.c.logging.MethodLoggingAspect - Factory enter: DefaultSellerFactory.stores() args=[]
2025-11-15 23:20:33.135 [34mINFO [0;39m [aaabd58a-1294-46dc-87a5-b64f93272ce7] [http-nio-8082-exec-5] c.b.c.logging.MethodLoggingAspect - Factory exit: DefaultSellerFactory.stores() (0 ms)
2025-11-15 23:20:33.135 [39mDEBUG[0;39m [aaabd58a-1294-46dc-87a5-b64f93272ce7] [http-nio-8082-exec-5] c.b.c.logging.MethodLoggingAspect - Factory result: DefaultSellerFactory.stores() => (com.bharatshop.factory.impl.DefaultSellerFactory$5@73b901dd)
2025-11-15 23:20:33.135 [1;31mERROR[0;39m [aaabd58a-1294-46dc-87a5-b64f93272ce7] [http-nio-8082-exec-5] c.b.c.logging.MethodLoggingAspect - Unhandled exception: java.lang.NoSuchMethodError: 'java.util.List com.bharatshop.repository.StoreRepository.findByOwnerId(java.lang.String)'
2025-11-15 23:20:33.135 [1;31mERROR[0;39m [aaabd58a-1294-46dc-87a5-b64f93272ce7] [http-nio-8082-exec-5] c.b.c.logging.MethodLoggingAspect - Controller error: SellerStoreController.listStores(..) (2 ms) - java.lang.NoSuchMethodError: 'java.util.List com.bharatshop.repository.StoreRepository.findByOwnerId(java.lang.String)'
2025-11-15 23:20:33.143 [34mINFO [0;39m [aaabd58a-1294-46dc-87a5-b64f93272ce7] [http-nio-8082-exec-5] c.b.config.logging.HttpLoggingFilter - GET /api/seller/stores -> 200 (11 ms)
2025-11-15 23:20:33.144 [34mINFO [0;39m [aaabd58a-1294-46dc-87a5-b64f93272ce7] [http-nio-8082-exec-5] c.b.config.logging.HttpLoggingFilter - Headers: auth=present content-type=null accept=null
2025-11-15 23:20:33.144 [1;31mERROR[0;39m [] [http-nio-8082-exec-5] o.a.c.c.C.[.[.[.[dispatcherServlet] - Servlet.service() for servlet [dispatcherServlet] in context with path [] threw exception [Handler dispatch failed: java.lang.NoSuchMethodError: 'java.util.List com.bharatshop.repository.StoreRepository.findByOwnerId(java.lang.String)'] with root cause
java.lang.NoSuchMethodError: 'java.util.List com.bharatshop.repository.StoreRepository.findByOwnerId(java.lang.String)'
	at com.bharatshop.factory.impl.DefaultSellerFactory$5.list(DefaultSellerFactory.java:302)
	at com.bharatshop.web.seller.SellerStoreController.listStores(SellerStoreController.java:39)
	at java.base/jdk.internal.reflect.NativeMethodAccessorImpl.invoke0(Native Method)
	at java.base/jdk.internal.reflect.NativeMethodAccessorImpl.invoke(NativeMethodAccessorImpl.java:77)
	at java.base/jdk.internal.reflect.DelegatingMethodAccessorImpl.invoke(DelegatingMethodAccessorImpl.java:43)
	at java.base/java.lang.reflect.Method.invoke(Method.java:568)
	at org.springframework.aop.support.AopUtils.invokeJoinpointUsingReflection(AopUtils.java:355)
	at org.springframework.aop.framework.ReflectiveMethodInvocation.invokeJoinpoint(ReflectiveMethodInvocation.java:196)
	at org.springframework.aop.framework.ReflectiveMethodInvocation.proceed(ReflectiveMethodInvocation.java:163)
	at org.springframework.aop.framework.CglibAopProxy$CglibMethodInvocation.proceed(CglibAopProxy.java:768)
	at org.springframework.aop.aspectj.AspectJAfterThrowingAdvice.invoke(AspectJAfterThrowingAdvice.java:64)
	at org.springframework.aop.framework.ReflectiveMethodInvocation.proceed(ReflectiveMethodInvocation.java:184)
	at org.springframework.aop.framework.CglibAopProxy$CglibMethodInvocation.proceed(CglibAopProxy.java:768)
	at org.springframework.aop.aspectj.MethodInvocationProceedingJoinPoint.proceed(MethodInvocationProceedingJoinPoint.java:89)
	at com.bharatshop.config.logging.MethodLoggingAspect.logController(MethodLoggingAspect.java:29)
	at java.base/jdk.internal.reflect.NativeMethodAccessorImpl.invoke0(Native Method)
	at java.base/jdk.internal.reflect.NativeMethodAccessorImpl.invoke(NativeMethodAccessorImpl.java:77)
	at java.base/jdk.internal.reflect.DelegatingMethodAccessorImpl.invoke(DelegatingMethodAccessorImpl.java:43)
	at java.base/java.lang.reflect.Method.invoke(Method.java:568)
	at org.springframework.aop.aspectj.AbstractAspectJAdvice.invokeAdviceMethodWithGivenArgs(AbstractAspectJAdvice.java:637)
	at org.springframework.aop.aspectj.AbstractAspectJAdvice.invokeAdviceMethod(AbstractAspectJAdvice.java:627)
	at org.springframework.aop.aspectj.AspectJAroundAdvice.invoke(AspectJAroundAdvice.java:71)
	at org.springframework.aop.framework.ReflectiveMethodInvocation.proceed(ReflectiveMethodInvocation.java:184)
	at org.springframework.aop.framework.CglibAopProxy$CglibMethodInvocation.proceed(CglibAopProxy.java:768)
	at org.springframework.aop.interceptor.ExposeInvocationInterceptor.invoke(ExposeInvocationInterceptor.java:97)
	at org.springframework.aop.framework.ReflectiveMethodInvocation.proceed(ReflectiveMethodInvocation.java:184)
	at org.springframework.aop.framework.CglibAopProxy$CglibMethodInvocation.proceed(CglibAopProxy.java:768)
	at org.springframework.aop.framework.CglibAopProxy$DynamicAdvisedInterceptor.intercept(CglibAopProxy.java:720)
	at com.bharatshop.web.seller.SellerStoreController$$SpringCGLIB$$0.listStores(<generated>)
	at java.base/jdk.internal.reflect.NativeMethodAccessorImpl.invoke0(Native Method)
	at java.base/jdk.internal.reflect.NativeMethodAccessorImpl.invoke(NativeMethodAccessorImpl.java:77)
	at java.base/jdk.internal.reflect.DelegatingMethodAccessorImpl.invoke(DelegatingMethodAccessorImpl.java:43)
	at java.base/java.lang.reflect.Method.invoke(Method.java:568)
	at org.springframework.web.method.support.InvocableHandlerMethod.doInvoke(InvocableHandlerMethod.java:255)
	at org.springframework.web.method.support.InvocableHandlerMethod.invokeForRequest(InvocableHandlerMethod.java:188)
	at org.springframework.web.servlet.mvc.method.annotation.ServletInvocableHandlerMethod.invokeAndHandle(ServletInvocableHandlerMethod.java:118)
	at org.springframework.web.servlet.mvc.method.annotation.RequestMappingHandlerAdapter.invokeHandlerMethod(RequestMappingHandlerAdapter.java:926)
	at org.springframework.web.servlet.mvc.method.annotation.RequestMappingHandlerAdapter.handleInternal(RequestMappingHandlerAdapter.java:831)
	at org.springframework.web.servlet.mvc.method.AbstractHandlerMethodAdapter.handle(AbstractHandlerMethodAdapter.java:87)
	at org.springframework.web.servlet.DispatcherServlet.doDispatch(DispatcherServlet.java:1089)
	at org.springframework.web.servlet.DispatcherServlet.doService(DispatcherServlet.java:979)
	at org.springframework.web.servlet.FrameworkServlet.processRequest(FrameworkServlet.java:1014)
	at org.springframework.web.servlet.FrameworkServlet.doGet(FrameworkServlet.java:903)
	at jakarta.servlet.http.HttpServlet.service(HttpServlet.java:564)
	at org.springframework.web.servlet.FrameworkServlet.service(FrameworkServlet.java:885)
	at jakarta.servlet.http.HttpServlet.service(HttpServlet.java:658)
	at org.apache.catalina.core.ApplicationFilterChain.internalDoFilter(ApplicationFilterChain.java:195)
	at org.apache.catalina.core.ApplicationFilterChain.doFilter(ApplicationFilterChain.java:140)
	at org.apache.tomcat.websocket.server.WsFilter.doFilter(WsFilter.java:51)
	at org.apache.catalina.core.ApplicationFilterChain.internalDoFilter(ApplicationFilterChain.java:164)
	at org.apache.catalina.core.ApplicationFilterChain.doFilter(ApplicationFilterChain.java:140)
	at org.springframework.web.filter.OncePerRequestFilter.doFilter(OncePerRequestFilter.java:110)
	at org.apache.catalina.core.ApplicationFilterChain.internalDoFilter(ApplicationFilterChain.java:164)
	at org.apache.catalina.core.ApplicationFilterChain.doFilter(ApplicationFilterChain.java:140)
	at com.bharatshop.config.TenantFilter.doFilterInternal(TenantFilter.java:35)
	at org.springframework.web.filter.OncePerRequestFilter.doFilter(OncePerRequestFilter.java:116)
	at org.apache.catalina.core.ApplicationFilterChain.internalDoFilter(ApplicationFilterChain.java:164)
	at org.apache.catalina.core.ApplicationFilterChain.doFilter(ApplicationFilterChain.java:140)
	at com.bharatshop.config.IdempotencyFilter.doFilterInternal(IdempotencyFilter.java:54)
	at org.springframework.web.filter.OncePerRequestFilter.doFilter(OncePerRequestFilter.java:116)
	at org.apache.catalina.core.ApplicationFilterChain.internalDoFilter(ApplicationFilterChain.java:164)
	at org.apache.catalina.core.ApplicationFilterChain.doFilter(ApplicationFilterChain.java:140)
	at com.bharatshop.config.logging.HttpLoggingFilter.doFilterInternal(HttpLoggingFilter.java:32)
	at org.springframework.web.filter.OncePerRequestFilter.doFilter(OncePerRequestFilter.java:116)
	at org.apache.catalina.core.ApplicationFilterChain.internalDoFilter(ApplicationFilterChain.java:164)
	at org.apache.catalina.core.ApplicationFilterChain.doFilter(ApplicationFilterChain.java:140)
	at com.bharatshop.config.logging.CorrelationIdFilter.doFilterInternal(CorrelationIdFilter.java:29)
	at org.springframework.web.filter.OncePerRequestFilter.doFilter(OncePerRequestFilter.java:116)
	at org.apache.catalina.core.ApplicationFilterChain.internalDoFilter(ApplicationFilterChain.java:164)
	at org.apache.catalina.core.ApplicationFilterChain.doFilter(ApplicationFilterChain.java:140)
	at org.springframework.web.filter.CompositeFilter$VirtualFilterChain.doFilter(CompositeFilter.java:108)
	at org.springframework.security.web.FilterChainProxy.lambda$doFilterInternal$3(FilterChainProxy.java:231)
	at org.springframework.security.web.ObservationFilterChainDecorator$FilterObservation$SimpleFilterObservation.lambda$wrap$1(ObservationFilterChainDecorator.java:479)
	at org.springframework.security.web.ObservationFilterChainDecorator$AroundFilterObservation$SimpleAroundFilterObservation.lambda$wrap$1(ObservationFilterChainDecorator.java:340)
	at org.springframework.security.web.ObservationFilterChainDecorator.lambda$wrapSecured$0(ObservationFilterChainDecorator.java:82)
	at org.springframework.security.web.ObservationFilterChainDecorator$VirtualFilterChain.doFilter(ObservationFilterChainDecorator.java:128)
	at org.springframework.security.web.access.intercept.AuthorizationFilter.doFilter(AuthorizationFilter.java:100)
	at org.springframework.security.web.ObservationFilterChainDecorator$ObservationFilter.wrapFilter(ObservationFilterChainDecorator.java:240)
	at org.springframework.security.web.ObservationFilterChainDecorator$ObservationFilter.doFilter(ObservationFilterChainDecorator.java:227)
	at org.springframework.security.web.ObservationFilterChainDecorator$VirtualFilterChain.doFilter(ObservationFilterChainDecorator.java:137)
	at org.springframework.security.web.access.ExceptionTranslationFilter.doFilter(ExceptionTranslationFilter.java:126)
	at org.springframework.security.web.access.ExceptionTranslationFilter.doFilter(ExceptionTranslationFilter.java:120)
	at org.springframework.security.web.ObservationFilterChainDecorator$ObservationFilter.wrapFilter(ObservationFilterChainDecorator.java:240)
	at org.springframework.security.web.ObservationFilterChainDecorator$ObservationFilter.doFilter(ObservationFilterChainDecorator.java:227)
	at org.springframework.security.web.ObservationFilterChainDecorator$VirtualFilterChain.doFilter(ObservationFilterChainDecorator.java:137)
	at org.springframework.security.web.authentication.AnonymousAuthenticationFilter.doFilter(AnonymousAuthenticationFilter.java:100)
	at org.springframework.security.web.ObservationFilterChainDecorator$ObservationFilter.wrapFilter(ObservationFilterChainDecorator.java:240)
	at org.springframework.security.web.ObservationFilterChainDecorator$ObservationFilter.doFilter(ObservationFilterChainDecorator.java:227)
	at org.springframework.security.web.ObservationFilterChainDecorator$VirtualFilterChain.doFilter(ObservationFilterChainDecorator.java:137)
	at org.springframework.security.web.servletapi.SecurityContextHolderAwareRequestFilter.doFilter(SecurityContextHolderAwareRequestFilter.java:179)
	at org.springframework.security.web.ObservationFilterChainDecorator$ObservationFilter.wrapFilter(ObservationFilterChainDecorator.java:240)
	at org.springframework.security.web.ObservationFilterChainDecorator$ObservationFilter.doFilter(ObservationFilterChainDecorator.java:227)
	at org.springframework.security.web.ObservationFilterChainDecorator$VirtualFilterChain.doFilter(ObservationFilterChainDecorator.java:137)
	at org.springframework.security.web.savedrequest.RequestCacheAwareFilter.doFilter(RequestCacheAwareFilter.java:63)
	at org.springframework.security.web.ObservationFilterChainDecorator$ObservationFilter.wrapFilter(ObservationFilterChainDecorator.java:240)
	at org.springframework.security.web.ObservationFilterChainDecorator$ObservationFilter.doFilter(ObservationFilterChainDecorator.java:227)
	at org.springframework.security.web.ObservationFilterChainDecorator$VirtualFilterChain.doFilter(ObservationFilterChainDecorator.java:137)
	at com.bharatshop.security.TokenAuthFilter.doFilterInternal(TokenAuthFilter.java:47)
	at org.springframework.web.filter.OncePerRequestFilter.doFilter(OncePerRequestFilter.java:116)
	at org.springframework.security.web.ObservationFilterChainDecorator$ObservationFilter.wrapFilter(ObservationFilterChainDecorator.java:240)
	at org.springframework.security.web.ObservationFilterChainDecorator$ObservationFilter.doFilter(ObservationFilterChainDecorator.java:227)
	at org.springframework.security.web.ObservationFilterChainDecorator$VirtualFilterChain.doFilter(ObservationFilterChainDecorator.java:137)
	at org.springframework.security.web.authentication.logout.LogoutFilter.doFilter(LogoutFilter.java:107)
	at org.springframework.security.web.authentication.logout.LogoutFilter.doFilter(LogoutFilter.java:93)
	at org.springframework.security.web.ObservationFilterChainDecorator$ObservationFilter.wrapFilter(ObservationFilterChainDecorator.java:240)
	at org.springframework.security.web.ObservationFilterChainDecorator$ObservationFilter.doFilter(ObservationFilterChainDecorator.java:227)
	at org.springframework.security.web.ObservationFilterChainDecorator$VirtualFilterChain.doFilter(ObservationFilterChainDecorator.java:137)
	at org.springframework.web.filter.CorsFilter.doFilterInternal(CorsFilter.java:91)
	at org.springframework.web.filter.OncePerRequestFilter.doFilter(OncePerRequestFilter.java:116)
	at org.springframework.security.web.ObservationFilterChainDecorator$ObservationFilter.wrapFilter(ObservationFilterChainDecorator.java:240)
	at org.springframework.security.web.ObservationFilterChainDecorator$ObservationFilter.doFilter(ObservationFilterChainDecorator.java:227)
	at org.springframework.security.web.ObservationFilterChainDecorator$VirtualFilterChain.doFilter(ObservationFilterChainDecorator.java:137)
	at org.springframework.security.web.header.HeaderWriterFilter.doHeadersAfter(HeaderWriterFilter.java:90)
	at org.springframework.security.web.header.HeaderWriterFilter.doFilterInternal(HeaderWriterFilter.java:75)
	at org.springframework.web.filter.OncePerRequestFilter.doFilter(OncePerRequestFilter.java:116)
	at org.springframework.security.web.ObservationFilterChainDecorator$ObservationFilter.wrapFilter(ObservationFilterChainDecorator.java:240)
	at org.springframework.security.web.ObservationFilterChainDecorator$ObservationFilter.doFilter(ObservationFilterChainDecorator.java:227)
	at org.springframework.security.web.ObservationFilterChainDecorator$VirtualFilterChain.doFilter(ObservationFilterChainDecorator.java:137)
	at org.springframework.security.web.context.SecurityContextHolderFilter.doFilter(SecurityContextHolderFilter.java:82)
	at org.springframework.security.web.context.SecurityContextHolderFilter.doFilter(SecurityContextHolderFilter.java:69)
	at org.springframework.security.web.ObservationFilterChainDecorator$ObservationFilter.wrapFilter(ObservationFilterChainDecorator.java:240)
	at org.springframework.security.web.ObservationFilterChainDecorator$ObservationFilter.doFilter(ObservationFilterChainDecorator.java:227)
	at org.springframework.security.web.ObservationFilterChainDecorator$VirtualFilterChain.doFilter(ObservationFilterChainDecorator.java:137)
	at org.springframework.security.web.context.request.async.WebAsyncManagerIntegrationFilter.doFilterInternal(WebAsyncManagerIntegrationFilter.java:62)
	at org.springframework.web.filter.OncePerRequestFilter.doFilter(OncePerRequestFilter.java:116)
	at org.springframework.security.web.ObservationFilterChainDecorator$ObservationFilter.wrapFilter(ObservationFilterChainDecorator.java:240)
	at org.springframework.security.web.ObservationFilterChainDecorator$ObservationFilter.doFilter(ObservationFilterChainDecorator.java:227)
	at org.springframework.security.web.ObservationFilterChainDecorator$VirtualFilterChain.doFilter(ObservationFilterChainDecorator.java:137)
	at org.springframework.security.web.session.DisableEncodeUrlFilter.doFilterInternal(DisableEncodeUrlFilter.java:42)
	at org.springframework.web.filter.OncePerRequestFilter.doFilter(OncePerRequestFilter.java:116)
	at org.springframework.security.web.ObservationFilterChainDecorator$ObservationFilter.wrapFilter(ObservationFilterChainDecorator.java:240)
	at org.springframework.security.web.ObservationFilterChainDecorator$AroundFilterObservation$SimpleAroundFilterObservation.lambda$wrap$0(ObservationFilterChainDecorator.java:323)
	at org.springframework.security.web.ObservationFilterChainDecorator$ObservationFilter.doFilter(ObservationFilterChainDecorator.java:224)
	at org.springframework.security.web.ObservationFilterChainDecorator$VirtualFilterChain.doFilter(ObservationFilterChainDecorator.java:137)
	at org.springframework.security.web.FilterChainProxy.doFilterInternal(FilterChainProxy.java:233)
	at org.springframework.security.web.FilterChainProxy.doFilter(FilterChainProxy.java:191)
	at org.springframework.web.filter.CompositeFilter$VirtualFilterChain.doFilter(CompositeFilter.java:113)
	at org.springframework.web.servlet.handler.HandlerMappingIntrospector.lambda$createCacheFilter$3(HandlerMappingIntrospector.java:195)
	at org.springframework.web.filter.CompositeFilter$VirtualFilterChain.doFilter(CompositeFilter.java:113)
	at org.springframework.web.filter.CompositeFilter.doFilter(CompositeFilter.java:74)
	at org.springframework.security.config.annotation.web.configuration.WebMvcSecurityConfiguration$CompositeFilterChainProxy.doFilter(WebMvcSecurityConfiguration.java:230)
	at org.springframework.web.filter.DelegatingFilterProxy.invokeDelegate(DelegatingFilterProxy.java:352)
	at org.springframework.web.filter.DelegatingFilterProxy.doFilter(DelegatingFilterProxy.java:268)
	at org.apache.catalina.core.ApplicationFilterChain.internalDoFilter(ApplicationFilterChain.java:164)
	at org.apache.catalina.core.ApplicationFilterChain.doFilter(ApplicationFilterChain.java:140)
	at org.springframework.web.filter.RequestContextFilter.doFilterInternal(RequestContextFilter.java:100)
	at org.springframework.web.filter.OncePerRequestFilter.doFilter(OncePerRequestFilter.java:116)
	at org.apache.catalina.core.ApplicationFilterChain.internalDoFilter(ApplicationFilterChain.java:164)
	at org.apache.catalina.core.ApplicationFilterChain.doFilter(ApplicationFilterChain.java:140)
	at org.springframework.web.filter.FormContentFilter.doFilterInternal(FormContentFilter.java:93)
	at org.springframework.web.filter.OncePerRequestFilter.doFilter(OncePerRequestFilter.java:116)
	at org.apache.catalina.core.ApplicationFilterChain.internalDoFilter(ApplicationFilterChain.java:164)
	at org.apache.catalina.core.ApplicationFilterChain.doFilter(ApplicationFilterChain.java:140)
	at org.springframework.web.filter.ServerHttpObservationFilter.doFilterInternal(ServerHttpObservationFilter.java:113)
	at org.springframework.web.filter.OncePerRequestFilter.doFilter(OncePerRequestFilter.java:116)
	at org.apache.catalina.core.ApplicationFilterChain.internalDoFilter(ApplicationFilterChain.java:164)
	at org.apache.catalina.core.ApplicationFilterChain.doFilter(ApplicationFilterChain.java:140)
	at org.springframework.web.filter.CharacterEncodingFilter.doFilterInternal(CharacterEncodingFilter.java:201)
	at org.springframework.web.filter.OncePerRequestFilter.doFilter(OncePerRequestFilter.java:116)
	at org.apache.catalina.core.ApplicationFilterChain.internalDoFilter(ApplicationFilterChain.java:164)
	at org.apache.catalina.core.ApplicationFilterChain.doFilter(ApplicationFilterChain.java:140)
	at org.apache.catalina.core.StandardWrapperValve.invoke(StandardWrapperValve.java:167)
	at org.apache.catalina.core.StandardContextValve.invoke(StandardContextValve.java:90)
	at org.apache.catalina.authenticator.AuthenticatorBase.invoke(AuthenticatorBase.java:483)
	at org.apache.catalina.core.StandardHostValve.invoke(StandardHostValve.java:115)
	at org.apache.catalina.valves.ErrorReportValve.invoke(ErrorReportValve.java:93)
	at org.apache.catalina.core.StandardEngineValve.invoke(StandardEngineValve.java:74)
	at org.apache.catalina.valves.AbstractAccessLogValve.invoke(AbstractAccessLogValve.java:663)
	at org.apache.catalina.connector.CoyoteAdapter.service(CoyoteAdapter.java:344)
	at org.apache.coyote.http11.Http11Processor.service(Http11Processor.java:384)
	at org.apache.coyote.AbstractProcessorLight.process(AbstractProcessorLight.java:63)
	at org.apache.coyote.AbstractProtocol$ConnectionHandler.process(AbstractProtocol.java:905)
	at org.apache.tomcat.util.net.NioEndpoint$SocketProcessor.doRun(NioEndpoint.java:1741)
	at org.apache.tomcat.util.net.SocketProcessorBase.run(SocketProcessorBase.java:52)
	at org.apache.tomcat.util.threads.ThreadPoolExecutor.runWorker(ThreadPoolExecutor.java:1190)
	at org.apache.tomcat.util.threads.ThreadPoolExecutor$Worker.run(ThreadPoolExecutor.java:659)
	at org.apache.tomcat.util.threads.TaskThread$WrappingRunnable.run(TaskThread.java:63)
	at java.base/java.lang.Thread.run(Thread.java:842)
2025-11-15 23:21:39.159 [39mDEBUG[0;39m [ce40b7ca-bb33-405c-9a1e-5d8b89e5bd98] [http-nio-8082-exec-6] c.b.c.logging.MethodLoggingAspect - Controller enter: SellerAuthController.login(..) args=[LoginRequest(com.bharatshop.dto.LoginRequest@35c237d5)]
2025-11-15 23:21:39.159 [34mINFO [0;39m [ce40b7ca-bb33-405c-9a1e-5d8b89e5bd98] [http-nio-8082-exec-6] c.b.web.SellerAuthController - Login seller: email=seller.demo@example.com
2025-11-15 23:21:39.159 [39mDEBUG[0;39m [ce40b7ca-bb33-405c-9a1e-5d8b89e5bd98] [http-nio-8082-exec-6] c.b.c.logging.MethodLoggingAspect - Service enter: AuthService.loginSellerEmail(..) args=[seller.demo@example.com, demo123]
2025-11-15 23:21:39.160 [34mINFO [0;39m [ce40b7ca-bb33-405c-9a1e-5d8b89e5bd98] [http-nio-8082-exec-6] com.bharatshop.service.AuthService - Login (seller) attempt: email=seller.demo@example.com
2025-11-15 23:21:39.249 [34mINFO [0;39m [ce40b7ca-bb33-405c-9a1e-5d8b89e5bd98] [http-nio-8082-exec-6] com.bharatshop.service.AuthService - Session created: userId=c91604f0-a0c2-4ef3-b9d0-20b8b60376b0 role=seller
2025-11-15 23:21:39.250 [34mINFO [0;39m [ce40b7ca-bb33-405c-9a1e-5d8b89e5bd98] [http-nio-8082-exec-6] com.bharatshop.service.AuthService - Login (seller) success: userId=c91604f0-a0c2-4ef3-b9d0-20b8b60376b0 token=eyJhbGciOiJIUzI1NiIsInR5cCI6IkpXVCJ9.eyJzdWIiOiJjOTE2MDRmMC1hMGMyLTRlZjMtYjlkMC0yMGI4YjYwMzc2YjAiLCJuYW1lIjoic2VsbGVyLmRlbW8iLCJyb2xlIjoic2VsbGVyIiwiaWF0IjoxNzYzMjI5MDk5LCJleHAiOjE3NjMyMzI2OTl9.4bFgtDdw_DIA7DcsBrtF97BwicGvYA5LbIKzq5lWCeo role=SELLER 
2025-11-15 23:21:39.250 [34mINFO [0;39m [ce40b7ca-bb33-405c-9a1e-5d8b89e5bd98] [http-nio-8082-exec-6] c.b.c.logging.MethodLoggingAspect - Service exit: AuthService.loginSellerEmail(..) (91 ms)
2025-11-15 23:21:39.250 [39mDEBUG[0;39m [ce40b7ca-bb33-405c-9a1e-5d8b89e5bd98] [http-nio-8082-exec-6] c.b.c.logging.MethodLoggingAspect - Service result: AuthService.loginSellerEmail(..) => Session(Session[token=eyJhbGciOiJIUzI1NiIsInR5cCI6IkpXVCJ9.eyJzdWIiOiJjOTE2MDRmMC1hMGMyLTRlZjMtYjlkMC0yMGI4YjYwMzc2YjAiLCJuYW1lIjoic2VsbGVyLmRlbW8iLCJyb2xlIjoic2VsbGVyIiwiaWF0IjoxNzYzMjI5MDk5LCJleHAiOjE3NjMyMzI2OTl9.4bFgtDdw_DIA7DcsBrtF97BwicGvYA5LbIKzq5lWCeo, userId=c91604f0-a0c2-4ef3-b9d0-20b8b60376b0, name=seller.demo, role=seller])
2025-11-15 23:21:39.252 [39mDEBUG[0;39m [ce40b7ca-bb33-405c-9a1e-5d8b89e5bd98] [http-nio-8082-exec-6] c.b.c.logging.MethodLoggingAspect - Service enter: AuthService.getProfile(..) args=[eyJhbGciOiJIUzI1NiIsInR5cCI6IkpXVCJ9.eyJzdWIiOiJjOTE2MDRmMC1hMGMyLTRlZjMtYjlkMC0yMGI4YjYwMzc2YjAiLCJuYW1lIjoic2VsbGVyLmRlbW8iLCJyb2xlIjoic2VsbGVyIiwiaWF0IjoxNzYzMjI5MDk5LCJleHAiOjE3NjMyMzI2OTl9.4bFgtDdw_DIA7DcsBrtF97BwicGvYA5LbIKzq5lWCeo]
2025-11-15 23:21:39.254 [34mINFO [0;39m [ce40b7ca-bb33-405c-9a1e-5d8b89e5bd98] [http-nio-8082-exec-6] c.b.c.logging.MethodLoggingAspect - Service exit: AuthService.getProfile(..) (1 ms)
2025-11-15 23:21:39.254 [39mDEBUG[0;39m [ce40b7ca-bb33-405c-9a1e-5d8b89e5bd98] [http-nio-8082-exec-6] c.b.c.logging.MethodLoggingAspect - Service result: AuthService.getProfile(..) => User(com.bharatshop.domain.User@2c9b5e2)
2025-11-15 23:21:39.254 [34mINFO [0;39m [ce40b7ca-bb33-405c-9a1e-5d8b89e5bd98] [http-nio-8082-exec-6] c.b.web.SellerAuthController - Seller login success: userId=c91604f0-a0c2-4ef3-b9d0-20b8b60376b0
2025-11-15 23:21:39.254 [34mINFO [0;39m [ce40b7ca-bb33-405c-9a1e-5d8b89e5bd98] [http-nio-8082-exec-6] c.b.c.logging.MethodLoggingAspect - Controller exit: SellerAuthController.login(..) -> status=200 (95 ms)
2025-11-15 23:21:39.254 [39mDEBUG[0;39m [ce40b7ca-bb33-405c-9a1e-5d8b89e5bd98] [http-nio-8082-exec-6] c.b.c.logging.MethodLoggingAspect - Controller result: SellerAuthController.login(..) => ResponseEntity(status=200)
2025-11-15 23:21:39.255 [34mINFO [0;39m [ce40b7ca-bb33-405c-9a1e-5d8b89e5bd98] [http-nio-8082-exec-6] c.b.config.logging.HttpLoggingFilter - POST /api/auth/seller/login -> 200 (97 ms)
2025-11-15 23:21:39.255 [34mINFO [0;39m [ce40b7ca-bb33-405c-9a1e-5d8b89e5bd98] [http-nio-8082-exec-6] c.b.config.logging.HttpLoggingFilter - Headers: auth=absent content-type=application/json accept=null
2025-11-15 23:21:39.255 [34mINFO [0;39m [ce40b7ca-bb33-405c-9a1e-5d8b89e5bd98] [http-nio-8082-exec-6] c.b.config.logging.HttpLoggingFilter - Request payload: {"email":"seller.demo@example.com","password":"demo123"}
2025-11-15 23:21:39.256 [34mINFO [0;39m [ce40b7ca-bb33-405c-9a1e-5d8b89e5bd98] [http-nio-8082-exec-6] c.b.config.logging.HttpLoggingFilter - Response payload: {"user":{"id":"c91604f0-a0c2-4ef3-b9d0-20b8b60376b0","name":"seller.demo","email":"seller.demo@example.com","role":"seller"},"token":"eyJhbGciOiJIUzI1NiIsInR5cCI6IkpXVCJ9.eyJzdWIiOiJjOTE2MDRmMC1hMGMyLTRlZjMtYjlkMC0yMGI4YjYwMzc2YjAiLCJuYW1lIjoic2VsbGVyLmRlbW8iLCJyb2xlIjoic2VsbGVyIiwiaWF0IjoxNzYzMjI5MDk5LCJleHAiOjE3NjMyMzI2OTl9.4bFgtDdw_DIA7DcsBrtF97BwicGvYA5LbIKzq5lWCeo"}
2025-11-15 23:21:39.260 [39mDEBUG[0;39m [459e3bbd-af0d-4ce4-aaac-292e6f105b6b] [http-nio-8082-exec-6] c.b.c.logging.MethodLoggingAspect - Controller enter: SellerStoreController.listStores(..) args=[null, null, null, null]
2025-11-15 23:21:39.261 [34mINFO [0;39m [459e3bbd-af0d-4ce4-aaac-292e6f105b6b] [http-nio-8082-exec-6] c.b.web.seller.SellerStoreController - Seller list stores: search=null page=null limit=null pageSize=null
2025-11-15 23:21:39.261 [39mDEBUG[0;39m [459e3bbd-af0d-4ce4-aaac-292e6f105b6b] [http-nio-8082-exec-6] c.b.c.logging.MethodLoggingAspect - Factory enter: FactoryProvider.getSellerFactory(..) args=[null]
2025-11-15 23:21:39.261 [34mINFO [0;39m [459e3bbd-af0d-4ce4-aaac-292e6f105b6b] [http-nio-8082-exec-6] c.b.c.logging.MethodLoggingAspect - Factory exit: FactoryProvider.getSellerFactory(..) (0 ms)
2025-11-15 23:21:39.261 [39mDEBUG[0;39m [459e3bbd-af0d-4ce4-aaac-292e6f105b6b] [http-nio-8082-exec-6] c.b.c.logging.MethodLoggingAspect - Factory result: FactoryProvider.getSellerFactory(..) => DefaultSellerFactory$$SpringCGLIB$$0(com.bharatshop.factory.impl.DefaultSellerFactory@34c3e307)
2025-11-15 23:21:39.261 [39mDEBUG[0;39m [459e3bbd-af0d-4ce4-aaac-292e6f105b6b] [http-nio-8082-exec-6] c.b.c.logging.MethodLoggingAspect - Factory enter: DefaultSellerFactory.stores() args=[]
2025-11-15 23:21:39.262 [34mINFO [0;39m [459e3bbd-af0d-4ce4-aaac-292e6f105b6b] [http-nio-8082-exec-6] c.b.c.logging.MethodLoggingAspect - Factory exit: DefaultSellerFactory.stores() (1 ms)
2025-11-15 23:21:39.262 [39mDEBUG[0;39m [459e3bbd-af0d-4ce4-aaac-292e6f105b6b] [http-nio-8082-exec-6] c.b.c.logging.MethodLoggingAspect - Factory result: DefaultSellerFactory.stores() => (com.bharatshop.factory.impl.DefaultSellerFactory$5@109ebad0)
2025-11-15 23:21:39.262 [1;31mERROR[0;39m [459e3bbd-af0d-4ce4-aaac-292e6f105b6b] [http-nio-8082-exec-6] c.b.c.logging.MethodLoggingAspect - Unhandled exception: java.lang.NoSuchMethodError: 'java.util.List com.bharatshop.repository.StoreRepository.findByOwnerId(java.lang.String)'
2025-11-15 23:21:39.262 [1;31mERROR[0;39m [459e3bbd-af0d-4ce4-aaac-292e6f105b6b] [http-nio-8082-exec-6] c.b.c.logging.MethodLoggingAspect - Controller error: SellerStoreController.listStores(..) (2 ms) - java.lang.NoSuchMethodError: 'java.util.List com.bharatshop.repository.StoreRepository.findByOwnerId(java.lang.String)'
2025-11-15 23:21:39.263 [34mINFO [0;39m [459e3bbd-af0d-4ce4-aaac-292e6f105b6b] [http-nio-8082-exec-6] c.b.config.logging.HttpLoggingFilter - GET /api/seller/stores -> 200 (3 ms)
2025-11-15 23:21:39.263 [34mINFO [0;39m [459e3bbd-af0d-4ce4-aaac-292e6f105b6b] [http-nio-8082-exec-6] c.b.config.logging.HttpLoggingFilter - Headers: auth=present content-type=null accept=null
2025-11-15 23:21:39.264 [1;31mERROR[0;39m [] [http-nio-8082-exec-6] o.a.c.c.C.[.[.[.[dispatcherServlet] - Servlet.service() for servlet [dispatcherServlet] in context with path [] threw exception [Handler dispatch failed: java.lang.NoSuchMethodError: 'java.util.List com.bharatshop.repository.StoreRepository.findByOwnerId(java.lang.String)'] with root cause
java.lang.NoSuchMethodError: 'java.util.List com.bharatshop.repository.StoreRepository.findByOwnerId(java.lang.String)'
	at com.bharatshop.factory.impl.DefaultSellerFactory$5.list(DefaultSellerFactory.java:302)
	at com.bharatshop.web.seller.SellerStoreController.listStores(SellerStoreController.java:39)
	at java.base/jdk.internal.reflect.NativeMethodAccessorImpl.invoke0(Native Method)
	at java.base/jdk.internal.reflect.NativeMethodAccessorImpl.invoke(NativeMethodAccessorImpl.java:77)
	at java.base/jdk.internal.reflect.DelegatingMethodAccessorImpl.invoke(DelegatingMethodAccessorImpl.java:43)
	at java.base/java.lang.reflect.Method.invoke(Method.java:568)
	at org.springframework.aop.support.AopUtils.invokeJoinpointUsingReflection(AopUtils.java:355)
	at org.springframework.aop.framework.ReflectiveMethodInvocation.invokeJoinpoint(ReflectiveMethodInvocation.java:196)
	at org.springframework.aop.framework.ReflectiveMethodInvocation.proceed(ReflectiveMethodInvocation.java:163)
	at org.springframework.aop.framework.CglibAopProxy$CglibMethodInvocation.proceed(CglibAopProxy.java:768)
	at org.springframework.aop.aspectj.AspectJAfterThrowingAdvice.invoke(AspectJAfterThrowingAdvice.java:64)
	at org.springframework.aop.framework.ReflectiveMethodInvocation.proceed(ReflectiveMethodInvocation.java:184)
	at org.springframework.aop.framework.CglibAopProxy$CglibMethodInvocation.proceed(CglibAopProxy.java:768)
	at org.springframework.aop.aspectj.MethodInvocationProceedingJoinPoint.proceed(MethodInvocationProceedingJoinPoint.java:89)
	at com.bharatshop.config.logging.MethodLoggingAspect.logController(MethodLoggingAspect.java:29)
	at java.base/jdk.internal.reflect.NativeMethodAccessorImpl.invoke0(Native Method)
	at java.base/jdk.internal.reflect.NativeMethodAccessorImpl.invoke(NativeMethodAccessorImpl.java:77)
	at java.base/jdk.internal.reflect.DelegatingMethodAccessorImpl.invoke(DelegatingMethodAccessorImpl.java:43)
	at java.base/java.lang.reflect.Method.invoke(Method.java:568)
	at org.springframework.aop.aspectj.AbstractAspectJAdvice.invokeAdviceMethodWithGivenArgs(AbstractAspectJAdvice.java:637)
	at org.springframework.aop.aspectj.AbstractAspectJAdvice.invokeAdviceMethod(AbstractAspectJAdvice.java:627)
	at org.springframework.aop.aspectj.AspectJAroundAdvice.invoke(AspectJAroundAdvice.java:71)
	at org.springframework.aop.framework.ReflectiveMethodInvocation.proceed(ReflectiveMethodInvocation.java:184)
	at org.springframework.aop.framework.CglibAopProxy$CglibMethodInvocation.proceed(CglibAopProxy.java:768)
	at org.springframework.aop.interceptor.ExposeInvocationInterceptor.invoke(ExposeInvocationInterceptor.java:97)
	at org.springframework.aop.framework.ReflectiveMethodInvocation.proceed(ReflectiveMethodInvocation.java:184)
	at org.springframework.aop.framework.CglibAopProxy$CglibMethodInvocation.proceed(CglibAopProxy.java:768)
	at org.springframework.aop.framework.CglibAopProxy$DynamicAdvisedInterceptor.intercept(CglibAopProxy.java:720)
	at com.bharatshop.web.seller.SellerStoreController$$SpringCGLIB$$0.listStores(<generated>)
	at java.base/jdk.internal.reflect.NativeMethodAccessorImpl.invoke0(Native Method)
	at java.base/jdk.internal.reflect.NativeMethodAccessorImpl.invoke(NativeMethodAccessorImpl.java:77)
	at java.base/jdk.internal.reflect.DelegatingMethodAccessorImpl.invoke(DelegatingMethodAccessorImpl.java:43)
	at java.base/java.lang.reflect.Method.invoke(Method.java:568)
	at org.springframework.web.method.support.InvocableHandlerMethod.doInvoke(InvocableHandlerMethod.java:255)
	at org.springframework.web.method.support.InvocableHandlerMethod.invokeForRequest(InvocableHandlerMethod.java:188)
	at org.springframework.web.servlet.mvc.method.annotation.ServletInvocableHandlerMethod.invokeAndHandle(ServletInvocableHandlerMethod.java:118)
	at org.springframework.web.servlet.mvc.method.annotation.RequestMappingHandlerAdapter.invokeHandlerMethod(RequestMappingHandlerAdapter.java:926)
	at org.springframework.web.servlet.mvc.method.annotation.RequestMappingHandlerAdapter.handleInternal(RequestMappingHandlerAdapter.java:831)
	at org.springframework.web.servlet.mvc.method.AbstractHandlerMethodAdapter.handle(AbstractHandlerMethodAdapter.java:87)
	at org.springframework.web.servlet.DispatcherServlet.doDispatch(DispatcherServlet.java:1089)
	at org.springframework.web.servlet.DispatcherServlet.doService(DispatcherServlet.java:979)
	at org.springframework.web.servlet.FrameworkServlet.processRequest(FrameworkServlet.java:1014)
	at org.springframework.web.servlet.FrameworkServlet.doGet(FrameworkServlet.java:903)
	at jakarta.servlet.http.HttpServlet.service(HttpServlet.java:564)
	at org.springframework.web.servlet.FrameworkServlet.service(FrameworkServlet.java:885)
	at jakarta.servlet.http.HttpServlet.service(HttpServlet.java:658)
	at org.apache.catalina.core.ApplicationFilterChain.internalDoFilter(ApplicationFilterChain.java:195)
	at org.apache.catalina.core.ApplicationFilterChain.doFilter(ApplicationFilterChain.java:140)
	at org.apache.tomcat.websocket.server.WsFilter.doFilter(WsFilter.java:51)
	at org.apache.catalina.core.ApplicationFilterChain.internalDoFilter(ApplicationFilterChain.java:164)
	at org.apache.catalina.core.ApplicationFilterChain.doFilter(ApplicationFilterChain.java:140)
	at org.springframework.web.filter.OncePerRequestFilter.doFilter(OncePerRequestFilter.java:110)
	at org.apache.catalina.core.ApplicationFilterChain.internalDoFilter(ApplicationFilterChain.java:164)
	at org.apache.catalina.core.ApplicationFilterChain.doFilter(ApplicationFilterChain.java:140)
	at com.bharatshop.config.TenantFilter.doFilterInternal(TenantFilter.java:35)
	at org.springframework.web.filter.OncePerRequestFilter.doFilter(OncePerRequestFilter.java:116)
	at org.apache.catalina.core.ApplicationFilterChain.internalDoFilter(ApplicationFilterChain.java:164)
	at org.apache.catalina.core.ApplicationFilterChain.doFilter(ApplicationFilterChain.java:140)
	at com.bharatshop.config.IdempotencyFilter.doFilterInternal(IdempotencyFilter.java:54)
	at org.springframework.web.filter.OncePerRequestFilter.doFilter(OncePerRequestFilter.java:116)
	at org.apache.catalina.core.ApplicationFilterChain.internalDoFilter(ApplicationFilterChain.java:164)
	at org.apache.catalina.core.ApplicationFilterChain.doFilter(ApplicationFilterChain.java:140)
	at com.bharatshop.config.logging.HttpLoggingFilter.doFilterInternal(HttpLoggingFilter.java:32)
	at org.springframework.web.filter.OncePerRequestFilter.doFilter(OncePerRequestFilter.java:116)
	at org.apache.catalina.core.ApplicationFilterChain.internalDoFilter(ApplicationFilterChain.java:164)
	at org.apache.catalina.core.ApplicationFilterChain.doFilter(ApplicationFilterChain.java:140)
	at com.bharatshop.config.logging.CorrelationIdFilter.doFilterInternal(CorrelationIdFilter.java:29)
	at org.springframework.web.filter.OncePerRequestFilter.doFilter(OncePerRequestFilter.java:116)
	at org.apache.catalina.core.ApplicationFilterChain.internalDoFilter(ApplicationFilterChain.java:164)
	at org.apache.catalina.core.ApplicationFilterChain.doFilter(ApplicationFilterChain.java:140)
	at org.springframework.web.filter.CompositeFilter$VirtualFilterChain.doFilter(CompositeFilter.java:108)
	at org.springframework.security.web.FilterChainProxy.lambda$doFilterInternal$3(FilterChainProxy.java:231)
	at org.springframework.security.web.ObservationFilterChainDecorator$FilterObservation$SimpleFilterObservation.lambda$wrap$1(ObservationFilterChainDecorator.java:479)
	at org.springframework.security.web.ObservationFilterChainDecorator$AroundFilterObservation$SimpleAroundFilterObservation.lambda$wrap$1(ObservationFilterChainDecorator.java:340)
	at org.springframework.security.web.ObservationFilterChainDecorator.lambda$wrapSecured$0(ObservationFilterChainDecorator.java:82)
	at org.springframework.security.web.ObservationFilterChainDecorator$VirtualFilterChain.doFilter(ObservationFilterChainDecorator.java:128)
	at org.springframework.security.web.access.intercept.AuthorizationFilter.doFilter(AuthorizationFilter.java:100)
	at org.springframework.security.web.ObservationFilterChainDecorator$ObservationFilter.wrapFilter(ObservationFilterChainDecorator.java:240)
	at org.springframework.security.web.ObservationFilterChainDecorator$ObservationFilter.doFilter(ObservationFilterChainDecorator.java:227)
	at org.springframework.security.web.ObservationFilterChainDecorator$VirtualFilterChain.doFilter(ObservationFilterChainDecorator.java:137)
	at org.springframework.security.web.access.ExceptionTranslationFilter.doFilter(ExceptionTranslationFilter.java:126)
	at org.springframework.security.web.access.ExceptionTranslationFilter.doFilter(ExceptionTranslationFilter.java:120)
	at org.springframework.security.web.ObservationFilterChainDecorator$ObservationFilter.wrapFilter(ObservationFilterChainDecorator.java:240)
	at org.springframework.security.web.ObservationFilterChainDecorator$ObservationFilter.doFilter(ObservationFilterChainDecorator.java:227)
	at org.springframework.security.web.ObservationFilterChainDecorator$VirtualFilterChain.doFilter(ObservationFilterChainDecorator.java:137)
	at org.springframework.security.web.authentication.AnonymousAuthenticationFilter.doFilter(AnonymousAuthenticationFilter.java:100)
	at org.springframework.security.web.ObservationFilterChainDecorator$ObservationFilter.wrapFilter(ObservationFilterChainDecorator.java:240)
	at org.springframework.security.web.ObservationFilterChainDecorator$ObservationFilter.doFilter(ObservationFilterChainDecorator.java:227)
	at org.springframework.security.web.ObservationFilterChainDecorator$VirtualFilterChain.doFilter(ObservationFilterChainDecorator.java:137)
	at org.springframework.security.web.servletapi.SecurityContextHolderAwareRequestFilter.doFilter(SecurityContextHolderAwareRequestFilter.java:179)
	at org.springframework.security.web.ObservationFilterChainDecorator$ObservationFilter.wrapFilter(ObservationFilterChainDecorator.java:240)
	at org.springframework.security.web.ObservationFilterChainDecorator$ObservationFilter.doFilter(ObservationFilterChainDecorator.java:227)
	at org.springframework.security.web.ObservationFilterChainDecorator$VirtualFilterChain.doFilter(ObservationFilterChainDecorator.java:137)
	at org.springframework.security.web.savedrequest.RequestCacheAwareFilter.doFilter(RequestCacheAwareFilter.java:63)
	at org.springframework.security.web.ObservationFilterChainDecorator$ObservationFilter.wrapFilter(ObservationFilterChainDecorator.java:240)
	at org.springframework.security.web.ObservationFilterChainDecorator$ObservationFilter.doFilter(ObservationFilterChainDecorator.java:227)
	at org.springframework.security.web.ObservationFilterChainDecorator$VirtualFilterChain.doFilter(ObservationFilterChainDecorator.java:137)
	at com.bharatshop.security.TokenAuthFilter.doFilterInternal(TokenAuthFilter.java:47)
	at org.springframework.web.filter.OncePerRequestFilter.doFilter(OncePerRequestFilter.java:116)
	at org.springframework.security.web.ObservationFilterChainDecorator$ObservationFilter.wrapFilter(ObservationFilterChainDecorator.java:240)
	at org.springframework.security.web.ObservationFilterChainDecorator$ObservationFilter.doFilter(ObservationFilterChainDecorator.java:227)
	at org.springframework.security.web.ObservationFilterChainDecorator$VirtualFilterChain.doFilter(ObservationFilterChainDecorator.java:137)
	at org.springframework.security.web.authentication.logout.LogoutFilter.doFilter(LogoutFilter.java:107)
	at org.springframework.security.web.authentication.logout.LogoutFilter.doFilter(LogoutFilter.java:93)
	at org.springframework.security.web.ObservationFilterChainDecorator$ObservationFilter.wrapFilter(ObservationFilterChainDecorator.java:240)
	at org.springframework.security.web.ObservationFilterChainDecorator$ObservationFilter.doFilter(ObservationFilterChainDecorator.java:227)
	at org.springframework.security.web.ObservationFilterChainDecorator$VirtualFilterChain.doFilter(ObservationFilterChainDecorator.java:137)
	at org.springframework.web.filter.CorsFilter.doFilterInternal(CorsFilter.java:91)
	at org.springframework.web.filter.OncePerRequestFilter.doFilter(OncePerRequestFilter.java:116)
	at org.springframework.security.web.ObservationFilterChainDecorator$ObservationFilter.wrapFilter(ObservationFilterChainDecorator.java:240)
	at org.springframework.security.web.ObservationFilterChainDecorator$ObservationFilter.doFilter(ObservationFilterChainDecorator.java:227)
	at org.springframework.security.web.ObservationFilterChainDecorator$VirtualFilterChain.doFilter(ObservationFilterChainDecorator.java:137)
	at org.springframework.security.web.header.HeaderWriterFilter.doHeadersAfter(HeaderWriterFilter.java:90)
	at org.springframework.security.web.header.HeaderWriterFilter.doFilterInternal(HeaderWriterFilter.java:75)
	at org.springframework.web.filter.OncePerRequestFilter.doFilter(OncePerRequestFilter.java:116)
	at org.springframework.security.web.ObservationFilterChainDecorator$ObservationFilter.wrapFilter(ObservationFilterChainDecorator.java:240)
	at org.springframework.security.web.ObservationFilterChainDecorator$ObservationFilter.doFilter(ObservationFilterChainDecorator.java:227)
	at org.springframework.security.web.ObservationFilterChainDecorator$VirtualFilterChain.doFilter(ObservationFilterChainDecorator.java:137)
	at org.springframework.security.web.context.SecurityContextHolderFilter.doFilter(SecurityContextHolderFilter.java:82)
	at org.springframework.security.web.context.SecurityContextHolderFilter.doFilter(SecurityContextHolderFilter.java:69)
	at org.springframework.security.web.ObservationFilterChainDecorator$ObservationFilter.wrapFilter(ObservationFilterChainDecorator.java:240)
	at org.springframework.security.web.ObservationFilterChainDecorator$ObservationFilter.doFilter(ObservationFilterChainDecorator.java:227)
	at org.springframework.security.web.ObservationFilterChainDecorator$VirtualFilterChain.doFilter(ObservationFilterChainDecorator.java:137)
	at org.springframework.security.web.context.request.async.WebAsyncManagerIntegrationFilter.doFilterInternal(WebAsyncManagerIntegrationFilter.java:62)
	at org.springframework.web.filter.OncePerRequestFilter.doFilter(OncePerRequestFilter.java:116)
	at org.springframework.security.web.ObservationFilterChainDecorator$ObservationFilter.wrapFilter(ObservationFilterChainDecorator.java:240)
	at org.springframework.security.web.ObservationFilterChainDecorator$ObservationFilter.doFilter(ObservationFilterChainDecorator.java:227)
	at org.springframework.security.web.ObservationFilterChainDecorator$VirtualFilterChain.doFilter(ObservationFilterChainDecorator.java:137)
	at org.springframework.security.web.session.DisableEncodeUrlFilter.doFilterInternal(DisableEncodeUrlFilter.java:42)
	at org.springframework.web.filter.OncePerRequestFilter.doFilter(OncePerRequestFilter.java:116)
	at org.springframework.security.web.ObservationFilterChainDecorator$ObservationFilter.wrapFilter(ObservationFilterChainDecorator.java:240)
	at org.springframework.security.web.ObservationFilterChainDecorator$AroundFilterObservation$SimpleAroundFilterObservation.lambda$wrap$0(ObservationFilterChainDecorator.java:323)
	at org.springframework.security.web.ObservationFilterChainDecorator$ObservationFilter.doFilter(ObservationFilterChainDecorator.java:224)
	at org.springframework.security.web.ObservationFilterChainDecorator$VirtualFilterChain.doFilter(ObservationFilterChainDecorator.java:137)
	at org.springframework.security.web.FilterChainProxy.doFilterInternal(FilterChainProxy.java:233)
	at org.springframework.security.web.FilterChainProxy.doFilter(FilterChainProxy.java:191)
	at org.springframework.web.filter.CompositeFilter$VirtualFilterChain.doFilter(CompositeFilter.java:113)
	at org.springframework.web.servlet.handler.HandlerMappingIntrospector.lambda$createCacheFilter$3(HandlerMappingIntrospector.java:195)
	at org.springframework.web.filter.CompositeFilter$VirtualFilterChain.doFilter(CompositeFilter.java:113)
	at org.springframework.web.filter.CompositeFilter.doFilter(CompositeFilter.java:74)
	at org.springframework.security.config.annotation.web.configuration.WebMvcSecurityConfiguration$CompositeFilterChainProxy.doFilter(WebMvcSecurityConfiguration.java:230)
	at org.springframework.web.filter.DelegatingFilterProxy.invokeDelegate(DelegatingFilterProxy.java:352)
	at org.springframework.web.filter.DelegatingFilterProxy.doFilter(DelegatingFilterProxy.java:268)
	at org.apache.catalina.core.ApplicationFilterChain.internalDoFilter(ApplicationFilterChain.java:164)
	at org.apache.catalina.core.ApplicationFilterChain.doFilter(ApplicationFilterChain.java:140)
	at org.springframework.web.filter.RequestContextFilter.doFilterInternal(RequestContextFilter.java:100)
	at org.springframework.web.filter.OncePerRequestFilter.doFilter(OncePerRequestFilter.java:116)
	at org.apache.catalina.core.ApplicationFilterChain.internalDoFilter(ApplicationFilterChain.java:164)
	at org.apache.catalina.core.ApplicationFilterChain.doFilter(ApplicationFilterChain.java:140)
	at org.springframework.web.filter.FormContentFilter.doFilterInternal(FormContentFilter.java:93)
	at org.springframework.web.filter.OncePerRequestFilter.doFilter(OncePerRequestFilter.java:116)
	at org.apache.catalina.core.ApplicationFilterChain.internalDoFilter(ApplicationFilterChain.java:164)
	at org.apache.catalina.core.ApplicationFilterChain.doFilter(ApplicationFilterChain.java:140)
	at org.springframework.web.filter.ServerHttpObservationFilter.doFilterInternal(ServerHttpObservationFilter.java:113)
	at org.springframework.web.filter.OncePerRequestFilter.doFilter(OncePerRequestFilter.java:116)
	at org.apache.catalina.core.ApplicationFilterChain.internalDoFilter(ApplicationFilterChain.java:164)
	at org.apache.catalina.core.ApplicationFilterChain.doFilter(ApplicationFilterChain.java:140)
	at org.springframework.web.filter.CharacterEncodingFilter.doFilterInternal(CharacterEncodingFilter.java:201)
	at org.springframework.web.filter.OncePerRequestFilter.doFilter(OncePerRequestFilter.java:116)
	at org.apache.catalina.core.ApplicationFilterChain.internalDoFilter(ApplicationFilterChain.java:164)
	at org.apache.catalina.core.ApplicationFilterChain.doFilter(ApplicationFilterChain.java:140)
	at org.apache.catalina.core.StandardWrapperValve.invoke(StandardWrapperValve.java:167)
	at org.apache.catalina.core.StandardContextValve.invoke(StandardContextValve.java:90)
	at org.apache.catalina.authenticator.AuthenticatorBase.invoke(AuthenticatorBase.java:483)
	at org.apache.catalina.core.StandardHostValve.invoke(StandardHostValve.java:115)
	at org.apache.catalina.valves.ErrorReportValve.invoke(ErrorReportValve.java:93)
	at org.apache.catalina.core.StandardEngineValve.invoke(StandardEngineValve.java:74)
	at org.apache.catalina.valves.AbstractAccessLogValve.invoke(AbstractAccessLogValve.java:663)
	at org.apache.catalina.connector.CoyoteAdapter.service(CoyoteAdapter.java:344)
	at org.apache.coyote.http11.Http11Processor.service(Http11Processor.java:384)
	at org.apache.coyote.AbstractProcessorLight.process(AbstractProcessorLight.java:63)
	at org.apache.coyote.AbstractProtocol$ConnectionHandler.process(AbstractProtocol.java:905)
	at org.apache.tomcat.util.net.NioEndpoint$SocketProcessor.doRun(NioEndpoint.java:1741)
	at org.apache.tomcat.util.net.SocketProcessorBase.run(SocketProcessorBase.java:52)
	at org.apache.tomcat.util.threads.ThreadPoolExecutor.runWorker(ThreadPoolExecutor.java:1190)
	at org.apache.tomcat.util.threads.ThreadPoolExecutor$Worker.run(ThreadPoolExecutor.java:659)
	at org.apache.tomcat.util.threads.TaskThread$WrappingRunnable.run(TaskThread.java:63)
	at java.base/java.lang.Thread.run(Thread.java:842)
2025-11-15 23:22:17.154 [39mDEBUG[0;39m [60758f51-8be1-4bff-8a61-645bdf3a0960] [http-nio-8082-exec-7] c.b.c.logging.MethodLoggingAspect - Controller enter: SellerAuthController.login(..) args=[LoginRequest(com.bharatshop.dto.LoginRequest@ac63e83)]
2025-11-15 23:22:17.154 [34mINFO [0;39m [60758f51-8be1-4bff-8a61-645bdf3a0960] [http-nio-8082-exec-7] c.b.web.SellerAuthController - Login seller: email=seller.demo@example.com
2025-11-15 23:22:17.155 [39mDEBUG[0;39m [60758f51-8be1-4bff-8a61-645bdf3a0960] [http-nio-8082-exec-7] c.b.c.logging.MethodLoggingAspect - Service enter: AuthService.loginSellerEmail(..) args=[seller.demo@example.com, demo123]
2025-11-15 23:22:17.155 [34mINFO [0;39m [60758f51-8be1-4bff-8a61-645bdf3a0960] [http-nio-8082-exec-7] com.bharatshop.service.AuthService - Login (seller) attempt: email=seller.demo@example.com
2025-11-15 23:22:17.237 [34mINFO [0;39m [60758f51-8be1-4bff-8a61-645bdf3a0960] [http-nio-8082-exec-7] com.bharatshop.service.AuthService - Session created: userId=c91604f0-a0c2-4ef3-b9d0-20b8b60376b0 role=seller
2025-11-15 23:22:17.237 [34mINFO [0;39m [60758f51-8be1-4bff-8a61-645bdf3a0960] [http-nio-8082-exec-7] com.bharatshop.service.AuthService - Login (seller) success: userId=c91604f0-a0c2-4ef3-b9d0-20b8b60376b0 token=eyJhbGciOiJIUzI1NiIsInR5cCI6IkpXVCJ9.eyJzdWIiOiJjOTE2MDRmMC1hMGMyLTRlZjMtYjlkMC0yMGI4YjYwMzc2YjAiLCJuYW1lIjoic2VsbGVyLmRlbW8iLCJyb2xlIjoic2VsbGVyIiwiaWF0IjoxNzYzMjI5MTM3LCJleHAiOjE3NjMyMzI3Mzd9.PWOH-pDTa7vuvyXr3tP7J1ZUR7sF_d_4tlJB31rW7Rc role=SELLER 
2025-11-15 23:22:17.237 [34mINFO [0;39m [60758f51-8be1-4bff-8a61-645bdf3a0960] [http-nio-8082-exec-7] c.b.c.logging.MethodLoggingAspect - Service exit: AuthService.loginSellerEmail(..) (82 ms)
2025-11-15 23:22:17.237 [39mDEBUG[0;39m [60758f51-8be1-4bff-8a61-645bdf3a0960] [http-nio-8082-exec-7] c.b.c.logging.MethodLoggingAspect - Service result: AuthService.loginSellerEmail(..) => Session(Session[token=eyJhbGciOiJIUzI1NiIsInR5cCI6IkpXVCJ9.eyJzdWIiOiJjOTE2MDRmMC1hMGMyLTRlZjMtYjlkMC0yMGI4YjYwMzc2YjAiLCJuYW1lIjoic2VsbGVyLmRlbW8iLCJyb2xlIjoic2VsbGVyIiwiaWF0IjoxNzYzMjI5MTM3LCJleHAiOjE3NjMyMzI3Mzd9.PWOH-pDTa7vuvyXr3tP7J1ZUR7sF_d_4tlJB31rW7Rc, userId=c91604f0-a0c2-4ef3-b9d0-20b8b60376b0, name=seller.demo, role=seller])
2025-11-15 23:22:17.238 [39mDEBUG[0;39m [60758f51-8be1-4bff-8a61-645bdf3a0960] [http-nio-8082-exec-7] c.b.c.logging.MethodLoggingAspect - Service enter: AuthService.getProfile(..) args=[eyJhbGciOiJIUzI1NiIsInR5cCI6IkpXVCJ9.eyJzdWIiOiJjOTE2MDRmMC1hMGMyLTRlZjMtYjlkMC0yMGI4YjYwMzc2YjAiLCJuYW1lIjoic2VsbGVyLmRlbW8iLCJyb2xlIjoic2VsbGVyIiwiaWF0IjoxNzYzMjI5MTM3LCJleHAiOjE3NjMyMzI3Mzd9.PWOH-pDTa7vuvyXr3tP7J1ZUR7sF_d_4tlJB31rW7Rc]
2025-11-15 23:22:17.239 [34mINFO [0;39m [60758f51-8be1-4bff-8a61-645bdf3a0960] [http-nio-8082-exec-7] c.b.c.logging.MethodLoggingAspect - Service exit: AuthService.getProfile(..) (1 ms)
2025-11-15 23:22:17.240 [39mDEBUG[0;39m [60758f51-8be1-4bff-8a61-645bdf3a0960] [http-nio-8082-exec-7] c.b.c.logging.MethodLoggingAspect - Service result: AuthService.getProfile(..) => User(com.bharatshop.domain.User@221ce85d)
2025-11-15 23:22:17.240 [34mINFO [0;39m [60758f51-8be1-4bff-8a61-645bdf3a0960] [http-nio-8082-exec-7] c.b.web.SellerAuthController - Seller login success: userId=c91604f0-a0c2-4ef3-b9d0-20b8b60376b0
2025-11-15 23:22:17.240 [34mINFO [0;39m [60758f51-8be1-4bff-8a61-645bdf3a0960] [http-nio-8082-exec-7] c.b.c.logging.MethodLoggingAspect - Controller exit: SellerAuthController.login(..) -> status=200 (86 ms)
2025-11-15 23:22:17.240 [39mDEBUG[0;39m [60758f51-8be1-4bff-8a61-645bdf3a0960] [http-nio-8082-exec-7] c.b.c.logging.MethodLoggingAspect - Controller result: SellerAuthController.login(..) => ResponseEntity(status=200)
2025-11-15 23:22:17.241 [34mINFO [0;39m [60758f51-8be1-4bff-8a61-645bdf3a0960] [http-nio-8082-exec-7] c.b.config.logging.HttpLoggingFilter - POST /api/auth/seller/login -> 200 (89 ms)
2025-11-15 23:22:17.241 [34mINFO [0;39m [60758f51-8be1-4bff-8a61-645bdf3a0960] [http-nio-8082-exec-7] c.b.config.logging.HttpLoggingFilter - Headers: auth=absent content-type=application/json accept=null
2025-11-15 23:22:17.241 [34mINFO [0;39m [60758f51-8be1-4bff-8a61-645bdf3a0960] [http-nio-8082-exec-7] c.b.config.logging.HttpLoggingFilter - Request payload: {"email":"seller.demo@example.com","password":"demo123"}
2025-11-15 23:22:17.241 [34mINFO [0;39m [60758f51-8be1-4bff-8a61-645bdf3a0960] [http-nio-8082-exec-7] c.b.config.logging.HttpLoggingFilter - Response payload: {"user":{"id":"c91604f0-a0c2-4ef3-b9d0-20b8b60376b0","name":"seller.demo","email":"seller.demo@example.com","role":"seller"},"token":"eyJhbGciOiJIUzI1NiIsInR5cCI6IkpXVCJ9.eyJzdWIiOiJjOTE2MDRmMC1hMGMyLTRlZjMtYjlkMC0yMGI4YjYwMzc2YjAiLCJuYW1lIjoic2VsbGVyLmRlbW8iLCJyb2xlIjoic2VsbGVyIiwiaWF0IjoxNzYzMjI5MTM3LCJleHAiOjE3NjMyMzI3Mzd9.PWOH-pDTa7vuvyXr3tP7J1ZUR7sF_d_4tlJB31rW7Rc"}
2025-11-15 23:22:17.247 [39mDEBUG[0;39m [2407a94c-15d8-45a4-95e6-4912c548e36d] [http-nio-8082-exec-8] c.b.c.logging.MethodLoggingAspect - Controller enter: SellerStoreController.listStores(..) args=[null, null, null, null]
2025-11-15 23:22:17.249 [34mINFO [0;39m [2407a94c-15d8-45a4-95e6-4912c548e36d] [http-nio-8082-exec-8] c.b.web.seller.SellerStoreController - Seller list stores: search=null page=null limit=null pageSize=null
2025-11-15 23:22:17.249 [39mDEBUG[0;39m [2407a94c-15d8-45a4-95e6-4912c548e36d] [http-nio-8082-exec-8] c.b.c.logging.MethodLoggingAspect - Factory enter: FactoryProvider.getSellerFactory(..) args=[null]
2025-11-15 23:22:17.249 [34mINFO [0;39m [2407a94c-15d8-45a4-95e6-4912c548e36d] [http-nio-8082-exec-8] c.b.c.logging.MethodLoggingAspect - Factory exit: FactoryProvider.getSellerFactory(..) (0 ms)
2025-11-15 23:22:17.249 [39mDEBUG[0;39m [2407a94c-15d8-45a4-95e6-4912c548e36d] [http-nio-8082-exec-8] c.b.c.logging.MethodLoggingAspect - Factory result: FactoryProvider.getSellerFactory(..) => DefaultSellerFactory$$SpringCGLIB$$0(com.bharatshop.factory.impl.DefaultSellerFactory@34c3e307)
2025-11-15 23:22:17.249 [39mDEBUG[0;39m [2407a94c-15d8-45a4-95e6-4912c548e36d] [http-nio-8082-exec-8] c.b.c.logging.MethodLoggingAspect - Factory enter: DefaultSellerFactory.stores() args=[]
2025-11-15 23:22:17.250 [34mINFO [0;39m [2407a94c-15d8-45a4-95e6-4912c548e36d] [http-nio-8082-exec-8] c.b.c.logging.MethodLoggingAspect - Factory exit: DefaultSellerFactory.stores() (1 ms)
2025-11-15 23:22:17.250 [39mDEBUG[0;39m [2407a94c-15d8-45a4-95e6-4912c548e36d] [http-nio-8082-exec-8] c.b.c.logging.MethodLoggingAspect - Factory result: DefaultSellerFactory.stores() => (com.bharatshop.factory.impl.DefaultSellerFactory$5@efa7e11)
2025-11-15 23:22:17.250 [1;31mERROR[0;39m [2407a94c-15d8-45a4-95e6-4912c548e36d] [http-nio-8082-exec-8] c.b.c.logging.MethodLoggingAspect - Unhandled exception: java.lang.NoSuchMethodError: 'java.util.List com.bharatshop.repository.StoreRepository.findByOwnerId(java.lang.String)'
2025-11-15 23:22:17.250 [1;31mERROR[0;39m [2407a94c-15d8-45a4-95e6-4912c548e36d] [http-nio-8082-exec-8] c.b.c.logging.MethodLoggingAspect - Controller error: SellerStoreController.listStores(..) (3 ms) - java.lang.NoSuchMethodError: 'java.util.List com.bharatshop.repository.StoreRepository.findByOwnerId(java.lang.String)'
2025-11-15 23:22:17.251 [34mINFO [0;39m [2407a94c-15d8-45a4-95e6-4912c548e36d] [http-nio-8082-exec-8] c.b.config.logging.HttpLoggingFilter - GET /api/seller/stores -> 200 (4 ms)
2025-11-15 23:22:17.251 [34mINFO [0;39m [2407a94c-15d8-45a4-95e6-4912c548e36d] [http-nio-8082-exec-8] c.b.config.logging.HttpLoggingFilter - Headers: auth=present content-type=null accept=null
2025-11-15 23:22:17.251 [1;31mERROR[0;39m [] [http-nio-8082-exec-8] o.a.c.c.C.[.[.[.[dispatcherServlet] - Servlet.service() for servlet [dispatcherServlet] in context with path [] threw exception [Handler dispatch failed: java.lang.NoSuchMethodError: 'java.util.List com.bharatshop.repository.StoreRepository.findByOwnerId(java.lang.String)'] with root cause
java.lang.NoSuchMethodError: 'java.util.List com.bharatshop.repository.StoreRepository.findByOwnerId(java.lang.String)'
	at com.bharatshop.factory.impl.DefaultSellerFactory$5.list(DefaultSellerFactory.java:302)
	at com.bharatshop.web.seller.SellerStoreController.listStores(SellerStoreController.java:39)
	at java.base/jdk.internal.reflect.NativeMethodAccessorImpl.invoke0(Native Method)
	at java.base/jdk.internal.reflect.NativeMethodAccessorImpl.invoke(NativeMethodAccessorImpl.java:77)
	at java.base/jdk.internal.reflect.DelegatingMethodAccessorImpl.invoke(DelegatingMethodAccessorImpl.java:43)
	at java.base/java.lang.reflect.Method.invoke(Method.java:568)
	at org.springframework.aop.support.AopUtils.invokeJoinpointUsingReflection(AopUtils.java:355)
	at org.springframework.aop.framework.ReflectiveMethodInvocation.invokeJoinpoint(ReflectiveMethodInvocation.java:196)
	at org.springframework.aop.framework.ReflectiveMethodInvocation.proceed(ReflectiveMethodInvocation.java:163)
	at org.springframework.aop.framework.CglibAopProxy$CglibMethodInvocation.proceed(CglibAopProxy.java:768)
	at org.springframework.aop.aspectj.AspectJAfterThrowingAdvice.invoke(AspectJAfterThrowingAdvice.java:64)
	at org.springframework.aop.framework.ReflectiveMethodInvocation.proceed(ReflectiveMethodInvocation.java:184)
	at org.springframework.aop.framework.CglibAopProxy$CglibMethodInvocation.proceed(CglibAopProxy.java:768)
	at org.springframework.aop.aspectj.MethodInvocationProceedingJoinPoint.proceed(MethodInvocationProceedingJoinPoint.java:89)
	at com.bharatshop.config.logging.MethodLoggingAspect.logController(MethodLoggingAspect.java:29)
	at java.base/jdk.internal.reflect.NativeMethodAccessorImpl.invoke0(Native Method)
	at java.base/jdk.internal.reflect.NativeMethodAccessorImpl.invoke(NativeMethodAccessorImpl.java:77)
	at java.base/jdk.internal.reflect.DelegatingMethodAccessorImpl.invoke(DelegatingMethodAccessorImpl.java:43)
	at java.base/java.lang.reflect.Method.invoke(Method.java:568)
	at org.springframework.aop.aspectj.AbstractAspectJAdvice.invokeAdviceMethodWithGivenArgs(AbstractAspectJAdvice.java:637)
	at org.springframework.aop.aspectj.AbstractAspectJAdvice.invokeAdviceMethod(AbstractAspectJAdvice.java:627)
	at org.springframework.aop.aspectj.AspectJAroundAdvice.invoke(AspectJAroundAdvice.java:71)
	at org.springframework.aop.framework.ReflectiveMethodInvocation.proceed(ReflectiveMethodInvocation.java:184)
	at org.springframework.aop.framework.CglibAopProxy$CglibMethodInvocation.proceed(CglibAopProxy.java:768)
	at org.springframework.aop.interceptor.ExposeInvocationInterceptor.invoke(ExposeInvocationInterceptor.java:97)
	at org.springframework.aop.framework.ReflectiveMethodInvocation.proceed(ReflectiveMethodInvocation.java:184)
	at org.springframework.aop.framework.CglibAopProxy$CglibMethodInvocation.proceed(CglibAopProxy.java:768)
	at org.springframework.aop.framework.CglibAopProxy$DynamicAdvisedInterceptor.intercept(CglibAopProxy.java:720)
	at com.bharatshop.web.seller.SellerStoreController$$SpringCGLIB$$0.listStores(<generated>)
	at java.base/jdk.internal.reflect.NativeMethodAccessorImpl.invoke0(Native Method)
	at java.base/jdk.internal.reflect.NativeMethodAccessorImpl.invoke(NativeMethodAccessorImpl.java:77)
	at java.base/jdk.internal.reflect.DelegatingMethodAccessorImpl.invoke(DelegatingMethodAccessorImpl.java:43)
	at java.base/java.lang.reflect.Method.invoke(Method.java:568)
	at org.springframework.web.method.support.InvocableHandlerMethod.doInvoke(InvocableHandlerMethod.java:255)
	at org.springframework.web.method.support.InvocableHandlerMethod.invokeForRequest(InvocableHandlerMethod.java:188)
	at org.springframework.web.servlet.mvc.method.annotation.ServletInvocableHandlerMethod.invokeAndHandle(ServletInvocableHandlerMethod.java:118)
	at org.springframework.web.servlet.mvc.method.annotation.RequestMappingHandlerAdapter.invokeHandlerMethod(RequestMappingHandlerAdapter.java:926)
	at org.springframework.web.servlet.mvc.method.annotation.RequestMappingHandlerAdapter.handleInternal(RequestMappingHandlerAdapter.java:831)
	at org.springframework.web.servlet.mvc.method.AbstractHandlerMethodAdapter.handle(AbstractHandlerMethodAdapter.java:87)
	at org.springframework.web.servlet.DispatcherServlet.doDispatch(DispatcherServlet.java:1089)
	at org.springframework.web.servlet.DispatcherServlet.doService(DispatcherServlet.java:979)
	at org.springframework.web.servlet.FrameworkServlet.processRequest(FrameworkServlet.java:1014)
	at org.springframework.web.servlet.FrameworkServlet.doGet(FrameworkServlet.java:903)
	at jakarta.servlet.http.HttpServlet.service(HttpServlet.java:564)
	at org.springframework.web.servlet.FrameworkServlet.service(FrameworkServlet.java:885)
	at jakarta.servlet.http.HttpServlet.service(HttpServlet.java:658)
	at org.apache.catalina.core.ApplicationFilterChain.internalDoFilter(ApplicationFilterChain.java:195)
	at org.apache.catalina.core.ApplicationFilterChain.doFilter(ApplicationFilterChain.java:140)
	at org.apache.tomcat.websocket.server.WsFilter.doFilter(WsFilter.java:51)
	at org.apache.catalina.core.ApplicationFilterChain.internalDoFilter(ApplicationFilterChain.java:164)
	at org.apache.catalina.core.ApplicationFilterChain.doFilter(ApplicationFilterChain.java:140)
	at org.springframework.web.filter.OncePerRequestFilter.doFilter(OncePerRequestFilter.java:110)
	at org.apache.catalina.core.ApplicationFilterChain.internalDoFilter(ApplicationFilterChain.java:164)
	at org.apache.catalina.core.ApplicationFilterChain.doFilter(ApplicationFilterChain.java:140)
	at com.bharatshop.config.TenantFilter.doFilterInternal(TenantFilter.java:35)
	at org.springframework.web.filter.OncePerRequestFilter.doFilter(OncePerRequestFilter.java:116)
	at org.apache.catalina.core.ApplicationFilterChain.internalDoFilter(ApplicationFilterChain.java:164)
	at org.apache.catalina.core.ApplicationFilterChain.doFilter(ApplicationFilterChain.java:140)
	at com.bharatshop.config.IdempotencyFilter.doFilterInternal(IdempotencyFilter.java:54)
	at org.springframework.web.filter.OncePerRequestFilter.doFilter(OncePerRequestFilter.java:116)
	at org.apache.catalina.core.ApplicationFilterChain.internalDoFilter(ApplicationFilterChain.java:164)
	at org.apache.catalina.core.ApplicationFilterChain.doFilter(ApplicationFilterChain.java:140)
	at com.bharatshop.config.logging.HttpLoggingFilter.doFilterInternal(HttpLoggingFilter.java:32)
	at org.springframework.web.filter.OncePerRequestFilter.doFilter(OncePerRequestFilter.java:116)
	at org.apache.catalina.core.ApplicationFilterChain.internalDoFilter(ApplicationFilterChain.java:164)
	at org.apache.catalina.core.ApplicationFilterChain.doFilter(ApplicationFilterChain.java:140)
	at com.bharatshop.config.logging.CorrelationIdFilter.doFilterInternal(CorrelationIdFilter.java:29)
	at org.springframework.web.filter.OncePerRequestFilter.doFilter(OncePerRequestFilter.java:116)
	at org.apache.catalina.core.ApplicationFilterChain.internalDoFilter(ApplicationFilterChain.java:164)
	at org.apache.catalina.core.ApplicationFilterChain.doFilter(ApplicationFilterChain.java:140)
	at org.springframework.web.filter.CompositeFilter$VirtualFilterChain.doFilter(CompositeFilter.java:108)
	at org.springframework.security.web.FilterChainProxy.lambda$doFilterInternal$3(FilterChainProxy.java:231)
	at org.springframework.security.web.ObservationFilterChainDecorator$FilterObservation$SimpleFilterObservation.lambda$wrap$1(ObservationFilterChainDecorator.java:479)
	at org.springframework.security.web.ObservationFilterChainDecorator$AroundFilterObservation$SimpleAroundFilterObservation.lambda$wrap$1(ObservationFilterChainDecorator.java:340)
	at org.springframework.security.web.ObservationFilterChainDecorator.lambda$wrapSecured$0(ObservationFilterChainDecorator.java:82)
	at org.springframework.security.web.ObservationFilterChainDecorator$VirtualFilterChain.doFilter(ObservationFilterChainDecorator.java:128)
	at org.springframework.security.web.access.intercept.AuthorizationFilter.doFilter(AuthorizationFilter.java:100)
	at org.springframework.security.web.ObservationFilterChainDecorator$ObservationFilter.wrapFilter(ObservationFilterChainDecorator.java:240)
	at org.springframework.security.web.ObservationFilterChainDecorator$ObservationFilter.doFilter(ObservationFilterChainDecorator.java:227)
	at org.springframework.security.web.ObservationFilterChainDecorator$VirtualFilterChain.doFilter(ObservationFilterChainDecorator.java:137)
	at org.springframework.security.web.access.ExceptionTranslationFilter.doFilter(ExceptionTranslationFilter.java:126)
	at org.springframework.security.web.access.ExceptionTranslationFilter.doFilter(ExceptionTranslationFilter.java:120)
	at org.springframework.security.web.ObservationFilterChainDecorator$ObservationFilter.wrapFilter(ObservationFilterChainDecorator.java:240)
	at org.springframework.security.web.ObservationFilterChainDecorator$ObservationFilter.doFilter(ObservationFilterChainDecorator.java:227)
	at org.springframework.security.web.ObservationFilterChainDecorator$VirtualFilterChain.doFilter(ObservationFilterChainDecorator.java:137)
	at org.springframework.security.web.authentication.AnonymousAuthenticationFilter.doFilter(AnonymousAuthenticationFilter.java:100)
	at org.springframework.security.web.ObservationFilterChainDecorator$ObservationFilter.wrapFilter(ObservationFilterChainDecorator.java:240)
	at org.springframework.security.web.ObservationFilterChainDecorator$ObservationFilter.doFilter(ObservationFilterChainDecorator.java:227)
	at org.springframework.security.web.ObservationFilterChainDecorator$VirtualFilterChain.doFilter(ObservationFilterChainDecorator.java:137)
	at org.springframework.security.web.servletapi.SecurityContextHolderAwareRequestFilter.doFilter(SecurityContextHolderAwareRequestFilter.java:179)
	at org.springframework.security.web.ObservationFilterChainDecorator$ObservationFilter.wrapFilter(ObservationFilterChainDecorator.java:240)
	at org.springframework.security.web.ObservationFilterChainDecorator$ObservationFilter.doFilter(ObservationFilterChainDecorator.java:227)
	at org.springframework.security.web.ObservationFilterChainDecorator$VirtualFilterChain.doFilter(ObservationFilterChainDecorator.java:137)
	at org.springframework.security.web.savedrequest.RequestCacheAwareFilter.doFilter(RequestCacheAwareFilter.java:63)
	at org.springframework.security.web.ObservationFilterChainDecorator$ObservationFilter.wrapFilter(ObservationFilterChainDecorator.java:240)
	at org.springframework.security.web.ObservationFilterChainDecorator$ObservationFilter.doFilter(ObservationFilterChainDecorator.java:227)
	at org.springframework.security.web.ObservationFilterChainDecorator$VirtualFilterChain.doFilter(ObservationFilterChainDecorator.java:137)
	at com.bharatshop.security.TokenAuthFilter.doFilterInternal(TokenAuthFilter.java:47)
	at org.springframework.web.filter.OncePerRequestFilter.doFilter(OncePerRequestFilter.java:116)
	at org.springframework.security.web.ObservationFilterChainDecorator$ObservationFilter.wrapFilter(ObservationFilterChainDecorator.java:240)
	at org.springframework.security.web.ObservationFilterChainDecorator$ObservationFilter.doFilter(ObservationFilterChainDecorator.java:227)
	at org.springframework.security.web.ObservationFilterChainDecorator$VirtualFilterChain.doFilter(ObservationFilterChainDecorator.java:137)
	at org.springframework.security.web.authentication.logout.LogoutFilter.doFilter(LogoutFilter.java:107)
	at org.springframework.security.web.authentication.logout.LogoutFilter.doFilter(LogoutFilter.java:93)
	at org.springframework.security.web.ObservationFilterChainDecorator$ObservationFilter.wrapFilter(ObservationFilterChainDecorator.java:240)
	at org.springframework.security.web.ObservationFilterChainDecorator$ObservationFilter.doFilter(ObservationFilterChainDecorator.java:227)
	at org.springframework.security.web.ObservationFilterChainDecorator$VirtualFilterChain.doFilter(ObservationFilterChainDecorator.java:137)
	at org.springframework.web.filter.CorsFilter.doFilterInternal(CorsFilter.java:91)
	at org.springframework.web.filter.OncePerRequestFilter.doFilter(OncePerRequestFilter.java:116)
	at org.springframework.security.web.ObservationFilterChainDecorator$ObservationFilter.wrapFilter(ObservationFilterChainDecorator.java:240)
	at org.springframework.security.web.ObservationFilterChainDecorator$ObservationFilter.doFilter(ObservationFilterChainDecorator.java:227)
	at org.springframework.security.web.ObservationFilterChainDecorator$VirtualFilterChain.doFilter(ObservationFilterChainDecorator.java:137)
	at org.springframework.security.web.header.HeaderWriterFilter.doHeadersAfter(HeaderWriterFilter.java:90)
	at org.springframework.security.web.header.HeaderWriterFilter.doFilterInternal(HeaderWriterFilter.java:75)
	at org.springframework.web.filter.OncePerRequestFilter.doFilter(OncePerRequestFilter.java:116)
	at org.springframework.security.web.ObservationFilterChainDecorator$ObservationFilter.wrapFilter(ObservationFilterChainDecorator.java:240)
	at org.springframework.security.web.ObservationFilterChainDecorator$ObservationFilter.doFilter(ObservationFilterChainDecorator.java:227)
	at org.springframework.security.web.ObservationFilterChainDecorator$VirtualFilterChain.doFilter(ObservationFilterChainDecorator.java:137)
	at org.springframework.security.web.context.SecurityContextHolderFilter.doFilter(SecurityContextHolderFilter.java:82)
	at org.springframework.security.web.context.SecurityContextHolderFilter.doFilter(SecurityContextHolderFilter.java:69)
	at org.springframework.security.web.ObservationFilterChainDecorator$ObservationFilter.wrapFilter(ObservationFilterChainDecorator.java:240)
	at org.springframework.security.web.ObservationFilterChainDecorator$ObservationFilter.doFilter(ObservationFilterChainDecorator.java:227)
	at org.springframework.security.web.ObservationFilterChainDecorator$VirtualFilterChain.doFilter(ObservationFilterChainDecorator.java:137)
	at org.springframework.security.web.context.request.async.WebAsyncManagerIntegrationFilter.doFilterInternal(WebAsyncManagerIntegrationFilter.java:62)
	at org.springframework.web.filter.OncePerRequestFilter.doFilter(OncePerRequestFilter.java:116)
	at org.springframework.security.web.ObservationFilterChainDecorator$ObservationFilter.wrapFilter(ObservationFilterChainDecorator.java:240)
	at org.springframework.security.web.ObservationFilterChainDecorator$ObservationFilter.doFilter(ObservationFilterChainDecorator.java:227)
	at org.springframework.security.web.ObservationFilterChainDecorator$VirtualFilterChain.doFilter(ObservationFilterChainDecorator.java:137)
	at org.springframework.security.web.session.DisableEncodeUrlFilter.doFilterInternal(DisableEncodeUrlFilter.java:42)
	at org.springframework.web.filter.OncePerRequestFilter.doFilter(OncePerRequestFilter.java:116)
	at org.springframework.security.web.ObservationFilterChainDecorator$ObservationFilter.wrapFilter(ObservationFilterChainDecorator.java:240)
	at org.springframework.security.web.ObservationFilterChainDecorator$AroundFilterObservation$SimpleAroundFilterObservation.lambda$wrap$0(ObservationFilterChainDecorator.java:323)
	at org.springframework.security.web.ObservationFilterChainDecorator$ObservationFilter.doFilter(ObservationFilterChainDecorator.java:224)
	at org.springframework.security.web.ObservationFilterChainDecorator$VirtualFilterChain.doFilter(ObservationFilterChainDecorator.java:137)
	at org.springframework.security.web.FilterChainProxy.doFilterInternal(FilterChainProxy.java:233)
	at org.springframework.security.web.FilterChainProxy.doFilter(FilterChainProxy.java:191)
	at org.springframework.web.filter.CompositeFilter$VirtualFilterChain.doFilter(CompositeFilter.java:113)
	at org.springframework.web.servlet.handler.HandlerMappingIntrospector.lambda$createCacheFilter$3(HandlerMappingIntrospector.java:195)
	at org.springframework.web.filter.CompositeFilter$VirtualFilterChain.doFilter(CompositeFilter.java:113)
	at org.springframework.web.filter.CompositeFilter.doFilter(CompositeFilter.java:74)
	at org.springframework.security.config.annotation.web.configuration.WebMvcSecurityConfiguration$CompositeFilterChainProxy.doFilter(WebMvcSecurityConfiguration.java:230)
	at org.springframework.web.filter.DelegatingFilterProxy.invokeDelegate(DelegatingFilterProxy.java:352)
	at org.springframework.web.filter.DelegatingFilterProxy.doFilter(DelegatingFilterProxy.java:268)
	at org.apache.catalina.core.ApplicationFilterChain.internalDoFilter(ApplicationFilterChain.java:164)
	at org.apache.catalina.core.ApplicationFilterChain.doFilter(ApplicationFilterChain.java:140)
	at org.springframework.web.filter.RequestContextFilter.doFilterInternal(RequestContextFilter.java:100)
	at org.springframework.web.filter.OncePerRequestFilter.doFilter(OncePerRequestFilter.java:116)
	at org.apache.catalina.core.ApplicationFilterChain.internalDoFilter(ApplicationFilterChain.java:164)
	at org.apache.catalina.core.ApplicationFilterChain.doFilter(ApplicationFilterChain.java:140)
	at org.springframework.web.filter.FormContentFilter.doFilterInternal(FormContentFilter.java:93)
	at org.springframework.web.filter.OncePerRequestFilter.doFilter(OncePerRequestFilter.java:116)
	at org.apache.catalina.core.ApplicationFilterChain.internalDoFilter(ApplicationFilterChain.java:164)
	at org.apache.catalina.core.ApplicationFilterChain.doFilter(ApplicationFilterChain.java:140)
	at org.springframework.web.filter.ServerHttpObservationFilter.doFilterInternal(ServerHttpObservationFilter.java:113)
	at org.springframework.web.filter.OncePerRequestFilter.doFilter(OncePerRequestFilter.java:116)
	at org.apache.catalina.core.ApplicationFilterChain.internalDoFilter(ApplicationFilterChain.java:164)
	at org.apache.catalina.core.ApplicationFilterChain.doFilter(ApplicationFilterChain.java:140)
	at org.springframework.web.filter.CharacterEncodingFilter.doFilterInternal(CharacterEncodingFilter.java:201)
	at org.springframework.web.filter.OncePerRequestFilter.doFilter(OncePerRequestFilter.java:116)
	at org.apache.catalina.core.ApplicationFilterChain.internalDoFilter(ApplicationFilterChain.java:164)
	at org.apache.catalina.core.ApplicationFilterChain.doFilter(ApplicationFilterChain.java:140)
	at org.apache.catalina.core.StandardWrapperValve.invoke(StandardWrapperValve.java:167)
	at org.apache.catalina.core.StandardContextValve.invoke(StandardContextValve.java:90)
	at org.apache.catalina.authenticator.AuthenticatorBase.invoke(AuthenticatorBase.java:483)
	at org.apache.catalina.core.StandardHostValve.invoke(StandardHostValve.java:115)
	at org.apache.catalina.valves.ErrorReportValve.invoke(ErrorReportValve.java:93)
	at org.apache.catalina.core.StandardEngineValve.invoke(StandardEngineValve.java:74)
	at org.apache.catalina.valves.AbstractAccessLogValve.invoke(AbstractAccessLogValve.java:663)
	at org.apache.catalina.connector.CoyoteAdapter.service(CoyoteAdapter.java:344)
	at org.apache.coyote.http11.Http11Processor.service(Http11Processor.java:384)
	at org.apache.coyote.AbstractProcessorLight.process(AbstractProcessorLight.java:63)
	at org.apache.coyote.AbstractProtocol$ConnectionHandler.process(AbstractProtocol.java:905)
	at org.apache.tomcat.util.net.NioEndpoint$SocketProcessor.doRun(NioEndpoint.java:1741)
	at org.apache.tomcat.util.net.SocketProcessorBase.run(SocketProcessorBase.java:52)
	at org.apache.tomcat.util.threads.ThreadPoolExecutor.runWorker(ThreadPoolExecutor.java:1190)
	at org.apache.tomcat.util.threads.ThreadPoolExecutor$Worker.run(ThreadPoolExecutor.java:659)
	at org.apache.tomcat.util.threads.TaskThread$WrappingRunnable.run(TaskThread.java:63)
	at java.base/java.lang.Thread.run(Thread.java:842)
2025-11-15 23:22:48.967 [34mINFO [0;39m [] [main] c.bharatshop.BharatshopApplication - Starting BharatshopApplication using Java 17.0.12 with PID 67924 (C:\Users\Adarsh\Downloads\bharatshop-backend\target\classes started by Adarsh in C:\Users\Adarsh\Downloads\bharatshop-backend)
2025-11-15 23:22:48.967 [39mDEBUG[0;39m [] [main] c.bharatshop.BharatshopApplication - Running with Spring Boot v3.3.4, Spring v6.1.13
2025-11-15 23:22:48.970 [34mINFO [0;39m [] [main] c.bharatshop.BharatshopApplication - No active profile set, falling back to 1 default profile: "default"
2025-11-15 23:22:50.066 [34mINFO [0;39m [] [main] o.s.d.r.c.RepositoryConfigurationDelegate - Bootstrapping Spring Data JPA repositories in DEFAULT mode.
2025-11-15 23:22:50.169 [34mINFO [0;39m [] [main] o.s.d.r.c.RepositoryConfigurationDelegate - Finished Spring Data repository scanning in 98 ms. Found 6 JPA repository interfaces.
2025-11-15 23:22:50.997 [34mINFO [0;39m [] [main] o.s.b.w.e.tomcat.TomcatWebServer - Tomcat initialized with port 8082 (http)
2025-11-15 23:22:51.007 [34mINFO [0;39m [] [main] o.a.coyote.http11.Http11NioProtocol - Initializing ProtocolHandler ["http-nio-8082"]
2025-11-15 23:22:51.012 [34mINFO [0;39m [] [main] o.a.catalina.core.StandardService - Starting service [Tomcat]
2025-11-15 23:22:51.013 [34mINFO [0;39m [] [main] o.a.catalina.core.StandardEngine - Starting Servlet engine: [Apache Tomcat/10.1.30]
2025-11-15 23:22:51.104 [34mINFO [0;39m [] [main] o.a.c.c.C.[Tomcat].[localhost].[/] - Initializing Spring embedded WebApplicationContext
2025-11-15 23:22:51.105 [34mINFO [0;39m [] [main] o.s.b.w.s.c.ServletWebServerApplicationContext - Root WebApplicationContext: initialization completed in 2089 ms
2025-11-15 23:22:51.270 [34mINFO [0;39m [] [main] com.zaxxer.hikari.HikariDataSource - HikariPool-1 - Starting...
2025-11-15 23:22:51.477 [34mINFO [0;39m [] [main] com.zaxxer.hikari.pool.HikariPool - HikariPool-1 - Added connection conn0: url=jdbc:h2:mem:bharatshop user=SA
2025-11-15 23:22:51.477 [34mINFO [0;39m [] [main] com.zaxxer.hikari.HikariDataSource - HikariPool-1 - Start completed.
2025-11-15 23:22:51.487 [34mINFO [0;39m [] [main] o.s.b.a.h.H2ConsoleAutoConfiguration - H2 console available at '/h2-console'. Database available at 'jdbc:h2:mem:bharatshop'
2025-11-15 23:22:52.076 [34mINFO [0;39m [] [main] o.s.o.j.p.SpringPersistenceUnitInfo - No LoadTimeWeaver setup: ignoring JPA class transformer
2025-11-15 23:22:53.326 [34mINFO [0;39m [] [main] o.s.o.j.LocalContainerEntityManagerFactoryBean - Initialized JPA EntityManagerFactory for persistence unit 'default'
2025-11-15 23:22:53.712 [34mINFO [0;39m [] [main] c.b.config.NotificationConfig - SMS provider: LOG (fallback)
2025-11-15 23:22:53.713 [34mINFO [0;39m [] [main] c.b.config.NotificationConfig - Email provider: LOG (fallback)
2025-11-15 23:22:53.811 [39mDEBUG[0;39m [] [main] c.b.c.logging.CorrelationIdFilter - Filter 'correlationIdFilter' configured for use
2025-11-15 23:22:53.812 [39mDEBUG[0;39m [] [main] c.b.config.logging.HttpLoggingFilter - Filter 'httpLoggingFilter' configured for use
2025-11-15 23:22:53.813 [39mDEBUG[0;39m [] [main] com.bharatshop.config.TenantFilter - Filter 'tenantFilter' configured for use
2025-11-15 23:22:53.815 [39mDEBUG[0;39m [] [main] c.b.security.TokenAuthFilter - Filter 'tokenAuthFilter' configured for use
2025-11-15 23:22:53.817 [39mDEBUG[0;39m [] [main] c.b.config.IdempotencyFilter - Filter 'idempotencyFilter' configured for use
2025-11-15 23:22:54.296 [31mWARN [0;39m [] [main] o.s.b.a.o.j.JpaBaseConfiguration$JpaWebConfiguration - spring.jpa.open-in-view is enabled by default. Therefore, database queries may be performed during view rendering. Explicitly configure spring.jpa.open-in-view to disable this warning
2025-11-15 23:22:54.330 [31mWARN [0;39m [] [main] o.s.b.a.s.s.UserDetailsServiceAutoConfiguration - 

Using generated security password: f344b5ac-7578-40a5-bed1-9266c3eccaea

This generated password is for development use only. Your security configuration must be updated before running your application in production.

2025-11-15 23:22:54.341 [34mINFO [0;39m [] [main] o.s.s.c.a.a.c.InitializeUserDetailsBeanManagerConfigurer$InitializeUserDetailsManagerConfigurer - Global AuthenticationManager configured with UserDetailsService bean with name inMemoryUserDetailsManager
2025-11-15 23:22:54.727 [34mINFO [0;39m [] [main] o.s.b.a.e.web.EndpointLinksResolver - Exposing 4 endpoints beneath base path '/actuator'
2025-11-15 23:22:55.217 [34mINFO [0;39m [] [main] o.a.coyote.http11.Http11NioProtocol - Starting ProtocolHandler ["http-nio-8082"]
2025-11-15 23:22:55.256 [34mINFO [0;39m [] [main] o.s.b.w.e.tomcat.TomcatWebServer - Tomcat started on port 8082 (http) with context path '/'
2025-11-15 23:22:55.272 [34mINFO [0;39m [] [main] c.bharatshop.BharatshopApplication - Started BharatshopApplication in 7.055 seconds (process running for 7.49)
2025-11-15 23:22:55.325 [39mDEBUG[0;39m [] [main] c.b.c.logging.MethodLoggingAspect - Service enter: StoreService.add(..) args=[Store(com.bharatshop.domain.Store@2dda28a3)]
2025-11-15 23:22:55.446 [34mINFO [0;39m [] [main] c.b.c.logging.MethodLoggingAspect - Service exit: StoreService.add(..) (122 ms)
2025-11-15 23:22:55.447 [39mDEBUG[0;39m [] [main] c.b.c.logging.MethodLoggingAspect - Service result: StoreService.add(..) => Store(com.bharatshop.domain.Store@664e8bb7)
2025-11-15 23:22:55.447 [39mDEBUG[0;39m [] [main] c.b.c.logging.MethodLoggingAspect - Service enter: StoreService.add(..) args=[Store(com.bharatshop.domain.Store@73859ca8)]
2025-11-15 23:22:55.447 [34mINFO [0;39m [] [main] c.b.c.logging.MethodLoggingAspect - Service exit: StoreService.add(..) (0 ms)
2025-11-15 23:22:55.447 [39mDEBUG[0;39m [] [main] c.b.c.logging.MethodLoggingAspect - Service result: StoreService.add(..) => Store(com.bharatshop.domain.Store@19a5cfb8)
2025-11-15 23:22:55.447 [39mDEBUG[0;39m [] [main] c.b.c.logging.MethodLoggingAspect - Service enter: StoreService.add(..) args=[Store(com.bharatshop.domain.Store@2dad6fc9)]
2025-11-15 23:22:55.447 [34mINFO [0;39m [] [main] c.b.c.logging.MethodLoggingAspect - Service exit: StoreService.add(..) (0 ms)
2025-11-15 23:22:55.447 [39mDEBUG[0;39m [] [main] c.b.c.logging.MethodLoggingAspect - Service result: StoreService.add(..) => Store(com.bharatshop.domain.Store@68938ccf)
2025-11-15 23:22:55.452 [39mDEBUG[0;39m [] [main] c.b.c.logging.MethodLoggingAspect - Service enter: ProductService.add(..) args=[Product(com.bharatshop.domain.Product@6cdfd50a)]
2025-11-15 23:22:55.457 [34mINFO [0;39m [] [main] c.b.c.logging.MethodLoggingAspect - Service exit: ProductService.add(..) (5 ms)
2025-11-15 23:22:55.457 [39mDEBUG[0;39m [] [main] c.b.c.logging.MethodLoggingAspect - Service result: ProductService.add(..) => null
2025-11-15 23:22:55.457 [39mDEBUG[0;39m [] [main] c.b.c.logging.MethodLoggingAspect - Service enter: ProductService.add(..) args=[Product(com.bharatshop.domain.Product@608ccfcd)]
2025-11-15 23:22:55.460 [34mINFO [0;39m [] [main] c.b.c.logging.MethodLoggingAspect - Service exit: ProductService.add(..) (3 ms)
2025-11-15 23:22:55.461 [39mDEBUG[0;39m [] [main] c.b.c.logging.MethodLoggingAspect - Service result: ProductService.add(..) => null
2025-11-15 23:22:55.461 [39mDEBUG[0;39m [] [main] c.b.c.logging.MethodLoggingAspect - Service enter: ProductService.add(..) args=[Product(com.bharatshop.domain.Product@3015fc1b)]
2025-11-15 23:22:55.463 [34mINFO [0;39m [] [main] c.b.c.logging.MethodLoggingAspect - Service exit: ProductService.add(..) (2 ms)
2025-11-15 23:22:55.463 [39mDEBUG[0;39m [] [main] c.b.c.logging.MethodLoggingAspect - Service result: ProductService.add(..) => null
2025-11-15 23:22:55.463 [39mDEBUG[0;39m [] [main] c.b.c.logging.MethodLoggingAspect - Service enter: ProductService.add(..) args=[Product(com.bharatshop.domain.Product@ed37f28)]
2025-11-15 23:22:55.466 [34mINFO [0;39m [] [main] c.b.c.logging.MethodLoggingAspect - Service exit: ProductService.add(..) (3 ms)
2025-11-15 23:22:55.466 [39mDEBUG[0;39m [] [main] c.b.c.logging.MethodLoggingAspect - Service result: ProductService.add(..) => null
2025-11-15 23:22:59.901 [34mINFO [0;39m [] [http-nio-8082-exec-2] o.a.c.c.C.[Tomcat].[localhost].[/] - Initializing Spring DispatcherServlet 'dispatcherServlet'
2025-11-15 23:22:59.901 [34mINFO [0;39m [] [http-nio-8082-exec-2] o.s.web.servlet.DispatcherServlet - Initializing Servlet 'dispatcherServlet'
2025-11-15 23:22:59.902 [34mINFO [0;39m [] [http-nio-8082-exec-2] o.s.web.servlet.DispatcherServlet - Completed initialization in 1 ms
2025-11-15 23:23:00.067 [39mDEBUG[0;39m [c48b6d16-b334-4457-ac51-b0a0a00479d2] [http-nio-8082-exec-2] c.b.c.logging.MethodLoggingAspect - Controller enter: SellerAuthController.login(..) args=[LoginRequest(com.bharatshop.dto.LoginRequest@3b4b0cb0)]
2025-11-15 23:23:00.067 [34mINFO [0;39m [c48b6d16-b334-4457-ac51-b0a0a00479d2] [http-nio-8082-exec-2] c.b.web.SellerAuthController - Login seller: email=seller.demo@example.com
2025-11-15 23:23:00.067 [39mDEBUG[0;39m [c48b6d16-b334-4457-ac51-b0a0a00479d2] [http-nio-8082-exec-2] c.b.c.logging.MethodLoggingAspect - Service enter: AuthService.loginSellerEmail(..) args=[seller.demo@example.com, demo123]
2025-11-15 23:23:00.067 [34mINFO [0;39m [c48b6d16-b334-4457-ac51-b0a0a00479d2] [http-nio-8082-exec-2] com.bharatshop.service.AuthService - Login (seller) attempt: email=seller.demo@example.com
2025-11-15 23:23:00.325 [34mINFO [0;39m [c48b6d16-b334-4457-ac51-b0a0a00479d2] [http-nio-8082-exec-2] com.bharatshop.service.AuthService - Session created: userId=cbc02065-1f3d-4b47-9a5b-1f06f85a3a8e role=seller
2025-11-15 23:23:00.325 [34mINFO [0;39m [c48b6d16-b334-4457-ac51-b0a0a00479d2] [http-nio-8082-exec-2] com.bharatshop.service.AuthService - Login (seller) success: userId=cbc02065-1f3d-4b47-9a5b-1f06f85a3a8e token=eyJhbGciOiJIUzI1NiIsInR5cCI6IkpXVCJ9.eyJzdWIiOiJjYmMwMjA2NS0xZjNkLTRiNDctOWE1Yi0xZjA2Zjg1YTNhOGUiLCJuYW1lIjoic2VsbGVyLmRlbW8iLCJyb2xlIjoic2VsbGVyIiwiaWF0IjoxNzYzMjI5MTgwLCJleHAiOjE3NjMyMzI3ODB9.VPhmp2qGFudlPLiMsNcGqK-ZR9EXfD6kIMWIkYNUOXI role=SELLER 
2025-11-15 23:23:00.325 [34mINFO [0;39m [c48b6d16-b334-4457-ac51-b0a0a00479d2] [http-nio-8082-exec-2] c.b.c.logging.MethodLoggingAspect - Service exit: AuthService.loginSellerEmail(..) (258 ms)
2025-11-15 23:23:00.327 [39mDEBUG[0;39m [c48b6d16-b334-4457-ac51-b0a0a00479d2] [http-nio-8082-exec-2] c.b.c.logging.MethodLoggingAspect - Service result: AuthService.loginSellerEmail(..) => Session(Session[token=eyJhbGciOiJIUzI1NiIsInR5cCI6IkpXVCJ9.eyJzdWIiOiJjYmMwMjA2NS0xZjNkLTRiNDctOWE1Yi0xZjA2Zjg1YTNhOGUiLCJuYW1lIjoic2VsbGVyLmRlbW8iLCJyb2xlIjoic2VsbGVyIiwiaWF0IjoxNzYzMjI5MTgwLCJleHAiOjE3NjMyMzI3ODB9.VPhmp2qGFudlPLiMsNcGqK-ZR9EXfD6kIMWIkYNUOXI, userId=cbc02065-1f3d-4b47-9a5b-1f06f85a3a8e, name=seller.demo, role=seller])
2025-11-15 23:23:00.329 [39mDEBUG[0;39m [c48b6d16-b334-4457-ac51-b0a0a00479d2] [http-nio-8082-exec-2] c.b.c.logging.MethodLoggingAspect - Service enter: AuthService.getProfile(..) args=[eyJhbGciOiJIUzI1NiIsInR5cCI6IkpXVCJ9.eyJzdWIiOiJjYmMwMjA2NS0xZjNkLTRiNDctOWE1Yi0xZjA2Zjg1YTNhOGUiLCJuYW1lIjoic2VsbGVyLmRlbW8iLCJyb2xlIjoic2VsbGVyIiwiaWF0IjoxNzYzMjI5MTgwLCJleHAiOjE3NjMyMzI3ODB9.VPhmp2qGFudlPLiMsNcGqK-ZR9EXfD6kIMWIkYNUOXI]
2025-11-15 23:23:00.354 [34mINFO [0;39m [c48b6d16-b334-4457-ac51-b0a0a00479d2] [http-nio-8082-exec-2] c.b.c.logging.MethodLoggingAspect - Service exit: AuthService.getProfile(..) (25 ms)
2025-11-15 23:23:00.354 [39mDEBUG[0;39m [c48b6d16-b334-4457-ac51-b0a0a00479d2] [http-nio-8082-exec-2] c.b.c.logging.MethodLoggingAspect - Service result: AuthService.getProfile(..) => User(com.bharatshop.domain.User@149f80ed)
2025-11-15 23:23:00.354 [34mINFO [0;39m [c48b6d16-b334-4457-ac51-b0a0a00479d2] [http-nio-8082-exec-2] c.b.web.SellerAuthController - Seller login success: userId=cbc02065-1f3d-4b47-9a5b-1f06f85a3a8e
2025-11-15 23:23:00.356 [34mINFO [0;39m [c48b6d16-b334-4457-ac51-b0a0a00479d2] [http-nio-8082-exec-2] c.b.c.logging.MethodLoggingAspect - Controller exit: SellerAuthController.login(..) -> status=200 (289 ms)
2025-11-15 23:23:00.356 [39mDEBUG[0;39m [c48b6d16-b334-4457-ac51-b0a0a00479d2] [http-nio-8082-exec-2] c.b.c.logging.MethodLoggingAspect - Controller result: SellerAuthController.login(..) => ResponseEntity(status=200)
2025-11-15 23:23:00.385 [34mINFO [0;39m [c48b6d16-b334-4457-ac51-b0a0a00479d2] [http-nio-8082-exec-2] c.b.config.logging.HttpLoggingFilter - POST /api/auth/seller/login -> 200 (440 ms)
2025-11-15 23:23:00.385 [34mINFO [0;39m [c48b6d16-b334-4457-ac51-b0a0a00479d2] [http-nio-8082-exec-2] c.b.config.logging.HttpLoggingFilter - Headers: auth=absent content-type=application/json accept=null
2025-11-15 23:23:00.385 [34mINFO [0;39m [c48b6d16-b334-4457-ac51-b0a0a00479d2] [http-nio-8082-exec-2] c.b.config.logging.HttpLoggingFilter - Request payload: {"email":"seller.demo@example.com","password":"demo123"}
2025-11-15 23:23:00.385 [34mINFO [0;39m [c48b6d16-b334-4457-ac51-b0a0a00479d2] [http-nio-8082-exec-2] c.b.config.logging.HttpLoggingFilter - Response payload: {"token":"eyJhbGciOiJIUzI1NiIsInR5cCI6IkpXVCJ9.eyJzdWIiOiJjYmMwMjA2NS0xZjNkLTRiNDctOWE1Yi0xZjA2Zjg1YTNhOGUiLCJuYW1lIjoic2VsbGVyLmRlbW8iLCJyb2xlIjoic2VsbGVyIiwiaWF0IjoxNzYzMjI5MTgwLCJleHAiOjE3NjMyMzI3ODB9.VPhmp2qGFudlPLiMsNcGqK-ZR9EXfD6kIMWIkYNUOXI","user":{"id":"cbc02065-1f3d-4b47-9a5b-1f06f85a3a8e","name":"seller.demo","email":"seller.demo@example.com","role":"seller"}}
2025-11-15 23:23:00.397 [39mDEBUG[0;39m [41854212-9f30-4cd2-b921-0ac0fc7416f8] [http-nio-8082-exec-2] c.b.c.logging.MethodLoggingAspect - Controller enter: SellerStoreController.listStores(..) args=[null, null, null, null, null]
2025-11-15 23:23:00.398 [34mINFO [0;39m [41854212-9f30-4cd2-b921-0ac0fc7416f8] [http-nio-8082-exec-2] c.b.web.seller.SellerStoreController - Seller list stores: search=null page=null limit=null pageSize=null ownerPhone=null userId=cbc02065-1f3d-4b47-9a5b-1f06f85a3a8e
2025-11-15 23:23:00.398 [39mDEBUG[0;39m [41854212-9f30-4cd2-b921-0ac0fc7416f8] [http-nio-8082-exec-2] c.b.c.logging.MethodLoggingAspect - Factory enter: FactoryProvider.getSellerFactory(..) args=[null]
2025-11-15 23:23:00.398 [34mINFO [0;39m [41854212-9f30-4cd2-b921-0ac0fc7416f8] [http-nio-8082-exec-2] c.b.c.logging.MethodLoggingAspect - Factory exit: FactoryProvider.getSellerFactory(..) (0 ms)
2025-11-15 23:23:00.399 [39mDEBUG[0;39m [41854212-9f30-4cd2-b921-0ac0fc7416f8] [http-nio-8082-exec-2] c.b.c.logging.MethodLoggingAspect - Factory result: FactoryProvider.getSellerFactory(..) => DefaultSellerFactory$$SpringCGLIB$$0(com.bharatshop.factory.impl.DefaultSellerFactory@2ceb722e)
2025-11-15 23:23:00.399 [39mDEBUG[0;39m [41854212-9f30-4cd2-b921-0ac0fc7416f8] [http-nio-8082-exec-2] c.b.c.logging.MethodLoggingAspect - Factory enter: DefaultSellerFactory.stores() args=[]
2025-11-15 23:23:00.400 [34mINFO [0;39m [41854212-9f30-4cd2-b921-0ac0fc7416f8] [http-nio-8082-exec-2] c.b.c.logging.MethodLoggingAspect - Factory exit: DefaultSellerFactory.stores() (1 ms)
2025-11-15 23:23:00.400 [39mDEBUG[0;39m [41854212-9f30-4cd2-b921-0ac0fc7416f8] [http-nio-8082-exec-2] c.b.c.logging.MethodLoggingAspect - Factory result: DefaultSellerFactory.stores() => (com.bharatshop.factory.impl.DefaultSellerFactory$5@7f2a0a64)
2025-11-15 23:23:00.404 [34mINFO [0;39m [41854212-9f30-4cd2-b921-0ac0fc7416f8] [http-nio-8082-exec-2] c.b.c.logging.MethodLoggingAspect - Controller exit: SellerStoreController.listStores(..) -> status=200 (7 ms)
2025-11-15 23:23:00.404 [39mDEBUG[0;39m [41854212-9f30-4cd2-b921-0ac0fc7416f8] [http-nio-8082-exec-2] c.b.c.logging.MethodLoggingAspect - Controller result: SellerStoreController.listStores(..) => ResponseEntity(status=200)
2025-11-15 23:23:00.408 [34mINFO [0;39m [41854212-9f30-4cd2-b921-0ac0fc7416f8] [http-nio-8082-exec-2] c.b.config.logging.HttpLoggingFilter - GET /api/seller/stores -> 200 (12 ms)
2025-11-15 23:23:00.408 [34mINFO [0;39m [41854212-9f30-4cd2-b921-0ac0fc7416f8] [http-nio-8082-exec-2] c.b.config.logging.HttpLoggingFilter - Headers: auth=present content-type=null accept=null
2025-11-15 23:23:00.408 [34mINFO [0;39m [41854212-9f30-4cd2-b921-0ac0fc7416f8] [http-nio-8082-exec-2] c.b.config.logging.HttpLoggingFilter - Response payload: {"stores":[]}
2025-11-15 23:23:12.493 [39mDEBUG[0;39m [849a71b0-350b-4a34-b27f-3e8314cd34ee] [http-nio-8082-exec-1] c.b.c.logging.MethodLoggingAspect - Controller enter: SellerAuthController.login(..) args=[LoginRequest(com.bharatshop.dto.LoginRequest@224ffdaa)]
2025-11-15 23:23:12.493 [34mINFO [0;39m [849a71b0-350b-4a34-b27f-3e8314cd34ee] [http-nio-8082-exec-1] c.b.web.SellerAuthController - Login seller: email=seller.demo@example.com
2025-11-15 23:23:12.493 [39mDEBUG[0;39m [849a71b0-350b-4a34-b27f-3e8314cd34ee] [http-nio-8082-exec-1] c.b.c.logging.MethodLoggingAspect - Service enter: AuthService.loginSellerEmail(..) args=[seller.demo@example.com, demo123]
2025-11-15 23:23:12.494 [34mINFO [0;39m [849a71b0-350b-4a34-b27f-3e8314cd34ee] [http-nio-8082-exec-1] com.bharatshop.service.AuthService - Login (seller) attempt: email=seller.demo@example.com
2025-11-15 23:23:12.595 [34mINFO [0;39m [849a71b0-350b-4a34-b27f-3e8314cd34ee] [http-nio-8082-exec-1] com.bharatshop.service.AuthService - Session created: userId=cbc02065-1f3d-4b47-9a5b-1f06f85a3a8e role=seller
2025-11-15 23:23:12.595 [34mINFO [0;39m [849a71b0-350b-4a34-b27f-3e8314cd34ee] [http-nio-8082-exec-1] com.bharatshop.service.AuthService - Login (seller) success: userId=cbc02065-1f3d-4b47-9a5b-1f06f85a3a8e token=eyJhbGciOiJIUzI1NiIsInR5cCI6IkpXVCJ9.eyJzdWIiOiJjYmMwMjA2NS0xZjNkLTRiNDctOWE1Yi0xZjA2Zjg1YTNhOGUiLCJuYW1lIjoic2VsbGVyLmRlbW8iLCJyb2xlIjoic2VsbGVyIiwiaWF0IjoxNzYzMjI5MTkyLCJleHAiOjE3NjMyMzI3OTJ9.qc0JsCHVG2d8C8rq3r3Ha5yzoHZ5Q3qnS9nqqGYGHqw role=SELLER 
2025-11-15 23:23:12.598 [34mINFO [0;39m [849a71b0-350b-4a34-b27f-3e8314cd34ee] [http-nio-8082-exec-1] c.b.c.logging.MethodLoggingAspect - Service exit: AuthService.loginSellerEmail(..) (105 ms)
2025-11-15 23:23:12.598 [39mDEBUG[0;39m [849a71b0-350b-4a34-b27f-3e8314cd34ee] [http-nio-8082-exec-1] c.b.c.logging.MethodLoggingAspect - Service result: AuthService.loginSellerEmail(..) => Session(Session[token=eyJhbGciOiJIUzI1NiIsInR5cCI6IkpXVCJ9.eyJzdWIiOiJjYmMwMjA2NS0xZjNkLTRiNDctOWE1Yi0xZjA2Zjg1YTNhOGUiLCJuYW1lIjoic2VsbGVyLmRlbW8iLCJyb2xlIjoic2VsbGVyIiwiaWF0IjoxNzYzMjI5MTkyLCJleHAiOjE3NjMyMzI3OTJ9.qc0JsCHVG2d8C8rq3r3Ha5yzoHZ5Q3qnS9nqqGYGHqw, userId=cbc02065-1f3d-4b47-9a5b-1f06f85a3a8e, name=seller.demo, role=seller])
2025-11-15 23:23:12.599 [39mDEBUG[0;39m [849a71b0-350b-4a34-b27f-3e8314cd34ee] [http-nio-8082-exec-1] c.b.c.logging.MethodLoggingAspect - Service enter: AuthService.getProfile(..) args=[eyJhbGciOiJIUzI1NiIsInR5cCI6IkpXVCJ9.eyJzdWIiOiJjYmMwMjA2NS0xZjNkLTRiNDctOWE1Yi0xZjA2Zjg1YTNhOGUiLCJuYW1lIjoic2VsbGVyLmRlbW8iLCJyb2xlIjoic2VsbGVyIiwiaWF0IjoxNzYzMjI5MTkyLCJleHAiOjE3NjMyMzI3OTJ9.qc0JsCHVG2d8C8rq3r3Ha5yzoHZ5Q3qnS9nqqGYGHqw]
2025-11-15 23:23:12.601 [34mINFO [0;39m [849a71b0-350b-4a34-b27f-3e8314cd34ee] [http-nio-8082-exec-1] c.b.c.logging.MethodLoggingAspect - Service exit: AuthService.getProfile(..) (2 ms)
2025-11-15 23:23:12.601 [39mDEBUG[0;39m [849a71b0-350b-4a34-b27f-3e8314cd34ee] [http-nio-8082-exec-1] c.b.c.logging.MethodLoggingAspect - Service result: AuthService.getProfile(..) => User(com.bharatshop.domain.User@401256ca)
2025-11-15 23:23:12.601 [34mINFO [0;39m [849a71b0-350b-4a34-b27f-3e8314cd34ee] [http-nio-8082-exec-1] c.b.web.SellerAuthController - Seller login success: userId=cbc02065-1f3d-4b47-9a5b-1f06f85a3a8e
2025-11-15 23:23:12.601 [34mINFO [0;39m [849a71b0-350b-4a34-b27f-3e8314cd34ee] [http-nio-8082-exec-1] c.b.c.logging.MethodLoggingAspect - Controller exit: SellerAuthController.login(..) -> status=200 (108 ms)
2025-11-15 23:23:12.602 [39mDEBUG[0;39m [849a71b0-350b-4a34-b27f-3e8314cd34ee] [http-nio-8082-exec-1] c.b.c.logging.MethodLoggingAspect - Controller result: SellerAuthController.login(..) => ResponseEntity(status=200)
2025-11-15 23:23:12.603 [34mINFO [0;39m [849a71b0-350b-4a34-b27f-3e8314cd34ee] [http-nio-8082-exec-1] c.b.config.logging.HttpLoggingFilter - POST /api/auth/seller/login -> 200 (111 ms)
2025-11-15 23:23:12.603 [34mINFO [0;39m [849a71b0-350b-4a34-b27f-3e8314cd34ee] [http-nio-8082-exec-1] c.b.config.logging.HttpLoggingFilter - Headers: auth=absent content-type=application/json accept=null
2025-11-15 23:23:12.603 [34mINFO [0;39m [849a71b0-350b-4a34-b27f-3e8314cd34ee] [http-nio-8082-exec-1] c.b.config.logging.HttpLoggingFilter - Request payload: {"email":"seller.demo@example.com","password":"demo123"}
2025-11-15 23:23:12.603 [34mINFO [0;39m [849a71b0-350b-4a34-b27f-3e8314cd34ee] [http-nio-8082-exec-1] c.b.config.logging.HttpLoggingFilter - Response payload: {"token":"eyJhbGciOiJIUzI1NiIsInR5cCI6IkpXVCJ9.eyJzdWIiOiJjYmMwMjA2NS0xZjNkLTRiNDctOWE1Yi0xZjA2Zjg1YTNhOGUiLCJuYW1lIjoic2VsbGVyLmRlbW8iLCJyb2xlIjoic2VsbGVyIiwiaWF0IjoxNzYzMjI5MTkyLCJleHAiOjE3NjMyMzI3OTJ9.qc0JsCHVG2d8C8rq3r3Ha5yzoHZ5Q3qnS9nqqGYGHqw","user":{"id":"cbc02065-1f3d-4b47-9a5b-1f06f85a3a8e","name":"seller.demo","email":"seller.demo@example.com","role":"seller"}}
2025-11-15 23:23:12.637 [39mDEBUG[0;39m [c9167c6f-80e3-43dd-94bb-2bf9eb2f9096] [http-nio-8082-exec-1] c.b.c.logging.MethodLoggingAspect - Controller enter: SellerStoreController.createStore(..) args=[null, null, null, null, null, LinkedHashMap({name=Demo Hotel, city=Bengaluru, area=Koramangala, category=hotel})]
2025-11-15 23:23:12.638 [34mINFO [0;39m [c9167c6f-80e3-43dd-94bb-2bf9eb2f9096] [http-nio-8082-exec-1] c.b.web.seller.SellerStoreController - Seller create store requested: name=null city=null area=null category=null imagePresent=false
2025-11-15 23:23:12.640 [39mDEBUG[0;39m [c9167c6f-80e3-43dd-94bb-2bf9eb2f9096] [http-nio-8082-exec-1] c.b.c.logging.MethodLoggingAspect - Factory enter: FactoryProvider.getSellerFactory(..) args=[null]
2025-11-15 23:23:12.641 [34mINFO [0;39m [c9167c6f-80e3-43dd-94bb-2bf9eb2f9096] [http-nio-8082-exec-1] c.b.c.logging.MethodLoggingAspect - Factory exit: FactoryProvider.getSellerFactory(..) (1 ms)
2025-11-15 23:23:12.641 [39mDEBUG[0;39m [c9167c6f-80e3-43dd-94bb-2bf9eb2f9096] [http-nio-8082-exec-1] c.b.c.logging.MethodLoggingAspect - Factory result: FactoryProvider.getSellerFactory(..) => DefaultSellerFactory$$SpringCGLIB$$0(com.bharatshop.factory.impl.DefaultSellerFactory@2ceb722e)
2025-11-15 23:23:12.642 [39mDEBUG[0;39m [c9167c6f-80e3-43dd-94bb-2bf9eb2f9096] [http-nio-8082-exec-1] c.b.c.logging.MethodLoggingAspect - Factory enter: DefaultSellerFactory.stores() args=[]
2025-11-15 23:23:12.642 [34mINFO [0;39m [c9167c6f-80e3-43dd-94bb-2bf9eb2f9096] [http-nio-8082-exec-1] c.b.c.logging.MethodLoggingAspect - Factory exit: DefaultSellerFactory.stores() (0 ms)
2025-11-15 23:23:12.642 [39mDEBUG[0;39m [c9167c6f-80e3-43dd-94bb-2bf9eb2f9096] [http-nio-8082-exec-1] c.b.c.logging.MethodLoggingAspect - Factory result: DefaultSellerFactory.stores() => (com.bharatshop.factory.impl.DefaultSellerFactory$5@d128d6b)
2025-11-15 23:23:12.643 [39mDEBUG[0;39m [c9167c6f-80e3-43dd-94bb-2bf9eb2f9096] [http-nio-8082-exec-1] c.b.c.logging.MethodLoggingAspect - Service enter: StoreService.add(..) args=[Store(com.bharatshop.domain.Store@7adfdcfd)]
2025-11-15 23:23:12.648 [34mINFO [0;39m [c9167c6f-80e3-43dd-94bb-2bf9eb2f9096] [http-nio-8082-exec-1] c.b.c.logging.MethodLoggingAspect - Service exit: StoreService.add(..) (5 ms)
2025-11-15 23:23:12.648 [39mDEBUG[0;39m [c9167c6f-80e3-43dd-94bb-2bf9eb2f9096] [http-nio-8082-exec-1] c.b.c.logging.MethodLoggingAspect - Service result: StoreService.add(..) => Store(com.bharatshop.domain.Store@2a06a86f)
2025-11-15 23:23:12.648 [34mINFO [0;39m [c9167c6f-80e3-43dd-94bb-2bf9eb2f9096] [http-nio-8082-exec-1] c.b.web.seller.SellerStoreController - Seller create store success: id=12964e7e-95ab-4d9c-90e3-f0361d2d840f name=Demo Hotel 
2025-11-15 23:23:12.649 [39mDEBUG[0;39m [c9167c6f-80e3-43dd-94bb-2bf9eb2f9096] [http-nio-8082-exec-1] c.b.c.logging.MethodLoggingAspect - Service enter: AuthService.upgradeRoleForUser(..) args=[cbc02065-1f3d-4b47-9a5b-1f06f85a3a8e, SELLER]
2025-11-15 23:23:12.652 [34mINFO [0;39m [c9167c6f-80e3-43dd-94bb-2bf9eb2f9096] [http-nio-8082-exec-1] c.b.c.logging.MethodLoggingAspect - Service exit: AuthService.upgradeRoleForUser(..) (3 ms)
2025-11-15 23:23:12.652 [39mDEBUG[0;39m [c9167c6f-80e3-43dd-94bb-2bf9eb2f9096] [http-nio-8082-exec-1] c.b.c.logging.MethodLoggingAspect - Service result: AuthService.upgradeRoleForUser(..) => User(com.bharatshop.domain.User@580425b5)
2025-11-15 23:23:12.652 [34mINFO [0;39m [c9167c6f-80e3-43dd-94bb-2bf9eb2f9096] [http-nio-8082-exec-1] c.b.c.logging.MethodLoggingAspect - Controller exit: SellerStoreController.createStore(..) -> status=200 (15 ms)
2025-11-15 23:23:12.653 [39mDEBUG[0;39m [c9167c6f-80e3-43dd-94bb-2bf9eb2f9096] [http-nio-8082-exec-1] c.b.c.logging.MethodLoggingAspect - Controller result: SellerStoreController.createStore(..) => ResponseEntity(status=200)
2025-11-15 23:23:12.654 [34mINFO [0;39m [c9167c6f-80e3-43dd-94bb-2bf9eb2f9096] [http-nio-8082-exec-1] c.b.config.logging.HttpLoggingFilter - POST /api/seller/stores -> 200 (45 ms)
2025-11-15 23:23:12.655 [34mINFO [0;39m [c9167c6f-80e3-43dd-94bb-2bf9eb2f9096] [http-nio-8082-exec-1] c.b.config.logging.HttpLoggingFilter - Headers: auth=present content-type=application/json accept=null
2025-11-15 23:23:12.655 [34mINFO [0;39m [c9167c6f-80e3-43dd-94bb-2bf9eb2f9096] [http-nio-8082-exec-1] c.b.config.logging.HttpLoggingFilter - Request payload: {"name":"Demo Hotel","city":"Bengaluru","area":"Koramangala","category":"hotel"}
2025-11-15 23:23:12.656 [34mINFO [0;39m [c9167c6f-80e3-43dd-94bb-2bf9eb2f9096] [http-nio-8082-exec-1] c.b.config.logging.HttpLoggingFilter - Response payload: {"name":"Demo Hotel","id":"12964e7e-95ab-4d9c-90e3-f0361d2d840f","status":"open"}
2025-11-15 23:23:16.483 [34mINFO [0;39m [64282b6b-4a8d-4b6c-ab58-13a26d809708] [http-nio-8081-exec-2] c.b.web.StoreDiscoveryController - Global categories requested: tenant=demo-store
2025-11-15 23:23:16.488 [34mINFO [0;39m [64282b6b-4a8d-4b6c-ab58-13a26d809708] [http-nio-8081-exec-2] c.b.config.logging.HttpLoggingFilter - GET /api/categories -> 200 (6 ms)
2025-11-15 23:23:16.488 [34mINFO [0;39m [64282b6b-4a8d-4b6c-ab58-13a26d809708] [http-nio-8081-exec-2] c.b.config.logging.HttpLoggingFilter - Headers: auth=present content-type=null accept=application/json, text/plain, */*
2025-11-15 23:23:16.489 [34mINFO [0;39m [64282b6b-4a8d-4b6c-ab58-13a26d809708] [http-nio-8081-exec-2] c.b.config.logging.HttpLoggingFilter - Response payload: ["dairy","fruits","medicine","room"]
2025-11-15 23:23:16.557 [34mINFO [0;39m [28fe55b5-8808-4b72-89f1-adaa55eea13e] [http-nio-8081-exec-8] c.b.web.StoreDiscoveryController - Global categories requested: tenant=demo-store
2025-11-15 23:23:16.558 [34mINFO [0;39m [37a4ccd0-d767-4f85-9549-37f15889844a] [http-nio-8081-exec-1] c.b.web.seller.SellerStoreController - Seller list stores: search=null page=null limit=null pageSize=null
2025-11-15 23:23:16.562 [34mINFO [0;39m [28fe55b5-8808-4b72-89f1-adaa55eea13e] [http-nio-8081-exec-8] c.b.config.logging.HttpLoggingFilter - GET /api/categories -> 200 (6 ms)
2025-11-15 23:23:16.563 [34mINFO [0;39m [28fe55b5-8808-4b72-89f1-adaa55eea13e] [http-nio-8081-exec-8] c.b.config.logging.HttpLoggingFilter - Headers: auth=present content-type=null accept=application/json, text/plain, */*
2025-11-15 23:23:16.564 [34mINFO [0;39m [28fe55b5-8808-4b72-89f1-adaa55eea13e] [http-nio-8081-exec-8] c.b.config.logging.HttpLoggingFilter - Response payload: ["dairy","fruits","medicine","room"]
2025-11-15 23:23:16.576 [34mINFO [0;39m [37a4ccd0-d767-4f85-9549-37f15889844a] [http-nio-8081-exec-1] c.b.config.logging.HttpLoggingFilter - GET /api/seller/stores -> 200 (19 ms)
2025-11-15 23:23:16.577 [34mINFO [0;39m [37a4ccd0-d767-4f85-9549-37f15889844a] [http-nio-8081-exec-1] c.b.config.logging.HttpLoggingFilter - Headers: auth=present content-type=null accept=application/json, text/plain, */*
2025-11-15 23:23:16.577 [34mINFO [0;39m [37a4ccd0-d767-4f85-9549-37f15889844a] [http-nio-8081-exec-1] c.b.config.logging.HttpLoggingFilter - Response payload: [{"name":"City Pharmacy","id":"ee22d9ac-6725-4b27-aaa2-f82e91297625","status":"open"},{"name":"Fresh Mart","id":"717f52c3-a230-45fd-b6bf-3004bc7fcba7","status":"open"},{"name":"List Store","id":"41f81552-2072-4122-94f9-5220b60bb65a","status":"open"},{"name":"Profile Store","id":"eb2a1d72-e850-4583-b1e1-384371b30616","status":"open"},{"name":"Profile Store2","id":"4d109f79-09c7-4bbf-9da5-7b3ecd96ade4","status":"open"},{"name":"Sunrise Hotel","id":"2cc7fac1-fede-44b9-9fad-ba9aea64d748","status":"open"},{"name":"ame","id":"c5d55106-d129-4ddc-bc83-29686c4dc145","status":"open"},{"name":"nhif","id":"bae476bd-97d1-4521-b494-09d072e5bfe0","status":"open"}]
2025-11-15 23:23:16.591 [34mINFO [0;39m [f2ee6ba3-0d87-412c-86e9-89edd04d9327] [http-nio-8081-exec-7] c.b.web.seller.SellerStoreController - Seller list stores: search=null page=null limit=null pageSize=null
2025-11-15 23:23:16.599 [34mINFO [0;39m [f2ee6ba3-0d87-412c-86e9-89edd04d9327] [http-nio-8081-exec-7] c.b.config.logging.HttpLoggingFilter - GET /api/seller/stores -> 200 (10 ms)
2025-11-15 23:23:16.600 [34mINFO [0;39m [f2ee6ba3-0d87-412c-86e9-89edd04d9327] [http-nio-8081-exec-7] c.b.config.logging.HttpLoggingFilter - Headers: auth=present content-type=null accept=application/json, text/plain, */*
2025-11-15 23:23:16.601 [34mINFO [0;39m [f2ee6ba3-0d87-412c-86e9-89edd04d9327] [http-nio-8081-exec-7] c.b.config.logging.HttpLoggingFilter - Response payload: [{"name":"City Pharmacy","id":"ee22d9ac-6725-4b27-aaa2-f82e91297625","status":"open"},{"name":"Fresh Mart","id":"717f52c3-a230-45fd-b6bf-3004bc7fcba7","status":"open"},{"name":"List Store","id":"41f81552-2072-4122-94f9-5220b60bb65a","status":"open"},{"name":"Profile Store","id":"eb2a1d72-e850-4583-b1e1-384371b30616","status":"open"},{"name":"Profile Store2","id":"4d109f79-09c7-4bbf-9da5-7b3ecd96ade4","status":"open"},{"name":"Sunrise Hotel","id":"2cc7fac1-fede-44b9-9fad-ba9aea64d748","status":"open"},{"name":"ame","id":"c5d55106-d129-4ddc-bc83-29686c4dc145","status":"open"},{"name":"nhif","id":"bae476bd-97d1-4521-b494-09d072e5bfe0","status":"open"}]
2025-11-15 23:23:21.280 [39mDEBUG[0;39m [50f63602-dcb4-4485-98d1-614aa095107a] [http-nio-8082-exec-3] c.b.c.logging.MethodLoggingAspect - Controller enter: SellerAuthController.login(..) args=[LoginRequest(com.bharatshop.dto.LoginRequest@689d498)]
2025-11-15 23:23:21.280 [34mINFO [0;39m [50f63602-dcb4-4485-98d1-614aa095107a] [http-nio-8082-exec-3] c.b.web.SellerAuthController - Login seller: email=seller.demo@example.com
2025-11-15 23:23:21.280 [39mDEBUG[0;39m [50f63602-dcb4-4485-98d1-614aa095107a] [http-nio-8082-exec-3] c.b.c.logging.MethodLoggingAspect - Service enter: AuthService.loginSellerEmail(..) args=[seller.demo@example.com, demo123]
2025-11-15 23:23:21.281 [34mINFO [0;39m [50f63602-dcb4-4485-98d1-614aa095107a] [http-nio-8082-exec-3] com.bharatshop.service.AuthService - Login (seller) attempt: email=seller.demo@example.com
2025-11-15 23:23:21.365 [34mINFO [0;39m [50f63602-dcb4-4485-98d1-614aa095107a] [http-nio-8082-exec-3] com.bharatshop.service.AuthService - Session created: userId=cbc02065-1f3d-4b47-9a5b-1f06f85a3a8e role=seller
2025-11-15 23:23:21.365 [34mINFO [0;39m [50f63602-dcb4-4485-98d1-614aa095107a] [http-nio-8082-exec-3] com.bharatshop.service.AuthService - Login (seller) success: userId=cbc02065-1f3d-4b47-9a5b-1f06f85a3a8e token=eyJhbGciOiJIUzI1NiIsInR5cCI6IkpXVCJ9.eyJzdWIiOiJjYmMwMjA2NS0xZjNkLTRiNDctOWE1Yi0xZjA2Zjg1YTNhOGUiLCJuYW1lIjoic2VsbGVyLmRlbW8iLCJyb2xlIjoic2VsbGVyIiwiaWF0IjoxNzYzMjI5MjAxLCJleHAiOjE3NjMyMzI4MDF9.0Aj3FHLS_zkYMs3hBb0Ld_885heWaKysmEcxw3S9f9U role=SELLER 
2025-11-15 23:23:21.365 [34mINFO [0;39m [50f63602-dcb4-4485-98d1-614aa095107a] [http-nio-8082-exec-3] c.b.c.logging.MethodLoggingAspect - Service exit: AuthService.loginSellerEmail(..) (85 ms)
2025-11-15 23:23:21.365 [39mDEBUG[0;39m [50f63602-dcb4-4485-98d1-614aa095107a] [http-nio-8082-exec-3] c.b.c.logging.MethodLoggingAspect - Service result: AuthService.loginSellerEmail(..) => Session(Session[token=eyJhbGciOiJIUzI1NiIsInR5cCI6IkpXVCJ9.eyJzdWIiOiJjYmMwMjA2NS0xZjNkLTRiNDctOWE1Yi0xZjA2Zjg1YTNhOGUiLCJuYW1lIjoic2VsbGVyLmRlbW8iLCJyb2xlIjoic2VsbGVyIiwiaWF0IjoxNzYzMjI5MjAxLCJleHAiOjE3NjMyMzI4MDF9.0Aj3FHLS_zkYMs3hBb0Ld_885heWaKysmEcxw3S9f9U, userId=cbc02065-1f3d-4b47-9a5b-1f06f85a3a8e, name=seller.demo, role=seller])
2025-11-15 23:23:21.365 [39mDEBUG[0;39m [50f63602-dcb4-4485-98d1-614aa095107a] [http-nio-8082-exec-3] c.b.c.logging.MethodLoggingAspect - Service enter: AuthService.getProfile(..) args=[eyJhbGciOiJIUzI1NiIsInR5cCI6IkpXVCJ9.eyJzdWIiOiJjYmMwMjA2NS0xZjNkLTRiNDctOWE1Yi0xZjA2Zjg1YTNhOGUiLCJuYW1lIjoic2VsbGVyLmRlbW8iLCJyb2xlIjoic2VsbGVyIiwiaWF0IjoxNzYzMjI5MjAxLCJleHAiOjE3NjMyMzI4MDF9.0Aj3FHLS_zkYMs3hBb0Ld_885heWaKysmEcxw3S9f9U]
2025-11-15 23:23:21.367 [34mINFO [0;39m [50f63602-dcb4-4485-98d1-614aa095107a] [http-nio-8082-exec-3] c.b.c.logging.MethodLoggingAspect - Service exit: AuthService.getProfile(..) (2 ms)
2025-11-15 23:23:21.368 [39mDEBUG[0;39m [50f63602-dcb4-4485-98d1-614aa095107a] [http-nio-8082-exec-3] c.b.c.logging.MethodLoggingAspect - Service result: AuthService.getProfile(..) => User(com.bharatshop.domain.User@7abe01d4)
2025-11-15 23:23:21.368 [34mINFO [0;39m [50f63602-dcb4-4485-98d1-614aa095107a] [http-nio-8082-exec-3] c.b.web.SellerAuthController - Seller login success: userId=cbc02065-1f3d-4b47-9a5b-1f06f85a3a8e
2025-11-15 23:23:21.368 [34mINFO [0;39m [50f63602-dcb4-4485-98d1-614aa095107a] [http-nio-8082-exec-3] c.b.c.logging.MethodLoggingAspect - Controller exit: SellerAuthController.login(..) -> status=200 (88 ms)
2025-11-15 23:23:21.368 [39mDEBUG[0;39m [50f63602-dcb4-4485-98d1-614aa095107a] [http-nio-8082-exec-3] c.b.c.logging.MethodLoggingAspect - Controller result: SellerAuthController.login(..) => ResponseEntity(status=200)
2025-11-15 23:23:21.369 [34mINFO [0;39m [50f63602-dcb4-4485-98d1-614aa095107a] [http-nio-8082-exec-3] c.b.config.logging.HttpLoggingFilter - POST /api/auth/seller/login -> 200 (91 ms)
2025-11-15 23:23:21.369 [34mINFO [0;39m [50f63602-dcb4-4485-98d1-614aa095107a] [http-nio-8082-exec-3] c.b.config.logging.HttpLoggingFilter - Headers: auth=absent content-type=application/json accept=null
2025-11-15 23:23:21.370 [34mINFO [0;39m [50f63602-dcb4-4485-98d1-614aa095107a] [http-nio-8082-exec-3] c.b.config.logging.HttpLoggingFilter - Request payload: {"email":"seller.demo@example.com","password":"demo123"}
2025-11-15 23:23:21.370 [34mINFO [0;39m [50f63602-dcb4-4485-98d1-614aa095107a] [http-nio-8082-exec-3] c.b.config.logging.HttpLoggingFilter - Response payload: {"token":"eyJhbGciOiJIUzI1NiIsInR5cCI6IkpXVCJ9.eyJzdWIiOiJjYmMwMjA2NS0xZjNkLTRiNDctOWE1Yi0xZjA2Zjg1YTNhOGUiLCJuYW1lIjoic2VsbGVyLmRlbW8iLCJyb2xlIjoic2VsbGVyIiwiaWF0IjoxNzYzMjI5MjAxLCJleHAiOjE3NjMyMzI4MDF9.0Aj3FHLS_zkYMs3hBb0Ld_885heWaKysmEcxw3S9f9U","user":{"id":"cbc02065-1f3d-4b47-9a5b-1f06f85a3a8e","name":"seller.demo","email":"seller.demo@example.com","role":"seller"}}
2025-11-15 23:23:21.375 [39mDEBUG[0;39m [9d994628-340e-4be2-a015-999807d1f954] [http-nio-8082-exec-4] c.b.c.logging.MethodLoggingAspect - Controller enter: SellerStoreController.listStores(..) args=[null, null, null, null, null]
2025-11-15 23:23:21.375 [34mINFO [0;39m [9d994628-340e-4be2-a015-999807d1f954] [http-nio-8082-exec-4] c.b.web.seller.SellerStoreController - Seller list stores: search=null page=null limit=null pageSize=null ownerPhone=null userId=cbc02065-1f3d-4b47-9a5b-1f06f85a3a8e
2025-11-15 23:23:21.375 [39mDEBUG[0;39m [9d994628-340e-4be2-a015-999807d1f954] [http-nio-8082-exec-4] c.b.c.logging.MethodLoggingAspect - Factory enter: FactoryProvider.getSellerFactory(..) args=[null]
2025-11-15 23:23:21.376 [34mINFO [0;39m [9d994628-340e-4be2-a015-999807d1f954] [http-nio-8082-exec-4] c.b.c.logging.MethodLoggingAspect - Factory exit: FactoryProvider.getSellerFactory(..) (0 ms)
2025-11-15 23:23:21.376 [39mDEBUG[0;39m [9d994628-340e-4be2-a015-999807d1f954] [http-nio-8082-exec-4] c.b.c.logging.MethodLoggingAspect - Factory result: FactoryProvider.getSellerFactory(..) => DefaultSellerFactory$$SpringCGLIB$$0(com.bharatshop.factory.impl.DefaultSellerFactory@2ceb722e)
2025-11-15 23:23:21.376 [39mDEBUG[0;39m [9d994628-340e-4be2-a015-999807d1f954] [http-nio-8082-exec-4] c.b.c.logging.MethodLoggingAspect - Factory enter: DefaultSellerFactory.stores() args=[]
2025-11-15 23:23:21.376 [34mINFO [0;39m [9d994628-340e-4be2-a015-999807d1f954] [http-nio-8082-exec-4] c.b.c.logging.MethodLoggingAspect - Factory exit: DefaultSellerFactory.stores() (0 ms)
2025-11-15 23:23:21.376 [39mDEBUG[0;39m [9d994628-340e-4be2-a015-999807d1f954] [http-nio-8082-exec-4] c.b.c.logging.MethodLoggingAspect - Factory result: DefaultSellerFactory.stores() => (com.bharatshop.factory.impl.DefaultSellerFactory$5@553a8f5e)
2025-11-15 23:23:21.379 [34mINFO [0;39m [9d994628-340e-4be2-a015-999807d1f954] [http-nio-8082-exec-4] c.b.c.logging.MethodLoggingAspect - Controller exit: SellerStoreController.listStores(..) -> status=200 (4 ms)
2025-11-15 23:23:21.380 [39mDEBUG[0;39m [9d994628-340e-4be2-a015-999807d1f954] [http-nio-8082-exec-4] c.b.c.logging.MethodLoggingAspect - Controller result: SellerStoreController.listStores(..) => ResponseEntity(status=200)
2025-11-15 23:23:21.381 [34mINFO [0;39m [9d994628-340e-4be2-a015-999807d1f954] [http-nio-8082-exec-4] c.b.config.logging.HttpLoggingFilter - GET /api/seller/stores -> 200 (7 ms)
2025-11-15 23:23:21.381 [34mINFO [0;39m [9d994628-340e-4be2-a015-999807d1f954] [http-nio-8082-exec-4] c.b.config.logging.HttpLoggingFilter - Headers: auth=present content-type=null accept=null
2025-11-15 23:23:21.381 [34mINFO [0;39m [9d994628-340e-4be2-a015-999807d1f954] [http-nio-8082-exec-4] c.b.config.logging.HttpLoggingFilter - Response payload: {"stores":[{"name":"Demo Hotel","id":"12964e7e-95ab-4d9c-90e3-f0361d2d840f","ownerId":"cbc02065-1f3d-4b47-9a5b-1f06f85a3a8e","status":"open"}]}
2025-11-15 23:23:33.943 [34mINFO [0;39m [3fdb2441-2140-41e8-9c11-ee63d6dd1713] [http-nio-8081-exec-9] c.b.web.seller.SellerOrderController - Seller list orders: storeId=null status=null from=null to=null page=null limit=null tenant=demo-store
2025-11-15 23:23:33.949 [34mINFO [0;39m [3fdb2441-2140-41e8-9c11-ee63d6dd1713] [http-nio-8081-exec-9] c.b.web.seller.SellerOrderController - Seller list orders success: count=0
2025-11-15 23:23:33.949 [34mINFO [0;39m [eab4df32-f98b-432e-b8de-7cbb22c5e990] [http-nio-8081-exec-4] c.b.web.seller.SellerStoreController - Seller list stores: search=null page=null limit=null pageSize=null
2025-11-15 23:23:33.950 [34mINFO [0;39m [3fdb2441-2140-41e8-9c11-ee63d6dd1713] [http-nio-8081-exec-9] c.b.config.logging.HttpLoggingFilter - GET /api/seller/orders -> 200 (9 ms)
2025-11-15 23:23:33.951 [34mINFO [0;39m [3fdb2441-2140-41e8-9c11-ee63d6dd1713] [http-nio-8081-exec-9] c.b.config.logging.HttpLoggingFilter - Headers: auth=present content-type=null accept=application/json, text/plain, */*
2025-11-15 23:23:33.952 [34mINFO [0;39m [3fdb2441-2140-41e8-9c11-ee63d6dd1713] [http-nio-8081-exec-9] c.b.config.logging.HttpLoggingFilter - Response payload: []
2025-11-15 23:23:33.959 [34mINFO [0;39m [eab4df32-f98b-432e-b8de-7cbb22c5e990] [http-nio-8081-exec-4] c.b.config.logging.HttpLoggingFilter - GET /api/seller/stores -> 200 (11 ms)
2025-11-15 23:23:33.960 [34mINFO [0;39m [eab4df32-f98b-432e-b8de-7cbb22c5e990] [http-nio-8081-exec-4] c.b.config.logging.HttpLoggingFilter - Headers: auth=present content-type=null accept=application/json, text/plain, */*
2025-11-15 23:23:33.960 [34mINFO [0;39m [eab4df32-f98b-432e-b8de-7cbb22c5e990] [http-nio-8081-exec-4] c.b.config.logging.HttpLoggingFilter - Response payload: [{"name":"City Pharmacy","id":"ee22d9ac-6725-4b27-aaa2-f82e91297625","status":"open"},{"name":"Fresh Mart","id":"717f52c3-a230-45fd-b6bf-3004bc7fcba7","status":"open"},{"name":"List Store","id":"41f81552-2072-4122-94f9-5220b60bb65a","status":"open"},{"name":"Profile Store","id":"eb2a1d72-e850-4583-b1e1-384371b30616","status":"open"},{"name":"Profile Store2","id":"4d109f79-09c7-4bbf-9da5-7b3ecd96ade4","status":"open"},{"name":"Sunrise Hotel","id":"2cc7fac1-fede-44b9-9fad-ba9aea64d748","status":"open"},{"name":"ame","id":"c5d55106-d129-4ddc-bc83-29686c4dc145","status":"open"},{"name":"nhif","id":"bae476bd-97d1-4521-b494-09d072e5bfe0","status":"open"}]
2025-11-15 23:23:33.974 [34mINFO [0;39m [dcb7569e-c88b-4104-a314-d362d110d2d5] [http-nio-8081-exec-5] c.b.web.seller.SellerOrderController - Seller list orders: storeId=null status=null from=null to=null page=null limit=null tenant=demo-store
2025-11-15 23:23:33.976 [34mINFO [0;39m [36fc56d7-10de-49a1-a4b5-8e689486ea4b] [http-nio-8081-exec-6] c.b.web.seller.SellerStoreController - Seller list stores: search=null page=null limit=null pageSize=null
2025-11-15 23:23:33.976 [34mINFO [0;39m [dcb7569e-c88b-4104-a314-d362d110d2d5] [http-nio-8081-exec-5] c.b.web.seller.SellerOrderController - Seller list orders success: count=0
2025-11-15 23:23:33.978 [34mINFO [0;39m [dcb7569e-c88b-4104-a314-d362d110d2d5] [http-nio-8081-exec-5] c.b.config.logging.HttpLoggingFilter - GET /api/seller/orders -> 200 (6 ms)
2025-11-15 23:23:33.978 [34mINFO [0;39m [dcb7569e-c88b-4104-a314-d362d110d2d5] [http-nio-8081-exec-5] c.b.config.logging.HttpLoggingFilter - Headers: auth=present content-type=null accept=application/json, text/plain, */*
2025-11-15 23:23:33.978 [34mINFO [0;39m [dcb7569e-c88b-4104-a314-d362d110d2d5] [http-nio-8081-exec-5] c.b.config.logging.HttpLoggingFilter - Response payload: []
2025-11-15 23:23:33.982 [34mINFO [0;39m [36fc56d7-10de-49a1-a4b5-8e689486ea4b] [http-nio-8081-exec-6] c.b.config.logging.HttpLoggingFilter - GET /api/seller/stores -> 200 (7 ms)
2025-11-15 23:23:33.983 [34mINFO [0;39m [36fc56d7-10de-49a1-a4b5-8e689486ea4b] [http-nio-8081-exec-6] c.b.config.logging.HttpLoggingFilter - Headers: auth=present content-type=null accept=application/json, text/plain, */*
2025-11-15 23:23:33.983 [34mINFO [0;39m [36fc56d7-10de-49a1-a4b5-8e689486ea4b] [http-nio-8081-exec-6] c.b.config.logging.HttpLoggingFilter - Response payload: [{"name":"City Pharmacy","id":"ee22d9ac-6725-4b27-aaa2-f82e91297625","status":"open"},{"name":"Fresh Mart","id":"717f52c3-a230-45fd-b6bf-3004bc7fcba7","status":"open"},{"name":"List Store","id":"41f81552-2072-4122-94f9-5220b60bb65a","status":"open"},{"name":"Profile Store","id":"eb2a1d72-e850-4583-b1e1-384371b30616","status":"open"},{"name":"Profile Store2","id":"4d109f79-09c7-4bbf-9da5-7b3ecd96ade4","status":"open"},{"name":"Sunrise Hotel","id":"2cc7fac1-fede-44b9-9fad-ba9aea64d748","status":"open"},{"name":"ame","id":"c5d55106-d129-4ddc-bc83-29686c4dc145","status":"open"},{"name":"nhif","id":"bae476bd-97d1-4521-b494-09d072e5bfe0","status":"open"}]
2025-11-15 23:23:38.447 [34mINFO [0;39m [0cc352d5-067f-40f6-8d7c-33c5f3447ef2] [http-nio-8081-exec-10] c.b.web.seller.SellerStoreController - Seller list stores: search=null page=null limit=null pageSize=null
2025-11-15 23:23:38.450 [34mINFO [0;39m [af331300-1326-4c2e-8b7d-5392b20d569f] [http-nio-8081-exec-3] c.b.web.StoreDiscoveryController - Global categories requested: tenant=demo-store
2025-11-15 23:23:38.462 [34mINFO [0;39m [0cc352d5-067f-40f6-8d7c-33c5f3447ef2] [http-nio-8081-exec-10] c.b.config.logging.HttpLoggingFilter - GET /api/seller/stores -> 200 (16 ms)
2025-11-15 23:23:38.464 [34mINFO [0;39m [0cc352d5-067f-40f6-8d7c-33c5f3447ef2] [http-nio-8081-exec-10] c.b.config.logging.HttpLoggingFilter - Headers: auth=present content-type=null accept=application/json, text/plain, */*
2025-11-15 23:23:38.464 [34mINFO [0;39m [0cc352d5-067f-40f6-8d7c-33c5f3447ef2] [http-nio-8081-exec-10] c.b.config.logging.HttpLoggingFilter - Response payload: [{"name":"City Pharmacy","id":"ee22d9ac-6725-4b27-aaa2-f82e91297625","status":"open"},{"name":"Fresh Mart","id":"717f52c3-a230-45fd-b6bf-3004bc7fcba7","status":"open"},{"name":"List Store","id":"41f81552-2072-4122-94f9-5220b60bb65a","status":"open"},{"name":"Profile Store","id":"eb2a1d72-e850-4583-b1e1-384371b30616","status":"open"},{"name":"Profile Store2","id":"4d109f79-09c7-4bbf-9da5-7b3ecd96ade4","status":"open"},{"name":"Sunrise Hotel","id":"2cc7fac1-fede-44b9-9fad-ba9aea64d748","status":"open"},{"name":"ame","id":"c5d55106-d129-4ddc-bc83-29686c4dc145","status":"open"},{"name":"nhif","id":"bae476bd-97d1-4521-b494-09d072e5bfe0","status":"open"}]
2025-11-15 23:23:38.487 [34mINFO [0;39m [573638f0-0dcd-4533-8e59-a4aef5324a54] [http-nio-8081-exec-2] c.b.web.seller.SellerStoreController - Seller list stores: search=null page=null limit=null pageSize=null
2025-11-15 23:23:38.496 [34mINFO [0;39m [573638f0-0dcd-4533-8e59-a4aef5324a54] [http-nio-8081-exec-2] c.b.config.logging.HttpLoggingFilter - GET /api/seller/stores -> 200 (13 ms)
2025-11-15 23:23:38.498 [34mINFO [0;39m [573638f0-0dcd-4533-8e59-a4aef5324a54] [http-nio-8081-exec-2] c.b.config.logging.HttpLoggingFilter - Headers: auth=present content-type=null accept=application/json, text/plain, */*
2025-11-15 23:23:38.500 [34mINFO [0;39m [573638f0-0dcd-4533-8e59-a4aef5324a54] [http-nio-8081-exec-2] c.b.config.logging.HttpLoggingFilter - Response payload: [{"name":"City Pharmacy","id":"ee22d9ac-6725-4b27-aaa2-f82e91297625","status":"open"},{"name":"Fresh Mart","id":"717f52c3-a230-45fd-b6bf-3004bc7fcba7","status":"open"},{"name":"List Store","id":"41f81552-2072-4122-94f9-5220b60bb65a","status":"open"},{"name":"Profile Store","id":"eb2a1d72-e850-4583-b1e1-384371b30616","status":"open"},{"name":"Profile Store2","id":"4d109f79-09c7-4bbf-9da5-7b3ecd96ade4","status":"open"},{"name":"Sunrise Hotel","id":"2cc7fac1-fede-44b9-9fad-ba9aea64d748","status":"open"},{"name":"ame","id":"c5d55106-d129-4ddc-bc83-29686c4dc145","status":"open"},{"name":"nhif","id":"bae476bd-97d1-4521-b494-09d072e5bfe0","status":"open"}]
2025-11-15 23:23:38.509 [34mINFO [0;39m [af331300-1326-4c2e-8b7d-5392b20d569f] [http-nio-8081-exec-3] c.b.config.logging.HttpLoggingFilter - GET /api/categories -> 200 (60 ms)
2025-11-15 23:23:38.511 [34mINFO [0;39m [af331300-1326-4c2e-8b7d-5392b20d569f] [http-nio-8081-exec-3] c.b.config.logging.HttpLoggingFilter - Headers: auth=present content-type=null accept=application/json, text/plain, */*
2025-11-15 23:23:38.513 [34mINFO [0;39m [af331300-1326-4c2e-8b7d-5392b20d569f] [http-nio-8081-exec-3] c.b.config.logging.HttpLoggingFilter - Response payload: ["dairy","fruits","medicine","room"]
2025-11-15 23:23:38.533 [34mINFO [0;39m [f28d82e2-bc84-4338-bd8f-0fea238052af] [http-nio-8081-exec-8] c.b.web.StoreDiscoveryController - Global categories requested: tenant=demo-store
2025-11-15 23:23:38.575 [34mINFO [0;39m [f28d82e2-bc84-4338-bd8f-0fea238052af] [http-nio-8081-exec-8] c.b.config.logging.HttpLoggingFilter - GET /api/categories -> 200 (44 ms)
2025-11-15 23:23:38.576 [34mINFO [0;39m [f28d82e2-bc84-4338-bd8f-0fea238052af] [http-nio-8081-exec-8] c.b.config.logging.HttpLoggingFilter - Headers: auth=present content-type=null accept=application/json, text/plain, */*
2025-11-15 23:23:38.577 [34mINFO [0;39m [f28d82e2-bc84-4338-bd8f-0fea238052af] [http-nio-8081-exec-8] c.b.config.logging.HttpLoggingFilter - Response payload: ["dairy","fruits","medicine","room"]
2025-11-15 23:23:38.634 [34mINFO [0;39m [cd0137ec-a0fc-425a-ab7a-5a21706cad30] [http-nio-8081-exec-1] c.b.w.seller.SellerProductController - Seller list products: storeId=ee22d9ac-6725-4b27-aaa2-f82e91297625 search=null category=null active=null page=null limit=null tenant=demo-store
2025-11-15 23:23:38.657 [34mINFO [0;39m [cd0137ec-a0fc-425a-ab7a-5a21706cad30] [http-nio-8081-exec-1] c.b.config.logging.HttpLoggingFilter - GET /api/seller/stores/ee22d9ac-6725-4b27-aaa2-f82e91297625/products -> 200 (34 ms)
2025-11-15 23:23:38.657 [34mINFO [0;39m [cd0137ec-a0fc-425a-ab7a-5a21706cad30] [http-nio-8081-exec-1] c.b.config.logging.HttpLoggingFilter - Headers: auth=present content-type=null accept=application/json, text/plain, */*
2025-11-15 23:23:45.556 [34mINFO [0;39m [bec07438-05be-4a9d-92e7-b04415e3797d] [http-nio-8081-exec-9] c.b.web.seller.SellerStoreController - Seller list stores: search=null page=null limit=null pageSize=null
2025-11-15 23:23:45.556 [34mINFO [0;39m [140d2b5b-97a2-43fa-92f6-5a6ad230c506] [http-nio-8081-exec-7] c.b.web.StoreDiscoveryController - Global categories requested: tenant=demo-store
2025-11-15 23:23:45.565 [34mINFO [0;39m [bec07438-05be-4a9d-92e7-b04415e3797d] [http-nio-8081-exec-9] c.b.config.logging.HttpLoggingFilter - GET /api/seller/stores -> 200 (10 ms)
2025-11-15 23:23:45.564 [34mINFO [0;39m [140d2b5b-97a2-43fa-92f6-5a6ad230c506] [http-nio-8081-exec-7] c.b.config.logging.HttpLoggingFilter - GET /api/categories -> 200 (8 ms)
2025-11-15 23:23:45.569 [34mINFO [0;39m [bec07438-05be-4a9d-92e7-b04415e3797d] [http-nio-8081-exec-9] c.b.config.logging.HttpLoggingFilter - Headers: auth=present content-type=null accept=application/json, text/plain, */*
2025-11-15 23:23:45.571 [34mINFO [0;39m [bec07438-05be-4a9d-92e7-b04415e3797d] [http-nio-8081-exec-9] c.b.config.logging.HttpLoggingFilter - Response payload: [{"name":"City Pharmacy","id":"ee22d9ac-6725-4b27-aaa2-f82e91297625","status":"open"},{"name":"Fresh Mart","id":"717f52c3-a230-45fd-b6bf-3004bc7fcba7","status":"open"},{"name":"List Store","id":"41f81552-2072-4122-94f9-5220b60bb65a","status":"open"},{"name":"Profile Store","id":"eb2a1d72-e850-4583-b1e1-384371b30616","status":"open"},{"name":"Profile Store2","id":"4d109f79-09c7-4bbf-9da5-7b3ecd96ade4","status":"open"},{"name":"Sunrise Hotel","id":"2cc7fac1-fede-44b9-9fad-ba9aea64d748","status":"open"},{"name":"ame","id":"c5d55106-d129-4ddc-bc83-29686c4dc145","status":"open"},{"name":"nhif","id":"bae476bd-97d1-4521-b494-09d072e5bfe0","status":"open"}]
2025-11-15 23:23:45.570 [34mINFO [0;39m [140d2b5b-97a2-43fa-92f6-5a6ad230c506] [http-nio-8081-exec-7] c.b.config.logging.HttpLoggingFilter - Headers: auth=present content-type=null accept=application/json, text/plain, */*
2025-11-15 23:23:45.571 [34mINFO [0;39m [140d2b5b-97a2-43fa-92f6-5a6ad230c506] [http-nio-8081-exec-7] c.b.config.logging.HttpLoggingFilter - Response payload: ["dairy","fruits","medicine","room"]
2025-11-15 23:23:45.586 [34mINFO [0;39m [cfee9b93-8d83-48f6-9703-08edfe007b45] [http-nio-8081-exec-5] c.b.web.StoreDiscoveryController - Global categories requested: tenant=demo-store
2025-11-15 23:23:45.586 [34mINFO [0;39m [1d645c4d-9704-4bec-895e-b96088f49b31] [http-nio-8081-exec-4] c.b.web.seller.SellerStoreController - Seller list stores: search=null page=null limit=null pageSize=null
2025-11-15 23:23:45.591 [34mINFO [0;39m [cfee9b93-8d83-48f6-9703-08edfe007b45] [http-nio-8081-exec-5] c.b.config.logging.HttpLoggingFilter - GET /api/categories -> 200 (6 ms)
2025-11-15 23:23:45.591 [34mINFO [0;39m [1d645c4d-9704-4bec-895e-b96088f49b31] [http-nio-8081-exec-4] c.b.config.logging.HttpLoggingFilter - GET /api/seller/stores -> 200 (6 ms)
2025-11-15 23:23:45.593 [34mINFO [0;39m [cfee9b93-8d83-48f6-9703-08edfe007b45] [http-nio-8081-exec-5] c.b.config.logging.HttpLoggingFilter - Headers: auth=present content-type=null accept=application/json, text/plain, */*
2025-11-15 23:23:45.593 [34mINFO [0;39m [1d645c4d-9704-4bec-895e-b96088f49b31] [http-nio-8081-exec-4] c.b.config.logging.HttpLoggingFilter - Headers: auth=present content-type=null accept=application/json, text/plain, */*
2025-11-15 23:23:45.593 [34mINFO [0;39m [cfee9b93-8d83-48f6-9703-08edfe007b45] [http-nio-8081-exec-5] c.b.config.logging.HttpLoggingFilter - Response payload: ["dairy","fruits","medicine","room"]
2025-11-15 23:23:45.593 [34mINFO [0;39m [1d645c4d-9704-4bec-895e-b96088f49b31] [http-nio-8081-exec-4] c.b.config.logging.HttpLoggingFilter - Response payload: [{"name":"City Pharmacy","id":"ee22d9ac-6725-4b27-aaa2-f82e91297625","status":"open"},{"name":"Fresh Mart","id":"717f52c3-a230-45fd-b6bf-3004bc7fcba7","status":"open"},{"name":"List Store","id":"41f81552-2072-4122-94f9-5220b60bb65a","status":"open"},{"name":"Profile Store","id":"eb2a1d72-e850-4583-b1e1-384371b30616","status":"open"},{"name":"Profile Store2","id":"4d109f79-09c7-4bbf-9da5-7b3ecd96ade4","status":"open"},{"name":"Sunrise Hotel","id":"2cc7fac1-fede-44b9-9fad-ba9aea64d748","status":"open"},{"name":"ame","id":"c5d55106-d129-4ddc-bc83-29686c4dc145","status":"open"},{"name":"nhif","id":"bae476bd-97d1-4521-b494-09d072e5bfe0","status":"open"}]
2025-11-15 23:25:11.191 [34mINFO [0;39m [d6ce3b91-1bcf-4c13-ad95-fb04aa2da53a] [http-nio-8081-exec-10] c.b.web.StoreDiscoveryController - Discover stores: tenant=demo-store search=null category=null
2025-11-15 23:25:11.192 [34mINFO [0;39m [64351a2b-df62-459b-929c-c78a32fc2884] [http-nio-8081-exec-6] c.b.web.seller.SellerStoreController - Seller list stores: search=null page=null limit=null pageSize=null
2025-11-15 23:25:11.198 [34mINFO [0;39m [64351a2b-df62-459b-929c-c78a32fc2884] [http-nio-8081-exec-6] c.b.config.logging.HttpLoggingFilter - GET /api/seller/stores -> 200 (7 ms)
2025-11-15 23:25:11.199 [34mINFO [0;39m [d6ce3b91-1bcf-4c13-ad95-fb04aa2da53a] [http-nio-8081-exec-10] c.b.config.logging.HttpLoggingFilter - GET /api/stores -> 200 (9 ms)
2025-11-15 23:25:11.199 [34mINFO [0;39m [64351a2b-df62-459b-929c-c78a32fc2884] [http-nio-8081-exec-6] c.b.config.logging.HttpLoggingFilter - Headers: auth=present content-type=null accept=application/json, text/plain, */*
2025-11-15 23:25:11.199 [34mINFO [0;39m [d6ce3b91-1bcf-4c13-ad95-fb04aa2da53a] [http-nio-8081-exec-10] c.b.config.logging.HttpLoggingFilter - Headers: auth=present content-type=null accept=application/json, text/plain, */*
2025-11-15 23:25:11.199 [34mINFO [0;39m [d6ce3b91-1bcf-4c13-ad95-fb04aa2da53a] [http-nio-8081-exec-10] c.b.config.logging.HttpLoggingFilter - Response payload: [{"id":"ee22d9ac-6725-4b27-aaa2-f82e91297625","name":"City Pharmacy","area":"Brigade","category":"pharmacy","status":"open","orderingDisabled":false,"updatedAt":"2025-11-15T17:47:04.497910Z"},{"id":"717f52c3-a230-45fd-b6bf-3004bc7fcba7","name":"Fresh Mart","area":"MG Road","category":"grocery","status":"open","orderingDisabled":false,"updatedAt":"2025-11-15T17:24:18.562684Z"},{"id":"41f81552-2072-4122-94f9-5220b60bb65a","name":"List Store","area":"MG Road","category":"General","status":"open","orderingDisabled":false,"updatedAt":"2025-11-15T17:24:22.546051Z"},{"id":"eb2a1d72-e850-4583-b1e1-384371b30616","name":"Profile Store","area":"MG Road","category":"General","status":"open","orderingDisabled":false,"updatedAt":"2025-11-15T17:24:39.421534Z"},{"id":"4d109f79-09c7-4bbf-9da5-7b3ecd96ade4","name":"Profile Store2","area":"MG Road","category":"General","status":"open","orderingDisabled":false,"updatedAt":"2025-11-15T17:24:57.461845Z"},{"id":"2cc7fac1-fede-44b9-9fad-ba9aea64d748","name":"Sunrise Hotel","area":"Beach","category":"hospitality","status":"open","orderingDisabled":false,"updatedAt":"2025-11-15T17:24:18.923370Z"},{"id":"c5d55106-d129-4ddc-bc83-29686c4dc145","name":"ame","area":"noida","category":"dairy","status":"open","orderingDisabled":false,"updatedAt":"2025-11-15T17:28:37.065495Z"},{"id":"bae476bd-97d1-4521-b494-09d072e5bfe0","name":"nhif","area":"noida","category":"dairy","status":"open","orderingDisabled":false,"updatedAt":"2025-11-15T17:34:27.217558Z"}]
2025-11-15 23:25:11.199 [34mINFO [0;39m [64351a2b-df62-459b-929c-c78a32fc2884] [http-nio-8081-exec-6] c.b.config.logging.HttpLoggingFilter - Response payload: [{"name":"City Pharmacy","id":"ee22d9ac-6725-4b27-aaa2-f82e91297625","status":"open"},{"name":"Fresh Mart","id":"717f52c3-a230-45fd-b6bf-3004bc7fcba7","status":"open"},{"name":"List Store","id":"41f81552-2072-4122-94f9-5220b60bb65a","status":"open"},{"name":"Profile Store","id":"eb2a1d72-e850-4583-b1e1-384371b30616","status":"open"},{"name":"Profile Store2","id":"4d109f79-09c7-4bbf-9da5-7b3ecd96ade4","status":"open"},{"name":"Sunrise Hotel","id":"2cc7fac1-fede-44b9-9fad-ba9aea64d748","status":"open"},{"name":"ame","id":"c5d55106-d129-4ddc-bc83-29686c4dc145","status":"open"},{"name":"nhif","id":"bae476bd-97d1-4521-b494-09d072e5bfe0","status":"open"}]
2025-11-15 23:25:11.215 [34mINFO [0;39m [c9b5e465-661d-441d-8f80-80c982593507] [http-nio-8081-exec-2] c.b.web.seller.SellerStoreController - Seller list stores: search=null page=null limit=null pageSize=null
2025-11-15 23:25:11.231 [34mINFO [0;39m [c9b5e465-661d-441d-8f80-80c982593507] [http-nio-8081-exec-2] c.b.config.logging.HttpLoggingFilter - GET /api/seller/stores -> 200 (17 ms)
2025-11-15 23:25:11.232 [34mINFO [0;39m [c9b5e465-661d-441d-8f80-80c982593507] [http-nio-8081-exec-2] c.b.config.logging.HttpLoggingFilter - Headers: auth=present content-type=null accept=application/json, text/plain, */*
2025-11-15 23:25:11.232 [34mINFO [0;39m [c9b5e465-661d-441d-8f80-80c982593507] [http-nio-8081-exec-2] c.b.config.logging.HttpLoggingFilter - Response payload: [{"name":"City Pharmacy","id":"ee22d9ac-6725-4b27-aaa2-f82e91297625","status":"open"},{"name":"Fresh Mart","id":"717f52c3-a230-45fd-b6bf-3004bc7fcba7","status":"open"},{"name":"List Store","id":"41f81552-2072-4122-94f9-5220b60bb65a","status":"open"},{"name":"Profile Store","id":"eb2a1d72-e850-4583-b1e1-384371b30616","status":"open"},{"name":"Profile Store2","id":"4d109f79-09c7-4bbf-9da5-7b3ecd96ade4","status":"open"},{"name":"Sunrise Hotel","id":"2cc7fac1-fede-44b9-9fad-ba9aea64d748","status":"open"},{"name":"ame","id":"c5d55106-d129-4ddc-bc83-29686c4dc145","status":"open"},{"name":"nhif","id":"bae476bd-97d1-4521-b494-09d072e5bfe0","status":"open"}]
2025-11-15 23:25:19.617 [34mINFO [0;39m [eeb69ca2-6e08-4352-8494-9276b546057a] [http-nio-8081-exec-8] c.b.web.seller.SellerStoreController - Seller list stores: search=null page=null limit=null pageSize=null
2025-11-15 23:25:19.617 [34mINFO [0;39m [1bea6e13-9264-4216-aed3-bc458d0cf697] [http-nio-8081-exec-3] c.b.web.seller.SellerOrderController - Seller list orders: storeId=null status=null from=null to=null page=null limit=null tenant=demo-store
2025-11-15 23:25:19.620 [34mINFO [0;39m [1bea6e13-9264-4216-aed3-bc458d0cf697] [http-nio-8081-exec-3] c.b.web.seller.SellerOrderController - Seller list orders success: count=0
2025-11-15 23:25:19.621 [34mINFO [0;39m [eeb69ca2-6e08-4352-8494-9276b546057a] [http-nio-8081-exec-8] c.b.config.logging.HttpLoggingFilter - GET /api/seller/stores -> 200 (4 ms)
2025-11-15 23:25:19.621 [34mINFO [0;39m [1bea6e13-9264-4216-aed3-bc458d0cf697] [http-nio-8081-exec-3] c.b.config.logging.HttpLoggingFilter - GET /api/seller/orders -> 200 (5 ms)
2025-11-15 23:25:19.622 [34mINFO [0;39m [eeb69ca2-6e08-4352-8494-9276b546057a] [http-nio-8081-exec-8] c.b.config.logging.HttpLoggingFilter - Headers: auth=present content-type=null accept=application/json, text/plain, */*
2025-11-15 23:25:19.622 [34mINFO [0;39m [1bea6e13-9264-4216-aed3-bc458d0cf697] [http-nio-8081-exec-3] c.b.config.logging.HttpLoggingFilter - Headers: auth=present content-type=null accept=application/json, text/plain, */*
2025-11-15 23:25:19.622 [34mINFO [0;39m [eeb69ca2-6e08-4352-8494-9276b546057a] [http-nio-8081-exec-8] c.b.config.logging.HttpLoggingFilter - Response payload: [{"name":"City Pharmacy","id":"ee22d9ac-6725-4b27-aaa2-f82e91297625","status":"open"},{"name":"Fresh Mart","id":"717f52c3-a230-45fd-b6bf-3004bc7fcba7","status":"open"},{"name":"List Store","id":"41f81552-2072-4122-94f9-5220b60bb65a","status":"open"},{"name":"Profile Store","id":"eb2a1d72-e850-4583-b1e1-384371b30616","status":"open"},{"name":"Profile Store2","id":"4d109f79-09c7-4bbf-9da5-7b3ecd96ade4","status":"open"},{"name":"Sunrise Hotel","id":"2cc7fac1-fede-44b9-9fad-ba9aea64d748","status":"open"},{"name":"ame","id":"c5d55106-d129-4ddc-bc83-29686c4dc145","status":"open"},{"name":"nhif","id":"bae476bd-97d1-4521-b494-09d072e5bfe0","status":"open"}]
2025-11-15 23:25:19.622 [34mINFO [0;39m [1bea6e13-9264-4216-aed3-bc458d0cf697] [http-nio-8081-exec-3] c.b.config.logging.HttpLoggingFilter - Response payload: []
2025-11-15 23:25:19.637 [34mINFO [0;39m [c0348840-52f7-4cff-a97e-4fbf116d3fa2] [http-nio-8081-exec-11] c.b.web.seller.SellerStoreController - Seller list stores: search=null page=null limit=null pageSize=null
2025-11-15 23:25:19.637 [34mINFO [0;39m [385ce23c-2399-4578-834b-0064ec424b57] [http-nio-8081-exec-7] c.b.web.seller.SellerOrderController - Seller list orders: storeId=null status=null from=null to=null page=null limit=null tenant=demo-store
2025-11-15 23:25:19.640 [34mINFO [0;39m [385ce23c-2399-4578-834b-0064ec424b57] [http-nio-8081-exec-7] c.b.web.seller.SellerOrderController - Seller list orders success: count=0
2025-11-15 23:25:19.641 [34mINFO [0;39m [c0348840-52f7-4cff-a97e-4fbf116d3fa2] [http-nio-8081-exec-11] c.b.config.logging.HttpLoggingFilter - GET /api/seller/stores -> 200 (6 ms)
2025-11-15 23:25:19.641 [34mINFO [0;39m [385ce23c-2399-4578-834b-0064ec424b57] [http-nio-8081-exec-7] c.b.config.logging.HttpLoggingFilter - GET /api/seller/orders -> 200 (7 ms)
2025-11-15 23:25:19.642 [34mINFO [0;39m [c0348840-52f7-4cff-a97e-4fbf116d3fa2] [http-nio-8081-exec-11] c.b.config.logging.HttpLoggingFilter - Headers: auth=present content-type=null accept=application/json, text/plain, */*
2025-11-15 23:25:19.642 [34mINFO [0;39m [c0348840-52f7-4cff-a97e-4fbf116d3fa2] [http-nio-8081-exec-11] c.b.config.logging.HttpLoggingFilter - Response payload: [{"name":"City Pharmacy","id":"ee22d9ac-6725-4b27-aaa2-f82e91297625","status":"open"},{"name":"Fresh Mart","id":"717f52c3-a230-45fd-b6bf-3004bc7fcba7","status":"open"},{"name":"List Store","id":"41f81552-2072-4122-94f9-5220b60bb65a","status":"open"},{"name":"Profile Store","id":"eb2a1d72-e850-4583-b1e1-384371b30616","status":"open"},{"name":"Profile Store2","id":"4d109f79-09c7-4bbf-9da5-7b3ecd96ade4","status":"open"},{"name":"Sunrise Hotel","id":"2cc7fac1-fede-44b9-9fad-ba9aea64d748","status":"open"},{"name":"ame","id":"c5d55106-d129-4ddc-bc83-29686c4dc145","status":"open"},{"name":"nhif","id":"bae476bd-97d1-4521-b494-09d072e5bfe0","status":"open"}]
2025-11-15 23:25:19.642 [34mINFO [0;39m [385ce23c-2399-4578-834b-0064ec424b57] [http-nio-8081-exec-7] c.b.config.logging.HttpLoggingFilter - Headers: auth=present content-type=null accept=application/json, text/plain, */*
2025-11-15 23:25:19.643 [34mINFO [0;39m [385ce23c-2399-4578-834b-0064ec424b57] [http-nio-8081-exec-7] c.b.config.logging.HttpLoggingFilter - Response payload: []
2025-11-15 23:25:25.172 [34mINFO [0;39m [b77339db-0b30-43ff-b6ae-0df1421c4425] [http-nio-8081-exec-9] c.b.web.SellerAuthController - Login seller: email=seller.demo@example.com
2025-11-15 23:25:25.173 [34mINFO [0;39m [b77339db-0b30-43ff-b6ae-0df1421c4425] [http-nio-8081-exec-9] com.bharatshop.service.AuthService - Login (seller) attempt: email=seller.demo@example.com
2025-11-15 23:25:25.313 [34mINFO [0;39m [b77339db-0b30-43ff-b6ae-0df1421c4425] [http-nio-8081-exec-9] com.bharatshop.service.AuthService - Session created: userId=7e88c8ec-5194-4ef0-981a-8bc6a9f81e4e role=seller
2025-11-15 23:25:25.313 [34mINFO [0;39m [b77339db-0b30-43ff-b6ae-0df1421c4425] [http-nio-8081-exec-9] com.bharatshop.service.AuthService - Login (seller) success: userId=7e88c8ec-5194-4ef0-981a-8bc6a9f81e4e token=eyJhbGciOiJIUzI1NiIsInR5cCI6IkpXVCJ9.eyJzdWIiOiI3ZTg4YzhlYy01MTk0LTRlZjAtOTgxYS04YmM2YTlmODFlNGUiLCJuYW1lIjoic2VsbGVyLmRlbW8iLCJyb2xlIjoic2VsbGVyIiwiaWF0IjoxNzYzMjI5MzI1LCJleHAiOjE3NjMyMzI5MjV9.PsvwUEqpXAUSK6bPFTmEcY-HrCWmdSXQyXOVrvu4g7g role=SELLER 
2025-11-15 23:25:25.314 [34mINFO [0;39m [b77339db-0b30-43ff-b6ae-0df1421c4425] [http-nio-8081-exec-9] c.b.web.SellerAuthController - Seller login success: userId=7e88c8ec-5194-4ef0-981a-8bc6a9f81e4e
2025-11-15 23:25:25.315 [34mINFO [0;39m [b77339db-0b30-43ff-b6ae-0df1421c4425] [http-nio-8081-exec-9] c.b.config.logging.HttpLoggingFilter - POST /api/auth/seller/login -> 200 (175 ms)
2025-11-15 23:25:25.315 [34mINFO [0;39m [b77339db-0b30-43ff-b6ae-0df1421c4425] [http-nio-8081-exec-9] c.b.config.logging.HttpLoggingFilter - Headers: auth=absent content-type=application/json accept=null
2025-11-15 23:25:25.316 [34mINFO [0;39m [b77339db-0b30-43ff-b6ae-0df1421c4425] [http-nio-8081-exec-9] c.b.config.logging.HttpLoggingFilter - Request payload: {"email":"seller.demo@example.com","password":"demo123"}
2025-11-15 23:25:25.316 [34mINFO [0;39m [b77339db-0b30-43ff-b6ae-0df1421c4425] [http-nio-8081-exec-9] c.b.config.logging.HttpLoggingFilter - Response payload: {"token":"eyJhbGciOiJIUzI1NiIsInR5cCI6IkpXVCJ9.eyJzdWIiOiI3ZTg4YzhlYy01MTk0LTRlZjAtOTgxYS04YmM2YTlmODFlNGUiLCJuYW1lIjoic2VsbGVyLmRlbW8iLCJyb2xlIjoic2VsbGVyIiwiaWF0IjoxNzYzMjI5MzI1LCJleHAiOjE3NjMyMzI5MjV9.PsvwUEqpXAUSK6bPFTmEcY-HrCWmdSXQyXOVrvu4g7g","user":{"id":"7e88c8ec-5194-4ef0-981a-8bc6a9f81e4e","name":"seller.demo","email":"seller.demo@example.com","role":"seller"}}
2025-11-15 23:25:25.329 [34mINFO [0;39m [b5fd3acf-5d68-413e-9b17-4817294926b1] [http-nio-8081-exec-4] c.b.web.seller.SellerStoreController - Seller list stores: search=null page=null limit=null pageSize=null
2025-11-15 23:25:25.332 [34mINFO [0;39m [b5fd3acf-5d68-413e-9b17-4817294926b1] [http-nio-8081-exec-4] c.b.config.logging.HttpLoggingFilter - GET /api/seller/stores -> 200 (4 ms)
2025-11-15 23:25:25.332 [34mINFO [0;39m [b5fd3acf-5d68-413e-9b17-4817294926b1] [http-nio-8081-exec-4] c.b.config.logging.HttpLoggingFilter - Headers: auth=present content-type=null accept=null
2025-11-15 23:25:25.333 [34mINFO [0;39m [b5fd3acf-5d68-413e-9b17-4817294926b1] [http-nio-8081-exec-4] c.b.config.logging.HttpLoggingFilter - Response payload: [{"name":"City Pharmacy","id":"ee22d9ac-6725-4b27-aaa2-f82e91297625","status":"open"},{"name":"Fresh Mart","id":"717f52c3-a230-45fd-b6bf-3004bc7fcba7","status":"open"},{"name":"List Store","id":"41f81552-2072-4122-94f9-5220b60bb65a","status":"open"},{"name":"Profile Store","id":"eb2a1d72-e850-4583-b1e1-384371b30616","status":"open"},{"name":"Profile Store2","id":"4d109f79-09c7-4bbf-9da5-7b3ecd96ade4","status":"open"},{"name":"Sunrise Hotel","id":"2cc7fac1-fede-44b9-9fad-ba9aea64d748","status":"open"},{"name":"ame","id":"c5d55106-d129-4ddc-bc83-29686c4dc145","status":"open"},{"name":"nhif","id":"bae476bd-97d1-4521-b494-09d072e5bfe0","status":"open"}]
2025-11-15 23:26:41.767 [34mINFO [0;39m [89faba3f-709f-4c86-a85b-32d1c8e3d8a8] [http-nio-8081-exec-6] c.b.web.StoreDiscoveryController - Global categories requested: tenant=demo-store
2025-11-15 23:26:41.769 [34mINFO [0;39m [8b7a44f8-99a6-45c0-a66b-cc74eb7cbc4f] [http-nio-8081-exec-10] c.b.web.seller.SellerStoreController - Seller list stores: search=null page=null limit=null pageSize=null
2025-11-15 23:26:41.775 [34mINFO [0;39m [8b7a44f8-99a6-45c0-a66b-cc74eb7cbc4f] [http-nio-8081-exec-10] c.b.config.logging.HttpLoggingFilter - GET /api/seller/stores -> 200 (7 ms)
2025-11-15 23:26:41.775 [34mINFO [0;39m [8b7a44f8-99a6-45c0-a66b-cc74eb7cbc4f] [http-nio-8081-exec-10] c.b.config.logging.HttpLoggingFilter - Headers: auth=present content-type=null accept=application/json, text/plain, */*
2025-11-15 23:26:41.775 [34mINFO [0;39m [8b7a44f8-99a6-45c0-a66b-cc74eb7cbc4f] [http-nio-8081-exec-10] c.b.config.logging.HttpLoggingFilter - Response payload: [{"name":"City Pharmacy","id":"ee22d9ac-6725-4b27-aaa2-f82e91297625","status":"open"},{"name":"Fresh Mart","id":"717f52c3-a230-45fd-b6bf-3004bc7fcba7","status":"open"},{"name":"List Store","id":"41f81552-2072-4122-94f9-5220b60bb65a","status":"open"},{"name":"Profile Store","id":"eb2a1d72-e850-4583-b1e1-384371b30616","status":"open"},{"name":"Profile Store2","id":"4d109f79-09c7-4bbf-9da5-7b3ecd96ade4","status":"open"},{"name":"Sunrise Hotel","id":"2cc7fac1-fede-44b9-9fad-ba9aea64d748","status":"open"},{"name":"ame","id":"c5d55106-d129-4ddc-bc83-29686c4dc145","status":"open"},{"name":"nhif","id":"bae476bd-97d1-4521-b494-09d072e5bfe0","status":"open"}]
2025-11-15 23:26:41.775 [34mINFO [0;39m [89faba3f-709f-4c86-a85b-32d1c8e3d8a8] [http-nio-8081-exec-6] c.b.config.logging.HttpLoggingFilter - GET /api/categories -> 200 (9 ms)
2025-11-15 23:26:41.779 [34mINFO [0;39m [89faba3f-709f-4c86-a85b-32d1c8e3d8a8] [http-nio-8081-exec-6] c.b.config.logging.HttpLoggingFilter - Headers: auth=present content-type=null accept=application/json, text/plain, */*
2025-11-15 23:26:41.779 [34mINFO [0;39m [89faba3f-709f-4c86-a85b-32d1c8e3d8a8] [http-nio-8081-exec-6] c.b.config.logging.HttpLoggingFilter - Response payload: ["dairy","fruits","medicine","room"]
2025-11-15 23:26:41.790 [34mINFO [0;39m [67516d7f-4dff-40e2-a918-bb873d7e3512] [http-nio-8081-exec-2] c.b.web.seller.SellerStoreController - Seller list stores: search=null page=null limit=null pageSize=null
2025-11-15 23:26:41.794 [34mINFO [0;39m [67516d7f-4dff-40e2-a918-bb873d7e3512] [http-nio-8081-exec-2] c.b.config.logging.HttpLoggingFilter - GET /api/seller/stores -> 200 (5 ms)
2025-11-15 23:26:41.794 [34mINFO [0;39m [4ea26629-8e97-4b0c-92d8-273d0cb4ae11] [http-nio-8081-exec-3] c.b.web.StoreDiscoveryController - Global categories requested: tenant=demo-store
2025-11-15 23:26:41.795 [34mINFO [0;39m [67516d7f-4dff-40e2-a918-bb873d7e3512] [http-nio-8081-exec-2] c.b.config.logging.HttpLoggingFilter - Headers: auth=present content-type=null accept=application/json, text/plain, */*
2025-11-15 23:26:41.795 [34mINFO [0;39m [67516d7f-4dff-40e2-a918-bb873d7e3512] [http-nio-8081-exec-2] c.b.config.logging.HttpLoggingFilter - Response payload: [{"name":"City Pharmacy","id":"ee22d9ac-6725-4b27-aaa2-f82e91297625","status":"open"},{"name":"Fresh Mart","id":"717f52c3-a230-45fd-b6bf-3004bc7fcba7","status":"open"},{"name":"List Store","id":"41f81552-2072-4122-94f9-5220b60bb65a","status":"open"},{"name":"Profile Store","id":"eb2a1d72-e850-4583-b1e1-384371b30616","status":"open"},{"name":"Profile Store2","id":"4d109f79-09c7-4bbf-9da5-7b3ecd96ade4","status":"open"},{"name":"Sunrise Hotel","id":"2cc7fac1-fede-44b9-9fad-ba9aea64d748","status":"open"},{"name":"ame","id":"c5d55106-d129-4ddc-bc83-29686c4dc145","status":"open"},{"name":"nhif","id":"bae476bd-97d1-4521-b494-09d072e5bfe0","status":"open"}]
2025-11-15 23:26:41.799 [34mINFO [0;39m [4ea26629-8e97-4b0c-92d8-273d0cb4ae11] [http-nio-8081-exec-3] c.b.config.logging.HttpLoggingFilter - GET /api/categories -> 200 (6 ms)
2025-11-15 23:26:41.799 [34mINFO [0;39m [4ea26629-8e97-4b0c-92d8-273d0cb4ae11] [http-nio-8081-exec-3] c.b.config.logging.HttpLoggingFilter - Headers: auth=present content-type=null accept=application/json, text/plain, */*
2025-11-15 23:26:41.799 [34mINFO [0;39m [4ea26629-8e97-4b0c-92d8-273d0cb4ae11] [http-nio-8081-exec-3] c.b.config.logging.HttpLoggingFilter - Response payload: ["dairy","fruits","medicine","room"]
2025-11-15 23:28:33.515 [34mINFO [0;39m [e088006d-cf33-459b-bcaf-0b329e7ef38d] [http-nio-8081-exec-8] c.b.web.StoreDiscoveryController - Global categories requested: tenant=demo-store
2025-11-15 23:28:33.516 [34mINFO [0;39m [20920a02-cdb7-4418-9dfd-6bff27d29da3] [http-nio-8081-exec-7] c.b.web.seller.SellerStoreController - Seller list stores: search=null page=null limit=null pageSize=null
2025-11-15 23:28:33.520 [34mINFO [0;39m [e088006d-cf33-459b-bcaf-0b329e7ef38d] [http-nio-8081-exec-8] c.b.config.logging.HttpLoggingFilter - GET /api/categories -> 200 (6 ms)
2025-11-15 23:28:33.520 [34mINFO [0;39m [e088006d-cf33-459b-bcaf-0b329e7ef38d] [http-nio-8081-exec-8] c.b.config.logging.HttpLoggingFilter - Headers: auth=present content-type=null accept=application/json, text/plain, */*
2025-11-15 23:28:33.520 [34mINFO [0;39m [20920a02-cdb7-4418-9dfd-6bff27d29da3] [http-nio-8081-exec-7] c.b.config.logging.HttpLoggingFilter - GET /api/seller/stores?ownerPhone=7355460178 -> 200 (4 ms)
2025-11-15 23:28:33.520 [34mINFO [0;39m [e088006d-cf33-459b-bcaf-0b329e7ef38d] [http-nio-8081-exec-8] c.b.config.logging.HttpLoggingFilter - Response payload: ["dairy","fruits","medicine","room"]
2025-11-15 23:28:33.520 [34mINFO [0;39m [20920a02-cdb7-4418-9dfd-6bff27d29da3] [http-nio-8081-exec-7] c.b.config.logging.HttpLoggingFilter - Headers: auth=present content-type=null accept=application/json, text/plain, */*
2025-11-15 23:28:33.520 [34mINFO [0;39m [20920a02-cdb7-4418-9dfd-6bff27d29da3] [http-nio-8081-exec-7] c.b.config.logging.HttpLoggingFilter - Response payload: [{"name":"City Pharmacy","id":"ee22d9ac-6725-4b27-aaa2-f82e91297625","status":"open"},{"name":"Fresh Mart","id":"717f52c3-a230-45fd-b6bf-3004bc7fcba7","status":"open"},{"name":"List Store","id":"41f81552-2072-4122-94f9-5220b60bb65a","status":"open"},{"name":"Profile Store","id":"eb2a1d72-e850-4583-b1e1-384371b30616","status":"open"},{"name":"Profile Store2","id":"4d109f79-09c7-4bbf-9da5-7b3ecd96ade4","status":"open"},{"name":"Sunrise Hotel","id":"2cc7fac1-fede-44b9-9fad-ba9aea64d748","status":"open"},{"name":"ame","id":"c5d55106-d129-4ddc-bc83-29686c4dc145","status":"open"},{"name":"nhif","id":"bae476bd-97d1-4521-b494-09d072e5bfe0","status":"open"}]
2025-11-15 23:28:33.533 [34mINFO [0;39m [f0f4e720-b0d5-435c-a3e7-555808c09371] [http-nio-8081-exec-9] c.b.web.seller.SellerStoreController - Seller list stores: search=null page=null limit=null pageSize=null
2025-11-15 23:28:33.533 [34mINFO [0;39m [912ab84d-1826-4cb2-9a4a-023825f31734] [http-nio-8081-exec-11] c.b.web.StoreDiscoveryController - Global categories requested: tenant=demo-store
2025-11-15 23:28:33.537 [34mINFO [0;39m [912ab84d-1826-4cb2-9a4a-023825f31734] [http-nio-8081-exec-11] c.b.config.logging.HttpLoggingFilter - GET /api/categories -> 200 (5 ms)
2025-11-15 23:28:33.537 [34mINFO [0;39m [f0f4e720-b0d5-435c-a3e7-555808c09371] [http-nio-8081-exec-9] c.b.config.logging.HttpLoggingFilter - GET /api/seller/stores?ownerPhone=7355460178 -> 200 (5 ms)
2025-11-15 23:28:33.537 [34mINFO [0;39m [912ab84d-1826-4cb2-9a4a-023825f31734] [http-nio-8081-exec-11] c.b.config.logging.HttpLoggingFilter - Headers: auth=present content-type=null accept=application/json, text/plain, */*
2025-11-15 23:28:33.538 [34mINFO [0;39m [f0f4e720-b0d5-435c-a3e7-555808c09371] [http-nio-8081-exec-9] c.b.config.logging.HttpLoggingFilter - Headers: auth=present content-type=null accept=application/json, text/plain, */*
2025-11-15 23:28:33.538 [34mINFO [0;39m [912ab84d-1826-4cb2-9a4a-023825f31734] [http-nio-8081-exec-11] c.b.config.logging.HttpLoggingFilter - Response payload: ["dairy","fruits","medicine","room"]
2025-11-15 23:28:33.538 [34mINFO [0;39m [f0f4e720-b0d5-435c-a3e7-555808c09371] [http-nio-8081-exec-9] c.b.config.logging.HttpLoggingFilter - Response payload: [{"name":"City Pharmacy","id":"ee22d9ac-6725-4b27-aaa2-f82e91297625","status":"open"},{"name":"Fresh Mart","id":"717f52c3-a230-45fd-b6bf-3004bc7fcba7","status":"open"},{"name":"List Store","id":"41f81552-2072-4122-94f9-5220b60bb65a","status":"open"},{"name":"Profile Store","id":"eb2a1d72-e850-4583-b1e1-384371b30616","status":"open"},{"name":"Profile Store2","id":"4d109f79-09c7-4bbf-9da5-7b3ecd96ade4","status":"open"},{"name":"Sunrise Hotel","id":"2cc7fac1-fede-44b9-9fad-ba9aea64d748","status":"open"},{"name":"ame","id":"c5d55106-d129-4ddc-bc83-29686c4dc145","status":"open"},{"name":"nhif","id":"bae476bd-97d1-4521-b494-09d072e5bfe0","status":"open"}]
2025-11-15 23:30:11.000 [34mINFO [0;39m [407081bc-18db-46b0-87e5-235819ac7f1a] [http-nio-8081-exec-5] com.bharatshop.web.AuthController - Profile requested: tokenPresent=true 
2025-11-15 23:30:11.002 [34mINFO [0;39m [b92faca9-5423-468f-88e1-07bd5e260db4] [http-nio-8081-exec-4] c.b.web.StorefrontCartController - Storefront get cart: tenant=demo-store userId=cef0f7a2-6a4e-4bad-8e96-5bac264a4dab 
2025-11-15 23:30:11.003 [34mINFO [0;39m [b92faca9-5423-468f-88e1-07bd5e260db4] [http-nio-8081-exec-4] c.b.config.logging.HttpLoggingFilter - GET /api/storefront/cart -> 200 (4 ms)
2025-11-15 23:30:11.003 [34mINFO [0;39m [b92faca9-5423-468f-88e1-07bd5e260db4] [http-nio-8081-exec-4] c.b.config.logging.HttpLoggingFilter - Headers: auth=present content-type=null accept=application/json, text/plain, */*
2025-11-15 23:30:11.003 [34mINFO [0;39m [407081bc-18db-46b0-87e5-235819ac7f1a] [http-nio-8081-exec-5] com.bharatshop.web.AuthController - Profile success: userId=cef0f7a2-6a4e-4bad-8e96-5bac264a4dab
2025-11-15 23:30:11.004 [34mINFO [0;39m [b92faca9-5423-468f-88e1-07bd5e260db4] [http-nio-8081-exec-4] c.b.config.logging.HttpLoggingFilter - Response payload: {"totals":{"subtotal":0.0,"itemsCount":0},"items":[]}
2025-11-15 23:30:11.006 [34mINFO [0;39m [407081bc-18db-46b0-87e5-235819ac7f1a] [http-nio-8081-exec-5] c.b.config.logging.HttpLoggingFilter - GET /api/storefront/auth/profile -> 200 (7 ms)
2025-11-15 23:30:11.007 [34mINFO [0;39m [407081bc-18db-46b0-87e5-235819ac7f1a] [http-nio-8081-exec-5] c.b.config.logging.HttpLoggingFilter - Headers: auth=present content-type=null accept=application/json, text/plain, */*
2025-11-15 23:30:11.007 [34mINFO [0;39m [407081bc-18db-46b0-87e5-235819ac7f1a] [http-nio-8081-exec-5] c.b.config.logging.HttpLoggingFilter - Response payload: {"id":"cef0f7a2-6a4e-4bad-8e96-5bac264a4dab","name":"User0178","phone":"+917355460178","role":"seller"}
2025-11-15 23:30:11.027 [34mINFO [0;39m [746a8042-bf7d-4532-8a39-6125a1beecdc] [http-nio-8081-exec-10] c.b.web.StorefrontCartController - Storefront get cart: tenant=demo-store userId=cef0f7a2-6a4e-4bad-8e96-5bac264a4dab 
2025-11-15 23:30:11.030 [34mINFO [0;39m [746a8042-bf7d-4532-8a39-6125a1beecdc] [http-nio-8081-exec-10] c.b.config.logging.HttpLoggingFilter - GET /api/storefront/cart -> 200 (8 ms)
2025-11-15 23:30:11.030 [34mINFO [0;39m [746a8042-bf7d-4532-8a39-6125a1beecdc] [http-nio-8081-exec-10] c.b.config.logging.HttpLoggingFilter - Headers: auth=present content-type=null accept=application/json, text/plain, */*
2025-11-15 23:30:11.031 [34mINFO [0;39m [746a8042-bf7d-4532-8a39-6125a1beecdc] [http-nio-8081-exec-10] c.b.config.logging.HttpLoggingFilter - Response payload: {"totals":{"subtotal":0.0,"itemsCount":0},"items":[]}
2025-11-15 23:30:11.034 [34mINFO [0;39m [d5d67f17-6358-4018-b798-6551955b8e36] [http-nio-8081-exec-6] com.bharatshop.web.AuthController - Profile requested: tokenPresent=true 
2025-11-15 23:30:11.040 [34mINFO [0;39m [d5d67f17-6358-4018-b798-6551955b8e36] [http-nio-8081-exec-6] com.bharatshop.web.AuthController - Profile success: userId=cef0f7a2-6a4e-4bad-8e96-5bac264a4dab
2025-11-15 23:30:11.043 [34mINFO [0;39m [d5d67f17-6358-4018-b798-6551955b8e36] [http-nio-8081-exec-6] c.b.config.logging.HttpLoggingFilter - GET /api/storefront/auth/profile -> 200 (12 ms)
2025-11-15 23:30:11.044 [34mINFO [0;39m [d5d67f17-6358-4018-b798-6551955b8e36] [http-nio-8081-exec-6] c.b.config.logging.HttpLoggingFilter - Headers: auth=present content-type=null accept=application/json, text/plain, */*
2025-11-15 23:30:11.045 [34mINFO [0;39m [d5d67f17-6358-4018-b798-6551955b8e36] [http-nio-8081-exec-6] c.b.config.logging.HttpLoggingFilter - Response payload: {"id":"cef0f7a2-6a4e-4bad-8e96-5bac264a4dab","name":"User0178","phone":"+917355460178","role":"seller"}
2025-11-15 23:30:11.101 [34mINFO [0;39m [a8df3d89-2ae4-445c-b257-10c827faae64] [http-nio-8081-exec-2] c.b.web.seller.SellerStoreController - Seller list stores: search=null page=null limit=null pageSize=null
2025-11-15 23:30:11.104 [34mINFO [0;39m [58401975-67cb-4ead-8c7b-f785e1be93cc] [http-nio-8081-exec-3] c.b.web.StoreDiscoveryController - Global categories requested: tenant=demo-store
2025-11-15 23:30:11.105 [34mINFO [0;39m [c0d57b6c-55ee-4bc0-baf9-750a54d801a7] [http-nio-8081-exec-7] c.b.web.seller.SellerStoreController - Seller list stores: search=null page=null limit=null pageSize=null
2025-11-15 23:30:11.105 [34mINFO [0;39m [a8df3d89-2ae4-445c-b257-10c827faae64] [http-nio-8081-exec-2] c.b.config.logging.HttpLoggingFilter - GET /api/seller/stores -> 200 (5 ms)
2025-11-15 23:30:11.106 [34mINFO [0;39m [a8df3d89-2ae4-445c-b257-10c827faae64] [http-nio-8081-exec-2] c.b.config.logging.HttpLoggingFilter - Headers: auth=present content-type=null accept=application/json, text/plain, */*
2025-11-15 23:30:11.106 [34mINFO [0;39m [a8df3d89-2ae4-445c-b257-10c827faae64] [http-nio-8081-exec-2] c.b.config.logging.HttpLoggingFilter - Response payload: [{"name":"City Pharmacy","id":"ee22d9ac-6725-4b27-aaa2-f82e91297625","status":"open"},{"name":"Fresh Mart","id":"717f52c3-a230-45fd-b6bf-3004bc7fcba7","status":"open"},{"name":"List Store","id":"41f81552-2072-4122-94f9-5220b60bb65a","status":"open"},{"name":"Profile Store","id":"eb2a1d72-e850-4583-b1e1-384371b30616","status":"open"},{"name":"Profile Store2","id":"4d109f79-09c7-4bbf-9da5-7b3ecd96ade4","status":"open"},{"name":"Sunrise Hotel","id":"2cc7fac1-fede-44b9-9fad-ba9aea64d748","status":"open"},{"name":"ame","id":"c5d55106-d129-4ddc-bc83-29686c4dc145","status":"open"},{"name":"nhif","id":"bae476bd-97d1-4521-b494-09d072e5bfe0","status":"open"}]
2025-11-15 23:30:11.110 [34mINFO [0;39m [58401975-67cb-4ead-8c7b-f785e1be93cc] [http-nio-8081-exec-3] c.b.config.logging.HttpLoggingFilter - GET /api/categories -> 200 (7 ms)
2025-11-15 23:30:11.190 [34mINFO [0;39m [58401975-67cb-4ead-8c7b-f785e1be93cc] [http-nio-8081-exec-3] c.b.config.logging.HttpLoggingFilter - Headers: auth=present content-type=null accept=application/json, text/plain, */*
2025-11-15 23:30:11.190 [34mINFO [0;39m [58401975-67cb-4ead-8c7b-f785e1be93cc] [http-nio-8081-exec-3] c.b.config.logging.HttpLoggingFilter - Response payload: ["dairy","fruits","medicine","room"]
2025-11-15 23:30:11.191 [34mINFO [0;39m [c0d57b6c-55ee-4bc0-baf9-750a54d801a7] [http-nio-8081-exec-7] c.b.config.logging.HttpLoggingFilter - GET /api/seller/stores?ownerPhone=7355460178 -> 200 (87 ms)
2025-11-15 23:30:11.193 [34mINFO [0;39m [c0d57b6c-55ee-4bc0-baf9-750a54d801a7] [http-nio-8081-exec-7] c.b.config.logging.HttpLoggingFilter - Headers: auth=present content-type=null accept=application/json, text/plain, */*
2025-11-15 23:30:11.193 [34mINFO [0;39m [c0d57b6c-55ee-4bc0-baf9-750a54d801a7] [http-nio-8081-exec-7] c.b.config.logging.HttpLoggingFilter - Response payload: [{"name":"City Pharmacy","id":"ee22d9ac-6725-4b27-aaa2-f82e91297625","status":"open"},{"name":"Fresh Mart","id":"717f52c3-a230-45fd-b6bf-3004bc7fcba7","status":"open"},{"name":"List Store","id":"41f81552-2072-4122-94f9-5220b60bb65a","status":"open"},{"name":"Profile Store","id":"eb2a1d72-e850-4583-b1e1-384371b30616","status":"open"},{"name":"Profile Store2","id":"4d109f79-09c7-4bbf-9da5-7b3ecd96ade4","status":"open"},{"name":"Sunrise Hotel","id":"2cc7fac1-fede-44b9-9fad-ba9aea64d748","status":"open"},{"name":"ame","id":"c5d55106-d129-4ddc-bc83-29686c4dc145","status":"open"},{"name":"nhif","id":"bae476bd-97d1-4521-b494-09d072e5bfe0","status":"open"}]
2025-11-15 23:30:11.202 [34mINFO [0;39m [cc35dd30-94eb-4da4-a807-1a1836ac7d1a] [http-nio-8081-exec-8] c.b.web.StoreDiscoveryController - Global categories requested: tenant=demo-store
2025-11-15 23:30:11.205 [34mINFO [0;39m [6a5cfaae-9654-47f8-9e14-80dedad7b922] [http-nio-8081-exec-9] c.b.web.seller.SellerStoreController - Seller list stores: search=null page=null limit=null pageSize=null
2025-11-15 23:30:11.214 [34mINFO [0;39m [6a5cfaae-9654-47f8-9e14-80dedad7b922] [http-nio-8081-exec-9] c.b.config.logging.HttpLoggingFilter - GET /api/seller/stores?ownerPhone=7355460178 -> 200 (12 ms)
2025-11-15 23:30:11.214 [34mINFO [0;39m [cc35dd30-94eb-4da4-a807-1a1836ac7d1a] [http-nio-8081-exec-8] c.b.config.logging.HttpLoggingFilter - GET /api/categories -> 200 (12 ms)
2025-11-15 23:30:11.214 [34mINFO [0;39m [6a5cfaae-9654-47f8-9e14-80dedad7b922] [http-nio-8081-exec-9] c.b.config.logging.HttpLoggingFilter - Headers: auth=present content-type=null accept=application/json, text/plain, */*
2025-11-15 23:30:11.215 [34mINFO [0;39m [cc35dd30-94eb-4da4-a807-1a1836ac7d1a] [http-nio-8081-exec-8] c.b.config.logging.HttpLoggingFilter - Headers: auth=present content-type=null accept=application/json, text/plain, */*
2025-11-15 23:30:11.215 [34mINFO [0;39m [6a5cfaae-9654-47f8-9e14-80dedad7b922] [http-nio-8081-exec-9] c.b.config.logging.HttpLoggingFilter - Response payload: [{"name":"City Pharmacy","id":"ee22d9ac-6725-4b27-aaa2-f82e91297625","status":"open"},{"name":"Fresh Mart","id":"717f52c3-a230-45fd-b6bf-3004bc7fcba7","status":"open"},{"name":"List Store","id":"41f81552-2072-4122-94f9-5220b60bb65a","status":"open"},{"name":"Profile Store","id":"eb2a1d72-e850-4583-b1e1-384371b30616","status":"open"},{"name":"Profile Store2","id":"4d109f79-09c7-4bbf-9da5-7b3ecd96ade4","status":"open"},{"name":"Sunrise Hotel","id":"2cc7fac1-fede-44b9-9fad-ba9aea64d748","status":"open"},{"name":"ame","id":"c5d55106-d129-4ddc-bc83-29686c4dc145","status":"open"},{"name":"nhif","id":"bae476bd-97d1-4521-b494-09d072e5bfe0","status":"open"}]
2025-11-15 23:30:11.215 [34mINFO [0;39m [cc35dd30-94eb-4da4-a807-1a1836ac7d1a] [http-nio-8081-exec-8] c.b.config.logging.HttpLoggingFilter - Response payload: ["dairy","fruits","medicine","room"]
2025-11-15 23:30:16.921 [34mINFO [0;39m [3461a9e1-76d5-4207-bdde-be9f4175c066] [http-nio-8081-exec-11] c.b.web.StoreDiscoveryController - Global categories requested: tenant=demo-store
2025-11-15 23:30:16.925 [34mINFO [0;39m [3461a9e1-76d5-4207-bdde-be9f4175c066] [http-nio-8081-exec-11] c.b.config.logging.HttpLoggingFilter - GET /api/categories -> 200 (6 ms)
2025-11-15 23:30:16.926 [34mINFO [0;39m [3461a9e1-76d5-4207-bdde-be9f4175c066] [http-nio-8081-exec-11] c.b.config.logging.HttpLoggingFilter - Headers: auth=present content-type=null accept=application/json, text/plain, */*
2025-11-15 23:30:16.926 [34mINFO [0;39m [3461a9e1-76d5-4207-bdde-be9f4175c066] [http-nio-8081-exec-11] c.b.config.logging.HttpLoggingFilter - Response payload: ["dairy","fruits","medicine","room"]
2025-11-15 23:30:16.934 [34mINFO [0;39m [eb99f7b9-2ae3-4ca2-9def-1fd64505c706] [http-nio-8081-exec-4] c.b.web.StoreDiscoveryController - Global categories requested: tenant=demo-store
2025-11-15 23:30:16.938 [34mINFO [0;39m [eb99f7b9-2ae3-4ca2-9def-1fd64505c706] [http-nio-8081-exec-4] c.b.config.logging.HttpLoggingFilter - GET /api/categories -> 200 (5 ms)
2025-11-15 23:30:16.938 [34mINFO [0;39m [eb99f7b9-2ae3-4ca2-9def-1fd64505c706] [http-nio-8081-exec-4] c.b.config.logging.HttpLoggingFilter - Headers: auth=present content-type=null accept=application/json, text/plain, */*
2025-11-15 23:30:16.938 [34mINFO [0;39m [eb99f7b9-2ae3-4ca2-9def-1fd64505c706] [http-nio-8081-exec-4] c.b.config.logging.HttpLoggingFilter - Response payload: ["dairy","fruits","medicine","room"]
2025-11-15 23:30:19.035 [34mINFO [0;39m [92749ea1-4050-4080-8024-6e56ad3b78e5] [http-nio-8081-exec-5] c.b.web.seller.SellerOrderController - Seller list orders: storeId=null status=null from=null to=null page=null limit=null tenant=demo-store
2025-11-15 23:30:19.036 [34mINFO [0;39m [6d82d368-3c11-4932-b87d-c93ae6edcc08] [http-nio-8081-exec-10] c.b.web.seller.SellerStoreController - Seller list stores: search=null page=null limit=null pageSize=null
2025-11-15 23:30:19.039 [34mINFO [0;39m [92749ea1-4050-4080-8024-6e56ad3b78e5] [http-nio-8081-exec-5] c.b.web.seller.SellerOrderController - Seller list orders success: count=0
2025-11-15 23:30:19.040 [34mINFO [0;39m [92749ea1-4050-4080-8024-6e56ad3b78e5] [http-nio-8081-exec-5] c.b.config.logging.HttpLoggingFilter - GET /api/seller/orders -> 200 (6 ms)
2025-11-15 23:30:19.042 [34mINFO [0;39m [92749ea1-4050-4080-8024-6e56ad3b78e5] [http-nio-8081-exec-5] c.b.config.logging.HttpLoggingFilter - Headers: auth=present content-type=null accept=application/json, text/plain, */*
2025-11-15 23:30:19.042 [34mINFO [0;39m [92749ea1-4050-4080-8024-6e56ad3b78e5] [http-nio-8081-exec-5] c.b.config.logging.HttpLoggingFilter - Response payload: []
2025-11-15 23:30:19.042 [34mINFO [0;39m [6d82d368-3c11-4932-b87d-c93ae6edcc08] [http-nio-8081-exec-10] c.b.config.logging.HttpLoggingFilter - GET /api/seller/stores -> 200 (7 ms)
2025-11-15 23:30:19.042 [34mINFO [0;39m [6d82d368-3c11-4932-b87d-c93ae6edcc08] [http-nio-8081-exec-10] c.b.config.logging.HttpLoggingFilter - Headers: auth=present content-type=null accept=application/json, text/plain, */*
2025-11-15 23:30:19.043 [34mINFO [0;39m [6d82d368-3c11-4932-b87d-c93ae6edcc08] [http-nio-8081-exec-10] c.b.config.logging.HttpLoggingFilter - Response payload: [{"name":"City Pharmacy","id":"ee22d9ac-6725-4b27-aaa2-f82e91297625","status":"open"},{"name":"Fresh Mart","id":"717f52c3-a230-45fd-b6bf-3004bc7fcba7","status":"open"},{"name":"List Store","id":"41f81552-2072-4122-94f9-5220b60bb65a","status":"open"},{"name":"Profile Store","id":"eb2a1d72-e850-4583-b1e1-384371b30616","status":"open"},{"name":"Profile Store2","id":"4d109f79-09c7-4bbf-9da5-7b3ecd96ade4","status":"open"},{"name":"Sunrise Hotel","id":"2cc7fac1-fede-44b9-9fad-ba9aea64d748","status":"open"},{"name":"ame","id":"c5d55106-d129-4ddc-bc83-29686c4dc145","status":"open"},{"name":"nhif","id":"bae476bd-97d1-4521-b494-09d072e5bfe0","status":"open"}]
2025-11-15 23:30:19.053 [34mINFO [0;39m [f129dab7-3bfc-4a01-863c-2c2cfcd89df0] [http-nio-8081-exec-2] c.b.web.seller.SellerStoreController - Seller list stores: search=null page=null limit=null pageSize=null
2025-11-15 23:30:19.054 [34mINFO [0;39m [fbebed81-81f7-4c4b-a38e-e15e18e73a2f] [http-nio-8081-exec-6] c.b.web.seller.SellerOrderController - Seller list orders: storeId=null status=null from=null to=null page=null limit=null tenant=demo-store
2025-11-15 23:30:19.058 [34mINFO [0;39m [fbebed81-81f7-4c4b-a38e-e15e18e73a2f] [http-nio-8081-exec-6] c.b.web.seller.SellerOrderController - Seller list orders success: count=0
2025-11-15 23:30:19.058 [34mINFO [0;39m [f129dab7-3bfc-4a01-863c-2c2cfcd89df0] [http-nio-8081-exec-2] c.b.config.logging.HttpLoggingFilter - GET /api/seller/stores -> 200 (6 ms)
2025-11-15 23:30:19.058 [34mINFO [0;39m [f129dab7-3bfc-4a01-863c-2c2cfcd89df0] [http-nio-8081-exec-2] c.b.config.logging.HttpLoggingFilter - Headers: auth=present content-type=null accept=application/json, text/plain, */*
2025-11-15 23:30:19.059 [34mINFO [0;39m [f129dab7-3bfc-4a01-863c-2c2cfcd89df0] [http-nio-8081-exec-2] c.b.config.logging.HttpLoggingFilter - Response payload: [{"name":"City Pharmacy","id":"ee22d9ac-6725-4b27-aaa2-f82e91297625","status":"open"},{"name":"Fresh Mart","id":"717f52c3-a230-45fd-b6bf-3004bc7fcba7","status":"open"},{"name":"List Store","id":"41f81552-2072-4122-94f9-5220b60bb65a","status":"open"},{"name":"Profile Store","id":"eb2a1d72-e850-4583-b1e1-384371b30616","status":"open"},{"name":"Profile Store2","id":"4d109f79-09c7-4bbf-9da5-7b3ecd96ade4","status":"open"},{"name":"Sunrise Hotel","id":"2cc7fac1-fede-44b9-9fad-ba9aea64d748","status":"open"},{"name":"ame","id":"c5d55106-d129-4ddc-bc83-29686c4dc145","status":"open"},{"name":"nhif","id":"bae476bd-97d1-4521-b494-09d072e5bfe0","status":"open"}]
2025-11-15 23:30:19.059 [34mINFO [0;39m [fbebed81-81f7-4c4b-a38e-e15e18e73a2f] [http-nio-8081-exec-6] c.b.config.logging.HttpLoggingFilter - GET /api/seller/orders -> 200 (7 ms)
2025-11-15 23:30:19.060 [34mINFO [0;39m [fbebed81-81f7-4c4b-a38e-e15e18e73a2f] [http-nio-8081-exec-6] c.b.config.logging.HttpLoggingFilter - Headers: auth=present content-type=null accept=application/json, text/plain, */*
2025-11-15 23:30:19.060 [34mINFO [0;39m [fbebed81-81f7-4c4b-a38e-e15e18e73a2f] [http-nio-8081-exec-6] c.b.config.logging.HttpLoggingFilter - Response payload: []
2025-11-15 23:30:21.170 [34mINFO [0;39m [b53a335a-6e9e-48af-91df-5b78e55bffcc] [http-nio-8081-exec-3] c.b.web.StoreDiscoveryController - Global categories requested: tenant=demo-store
2025-11-15 23:30:21.175 [34mINFO [0;39m [b53a335a-6e9e-48af-91df-5b78e55bffcc] [http-nio-8081-exec-3] c.b.config.logging.HttpLoggingFilter - GET /api/categories -> 200 (6 ms)
2025-11-15 23:30:21.175 [34mINFO [0;39m [b234fb22-fdd7-4ba4-9d97-777e34171a2a] [http-nio-8081-exec-7] c.b.web.seller.SellerStoreController - Seller list stores: search=null page=null limit=null pageSize=null
2025-11-15 23:30:21.176 [34mINFO [0;39m [b53a335a-6e9e-48af-91df-5b78e55bffcc] [http-nio-8081-exec-3] c.b.config.logging.HttpLoggingFilter - Headers: auth=present content-type=null accept=application/json, text/plain, */*
2025-11-15 23:30:21.176 [34mINFO [0;39m [b53a335a-6e9e-48af-91df-5b78e55bffcc] [http-nio-8081-exec-3] c.b.config.logging.HttpLoggingFilter - Response payload: ["dairy","fruits","medicine","room"]
2025-11-15 23:30:21.180 [34mINFO [0;39m [b234fb22-fdd7-4ba4-9d97-777e34171a2a] [http-nio-8081-exec-7] c.b.config.logging.HttpLoggingFilter - GET /api/seller/stores?ownerPhone=7355460178 -> 200 (6 ms)
2025-11-15 23:30:21.181 [34mINFO [0;39m [b234fb22-fdd7-4ba4-9d97-777e34171a2a] [http-nio-8081-exec-7] c.b.config.logging.HttpLoggingFilter - Headers: auth=present content-type=null accept=application/json, text/plain, */*
2025-11-15 23:30:21.181 [34mINFO [0;39m [b234fb22-fdd7-4ba4-9d97-777e34171a2a] [http-nio-8081-exec-7] c.b.config.logging.HttpLoggingFilter - Response payload: [{"name":"City Pharmacy","id":"ee22d9ac-6725-4b27-aaa2-f82e91297625","status":"open"},{"name":"Fresh Mart","id":"717f52c3-a230-45fd-b6bf-3004bc7fcba7","status":"open"},{"name":"List Store","id":"41f81552-2072-4122-94f9-5220b60bb65a","status":"open"},{"name":"Profile Store","id":"eb2a1d72-e850-4583-b1e1-384371b30616","status":"open"},{"name":"Profile Store2","id":"4d109f79-09c7-4bbf-9da5-7b3ecd96ade4","status":"open"},{"name":"Sunrise Hotel","id":"2cc7fac1-fede-44b9-9fad-ba9aea64d748","status":"open"},{"name":"ame","id":"c5d55106-d129-4ddc-bc83-29686c4dc145","status":"open"},{"name":"nhif","id":"bae476bd-97d1-4521-b494-09d072e5bfe0","status":"open"}]
2025-11-15 23:30:21.185 [34mINFO [0;39m [ffa0179f-a0a0-4f9c-b650-192b2510850a] [http-nio-8081-exec-8] c.b.web.StoreDiscoveryController - Global categories requested: tenant=demo-store
2025-11-15 23:30:21.191 [34mINFO [0;39m [ffa0179f-a0a0-4f9c-b650-192b2510850a] [http-nio-8081-exec-8] c.b.config.logging.HttpLoggingFilter - GET /api/categories -> 200 (7 ms)
2025-11-15 23:30:21.215 [34mINFO [0;39m [ffa0179f-a0a0-4f9c-b650-192b2510850a] [http-nio-8081-exec-8] c.b.config.logging.HttpLoggingFilter - Headers: auth=present content-type=null accept=application/json, text/plain, */*
2025-11-15 23:30:21.218 [34mINFO [0;39m [ffa0179f-a0a0-4f9c-b650-192b2510850a] [http-nio-8081-exec-8] c.b.config.logging.HttpLoggingFilter - Response payload: ["dairy","fruits","medicine","room"]
2025-11-15 23:30:21.218 [34mINFO [0;39m [33fe8e8a-8944-4941-9c47-198ee91fdf26] [http-nio-8081-exec-9] c.b.web.seller.SellerStoreController - Seller list stores: search=null page=null limit=null pageSize=null
2025-11-15 23:30:21.228 [34mINFO [0;39m [33fe8e8a-8944-4941-9c47-198ee91fdf26] [http-nio-8081-exec-9] c.b.config.logging.HttpLoggingFilter - GET /api/seller/stores?ownerPhone=7355460178 -> 200 (12 ms)
2025-11-15 23:30:21.231 [34mINFO [0;39m [33fe8e8a-8944-4941-9c47-198ee91fdf26] [http-nio-8081-exec-9] c.b.config.logging.HttpLoggingFilter - Headers: auth=present content-type=null accept=application/json, text/plain, */*
2025-11-15 23:30:21.231 [34mINFO [0;39m [33fe8e8a-8944-4941-9c47-198ee91fdf26] [http-nio-8081-exec-9] c.b.config.logging.HttpLoggingFilter - Response payload: [{"name":"City Pharmacy","id":"ee22d9ac-6725-4b27-aaa2-f82e91297625","status":"open"},{"name":"Fresh Mart","id":"717f52c3-a230-45fd-b6bf-3004bc7fcba7","status":"open"},{"name":"List Store","id":"41f81552-2072-4122-94f9-5220b60bb65a","status":"open"},{"name":"Profile Store","id":"eb2a1d72-e850-4583-b1e1-384371b30616","status":"open"},{"name":"Profile Store2","id":"4d109f79-09c7-4bbf-9da5-7b3ecd96ade4","status":"open"},{"name":"Sunrise Hotel","id":"2cc7fac1-fede-44b9-9fad-ba9aea64d748","status":"open"},{"name":"ame","id":"c5d55106-d129-4ddc-bc83-29686c4dc145","status":"open"},{"name":"nhif","id":"bae476bd-97d1-4521-b494-09d072e5bfe0","status":"open"}]
2025-11-15 23:33:26.260 [34mINFO [0;39m [] [main] c.bharatshop.BharatshopApplication - Starting BharatshopApplication using Java 17.0.12 with PID 84196 (C:\Users\Adarsh\Downloads\bharatshop-backend\target\bharatshop-backend-0.0.1-SNAPSHOT.jar started by Adarsh in C:\Users\Adarsh\Downloads\bharatshop-backend)
2025-11-15 23:33:26.264 [39mDEBUG[0;39m [] [main] c.bharatshop.BharatshopApplication - Running with Spring Boot v3.3.4, Spring v6.1.13
2025-11-15 23:33:26.265 [34mINFO [0;39m [] [main] c.bharatshop.BharatshopApplication - No active profile set, falling back to 1 default profile: "default"
2025-11-15 23:33:28.275 [34mINFO [0;39m [] [main] o.s.d.r.c.RepositoryConfigurationDelegate - Bootstrapping Spring Data JPA repositories in DEFAULT mode.
2025-11-15 23:33:28.386 [34mINFO [0;39m [] [main] o.s.d.r.c.RepositoryConfigurationDelegate - Finished Spring Data repository scanning in 95 ms. Found 6 JPA repository interfaces.
2025-11-15 23:33:29.955 [34mINFO [0;39m [] [main] o.s.b.w.e.tomcat.TomcatWebServer - Tomcat initialized with port 8081 (http)
2025-11-15 23:33:29.972 [34mINFO [0;39m [] [main] o.a.coyote.http11.Http11NioProtocol - Initializing ProtocolHandler ["http-nio-8081"]
2025-11-15 23:33:29.981 [34mINFO [0;39m [] [main] o.a.catalina.core.StandardService - Starting service [Tomcat]
2025-11-15 23:33:29.981 [34mINFO [0;39m [] [main] o.a.catalina.core.StandardEngine - Starting Servlet engine: [Apache Tomcat/10.1.30]
2025-11-15 23:33:30.117 [34mINFO [0;39m [] [main] o.a.c.c.C.[Tomcat].[localhost].[/] - Initializing Spring embedded WebApplicationContext
2025-11-15 23:33:30.119 [34mINFO [0;39m [] [main] o.s.b.w.s.c.ServletWebServerApplicationContext - Root WebApplicationContext: initialization completed in 3767 ms
2025-11-15 23:33:30.531 [34mINFO [0;39m [] [main] com.zaxxer.hikari.HikariDataSource - HikariPool-1 - Starting...
2025-11-15 23:33:30.925 [34mINFO [0;39m [] [main] com.zaxxer.hikari.pool.HikariPool - HikariPool-1 - Added connection conn0: url=jdbc:h2:mem:bharatshop user=SA
2025-11-15 23:33:30.927 [34mINFO [0;39m [] [main] com.zaxxer.hikari.HikariDataSource - HikariPool-1 - Start completed.
2025-11-15 23:33:30.941 [34mINFO [0;39m [] [main] o.s.b.a.h.H2ConsoleAutoConfiguration - H2 console available at '/h2-console'. Database available at 'jdbc:h2:mem:bharatshop'
2025-11-15 23:33:31.844 [34mINFO [0;39m [] [main] o.s.o.j.p.SpringPersistenceUnitInfo - No LoadTimeWeaver setup: ignoring JPA class transformer
2025-11-15 23:33:33.450 [34mINFO [0;39m [] [main] o.s.o.j.LocalContainerEntityManagerFactoryBean - Initialized JPA EntityManagerFactory for persistence unit 'default'
2025-11-15 23:33:33.975 [34mINFO [0;39m [] [main] c.b.config.NotificationConfig - SMS provider: Twilio
2025-11-15 23:33:34.311 [34mINFO [0;39m [] [main] c.b.config.NotificationConfig - Email provider: SMTP
2025-11-15 23:33:34.441 [39mDEBUG[0;39m [] [main] c.b.c.logging.CorrelationIdFilter - Filter 'correlationIdFilter' configured for use
2025-11-15 23:33:34.442 [39mDEBUG[0;39m [] [main] c.b.config.logging.HttpLoggingFilter - Filter 'httpLoggingFilter' configured for use
2025-11-15 23:33:34.444 [39mDEBUG[0;39m [] [main] com.bharatshop.config.TenantFilter - Filter 'tenantFilter' configured for use
2025-11-15 23:33:34.445 [39mDEBUG[0;39m [] [main] c.b.security.TokenAuthFilter - Filter 'tokenAuthFilter' configured for use
2025-11-15 23:33:34.449 [39mDEBUG[0;39m [] [main] c.b.config.IdempotencyFilter - Filter 'idempotencyFilter' configured for use
2025-11-15 23:33:35.254 [31mWARN [0;39m [] [main] o.s.b.a.o.j.JpaBaseConfiguration$JpaWebConfiguration - spring.jpa.open-in-view is enabled by default. Therefore, database queries may be performed during view rendering. Explicitly configure spring.jpa.open-in-view to disable this warning
2025-11-15 23:33:35.320 [31mWARN [0;39m [] [main] o.s.b.a.s.s.UserDetailsServiceAutoConfiguration - 

Using generated security password: c96fb0df-e8cb-4db9-85ba-17cfe549fee9

This generated password is for development use only. Your security configuration must be updated before running your application in production.

2025-11-15 23:33:35.335 [34mINFO [0;39m [] [main] o.s.s.c.a.a.c.InitializeUserDetailsBeanManagerConfigurer$InitializeUserDetailsManagerConfigurer - Global AuthenticationManager configured with UserDetailsService bean with name inMemoryUserDetailsManager
2025-11-15 23:33:36.204 [34mINFO [0;39m [] [main] o.s.b.a.e.web.EndpointLinksResolver - Exposing 4 endpoints beneath base path '/actuator'
2025-11-15 23:33:37.267 [34mINFO [0;39m [] [main] o.a.coyote.http11.Http11NioProtocol - Starting ProtocolHandler ["http-nio-8081"]
2025-11-15 23:33:37.289 [34mINFO [0;39m [] [main] o.s.b.w.e.tomcat.TomcatWebServer - Tomcat started on port 8081 (http) with context path '/'
2025-11-15 23:33:37.320 [34mINFO [0;39m [] [main] c.bharatshop.BharatshopApplication - Started BharatshopApplication in 11.922 seconds (process running for 12.595)
2025-11-15 23:33:37.402 [39mDEBUG[0;39m [] [main] c.b.c.logging.MethodLoggingAspect - Service enter: StoreService.add(..) args=[Store(com.bharatshop.domain.Store@3095a6e0)]
2025-11-15 23:33:37.571 [34mINFO [0;39m [] [main] c.b.c.logging.MethodLoggingAspect - Service exit: StoreService.add(..) (170 ms)
2025-11-15 23:33:37.571 [39mDEBUG[0;39m [] [main] c.b.c.logging.MethodLoggingAspect - Service result: StoreService.add(..) => Store(com.bharatshop.domain.Store@4968deb9)
2025-11-15 23:33:37.572 [39mDEBUG[0;39m [] [main] c.b.c.logging.MethodLoggingAspect - Service enter: StoreService.add(..) args=[Store(com.bharatshop.domain.Store@32828624)]
2025-11-15 23:33:37.576 [34mINFO [0;39m [] [main] c.b.c.logging.MethodLoggingAspect - Service exit: StoreService.add(..) (4 ms)
2025-11-15 23:33:37.577 [39mDEBUG[0;39m [] [main] c.b.c.logging.MethodLoggingAspect - Service result: StoreService.add(..) => Store(com.bharatshop.domain.Store@775429c8)
2025-11-15 23:33:37.577 [39mDEBUG[0;39m [] [main] c.b.c.logging.MethodLoggingAspect - Service enter: StoreService.add(..) args=[Store(com.bharatshop.domain.Store@7923cb8d)]
2025-11-15 23:33:37.581 [34mINFO [0;39m [] [main] c.b.c.logging.MethodLoggingAspect - Service exit: StoreService.add(..) (4 ms)
2025-11-15 23:33:37.581 [39mDEBUG[0;39m [] [main] c.b.c.logging.MethodLoggingAspect - Service result: StoreService.add(..) => Store(com.bharatshop.domain.Store@3db8bbbe)
2025-11-15 23:33:37.582 [39mDEBUG[0;39m [] [main] c.b.c.logging.MethodLoggingAspect - Service enter: ProductService.add(..) args=[Product(com.bharatshop.domain.Product@22796ead)]
2025-11-15 23:33:37.590 [34mINFO [0;39m [] [main] c.b.c.logging.MethodLoggingAspect - Service exit: ProductService.add(..) (8 ms)
2025-11-15 23:33:37.592 [39mDEBUG[0;39m [] [main] c.b.c.logging.MethodLoggingAspect - Service result: ProductService.add(..) => null
2025-11-15 23:33:37.592 [39mDEBUG[0;39m [] [main] c.b.c.logging.MethodLoggingAspect - Service enter: ProductService.add(..) args=[Product(com.bharatshop.domain.Product@5e0e97b6)]
2025-11-15 23:33:37.596 [34mINFO [0;39m [] [main] c.b.c.logging.MethodLoggingAspect - Service exit: ProductService.add(..) (4 ms)
2025-11-15 23:33:37.596 [39mDEBUG[0;39m [] [main] c.b.c.logging.MethodLoggingAspect - Service result: ProductService.add(..) => null
2025-11-15 23:33:37.597 [39mDEBUG[0;39m [] [main] c.b.c.logging.MethodLoggingAspect - Service enter: ProductService.add(..) args=[Product(com.bharatshop.domain.Product@63c57bde)]
2025-11-15 23:33:37.602 [34mINFO [0;39m [] [main] c.b.c.logging.MethodLoggingAspect - Service exit: ProductService.add(..) (5 ms)
2025-11-15 23:33:37.602 [39mDEBUG[0;39m [] [main] c.b.c.logging.MethodLoggingAspect - Service result: ProductService.add(..) => null
2025-11-15 23:33:37.603 [39mDEBUG[0;39m [] [main] c.b.c.logging.MethodLoggingAspect - Service enter: ProductService.add(..) args=[Product(com.bharatshop.domain.Product@3fe8c952)]
2025-11-15 23:33:37.607 [34mINFO [0;39m [] [main] c.b.c.logging.MethodLoggingAspect - Service exit: ProductService.add(..) (4 ms)
2025-11-15 23:33:37.607 [39mDEBUG[0;39m [] [main] c.b.c.logging.MethodLoggingAspect - Service result: ProductService.add(..) => null
2025-11-15 23:33:37.695 [34mINFO [0;39m [] [http-nio-8081-exec-1] o.a.c.c.C.[Tomcat].[localhost].[/] - Initializing Spring DispatcherServlet 'dispatcherServlet'
2025-11-15 23:33:37.696 [34mINFO [0;39m [] [http-nio-8081-exec-1] o.s.web.servlet.DispatcherServlet - Initializing Servlet 'dispatcherServlet'
2025-11-15 23:33:37.698 [34mINFO [0;39m [] [http-nio-8081-exec-1] o.s.web.servlet.DispatcherServlet - Completed initialization in 2 ms
2025-11-15 23:33:37.979 [39mDEBUG[0;39m [e2499e92-a039-4cda-be16-3365a829ff1d] [http-nio-8081-exec-1] c.b.c.logging.MethodLoggingAspect - Controller enter: SellerAuthController.login(..) args=[LoginRequest(com.bharatshop.dto.LoginRequest@34934417)]
2025-11-15 23:33:37.979 [34mINFO [0;39m [e2499e92-a039-4cda-be16-3365a829ff1d] [http-nio-8081-exec-1] c.b.web.SellerAuthController - Login seller: email=seller.demo@example.com
2025-11-15 23:33:37.979 [39mDEBUG[0;39m [e2499e92-a039-4cda-be16-3365a829ff1d] [http-nio-8081-exec-1] c.b.c.logging.MethodLoggingAspect - Service enter: AuthService.loginSellerEmail(..) args=[seller.demo@example.com, demo123]
2025-11-15 23:33:37.981 [34mINFO [0;39m [e2499e92-a039-4cda-be16-3365a829ff1d] [http-nio-8081-exec-1] com.bharatshop.service.AuthService - Login (seller) attempt: email=seller.demo@example.com
2025-11-15 23:33:38.407 [34mINFO [0;39m [e2499e92-a039-4cda-be16-3365a829ff1d] [http-nio-8081-exec-1] com.bharatshop.service.AuthService - Session created: userId=0c06147b-f46b-4312-85e1-0850776bd443 role=seller
2025-11-15 23:33:38.408 [34mINFO [0;39m [e2499e92-a039-4cda-be16-3365a829ff1d] [http-nio-8081-exec-1] com.bharatshop.service.AuthService - Login (seller) success: userId=0c06147b-f46b-4312-85e1-0850776bd443 token=eyJhbGciOiJIUzI1NiIsInR5cCI6IkpXVCJ9.eyJzdWIiOiIwYzA2MTQ3Yi1mNDZiLTQzMTItODVlMS0wODUwNzc2YmQ0NDMiLCJuYW1lIjoic2VsbGVyLmRlbW8iLCJyb2xlIjoic2VsbGVyIiwiaWF0IjoxNzYzMjI5ODE4LCJleHAiOjE3NjMyMzM0MTh9.4YtXDsbBSlbLxfAZw5nMZ4filVpoV7SZE8W6cHXXIKA role=SELLER 
2025-11-15 23:33:38.408 [34mINFO [0;39m [e2499e92-a039-4cda-be16-3365a829ff1d] [http-nio-8081-exec-1] c.b.c.logging.MethodLoggingAspect - Service exit: AuthService.loginSellerEmail(..) (429 ms)
2025-11-15 23:33:38.413 [39mDEBUG[0;39m [e2499e92-a039-4cda-be16-3365a829ff1d] [http-nio-8081-exec-1] c.b.c.logging.MethodLoggingAspect - Service result: AuthService.loginSellerEmail(..) => Session(Session[token=eyJhbGciOiJIUzI1NiIsInR5cCI6IkpXVCJ9.eyJzdWIiOiIwYzA2MTQ3Yi1mNDZiLTQzMTItODVlMS0wODUwNzc2YmQ0NDMiLCJuYW1lIjoic2VsbGVyLmRlbW8iLCJyb2xlIjoic2VsbGVyIiwiaWF0IjoxNzYzMjI5ODE4LCJleHAiOjE3NjMyMzM0MTh9.4YtXDsbBSlbLxfAZw5nMZ4filVpoV7SZE8W6cHXXIKA, userId=0c06147b-f46b-4312-85e1-0850776bd443, name=seller.demo, role=seller])
2025-11-15 23:33:38.413 [39mDEBUG[0;39m [e2499e92-a039-4cda-be16-3365a829ff1d] [http-nio-8081-exec-1] c.b.c.logging.MethodLoggingAspect - Service enter: AuthService.getProfile(..) args=[eyJhbGciOiJIUzI1NiIsInR5cCI6IkpXVCJ9.eyJzdWIiOiIwYzA2MTQ3Yi1mNDZiLTQzMTItODVlMS0wODUwNzc2YmQ0NDMiLCJuYW1lIjoic2VsbGVyLmRlbW8iLCJyb2xlIjoic2VsbGVyIiwiaWF0IjoxNzYzMjI5ODE4LCJleHAiOjE3NjMyMzM0MTh9.4YtXDsbBSlbLxfAZw5nMZ4filVpoV7SZE8W6cHXXIKA]
2025-11-15 23:33:38.465 [34mINFO [0;39m [e2499e92-a039-4cda-be16-3365a829ff1d] [http-nio-8081-exec-1] c.b.c.logging.MethodLoggingAspect - Service exit: AuthService.getProfile(..) (52 ms)
2025-11-15 23:33:38.466 [39mDEBUG[0;39m [e2499e92-a039-4cda-be16-3365a829ff1d] [http-nio-8081-exec-1] c.b.c.logging.MethodLoggingAspect - Service result: AuthService.getProfile(..) => User(com.bharatshop.domain.User@108c11f5)
2025-11-15 23:33:38.466 [34mINFO [0;39m [e2499e92-a039-4cda-be16-3365a829ff1d] [http-nio-8081-exec-1] c.b.web.SellerAuthController - Seller login success: userId=0c06147b-f46b-4312-85e1-0850776bd443
2025-11-15 23:33:38.470 [34mINFO [0;39m [e2499e92-a039-4cda-be16-3365a829ff1d] [http-nio-8081-exec-1] c.b.c.logging.MethodLoggingAspect - Controller exit: SellerAuthController.login(..) -> status=200 (491 ms)
2025-11-15 23:33:38.470 [39mDEBUG[0;39m [e2499e92-a039-4cda-be16-3365a829ff1d] [http-nio-8081-exec-1] c.b.c.logging.MethodLoggingAspect - Controller result: SellerAuthController.login(..) => ResponseEntity(status=200)
2025-11-15 23:33:38.513 [34mINFO [0;39m [e2499e92-a039-4cda-be16-3365a829ff1d] [http-nio-8081-exec-1] c.b.config.logging.HttpLoggingFilter - POST /api/auth/seller/login -> 200 (736 ms)
2025-11-15 23:33:38.515 [34mINFO [0;39m [e2499e92-a039-4cda-be16-3365a829ff1d] [http-nio-8081-exec-1] c.b.config.logging.HttpLoggingFilter - Headers: auth=absent content-type=application/json accept=null
2025-11-15 23:33:38.515 [34mINFO [0;39m [e2499e92-a039-4cda-be16-3365a829ff1d] [http-nio-8081-exec-1] c.b.config.logging.HttpLoggingFilter - Request payload: {"email":"seller.demo@example.com","password":"demo123"}
2025-11-15 23:33:38.516 [34mINFO [0;39m [e2499e92-a039-4cda-be16-3365a829ff1d] [http-nio-8081-exec-1] c.b.config.logging.HttpLoggingFilter - Response payload: {"token":"eyJhbGciOiJIUzI1NiIsInR5cCI6IkpXVCJ9.eyJzdWIiOiIwYzA2MTQ3Yi1mNDZiLTQzMTItODVlMS0wODUwNzc2YmQ0NDMiLCJuYW1lIjoic2VsbGVyLmRlbW8iLCJyb2xlIjoic2VsbGVyIiwiaWF0IjoxNzYzMjI5ODE4LCJleHAiOjE3NjMyMzM0MTh9.4YtXDsbBSlbLxfAZw5nMZ4filVpoV7SZE8W6cHXXIKA","user":{"id":"0c06147b-f46b-4312-85e1-0850776bd443","name":"seller.demo","email":"seller.demo@example.com","role":"seller"}}
2025-11-15 23:33:38.562 [39mDEBUG[0;39m [a979c4d3-5444-4350-baff-4c827cfb723a] [http-nio-8081-exec-1] c.b.c.logging.MethodLoggingAspect - Controller enter: SellerStoreController.listStores(..) args=[null, null, null, null, null, open, null]
2025-11-15 23:33:38.562 [34mINFO [0;39m [a979c4d3-5444-4350-baff-4c827cfb723a] [http-nio-8081-exec-1] c.b.web.seller.SellerStoreController - Seller list stores: search=null page=null limit=null pageSize=null ownerPhone=null status=open tenant=null userId=0c06147b-f46b-4312-85e1-0850776bd443
2025-11-15 23:33:38.563 [39mDEBUG[0;39m [a979c4d3-5444-4350-baff-4c827cfb723a] [http-nio-8081-exec-1] c.b.c.logging.MethodLoggingAspect - Factory enter: FactoryProvider.getSellerFactory(..) args=[null]
2025-11-15 23:33:38.563 [34mINFO [0;39m [a979c4d3-5444-4350-baff-4c827cfb723a] [http-nio-8081-exec-1] c.b.c.logging.MethodLoggingAspect - Factory exit: FactoryProvider.getSellerFactory(..) (0 ms)
2025-11-15 23:33:38.564 [39mDEBUG[0;39m [a979c4d3-5444-4350-baff-4c827cfb723a] [http-nio-8081-exec-1] c.b.c.logging.MethodLoggingAspect - Factory result: FactoryProvider.getSellerFactory(..) => DefaultSellerFactory$$SpringCGLIB$$0(com.bharatshop.factory.impl.DefaultSellerFactory@27a57c66)
2025-11-15 23:33:38.564 [39mDEBUG[0;39m [a979c4d3-5444-4350-baff-4c827cfb723a] [http-nio-8081-exec-1] c.b.c.logging.MethodLoggingAspect - Factory enter: DefaultSellerFactory.stores() args=[]
2025-11-15 23:33:38.565 [34mINFO [0;39m [a979c4d3-5444-4350-baff-4c827cfb723a] [http-nio-8081-exec-1] c.b.c.logging.MethodLoggingAspect - Factory exit: DefaultSellerFactory.stores() (1 ms)
2025-11-15 23:33:38.566 [39mDEBUG[0;39m [a979c4d3-5444-4350-baff-4c827cfb723a] [http-nio-8081-exec-1] c.b.c.logging.MethodLoggingAspect - Factory result: DefaultSellerFactory.stores() => (com.bharatshop.factory.impl.DefaultSellerFactory$5@6015384f)
2025-11-15 23:33:38.573 [34mINFO [0;39m [a979c4d3-5444-4350-baff-4c827cfb723a] [http-nio-8081-exec-1] c.b.c.logging.MethodLoggingAspect - Controller exit: SellerStoreController.listStores(..) -> status=200 (12 ms)
2025-11-15 23:33:38.573 [39mDEBUG[0;39m [a979c4d3-5444-4350-baff-4c827cfb723a] [http-nio-8081-exec-1] c.b.c.logging.MethodLoggingAspect - Controller result: SellerStoreController.listStores(..) => ResponseEntity(status=200)
2025-11-15 23:33:38.582 [34mINFO [0;39m [a979c4d3-5444-4350-baff-4c827cfb723a] [http-nio-8081-exec-1] c.b.config.logging.HttpLoggingFilter - GET /api/seller/stores?status=open -> 200 (38 ms)
2025-11-15 23:33:38.583 [34mINFO [0;39m [a979c4d3-5444-4350-baff-4c827cfb723a] [http-nio-8081-exec-1] c.b.config.logging.HttpLoggingFilter - Headers: auth=present content-type=null accept=null
2025-11-15 23:33:38.583 [34mINFO [0;39m [a979c4d3-5444-4350-baff-4c827cfb723a] [http-nio-8081-exec-1] c.b.config.logging.HttpLoggingFilter - Response payload: {"stores":[]}
2025-11-15 23:33:46.665 [39mDEBUG[0;39m [db122494-64c8-4b72-b700-85d14cc51805] [http-nio-8081-exec-2] c.b.c.logging.MethodLoggingAspect - Controller enter: SellerAuthController.login(..) args=[LoginRequest(com.bharatshop.dto.LoginRequest@5bba203c)]
2025-11-15 23:33:46.665 [34mINFO [0;39m [db122494-64c8-4b72-b700-85d14cc51805] [http-nio-8081-exec-2] c.b.web.SellerAuthController - Login seller: email=seller.demo@example.com
2025-11-15 23:33:46.666 [39mDEBUG[0;39m [db122494-64c8-4b72-b700-85d14cc51805] [http-nio-8081-exec-2] c.b.c.logging.MethodLoggingAspect - Service enter: AuthService.loginSellerEmail(..) args=[seller.demo@example.com, demo123]
2025-11-15 23:33:46.666 [34mINFO [0;39m [db122494-64c8-4b72-b700-85d14cc51805] [http-nio-8081-exec-2] com.bharatshop.service.AuthService - Login (seller) attempt: email=seller.demo@example.com
2025-11-15 23:33:46.758 [34mINFO [0;39m [db122494-64c8-4b72-b700-85d14cc51805] [http-nio-8081-exec-2] com.bharatshop.service.AuthService - Session created: userId=0c06147b-f46b-4312-85e1-0850776bd443 role=seller
2025-11-15 23:33:46.759 [34mINFO [0;39m [db122494-64c8-4b72-b700-85d14cc51805] [http-nio-8081-exec-2] com.bharatshop.service.AuthService - Login (seller) success: userId=0c06147b-f46b-4312-85e1-0850776bd443 token=eyJhbGciOiJIUzI1NiIsInR5cCI6IkpXVCJ9.eyJzdWIiOiIwYzA2MTQ3Yi1mNDZiLTQzMTItODVlMS0wODUwNzc2YmQ0NDMiLCJuYW1lIjoic2VsbGVyLmRlbW8iLCJyb2xlIjoic2VsbGVyIiwiaWF0IjoxNzYzMjI5ODI2LCJleHAiOjE3NjMyMzM0MjZ9.WpAUffYsfqctGrMsDbuQv6IMmu3wtQVa38c6IHmeCc4 role=SELLER 
2025-11-15 23:33:46.759 [34mINFO [0;39m [db122494-64c8-4b72-b700-85d14cc51805] [http-nio-8081-exec-2] c.b.c.logging.MethodLoggingAspect - Service exit: AuthService.loginSellerEmail(..) (94 ms)
2025-11-15 23:33:46.759 [39mDEBUG[0;39m [db122494-64c8-4b72-b700-85d14cc51805] [http-nio-8081-exec-2] c.b.c.logging.MethodLoggingAspect - Service result: AuthService.loginSellerEmail(..) => Session(Session[token=eyJhbGciOiJIUzI1NiIsInR5cCI6IkpXVCJ9.eyJzdWIiOiIwYzA2MTQ3Yi1mNDZiLTQzMTItODVlMS0wODUwNzc2YmQ0NDMiLCJuYW1lIjoic2VsbGVyLmRlbW8iLCJyb2xlIjoic2VsbGVyIiwiaWF0IjoxNzYzMjI5ODI2LCJleHAiOjE3NjMyMzM0MjZ9.WpAUffYsfqctGrMsDbuQv6IMmu3wtQVa38c6IHmeCc4, userId=0c06147b-f46b-4312-85e1-0850776bd443, name=seller.demo, role=seller])
2025-11-15 23:33:46.759 [39mDEBUG[0;39m [db122494-64c8-4b72-b700-85d14cc51805] [http-nio-8081-exec-2] c.b.c.logging.MethodLoggingAspect - Service enter: AuthService.getProfile(..) args=[eyJhbGciOiJIUzI1NiIsInR5cCI6IkpXVCJ9.eyJzdWIiOiIwYzA2MTQ3Yi1mNDZiLTQzMTItODVlMS0wODUwNzc2YmQ0NDMiLCJuYW1lIjoic2VsbGVyLmRlbW8iLCJyb2xlIjoic2VsbGVyIiwiaWF0IjoxNzYzMjI5ODI2LCJleHAiOjE3NjMyMzM0MjZ9.WpAUffYsfqctGrMsDbuQv6IMmu3wtQVa38c6IHmeCc4]
2025-11-15 23:33:46.760 [34mINFO [0;39m [db122494-64c8-4b72-b700-85d14cc51805] [http-nio-8081-exec-2] c.b.c.logging.MethodLoggingAspect - Service exit: AuthService.getProfile(..) (1 ms)
2025-11-15 23:33:46.762 [39mDEBUG[0;39m [db122494-64c8-4b72-b700-85d14cc51805] [http-nio-8081-exec-2] c.b.c.logging.MethodLoggingAspect - Service result: AuthService.getProfile(..) => User(com.bharatshop.domain.User@48756896)
2025-11-15 23:33:46.762 [34mINFO [0;39m [db122494-64c8-4b72-b700-85d14cc51805] [http-nio-8081-exec-2] c.b.web.SellerAuthController - Seller login success: userId=0c06147b-f46b-4312-85e1-0850776bd443
2025-11-15 23:33:46.762 [34mINFO [0;39m [db122494-64c8-4b72-b700-85d14cc51805] [http-nio-8081-exec-2] c.b.c.logging.MethodLoggingAspect - Controller exit: SellerAuthController.login(..) -> status=200 (97 ms)
2025-11-15 23:33:46.763 [39mDEBUG[0;39m [db122494-64c8-4b72-b700-85d14cc51805] [http-nio-8081-exec-2] c.b.c.logging.MethodLoggingAspect - Controller result: SellerAuthController.login(..) => ResponseEntity(status=200)
2025-11-15 23:33:46.763 [34mINFO [0;39m [db122494-64c8-4b72-b700-85d14cc51805] [http-nio-8081-exec-2] c.b.config.logging.HttpLoggingFilter - POST /api/auth/seller/login -> 200 (100 ms)
2025-11-15 23:33:46.764 [34mINFO [0;39m [db122494-64c8-4b72-b700-85d14cc51805] [http-nio-8081-exec-2] c.b.config.logging.HttpLoggingFilter - Headers: auth=absent content-type=application/json accept=null
2025-11-15 23:33:46.764 [34mINFO [0;39m [db122494-64c8-4b72-b700-85d14cc51805] [http-nio-8081-exec-2] c.b.config.logging.HttpLoggingFilter - Request payload: {"email":"seller.demo@example.com","password":"demo123"}
2025-11-15 23:33:46.764 [34mINFO [0;39m [db122494-64c8-4b72-b700-85d14cc51805] [http-nio-8081-exec-2] c.b.config.logging.HttpLoggingFilter - Response payload: {"token":"eyJhbGciOiJIUzI1NiIsInR5cCI6IkpXVCJ9.eyJzdWIiOiIwYzA2MTQ3Yi1mNDZiLTQzMTItODVlMS0wODUwNzc2YmQ0NDMiLCJuYW1lIjoic2VsbGVyLmRlbW8iLCJyb2xlIjoic2VsbGVyIiwiaWF0IjoxNzYzMjI5ODI2LCJleHAiOjE3NjMyMzM0MjZ9.WpAUffYsfqctGrMsDbuQv6IMmu3wtQVa38c6IHmeCc4","user":{"id":"0c06147b-f46b-4312-85e1-0850776bd443","name":"seller.demo","email":"seller.demo@example.com","role":"seller"}}
2025-11-15 23:33:46.788 [39mDEBUG[0;39m [5dea7338-6a8a-4eb9-9c88-e1c5592c4299] [http-nio-8081-exec-3] c.b.c.logging.MethodLoggingAspect - Controller enter: SellerStoreController.createStore(..) args=[null, null, null, null, null, LinkedHashMap({name=FE Spec Store, city=City, area=Area, category=hospitality})]
2025-11-15 23:33:46.788 [34mINFO [0;39m [5dea7338-6a8a-4eb9-9c88-e1c5592c4299] [http-nio-8081-exec-3] c.b.web.seller.SellerStoreController - Seller create store requested: name=null city=null area=null category=null imagePresent=false
2025-11-15 23:33:46.790 [39mDEBUG[0;39m [5dea7338-6a8a-4eb9-9c88-e1c5592c4299] [http-nio-8081-exec-3] c.b.c.logging.MethodLoggingAspect - Factory enter: FactoryProvider.getSellerFactory(..) args=[null]
2025-11-15 23:33:46.791 [34mINFO [0;39m [5dea7338-6a8a-4eb9-9c88-e1c5592c4299] [http-nio-8081-exec-3] c.b.c.logging.MethodLoggingAspect - Factory exit: FactoryProvider.getSellerFactory(..) (1 ms)
2025-11-15 23:33:46.791 [39mDEBUG[0;39m [5dea7338-6a8a-4eb9-9c88-e1c5592c4299] [http-nio-8081-exec-3] c.b.c.logging.MethodLoggingAspect - Factory result: FactoryProvider.getSellerFactory(..) => DefaultSellerFactory$$SpringCGLIB$$0(com.bharatshop.factory.impl.DefaultSellerFactory@27a57c66)
2025-11-15 23:33:46.791 [39mDEBUG[0;39m [5dea7338-6a8a-4eb9-9c88-e1c5592c4299] [http-nio-8081-exec-3] c.b.c.logging.MethodLoggingAspect - Factory enter: DefaultSellerFactory.stores() args=[]
2025-11-15 23:33:46.791 [34mINFO [0;39m [5dea7338-6a8a-4eb9-9c88-e1c5592c4299] [http-nio-8081-exec-3] c.b.c.logging.MethodLoggingAspect - Factory exit: DefaultSellerFactory.stores() (0 ms)
2025-11-15 23:33:46.791 [39mDEBUG[0;39m [5dea7338-6a8a-4eb9-9c88-e1c5592c4299] [http-nio-8081-exec-3] c.b.c.logging.MethodLoggingAspect - Factory result: DefaultSellerFactory.stores() => (com.bharatshop.factory.impl.DefaultSellerFactory$5@54f62256)
2025-11-15 23:33:46.792 [39mDEBUG[0;39m [5dea7338-6a8a-4eb9-9c88-e1c5592c4299] [http-nio-8081-exec-3] c.b.c.logging.MethodLoggingAspect - Service enter: StoreService.add(..) args=[Store(com.bharatshop.domain.Store@6d77a266)]
2025-11-15 23:33:46.795 [34mINFO [0;39m [5dea7338-6a8a-4eb9-9c88-e1c5592c4299] [http-nio-8081-exec-3] c.b.c.logging.MethodLoggingAspect - Service exit: StoreService.add(..) (3 ms)
2025-11-15 23:33:46.796 [39mDEBUG[0;39m [5dea7338-6a8a-4eb9-9c88-e1c5592c4299] [http-nio-8081-exec-3] c.b.c.logging.MethodLoggingAspect - Service result: StoreService.add(..) => Store(com.bharatshop.domain.Store@2c02649e)
2025-11-15 23:33:46.796 [34mINFO [0;39m [5dea7338-6a8a-4eb9-9c88-e1c5592c4299] [http-nio-8081-exec-3] c.b.web.seller.SellerStoreController - Seller create store success: id=6665b217-a18b-45ee-88d8-aa3f637b592c name=FE Spec Store 
2025-11-15 23:33:46.797 [39mDEBUG[0;39m [5dea7338-6a8a-4eb9-9c88-e1c5592c4299] [http-nio-8081-exec-3] c.b.c.logging.MethodLoggingAspect - Service enter: AuthService.upgradeRoleForUser(..) args=[0c06147b-f46b-4312-85e1-0850776bd443, SELLER]
2025-11-15 23:33:46.799 [34mINFO [0;39m [5dea7338-6a8a-4eb9-9c88-e1c5592c4299] [http-nio-8081-exec-3] c.b.c.logging.MethodLoggingAspect - Service exit: AuthService.upgradeRoleForUser(..) (2 ms)
2025-11-15 23:33:46.799 [39mDEBUG[0;39m [5dea7338-6a8a-4eb9-9c88-e1c5592c4299] [http-nio-8081-exec-3] c.b.c.logging.MethodLoggingAspect - Service result: AuthService.upgradeRoleForUser(..) => User(com.bharatshop.domain.User@4f0a46)
2025-11-15 23:33:46.800 [34mINFO [0;39m [5dea7338-6a8a-4eb9-9c88-e1c5592c4299] [http-nio-8081-exec-3] c.b.c.logging.MethodLoggingAspect - Controller exit: SellerStoreController.createStore(..) -> status=200 (13 ms)
2025-11-15 23:33:46.800 [39mDEBUG[0;39m [5dea7338-6a8a-4eb9-9c88-e1c5592c4299] [http-nio-8081-exec-3] c.b.c.logging.MethodLoggingAspect - Controller result: SellerStoreController.createStore(..) => ResponseEntity(status=200)
2025-11-15 23:33:46.801 [34mINFO [0;39m [5dea7338-6a8a-4eb9-9c88-e1c5592c4299] [http-nio-8081-exec-3] c.b.config.logging.HttpLoggingFilter - POST /api/seller/stores -> 200 (32 ms)
2025-11-15 23:33:46.801 [34mINFO [0;39m [5dea7338-6a8a-4eb9-9c88-e1c5592c4299] [http-nio-8081-exec-3] c.b.config.logging.HttpLoggingFilter - Headers: auth=present content-type=application/json accept=null
2025-11-15 23:33:46.801 [34mINFO [0;39m [5dea7338-6a8a-4eb9-9c88-e1c5592c4299] [http-nio-8081-exec-3] c.b.config.logging.HttpLoggingFilter - Request payload: {"name":"FE Spec Store","city":"City","area":"Area","category":"hospitality"}
2025-11-15 23:33:46.801 [34mINFO [0;39m [5dea7338-6a8a-4eb9-9c88-e1c5592c4299] [http-nio-8081-exec-3] c.b.config.logging.HttpLoggingFilter - Response payload: {"name":"FE Spec Store","id":"6665b217-a18b-45ee-88d8-aa3f637b592c","status":"open"}
2025-11-15 23:33:46.811 [39mDEBUG[0;39m [8ad85a21-ff22-4531-92b2-efe9eb893e45] [http-nio-8081-exec-3] c.b.c.logging.MethodLoggingAspect - Controller enter: SellerStoreController.listStores(..) args=[null, null, null, null, null, open, null]
2025-11-15 23:33:46.813 [34mINFO [0;39m [8ad85a21-ff22-4531-92b2-efe9eb893e45] [http-nio-8081-exec-3] c.b.web.seller.SellerStoreController - Seller list stores: search=null page=null limit=null pageSize=null ownerPhone=null status=open tenant=null userId=0c06147b-f46b-4312-85e1-0850776bd443
2025-11-15 23:33:46.814 [39mDEBUG[0;39m [8ad85a21-ff22-4531-92b2-efe9eb893e45] [http-nio-8081-exec-3] c.b.c.logging.MethodLoggingAspect - Factory enter: FactoryProvider.getSellerFactory(..) args=[null]
2025-11-15 23:33:46.814 [34mINFO [0;39m [8ad85a21-ff22-4531-92b2-efe9eb893e45] [http-nio-8081-exec-3] c.b.c.logging.MethodLoggingAspect - Factory exit: FactoryProvider.getSellerFactory(..) (0 ms)
2025-11-15 23:33:46.815 [39mDEBUG[0;39m [8ad85a21-ff22-4531-92b2-efe9eb893e45] [http-nio-8081-exec-3] c.b.c.logging.MethodLoggingAspect - Factory result: FactoryProvider.getSellerFactory(..) => DefaultSellerFactory$$SpringCGLIB$$0(com.bharatshop.factory.impl.DefaultSellerFactory@27a57c66)
2025-11-15 23:33:46.815 [39mDEBUG[0;39m [8ad85a21-ff22-4531-92b2-efe9eb893e45] [http-nio-8081-exec-3] c.b.c.logging.MethodLoggingAspect - Factory enter: DefaultSellerFactory.stores() args=[]
2025-11-15 23:33:46.816 [34mINFO [0;39m [8ad85a21-ff22-4531-92b2-efe9eb893e45] [http-nio-8081-exec-3] c.b.c.logging.MethodLoggingAspect - Factory exit: DefaultSellerFactory.stores() (1 ms)
2025-11-15 23:33:46.816 [39mDEBUG[0;39m [8ad85a21-ff22-4531-92b2-efe9eb893e45] [http-nio-8081-exec-3] c.b.c.logging.MethodLoggingAspect - Factory result: DefaultSellerFactory.stores() => (com.bharatshop.factory.impl.DefaultSellerFactory$5@3f56b845)
2025-11-15 23:33:46.821 [34mINFO [0;39m [8ad85a21-ff22-4531-92b2-efe9eb893e45] [http-nio-8081-exec-3] c.b.c.logging.MethodLoggingAspect - Controller exit: SellerStoreController.listStores(..) -> status=200 (10 ms)
2025-11-15 23:33:46.821 [39mDEBUG[0;39m [8ad85a21-ff22-4531-92b2-efe9eb893e45] [http-nio-8081-exec-3] c.b.c.logging.MethodLoggingAspect - Controller result: SellerStoreController.listStores(..) => ResponseEntity(status=200)
2025-11-15 23:33:46.824 [34mINFO [0;39m [8ad85a21-ff22-4531-92b2-efe9eb893e45] [http-nio-8081-exec-3] c.b.config.logging.HttpLoggingFilter - GET /api/seller/stores?status=open -> 200 (17 ms)
2025-11-15 23:33:46.825 [34mINFO [0;39m [8ad85a21-ff22-4531-92b2-efe9eb893e45] [http-nio-8081-exec-3] c.b.config.logging.HttpLoggingFilter - Headers: auth=present content-type=null accept=null
2025-11-15 23:33:46.825 [34mINFO [0;39m [8ad85a21-ff22-4531-92b2-efe9eb893e45] [http-nio-8081-exec-3] c.b.config.logging.HttpLoggingFilter - Response payload: {"stores":[{"capabilities":{"orders":true,"bookings":true},"name":"FE Spec Store","orderingDisabled":false,"id":"6665b217-a18b-45ee-88d8-aa3f637b592c","ownerId":"0c06147b-f46b-4312-85e1-0850776bd443","category":"hospitality","type":"hospitality","status":"open"}]}
2025-11-15 23:35:36.512 [39mDEBUG[0;39m [046d16be-5fb3-40d4-93c3-b5c210835340] [http-nio-8081-exec-6] c.b.c.logging.MethodLoggingAspect - Controller enter: StoreDiscoveryController.globalCategories(..) args=[demo-store]
2025-11-15 23:35:36.512 [39mDEBUG[0;39m [4aedcf22-f0ad-408f-be10-e3959de2703f] [http-nio-8081-exec-7] c.b.c.logging.MethodLoggingAspect - Controller enter: SellerStoreController.listStores(..) args=[null, null, null, null, 7355460178, null, demo-store]
2025-11-15 23:35:36.512 [39mDEBUG[0;39m [c1cdf7d8-91d0-44d2-846e-7e5a99c41983] [http-nio-8081-exec-5] c.b.c.logging.MethodLoggingAspect - Controller enter: SellerStoreController.listStores(..) args=[null, null, null, null, null, null, demo-store]
2025-11-15 23:35:36.512 [34mINFO [0;39m [046d16be-5fb3-40d4-93c3-b5c210835340] [http-nio-8081-exec-6] c.b.web.StoreDiscoveryController - Global categories requested: tenant=demo-store
2025-11-15 23:35:36.512 [34mINFO [0;39m [c1cdf7d8-91d0-44d2-846e-7e5a99c41983] [http-nio-8081-exec-5] c.b.c.logging.MethodLoggingAspect - Controller exit: SellerStoreController.listStores(..) -> status=403 (0 ms)
2025-11-15 23:35:36.512 [34mINFO [0;39m [4aedcf22-f0ad-408f-be10-e3959de2703f] [http-nio-8081-exec-7] c.b.c.logging.MethodLoggingAspect - Controller exit: SellerStoreController.listStores(..) -> status=403 (0 ms)
2025-11-15 23:35:36.512 [39mDEBUG[0;39m [046d16be-5fb3-40d4-93c3-b5c210835340] [http-nio-8081-exec-6] c.b.c.logging.MethodLoggingAspect - Factory enter: FactoryProvider.getFactory(..) args=[demo-store]
2025-11-15 23:35:36.512 [39mDEBUG[0;39m [c1cdf7d8-91d0-44d2-846e-7e5a99c41983] [http-nio-8081-exec-5] c.b.c.logging.MethodLoggingAspect - Controller result: SellerStoreController.listStores(..) => ResponseEntity(status=403)
2025-11-15 23:35:36.512 [39mDEBUG[0;39m [4aedcf22-f0ad-408f-be10-e3959de2703f] [http-nio-8081-exec-7] c.b.c.logging.MethodLoggingAspect - Controller result: SellerStoreController.listStores(..) => ResponseEntity(status=403)
2025-11-15 23:35:36.512 [34mINFO [0;39m [046d16be-5fb3-40d4-93c3-b5c210835340] [http-nio-8081-exec-6] c.b.c.logging.MethodLoggingAspect - Factory exit: FactoryProvider.getFactory(..) (0 ms)
2025-11-15 23:35:36.515 [39mDEBUG[0;39m [046d16be-5fb3-40d4-93c3-b5c210835340] [http-nio-8081-exec-6] c.b.c.logging.MethodLoggingAspect - Factory result: FactoryProvider.getFactory(..) => DefaultStorefrontFactory$$SpringCGLIB$$0(com.bharatshop.factory.impl.DefaultStorefrontFactory@434c179e)
2025-11-15 23:35:36.515 [39mDEBUG[0;39m [046d16be-5fb3-40d4-93c3-b5c210835340] [http-nio-8081-exec-6] c.b.c.logging.MethodLoggingAspect - Factory enter: DefaultStorefrontFactory.products() args=[]
2025-11-15 23:35:36.515 [34mINFO [0;39m [c1cdf7d8-91d0-44d2-846e-7e5a99c41983] [http-nio-8081-exec-5] c.b.config.logging.HttpLoggingFilter - GET /api/seller/stores -> 403 (3 ms)
2025-11-15 23:35:36.515 [34mINFO [0;39m [4aedcf22-f0ad-408f-be10-e3959de2703f] [http-nio-8081-exec-7] c.b.config.logging.HttpLoggingFilter - GET /api/seller/stores?ownerPhone=7355460178 -> 403 (3 ms)
2025-11-15 23:35:36.515 [34mINFO [0;39m [c1cdf7d8-91d0-44d2-846e-7e5a99c41983] [http-nio-8081-exec-5] c.b.config.logging.HttpLoggingFilter - Headers: auth=present content-type=null accept=application/json, text/plain, */*
2025-11-15 23:35:36.515 [34mINFO [0;39m [4aedcf22-f0ad-408f-be10-e3959de2703f] [http-nio-8081-exec-7] c.b.config.logging.HttpLoggingFilter - Headers: auth=present content-type=null accept=application/json, text/plain, */*
2025-11-15 23:35:36.516 [34mINFO [0;39m [c1cdf7d8-91d0-44d2-846e-7e5a99c41983] [http-nio-8081-exec-5] c.b.config.logging.HttpLoggingFilter - Response payload: {"message":"Forbidden"}
2025-11-15 23:35:36.516 [34mINFO [0;39m [4aedcf22-f0ad-408f-be10-e3959de2703f] [http-nio-8081-exec-7] c.b.config.logging.HttpLoggingFilter - Response payload: {"message":"Forbidden"}
2025-11-15 23:35:36.516 [34mINFO [0;39m [046d16be-5fb3-40d4-93c3-b5c210835340] [http-nio-8081-exec-6] c.b.c.logging.MethodLoggingAspect - Factory exit: DefaultStorefrontFactory.products() (1 ms)
2025-11-15 23:35:36.516 [39mDEBUG[0;39m [046d16be-5fb3-40d4-93c3-b5c210835340] [http-nio-8081-exec-6] c.b.c.logging.MethodLoggingAspect - Factory result: DefaultStorefrontFactory.products() => (com.bharatshop.factory.impl.DefaultStorefrontFactory$1@174dc902)
2025-11-15 23:35:36.516 [39mDEBUG[0;39m [046d16be-5fb3-40d4-93c3-b5c210835340] [http-nio-8081-exec-6] c.b.c.logging.MethodLoggingAspect - Service enter: ProductService.categories() args=[]
2025-11-15 23:35:36.526 [34mINFO [0;39m [046d16be-5fb3-40d4-93c3-b5c210835340] [http-nio-8081-exec-6] c.b.c.logging.MethodLoggingAspect - Service exit: ProductService.categories() (10 ms)
2025-11-15 23:35:36.528 [39mDEBUG[0;39m [046d16be-5fb3-40d4-93c3-b5c210835340] [http-nio-8081-exec-6] c.b.c.logging.MethodLoggingAspect - Service result: ProductService.categories() => ArrayList[size=4]
2025-11-15 23:35:36.528 [34mINFO [0;39m [046d16be-5fb3-40d4-93c3-b5c210835340] [http-nio-8081-exec-6] c.b.c.logging.MethodLoggingAspect - Controller exit: StoreDiscoveryController.globalCategories(..) -> status=200 (16 ms)
2025-11-15 23:35:36.528 [39mDEBUG[0;39m [046d16be-5fb3-40d4-93c3-b5c210835340] [http-nio-8081-exec-6] c.b.c.logging.MethodLoggingAspect - Controller result: StoreDiscoveryController.globalCategories(..) => ResponseEntity(status=200)
2025-11-15 23:35:36.530 [34mINFO [0;39m [046d16be-5fb3-40d4-93c3-b5c210835340] [http-nio-8081-exec-6] c.b.config.logging.HttpLoggingFilter - GET /api/categories -> 200 (18 ms)
2025-11-15 23:35:36.531 [34mINFO [0;39m [046d16be-5fb3-40d4-93c3-b5c210835340] [http-nio-8081-exec-6] c.b.config.logging.HttpLoggingFilter - Headers: auth=present content-type=null accept=application/json, text/plain, */*
2025-11-15 23:35:36.531 [34mINFO [0;39m [046d16be-5fb3-40d4-93c3-b5c210835340] [http-nio-8081-exec-6] c.b.config.logging.HttpLoggingFilter - Response payload: ["dairy","fruits","medicine","room"]
2025-11-15 23:35:50.347 [39mDEBUG[0;39m [fd02d90d-2815-4cae-b49b-05343f4c4cb2] [http-nio-8081-exec-8] c.b.c.logging.MethodLoggingAspect - Controller enter: StorefrontCartController.getCart(..) args=[demo-store, guest_1763142291071_p6hkbv]
2025-11-15 23:35:50.349 [34mINFO [0;39m [fd02d90d-2815-4cae-b49b-05343f4c4cb2] [http-nio-8081-exec-8] c.b.web.StorefrontCartController - Storefront get cart: tenant=demo-store userId=cef0f7a2-6a4e-4bad-8e96-5bac264a4dab 
2025-11-15 23:35:50.349 [39mDEBUG[0;39m [fd02d90d-2815-4cae-b49b-05343f4c4cb2] [http-nio-8081-exec-8] c.b.c.logging.MethodLoggingAspect - Service enter: CartService.getCart(..) args=[cef0f7a2-6a4e-4bad-8e96-5bac264a4dab]
2025-11-15 23:35:50.352 [39mDEBUG[0;39m [18455846-761d-4509-88b9-2d15555e0321] [http-nio-8081-exec-9] c.b.c.logging.MethodLoggingAspect - Controller enter: AuthController.profile(..) args=[ContentCachingRequestWrapper(org.springframework.web.util.ContentCachingRequestWrapper@63367ef1)]
2025-11-15 23:35:50.351 [34mINFO [0;39m [fd02d90d-2815-4cae-b49b-05343f4c4cb2] [http-nio-8081-exec-8] c.b.c.logging.MethodLoggingAspect - Service exit: CartService.getCart(..) (2 ms)
2025-11-15 23:35:50.355 [34mINFO [0;39m [18455846-761d-4509-88b9-2d15555e0321] [http-nio-8081-exec-9] com.bharatshop.web.AuthController - Profile requested: tokenPresent=true 
2025-11-15 23:35:50.356 [39mDEBUG[0;39m [fd02d90d-2815-4cae-b49b-05343f4c4cb2] [http-nio-8081-exec-8] c.b.c.logging.MethodLoggingAspect - Service result: CartService.getCart(..) => ArrayList[size=0]
2025-11-15 23:35:50.358 [34mINFO [0;39m [fd02d90d-2815-4cae-b49b-05343f4c4cb2] [http-nio-8081-exec-8] c.b.c.logging.MethodLoggingAspect - Controller exit: StorefrontCartController.getCart(..) -> status=200 (11 ms)
2025-11-15 23:35:50.359 [39mDEBUG[0;39m [18455846-761d-4509-88b9-2d15555e0321] [http-nio-8081-exec-9] c.b.c.logging.MethodLoggingAspect - Service enter: AuthService.getProfile(..) args=[eyJhbGciOiJIUzI1NiIsInR5cCI6IkpXVCJ9.eyJzdWIiOiJjZWYwZjdhMi02YTRlLTRiYWQtOGU5Ni01YmFjMjY0YTRkYWIiLCJuYW1lIjoiVXNlcjAxNzgiLCJyb2xlIjoiY29uc3VtZXIiLCJpYXQiOjE3NjMyMjgwNDIsImV4cCI6MTc2MzIzMTY0Mn0.l_Niu_G9NhZtjFztioWMbr-PWFJoVcAQqL9U0j6bs0Y]
2025-11-15 23:35:50.359 [39mDEBUG[0;39m [fd02d90d-2815-4cae-b49b-05343f4c4cb2] [http-nio-8081-exec-8] c.b.c.logging.MethodLoggingAspect - Controller result: StorefrontCartController.getCart(..) => ResponseEntity(status=200)
2025-11-15 23:35:50.364 [34mINFO [0;39m [18455846-761d-4509-88b9-2d15555e0321] [http-nio-8081-exec-9] c.b.c.logging.MethodLoggingAspect - Service exit: AuthService.getProfile(..) (6 ms)
2025-11-15 23:35:50.365 [39mDEBUG[0;39m [18455846-761d-4509-88b9-2d15555e0321] [http-nio-8081-exec-9] c.b.c.logging.MethodLoggingAspect - Service result: AuthService.getProfile(..) => null
2025-11-15 23:35:50.366 [34mINFO [0;39m [18455846-761d-4509-88b9-2d15555e0321] [http-nio-8081-exec-9] c.b.c.logging.MethodLoggingAspect - Controller exit: AuthController.profile(..) -> status=401 (14 ms)
2025-11-15 23:35:50.366 [39mDEBUG[0;39m [18455846-761d-4509-88b9-2d15555e0321] [http-nio-8081-exec-9] c.b.c.logging.MethodLoggingAspect - Controller result: AuthController.profile(..) => ResponseEntity(status=401)
2025-11-15 23:35:50.368 [34mINFO [0;39m [18455846-761d-4509-88b9-2d15555e0321] [http-nio-8081-exec-9] c.b.config.logging.HttpLoggingFilter - GET /api/storefront/auth/profile -> 401 (18 ms)
2025-11-15 23:35:50.368 [34mINFO [0;39m [18455846-761d-4509-88b9-2d15555e0321] [http-nio-8081-exec-9] c.b.config.logging.HttpLoggingFilter - Headers: auth=present content-type=null accept=application/json, text/plain, */*
2025-11-15 23:35:50.369 [34mINFO [0;39m [18455846-761d-4509-88b9-2d15555e0321] [http-nio-8081-exec-9] c.b.config.logging.HttpLoggingFilter - Response payload: {"message":"Unauthorized"}
2025-11-15 23:35:50.380 [34mINFO [0;39m [fd02d90d-2815-4cae-b49b-05343f4c4cb2] [http-nio-8081-exec-8] c.b.config.logging.HttpLoggingFilter - GET /api/storefront/cart -> 200 (36 ms)
2025-11-15 23:35:50.383 [34mINFO [0;39m [fd02d90d-2815-4cae-b49b-05343f4c4cb2] [http-nio-8081-exec-8] c.b.config.logging.HttpLoggingFilter - Headers: auth=present content-type=null accept=application/json, text/plain, */*
2025-11-15 23:35:50.383 [34mINFO [0;39m [fd02d90d-2815-4cae-b49b-05343f4c4cb2] [http-nio-8081-exec-8] c.b.config.logging.HttpLoggingFilter - Response payload: {"totals":{"subtotal":0.0,"itemsCount":0},"items":[]}
2025-11-15 23:35:50.395 [39mDEBUG[0;39m [1051e695-48b4-4366-87f5-aed9463c5809] [http-nio-8081-exec-10] c.b.c.logging.MethodLoggingAspect - Controller enter: AuthController.profile(..) args=[ContentCachingRequestWrapper(org.springframework.web.util.ContentCachingRequestWrapper@440ed70b)]
2025-11-15 23:35:50.396 [34mINFO [0;39m [1051e695-48b4-4366-87f5-aed9463c5809] [http-nio-8081-exec-10] com.bharatshop.web.AuthController - Profile requested: tokenPresent=true 
2025-11-15 23:35:50.397 [39mDEBUG[0;39m [1051e695-48b4-4366-87f5-aed9463c5809] [http-nio-8081-exec-10] c.b.c.logging.MethodLoggingAspect - Service enter: AuthService.getProfile(..) args=[eyJhbGciOiJIUzI1NiIsInR5cCI6IkpXVCJ9.eyJzdWIiOiJjZWYwZjdhMi02YTRlLTRiYWQtOGU5Ni01YmFjMjY0YTRkYWIiLCJuYW1lIjoiVXNlcjAxNzgiLCJyb2xlIjoiY29uc3VtZXIiLCJpYXQiOjE3NjMyMjgwNDIsImV4cCI6MTc2MzIzMTY0Mn0.l_Niu_G9NhZtjFztioWMbr-PWFJoVcAQqL9U0j6bs0Y]
2025-11-15 23:35:50.399 [39mDEBUG[0;39m [da99e2cf-890c-431b-b9e5-a0ca571f8dd0] [http-nio-8081-exec-1] c.b.c.logging.MethodLoggingAspect - Controller enter: StorefrontCartController.getCart(..) args=[demo-store, guest_1763142291071_p6hkbv]
2025-11-15 23:35:50.400 [34mINFO [0;39m [da99e2cf-890c-431b-b9e5-a0ca571f8dd0] [http-nio-8081-exec-1] c.b.web.StorefrontCartController - Storefront get cart: tenant=demo-store userId=cef0f7a2-6a4e-4bad-8e96-5bac264a4dab 
2025-11-15 23:35:50.401 [39mDEBUG[0;39m [da99e2cf-890c-431b-b9e5-a0ca571f8dd0] [http-nio-8081-exec-1] c.b.c.logging.MethodLoggingAspect - Service enter: CartService.getCart(..) args=[cef0f7a2-6a4e-4bad-8e96-5bac264a4dab]
2025-11-15 23:35:50.401 [34mINFO [0;39m [1051e695-48b4-4366-87f5-aed9463c5809] [http-nio-8081-exec-10] c.b.c.logging.MethodLoggingAspect - Service exit: AuthService.getProfile(..) (4 ms)
2025-11-15 23:35:50.401 [34mINFO [0;39m [da99e2cf-890c-431b-b9e5-a0ca571f8dd0] [http-nio-8081-exec-1] c.b.c.logging.MethodLoggingAspect - Service exit: CartService.getCart(..) (0 ms)
2025-11-15 23:35:50.402 [39mDEBUG[0;39m [1051e695-48b4-4366-87f5-aed9463c5809] [http-nio-8081-exec-10] c.b.c.logging.MethodLoggingAspect - Service result: AuthService.getProfile(..) => null
2025-11-15 23:35:50.402 [39mDEBUG[0;39m [da99e2cf-890c-431b-b9e5-a0ca571f8dd0] [http-nio-8081-exec-1] c.b.c.logging.MethodLoggingAspect - Service result: CartService.getCart(..) => ArrayList[size=0]
2025-11-15 23:35:50.402 [34mINFO [0;39m [1051e695-48b4-4366-87f5-aed9463c5809] [http-nio-8081-exec-10] c.b.c.logging.MethodLoggingAspect - Controller exit: AuthController.profile(..) -> status=401 (7 ms)
2025-11-15 23:35:50.402 [34mINFO [0;39m [da99e2cf-890c-431b-b9e5-a0ca571f8dd0] [http-nio-8081-exec-1] c.b.c.logging.MethodLoggingAspect - Controller exit: StorefrontCartController.getCart(..) -> status=200 (3 ms)
2025-11-15 23:35:50.402 [39mDEBUG[0;39m [1051e695-48b4-4366-87f5-aed9463c5809] [http-nio-8081-exec-10] c.b.c.logging.MethodLoggingAspect - Controller result: AuthController.profile(..) => ResponseEntity(status=401)
2025-11-15 23:35:50.402 [39mDEBUG[0;39m [da99e2cf-890c-431b-b9e5-a0ca571f8dd0] [http-nio-8081-exec-1] c.b.c.logging.MethodLoggingAspect - Controller result: StorefrontCartController.getCart(..) => ResponseEntity(status=200)
2025-11-15 23:35:50.404 [34mINFO [0;39m [1051e695-48b4-4366-87f5-aed9463c5809] [http-nio-8081-exec-10] c.b.config.logging.HttpLoggingFilter - GET /api/storefront/auth/profile -> 401 (10 ms)
2025-11-15 23:35:50.404 [34mINFO [0;39m [da99e2cf-890c-431b-b9e5-a0ca571f8dd0] [http-nio-8081-exec-1] c.b.config.logging.HttpLoggingFilter - GET /api/storefront/cart -> 200 (7 ms)
2025-11-15 23:35:50.404 [34mINFO [0;39m [da99e2cf-890c-431b-b9e5-a0ca571f8dd0] [http-nio-8081-exec-1] c.b.config.logging.HttpLoggingFilter - Headers: auth=present content-type=null accept=application/json, text/plain, */*
2025-11-15 23:35:50.404 [34mINFO [0;39m [1051e695-48b4-4366-87f5-aed9463c5809] [http-nio-8081-exec-10] c.b.config.logging.HttpLoggingFilter - Headers: auth=present content-type=null accept=application/json, text/plain, */*
2025-11-15 23:35:50.404 [34mINFO [0;39m [da99e2cf-890c-431b-b9e5-a0ca571f8dd0] [http-nio-8081-exec-1] c.b.config.logging.HttpLoggingFilter - Response payload: {"totals":{"subtotal":0.0,"itemsCount":0},"items":[]}
2025-11-15 23:35:50.404 [34mINFO [0;39m [1051e695-48b4-4366-87f5-aed9463c5809] [http-nio-8081-exec-10] c.b.config.logging.HttpLoggingFilter - Response payload: {"message":"Unauthorized"}
2025-11-15 23:35:50.606 [39mDEBUG[0;39m [c6b3207e-57d9-4da6-8cb8-131574eea83a] [http-nio-8081-exec-2] c.b.c.logging.MethodLoggingAspect - Controller enter: SellerStoreController.listStores(..) args=[null, null, null, null, null, null, demo-store]
2025-11-15 23:35:50.606 [34mINFO [0;39m [c6b3207e-57d9-4da6-8cb8-131574eea83a] [http-nio-8081-exec-2] c.b.c.logging.MethodLoggingAspect - Controller exit: SellerStoreController.listStores(..) -> status=401 (0 ms)
2025-11-15 23:35:50.607 [39mDEBUG[0;39m [c6b3207e-57d9-4da6-8cb8-131574eea83a] [http-nio-8081-exec-2] c.b.c.logging.MethodLoggingAspect - Controller result: SellerStoreController.listStores(..) => ResponseEntity(status=401)
2025-11-15 23:35:50.608 [34mINFO [0;39m [c6b3207e-57d9-4da6-8cb8-131574eea83a] [http-nio-8081-exec-2] c.b.config.logging.HttpLoggingFilter - GET /api/seller/stores -> 401 (4 ms)
2025-11-15 23:35:50.608 [34mINFO [0;39m [c6b3207e-57d9-4da6-8cb8-131574eea83a] [http-nio-8081-exec-2] c.b.config.logging.HttpLoggingFilter - Headers: auth=absent content-type=null accept=application/json, text/plain, */*
2025-11-15 23:36:19.011 [39mDEBUG[0;39m [af04c9e0-c990-410c-9ea0-5eab443c9a24] [http-nio-8081-exec-3] c.b.c.logging.MethodLoggingAspect - Controller enter: AuthController.sendOtp(..) args=[LinkedHashMap({phone=+917355460178, channel=sms})]
2025-11-15 23:36:19.011 [34mINFO [0;39m [af04c9e0-c990-410c-9ea0-5eab443c9a24] [http-nio-8081-exec-3] com.bharatshop.web.AuthController - OTP send requested: phone=+917355460178
2025-11-15 23:36:19.012 [39mDEBUG[0;39m [af04c9e0-c990-410c-9ea0-5eab443c9a24] [http-nio-8081-exec-3] c.b.c.logging.MethodLoggingAspect - Service enter: AuthService.sendOtp(..) args=[+917355460178]
2025-11-15 23:36:19.013 [34mINFO [0;39m [af04c9e0-c990-410c-9ea0-5eab443c9a24] [http-nio-8081-exec-3] com.bharatshop.service.AuthService - Sending OTP to phone=+917355460178
2025-11-15 23:36:19.013 [34mINFO [0;39m [af04c9e0-c990-410c-9ea0-5eab443c9a24] [http-nio-8081-exec-3] com.bharatshop.service.AuthService - OTP generated: otpId=60201758-a663-4ddc-8a5d-201fc04c69b2 expiresAt=1763230099013
2025-11-15 23:36:19.015 [39mDEBUG[0;39m [af04c9e0-c990-410c-9ea0-5eab443c9a24] [http-nio-8081-exec-3] c.b.c.logging.MethodLoggingAspect - Service enter: CompositeNotificationService.sendSms(..) args=[+917355460178, Your Bharatshop OTP is 628938. Valid for 2 minutes.]
2025-11-15 23:36:20.480 [34mINFO [0;39m [af04c9e0-c990-410c-9ea0-5eab443c9a24] [http-nio-8081-exec-3] c.b.s.TwilioNotificationService - Twilio SMS sent: phone=+917355460178 status=201
2025-11-15 23:36:20.480 [34mINFO [0;39m [af04c9e0-c990-410c-9ea0-5eab443c9a24] [http-nio-8081-exec-3] c.b.c.logging.MethodLoggingAspect - Service exit: CompositeNotificationService.sendSms(..) (1465 ms)
2025-11-15 23:36:20.480 [39mDEBUG[0;39m [af04c9e0-c990-410c-9ea0-5eab443c9a24] [http-nio-8081-exec-3] c.b.c.logging.MethodLoggingAspect - Service result: CompositeNotificationService.sendSms(..) => null
2025-11-15 23:36:20.486 [34mINFO [0;39m [af04c9e0-c990-410c-9ea0-5eab443c9a24] [http-nio-8081-exec-3] c.b.c.logging.MethodLoggingAspect - Service exit: AuthService.sendOtp(..) (1474 ms)
2025-11-15 23:36:20.486 [39mDEBUG[0;39m [af04c9e0-c990-410c-9ea0-5eab443c9a24] [http-nio-8081-exec-3] c.b.c.logging.MethodLoggingAspect - Service result: AuthService.sendOtp(..) => MapN({success=true, ttlSeconds=120, otp=628938, otpId=60201758-a663-4ddc-8a5d-201fc04c69b2})
2025-11-15 23:36:20.486 [34mINFO [0;39m [af04c9e0-c990-410c-9ea0-5eab443c9a24] [http-nio-8081-exec-3] c.b.c.logging.MethodLoggingAspect - Controller exit: AuthController.sendOtp(..) -> status=200 (1475 ms)
2025-11-15 23:36:20.487 [39mDEBUG[0;39m [af04c9e0-c990-410c-9ea0-5eab443c9a24] [http-nio-8081-exec-3] c.b.c.logging.MethodLoggingAspect - Controller result: AuthController.sendOtp(..) => ResponseEntity(status=200)
2025-11-15 23:36:20.489 [34mINFO [0;39m [af04c9e0-c990-410c-9ea0-5eab443c9a24] [http-nio-8081-exec-3] c.b.config.logging.HttpLoggingFilter - POST /api/storefront/auth/otp/send -> 200 (1480 ms)
2025-11-15 23:36:20.490 [34mINFO [0;39m [af04c9e0-c990-410c-9ea0-5eab443c9a24] [http-nio-8081-exec-3] c.b.config.logging.HttpLoggingFilter - Headers: auth=absent content-type=application/json accept=application/json, text/plain, */*
2025-11-15 23:36:20.490 [34mINFO [0;39m [af04c9e0-c990-410c-9ea0-5eab443c9a24] [http-nio-8081-exec-3] c.b.config.logging.HttpLoggingFilter - Request payload: {"phone":"+917355460178","channel":"sms"}
2025-11-15 23:36:20.490 [34mINFO [0;39m [af04c9e0-c990-410c-9ea0-5eab443c9a24] [http-nio-8081-exec-3] c.b.config.logging.HttpLoggingFilter - Response payload: {"success":true,"ttlSeconds":120,"otp":"628938","otpId":"60201758-a663-4ddc-8a5d-201fc04c69b2"}
2025-11-15 23:36:42.400 [39mDEBUG[0;39m [c5a2c9b4-30fd-4e5f-b4c3-670a48d60057] [http-nio-8081-exec-4] c.b.c.logging.MethodLoggingAspect - Controller enter: AuthController.verifyOtp(..) args=[LinkedHashMap({phone=+917355460178, otp=628938})]
2025-11-15 23:36:42.400 [34mINFO [0;39m [c5a2c9b4-30fd-4e5f-b4c3-670a48d60057] [http-nio-8081-exec-4] com.bharatshop.web.AuthController - OTP verify requested: phone=+917355460178 otpPresent=true
2025-11-15 23:36:42.401 [39mDEBUG[0;39m [c5a2c9b4-30fd-4e5f-b4c3-670a48d60057] [http-nio-8081-exec-4] c.b.c.logging.MethodLoggingAspect - Service enter: AuthService.verifyOtp(..) args=[+917355460178, 628938]
2025-11-15 23:36:42.401 [34mINFO [0;39m [c5a2c9b4-30fd-4e5f-b4c3-670a48d60057] [http-nio-8081-exec-4] com.bharatshop.service.AuthService - Verifying OTP for phone=+917355460178
2025-11-15 23:36:42.401 [34mINFO [0;39m [c5a2c9b4-30fd-4e5f-b4c3-670a48d60057] [http-nio-8081-exec-4] com.bharatshop.service.AuthService - OTP verification success for phone=+917355460178
2025-11-15 23:36:42.401 [34mINFO [0;39m [c5a2c9b4-30fd-4e5f-b4c3-670a48d60057] [http-nio-8081-exec-4] com.bharatshop.service.AuthService - Login (phone) attempt: phone=+917355460178
2025-11-15 23:36:42.407 [34mINFO [0;39m [c5a2c9b4-30fd-4e5f-b4c3-670a48d60057] [http-nio-8081-exec-4] com.bharatshop.service.AuthService - Session created: userId=01c9a159-a3df-49a3-9158-a53ff21dce3d role=consumer
2025-11-15 23:36:42.408 [34mINFO [0;39m [c5a2c9b4-30fd-4e5f-b4c3-670a48d60057] [http-nio-8081-exec-4] com.bharatshop.service.AuthService - Login (phone) success: userId=01c9a159-a3df-49a3-9158-a53ff21dce3d token=eyJhbGciOiJIUzI1NiIsInR5cCI6IkpXVCJ9.eyJzdWIiOiIwMWM5YTE1OS1hM2RmLTQ5YTMtOTE1OC1hNTNmZjIxZGNlM2QiLCJuYW1lIjoiVXNlcjAxNzgiLCJyb2xlIjoiY29uc3VtZXIiLCJpYXQiOjE3NjMyMzAwMDIsImV4cCI6MTc2MzIzMzYwMn0.DDce4J-YgOjTBJjimP-LEYuUQAIySwJg-J938FnedbI role=USER 
2025-11-15 23:36:42.408 [34mINFO [0;39m [c5a2c9b4-30fd-4e5f-b4c3-670a48d60057] [http-nio-8081-exec-4] c.b.c.logging.MethodLoggingAspect - Service exit: AuthService.verifyOtp(..) (7 ms)
2025-11-15 23:36:42.408 [39mDEBUG[0;39m [c5a2c9b4-30fd-4e5f-b4c3-670a48d60057] [http-nio-8081-exec-4] c.b.c.logging.MethodLoggingAspect - Service result: AuthService.verifyOtp(..) => Session(Session[token=eyJhbGciOiJIUzI1NiIsInR5cCI6IkpXVCJ9.eyJzdWIiOiIwMWM5YTE1OS1hM2RmLTQ5YTMtOTE1OC1hNTNmZjIxZGNlM2QiLCJuYW1lIjoiVXNlcjAxNzgiLCJyb2xlIjoiY29uc3VtZXIiLCJpYXQiOjE3NjMyMzAwMDIsImV4cCI6MTc2MzIzMzYwMn0.DDce4J-YgOjTBJjimP-LEYuUQAIySwJg-J938FnedbI, userId=01c9a159-a3df-49a3-9158-a53ff21dce3d, name=User0178, role=consumer])
2025-11-15 23:36:42.408 [39mDEBUG[0;39m [c5a2c9b4-30fd-4e5f-b4c3-670a48d60057] [http-nio-8081-exec-4] c.b.c.logging.MethodLoggingAspect - Service enter: AuthService.getProfile(..) args=[eyJhbGciOiJIUzI1NiIsInR5cCI6IkpXVCJ9.eyJzdWIiOiIwMWM5YTE1OS1hM2RmLTQ5YTMtOTE1OC1hNTNmZjIxZGNlM2QiLCJuYW1lIjoiVXNlcjAxNzgiLCJyb2xlIjoiY29uc3VtZXIiLCJpYXQiOjE3NjMyMzAwMDIsImV4cCI6MTc2MzIzMzYwMn0.DDce4J-YgOjTBJjimP-LEYuUQAIySwJg-J938FnedbI]
2025-11-15 23:36:42.409 [34mINFO [0;39m [c5a2c9b4-30fd-4e5f-b4c3-670a48d60057] [http-nio-8081-exec-4] c.b.c.logging.MethodLoggingAspect - Service exit: AuthService.getProfile(..) (1 ms)
2025-11-15 23:36:42.410 [39mDEBUG[0;39m [c5a2c9b4-30fd-4e5f-b4c3-670a48d60057] [http-nio-8081-exec-4] c.b.c.logging.MethodLoggingAspect - Service result: AuthService.getProfile(..) => User(com.bharatshop.domain.User@2468258d)
2025-11-15 23:36:42.410 [34mINFO [0;39m [c5a2c9b4-30fd-4e5f-b4c3-670a48d60057] [http-nio-8081-exec-4] com.bharatshop.web.AuthController - OTP verify success: userId=01c9a159-a3df-49a3-9158-a53ff21dce3d tokenPresent=true
2025-11-15 23:36:42.410 [34mINFO [0;39m [c5a2c9b4-30fd-4e5f-b4c3-670a48d60057] [http-nio-8081-exec-4] c.b.c.logging.MethodLoggingAspect - Controller exit: AuthController.verifyOtp(..) -> status=200 (10 ms)
2025-11-15 23:36:42.410 [39mDEBUG[0;39m [c5a2c9b4-30fd-4e5f-b4c3-670a48d60057] [http-nio-8081-exec-4] c.b.c.logging.MethodLoggingAspect - Controller result: AuthController.verifyOtp(..) => ResponseEntity(status=200)
2025-11-15 23:36:42.412 [34mINFO [0;39m [c5a2c9b4-30fd-4e5f-b4c3-670a48d60057] [http-nio-8081-exec-4] c.b.config.logging.HttpLoggingFilter - POST /api/storefront/auth/otp/verify -> 200 (14 ms)
2025-11-15 23:36:42.412 [34mINFO [0;39m [c5a2c9b4-30fd-4e5f-b4c3-670a48d60057] [http-nio-8081-exec-4] c.b.config.logging.HttpLoggingFilter - Headers: auth=absent content-type=application/json accept=application/json, text/plain, */*
2025-11-15 23:36:42.413 [34mINFO [0;39m [c5a2c9b4-30fd-4e5f-b4c3-670a48d60057] [http-nio-8081-exec-4] c.b.config.logging.HttpLoggingFilter - Request payload: {"phone":"+917355460178","otp":"628938"}
2025-11-15 23:36:42.413 [34mINFO [0;39m [c5a2c9b4-30fd-4e5f-b4c3-670a48d60057] [http-nio-8081-exec-4] c.b.config.logging.HttpLoggingFilter - Response payload: {"success":true,"user":{"id":"01c9a159-a3df-49a3-9158-a53ff21dce3d","name":"User0178","phone":"+917355460178","role":"consumer"},"token":"eyJhbGciOiJIUzI1NiIsInR5cCI6IkpXVCJ9.eyJzdWIiOiIwMWM5YTE1OS1hM2RmLTQ5YTMtOTE1OC1hNTNmZjIxZGNlM2QiLCJuYW1lIjoiVXNlcjAxNzgiLCJyb2xlIjoiY29uc3VtZXIiLCJpYXQiOjE3NjMyMzAwMDIsImV4cCI6MTc2MzIzMzYwMn0.DDce4J-YgOjTBJjimP-LEYuUQAIySwJg-J938FnedbI"}
2025-11-15 23:36:42.559 [39mDEBUG[0;39m [3aa0fb85-9c1e-46ef-b56d-dd34887436f2] [http-nio-8081-exec-7] c.b.c.logging.MethodLoggingAspect - Controller enter: AuthController.profile(..) args=[ContentCachingRequestWrapper(org.springframework.web.util.ContentCachingRequestWrapper@1835098f)]
2025-11-15 23:36:42.559 [39mDEBUG[0;39m [826a0d6b-fb2c-4279-8aaf-6e0c031ec567] [http-nio-8081-exec-5] c.b.c.logging.MethodLoggingAspect - Controller enter: StoreDiscoveryController.stores(..) args=[demo-store, null, null]
2025-11-15 23:36:42.560 [34mINFO [0;39m [826a0d6b-fb2c-4279-8aaf-6e0c031ec567] [http-nio-8081-exec-5] c.b.web.StoreDiscoveryController - Discover stores: tenant=demo-store search=null category=null
2025-11-15 23:36:42.560 [34mINFO [0;39m [3aa0fb85-9c1e-46ef-b56d-dd34887436f2] [http-nio-8081-exec-7] com.bharatshop.web.AuthController - Profile requested: tokenPresent=true 
2025-11-15 23:36:42.560 [39mDEBUG[0;39m [826a0d6b-fb2c-4279-8aaf-6e0c031ec567] [http-nio-8081-exec-5] c.b.c.logging.MethodLoggingAspect - Factory enter: FactoryProvider.getFactory(..) args=[demo-store]
2025-11-15 23:36:42.560 [39mDEBUG[0;39m [3aa0fb85-9c1e-46ef-b56d-dd34887436f2] [http-nio-8081-exec-7] c.b.c.logging.MethodLoggingAspect - Service enter: AuthService.getProfile(..) args=[eyJhbGciOiJIUzI1NiIsInR5cCI6IkpXVCJ9.eyJzdWIiOiIwMWM5YTE1OS1hM2RmLTQ5YTMtOTE1OC1hNTNmZjIxZGNlM2QiLCJuYW1lIjoiVXNlcjAxNzgiLCJyb2xlIjoiY29uc3VtZXIiLCJpYXQiOjE3NjMyMzAwMDIsImV4cCI6MTc2MzIzMzYwMn0.DDce4J-YgOjTBJjimP-LEYuUQAIySwJg-J938FnedbI]
2025-11-15 23:36:42.560 [34mINFO [0;39m [826a0d6b-fb2c-4279-8aaf-6e0c031ec567] [http-nio-8081-exec-5] c.b.c.logging.MethodLoggingAspect - Factory exit: FactoryProvider.getFactory(..) (0 ms)
2025-11-15 23:36:42.560 [39mDEBUG[0;39m [826a0d6b-fb2c-4279-8aaf-6e0c031ec567] [http-nio-8081-exec-5] c.b.c.logging.MethodLoggingAspect - Factory result: FactoryProvider.getFactory(..) => DefaultStorefrontFactory$$SpringCGLIB$$0(com.bharatshop.factory.impl.DefaultStorefrontFactory@434c179e)
2025-11-15 23:36:42.561 [39mDEBUG[0;39m [826a0d6b-fb2c-4279-8aaf-6e0c031ec567] [http-nio-8081-exec-5] c.b.c.logging.MethodLoggingAspect - Factory enter: DefaultStorefrontFactory.stores() args=[]
2025-11-15 23:36:42.561 [34mINFO [0;39m [826a0d6b-fb2c-4279-8aaf-6e0c031ec567] [http-nio-8081-exec-5] c.b.c.logging.MethodLoggingAspect - Factory exit: DefaultStorefrontFactory.stores() (0 ms)
2025-11-15 23:36:42.563 [39mDEBUG[0;39m [826a0d6b-fb2c-4279-8aaf-6e0c031ec567] [http-nio-8081-exec-5] c.b.c.logging.MethodLoggingAspect - Factory result: DefaultStorefrontFactory.stores() => (com.bharatshop.factory.impl.DefaultStorefrontFactory$2@430d1eb9)
2025-11-15 23:36:42.563 [39mDEBUG[0;39m [826a0d6b-fb2c-4279-8aaf-6e0c031ec567] [http-nio-8081-exec-5] c.b.c.logging.MethodLoggingAspect - Service enter: StoreService.list(..) args=[null, null]
2025-11-15 23:36:42.563 [34mINFO [0;39m [3aa0fb85-9c1e-46ef-b56d-dd34887436f2] [http-nio-8081-exec-7] c.b.c.logging.MethodLoggingAspect - Service exit: AuthService.getProfile(..) (3 ms)
2025-11-15 23:36:42.564 [39mDEBUG[0;39m [3aa0fb85-9c1e-46ef-b56d-dd34887436f2] [http-nio-8081-exec-7] c.b.c.logging.MethodLoggingAspect - Service result: AuthService.getProfile(..) => User(com.bharatshop.domain.User@4db7c35b)
2025-11-15 23:36:42.564 [34mINFO [0;39m [3aa0fb85-9c1e-46ef-b56d-dd34887436f2] [http-nio-8081-exec-7] com.bharatshop.web.AuthController - Profile success: userId=01c9a159-a3df-49a3-9158-a53ff21dce3d
2025-11-15 23:36:42.564 [34mINFO [0;39m [3aa0fb85-9c1e-46ef-b56d-dd34887436f2] [http-nio-8081-exec-7] c.b.c.logging.MethodLoggingAspect - Controller exit: AuthController.profile(..) -> status=200 (5 ms)
2025-11-15 23:36:42.564 [39mDEBUG[0;39m [3aa0fb85-9c1e-46ef-b56d-dd34887436f2] [http-nio-8081-exec-7] c.b.c.logging.MethodLoggingAspect - Controller result: AuthController.profile(..) => ResponseEntity(status=200)
2025-11-15 23:36:42.566 [34mINFO [0;39m [3aa0fb85-9c1e-46ef-b56d-dd34887436f2] [http-nio-8081-exec-7] c.b.config.logging.HttpLoggingFilter - GET /api/storefront/auth/profile -> 200 (7 ms)
2025-11-15 23:36:42.567 [34mINFO [0;39m [3aa0fb85-9c1e-46ef-b56d-dd34887436f2] [http-nio-8081-exec-7] c.b.config.logging.HttpLoggingFilter - Headers: auth=present content-type=null accept=application/json, text/plain, */*
2025-11-15 23:36:42.567 [34mINFO [0;39m [3aa0fb85-9c1e-46ef-b56d-dd34887436f2] [http-nio-8081-exec-7] c.b.config.logging.HttpLoggingFilter - Response payload: {"id":"01c9a159-a3df-49a3-9158-a53ff21dce3d","name":"User0178","phone":"+917355460178","role":"consumer"}
2025-11-15 23:36:42.570 [34mINFO [0;39m [826a0d6b-fb2c-4279-8aaf-6e0c031ec567] [http-nio-8081-exec-5] c.b.c.logging.MethodLoggingAspect - Service exit: StoreService.list(..) (7 ms)
2025-11-15 23:36:42.571 [39mDEBUG[0;39m [826a0d6b-fb2c-4279-8aaf-6e0c031ec567] [http-nio-8081-exec-5] c.b.c.logging.MethodLoggingAspect - Service result: StoreService.list(..) => ArrayList[size=4]
2025-11-15 23:36:42.571 [34mINFO [0;39m [826a0d6b-fb2c-4279-8aaf-6e0c031ec567] [http-nio-8081-exec-5] c.b.c.logging.MethodLoggingAspect - Controller exit: StoreDiscoveryController.stores(..) -> status=200 (12 ms)
2025-11-15 23:36:42.571 [39mDEBUG[0;39m [826a0d6b-fb2c-4279-8aaf-6e0c031ec567] [http-nio-8081-exec-5] c.b.c.logging.MethodLoggingAspect - Controller result: StoreDiscoveryController.stores(..) => ResponseEntity(status=200)
2025-11-15 23:36:42.577 [34mINFO [0;39m [826a0d6b-fb2c-4279-8aaf-6e0c031ec567] [http-nio-8081-exec-5] c.b.config.logging.HttpLoggingFilter - GET /api/stores -> 200 (18 ms)
2025-11-15 23:36:42.577 [34mINFO [0;39m [826a0d6b-fb2c-4279-8aaf-6e0c031ec567] [http-nio-8081-exec-5] c.b.config.logging.HttpLoggingFilter - Headers: auth=present content-type=null accept=application/json, text/plain, */*
2025-11-15 23:36:42.578 [34mINFO [0;39m [826a0d6b-fb2c-4279-8aaf-6e0c031ec567] [http-nio-8081-exec-5] c.b.config.logging.HttpLoggingFilter - Response payload: [{"id":"61328d8a-837d-4ab5-a886-8907d8565b3f","name":"City Pharmacy","area":"Brigade","category":"pharmacy","status":"open","orderingDisabled":false,"updatedAt":"2025-11-15T18:03:37.572749Z"},{"id":"6665b217-a18b-45ee-88d8-aa3f637b592c","name":"FE Spec Store","area":"Area","category":"hospitality","ownerId":"0c06147b-f46b-4312-85e1-0850776bd443","status":"open","orderingDisabled":false,"updatedAt":"2025-11-15T18:03:46.792651Z"},{"id":"eb57ad0e-f607-4ec9-9f3d-8db8f630ebdb","name":"Fresh Mart","area":"MG Road","category":"grocery","status":"open","orderingDisabled":false,"updatedAt":"2025-11-15T18:03:37.403326Z"},{"id":"6645820d-a562-4e48-b6e4-6103fa1848aa","name":"Sunrise Hotel","area":"Beach","category":"hospitality","status":"open","orderingDisabled":false,"updatedAt":"2025-11-15T18:03:37.577988Z"}]
2025-11-15 23:36:59.273 [39mDEBUG[0;39m [7f750089-8d4f-46bc-b2f6-54fde441da7b] [http-nio-8081-exec-6] c.b.c.logging.MethodLoggingAspect - Controller enter: StoreDiscoveryController.globalCategories(..) args=[demo-store]
2025-11-15 23:36:59.274 [34mINFO [0;39m [7f750089-8d4f-46bc-b2f6-54fde441da7b] [http-nio-8081-exec-6] c.b.web.StoreDiscoveryController - Global categories requested: tenant=demo-store
2025-11-15 23:36:59.275 [39mDEBUG[0;39m [7f750089-8d4f-46bc-b2f6-54fde441da7b] [http-nio-8081-exec-6] c.b.c.logging.MethodLoggingAspect - Factory enter: FactoryProvider.getFactory(..) args=[demo-store]
2025-11-15 23:36:59.275 [34mINFO [0;39m [7f750089-8d4f-46bc-b2f6-54fde441da7b] [http-nio-8081-exec-6] c.b.c.logging.MethodLoggingAspect - Factory exit: FactoryProvider.getFactory(..) (0 ms)
2025-11-15 23:36:59.275 [39mDEBUG[0;39m [7f750089-8d4f-46bc-b2f6-54fde441da7b] [http-nio-8081-exec-6] c.b.c.logging.MethodLoggingAspect - Factory result: FactoryProvider.getFactory(..) => DefaultStorefrontFactory$$SpringCGLIB$$0(com.bharatshop.factory.impl.DefaultStorefrontFactory@434c179e)
2025-11-15 23:36:59.275 [39mDEBUG[0;39m [7f750089-8d4f-46bc-b2f6-54fde441da7b] [http-nio-8081-exec-6] c.b.c.logging.MethodLoggingAspect - Factory enter: DefaultStorefrontFactory.products() args=[]
2025-11-15 23:36:59.276 [34mINFO [0;39m [7f750089-8d4f-46bc-b2f6-54fde441da7b] [http-nio-8081-exec-6] c.b.c.logging.MethodLoggingAspect - Factory exit: DefaultStorefrontFactory.products() (1 ms)
2025-11-15 23:36:59.276 [39mDEBUG[0;39m [7f750089-8d4f-46bc-b2f6-54fde441da7b] [http-nio-8081-exec-6] c.b.c.logging.MethodLoggingAspect - Factory result: DefaultStorefrontFactory.products() => (com.bharatshop.factory.impl.DefaultStorefrontFactory$1@6d94e706)
2025-11-15 23:36:59.276 [39mDEBUG[0;39m [7f750089-8d4f-46bc-b2f6-54fde441da7b] [http-nio-8081-exec-6] c.b.c.logging.MethodLoggingAspect - Service enter: ProductService.categories() args=[]
2025-11-15 23:36:59.280 [34mINFO [0;39m [7f750089-8d4f-46bc-b2f6-54fde441da7b] [http-nio-8081-exec-6] c.b.c.logging.MethodLoggingAspect - Service exit: ProductService.categories() (4 ms)
2025-11-15 23:36:59.281 [39mDEBUG[0;39m [7f750089-8d4f-46bc-b2f6-54fde441da7b] [http-nio-8081-exec-6] c.b.c.logging.MethodLoggingAspect - Service result: ProductService.categories() => ArrayList[size=4]
2025-11-15 23:36:59.281 [34mINFO [0;39m [7f750089-8d4f-46bc-b2f6-54fde441da7b] [http-nio-8081-exec-6] c.b.c.logging.MethodLoggingAspect - Controller exit: StoreDiscoveryController.globalCategories(..) -> status=200 (8 ms)
2025-11-15 23:36:59.281 [39mDEBUG[0;39m [7f750089-8d4f-46bc-b2f6-54fde441da7b] [http-nio-8081-exec-6] c.b.c.logging.MethodLoggingAspect - Controller result: StoreDiscoveryController.globalCategories(..) => ResponseEntity(status=200)
2025-11-15 23:36:59.283 [34mINFO [0;39m [7f750089-8d4f-46bc-b2f6-54fde441da7b] [http-nio-8081-exec-6] c.b.config.logging.HttpLoggingFilter - GET /api/categories -> 200 (11 ms)
2025-11-15 23:36:59.284 [34mINFO [0;39m [7f750089-8d4f-46bc-b2f6-54fde441da7b] [http-nio-8081-exec-6] c.b.config.logging.HttpLoggingFilter - Headers: auth=present content-type=null accept=application/json, text/plain, */*
2025-11-15 23:36:59.284 [34mINFO [0;39m [7f750089-8d4f-46bc-b2f6-54fde441da7b] [http-nio-8081-exec-6] c.b.config.logging.HttpLoggingFilter - Response payload: ["dairy","fruits","medicine","room"]
2025-11-15 23:36:59.293 [39mDEBUG[0;39m [66fe08d9-050b-4d75-9d34-f70718212a93] [http-nio-8081-exec-9] c.b.c.logging.MethodLoggingAspect - Controller enter: StoreDiscoveryController.globalCategories(..) args=[demo-store]
2025-11-15 23:36:59.293 [34mINFO [0;39m [66fe08d9-050b-4d75-9d34-f70718212a93] [http-nio-8081-exec-9] c.b.web.StoreDiscoveryController - Global categories requested: tenant=demo-store
2025-11-15 23:36:59.293 [39mDEBUG[0;39m [66fe08d9-050b-4d75-9d34-f70718212a93] [http-nio-8081-exec-9] c.b.c.logging.MethodLoggingAspect - Factory enter: FactoryProvider.getFactory(..) args=[demo-store]
2025-11-15 23:36:59.293 [34mINFO [0;39m [66fe08d9-050b-4d75-9d34-f70718212a93] [http-nio-8081-exec-9] c.b.c.logging.MethodLoggingAspect - Factory exit: FactoryProvider.getFactory(..) (0 ms)
2025-11-15 23:36:59.295 [39mDEBUG[0;39m [66fe08d9-050b-4d75-9d34-f70718212a93] [http-nio-8081-exec-9] c.b.c.logging.MethodLoggingAspect - Factory result: FactoryProvider.getFactory(..) => DefaultStorefrontFactory$$SpringCGLIB$$0(com.bharatshop.factory.impl.DefaultStorefrontFactory@434c179e)
2025-11-15 23:36:59.295 [39mDEBUG[0;39m [66fe08d9-050b-4d75-9d34-f70718212a93] [http-nio-8081-exec-9] c.b.c.logging.MethodLoggingAspect - Factory enter: DefaultStorefrontFactory.products() args=[]
2025-11-15 23:36:59.295 [34mINFO [0;39m [66fe08d9-050b-4d75-9d34-f70718212a93] [http-nio-8081-exec-9] c.b.c.logging.MethodLoggingAspect - Factory exit: DefaultStorefrontFactory.products() (0 ms)
2025-11-15 23:36:59.296 [39mDEBUG[0;39m [66fe08d9-050b-4d75-9d34-f70718212a93] [http-nio-8081-exec-9] c.b.c.logging.MethodLoggingAspect - Factory result: DefaultStorefrontFactory.products() => (com.bharatshop.factory.impl.DefaultStorefrontFactory$1@2fc35097)
2025-11-15 23:36:59.296 [39mDEBUG[0;39m [66fe08d9-050b-4d75-9d34-f70718212a93] [http-nio-8081-exec-9] c.b.c.logging.MethodLoggingAspect - Service enter: ProductService.categories() args=[]
2025-11-15 23:36:59.299 [34mINFO [0;39m [66fe08d9-050b-4d75-9d34-f70718212a93] [http-nio-8081-exec-9] c.b.c.logging.MethodLoggingAspect - Service exit: ProductService.categories() (3 ms)
2025-11-15 23:36:59.300 [39mDEBUG[0;39m [66fe08d9-050b-4d75-9d34-f70718212a93] [http-nio-8081-exec-9] c.b.c.logging.MethodLoggingAspect - Service result: ProductService.categories() => ArrayList[size=4]
2025-11-15 23:36:59.300 [34mINFO [0;39m [66fe08d9-050b-4d75-9d34-f70718212a93] [http-nio-8081-exec-9] c.b.c.logging.MethodLoggingAspect - Controller exit: StoreDiscoveryController.globalCategories(..) -> status=200 (7 ms)
2025-11-15 23:36:59.301 [39mDEBUG[0;39m [66fe08d9-050b-4d75-9d34-f70718212a93] [http-nio-8081-exec-9] c.b.c.logging.MethodLoggingAspect - Controller result: StoreDiscoveryController.globalCategories(..) => ResponseEntity(status=200)
2025-11-15 23:36:59.302 [34mINFO [0;39m [66fe08d9-050b-4d75-9d34-f70718212a93] [http-nio-8081-exec-9] c.b.config.logging.HttpLoggingFilter - GET /api/categories -> 200 (10 ms)
2025-11-15 23:36:59.302 [34mINFO [0;39m [66fe08d9-050b-4d75-9d34-f70718212a93] [http-nio-8081-exec-9] c.b.config.logging.HttpLoggingFilter - Headers: auth=present content-type=null accept=application/json, text/plain, */*
2025-11-15 23:36:59.302 [34mINFO [0;39m [66fe08d9-050b-4d75-9d34-f70718212a93] [http-nio-8081-exec-9] c.b.config.logging.HttpLoggingFilter - Response payload: ["dairy","fruits","medicine","room"]
