2025-11-11 00:00:22.360 [34mINFO [0;39m [e993f0dc-c12e-4f5e-8900-0813db79f360] [http-nio-8080-exec-7] com.bharatshop.web.CartController - Get cart: userId=guest
2025-11-11 00:00:22.377 [34mINFO [0;39m [e993f0dc-c12e-4f5e-8900-0813db79f360] [http-nio-8080-exec-7] c.b.config.logging.HttpLoggingFilter - GET /store/cart -> 200 (18 ms)
2025-11-11 00:00:22.380 [34mINFO [0;39m [e993f0dc-c12e-4f5e-8900-0813db79f360] [http-nio-8080-exec-7] c.b.config.logging.HttpLoggingFilter - Headers: auth=present content-type=null accept=application/json, text/plain, */*
2025-11-11 00:00:22.384 [34mINFO [0;39m [e993f0dc-c12e-4f5e-8900-0813db79f360] [http-nio-8080-exec-7] c.b.config.logging.HttpLoggingFilter - Response payload: []
2025-11-11 00:00:22.377 [34mINFO [0;39m [7388ff98-a3bf-49dc-a2c7-76c709937cec] [http-nio-8080-exec-9] c.b.config.logging.HttpLoggingFilter - GET /api/i18n/locales -> 404 (12 ms)
2025-11-11 00:00:22.393 [34mINFO [0;39m [7388ff98-a3bf-49dc-a2c7-76c709937cec] [http-nio-8080-exec-9] c.b.config.logging.HttpLoggingFilter - Headers: auth=present content-type=null accept=application/json, text/plain, */*
2025-11-11 00:00:22.461 [34mINFO [0;39m [c31c426a-dc2a-45dc-9cbd-2d81d1068393] [http-nio-8080-exec-8] com.bharatshop.web.CartController - Get cart: userId=guest
2025-11-11 00:00:22.462 [34mINFO [0;39m [c31c426a-dc2a-45dc-9cbd-2d81d1068393] [http-nio-8080-exec-8] c.b.config.logging.HttpLoggingFilter - GET /store/cart -> 200 (2 ms)
2025-11-11 00:00:22.463 [34mINFO [0;39m [4fc3bd77-e4ba-4b28-9b27-d34a89b04765] [http-nio-8080-exec-10] c.b.config.logging.HttpLoggingFilter - GET /api/i18n/locales -> 404 (3 ms)
2025-11-11 00:00:22.463 [34mINFO [0;39m [c31c426a-dc2a-45dc-9cbd-2d81d1068393] [http-nio-8080-exec-8] c.b.config.logging.HttpLoggingFilter - Headers: auth=present content-type=null accept=application/json, text/plain, */*
2025-11-11 00:00:22.463 [34mINFO [0;39m [4fc3bd77-e4ba-4b28-9b27-d34a89b04765] [http-nio-8080-exec-10] c.b.config.logging.HttpLoggingFilter - Headers: auth=present content-type=null accept=application/json, text/plain, */*
2025-11-11 00:00:22.463 [34mINFO [0;39m [c31c426a-dc2a-45dc-9cbd-2d81d1068393] [http-nio-8080-exec-8] c.b.config.logging.HttpLoggingFilter - Response payload: []
2025-11-11 00:00:22.490 [34mINFO [0;39m [922b3855-39a3-47bf-b127-e751651640b3] [http-nio-8080-exec-1] c.b.config.logging.HttpLoggingFilter - GET /api/seller/stores -> 401 (2 ms)
2025-11-11 00:00:22.490 [34mINFO [0;39m [922b3855-39a3-47bf-b127-e751651640b3] [http-nio-8080-exec-1] c.b.config.logging.HttpLoggingFilter - Headers: auth=present content-type=null accept=application/json, text/plain, */*
2025-11-11 00:00:22.509 [34mINFO [0;39m [ad39b7ed-ce09-451a-a6be-5faece294826] [http-nio-8080-exec-3] c.b.config.logging.HttpLoggingFilter - GET /api/i18n/translations?locale=en -> 404 (5 ms)
2025-11-11 00:00:22.510 [34mINFO [0;39m [ad39b7ed-ce09-451a-a6be-5faece294826] [http-nio-8080-exec-3] c.b.config.logging.HttpLoggingFilter - Headers: auth=present content-type=null accept=application/json, text/plain, */*
2025-11-11 00:00:22.521 [34mINFO [0;39m [054636b7-c12e-4201-8e9a-6b583d0851aa] [http-nio-8080-exec-4] c.b.config.logging.HttpLoggingFilter - GET /api/seller/stores -> 401 (2 ms)
2025-11-11 00:00:22.521 [34mINFO [0;39m [5a584169-13c7-412a-a8ee-f22cf189712a] [http-nio-8080-exec-2] c.b.web.StoreDiscoveryController - Global categories requested: tenant=demo-store
2025-11-11 00:00:22.521 [34mINFO [0;39m [054636b7-c12e-4201-8e9a-6b583d0851aa] [http-nio-8080-exec-4] c.b.config.logging.HttpLoggingFilter - Headers: auth=present content-type=null accept=application/json, text/plain, */*
2025-11-11 00:00:22.525 [34mINFO [0;39m [5a584169-13c7-412a-a8ee-f22cf189712a] [http-nio-8080-exec-2] c.b.config.logging.HttpLoggingFilter - GET /api/categories -> 200 (4 ms)
2025-11-11 00:00:22.527 [34mINFO [0;39m [5a584169-13c7-412a-a8ee-f22cf189712a] [http-nio-8080-exec-2] c.b.config.logging.HttpLoggingFilter - Headers: auth=present content-type=null accept=application/json, text/plain, */*
2025-11-11 00:00:22.527 [34mINFO [0;39m [5a584169-13c7-412a-a8ee-f22cf189712a] [http-nio-8080-exec-2] c.b.config.logging.HttpLoggingFilter - Response payload: ["dairy","fruits","medicine","room"]
2025-11-11 00:00:22.532 [34mINFO [0;39m [d5816b65-5a5f-4f31-834f-b9a6e422b719] [http-nio-8080-exec-5] c.b.config.logging.HttpLoggingFilter - GET /api/seller/stores -> 401 (2 ms)
2025-11-11 00:00:22.532 [34mINFO [0;39m [d5816b65-5a5f-4f31-834f-b9a6e422b719] [http-nio-8080-exec-5] c.b.config.logging.HttpLoggingFilter - Headers: auth=present content-type=null accept=application/json, text/plain, */*
2025-11-11 00:00:22.535 [34mINFO [0;39m [202d8d62-9c81-4ac4-b136-e32e54156676] [http-nio-8080-exec-6] c.b.web.StoreDiscoveryController - Global categories requested: tenant=demo-store
2025-11-11 00:00:22.541 [34mINFO [0;39m [202d8d62-9c81-4ac4-b136-e32e54156676] [http-nio-8080-exec-6] c.b.config.logging.HttpLoggingFilter - GET /api/categories -> 200 (6 ms)
2025-11-11 00:00:22.541 [34mINFO [0;39m [202d8d62-9c81-4ac4-b136-e32e54156676] [http-nio-8080-exec-6] c.b.config.logging.HttpLoggingFilter - Headers: auth=present content-type=null accept=application/json, text/plain, */*
2025-11-11 00:00:22.541 [34mINFO [0;39m [202d8d62-9c81-4ac4-b136-e32e54156676] [http-nio-8080-exec-6] c.b.config.logging.HttpLoggingFilter - Response payload: ["dairy","fruits","medicine","room"]
2025-11-11 00:00:50.229 [34mINFO [0;39m [59d3626a-31bc-47f2-9f7e-8e7e2535f0bb] [http-nio-8080-exec-7] c.b.config.logging.HttpLoggingFilter - GET /api/seller/orders -> 401 (1 ms)
2025-11-11 00:00:50.230 [34mINFO [0;39m [46c20deb-c407-4a98-9bd9-2dc0dc58b4a0] [http-nio-8080-exec-9] c.b.config.logging.HttpLoggingFilter - GET /api/seller/stores -> 401 (1 ms)
2025-11-11 00:00:50.230 [34mINFO [0;39m [59d3626a-31bc-47f2-9f7e-8e7e2535f0bb] [http-nio-8080-exec-7] c.b.config.logging.HttpLoggingFilter - Headers: auth=present content-type=null accept=application/json, text/plain, */*
2025-11-11 00:00:50.230 [34mINFO [0;39m [46c20deb-c407-4a98-9bd9-2dc0dc58b4a0] [http-nio-8080-exec-9] c.b.config.logging.HttpLoggingFilter - Headers: auth=present content-type=null accept=application/json, text/plain, */*
2025-11-11 00:00:50.230 [34mINFO [0;39m [59d3626a-31bc-47f2-9f7e-8e7e2535f0bb] [http-nio-8080-exec-7] c.b.config.logging.HttpLoggingFilter - Response payload: {"message":"Unauthorized"}
2025-11-11 00:00:50.242 [34mINFO [0;39m [afd28f37-9cb5-4c42-98ac-b4fa5bacfb9c] [http-nio-8080-exec-10] c.b.config.logging.HttpLoggingFilter - GET /api/seller/stores -> 401 (1 ms)
2025-11-11 00:00:50.241 [34mINFO [0;39m [26f8bad0-200c-4468-8b87-2c11304dbd21] [http-nio-8080-exec-8] c.b.config.logging.HttpLoggingFilter - GET /api/seller/orders -> 401 (1 ms)
2025-11-11 00:00:50.242 [34mINFO [0;39m [afd28f37-9cb5-4c42-98ac-b4fa5bacfb9c] [http-nio-8080-exec-10] c.b.config.logging.HttpLoggingFilter - Headers: auth=present content-type=null accept=application/json, text/plain, */*
2025-11-11 00:00:50.242 [34mINFO [0;39m [26f8bad0-200c-4468-8b87-2c11304dbd21] [http-nio-8080-exec-8] c.b.config.logging.HttpLoggingFilter - Headers: auth=present content-type=null accept=application/json, text/plain, */*
2025-11-11 00:00:50.242 [34mINFO [0;39m [26f8bad0-200c-4468-8b87-2c11304dbd21] [http-nio-8080-exec-8] c.b.config.logging.HttpLoggingFilter - Response payload: {"message":"Unauthorized"}
2025-11-11 00:00:59.475 [34mINFO [0;39m [239fdba5-61ed-4744-bd77-bbfa3639b084] [http-nio-8080-exec-1] c.b.web.StoreDiscoveryController - Discover stores: tenant=demo-store search=null category=null
2025-11-11 00:00:59.481 [34mINFO [0;39m [239fdba5-61ed-4744-bd77-bbfa3639b084] [http-nio-8080-exec-1] c.b.config.logging.HttpLoggingFilter - GET /api/stores -> 200 (6 ms)
2025-11-11 00:00:59.481 [34mINFO [0;39m [239fdba5-61ed-4744-bd77-bbfa3639b084] [http-nio-8080-exec-1] c.b.config.logging.HttpLoggingFilter - Headers: auth=present content-type=null accept=application/json, text/plain, */*
2025-11-11 00:00:59.481 [34mINFO [0;39m [239fdba5-61ed-4744-bd77-bbfa3639b084] [http-nio-8080-exec-1] c.b.config.logging.HttpLoggingFilter - Response payload: [{"id":"bfa1d1c5-54ec-4bde-b85d-14f70417e5bf","name":"City Pharmacy","area":"Brigade","category":"pharmacy","status":"open","orderingDisabled":false,"updatedAt":"2025-11-10T18:26:57.313368Z"},{"id":"506d327b-4902-45db-b790-c409659f2567","name":"Fresh Mart","area":"MG Road","category":"grocery","status":"open","orderingDisabled":false,"updatedAt":"2025-11-10T18:26:57.223590Z"},{"id":"c9311479-38db-42a6-9279-2c5842d26695","name":"Sunrise Hotel","area":"Beach","category":"hospitality","status":"open","orderingDisabled":false,"updatedAt":"2025-11-10T18:26:57.315764Z"}]
2025-11-11 00:01:00.604 [34mINFO [0;39m [d4c0fd8c-d2eb-41fb-bb73-e7ca37f0d4f8] [http-nio-8080-exec-3] c.b.web.StoreDiscoveryController - Get store: tenant=demo-store id=bfa1d1c5-54ec-4bde-b85d-14f70417e5bf
2025-11-11 00:01:00.604 [34mINFO [0;39m [35aba79c-6420-4b42-94bb-679aece4f1da] [http-nio-8080-exec-4] c.b.web.StoreDiscoveryController - Products by store: tenant=demo-store storeId=bfa1d1c5-54ec-4bde-b85d-14f70417e5bf
2025-11-11 00:01:00.608 [34mINFO [0;39m [d4c0fd8c-d2eb-41fb-bb73-e7ca37f0d4f8] [http-nio-8080-exec-3] c.b.web.StoreDiscoveryController - Get store success: id=bfa1d1c5-54ec-4bde-b85d-14f70417e5bf name=City Pharmacy 
2025-11-11 00:01:00.609 [34mINFO [0;39m [35aba79c-6420-4b42-94bb-679aece4f1da] [http-nio-8080-exec-4] c.b.config.logging.HttpLoggingFilter - GET /api/products?storeId=bfa1d1c5-54ec-4bde-b85d-14f70417e5bf -> 200 (7 ms)
2025-11-11 00:01:00.609 [34mINFO [0;39m [d4c0fd8c-d2eb-41fb-bb73-e7ca37f0d4f8] [http-nio-8080-exec-3] c.b.config.logging.HttpLoggingFilter - GET /api/stores/bfa1d1c5-54ec-4bde-b85d-14f70417e5bf -> 200 (7 ms)
2025-11-11 00:01:00.609 [34mINFO [0;39m [35aba79c-6420-4b42-94bb-679aece4f1da] [http-nio-8080-exec-4] c.b.config.logging.HttpLoggingFilter - Headers: auth=present content-type=null accept=application/json, text/plain, */*
2025-11-11 00:01:00.609 [34mINFO [0;39m [d4c0fd8c-d2eb-41fb-bb73-e7ca37f0d4f8] [http-nio-8080-exec-3] c.b.config.logging.HttpLoggingFilter - Headers: auth=present content-type=null accept=application/json, text/plain, */*
2025-11-11 00:01:00.609 [34mINFO [0;39m [35aba79c-6420-4b42-94bb-679aece4f1da] [http-nio-8080-exec-4] c.b.config.logging.HttpLoggingFilter - Response payload: [{"id":"ea7f3e0b-66a0-45a8-bb8a-a0cc5dc54902","name":"Paracetamol","price":35.0,"category":"medicine","storeId":"bfa1d1c5-54ec-4bde-b85d-14f70417e5bf","active":true}]
2025-11-11 00:01:00.609 [34mINFO [0;39m [d4c0fd8c-d2eb-41fb-bb73-e7ca37f0d4f8] [http-nio-8080-exec-3] c.b.config.logging.HttpLoggingFilter - Response payload: {"id":"bfa1d1c5-54ec-4bde-b85d-14f70417e5bf","name":"City Pharmacy","area":"Brigade","category":"pharmacy","status":"open","orderingDisabled":false,"updatedAt":"2025-11-10T18:26:57.313368Z"}
2025-11-11 00:01:37.919 [34mINFO [0;39m [04148823-efa5-4469-a2ea-ffa3e82dae28] [http-nio-8080-exec-2] c.b.web.StoreDiscoveryController - Get store: tenant=demo-store id=506d327b-4902-45db-b790-c409659f2567
2025-11-11 00:01:37.919 [34mINFO [0;39m [17587206-e3dd-415b-a4dd-0a6768725102] [http-nio-8080-exec-5] c.b.web.StoreDiscoveryController - Products by store: tenant=demo-store storeId=506d327b-4902-45db-b790-c409659f2567
2025-11-11 00:01:37.921 [34mINFO [0;39m [04148823-efa5-4469-a2ea-ffa3e82dae28] [http-nio-8080-exec-2] c.b.web.StoreDiscoveryController - Get store success: id=506d327b-4902-45db-b790-c409659f2567 name=Fresh Mart 
2025-11-11 00:01:37.922 [34mINFO [0;39m [17587206-e3dd-415b-a4dd-0a6768725102] [http-nio-8080-exec-5] c.b.config.logging.HttpLoggingFilter - GET /api/products?storeId=506d327b-4902-45db-b790-c409659f2567 -> 200 (3 ms)
2025-11-11 00:01:37.922 [34mINFO [0;39m [04148823-efa5-4469-a2ea-ffa3e82dae28] [http-nio-8080-exec-2] c.b.config.logging.HttpLoggingFilter - GET /api/stores/506d327b-4902-45db-b790-c409659f2567 -> 200 (3 ms)
2025-11-11 00:01:37.922 [34mINFO [0;39m [17587206-e3dd-415b-a4dd-0a6768725102] [http-nio-8080-exec-5] c.b.config.logging.HttpLoggingFilter - Headers: auth=present content-type=null accept=application/json, text/plain, */*
2025-11-11 00:01:37.923 [34mINFO [0;39m [17587206-e3dd-415b-a4dd-0a6768725102] [http-nio-8080-exec-5] c.b.config.logging.HttpLoggingFilter - Response payload: [{"id":"37ad5366-f817-4f76-adad-d51049b05456","name":"Apples","price":120.0,"category":"fruits","storeId":"506d327b-4902-45db-b790-c409659f2567","active":true},{"id":"07ba8411-f3c0-48f5-98b0-ba9eb6cafe66","name":"Milk","price":60.0,"category":"dairy","storeId":"506d327b-4902-45db-b790-c409659f2567","active":true}]
2025-11-11 00:01:37.923 [34mINFO [0;39m [04148823-efa5-4469-a2ea-ffa3e82dae28] [http-nio-8080-exec-2] c.b.config.logging.HttpLoggingFilter - Headers: auth=present content-type=null accept=application/json, text/plain, */*
2025-11-11 00:01:37.923 [34mINFO [0;39m [04148823-efa5-4469-a2ea-ffa3e82dae28] [http-nio-8080-exec-2] c.b.config.logging.HttpLoggingFilter - Response payload: {"id":"506d327b-4902-45db-b790-c409659f2567","name":"Fresh Mart","area":"MG Road","category":"grocery","status":"open","orderingDisabled":false,"updatedAt":"2025-11-10T18:26:57.223590Z"}
2025-11-11 00:01:48.276 [34mINFO [0;39m [ee75fdda-c7fa-4fba-a62f-f3d93f109916] [http-nio-8080-exec-6] c.b.web.StoreDiscoveryController - Discover stores: tenant=demo-store search=null category=null
2025-11-11 00:01:48.281 [34mINFO [0;39m [ee75fdda-c7fa-4fba-a62f-f3d93f109916] [http-nio-8080-exec-6] c.b.config.logging.HttpLoggingFilter - GET /api/stores -> 200 (5 ms)
2025-11-11 00:01:48.282 [34mINFO [0;39m [ee75fdda-c7fa-4fba-a62f-f3d93f109916] [http-nio-8080-exec-6] c.b.config.logging.HttpLoggingFilter - Headers: auth=present content-type=null accept=application/json, text/plain, */*
2025-11-11 00:01:48.282 [34mINFO [0;39m [ee75fdda-c7fa-4fba-a62f-f3d93f109916] [http-nio-8080-exec-6] c.b.config.logging.HttpLoggingFilter - Response payload: [{"id":"bfa1d1c5-54ec-4bde-b85d-14f70417e5bf","name":"City Pharmacy","area":"Brigade","category":"pharmacy","status":"open","orderingDisabled":false,"updatedAt":"2025-11-10T18:26:57.313368Z"},{"id":"506d327b-4902-45db-b790-c409659f2567","name":"Fresh Mart","area":"MG Road","category":"grocery","status":"open","orderingDisabled":false,"updatedAt":"2025-11-10T18:26:57.223590Z"},{"id":"c9311479-38db-42a6-9279-2c5842d26695","name":"Sunrise Hotel","area":"Beach","category":"hospitality","status":"open","orderingDisabled":false,"updatedAt":"2025-11-10T18:26:57.315764Z"}]
2025-11-11 00:01:53.977 [34mINFO [0;39m [4c467d80-957a-4161-ad8d-9f9bcb2212bc] [http-nio-8080-exec-9] c.b.web.StoreDiscoveryController - Discover stores: tenant=demo-store search=null category=null
2025-11-11 00:01:53.980 [34mINFO [0;39m [4c467d80-957a-4161-ad8d-9f9bcb2212bc] [http-nio-8080-exec-9] c.b.config.logging.HttpLoggingFilter - GET /api/stores -> 200 (3 ms)
2025-11-11 00:01:53.980 [34mINFO [0;39m [4c467d80-957a-4161-ad8d-9f9bcb2212bc] [http-nio-8080-exec-9] c.b.config.logging.HttpLoggingFilter - Headers: auth=present content-type=null accept=application/json, text/plain, */*
2025-11-11 00:01:53.980 [34mINFO [0;39m [4c467d80-957a-4161-ad8d-9f9bcb2212bc] [http-nio-8080-exec-9] c.b.config.logging.HttpLoggingFilter - Response payload: [{"id":"bfa1d1c5-54ec-4bde-b85d-14f70417e5bf","name":"City Pharmacy","area":"Brigade","category":"pharmacy","status":"open","orderingDisabled":false,"updatedAt":"2025-11-10T18:26:57.313368Z"},{"id":"506d327b-4902-45db-b790-c409659f2567","name":"Fresh Mart","area":"MG Road","category":"grocery","status":"open","orderingDisabled":false,"updatedAt":"2025-11-10T18:26:57.223590Z"},{"id":"c9311479-38db-42a6-9279-2c5842d26695","name":"Sunrise Hotel","area":"Beach","category":"hospitality","status":"open","orderingDisabled":false,"updatedAt":"2025-11-10T18:26:57.315764Z"}]
2025-11-11 10:47:24.633 [31mWARN [0;39m [] [HikariPool-1 housekeeper] com.zaxxer.hikari.pool.HikariPool - HikariPool-1 - Thread starvation or clock leap detected (housekeeper delta=9h58m59s770ms973µs700ns).
2025-11-11 18:33:41.680 [31mWARN [0;39m [] [HikariPool-1 housekeeper] com.zaxxer.hikari.pool.HikariPool - HikariPool-1 - Thread starvation or clock leap detected (housekeeper delta=7h46m21s764ms867µs300ns).
2025-11-11 20:56:57.436 [34mINFO [0;39m [69733ffa-940d-4c02-8466-09564624edee] [http-nio-8080-exec-7] c.b.config.logging.HttpLoggingFilter - GET /?ide_webview_request_time=1762451287293 -> 404 (35 ms)
2025-11-11 20:56:57.445 [34mINFO [0;39m [69733ffa-940d-4c02-8466-09564624edee] [http-nio-8080-exec-7] c.b.config.logging.HttpLoggingFilter - Headers: auth=absent content-type=null accept=text/html,application/xhtml+xml,application/xml;q=0.9,image/avif,image/webp,image/apng,*/*;q=0.8,application/signed-exchange;v=b3;q=0.7
2025-11-11 20:56:57.822 [34mINFO [0;39m [fca148fc-443f-4d5e-b303-4259c49a0923] [http-nio-8080-exec-10] c.b.config.logging.HttpLoggingFilter - GET /@vite/client -> 404 (10 ms)
2025-11-11 20:56:57.823 [34mINFO [0;39m [fca148fc-443f-4d5e-b303-4259c49a0923] [http-nio-8080-exec-10] c.b.config.logging.HttpLoggingFilter - Headers: auth=absent content-type=null accept=*/*
2025-11-11 21:00:01.917 [34mINFO [0;39m [] [main] c.bharatshop.BharatshopApplication - Starting BharatshopApplication using Java 17.0.12 with PID 4820 (C:\Users\Adarsh\Downloads\bharatshop-backend\target\classes started by Adarsh in C:\Users\Adarsh\Downloads\bharatshop-backend)
2025-11-11 21:00:01.919 [39mDEBUG[0;39m [] [main] c.bharatshop.BharatshopApplication - Running with Spring Boot v3.3.4, Spring v6.1.13
2025-11-11 21:00:01.920 [34mINFO [0;39m [] [main] c.bharatshop.BharatshopApplication - No active profile set, falling back to 1 default profile: "default"
2025-11-11 21:00:02.857 [34mINFO [0;39m [] [main] o.s.d.r.c.RepositoryConfigurationDelegate - Bootstrapping Spring Data JPA repositories in DEFAULT mode.
2025-11-11 21:00:02.930 [34mINFO [0;39m [] [main] o.s.d.r.c.RepositoryConfigurationDelegate - Finished Spring Data repository scanning in 62 ms. Found 5 JPA repository interfaces.
2025-11-11 21:00:03.726 [34mINFO [0;39m [] [main] o.s.b.w.e.tomcat.TomcatWebServer - Tomcat initialized with port 8081 (http)
2025-11-11 21:00:03.739 [34mINFO [0;39m [] [main] o.a.coyote.http11.Http11NioProtocol - Initializing ProtocolHandler ["http-nio-8081"]
2025-11-11 21:00:03.743 [34mINFO [0;39m [] [main] o.a.catalina.core.StandardService - Starting service [Tomcat]
2025-11-11 21:00:03.743 [34mINFO [0;39m [] [main] o.a.catalina.core.StandardEngine - Starting Servlet engine: [Apache Tomcat/10.1.30]
2025-11-11 21:00:03.839 [34mINFO [0;39m [] [main] o.a.c.c.C.[Tomcat].[localhost].[/] - Initializing Spring embedded WebApplicationContext
2025-11-11 21:00:03.839 [34mINFO [0;39m [] [main] o.s.b.w.s.c.ServletWebServerApplicationContext - Root WebApplicationContext: initialization completed in 1878 ms
2025-11-11 21:00:03.970 [34mINFO [0;39m [] [main] com.zaxxer.hikari.HikariDataSource - HikariPool-1 - Starting...
2025-11-11 21:00:04.179 [34mINFO [0;39m [] [main] com.zaxxer.hikari.pool.HikariPool - HikariPool-1 - Added connection conn0: url=jdbc:h2:mem:bharatshop user=SA
2025-11-11 21:00:04.181 [34mINFO [0;39m [] [main] com.zaxxer.hikari.HikariDataSource - HikariPool-1 - Start completed.
2025-11-11 21:00:04.193 [34mINFO [0;39m [] [main] o.s.b.a.h.H2ConsoleAutoConfiguration - H2 console available at '/h2-console'. Database available at 'jdbc:h2:mem:bharatshop'
2025-11-11 21:00:04.760 [34mINFO [0;39m [] [main] o.s.o.j.p.SpringPersistenceUnitInfo - No LoadTimeWeaver setup: ignoring JPA class transformer
2025-11-11 21:00:05.868 [34mINFO [0;39m [] [main] o.s.o.j.LocalContainerEntityManagerFactoryBean - Initialized JPA EntityManagerFactory for persistence unit 'default'
2025-11-11 21:00:06.161 [34mINFO [0;39m [] [main] c.b.config.NotificationConfig - SMS provider: Twilio
2025-11-11 21:00:06.312 [34mINFO [0;39m [] [main] c.b.config.NotificationConfig - Email provider: SMTP
2025-11-11 21:00:06.361 [39mDEBUG[0;39m [] [main] c.b.c.logging.CorrelationIdFilter - Filter 'correlationIdFilter' configured for use
2025-11-11 21:00:06.361 [39mDEBUG[0;39m [] [main] c.b.config.logging.HttpLoggingFilter - Filter 'httpLoggingFilter' configured for use
2025-11-11 21:00:06.363 [39mDEBUG[0;39m [] [main] com.bharatshop.config.TenantFilter - Filter 'tenantFilter' configured for use
2025-11-11 21:00:06.363 [39mDEBUG[0;39m [] [main] c.b.security.TokenAuthFilter - Filter 'tokenAuthFilter' configured for use
2025-11-11 21:00:06.732 [31mWARN [0;39m [] [main] o.s.b.a.o.j.JpaBaseConfiguration$JpaWebConfiguration - spring.jpa.open-in-view is enabled by default. Therefore, database queries may be performed during view rendering. Explicitly configure spring.jpa.open-in-view to disable this warning
2025-11-11 21:00:06.757 [31mWARN [0;39m [] [main] o.s.b.a.s.s.UserDetailsServiceAutoConfiguration - 

Using generated security password: 63a0e915-d89b-4049-ac24-e7625c071762

This generated password is for development use only. Your security configuration must be updated before running your application in production.

2025-11-11 21:00:06.774 [34mINFO [0;39m [] [main] o.s.s.c.a.a.c.InitializeUserDetailsBeanManagerConfigurer$InitializeUserDetailsManagerConfigurer - Global AuthenticationManager configured with UserDetailsService bean with name inMemoryUserDetailsManager
2025-11-11 21:00:07.132 [34mINFO [0;39m [] [main] o.s.b.a.e.web.EndpointLinksResolver - Exposing 4 endpoints beneath base path '/actuator'
2025-11-11 21:00:07.533 [34mINFO [0;39m [] [main] o.a.coyote.http11.Http11NioProtocol - Starting ProtocolHandler ["http-nio-8081"]
2025-11-11 21:00:07.545 [34mINFO [0;39m [] [main] o.s.b.w.e.tomcat.TomcatWebServer - Tomcat started on port 8081 (http) with context path '/'
2025-11-11 21:00:07.560 [34mINFO [0;39m [] [main] c.bharatshop.BharatshopApplication - Started BharatshopApplication in 6.232 seconds (process running for 6.616)
2025-11-11 21:00:51.709 [34mINFO [0;39m [] [http-nio-8081-exec-2] o.a.c.c.C.[Tomcat].[localhost].[/] - Initializing Spring DispatcherServlet 'dispatcherServlet'
2025-11-11 21:00:51.710 [34mINFO [0;39m [] [http-nio-8081-exec-2] o.s.web.servlet.DispatcherServlet - Initializing Servlet 'dispatcherServlet'
2025-11-11 21:00:51.711 [34mINFO [0;39m [] [http-nio-8081-exec-2] o.s.web.servlet.DispatcherServlet - Completed initialization in 1 ms
2025-11-11 21:00:51.849 [34mINFO [0;39m [f940f4dd-909a-4ba9-b9ff-7aae3be23bbe] [http-nio-8081-exec-2] com.bharatshop.web.AuthController - OTP send requested: phone=+917355460178
2025-11-11 21:00:51.849 [34mINFO [0;39m [f940f4dd-909a-4ba9-b9ff-7aae3be23bbe] [http-nio-8081-exec-2] com.bharatshop.service.AuthService - Sending OTP to phone=+917355460178
2025-11-11 21:00:51.850 [34mINFO [0;39m [f940f4dd-909a-4ba9-b9ff-7aae3be23bbe] [http-nio-8081-exec-2] com.bharatshop.service.AuthService - OTP generated: otpId=df762e32-68d5-43dc-a155-e8c4513ebe00 expiresAt=1762875171850
2025-11-11 21:00:52.947 [34mINFO [0;39m [f940f4dd-909a-4ba9-b9ff-7aae3be23bbe] [http-nio-8081-exec-2] c.b.s.TwilioNotificationService - Twilio SMS sent: phone=+917355460178 status=201
2025-11-11 21:00:53.052 [34mINFO [0;39m [f940f4dd-909a-4ba9-b9ff-7aae3be23bbe] [http-nio-8081-exec-2] c.b.config.logging.HttpLoggingFilter - POST /api/storefront/auth/otp/send -> 200 (1281 ms)
2025-11-11 21:00:53.053 [34mINFO [0;39m [f940f4dd-909a-4ba9-b9ff-7aae3be23bbe] [http-nio-8081-exec-2] c.b.config.logging.HttpLoggingFilter - Headers: auth=absent content-type=application/json accept=*/*
2025-11-11 21:00:53.053 [34mINFO [0;39m [f940f4dd-909a-4ba9-b9ff-7aae3be23bbe] [http-nio-8081-exec-2] c.b.config.logging.HttpLoggingFilter - Request payload: {"phone":"+917355460178"}
2025-11-11 21:00:53.053 [34mINFO [0;39m [f940f4dd-909a-4ba9-b9ff-7aae3be23bbe] [http-nio-8081-exec-2] c.b.config.logging.HttpLoggingFilter - Response payload: {"otpId":"df762e32-68d5-43dc-a155-e8c4513ebe00","otp":"512569","ttlSeconds":120,"success":true}
2025-11-11 21:01:04.770 [34mINFO [0;39m [2c230f34-da07-40d3-bb36-21f9ad73330a] [http-nio-8081-exec-3] c.b.web.StoreDiscoveryController - Discover stores: tenant=demo-store search=null category=null
2025-11-11 21:01:04.827 [34mINFO [0;39m [2c230f34-da07-40d3-bb36-21f9ad73330a] [http-nio-8081-exec-3] c.b.config.logging.HttpLoggingFilter - GET /api/stores -> 200 (65 ms)
2025-11-11 21:01:04.827 [34mINFO [0;39m [2c230f34-da07-40d3-bb36-21f9ad73330a] [http-nio-8081-exec-3] c.b.config.logging.HttpLoggingFilter - Headers: auth=absent content-type=null accept=application/json, text/plain, */*
2025-11-11 21:01:04.828 [34mINFO [0;39m [2c230f34-da07-40d3-bb36-21f9ad73330a] [http-nio-8081-exec-3] c.b.config.logging.HttpLoggingFilter - Response payload: [{"id":"589860e8-57c5-4969-b660-6c189da4f969","name":"City Pharmacy","area":"Brigade","category":"pharmacy","status":"open","orderingDisabled":false,"updatedAt":"2025-11-11T15:30:07.687625Z"},{"id":"e27ee72e-bd9e-4863-9dc0-e2a408309baa","name":"Fresh Mart","area":"MG Road","category":"grocery","status":"open","orderingDisabled":false,"updatedAt":"2025-11-11T15:30:07.605825Z"},{"id":"05a8ac4b-23cb-43d7-a387-f0d56be3bafa","name":"Sunrise Hotel","area":"Beach","category":"hospitality","status":"open","orderingDisabled":false,"updatedAt":"2025-11-11T15:30:07.687625Z"}]
2025-11-11 21:01:10.871 [34mINFO [0;39m [e1547e9c-ee8c-42c9-abc5-6be24b8ab58f] [http-nio-8081-exec-5] com.bharatshop.web.AuthController - OTP send requested: phone=+917355460178
2025-11-11 21:01:10.871 [34mINFO [0;39m [e1547e9c-ee8c-42c9-abc5-6be24b8ab58f] [http-nio-8081-exec-5] com.bharatshop.service.AuthService - Sending OTP to phone=+917355460178
2025-11-11 21:01:10.873 [34mINFO [0;39m [e1547e9c-ee8c-42c9-abc5-6be24b8ab58f] [http-nio-8081-exec-5] com.bharatshop.service.AuthService - OTP generated: otpId=c3349d79-5bf3-4b88-8524-b0ced2debbaf expiresAt=1762875190873
2025-11-11 21:01:12.244 [34mINFO [0;39m [e1547e9c-ee8c-42c9-abc5-6be24b8ab58f] [http-nio-8081-exec-5] c.b.s.TwilioNotificationService - Twilio SMS sent: phone=+917355460178 status=201
2025-11-11 21:01:12.247 [34mINFO [0;39m [e1547e9c-ee8c-42c9-abc5-6be24b8ab58f] [http-nio-8081-exec-5] c.b.config.logging.HttpLoggingFilter - POST /api/storefront/auth/otp/send -> 200 (1376 ms)
2025-11-11 21:01:12.247 [34mINFO [0;39m [e1547e9c-ee8c-42c9-abc5-6be24b8ab58f] [http-nio-8081-exec-5] c.b.config.logging.HttpLoggingFilter - Headers: auth=absent content-type=application/json accept=application/json, text/plain, */*
2025-11-11 21:01:12.247 [34mINFO [0;39m [e1547e9c-ee8c-42c9-abc5-6be24b8ab58f] [http-nio-8081-exec-5] c.b.config.logging.HttpLoggingFilter - Request payload: {"phone":"+917355460178","channel":"sms"}
2025-11-11 21:01:12.247 [34mINFO [0;39m [e1547e9c-ee8c-42c9-abc5-6be24b8ab58f] [http-nio-8081-exec-5] c.b.config.logging.HttpLoggingFilter - Response payload: {"otpId":"c3349d79-5bf3-4b88-8524-b0ced2debbaf","otp":"168191","ttlSeconds":120,"success":true}
2025-11-11 21:01:26.438 [34mINFO [0;39m [397793dd-25ba-4c79-b7ff-8a2fe0ce6991] [http-nio-8081-exec-6] com.bharatshop.web.AuthController - OTP verify requested: phone=+917355460178 otpPresent=true
2025-11-11 21:01:26.439 [34mINFO [0;39m [397793dd-25ba-4c79-b7ff-8a2fe0ce6991] [http-nio-8081-exec-6] com.bharatshop.service.AuthService - Verifying OTP for phone=+917355460178
2025-11-11 21:01:26.439 [34mINFO [0;39m [397793dd-25ba-4c79-b7ff-8a2fe0ce6991] [http-nio-8081-exec-6] com.bharatshop.service.AuthService - OTP verification success for phone=+917355460178
2025-11-11 21:01:26.439 [34mINFO [0;39m [397793dd-25ba-4c79-b7ff-8a2fe0ce6991] [http-nio-8081-exec-6] com.bharatshop.service.AuthService - Login (phone) attempt: phone=+917355460178
2025-11-11 21:01:26.453 [34mINFO [0;39m [397793dd-25ba-4c79-b7ff-8a2fe0ce6991] [http-nio-8081-exec-6] com.bharatshop.service.AuthService - Session created: userId=a326042f-d864-401e-8b0b-6274cb5771d5 role=USER
2025-11-11 21:01:26.453 [34mINFO [0;39m [397793dd-25ba-4c79-b7ff-8a2fe0ce6991] [http-nio-8081-exec-6] com.bharatshop.service.AuthService - Login (phone) success: userId=a326042f-d864-401e-8b0b-6274cb5771d5 token=eyJhbGciOiJIUzI1NiIsInR5cCI6IkpXVCJ9.eyJzdWIiOiJhMzI2MDQyZi1kODY0LTQwMWUtOGIwYi02Mjc0Y2I1NzcxZDUiLCJuYW1lIjoiVXNlcjAxNzgiLCJyb2xlIjoiVVNFUiIsImlhdCI6MTc2Mjg3NTA4NiwiZXhwIjoxNzYyODc4Njg2fQ.Zuv6TfhwgEioY5YnPYVAHBoRPghSRkDhqgFg0Z3PJiI role=USER 
2025-11-11 21:01:26.453 [1;31mERROR[0;39m [397793dd-25ba-4c79-b7ff-8a2fe0ce6991] [http-nio-8081-exec-6] c.b.config.GlobalExceptionHandler - Unhandled exception
java.lang.NullPointerException: Cannot invoke "com.bharatshop.domain.User.getId()" because "user" is null
	at com.bharatshop.web.AuthController.verifyOtp(AuthController.java:88)
	at java.base/jdk.internal.reflect.NativeMethodAccessorImpl.invoke0(Native Method)
	at java.base/jdk.internal.reflect.NativeMethodAccessorImpl.invoke(NativeMethodAccessorImpl.java:77)
	at java.base/jdk.internal.reflect.DelegatingMethodAccessorImpl.invoke(DelegatingMethodAccessorImpl.java:43)
	at java.base/java.lang.reflect.Method.invoke(Method.java:568)
	at org.springframework.web.method.support.InvocableHandlerMethod.doInvoke(InvocableHandlerMethod.java:255)
	at org.springframework.web.method.support.InvocableHandlerMethod.invokeForRequest(InvocableHandlerMethod.java:188)
	at org.springframework.web.servlet.mvc.method.annotation.ServletInvocableHandlerMethod.invokeAndHandle(ServletInvocableHandlerMethod.java:118)
	at org.springframework.web.servlet.mvc.method.annotation.RequestMappingHandlerAdapter.invokeHandlerMethod(RequestMappingHandlerAdapter.java:926)
	at org.springframework.web.servlet.mvc.method.annotation.RequestMappingHandlerAdapter.handleInternal(RequestMappingHandlerAdapter.java:831)
	at org.springframework.web.servlet.mvc.method.AbstractHandlerMethodAdapter.handle(AbstractHandlerMethodAdapter.java:87)
	at org.springframework.web.servlet.DispatcherServlet.doDispatch(DispatcherServlet.java:1089)
	at org.springframework.web.servlet.DispatcherServlet.doService(DispatcherServlet.java:979)
	at org.springframework.web.servlet.FrameworkServlet.processRequest(FrameworkServlet.java:1014)
	at org.springframework.web.servlet.FrameworkServlet.doPost(FrameworkServlet.java:914)
	at jakarta.servlet.http.HttpServlet.service(HttpServlet.java:590)
	at org.springframework.web.servlet.FrameworkServlet.service(FrameworkServlet.java:885)
	at jakarta.servlet.http.HttpServlet.service(HttpServlet.java:658)
	at org.apache.catalina.core.ApplicationFilterChain.internalDoFilter(ApplicationFilterChain.java:195)
	at org.apache.catalina.core.ApplicationFilterChain.doFilter(ApplicationFilterChain.java:140)
	at org.apache.tomcat.websocket.server.WsFilter.doFilter(WsFilter.java:51)
	at org.apache.catalina.core.ApplicationFilterChain.internalDoFilter(ApplicationFilterChain.java:164)
	at org.apache.catalina.core.ApplicationFilterChain.doFilter(ApplicationFilterChain.java:140)
	at org.springframework.web.filter.OncePerRequestFilter.doFilter(OncePerRequestFilter.java:110)
	at org.apache.catalina.core.ApplicationFilterChain.internalDoFilter(ApplicationFilterChain.java:164)
	at org.apache.catalina.core.ApplicationFilterChain.doFilter(ApplicationFilterChain.java:140)
	at com.bharatshop.config.TenantFilter.doFilterInternal(TenantFilter.java:31)
	at org.springframework.web.filter.OncePerRequestFilter.doFilter(OncePerRequestFilter.java:116)
	at org.apache.catalina.core.ApplicationFilterChain.internalDoFilter(ApplicationFilterChain.java:164)
	at org.apache.catalina.core.ApplicationFilterChain.doFilter(ApplicationFilterChain.java:140)
	at com.bharatshop.config.logging.HttpLoggingFilter.doFilterInternal(HttpLoggingFilter.java:32)
	at org.springframework.web.filter.OncePerRequestFilter.doFilter(OncePerRequestFilter.java:116)
	at org.apache.catalina.core.ApplicationFilterChain.internalDoFilter(ApplicationFilterChain.java:164)
	at org.apache.catalina.core.ApplicationFilterChain.doFilter(ApplicationFilterChain.java:140)
	at com.bharatshop.config.logging.CorrelationIdFilter.doFilterInternal(CorrelationIdFilter.java:29)
	at org.springframework.web.filter.OncePerRequestFilter.doFilter(OncePerRequestFilter.java:116)
	at org.apache.catalina.core.ApplicationFilterChain.internalDoFilter(ApplicationFilterChain.java:164)
	at org.apache.catalina.core.ApplicationFilterChain.doFilter(ApplicationFilterChain.java:140)
	at org.springframework.web.filter.CompositeFilter$VirtualFilterChain.doFilter(CompositeFilter.java:108)
	at org.springframework.security.web.FilterChainProxy.lambda$doFilterInternal$3(FilterChainProxy.java:231)
	at org.springframework.security.web.ObservationFilterChainDecorator$FilterObservation$SimpleFilterObservation.lambda$wrap$1(ObservationFilterChainDecorator.java:479)
	at org.springframework.security.web.ObservationFilterChainDecorator$AroundFilterObservation$SimpleAroundFilterObservation.lambda$wrap$1(ObservationFilterChainDecorator.java:340)
	at org.springframework.security.web.ObservationFilterChainDecorator.lambda$wrapSecured$0(ObservationFilterChainDecorator.java:82)
	at org.springframework.security.web.ObservationFilterChainDecorator$VirtualFilterChain.doFilter(ObservationFilterChainDecorator.java:128)
	at org.springframework.security.web.access.intercept.AuthorizationFilter.doFilter(AuthorizationFilter.java:100)
	at org.springframework.security.web.ObservationFilterChainDecorator$ObservationFilter.wrapFilter(ObservationFilterChainDecorator.java:240)
	at org.springframework.security.web.ObservationFilterChainDecorator$ObservationFilter.doFilter(ObservationFilterChainDecorator.java:227)
	at org.springframework.security.web.ObservationFilterChainDecorator$VirtualFilterChain.doFilter(ObservationFilterChainDecorator.java:137)
	at org.springframework.security.web.access.ExceptionTranslationFilter.doFilter(ExceptionTranslationFilter.java:126)
	at org.springframework.security.web.access.ExceptionTranslationFilter.doFilter(ExceptionTranslationFilter.java:120)
	at org.springframework.security.web.ObservationFilterChainDecorator$ObservationFilter.wrapFilter(ObservationFilterChainDecorator.java:240)
	at org.springframework.security.web.ObservationFilterChainDecorator$ObservationFilter.doFilter(ObservationFilterChainDecorator.java:227)
	at org.springframework.security.web.ObservationFilterChainDecorator$VirtualFilterChain.doFilter(ObservationFilterChainDecorator.java:137)
	at org.springframework.security.web.authentication.AnonymousAuthenticationFilter.doFilter(AnonymousAuthenticationFilter.java:100)
	at org.springframework.security.web.ObservationFilterChainDecorator$ObservationFilter.wrapFilter(ObservationFilterChainDecorator.java:240)
	at org.springframework.security.web.ObservationFilterChainDecorator$ObservationFilter.doFilter(ObservationFilterChainDecorator.java:227)
	at org.springframework.security.web.ObservationFilterChainDecorator$VirtualFilterChain.doFilter(ObservationFilterChainDecorator.java:137)
	at org.springframework.security.web.servletapi.SecurityContextHolderAwareRequestFilter.doFilter(SecurityContextHolderAwareRequestFilter.java:179)
	at org.springframework.security.web.ObservationFilterChainDecorator$ObservationFilter.wrapFilter(ObservationFilterChainDecorator.java:240)
	at org.springframework.security.web.ObservationFilterChainDecorator$ObservationFilter.doFilter(ObservationFilterChainDecorator.java:227)
	at org.springframework.security.web.ObservationFilterChainDecorator$VirtualFilterChain.doFilter(ObservationFilterChainDecorator.java:137)
	at org.springframework.security.web.savedrequest.RequestCacheAwareFilter.doFilter(RequestCacheAwareFilter.java:63)
	at org.springframework.security.web.ObservationFilterChainDecorator$ObservationFilter.wrapFilter(ObservationFilterChainDecorator.java:240)
	at org.springframework.security.web.ObservationFilterChainDecorator$ObservationFilter.doFilter(ObservationFilterChainDecorator.java:227)
	at org.springframework.security.web.ObservationFilterChainDecorator$VirtualFilterChain.doFilter(ObservationFilterChainDecorator.java:137)
	at com.bharatshop.security.TokenAuthFilter.doFilterInternal(TokenAuthFilter.java:47)
	at org.springframework.web.filter.OncePerRequestFilter.doFilter(OncePerRequestFilter.java:116)
	at org.springframework.security.web.ObservationFilterChainDecorator$ObservationFilter.wrapFilter(ObservationFilterChainDecorator.java:240)
	at org.springframework.security.web.ObservationFilterChainDecorator$ObservationFilter.doFilter(ObservationFilterChainDecorator.java:227)
	at org.springframework.security.web.ObservationFilterChainDecorator$VirtualFilterChain.doFilter(ObservationFilterChainDecorator.java:137)
	at org.springframework.security.web.authentication.logout.LogoutFilter.doFilter(LogoutFilter.java:107)
	at org.springframework.security.web.authentication.logout.LogoutFilter.doFilter(LogoutFilter.java:93)
	at org.springframework.security.web.ObservationFilterChainDecorator$ObservationFilter.wrapFilter(ObservationFilterChainDecorator.java:240)
	at org.springframework.security.web.ObservationFilterChainDecorator$ObservationFilter.doFilter(ObservationFilterChainDecorator.java:227)
	at org.springframework.security.web.ObservationFilterChainDecorator$VirtualFilterChain.doFilter(ObservationFilterChainDecorator.java:137)
	at org.springframework.web.filter.CorsFilter.doFilterInternal(CorsFilter.java:91)
	at org.springframework.web.filter.OncePerRequestFilter.doFilter(OncePerRequestFilter.java:116)
	at org.springframework.security.web.ObservationFilterChainDecorator$ObservationFilter.wrapFilter(ObservationFilterChainDecorator.java:240)
	at org.springframework.security.web.ObservationFilterChainDecorator$ObservationFilter.doFilter(ObservationFilterChainDecorator.java:227)
	at org.springframework.security.web.ObservationFilterChainDecorator$VirtualFilterChain.doFilter(ObservationFilterChainDecorator.java:137)
	at org.springframework.security.web.header.HeaderWriterFilter.doHeadersAfter(HeaderWriterFilter.java:90)
	at org.springframework.security.web.header.HeaderWriterFilter.doFilterInternal(HeaderWriterFilter.java:75)
	at org.springframework.web.filter.OncePerRequestFilter.doFilter(OncePerRequestFilter.java:116)
	at org.springframework.security.web.ObservationFilterChainDecorator$ObservationFilter.wrapFilter(ObservationFilterChainDecorator.java:240)
	at org.springframework.security.web.ObservationFilterChainDecorator$ObservationFilter.doFilter(ObservationFilterChainDecorator.java:227)
	at org.springframework.security.web.ObservationFilterChainDecorator$VirtualFilterChain.doFilter(ObservationFilterChainDecorator.java:137)
	at org.springframework.security.web.context.SecurityContextHolderFilter.doFilter(SecurityContextHolderFilter.java:82)
	at org.springframework.security.web.context.SecurityContextHolderFilter.doFilter(SecurityContextHolderFilter.java:69)
	at org.springframework.security.web.ObservationFilterChainDecorator$ObservationFilter.wrapFilter(ObservationFilterChainDecorator.java:240)
	at org.springframework.security.web.ObservationFilterChainDecorator$ObservationFilter.doFilter(ObservationFilterChainDecorator.java:227)
	at org.springframework.security.web.ObservationFilterChainDecorator$VirtualFilterChain.doFilter(ObservationFilterChainDecorator.java:137)
	at org.springframework.security.web.context.request.async.WebAsyncManagerIntegrationFilter.doFilterInternal(WebAsyncManagerIntegrationFilter.java:62)
	at org.springframework.web.filter.OncePerRequestFilter.doFilter(OncePerRequestFilter.java:116)
	at org.springframework.security.web.ObservationFilterChainDecorator$ObservationFilter.wrapFilter(ObservationFilterChainDecorator.java:240)
	at org.springframework.security.web.ObservationFilterChainDecorator$ObservationFilter.doFilter(ObservationFilterChainDecorator.java:227)
	at org.springframework.security.web.ObservationFilterChainDecorator$VirtualFilterChain.doFilter(ObservationFilterChainDecorator.java:137)
	at org.springframework.security.web.session.DisableEncodeUrlFilter.doFilterInternal(DisableEncodeUrlFilter.java:42)
	at org.springframework.web.filter.OncePerRequestFilter.doFilter(OncePerRequestFilter.java:116)
	at org.springframework.security.web.ObservationFilterChainDecorator$ObservationFilter.wrapFilter(ObservationFilterChainDecorator.java:240)
	at org.springframework.security.web.ObservationFilterChainDecorator$AroundFilterObservation$SimpleAroundFilterObservation.lambda$wrap$0(ObservationFilterChainDecorator.java:323)
	at org.springframework.security.web.ObservationFilterChainDecorator$ObservationFilter.doFilter(ObservationFilterChainDecorator.java:224)
	at org.springframework.security.web.ObservationFilterChainDecorator$VirtualFilterChain.doFilter(ObservationFilterChainDecorator.java:137)
	at org.springframework.security.web.FilterChainProxy.doFilterInternal(FilterChainProxy.java:233)
	at org.springframework.security.web.FilterChainProxy.doFilter(FilterChainProxy.java:191)
	at org.springframework.web.filter.CompositeFilter$VirtualFilterChain.doFilter(CompositeFilter.java:113)
	at org.springframework.web.servlet.handler.HandlerMappingIntrospector.lambda$createCacheFilter$3(HandlerMappingIntrospector.java:195)
	at org.springframework.web.filter.CompositeFilter$VirtualFilterChain.doFilter(CompositeFilter.java:113)
	at org.springframework.web.filter.CompositeFilter.doFilter(CompositeFilter.java:74)
	at org.springframework.security.config.annotation.web.configuration.WebMvcSecurityConfiguration$CompositeFilterChainProxy.doFilter(WebMvcSecurityConfiguration.java:230)
	at org.springframework.web.filter.DelegatingFilterProxy.invokeDelegate(DelegatingFilterProxy.java:352)
	at org.springframework.web.filter.DelegatingFilterProxy.doFilter(DelegatingFilterProxy.java:268)
	at org.apache.catalina.core.ApplicationFilterChain.internalDoFilter(ApplicationFilterChain.java:164)
	at org.apache.catalina.core.ApplicationFilterChain.doFilter(ApplicationFilterChain.java:140)
	at org.springframework.web.filter.RequestContextFilter.doFilterInternal(RequestContextFilter.java:100)
	at org.springframework.web.filter.OncePerRequestFilter.doFilter(OncePerRequestFilter.java:116)
	at org.apache.catalina.core.ApplicationFilterChain.internalDoFilter(ApplicationFilterChain.java:164)
	at org.apache.catalina.core.ApplicationFilterChain.doFilter(ApplicationFilterChain.java:140)
	at org.springframework.web.filter.FormContentFilter.doFilterInternal(FormContentFilter.java:93)
	at org.springframework.web.filter.OncePerRequestFilter.doFilter(OncePerRequestFilter.java:116)
	at org.apache.catalina.core.ApplicationFilterChain.internalDoFilter(ApplicationFilterChain.java:164)
	at org.apache.catalina.core.ApplicationFilterChain.doFilter(ApplicationFilterChain.java:140)
	at org.springframework.web.filter.ServerHttpObservationFilter.doFilterInternal(ServerHttpObservationFilter.java:113)
	at org.springframework.web.filter.OncePerRequestFilter.doFilter(OncePerRequestFilter.java:116)
	at org.apache.catalina.core.ApplicationFilterChain.internalDoFilter(ApplicationFilterChain.java:164)
	at org.apache.catalina.core.ApplicationFilterChain.doFilter(ApplicationFilterChain.java:140)
	at org.springframework.web.filter.CharacterEncodingFilter.doFilterInternal(CharacterEncodingFilter.java:201)
	at org.springframework.web.filter.OncePerRequestFilter.doFilter(OncePerRequestFilter.java:116)
	at org.apache.catalina.core.ApplicationFilterChain.internalDoFilter(ApplicationFilterChain.java:164)
	at org.apache.catalina.core.ApplicationFilterChain.doFilter(ApplicationFilterChain.java:140)
	at org.apache.catalina.core.StandardWrapperValve.invoke(StandardWrapperValve.java:167)
	at org.apache.catalina.core.StandardContextValve.invoke(StandardContextValve.java:90)
	at org.apache.catalina.authenticator.AuthenticatorBase.invoke(AuthenticatorBase.java:483)
	at org.apache.catalina.core.StandardHostValve.invoke(StandardHostValve.java:115)
	at org.apache.catalina.valves.ErrorReportValve.invoke(ErrorReportValve.java:93)
	at org.apache.catalina.core.StandardEngineValve.invoke(StandardEngineValve.java:74)
	at org.apache.catalina.valves.AbstractAccessLogValve.invoke(AbstractAccessLogValve.java:663)
	at org.apache.catalina.connector.CoyoteAdapter.service(CoyoteAdapter.java:344)
	at org.apache.coyote.http11.Http11Processor.service(Http11Processor.java:384)
	at org.apache.coyote.AbstractProcessorLight.process(AbstractProcessorLight.java:63)
	at org.apache.coyote.AbstractProtocol$ConnectionHandler.process(AbstractProtocol.java:905)
	at org.apache.tomcat.util.net.NioEndpoint$SocketProcessor.doRun(NioEndpoint.java:1741)
	at org.apache.tomcat.util.net.SocketProcessorBase.run(SocketProcessorBase.java:52)
	at org.apache.tomcat.util.threads.ThreadPoolExecutor.runWorker(ThreadPoolExecutor.java:1190)
	at org.apache.tomcat.util.threads.ThreadPoolExecutor$Worker.run(ThreadPoolExecutor.java:659)
	at org.apache.tomcat.util.threads.TaskThread$WrappingRunnable.run(TaskThread.java:63)
	at java.base/java.lang.Thread.run(Thread.java:842)
2025-11-11 21:01:26.466 [34mINFO [0;39m [397793dd-25ba-4c79-b7ff-8a2fe0ce6991] [http-nio-8081-exec-6] c.b.config.logging.HttpLoggingFilter - POST /api/storefront/auth/otp/verify -> 500 (29 ms)
2025-11-11 21:01:26.466 [34mINFO [0;39m [397793dd-25ba-4c79-b7ff-8a2fe0ce6991] [http-nio-8081-exec-6] c.b.config.logging.HttpLoggingFilter - Headers: auth=absent content-type=application/json accept=application/json, text/plain, */*
2025-11-11 21:01:26.468 [34mINFO [0;39m [397793dd-25ba-4c79-b7ff-8a2fe0ce6991] [http-nio-8081-exec-6] c.b.config.logging.HttpLoggingFilter - Request payload: {"phone":"+917355460178","otp":"168191"}
2025-11-11 21:01:26.468 [34mINFO [0;39m [397793dd-25ba-4c79-b7ff-8a2fe0ce6991] [http-nio-8081-exec-6] c.b.config.logging.HttpLoggingFilter - Response payload: {"message":"Cannot invoke \"com.bharatshop.domain.User.getId()\" because \"user\" is null"}
2025-11-11 21:01:31.285 [34mINFO [0;39m [e0f6eede-e0ab-4c77-87c2-d38bf50d1ad7] [http-nio-8081-exec-4] com.bharatshop.web.AuthController - OTP verify requested: phone=+917355460178 otpPresent=true
2025-11-11 21:01:31.286 [34mINFO [0;39m [e0f6eede-e0ab-4c77-87c2-d38bf50d1ad7] [http-nio-8081-exec-4] com.bharatshop.service.AuthService - Verifying OTP for phone=+917355460178
2025-11-11 21:01:31.286 [34mINFO [0;39m [e0f6eede-e0ab-4c77-87c2-d38bf50d1ad7] [http-nio-8081-exec-4] com.bharatshop.service.AuthService - OTP verification success for phone=+917355460178
2025-11-11 21:01:31.286 [34mINFO [0;39m [e0f6eede-e0ab-4c77-87c2-d38bf50d1ad7] [http-nio-8081-exec-4] com.bharatshop.service.AuthService - Login (phone) attempt: phone=+917355460178
2025-11-11 21:01:31.288 [34mINFO [0;39m [e0f6eede-e0ab-4c77-87c2-d38bf50d1ad7] [http-nio-8081-exec-4] com.bharatshop.service.AuthService - Session created: userId=a326042f-d864-401e-8b0b-6274cb5771d5 role=USER
2025-11-11 21:01:31.289 [34mINFO [0;39m [e0f6eede-e0ab-4c77-87c2-d38bf50d1ad7] [http-nio-8081-exec-4] com.bharatshop.service.AuthService - Login (phone) success: userId=a326042f-d864-401e-8b0b-6274cb5771d5 token=eyJhbGciOiJIUzI1NiIsInR5cCI6IkpXVCJ9.eyJzdWIiOiJhMzI2MDQyZi1kODY0LTQwMWUtOGIwYi02Mjc0Y2I1NzcxZDUiLCJuYW1lIjoiVXNlcjAxNzgiLCJyb2xlIjoiVVNFUiIsImlhdCI6MTc2Mjg3NTA5MSwiZXhwIjoxNzYyODc4NjkxfQ.Eg1E1NZBoQvh1x9hUnClDmkykolaAog0JBLNfj3gIEI role=USER 
2025-11-11 21:01:31.289 [1;31mERROR[0;39m [e0f6eede-e0ab-4c77-87c2-d38bf50d1ad7] [http-nio-8081-exec-4] c.b.config.GlobalExceptionHandler - Unhandled exception
java.lang.NullPointerException: Cannot invoke "com.bharatshop.domain.User.getId()" because "user" is null
	at com.bharatshop.web.AuthController.verifyOtp(AuthController.java:88)
	at java.base/jdk.internal.reflect.NativeMethodAccessorImpl.invoke0(Native Method)
	at java.base/jdk.internal.reflect.NativeMethodAccessorImpl.invoke(NativeMethodAccessorImpl.java:77)
	at java.base/jdk.internal.reflect.DelegatingMethodAccessorImpl.invoke(DelegatingMethodAccessorImpl.java:43)
	at java.base/java.lang.reflect.Method.invoke(Method.java:568)
	at org.springframework.web.method.support.InvocableHandlerMethod.doInvoke(InvocableHandlerMethod.java:255)
	at org.springframework.web.method.support.InvocableHandlerMethod.invokeForRequest(InvocableHandlerMethod.java:188)
	at org.springframework.web.servlet.mvc.method.annotation.ServletInvocableHandlerMethod.invokeAndHandle(ServletInvocableHandlerMethod.java:118)
	at org.springframework.web.servlet.mvc.method.annotation.RequestMappingHandlerAdapter.invokeHandlerMethod(RequestMappingHandlerAdapter.java:926)
	at org.springframework.web.servlet.mvc.method.annotation.RequestMappingHandlerAdapter.handleInternal(RequestMappingHandlerAdapter.java:831)
	at org.springframework.web.servlet.mvc.method.AbstractHandlerMethodAdapter.handle(AbstractHandlerMethodAdapter.java:87)
	at org.springframework.web.servlet.DispatcherServlet.doDispatch(DispatcherServlet.java:1089)
	at org.springframework.web.servlet.DispatcherServlet.doService(DispatcherServlet.java:979)
	at org.springframework.web.servlet.FrameworkServlet.processRequest(FrameworkServlet.java:1014)
	at org.springframework.web.servlet.FrameworkServlet.doPost(FrameworkServlet.java:914)
	at jakarta.servlet.http.HttpServlet.service(HttpServlet.java:590)
	at org.springframework.web.servlet.FrameworkServlet.service(FrameworkServlet.java:885)
	at jakarta.servlet.http.HttpServlet.service(HttpServlet.java:658)
	at org.apache.catalina.core.ApplicationFilterChain.internalDoFilter(ApplicationFilterChain.java:195)
	at org.apache.catalina.core.ApplicationFilterChain.doFilter(ApplicationFilterChain.java:140)
	at org.apache.tomcat.websocket.server.WsFilter.doFilter(WsFilter.java:51)
	at org.apache.catalina.core.ApplicationFilterChain.internalDoFilter(ApplicationFilterChain.java:164)
	at org.apache.catalina.core.ApplicationFilterChain.doFilter(ApplicationFilterChain.java:140)
	at org.springframework.web.filter.OncePerRequestFilter.doFilter(OncePerRequestFilter.java:110)
	at org.apache.catalina.core.ApplicationFilterChain.internalDoFilter(ApplicationFilterChain.java:164)
	at org.apache.catalina.core.ApplicationFilterChain.doFilter(ApplicationFilterChain.java:140)
	at com.bharatshop.config.TenantFilter.doFilterInternal(TenantFilter.java:31)
	at org.springframework.web.filter.OncePerRequestFilter.doFilter(OncePerRequestFilter.java:116)
	at org.apache.catalina.core.ApplicationFilterChain.internalDoFilter(ApplicationFilterChain.java:164)
	at org.apache.catalina.core.ApplicationFilterChain.doFilter(ApplicationFilterChain.java:140)
	at com.bharatshop.config.logging.HttpLoggingFilter.doFilterInternal(HttpLoggingFilter.java:32)
	at org.springframework.web.filter.OncePerRequestFilter.doFilter(OncePerRequestFilter.java:116)
	at org.apache.catalina.core.ApplicationFilterChain.internalDoFilter(ApplicationFilterChain.java:164)
	at org.apache.catalina.core.ApplicationFilterChain.doFilter(ApplicationFilterChain.java:140)
	at com.bharatshop.config.logging.CorrelationIdFilter.doFilterInternal(CorrelationIdFilter.java:29)
	at org.springframework.web.filter.OncePerRequestFilter.doFilter(OncePerRequestFilter.java:116)
	at org.apache.catalina.core.ApplicationFilterChain.internalDoFilter(ApplicationFilterChain.java:164)
	at org.apache.catalina.core.ApplicationFilterChain.doFilter(ApplicationFilterChain.java:140)
	at org.springframework.web.filter.CompositeFilter$VirtualFilterChain.doFilter(CompositeFilter.java:108)
	at org.springframework.security.web.FilterChainProxy.lambda$doFilterInternal$3(FilterChainProxy.java:231)
	at org.springframework.security.web.ObservationFilterChainDecorator$FilterObservation$SimpleFilterObservation.lambda$wrap$1(ObservationFilterChainDecorator.java:479)
	at org.springframework.security.web.ObservationFilterChainDecorator$AroundFilterObservation$SimpleAroundFilterObservation.lambda$wrap$1(ObservationFilterChainDecorator.java:340)
	at org.springframework.security.web.ObservationFilterChainDecorator.lambda$wrapSecured$0(ObservationFilterChainDecorator.java:82)
	at org.springframework.security.web.ObservationFilterChainDecorator$VirtualFilterChain.doFilter(ObservationFilterChainDecorator.java:128)
	at org.springframework.security.web.access.intercept.AuthorizationFilter.doFilter(AuthorizationFilter.java:100)
	at org.springframework.security.web.ObservationFilterChainDecorator$ObservationFilter.wrapFilter(ObservationFilterChainDecorator.java:240)
	at org.springframework.security.web.ObservationFilterChainDecorator$ObservationFilter.doFilter(ObservationFilterChainDecorator.java:227)
	at org.springframework.security.web.ObservationFilterChainDecorator$VirtualFilterChain.doFilter(ObservationFilterChainDecorator.java:137)
	at org.springframework.security.web.access.ExceptionTranslationFilter.doFilter(ExceptionTranslationFilter.java:126)
	at org.springframework.security.web.access.ExceptionTranslationFilter.doFilter(ExceptionTranslationFilter.java:120)
	at org.springframework.security.web.ObservationFilterChainDecorator$ObservationFilter.wrapFilter(ObservationFilterChainDecorator.java:240)
	at org.springframework.security.web.ObservationFilterChainDecorator$ObservationFilter.doFilter(ObservationFilterChainDecorator.java:227)
	at org.springframework.security.web.ObservationFilterChainDecorator$VirtualFilterChain.doFilter(ObservationFilterChainDecorator.java:137)
	at org.springframework.security.web.authentication.AnonymousAuthenticationFilter.doFilter(AnonymousAuthenticationFilter.java:100)
	at org.springframework.security.web.ObservationFilterChainDecorator$ObservationFilter.wrapFilter(ObservationFilterChainDecorator.java:240)
	at org.springframework.security.web.ObservationFilterChainDecorator$ObservationFilter.doFilter(ObservationFilterChainDecorator.java:227)
	at org.springframework.security.web.ObservationFilterChainDecorator$VirtualFilterChain.doFilter(ObservationFilterChainDecorator.java:137)
	at org.springframework.security.web.servletapi.SecurityContextHolderAwareRequestFilter.doFilter(SecurityContextHolderAwareRequestFilter.java:179)
	at org.springframework.security.web.ObservationFilterChainDecorator$ObservationFilter.wrapFilter(ObservationFilterChainDecorator.java:240)
	at org.springframework.security.web.ObservationFilterChainDecorator$ObservationFilter.doFilter(ObservationFilterChainDecorator.java:227)
	at org.springframework.security.web.ObservationFilterChainDecorator$VirtualFilterChain.doFilter(ObservationFilterChainDecorator.java:137)
	at org.springframework.security.web.savedrequest.RequestCacheAwareFilter.doFilter(RequestCacheAwareFilter.java:63)
	at org.springframework.security.web.ObservationFilterChainDecorator$ObservationFilter.wrapFilter(ObservationFilterChainDecorator.java:240)
	at org.springframework.security.web.ObservationFilterChainDecorator$ObservationFilter.doFilter(ObservationFilterChainDecorator.java:227)
	at org.springframework.security.web.ObservationFilterChainDecorator$VirtualFilterChain.doFilter(ObservationFilterChainDecorator.java:137)
	at com.bharatshop.security.TokenAuthFilter.doFilterInternal(TokenAuthFilter.java:47)
	at org.springframework.web.filter.OncePerRequestFilter.doFilter(OncePerRequestFilter.java:116)
	at org.springframework.security.web.ObservationFilterChainDecorator$ObservationFilter.wrapFilter(ObservationFilterChainDecorator.java:240)
	at org.springframework.security.web.ObservationFilterChainDecorator$ObservationFilter.doFilter(ObservationFilterChainDecorator.java:227)
	at org.springframework.security.web.ObservationFilterChainDecorator$VirtualFilterChain.doFilter(ObservationFilterChainDecorator.java:137)
	at org.springframework.security.web.authentication.logout.LogoutFilter.doFilter(LogoutFilter.java:107)
	at org.springframework.security.web.authentication.logout.LogoutFilter.doFilter(LogoutFilter.java:93)
	at org.springframework.security.web.ObservationFilterChainDecorator$ObservationFilter.wrapFilter(ObservationFilterChainDecorator.java:240)
	at org.springframework.security.web.ObservationFilterChainDecorator$ObservationFilter.doFilter(ObservationFilterChainDecorator.java:227)
	at org.springframework.security.web.ObservationFilterChainDecorator$VirtualFilterChain.doFilter(ObservationFilterChainDecorator.java:137)
	at org.springframework.web.filter.CorsFilter.doFilterInternal(CorsFilter.java:91)
	at org.springframework.web.filter.OncePerRequestFilter.doFilter(OncePerRequestFilter.java:116)
	at org.springframework.security.web.ObservationFilterChainDecorator$ObservationFilter.wrapFilter(ObservationFilterChainDecorator.java:240)
	at org.springframework.security.web.ObservationFilterChainDecorator$ObservationFilter.doFilter(ObservationFilterChainDecorator.java:227)
	at org.springframework.security.web.ObservationFilterChainDecorator$VirtualFilterChain.doFilter(ObservationFilterChainDecorator.java:137)
	at org.springframework.security.web.header.HeaderWriterFilter.doHeadersAfter(HeaderWriterFilter.java:90)
	at org.springframework.security.web.header.HeaderWriterFilter.doFilterInternal(HeaderWriterFilter.java:75)
	at org.springframework.web.filter.OncePerRequestFilter.doFilter(OncePerRequestFilter.java:116)
	at org.springframework.security.web.ObservationFilterChainDecorator$ObservationFilter.wrapFilter(ObservationFilterChainDecorator.java:240)
	at org.springframework.security.web.ObservationFilterChainDecorator$ObservationFilter.doFilter(ObservationFilterChainDecorator.java:227)
	at org.springframework.security.web.ObservationFilterChainDecorator$VirtualFilterChain.doFilter(ObservationFilterChainDecorator.java:137)
	at org.springframework.security.web.context.SecurityContextHolderFilter.doFilter(SecurityContextHolderFilter.java:82)
	at org.springframework.security.web.context.SecurityContextHolderFilter.doFilter(SecurityContextHolderFilter.java:69)
	at org.springframework.security.web.ObservationFilterChainDecorator$ObservationFilter.wrapFilter(ObservationFilterChainDecorator.java:240)
	at org.springframework.security.web.ObservationFilterChainDecorator$ObservationFilter.doFilter(ObservationFilterChainDecorator.java:227)
	at org.springframework.security.web.ObservationFilterChainDecorator$VirtualFilterChain.doFilter(ObservationFilterChainDecorator.java:137)
	at org.springframework.security.web.context.request.async.WebAsyncManagerIntegrationFilter.doFilterInternal(WebAsyncManagerIntegrationFilter.java:62)
	at org.springframework.web.filter.OncePerRequestFilter.doFilter(OncePerRequestFilter.java:116)
	at org.springframework.security.web.ObservationFilterChainDecorator$ObservationFilter.wrapFilter(ObservationFilterChainDecorator.java:240)
	at org.springframework.security.web.ObservationFilterChainDecorator$ObservationFilter.doFilter(ObservationFilterChainDecorator.java:227)
	at org.springframework.security.web.ObservationFilterChainDecorator$VirtualFilterChain.doFilter(ObservationFilterChainDecorator.java:137)
	at org.springframework.security.web.session.DisableEncodeUrlFilter.doFilterInternal(DisableEncodeUrlFilter.java:42)
	at org.springframework.web.filter.OncePerRequestFilter.doFilter(OncePerRequestFilter.java:116)
	at org.springframework.security.web.ObservationFilterChainDecorator$ObservationFilter.wrapFilter(ObservationFilterChainDecorator.java:240)
	at org.springframework.security.web.ObservationFilterChainDecorator$AroundFilterObservation$SimpleAroundFilterObservation.lambda$wrap$0(ObservationFilterChainDecorator.java:323)
	at org.springframework.security.web.ObservationFilterChainDecorator$ObservationFilter.doFilter(ObservationFilterChainDecorator.java:224)
	at org.springframework.security.web.ObservationFilterChainDecorator$VirtualFilterChain.doFilter(ObservationFilterChainDecorator.java:137)
	at org.springframework.security.web.FilterChainProxy.doFilterInternal(FilterChainProxy.java:233)
	at org.springframework.security.web.FilterChainProxy.doFilter(FilterChainProxy.java:191)
	at org.springframework.web.filter.CompositeFilter$VirtualFilterChain.doFilter(CompositeFilter.java:113)
	at org.springframework.web.servlet.handler.HandlerMappingIntrospector.lambda$createCacheFilter$3(HandlerMappingIntrospector.java:195)
	at org.springframework.web.filter.CompositeFilter$VirtualFilterChain.doFilter(CompositeFilter.java:113)
	at org.springframework.web.filter.CompositeFilter.doFilter(CompositeFilter.java:74)
	at org.springframework.security.config.annotation.web.configuration.WebMvcSecurityConfiguration$CompositeFilterChainProxy.doFilter(WebMvcSecurityConfiguration.java:230)
	at org.springframework.web.filter.DelegatingFilterProxy.invokeDelegate(DelegatingFilterProxy.java:352)
	at org.springframework.web.filter.DelegatingFilterProxy.doFilter(DelegatingFilterProxy.java:268)
	at org.apache.catalina.core.ApplicationFilterChain.internalDoFilter(ApplicationFilterChain.java:164)
	at org.apache.catalina.core.ApplicationFilterChain.doFilter(ApplicationFilterChain.java:140)
	at org.springframework.web.filter.RequestContextFilter.doFilterInternal(RequestContextFilter.java:100)
	at org.springframework.web.filter.OncePerRequestFilter.doFilter(OncePerRequestFilter.java:116)
	at org.apache.catalina.core.ApplicationFilterChain.internalDoFilter(ApplicationFilterChain.java:164)
	at org.apache.catalina.core.ApplicationFilterChain.doFilter(ApplicationFilterChain.java:140)
	at org.springframework.web.filter.FormContentFilter.doFilterInternal(FormContentFilter.java:93)
	at org.springframework.web.filter.OncePerRequestFilter.doFilter(OncePerRequestFilter.java:116)
	at org.apache.catalina.core.ApplicationFilterChain.internalDoFilter(ApplicationFilterChain.java:164)
	at org.apache.catalina.core.ApplicationFilterChain.doFilter(ApplicationFilterChain.java:140)
	at org.springframework.web.filter.ServerHttpObservationFilter.doFilterInternal(ServerHttpObservationFilter.java:113)
	at org.springframework.web.filter.OncePerRequestFilter.doFilter(OncePerRequestFilter.java:116)
	at org.apache.catalina.core.ApplicationFilterChain.internalDoFilter(ApplicationFilterChain.java:164)
	at org.apache.catalina.core.ApplicationFilterChain.doFilter(ApplicationFilterChain.java:140)
	at org.springframework.web.filter.CharacterEncodingFilter.doFilterInternal(CharacterEncodingFilter.java:201)
	at org.springframework.web.filter.OncePerRequestFilter.doFilter(OncePerRequestFilter.java:116)
	at org.apache.catalina.core.ApplicationFilterChain.internalDoFilter(ApplicationFilterChain.java:164)
	at org.apache.catalina.core.ApplicationFilterChain.doFilter(ApplicationFilterChain.java:140)
	at org.apache.catalina.core.StandardWrapperValve.invoke(StandardWrapperValve.java:167)
	at org.apache.catalina.core.StandardContextValve.invoke(StandardContextValve.java:90)
	at org.apache.catalina.authenticator.AuthenticatorBase.invoke(AuthenticatorBase.java:483)
	at org.apache.catalina.core.StandardHostValve.invoke(StandardHostValve.java:115)
	at org.apache.catalina.valves.ErrorReportValve.invoke(ErrorReportValve.java:93)
	at org.apache.catalina.core.StandardEngineValve.invoke(StandardEngineValve.java:74)
	at org.apache.catalina.valves.AbstractAccessLogValve.invoke(AbstractAccessLogValve.java:663)
	at org.apache.catalina.connector.CoyoteAdapter.service(CoyoteAdapter.java:344)
	at org.apache.coyote.http11.Http11Processor.service(Http11Processor.java:384)
	at org.apache.coyote.AbstractProcessorLight.process(AbstractProcessorLight.java:63)
	at org.apache.coyote.AbstractProtocol$ConnectionHandler.process(AbstractProtocol.java:905)
	at org.apache.tomcat.util.net.NioEndpoint$SocketProcessor.doRun(NioEndpoint.java:1741)
	at org.apache.tomcat.util.net.SocketProcessorBase.run(SocketProcessorBase.java:52)
	at org.apache.tomcat.util.threads.ThreadPoolExecutor.runWorker(ThreadPoolExecutor.java:1190)
	at org.apache.tomcat.util.threads.ThreadPoolExecutor$Worker.run(ThreadPoolExecutor.java:659)
	at org.apache.tomcat.util.threads.TaskThread$WrappingRunnable.run(TaskThread.java:63)
	at java.base/java.lang.Thread.run(Thread.java:842)
2025-11-11 21:01:31.294 [34mINFO [0;39m [e0f6eede-e0ab-4c77-87c2-d38bf50d1ad7] [http-nio-8081-exec-4] c.b.config.logging.HttpLoggingFilter - POST /api/storefront/auth/otp/verify -> 500 (10 ms)
2025-11-11 21:01:31.294 [34mINFO [0;39m [e0f6eede-e0ab-4c77-87c2-d38bf50d1ad7] [http-nio-8081-exec-4] c.b.config.logging.HttpLoggingFilter - Headers: auth=absent content-type=application/json accept=application/json, text/plain, */*
2025-11-11 21:01:31.294 [34mINFO [0;39m [e0f6eede-e0ab-4c77-87c2-d38bf50d1ad7] [http-nio-8081-exec-4] c.b.config.logging.HttpLoggingFilter - Request payload: {"phone":"+917355460178","otp":"168191"}
2025-11-11 21:01:31.294 [34mINFO [0;39m [e0f6eede-e0ab-4c77-87c2-d38bf50d1ad7] [http-nio-8081-exec-4] c.b.config.logging.HttpLoggingFilter - Response payload: {"message":"Cannot invoke \"com.bharatshop.domain.User.getId()\" because \"user\" is null"}
2025-11-11 21:01:49.176 [34mINFO [0;39m [a7bdf94e-5f13-4c44-8cee-50eeffa7c257] [http-nio-8081-exec-7] com.bharatshop.web.AuthController - OTP verify requested: phone=+917355460178 otpPresent=true
2025-11-11 21:01:49.177 [34mINFO [0;39m [a7bdf94e-5f13-4c44-8cee-50eeffa7c257] [http-nio-8081-exec-7] com.bharatshop.service.AuthService - Verifying OTP for phone=+917355460178
2025-11-11 21:01:49.177 [34mINFO [0;39m [a7bdf94e-5f13-4c44-8cee-50eeffa7c257] [http-nio-8081-exec-7] com.bharatshop.service.AuthService - OTP verification success for phone=+917355460178
2025-11-11 21:01:49.177 [34mINFO [0;39m [a7bdf94e-5f13-4c44-8cee-50eeffa7c257] [http-nio-8081-exec-7] com.bharatshop.service.AuthService - Login (phone) attempt: phone=+917355460178
2025-11-11 21:01:49.180 [34mINFO [0;39m [a7bdf94e-5f13-4c44-8cee-50eeffa7c257] [http-nio-8081-exec-7] com.bharatshop.service.AuthService - Session created: userId=a326042f-d864-401e-8b0b-6274cb5771d5 role=USER
2025-11-11 21:01:49.180 [34mINFO [0;39m [a7bdf94e-5f13-4c44-8cee-50eeffa7c257] [http-nio-8081-exec-7] com.bharatshop.service.AuthService - Login (phone) success: userId=a326042f-d864-401e-8b0b-6274cb5771d5 token=eyJhbGciOiJIUzI1NiIsInR5cCI6IkpXVCJ9.eyJzdWIiOiJhMzI2MDQyZi1kODY0LTQwMWUtOGIwYi02Mjc0Y2I1NzcxZDUiLCJuYW1lIjoiVXNlcjAxNzgiLCJyb2xlIjoiVVNFUiIsImlhdCI6MTc2Mjg3NTEwOSwiZXhwIjoxNzYyODc4NzA5fQ.JpPALPtzJR3qXdASuO9RB01M9xB18TFMqVO9XA9XiMo role=USER 
2025-11-11 21:01:49.180 [1;31mERROR[0;39m [a7bdf94e-5f13-4c44-8cee-50eeffa7c257] [http-nio-8081-exec-7] c.b.config.GlobalExceptionHandler - Unhandled exception
java.lang.NullPointerException: Cannot invoke "com.bharatshop.domain.User.getId()" because "user" is null
	at com.bharatshop.web.AuthController.verifyOtp(AuthController.java:88)
	at java.base/jdk.internal.reflect.NativeMethodAccessorImpl.invoke0(Native Method)
	at java.base/jdk.internal.reflect.NativeMethodAccessorImpl.invoke(NativeMethodAccessorImpl.java:77)
	at java.base/jdk.internal.reflect.DelegatingMethodAccessorImpl.invoke(DelegatingMethodAccessorImpl.java:43)
	at java.base/java.lang.reflect.Method.invoke(Method.java:568)
	at org.springframework.web.method.support.InvocableHandlerMethod.doInvoke(InvocableHandlerMethod.java:255)
	at org.springframework.web.method.support.InvocableHandlerMethod.invokeForRequest(InvocableHandlerMethod.java:188)
	at org.springframework.web.servlet.mvc.method.annotation.ServletInvocableHandlerMethod.invokeAndHandle(ServletInvocableHandlerMethod.java:118)
	at org.springframework.web.servlet.mvc.method.annotation.RequestMappingHandlerAdapter.invokeHandlerMethod(RequestMappingHandlerAdapter.java:926)
	at org.springframework.web.servlet.mvc.method.annotation.RequestMappingHandlerAdapter.handleInternal(RequestMappingHandlerAdapter.java:831)
	at org.springframework.web.servlet.mvc.method.AbstractHandlerMethodAdapter.handle(AbstractHandlerMethodAdapter.java:87)
	at org.springframework.web.servlet.DispatcherServlet.doDispatch(DispatcherServlet.java:1089)
	at org.springframework.web.servlet.DispatcherServlet.doService(DispatcherServlet.java:979)
	at org.springframework.web.servlet.FrameworkServlet.processRequest(FrameworkServlet.java:1014)
	at org.springframework.web.servlet.FrameworkServlet.doPost(FrameworkServlet.java:914)
	at jakarta.servlet.http.HttpServlet.service(HttpServlet.java:590)
	at org.springframework.web.servlet.FrameworkServlet.service(FrameworkServlet.java:885)
	at jakarta.servlet.http.HttpServlet.service(HttpServlet.java:658)
	at org.apache.catalina.core.ApplicationFilterChain.internalDoFilter(ApplicationFilterChain.java:195)
	at org.apache.catalina.core.ApplicationFilterChain.doFilter(ApplicationFilterChain.java:140)
	at org.apache.tomcat.websocket.server.WsFilter.doFilter(WsFilter.java:51)
	at org.apache.catalina.core.ApplicationFilterChain.internalDoFilter(ApplicationFilterChain.java:164)
	at org.apache.catalina.core.ApplicationFilterChain.doFilter(ApplicationFilterChain.java:140)
	at org.springframework.web.filter.OncePerRequestFilter.doFilter(OncePerRequestFilter.java:110)
	at org.apache.catalina.core.ApplicationFilterChain.internalDoFilter(ApplicationFilterChain.java:164)
	at org.apache.catalina.core.ApplicationFilterChain.doFilter(ApplicationFilterChain.java:140)
	at com.bharatshop.config.TenantFilter.doFilterInternal(TenantFilter.java:31)
	at org.springframework.web.filter.OncePerRequestFilter.doFilter(OncePerRequestFilter.java:116)
	at org.apache.catalina.core.ApplicationFilterChain.internalDoFilter(ApplicationFilterChain.java:164)
	at org.apache.catalina.core.ApplicationFilterChain.doFilter(ApplicationFilterChain.java:140)
	at com.bharatshop.config.logging.HttpLoggingFilter.doFilterInternal(HttpLoggingFilter.java:32)
	at org.springframework.web.filter.OncePerRequestFilter.doFilter(OncePerRequestFilter.java:116)
	at org.apache.catalina.core.ApplicationFilterChain.internalDoFilter(ApplicationFilterChain.java:164)
	at org.apache.catalina.core.ApplicationFilterChain.doFilter(ApplicationFilterChain.java:140)
	at com.bharatshop.config.logging.CorrelationIdFilter.doFilterInternal(CorrelationIdFilter.java:29)
	at org.springframework.web.filter.OncePerRequestFilter.doFilter(OncePerRequestFilter.java:116)
	at org.apache.catalina.core.ApplicationFilterChain.internalDoFilter(ApplicationFilterChain.java:164)
	at org.apache.catalina.core.ApplicationFilterChain.doFilter(ApplicationFilterChain.java:140)
	at org.springframework.web.filter.CompositeFilter$VirtualFilterChain.doFilter(CompositeFilter.java:108)
	at org.springframework.security.web.FilterChainProxy.lambda$doFilterInternal$3(FilterChainProxy.java:231)
	at org.springframework.security.web.ObservationFilterChainDecorator$FilterObservation$SimpleFilterObservation.lambda$wrap$1(ObservationFilterChainDecorator.java:479)
	at org.springframework.security.web.ObservationFilterChainDecorator$AroundFilterObservation$SimpleAroundFilterObservation.lambda$wrap$1(ObservationFilterChainDecorator.java:340)
	at org.springframework.security.web.ObservationFilterChainDecorator.lambda$wrapSecured$0(ObservationFilterChainDecorator.java:82)
	at org.springframework.security.web.ObservationFilterChainDecorator$VirtualFilterChain.doFilter(ObservationFilterChainDecorator.java:128)
	at org.springframework.security.web.access.intercept.AuthorizationFilter.doFilter(AuthorizationFilter.java:100)
	at org.springframework.security.web.ObservationFilterChainDecorator$ObservationFilter.wrapFilter(ObservationFilterChainDecorator.java:240)
	at org.springframework.security.web.ObservationFilterChainDecorator$ObservationFilter.doFilter(ObservationFilterChainDecorator.java:227)
	at org.springframework.security.web.ObservationFilterChainDecorator$VirtualFilterChain.doFilter(ObservationFilterChainDecorator.java:137)
	at org.springframework.security.web.access.ExceptionTranslationFilter.doFilter(ExceptionTranslationFilter.java:126)
	at org.springframework.security.web.access.ExceptionTranslationFilter.doFilter(ExceptionTranslationFilter.java:120)
	at org.springframework.security.web.ObservationFilterChainDecorator$ObservationFilter.wrapFilter(ObservationFilterChainDecorator.java:240)
	at org.springframework.security.web.ObservationFilterChainDecorator$ObservationFilter.doFilter(ObservationFilterChainDecorator.java:227)
	at org.springframework.security.web.ObservationFilterChainDecorator$VirtualFilterChain.doFilter(ObservationFilterChainDecorator.java:137)
	at org.springframework.security.web.authentication.AnonymousAuthenticationFilter.doFilter(AnonymousAuthenticationFilter.java:100)
	at org.springframework.security.web.ObservationFilterChainDecorator$ObservationFilter.wrapFilter(ObservationFilterChainDecorator.java:240)
	at org.springframework.security.web.ObservationFilterChainDecorator$ObservationFilter.doFilter(ObservationFilterChainDecorator.java:227)
	at org.springframework.security.web.ObservationFilterChainDecorator$VirtualFilterChain.doFilter(ObservationFilterChainDecorator.java:137)
	at org.springframework.security.web.servletapi.SecurityContextHolderAwareRequestFilter.doFilter(SecurityContextHolderAwareRequestFilter.java:179)
	at org.springframework.security.web.ObservationFilterChainDecorator$ObservationFilter.wrapFilter(ObservationFilterChainDecorator.java:240)
	at org.springframework.security.web.ObservationFilterChainDecorator$ObservationFilter.doFilter(ObservationFilterChainDecorator.java:227)
	at org.springframework.security.web.ObservationFilterChainDecorator$VirtualFilterChain.doFilter(ObservationFilterChainDecorator.java:137)
	at org.springframework.security.web.savedrequest.RequestCacheAwareFilter.doFilter(RequestCacheAwareFilter.java:63)
	at org.springframework.security.web.ObservationFilterChainDecorator$ObservationFilter.wrapFilter(ObservationFilterChainDecorator.java:240)
	at org.springframework.security.web.ObservationFilterChainDecorator$ObservationFilter.doFilter(ObservationFilterChainDecorator.java:227)
	at org.springframework.security.web.ObservationFilterChainDecorator$VirtualFilterChain.doFilter(ObservationFilterChainDecorator.java:137)
	at com.bharatshop.security.TokenAuthFilter.doFilterInternal(TokenAuthFilter.java:47)
	at org.springframework.web.filter.OncePerRequestFilter.doFilter(OncePerRequestFilter.java:116)
	at org.springframework.security.web.ObservationFilterChainDecorator$ObservationFilter.wrapFilter(ObservationFilterChainDecorator.java:240)
	at org.springframework.security.web.ObservationFilterChainDecorator$ObservationFilter.doFilter(ObservationFilterChainDecorator.java:227)
	at org.springframework.security.web.ObservationFilterChainDecorator$VirtualFilterChain.doFilter(ObservationFilterChainDecorator.java:137)
	at org.springframework.security.web.authentication.logout.LogoutFilter.doFilter(LogoutFilter.java:107)
	at org.springframework.security.web.authentication.logout.LogoutFilter.doFilter(LogoutFilter.java:93)
	at org.springframework.security.web.ObservationFilterChainDecorator$ObservationFilter.wrapFilter(ObservationFilterChainDecorator.java:240)
	at org.springframework.security.web.ObservationFilterChainDecorator$ObservationFilter.doFilter(ObservationFilterChainDecorator.java:227)
	at org.springframework.security.web.ObservationFilterChainDecorator$VirtualFilterChain.doFilter(ObservationFilterChainDecorator.java:137)
	at org.springframework.web.filter.CorsFilter.doFilterInternal(CorsFilter.java:91)
	at org.springframework.web.filter.OncePerRequestFilter.doFilter(OncePerRequestFilter.java:116)
	at org.springframework.security.web.ObservationFilterChainDecorator$ObservationFilter.wrapFilter(ObservationFilterChainDecorator.java:240)
	at org.springframework.security.web.ObservationFilterChainDecorator$ObservationFilter.doFilter(ObservationFilterChainDecorator.java:227)
	at org.springframework.security.web.ObservationFilterChainDecorator$VirtualFilterChain.doFilter(ObservationFilterChainDecorator.java:137)
	at org.springframework.security.web.header.HeaderWriterFilter.doHeadersAfter(HeaderWriterFilter.java:90)
	at org.springframework.security.web.header.HeaderWriterFilter.doFilterInternal(HeaderWriterFilter.java:75)
	at org.springframework.web.filter.OncePerRequestFilter.doFilter(OncePerRequestFilter.java:116)
	at org.springframework.security.web.ObservationFilterChainDecorator$ObservationFilter.wrapFilter(ObservationFilterChainDecorator.java:240)
	at org.springframework.security.web.ObservationFilterChainDecorator$ObservationFilter.doFilter(ObservationFilterChainDecorator.java:227)
	at org.springframework.security.web.ObservationFilterChainDecorator$VirtualFilterChain.doFilter(ObservationFilterChainDecorator.java:137)
	at org.springframework.security.web.context.SecurityContextHolderFilter.doFilter(SecurityContextHolderFilter.java:82)
	at org.springframework.security.web.context.SecurityContextHolderFilter.doFilter(SecurityContextHolderFilter.java:69)
	at org.springframework.security.web.ObservationFilterChainDecorator$ObservationFilter.wrapFilter(ObservationFilterChainDecorator.java:240)
	at org.springframework.security.web.ObservationFilterChainDecorator$ObservationFilter.doFilter(ObservationFilterChainDecorator.java:227)
	at org.springframework.security.web.ObservationFilterChainDecorator$VirtualFilterChain.doFilter(ObservationFilterChainDecorator.java:137)
	at org.springframework.security.web.context.request.async.WebAsyncManagerIntegrationFilter.doFilterInternal(WebAsyncManagerIntegrationFilter.java:62)
	at org.springframework.web.filter.OncePerRequestFilter.doFilter(OncePerRequestFilter.java:116)
	at org.springframework.security.web.ObservationFilterChainDecorator$ObservationFilter.wrapFilter(ObservationFilterChainDecorator.java:240)
	at org.springframework.security.web.ObservationFilterChainDecorator$ObservationFilter.doFilter(ObservationFilterChainDecorator.java:227)
	at org.springframework.security.web.ObservationFilterChainDecorator$VirtualFilterChain.doFilter(ObservationFilterChainDecorator.java:137)
	at org.springframework.security.web.session.DisableEncodeUrlFilter.doFilterInternal(DisableEncodeUrlFilter.java:42)
	at org.springframework.web.filter.OncePerRequestFilter.doFilter(OncePerRequestFilter.java:116)
	at org.springframework.security.web.ObservationFilterChainDecorator$ObservationFilter.wrapFilter(ObservationFilterChainDecorator.java:240)
	at org.springframework.security.web.ObservationFilterChainDecorator$AroundFilterObservation$SimpleAroundFilterObservation.lambda$wrap$0(ObservationFilterChainDecorator.java:323)
	at org.springframework.security.web.ObservationFilterChainDecorator$ObservationFilter.doFilter(ObservationFilterChainDecorator.java:224)
	at org.springframework.security.web.ObservationFilterChainDecorator$VirtualFilterChain.doFilter(ObservationFilterChainDecorator.java:137)
	at org.springframework.security.web.FilterChainProxy.doFilterInternal(FilterChainProxy.java:233)
	at org.springframework.security.web.FilterChainProxy.doFilter(FilterChainProxy.java:191)
	at org.springframework.web.filter.CompositeFilter$VirtualFilterChain.doFilter(CompositeFilter.java:113)
	at org.springframework.web.servlet.handler.HandlerMappingIntrospector.lambda$createCacheFilter$3(HandlerMappingIntrospector.java:195)
	at org.springframework.web.filter.CompositeFilter$VirtualFilterChain.doFilter(CompositeFilter.java:113)
	at org.springframework.web.filter.CompositeFilter.doFilter(CompositeFilter.java:74)
	at org.springframework.security.config.annotation.web.configuration.WebMvcSecurityConfiguration$CompositeFilterChainProxy.doFilter(WebMvcSecurityConfiguration.java:230)
	at org.springframework.web.filter.DelegatingFilterProxy.invokeDelegate(DelegatingFilterProxy.java:352)
	at org.springframework.web.filter.DelegatingFilterProxy.doFilter(DelegatingFilterProxy.java:268)
	at org.apache.catalina.core.ApplicationFilterChain.internalDoFilter(ApplicationFilterChain.java:164)
	at org.apache.catalina.core.ApplicationFilterChain.doFilter(ApplicationFilterChain.java:140)
	at org.springframework.web.filter.RequestContextFilter.doFilterInternal(RequestContextFilter.java:100)
	at org.springframework.web.filter.OncePerRequestFilter.doFilter(OncePerRequestFilter.java:116)
	at org.apache.catalina.core.ApplicationFilterChain.internalDoFilter(ApplicationFilterChain.java:164)
	at org.apache.catalina.core.ApplicationFilterChain.doFilter(ApplicationFilterChain.java:140)
	at org.springframework.web.filter.FormContentFilter.doFilterInternal(FormContentFilter.java:93)
	at org.springframework.web.filter.OncePerRequestFilter.doFilter(OncePerRequestFilter.java:116)
	at org.apache.catalina.core.ApplicationFilterChain.internalDoFilter(ApplicationFilterChain.java:164)
	at org.apache.catalina.core.ApplicationFilterChain.doFilter(ApplicationFilterChain.java:140)
	at org.springframework.web.filter.ServerHttpObservationFilter.doFilterInternal(ServerHttpObservationFilter.java:113)
	at org.springframework.web.filter.OncePerRequestFilter.doFilter(OncePerRequestFilter.java:116)
	at org.apache.catalina.core.ApplicationFilterChain.internalDoFilter(ApplicationFilterChain.java:164)
	at org.apache.catalina.core.ApplicationFilterChain.doFilter(ApplicationFilterChain.java:140)
	at org.springframework.web.filter.CharacterEncodingFilter.doFilterInternal(CharacterEncodingFilter.java:201)
	at org.springframework.web.filter.OncePerRequestFilter.doFilter(OncePerRequestFilter.java:116)
	at org.apache.catalina.core.ApplicationFilterChain.internalDoFilter(ApplicationFilterChain.java:164)
	at org.apache.catalina.core.ApplicationFilterChain.doFilter(ApplicationFilterChain.java:140)
	at org.apache.catalina.core.StandardWrapperValve.invoke(StandardWrapperValve.java:167)
	at org.apache.catalina.core.StandardContextValve.invoke(StandardContextValve.java:90)
	at org.apache.catalina.authenticator.AuthenticatorBase.invoke(AuthenticatorBase.java:483)
	at org.apache.catalina.core.StandardHostValve.invoke(StandardHostValve.java:115)
	at org.apache.catalina.valves.ErrorReportValve.invoke(ErrorReportValve.java:93)
	at org.apache.catalina.core.StandardEngineValve.invoke(StandardEngineValve.java:74)
	at org.apache.catalina.valves.AbstractAccessLogValve.invoke(AbstractAccessLogValve.java:663)
	at org.apache.catalina.connector.CoyoteAdapter.service(CoyoteAdapter.java:344)
	at org.apache.coyote.http11.Http11Processor.service(Http11Processor.java:384)
	at org.apache.coyote.AbstractProcessorLight.process(AbstractProcessorLight.java:63)
	at org.apache.coyote.AbstractProtocol$ConnectionHandler.process(AbstractProtocol.java:905)
	at org.apache.tomcat.util.net.NioEndpoint$SocketProcessor.doRun(NioEndpoint.java:1741)
	at org.apache.tomcat.util.net.SocketProcessorBase.run(SocketProcessorBase.java:52)
	at org.apache.tomcat.util.threads.ThreadPoolExecutor.runWorker(ThreadPoolExecutor.java:1190)
	at org.apache.tomcat.util.threads.ThreadPoolExecutor$Worker.run(ThreadPoolExecutor.java:659)
	at org.apache.tomcat.util.threads.TaskThread$WrappingRunnable.run(TaskThread.java:63)
	at java.base/java.lang.Thread.run(Thread.java:842)
2025-11-11 21:01:49.184 [34mINFO [0;39m [a7bdf94e-5f13-4c44-8cee-50eeffa7c257] [http-nio-8081-exec-7] c.b.config.logging.HttpLoggingFilter - POST /api/storefront/auth/otp/verify -> 500 (9 ms)
2025-11-11 21:01:49.185 [34mINFO [0;39m [a7bdf94e-5f13-4c44-8cee-50eeffa7c257] [http-nio-8081-exec-7] c.b.config.logging.HttpLoggingFilter - Headers: auth=absent content-type=application/json accept=application/json, text/plain, */*
2025-11-11 21:01:49.185 [34mINFO [0;39m [a7bdf94e-5f13-4c44-8cee-50eeffa7c257] [http-nio-8081-exec-7] c.b.config.logging.HttpLoggingFilter - Request payload: {"phone":"+917355460178","otp":"168191"}
2025-11-11 21:01:49.185 [34mINFO [0;39m [a7bdf94e-5f13-4c44-8cee-50eeffa7c257] [http-nio-8081-exec-7] c.b.config.logging.HttpLoggingFilter - Response payload: {"message":"Cannot invoke \"com.bharatshop.domain.User.getId()\" because \"user\" is null"}
2025-11-11 21:03:33.449 [34mINFO [0;39m [d827cef2-e31a-4f9d-94b5-0bc95957de8f] [http-nio-8081-exec-10] c.b.config.logging.HttpLoggingFilter - GET /?ide_webview_request_time=1762588619239 -> 404 (3 ms)
2025-11-11 21:03:33.449 [34mINFO [0;39m [d827cef2-e31a-4f9d-94b5-0bc95957de8f] [http-nio-8081-exec-10] c.b.config.logging.HttpLoggingFilter - Headers: auth=absent content-type=null accept=text/html,application/xhtml+xml,application/xml;q=0.9,image/avif,image/webp,image/apng,*/*;q=0.8,application/signed-exchange;v=b3;q=0.7
2025-11-11 21:03:33.628 [34mINFO [0;39m [d044111a-d8d5-45a9-9923-8425837ab5f7] [http-nio-8081-exec-9] c.b.config.logging.HttpLoggingFilter - GET /@vite/client -> 404 (4 ms)
2025-11-11 21:03:33.628 [34mINFO [0;39m [d044111a-d8d5-45a9-9923-8425837ab5f7] [http-nio-8081-exec-9] c.b.config.logging.HttpLoggingFilter - Headers: auth=absent content-type=null accept=*/*
2025-11-11 21:06:17.455 [34mINFO [0;39m [] [main] c.bharatshop.BharatshopApplication - Starting BharatshopApplication using Java 17.0.12 with PID 69192 (C:\Users\Adarsh\Downloads\bharatshop-backend\target\classes started by Adarsh in C:\Users\Adarsh\Downloads\bharatshop-backend)
2025-11-11 21:06:17.458 [39mDEBUG[0;39m [] [main] c.bharatshop.BharatshopApplication - Running with Spring Boot v3.3.4, Spring v6.1.13
2025-11-11 21:06:17.460 [34mINFO [0;39m [] [main] c.bharatshop.BharatshopApplication - No active profile set, falling back to 1 default profile: "default"
2025-11-11 21:06:18.479 [34mINFO [0;39m [] [main] o.s.d.r.c.RepositoryConfigurationDelegate - Bootstrapping Spring Data JPA repositories in DEFAULT mode.
2025-11-11 21:06:18.561 [34mINFO [0;39m [] [main] o.s.d.r.c.RepositoryConfigurationDelegate - Finished Spring Data repository scanning in 73 ms. Found 5 JPA repository interfaces.
2025-11-11 21:06:19.465 [34mINFO [0;39m [] [main] o.s.b.w.e.tomcat.TomcatWebServer - Tomcat initialized with port 8081 (http)
2025-11-11 21:06:19.476 [34mINFO [0;39m [] [main] o.a.coyote.http11.Http11NioProtocol - Initializing ProtocolHandler ["http-nio-8081"]
2025-11-11 21:06:19.482 [34mINFO [0;39m [] [main] o.a.catalina.core.StandardService - Starting service [Tomcat]
2025-11-11 21:06:19.483 [34mINFO [0;39m [] [main] o.a.catalina.core.StandardEngine - Starting Servlet engine: [Apache Tomcat/10.1.30]
2025-11-11 21:06:19.572 [34mINFO [0;39m [] [main] o.a.c.c.C.[Tomcat].[localhost].[/] - Initializing Spring embedded WebApplicationContext
2025-11-11 21:06:19.573 [34mINFO [0;39m [] [main] o.s.b.w.s.c.ServletWebServerApplicationContext - Root WebApplicationContext: initialization completed in 2059 ms
2025-11-11 21:06:19.792 [34mINFO [0;39m [] [main] com.zaxxer.hikari.HikariDataSource - HikariPool-1 - Starting...
2025-11-11 21:06:19.968 [34mINFO [0;39m [] [main] com.zaxxer.hikari.pool.HikariPool - HikariPool-1 - Added connection conn0: url=jdbc:h2:mem:bharatshop user=SA
2025-11-11 21:06:19.969 [34mINFO [0;39m [] [main] com.zaxxer.hikari.HikariDataSource - HikariPool-1 - Start completed.
2025-11-11 21:06:19.978 [34mINFO [0;39m [] [main] o.s.b.a.h.H2ConsoleAutoConfiguration - H2 console available at '/h2-console'. Database available at 'jdbc:h2:mem:bharatshop'
2025-11-11 21:06:20.492 [34mINFO [0;39m [] [main] o.s.o.j.p.SpringPersistenceUnitInfo - No LoadTimeWeaver setup: ignoring JPA class transformer
2025-11-11 21:06:21.612 [34mINFO [0;39m [] [main] o.s.o.j.LocalContainerEntityManagerFactoryBean - Initialized JPA EntityManagerFactory for persistence unit 'default'
2025-11-11 21:06:21.887 [34mINFO [0;39m [] [main] c.b.config.NotificationConfig - SMS provider: Twilio
2025-11-11 21:06:22.000 [34mINFO [0;39m [] [main] c.b.config.NotificationConfig - Email provider: SMTP
2025-11-11 21:06:22.054 [39mDEBUG[0;39m [] [main] c.b.c.logging.CorrelationIdFilter - Filter 'correlationIdFilter' configured for use
2025-11-11 21:06:22.055 [39mDEBUG[0;39m [] [main] c.b.config.logging.HttpLoggingFilter - Filter 'httpLoggingFilter' configured for use
2025-11-11 21:06:22.056 [39mDEBUG[0;39m [] [main] com.bharatshop.config.TenantFilter - Filter 'tenantFilter' configured for use
2025-11-11 21:06:22.056 [39mDEBUG[0;39m [] [main] c.b.security.TokenAuthFilter - Filter 'tokenAuthFilter' configured for use
2025-11-11 21:06:22.321 [31mWARN [0;39m [] [main] o.s.b.a.o.j.JpaBaseConfiguration$JpaWebConfiguration - spring.jpa.open-in-view is enabled by default. Therefore, database queries may be performed during view rendering. Explicitly configure spring.jpa.open-in-view to disable this warning
2025-11-11 21:06:22.354 [31mWARN [0;39m [] [main] o.s.b.a.s.s.UserDetailsServiceAutoConfiguration - 

Using generated security password: 198d1afa-f66e-40a7-8811-1fbea37acbaa

This generated password is for development use only. Your security configuration must be updated before running your application in production.

2025-11-11 21:06:22.361 [34mINFO [0;39m [] [main] o.s.s.c.a.a.c.InitializeUserDetailsBeanManagerConfigurer$InitializeUserDetailsManagerConfigurer - Global AuthenticationManager configured with UserDetailsService bean with name inMemoryUserDetailsManager
2025-11-11 21:06:22.723 [34mINFO [0;39m [] [main] o.s.b.a.e.web.EndpointLinksResolver - Exposing 4 endpoints beneath base path '/actuator'
2025-11-11 21:06:23.143 [34mINFO [0;39m [] [main] o.a.coyote.http11.Http11NioProtocol - Starting ProtocolHandler ["http-nio-8081"]
2025-11-11 21:06:23.154 [34mINFO [0;39m [] [main] o.s.b.w.e.tomcat.TomcatWebServer - Tomcat started on port 8081 (http) with context path '/'
2025-11-11 21:06:23.168 [34mINFO [0;39m [] [main] c.bharatshop.BharatshopApplication - Started BharatshopApplication in 6.239 seconds (process running for 6.602)
2025-11-11 21:06:29.658 [34mINFO [0;39m [] [http-nio-8081-exec-1] o.a.c.c.C.[Tomcat].[localhost].[/] - Initializing Spring DispatcherServlet 'dispatcherServlet'
2025-11-11 21:06:29.658 [34mINFO [0;39m [] [http-nio-8081-exec-1] o.s.web.servlet.DispatcherServlet - Initializing Servlet 'dispatcherServlet'
2025-11-11 21:06:29.660 [34mINFO [0;39m [] [http-nio-8081-exec-1] o.s.web.servlet.DispatcherServlet - Completed initialization in 2 ms
2025-11-11 21:06:29.723 [34mINFO [0;39m [6fb03156-f100-422b-aab7-3c60264e5bb4] [http-nio-8081-exec-1] c.b.config.logging.HttpLoggingFilter - GET /?ide_webview_request_time=1762875389591 -> 404 (14 ms)
2025-11-11 21:06:29.724 [34mINFO [0;39m [6fb03156-f100-422b-aab7-3c60264e5bb4] [http-nio-8081-exec-1] c.b.config.logging.HttpLoggingFilter - Headers: auth=absent content-type=null accept=text/html,application/xhtml+xml,application/xml;q=0.9,image/avif,image/webp,image/apng,*/*;q=0.8,application/signed-exchange;v=b3;q=0.7
2025-11-11 21:06:29.793 [34mINFO [0;39m [21d18ccb-23b8-4620-a8a8-4abd57fb6021] [http-nio-8081-exec-2] c.b.config.logging.HttpLoggingFilter - GET /@vite/client -> 404 (3 ms)
2025-11-11 21:06:29.794 [34mINFO [0;39m [21d18ccb-23b8-4620-a8a8-4abd57fb6021] [http-nio-8081-exec-2] c.b.config.logging.HttpLoggingFilter - Headers: auth=absent content-type=null accept=*/*
2025-11-11 21:07:01.019 [34mINFO [0;39m [ecec88f1-fe81-4436-9392-f90f009eb516] [http-nio-8081-exec-3] com.bharatshop.web.AuthController - OTP verify requested: phone=+917355460178 otpPresent=true
2025-11-11 21:07:01.019 [34mINFO [0;39m [ecec88f1-fe81-4436-9392-f90f009eb516] [http-nio-8081-exec-3] com.bharatshop.service.AuthService - Verifying OTP for phone=+917355460178
2025-11-11 21:07:01.020 [31mWARN [0;39m [ecec88f1-fe81-4436-9392-f90f009eb516] [http-nio-8081-exec-3] com.bharatshop.service.AuthService - OTP verification failed: no OTP for phone=+917355460178
2025-11-11 21:07:01.022 [34mINFO [0;39m [ecec88f1-fe81-4436-9392-f90f009eb516] [http-nio-8081-exec-3] c.b.config.logging.HttpLoggingFilter - POST /api/storefront/auth/otp/verify -> 400 (41 ms)
2025-11-11 21:07:01.023 [34mINFO [0;39m [ecec88f1-fe81-4436-9392-f90f009eb516] [http-nio-8081-exec-3] c.b.config.logging.HttpLoggingFilter - Headers: auth=absent content-type=application/json accept=application/json, text/plain, */*
2025-11-11 21:07:01.023 [34mINFO [0;39m [ecec88f1-fe81-4436-9392-f90f009eb516] [http-nio-8081-exec-3] c.b.config.logging.HttpLoggingFilter - Request payload: {"phone":"+917355460178","otp":"168191"}
2025-11-11 21:07:01.023 [34mINFO [0;39m [ecec88f1-fe81-4436-9392-f90f009eb516] [http-nio-8081-exec-3] c.b.config.logging.HttpLoggingFilter - Response payload: {"success":false}
2025-11-11 21:07:04.433 [34mINFO [0;39m [5f7661fa-09c6-4b27-b002-88365199dd4d] [http-nio-8081-exec-4] com.bharatshop.web.AuthController - OTP resend requested: phone=+917355460178 otpIdPresent=true
2025-11-11 21:07:04.435 [34mINFO [0;39m [5f7661fa-09c6-4b27-b002-88365199dd4d] [http-nio-8081-exec-4] c.b.config.logging.HttpLoggingFilter - POST /api/storefront/auth/otp/resend -> 200 (3 ms)
2025-11-11 21:07:04.435 [34mINFO [0;39m [5f7661fa-09c6-4b27-b002-88365199dd4d] [http-nio-8081-exec-4] c.b.config.logging.HttpLoggingFilter - Headers: auth=absent content-type=application/json accept=application/json, text/plain, */*
2025-11-11 21:07:04.436 [34mINFO [0;39m [5f7661fa-09c6-4b27-b002-88365199dd4d] [http-nio-8081-exec-4] c.b.config.logging.HttpLoggingFilter - Request payload: {"phone":"+917355460178","otpId":"c3349d79-5bf3-4b88-8524-b0ced2debbaf"}
2025-11-11 21:07:04.436 [34mINFO [0;39m [5f7661fa-09c6-4b27-b002-88365199dd4d] [http-nio-8081-exec-4] c.b.config.logging.HttpLoggingFilter - Response payload: {"success":false}
2025-11-11 21:07:34.478 [34mINFO [0;39m [45249be4-d234-4bb7-8a52-bb2f9503abfe] [http-nio-8081-exec-6] com.bharatshop.web.CartController - Get cart: userId=guest
2025-11-11 21:07:34.483 [34mINFO [0;39m [45249be4-d234-4bb7-8a52-bb2f9503abfe] [http-nio-8081-exec-6] c.b.config.logging.HttpLoggingFilter - GET /store/cart -> 200 (9 ms)
2025-11-11 21:07:34.484 [34mINFO [0;39m [45249be4-d234-4bb7-8a52-bb2f9503abfe] [http-nio-8081-exec-6] c.b.config.logging.HttpLoggingFilter - Headers: auth=absent content-type=null accept=application/json, text/plain, */*
2025-11-11 21:07:34.484 [34mINFO [0;39m [45249be4-d234-4bb7-8a52-bb2f9503abfe] [http-nio-8081-exec-6] c.b.config.logging.HttpLoggingFilter - Response payload: []
2025-11-11 21:07:34.499 [34mINFO [0;39m [e9467f81-f689-4d6f-92ab-63063b76cdbc] [http-nio-8081-exec-7] com.bharatshop.web.CartController - Get cart: userId=guest
2025-11-11 21:07:34.501 [34mINFO [0;39m [e9467f81-f689-4d6f-92ab-63063b76cdbc] [http-nio-8081-exec-7] c.b.config.logging.HttpLoggingFilter - GET /store/cart -> 200 (4 ms)
2025-11-11 21:07:34.502 [34mINFO [0;39m [e9467f81-f689-4d6f-92ab-63063b76cdbc] [http-nio-8081-exec-7] c.b.config.logging.HttpLoggingFilter - Headers: auth=absent content-type=null accept=application/json, text/plain, */*
2025-11-11 21:07:34.502 [34mINFO [0;39m [e9467f81-f689-4d6f-92ab-63063b76cdbc] [http-nio-8081-exec-7] c.b.config.logging.HttpLoggingFilter - Response payload: []
2025-11-11 21:07:39.874 [34mINFO [0;39m [b8354a87-1ec2-4a17-b1e8-fbc7709a6e41] [http-nio-8081-exec-9] com.bharatshop.web.AuthController - OTP send requested: phone=+917355460178
2025-11-11 21:07:39.875 [34mINFO [0;39m [b8354a87-1ec2-4a17-b1e8-fbc7709a6e41] [http-nio-8081-exec-9] com.bharatshop.service.AuthService - Sending OTP to phone=+917355460178
2025-11-11 21:07:39.875 [34mINFO [0;39m [b8354a87-1ec2-4a17-b1e8-fbc7709a6e41] [http-nio-8081-exec-9] com.bharatshop.service.AuthService - OTP generated: otpId=81b22da3-a1ca-4baf-a46e-b5dfe27c4f7b expiresAt=1762875579875
2025-11-11 21:07:41.911 [34mINFO [0;39m [b8354a87-1ec2-4a17-b1e8-fbc7709a6e41] [http-nio-8081-exec-9] c.b.s.TwilioNotificationService - Twilio SMS sent: phone=+917355460178 status=201
2025-11-11 21:07:42.001 [34mINFO [0;39m [b8354a87-1ec2-4a17-b1e8-fbc7709a6e41] [http-nio-8081-exec-9] c.b.config.logging.HttpLoggingFilter - POST /api/storefront/auth/otp/send -> 200 (2128 ms)
2025-11-11 21:07:42.002 [34mINFO [0;39m [b8354a87-1ec2-4a17-b1e8-fbc7709a6e41] [http-nio-8081-exec-9] c.b.config.logging.HttpLoggingFilter - Headers: auth=absent content-type=application/json accept=application/json, text/plain, */*
2025-11-11 21:07:42.002 [34mINFO [0;39m [b8354a87-1ec2-4a17-b1e8-fbc7709a6e41] [http-nio-8081-exec-9] c.b.config.logging.HttpLoggingFilter - Request payload: {"phone":"+917355460178","channel":"sms"}
2025-11-11 21:07:42.002 [34mINFO [0;39m [b8354a87-1ec2-4a17-b1e8-fbc7709a6e41] [http-nio-8081-exec-9] c.b.config.logging.HttpLoggingFilter - Response payload: {"ttlSeconds":120,"success":true,"otpId":"81b22da3-a1ca-4baf-a46e-b5dfe27c4f7b","otp":"237894"}
2025-11-11 21:07:57.094 [34mINFO [0;39m [99c400e1-ceb1-4d03-9758-3c40545372fc] [http-nio-8081-exec-8] com.bharatshop.web.AuthController - OTP verify requested: phone=+917355460178 otpPresent=true
2025-11-11 21:07:57.095 [34mINFO [0;39m [99c400e1-ceb1-4d03-9758-3c40545372fc] [http-nio-8081-exec-8] com.bharatshop.service.AuthService - Verifying OTP for phone=+917355460178
2025-11-11 21:07:57.095 [34mINFO [0;39m [99c400e1-ceb1-4d03-9758-3c40545372fc] [http-nio-8081-exec-8] com.bharatshop.service.AuthService - OTP verification success for phone=+917355460178
2025-11-11 21:07:57.095 [34mINFO [0;39m [99c400e1-ceb1-4d03-9758-3c40545372fc] [http-nio-8081-exec-8] com.bharatshop.service.AuthService - Login (phone) attempt: phone=+917355460178
2025-11-11 21:07:57.113 [34mINFO [0;39m [99c400e1-ceb1-4d03-9758-3c40545372fc] [http-nio-8081-exec-8] com.bharatshop.service.AuthService - Session created: userId=6d372406-8da0-4828-b3d8-0f2f45ac103c role=USER
2025-11-11 21:07:57.113 [34mINFO [0;39m [99c400e1-ceb1-4d03-9758-3c40545372fc] [http-nio-8081-exec-8] com.bharatshop.service.AuthService - Login (phone) success: userId=6d372406-8da0-4828-b3d8-0f2f45ac103c token=eyJhbGciOiJIUzI1NiIsInR5cCI6IkpXVCJ9.eyJzdWIiOiI2ZDM3MjQwNi04ZGEwLTQ4MjgtYjNkOC0wZjJmNDVhYzEwM2MiLCJuYW1lIjoiVXNlcjAxNzgiLCJyb2xlIjoiVVNFUiIsImlhdCI6MTc2Mjg3NTQ3NywiZXhwIjoxNzYyODc5MDc3fQ.pQhlbz3s0okwUG6R4glyXc2cUUVUhthQWOksAUfnP7M role=USER 
2025-11-11 21:07:57.137 [34mINFO [0;39m [99c400e1-ceb1-4d03-9758-3c40545372fc] [http-nio-8081-exec-8] com.bharatshop.web.AuthController - OTP verify success: userId=6d372406-8da0-4828-b3d8-0f2f45ac103c tokenPresent=true
2025-11-11 21:07:57.150 [34mINFO [0;39m [99c400e1-ceb1-4d03-9758-3c40545372fc] [http-nio-8081-exec-8] c.b.config.logging.HttpLoggingFilter - POST /api/storefront/auth/otp/verify -> 200 (59 ms)
2025-11-11 21:07:57.150 [34mINFO [0;39m [99c400e1-ceb1-4d03-9758-3c40545372fc] [http-nio-8081-exec-8] c.b.config.logging.HttpLoggingFilter - Headers: auth=absent content-type=application/json accept=application/json, text/plain, */*
2025-11-11 21:07:57.150 [34mINFO [0;39m [99c400e1-ceb1-4d03-9758-3c40545372fc] [http-nio-8081-exec-8] c.b.config.logging.HttpLoggingFilter - Request payload: {"phone":"+917355460178","otp":"237894"}
2025-11-11 21:07:57.150 [34mINFO [0;39m [99c400e1-ceb1-4d03-9758-3c40545372fc] [http-nio-8081-exec-8] c.b.config.logging.HttpLoggingFilter - Response payload: {"user":{"id":"6d372406-8da0-4828-b3d8-0f2f45ac103c","name":"User0178","phone":"+917355460178","role":"USER"},"success":true,"token":"eyJhbGciOiJIUzI1NiIsInR5cCI6IkpXVCJ9.eyJzdWIiOiI2ZDM3MjQwNi04ZGEwLTQ4MjgtYjNkOC0wZjJmNDVhYzEwM2MiLCJuYW1lIjoiVXNlcjAxNzgiLCJyb2xlIjoiVVNFUiIsImlhdCI6MTc2Mjg3NTQ3NywiZXhwIjoxNzYyODc5MDc3fQ.pQhlbz3s0okwUG6R4glyXc2cUUVUhthQWOksAUfnP7M"}
2025-11-11 21:07:57.235 [34mINFO [0;39m [480bd5df-bd6e-4020-989d-6ae44c58ca34] [http-nio-8081-exec-10] com.bharatshop.web.AuthController - Profile requested: tokenPresent=true 
2025-11-11 21:07:57.244 [34mINFO [0;39m [ee80129f-7fca-4613-ae3c-a9b0d8a330d1] [http-nio-8081-exec-1] c.b.web.StoreDiscoveryController - Discover stores: tenant=demo-store search=null category=null
2025-11-11 21:07:57.244 [34mINFO [0;39m [480bd5df-bd6e-4020-989d-6ae44c58ca34] [http-nio-8081-exec-10] com.bharatshop.web.AuthController - Profile success: userId=6d372406-8da0-4828-b3d8-0f2f45ac103c
2025-11-11 21:07:57.247 [34mINFO [0;39m [480bd5df-bd6e-4020-989d-6ae44c58ca34] [http-nio-8081-exec-10] c.b.config.logging.HttpLoggingFilter - GET /api/storefront/auth/profile -> 200 (14 ms)
2025-11-11 21:07:57.248 [34mINFO [0;39m [480bd5df-bd6e-4020-989d-6ae44c58ca34] [http-nio-8081-exec-10] c.b.config.logging.HttpLoggingFilter - Headers: auth=present content-type=null accept=application/json, text/plain, */*
2025-11-11 21:07:57.249 [34mINFO [0;39m [480bd5df-bd6e-4020-989d-6ae44c58ca34] [http-nio-8081-exec-10] c.b.config.logging.HttpLoggingFilter - Response payload: {"id":"6d372406-8da0-4828-b3d8-0f2f45ac103c","name":"User0178","phone":"+917355460178","role":"USER"}
2025-11-11 21:07:57.262 [34mINFO [0;39m [ee80129f-7fca-4613-ae3c-a9b0d8a330d1] [http-nio-8081-exec-1] c.b.config.logging.HttpLoggingFilter - GET /api/stores -> 200 (29 ms)
2025-11-11 21:07:57.262 [34mINFO [0;39m [ee80129f-7fca-4613-ae3c-a9b0d8a330d1] [http-nio-8081-exec-1] c.b.config.logging.HttpLoggingFilter - Headers: auth=present content-type=null accept=application/json, text/plain, */*
2025-11-11 21:07:57.262 [34mINFO [0;39m [ee80129f-7fca-4613-ae3c-a9b0d8a330d1] [http-nio-8081-exec-1] c.b.config.logging.HttpLoggingFilter - Response payload: [{"id":"acd81585-df5e-43d4-a001-01b4d58db452","name":"City Pharmacy","area":"Brigade","category":"pharmacy","status":"open","orderingDisabled":false,"updatedAt":"2025-11-11T15:36:23.291037Z"},{"id":"57101573-7017-42cc-b7f7-6c9cd0d1247c","name":"Fresh Mart","area":"MG Road","category":"grocery","status":"open","orderingDisabled":false,"updatedAt":"2025-11-11T15:36:23.209133Z"},{"id":"99ec8214-55fc-479f-a463-de62794fe86c","name":"Sunrise Hotel","area":"Beach","category":"hospitality","status":"open","orderingDisabled":false,"updatedAt":"2025-11-11T15:36:23.293036Z"}]
2025-11-11 21:08:19.031 [34mINFO [0;39m [efb079dc-8edb-4d84-a430-71b4ea142e4d] [http-nio-8081-exec-2] c.b.web.StoreDiscoveryController - Get store: tenant=demo-store id=acd81585-df5e-43d4-a001-01b4d58db452
2025-11-11 21:08:19.031 [34mINFO [0;39m [d6924ce8-7607-4fb4-84f9-8558034e6760] [http-nio-8081-exec-3] c.b.web.StoreDiscoveryController - Products by store: tenant=demo-store storeId=acd81585-df5e-43d4-a001-01b4d58db452
2025-11-11 21:08:19.033 [34mINFO [0;39m [efb079dc-8edb-4d84-a430-71b4ea142e4d] [http-nio-8081-exec-2] c.b.web.StoreDiscoveryController - Get store success: id=acd81585-df5e-43d4-a001-01b4d58db452 name=City Pharmacy 
2025-11-11 21:08:19.036 [34mINFO [0;39m [efb079dc-8edb-4d84-a430-71b4ea142e4d] [http-nio-8081-exec-2] c.b.config.logging.HttpLoggingFilter - GET /api/stores/acd81585-df5e-43d4-a001-01b4d58db452 -> 200 (9 ms)
2025-11-11 21:08:19.036 [34mINFO [0;39m [efb079dc-8edb-4d84-a430-71b4ea142e4d] [http-nio-8081-exec-2] c.b.config.logging.HttpLoggingFilter - Headers: auth=present content-type=null accept=application/json, text/plain, */*
2025-11-11 21:08:19.036 [34mINFO [0;39m [efb079dc-8edb-4d84-a430-71b4ea142e4d] [http-nio-8081-exec-2] c.b.config.logging.HttpLoggingFilter - Response payload: {"id":"acd81585-df5e-43d4-a001-01b4d58db452","name":"City Pharmacy","area":"Brigade","category":"pharmacy","status":"open","orderingDisabled":false,"updatedAt":"2025-11-11T15:36:23.291037Z"}
2025-11-11 21:08:19.038 [34mINFO [0;39m [d6924ce8-7607-4fb4-84f9-8558034e6760] [http-nio-8081-exec-3] c.b.config.logging.HttpLoggingFilter - GET /api/products?storeId=acd81585-df5e-43d4-a001-01b4d58db452 -> 200 (10 ms)
2025-11-11 21:08:19.038 [34mINFO [0;39m [d6924ce8-7607-4fb4-84f9-8558034e6760] [http-nio-8081-exec-3] c.b.config.logging.HttpLoggingFilter - Headers: auth=present content-type=null accept=application/json, text/plain, */*
2025-11-11 21:08:19.038 [34mINFO [0;39m [d6924ce8-7607-4fb4-84f9-8558034e6760] [http-nio-8081-exec-3] c.b.config.logging.HttpLoggingFilter - Response payload: [{"id":"76c5bd0a-9eb1-4802-ab1e-d49689088179","name":"Paracetamol","price":35.0,"category":"medicine","storeId":"acd81585-df5e-43d4-a001-01b4d58db452","active":true}]
2025-11-11 21:08:30.202 [34mINFO [0;39m [4bd2b2a6-1d68-4d4a-97a0-6995ef79c497] [http-nio-8081-exec-4] com.bharatshop.web.CartController - Add cart item: userId=6d372406-8da0-4828-b3d8-0f2f45ac103c itemId=76c5bd0a-9eb1-4802-ab1e-d49689088179__v:standard__a: qty=1 
2025-11-11 21:08:30.204 [34mINFO [0;39m [4bd2b2a6-1d68-4d4a-97a0-6995ef79c497] [http-nio-8081-exec-4] c.b.config.logging.HttpLoggingFilter - POST /store/cart/add -> 200 (29 ms)
2025-11-11 21:08:30.204 [34mINFO [0;39m [4bd2b2a6-1d68-4d4a-97a0-6995ef79c497] [http-nio-8081-exec-4] c.b.config.logging.HttpLoggingFilter - Headers: auth=present content-type=application/json accept=application/json, text/plain, */*
2025-11-11 21:08:30.205 [34mINFO [0;39m [4bd2b2a6-1d68-4d4a-97a0-6995ef79c497] [http-nio-8081-exec-4] c.b.config.logging.HttpLoggingFilter - Request payload: {"id":"76c5bd0a-9eb1-4802-ab1e-d49689088179__v:standard__a:","name":"Paracetamol","price":35,"quantity":1,"requiresPrescription":true,"storeId":"acd81585-df5e-43d4-a001-01b4d58db452"}
2025-11-11 21:08:30.205 [34mINFO [0;39m [4bd2b2a6-1d68-4d4a-97a0-6995ef79c497] [http-nio-8081-exec-4] c.b.config.logging.HttpLoggingFilter - Response payload: [{"id":"76c5bd0a-9eb1-4802-ab1e-d49689088179__v:standard__a:","name":"Paracetamol","price":35.0,"quantity":1,"requiresPrescription":true}]
2025-11-11 21:08:38.995 [34mINFO [0;39m [b9f0bcf5-5ae6-4fee-9d07-92bac1fcd839] [http-nio-8081-exec-5] com.bharatshop.web.CartController - Add cart item: userId=6d372406-8da0-4828-b3d8-0f2f45ac103c itemId=76c5bd0a-9eb1-4802-ab1e-d49689088179__v:standard__a: qty=2 
2025-11-11 21:08:38.998 [34mINFO [0;39m [b9f0bcf5-5ae6-4fee-9d07-92bac1fcd839] [http-nio-8081-exec-5] c.b.config.logging.HttpLoggingFilter - POST /store/cart/add -> 200 (5 ms)
2025-11-11 21:08:38.998 [34mINFO [0;39m [b9f0bcf5-5ae6-4fee-9d07-92bac1fcd839] [http-nio-8081-exec-5] c.b.config.logging.HttpLoggingFilter - Headers: auth=present content-type=application/json accept=application/json, text/plain, */*
2025-11-11 21:08:38.998 [34mINFO [0;39m [b9f0bcf5-5ae6-4fee-9d07-92bac1fcd839] [http-nio-8081-exec-5] c.b.config.logging.HttpLoggingFilter - Request payload: {"id":"76c5bd0a-9eb1-4802-ab1e-d49689088179__v:standard__a:","name":"Paracetamol","price":35,"quantity":2,"storeId":"acd81585-df5e-43d4-a001-01b4d58db452","requiresPrescription":true}
2025-11-11 21:08:38.999 [34mINFO [0;39m [b9f0bcf5-5ae6-4fee-9d07-92bac1fcd839] [http-nio-8081-exec-5] c.b.config.logging.HttpLoggingFilter - Response payload: [{"id":"76c5bd0a-9eb1-4802-ab1e-d49689088179__v:standard__a:","name":"Paracetamol","price":35.0,"quantity":1,"requiresPrescription":true},{"id":"76c5bd0a-9eb1-4802-ab1e-d49689088179__v:standard__a:","name":"Paracetamol","price":35.0,"quantity":2,"requiresPrescription":true}]
2025-11-11 21:08:39.152 [34mINFO [0;39m [7551cc1e-63aa-4065-9379-184d94705ca5] [http-nio-8081-exec-6] com.bharatshop.web.CartController - Add cart item: userId=6d372406-8da0-4828-b3d8-0f2f45ac103c itemId=76c5bd0a-9eb1-4802-ab1e-d49689088179__v:standard__a: qty=3 
2025-11-11 21:08:39.154 [34mINFO [0;39m [7551cc1e-63aa-4065-9379-184d94705ca5] [http-nio-8081-exec-6] c.b.config.logging.HttpLoggingFilter - POST /store/cart/add -> 200 (3 ms)
2025-11-11 21:08:39.154 [34mINFO [0;39m [7551cc1e-63aa-4065-9379-184d94705ca5] [http-nio-8081-exec-6] c.b.config.logging.HttpLoggingFilter - Headers: auth=present content-type=application/json accept=application/json, text/plain, */*
2025-11-11 21:08:39.154 [34mINFO [0;39m [7551cc1e-63aa-4065-9379-184d94705ca5] [http-nio-8081-exec-6] c.b.config.logging.HttpLoggingFilter - Request payload: {"id":"76c5bd0a-9eb1-4802-ab1e-d49689088179__v:standard__a:","name":"Paracetamol","price":35,"quantity":3,"storeId":"acd81585-df5e-43d4-a001-01b4d58db452","requiresPrescription":true}
2025-11-11 21:08:39.154 [34mINFO [0;39m [7551cc1e-63aa-4065-9379-184d94705ca5] [http-nio-8081-exec-6] c.b.config.logging.HttpLoggingFilter - Response payload: [{"id":"76c5bd0a-9eb1-4802-ab1e-d49689088179__v:standard__a:","name":"Paracetamol","price":35.0,"quantity":1,"requiresPrescription":true},{"id":"76c5bd0a-9eb1-4802-ab1e-d49689088179__v:standard__a:","name":"Paracetamol","price":35.0,"quantity":2,"requiresPrescription":true},{"id":"76c5bd0a-9eb1-4802-ab1e-d49689088179__v:standard__a:","name":"Paracetamol","price":35.0,"quantity":3,"requiresPrescription":true}]
2025-11-11 21:08:39.307 [34mINFO [0;39m [78dd5f57-8ecd-443a-bcd0-0d8d30807045] [http-nio-8081-exec-7] com.bharatshop.web.CartController - Add cart item: userId=6d372406-8da0-4828-b3d8-0f2f45ac103c itemId=76c5bd0a-9eb1-4802-ab1e-d49689088179__v:standard__a: qty=4 
2025-11-11 21:08:39.308 [34mINFO [0;39m [78dd5f57-8ecd-443a-bcd0-0d8d30807045] [http-nio-8081-exec-7] c.b.config.logging.HttpLoggingFilter - POST /store/cart/add -> 200 (3 ms)
2025-11-11 21:08:39.309 [34mINFO [0;39m [78dd5f57-8ecd-443a-bcd0-0d8d30807045] [http-nio-8081-exec-7] c.b.config.logging.HttpLoggingFilter - Headers: auth=present content-type=application/json accept=application/json, text/plain, */*
2025-11-11 21:08:39.309 [34mINFO [0;39m [78dd5f57-8ecd-443a-bcd0-0d8d30807045] [http-nio-8081-exec-7] c.b.config.logging.HttpLoggingFilter - Request payload: {"id":"76c5bd0a-9eb1-4802-ab1e-d49689088179__v:standard__a:","name":"Paracetamol","price":35,"quantity":4,"storeId":"acd81585-df5e-43d4-a001-01b4d58db452","requiresPrescription":true}
2025-11-11 21:08:39.309 [34mINFO [0;39m [78dd5f57-8ecd-443a-bcd0-0d8d30807045] [http-nio-8081-exec-7] c.b.config.logging.HttpLoggingFilter - Response payload: [{"id":"76c5bd0a-9eb1-4802-ab1e-d49689088179__v:standard__a:","name":"Paracetamol","price":35.0,"quantity":1,"requiresPrescription":true},{"id":"76c5bd0a-9eb1-4802-ab1e-d49689088179__v:standard__a:","name":"Paracetamol","price":35.0,"quantity":2,"requiresPrescription":true},{"id":"76c5bd0a-9eb1-4802-ab1e-d49689088179__v:standard__a:","name":"Paracetamol","price":35.0,"quantity":3,"requiresPrescription":true},{"id":"76c5bd0a-9eb1-4802-ab1e-d49689088179__v:standard__a:","name":"Paracetamol","price":35.0,"quantity":4,"requiresPrescription":true}]
2025-11-11 21:08:39.456 [34mINFO [0;39m [7e1f4c01-f90c-417d-a11a-edbbf10326ff] [http-nio-8081-exec-9] com.bharatshop.web.CartController - Add cart item: userId=6d372406-8da0-4828-b3d8-0f2f45ac103c itemId=76c5bd0a-9eb1-4802-ab1e-d49689088179__v:standard__a: qty=5 
2025-11-11 21:08:39.457 [34mINFO [0;39m [7e1f4c01-f90c-417d-a11a-edbbf10326ff] [http-nio-8081-exec-9] c.b.config.logging.HttpLoggingFilter - POST /store/cart/add -> 200 (3 ms)
2025-11-11 21:08:39.458 [34mINFO [0;39m [7e1f4c01-f90c-417d-a11a-edbbf10326ff] [http-nio-8081-exec-9] c.b.config.logging.HttpLoggingFilter - Headers: auth=present content-type=application/json accept=application/json, text/plain, */*
2025-11-11 21:08:39.458 [34mINFO [0;39m [7e1f4c01-f90c-417d-a11a-edbbf10326ff] [http-nio-8081-exec-9] c.b.config.logging.HttpLoggingFilter - Request payload: {"id":"76c5bd0a-9eb1-4802-ab1e-d49689088179__v:standard__a:","name":"Paracetamol","price":35,"quantity":5,"storeId":"acd81585-df5e-43d4-a001-01b4d58db452","requiresPrescription":true}
2025-11-11 21:08:39.458 [34mINFO [0;39m [7e1f4c01-f90c-417d-a11a-edbbf10326ff] [http-nio-8081-exec-9] c.b.config.logging.HttpLoggingFilter - Response payload: [{"id":"76c5bd0a-9eb1-4802-ab1e-d49689088179__v:standard__a:","name":"Paracetamol","price":35.0,"quantity":1,"requiresPrescription":true},{"id":"76c5bd0a-9eb1-4802-ab1e-d49689088179__v:standard__a:","name":"Paracetamol","price":35.0,"quantity":2,"requiresPrescription":true},{"id":"76c5bd0a-9eb1-4802-ab1e-d49689088179__v:standard__a:","name":"Paracetamol","price":35.0,"quantity":3,"requiresPrescription":true},{"id":"76c5bd0a-9eb1-4802-ab1e-d49689088179__v:standard__a:","name":"Paracetamol","price":35.0,"quantity":4,"requiresPrescription":true},{"id":"76c5bd0a-9eb1-4802-ab1e-d49689088179__v:standard__a:","name":"Paracetamol","price":35.0,"quantity":5,"requiresPrescription":true}]
2025-11-11 21:08:39.608 [34mINFO [0;39m [409fbd40-42f5-4a87-9354-3931eb479d9d] [http-nio-8081-exec-8] com.bharatshop.web.CartController - Add cart item: userId=6d372406-8da0-4828-b3d8-0f2f45ac103c itemId=76c5bd0a-9eb1-4802-ab1e-d49689088179__v:standard__a: qty=6 
2025-11-11 21:08:39.610 [34mINFO [0;39m [409fbd40-42f5-4a87-9354-3931eb479d9d] [http-nio-8081-exec-8] c.b.config.logging.HttpLoggingFilter - POST /store/cart/add -> 200 (3 ms)
2025-11-11 21:08:39.611 [34mINFO [0;39m [409fbd40-42f5-4a87-9354-3931eb479d9d] [http-nio-8081-exec-8] c.b.config.logging.HttpLoggingFilter - Headers: auth=present content-type=application/json accept=application/json, text/plain, */*
2025-11-11 21:08:39.611 [34mINFO [0;39m [409fbd40-42f5-4a87-9354-3931eb479d9d] [http-nio-8081-exec-8] c.b.config.logging.HttpLoggingFilter - Request payload: {"id":"76c5bd0a-9eb1-4802-ab1e-d49689088179__v:standard__a:","name":"Paracetamol","price":35,"quantity":6,"storeId":"acd81585-df5e-43d4-a001-01b4d58db452","requiresPrescription":true}
2025-11-11 21:08:39.611 [34mINFO [0;39m [409fbd40-42f5-4a87-9354-3931eb479d9d] [http-nio-8081-exec-8] c.b.config.logging.HttpLoggingFilter - Response payload: [{"id":"76c5bd0a-9eb1-4802-ab1e-d49689088179__v:standard__a:","name":"Paracetamol","price":35.0,"quantity":1,"requiresPrescription":true},{"id":"76c5bd0a-9eb1-4802-ab1e-d49689088179__v:standard__a:","name":"Paracetamol","price":35.0,"quantity":2,"requiresPrescription":true},{"id":"76c5bd0a-9eb1-4802-ab1e-d49689088179__v:standard__a:","name":"Paracetamol","price":35.0,"quantity":3,"requiresPrescription":true},{"id":"76c5bd0a-9eb1-4802-ab1e-d49689088179__v:standard__a:","name":"Paracetamol","price":35.0,"quantity":4,"requiresPrescription":true},{"id":"76c5bd0a-9eb1-4802-ab1e-d49689088179__v:standard__a:","name":"Paracetamol","price":35.0,"quantity":5,"requiresPrescription":true},{"id":"76c5bd0a-9eb1-4802-ab1e-d49689088179__v:standard__a:","name":"Paracetamol","price":35.0,"quantity":6,"requiresPrescription":true}]
2025-11-11 21:08:39.750 [34mINFO [0;39m [69a43009-0c6a-4b63-a11f-10ded241648f] [http-nio-8081-exec-10] com.bharatshop.web.CartController - Add cart item: userId=6d372406-8da0-4828-b3d8-0f2f45ac103c itemId=76c5bd0a-9eb1-4802-ab1e-d49689088179__v:standard__a: qty=7 
2025-11-11 21:08:39.751 [34mINFO [0;39m [69a43009-0c6a-4b63-a11f-10ded241648f] [http-nio-8081-exec-10] c.b.config.logging.HttpLoggingFilter - POST /store/cart/add -> 200 (2 ms)
2025-11-11 21:08:39.752 [34mINFO [0;39m [69a43009-0c6a-4b63-a11f-10ded241648f] [http-nio-8081-exec-10] c.b.config.logging.HttpLoggingFilter - Headers: auth=present content-type=application/json accept=application/json, text/plain, */*
2025-11-11 21:08:39.752 [34mINFO [0;39m [69a43009-0c6a-4b63-a11f-10ded241648f] [http-nio-8081-exec-10] c.b.config.logging.HttpLoggingFilter - Request payload: {"id":"76c5bd0a-9eb1-4802-ab1e-d49689088179__v:standard__a:","name":"Paracetamol","price":35,"quantity":7,"storeId":"acd81585-df5e-43d4-a001-01b4d58db452","requiresPrescription":true}
2025-11-11 21:08:39.752 [34mINFO [0;39m [69a43009-0c6a-4b63-a11f-10ded241648f] [http-nio-8081-exec-10] c.b.config.logging.HttpLoggingFilter - Response payload: [{"id":"76c5bd0a-9eb1-4802-ab1e-d49689088179__v:standard__a:","name":"Paracetamol","price":35.0,"quantity":1,"requiresPrescription":true},{"id":"76c5bd0a-9eb1-4802-ab1e-d49689088179__v:standard__a:","name":"Paracetamol","price":35.0,"quantity":2,"requiresPrescription":true},{"id":"76c5bd0a-9eb1-4802-ab1e-d49689088179__v:standard__a:","name":"Paracetamol","price":35.0,"quantity":3,"requiresPrescription":true},{"id":"76c5bd0a-9eb1-4802-ab1e-d49689088179__v:standard__a:","name":"Paracetamol","price":35.0,"quantity":4,"requiresPrescription":true},{"id":"76c5bd0a-9eb1-4802-ab1e-d49689088179__v:standard__a:","name":"Paracetamol","price":35.0,"quantity":5,"requiresPrescription":true},{"id":"76c5bd0a-9eb1-4802-ab1e-d49689088179__v:standard__a:","name":"Paracetamol","price":35.0,"quantity":6,"requiresPrescription":true},{"id":"76c5bd0a-9eb1-4802-ab1e-d49689088179__v:standard__a:","name":"Paracetamol","price":35.0,"quantity":7,"requiresPrescription":true}]
2025-11-11 21:08:39.974 [34mINFO [0;39m [fe7109e8-118b-4c4d-ad8f-982c7bbfeef1] [http-nio-8081-exec-1] com.bharatshop.web.CartController - Add cart item: userId=6d372406-8da0-4828-b3d8-0f2f45ac103c itemId=76c5bd0a-9eb1-4802-ab1e-d49689088179__v:standard__a: qty=8 
2025-11-11 21:08:39.975 [34mINFO [0;39m [fe7109e8-118b-4c4d-ad8f-982c7bbfeef1] [http-nio-8081-exec-1] c.b.config.logging.HttpLoggingFilter - POST /store/cart/add -> 200 (3 ms)
2025-11-11 21:08:39.976 [34mINFO [0;39m [fe7109e8-118b-4c4d-ad8f-982c7bbfeef1] [http-nio-8081-exec-1] c.b.config.logging.HttpLoggingFilter - Headers: auth=present content-type=application/json accept=application/json, text/plain, */*
2025-11-11 21:08:39.976 [34mINFO [0;39m [fe7109e8-118b-4c4d-ad8f-982c7bbfeef1] [http-nio-8081-exec-1] c.b.config.logging.HttpLoggingFilter - Request payload: {"id":"76c5bd0a-9eb1-4802-ab1e-d49689088179__v:standard__a:","name":"Paracetamol","price":35,"quantity":8,"storeId":"acd81585-df5e-43d4-a001-01b4d58db452","requiresPrescription":true}
2025-11-11 21:08:39.976 [34mINFO [0;39m [fe7109e8-118b-4c4d-ad8f-982c7bbfeef1] [http-nio-8081-exec-1] c.b.config.logging.HttpLoggingFilter - Response payload: [{"id":"76c5bd0a-9eb1-4802-ab1e-d49689088179__v:standard__a:","name":"Paracetamol","price":35.0,"quantity":1,"requiresPrescription":true},{"id":"76c5bd0a-9eb1-4802-ab1e-d49689088179__v:standard__a:","name":"Paracetamol","price":35.0,"quantity":2,"requiresPrescription":true},{"id":"76c5bd0a-9eb1-4802-ab1e-d49689088179__v:standard__a:","name":"Paracetamol","price":35.0,"quantity":3,"requiresPrescription":true},{"id":"76c5bd0a-9eb1-4802-ab1e-d49689088179__v:standard__a:","name":"Paracetamol","price":35.0,"quantity":4,"requiresPrescription":true},{"id":"76c5bd0a-9eb1-4802-ab1e-d49689088179__v:standard__a:","name":"Paracetamol","price":35.0,"quantity":5,"requiresPrescription":true},{"id":"76c5bd0a-9eb1-4802-ab1e-d49689088179__v:standard__a:","name":"Paracetamol","price":35.0,"quantity":6,"requiresPrescription":true},{"id":"76c5bd0a-9eb1-4802-ab1e-d49689088179__v:standard__a:","name":"Paracetamol","price":35.0,"quantity":7,"requiresPrescription":true},{"id":"76c5bd0a-9eb1-4802-ab1e-d49689088179__v:standard__a:","name":"Paracetamol","price":35.0,"quantity":8,"requiresPrescription":true}]
2025-11-11 21:08:47.881 [34mINFO [0;39m [7efda2b6-f3eb-4380-9500-9d41c5234e5d] [http-nio-8081-exec-2] com.bharatshop.web.EventController - Event ingested: id=evt_c669d3d3-c168-46d9-b151-a4157b21a896 name=nav_click tenant=demo-store userId=6d372406-8da0-4828-b3d8-0f2f45ac103c role=USER ip=127.0.0.1 ua=Mozilla/5.0 (Linux; Android 6.0; Nexus 5 Build/MRA58N) AppleWebKit/537.36 (KHTML, like Gecko) Chrome/142.0.0.0 Mobile Safari/537.36 ts=1762875527864 payloadPresent=true
2025-11-11 21:08:47.882 [34mINFO [0;39m [7efda2b6-f3eb-4380-9500-9d41c5234e5d] [http-nio-8081-exec-2] c.b.config.logging.HttpLoggingFilter - POST /api/events -> 200 (6 ms)
2025-11-11 21:08:47.883 [34mINFO [0;39m [7efda2b6-f3eb-4380-9500-9d41c5234e5d] [http-nio-8081-exec-2] c.b.config.logging.HttpLoggingFilter - Headers: auth=present content-type=application/json accept=application/json, text/plain, */*
2025-11-11 21:08:47.884 [34mINFO [0;39m [7efda2b6-f3eb-4380-9500-9d41c5234e5d] [http-nio-8081-exec-2] c.b.config.logging.HttpLoggingFilter - Request payload: {"name":"nav_click","payload":{"target":"language_modal","context":"mobile_topbar"},"timestamp":1762875527864}
2025-11-11 21:08:47.884 [34mINFO [0;39m [7efda2b6-f3eb-4380-9500-9d41c5234e5d] [http-nio-8081-exec-2] c.b.config.logging.HttpLoggingFilter - Response payload: {"ok":true,"id":"evt_c669d3d3-c168-46d9-b151-a4157b21a896"}
2025-11-11 21:08:49.325 [34mINFO [0;39m [72e48765-e6e0-470b-ba66-6ebaf76ea1a7] [http-nio-8081-exec-3] com.bharatshop.web.EventController - Event ingested: id=evt_12e2053a-e48a-4cb3-aa35-525997586aa1 name=language_change tenant=demo-store userId=6d372406-8da0-4828-b3d8-0f2f45ac103c role=USER ip=127.0.0.1 ua=Mozilla/5.0 (Linux; Android 6.0; Nexus 5 Build/MRA58N) AppleWebKit/537.36 (KHTML, like Gecko) Chrome/142.0.0.0 Mobile Safari/537.36 ts=1762875529299 payloadPresent=true
2025-11-11 21:08:49.330 [34mINFO [0;39m [36c5c0ff-a01c-429f-ba14-41a1ab76ad72] [http-nio-8081-exec-4] com.bharatshop.web.EventController - Event ingested: id=evt_30971457-93a2-4ddc-9dbf-98aa3c8e4c9f name=language_change tenant=demo-store userId=6d372406-8da0-4828-b3d8-0f2f45ac103c role=USER ip=127.0.0.1 ua=Mozilla/5.0 (Linux; Android 6.0; Nexus 5 Build/MRA58N) AppleWebKit/537.36 (KHTML, like Gecko) Chrome/142.0.0.0 Mobile Safari/537.36 ts=1762875529303 payloadPresent=true
2025-11-11 21:08:49.332 [34mINFO [0;39m [72e48765-e6e0-470b-ba66-6ebaf76ea1a7] [http-nio-8081-exec-3] c.b.config.logging.HttpLoggingFilter - POST /api/events -> 200 (10 ms)
2025-11-11 21:08:49.334 [34mINFO [0;39m [72e48765-e6e0-470b-ba66-6ebaf76ea1a7] [http-nio-8081-exec-3] c.b.config.logging.HttpLoggingFilter - Headers: auth=present content-type=application/json accept=application/json, text/plain, */*
2025-11-11 21:08:49.335 [34mINFO [0;39m [36c5c0ff-a01c-429f-ba14-41a1ab76ad72] [http-nio-8081-exec-4] c.b.config.logging.HttpLoggingFilter - POST /api/events -> 200 (8 ms)
2025-11-11 21:08:49.335 [34mINFO [0;39m [72e48765-e6e0-470b-ba66-6ebaf76ea1a7] [http-nio-8081-exec-3] c.b.config.logging.HttpLoggingFilter - Request payload: {"name":"language_change","payload":{"locale":"hi","ui":"modal"},"timestamp":1762875529299}
2025-11-11 21:08:49.340 [34mINFO [0;39m [72e48765-e6e0-470b-ba66-6ebaf76ea1a7] [http-nio-8081-exec-3] c.b.config.logging.HttpLoggingFilter - Response payload: {"ok":true,"id":"evt_12e2053a-e48a-4cb3-aa35-525997586aa1"}
2025-11-11 21:08:49.341 [34mINFO [0;39m [36c5c0ff-a01c-429f-ba14-41a1ab76ad72] [http-nio-8081-exec-4] c.b.config.logging.HttpLoggingFilter - Headers: auth=present content-type=application/json accept=application/json, text/plain, */*
2025-11-11 21:08:49.350 [34mINFO [0;39m [36c5c0ff-a01c-429f-ba14-41a1ab76ad72] [http-nio-8081-exec-4] c.b.config.logging.HttpLoggingFilter - Request payload: {"name":"language_change","payload":{"locale":"hi"},"timestamp":1762875529303}
2025-11-11 21:08:49.353 [34mINFO [0;39m [36c5c0ff-a01c-429f-ba14-41a1ab76ad72] [http-nio-8081-exec-4] c.b.config.logging.HttpLoggingFilter - Response payload: {"ok":true,"id":"evt_30971457-93a2-4ddc-9dbf-98aa3c8e4c9f"}
2025-11-11 21:08:55.209 [34mINFO [0;39m [f9c2be90-8418-47b3-bb1b-1545ddea84f7] [http-nio-8081-exec-5] com.bharatshop.web.EventController - Event ingested: id=evt_c58e360c-e136-4aad-8fc8-612281253aa4 name=nav_click tenant=demo-store userId=6d372406-8da0-4828-b3d8-0f2f45ac103c role=USER ip=127.0.0.1 ua=Mozilla/5.0 (Linux; Android 6.0; Nexus 5 Build/MRA58N) AppleWebKit/537.36 (KHTML, like Gecko) Chrome/142.0.0.0 Mobile Safari/537.36 ts=1762875535200 payloadPresent=true
2025-11-11 21:08:55.210 [34mINFO [0;39m [f9c2be90-8418-47b3-bb1b-1545ddea84f7] [http-nio-8081-exec-5] c.b.config.logging.HttpLoggingFilter - POST /api/events -> 200 (4 ms)
2025-11-11 21:08:55.210 [34mINFO [0;39m [f9c2be90-8418-47b3-bb1b-1545ddea84f7] [http-nio-8081-exec-5] c.b.config.logging.HttpLoggingFilter - Headers: auth=present content-type=application/json accept=application/json, text/plain, */*
2025-11-11 21:08:55.210 [34mINFO [0;39m [f9c2be90-8418-47b3-bb1b-1545ddea84f7] [http-nio-8081-exec-5] c.b.config.logging.HttpLoggingFilter - Request payload: {"name":"nav_click","payload":{"target":"language_modal","context":"mobile_topbar"},"timestamp":1762875535200}
2025-11-11 21:08:55.210 [34mINFO [0;39m [f9c2be90-8418-47b3-bb1b-1545ddea84f7] [http-nio-8081-exec-5] c.b.config.logging.HttpLoggingFilter - Response payload: {"ok":true,"id":"evt_c58e360c-e136-4aad-8fc8-612281253aa4"}
2025-11-11 21:08:57.605 [34mINFO [0;39m [cf9bda10-6eb1-4982-b898-000bf5ca8284] [http-nio-8081-exec-6] com.bharatshop.web.EventController - Event ingested: id=evt_7033cbce-e669-42b7-8bf3-1ea1ee230a7f name=language_change tenant=demo-store userId=6d372406-8da0-4828-b3d8-0f2f45ac103c role=USER ip=127.0.0.1 ua=Mozilla/5.0 (Linux; Android 6.0; Nexus 5 Build/MRA58N) AppleWebKit/537.36 (KHTML, like Gecko) Chrome/142.0.0.0 Mobile Safari/537.36 ts=1762875537595 payloadPresent=true
2025-11-11 21:08:57.605 [34mINFO [0;39m [14022318-c640-4e26-84e3-1bb52e4409f7] [http-nio-8081-exec-7] com.bharatshop.web.EventController - Event ingested: id=evt_672fbb08-328c-4bfc-93ca-dc98e9d63657 name=language_change tenant=demo-store userId=6d372406-8da0-4828-b3d8-0f2f45ac103c role=USER ip=127.0.0.1 ua=Mozilla/5.0 (Linux; Android 6.0; Nexus 5 Build/MRA58N) AppleWebKit/537.36 (KHTML, like Gecko) Chrome/142.0.0.0 Mobile Safari/537.36 ts=1762875537597 payloadPresent=true
2025-11-11 21:08:57.606 [34mINFO [0;39m [14022318-c640-4e26-84e3-1bb52e4409f7] [http-nio-8081-exec-7] c.b.config.logging.HttpLoggingFilter - POST /api/events -> 200 (2 ms)
2025-11-11 21:08:57.606 [34mINFO [0;39m [cf9bda10-6eb1-4982-b898-000bf5ca8284] [http-nio-8081-exec-6] c.b.config.logging.HttpLoggingFilter - POST /api/events -> 200 (2 ms)
2025-11-11 21:08:57.606 [34mINFO [0;39m [14022318-c640-4e26-84e3-1bb52e4409f7] [http-nio-8081-exec-7] c.b.config.logging.HttpLoggingFilter - Headers: auth=present content-type=application/json accept=application/json, text/plain, */*
2025-11-11 21:08:57.608 [34mINFO [0;39m [cf9bda10-6eb1-4982-b898-000bf5ca8284] [http-nio-8081-exec-6] c.b.config.logging.HttpLoggingFilter - Headers: auth=present content-type=application/json accept=application/json, text/plain, */*
2025-11-11 21:08:57.608 [34mINFO [0;39m [14022318-c640-4e26-84e3-1bb52e4409f7] [http-nio-8081-exec-7] c.b.config.logging.HttpLoggingFilter - Request payload: {"name":"language_change","payload":{"locale":"en"},"timestamp":1762875537597}
2025-11-11 21:08:57.608 [34mINFO [0;39m [14022318-c640-4e26-84e3-1bb52e4409f7] [http-nio-8081-exec-7] c.b.config.logging.HttpLoggingFilter - Response payload: {"ok":true,"id":"evt_672fbb08-328c-4bfc-93ca-dc98e9d63657"}
2025-11-11 21:08:57.608 [34mINFO [0;39m [cf9bda10-6eb1-4982-b898-000bf5ca8284] [http-nio-8081-exec-6] c.b.config.logging.HttpLoggingFilter - Request payload: {"name":"language_change","payload":{"locale":"en","ui":"modal"},"timestamp":1762875537595}
2025-11-11 21:08:57.609 [34mINFO [0;39m [cf9bda10-6eb1-4982-b898-000bf5ca8284] [http-nio-8081-exec-6] c.b.config.logging.HttpLoggingFilter - Response payload: {"ok":true,"id":"evt_7033cbce-e669-42b7-8bf3-1ea1ee230a7f"}
2025-11-11 21:09:26.082 [34mINFO [0;39m [a3054f84-4fd1-41af-83b9-c7cea7e01bff] [http-nio-8081-exec-9] c.bharatshop.web.CheckoutController - Checkout requested: tenant=demo-store userId=6d372406-8da0-4828-b3d8-0f2f45ac103c items=1 paymentMethod=cod
2025-11-11 21:09:26.097 [34mINFO [0;39m [a3054f84-4fd1-41af-83b9-c7cea7e01bff] [http-nio-8081-exec-9] c.bharatshop.web.CheckoutController - Checkout success: orderId=93248f9e-f77d-4596-8ef8-4b217f7e1db7 reference=REF-93248f9e userId=6d372406-8da0-4828-b3d8-0f2f45ac103c
2025-11-11 21:09:26.104 [34mINFO [0;39m [a3054f84-4fd1-41af-83b9-c7cea7e01bff] [http-nio-8081-exec-9] c.b.config.logging.HttpLoggingFilter - POST /api/storefront/checkout -> 200 (68 ms)
2025-11-11 21:09:26.105 [34mINFO [0;39m [a3054f84-4fd1-41af-83b9-c7cea7e01bff] [http-nio-8081-exec-9] c.b.config.logging.HttpLoggingFilter - Headers: auth=present content-type=application/json accept=application/json, text/plain, */*
2025-11-11 21:09:26.105 [34mINFO [0;39m [a3054f84-4fd1-41af-83b9-c7cea7e01bff] [http-nio-8081-exec-9] c.b.config.logging.HttpLoggingFilter - Request payload: {"items":[{"id":"76c5bd0a-9eb1-4802-ab1e-d49689088179__v:standard__a:","name":"Paracetamol","price":35,"quantity":8,"storeId":"acd81585-df5e-43d4-a001-01b4d58db452","requiresPrescription":true}],"totals":{"subtotal":280,"discount":50,"deliveryFee":0,"tax":0,"tip":0,"payable":230},"address":{"name":"Adarsh soni","phone":"9876543211","line1":"Near Major Chauraha Balrampur","line2":"","city":"Balrampur","pincode":"271201"},"deliverySlot":"morning","promo":"WELCOME50","deliveryInstructions":"","prescriptions":[{"name":"Gemini_Generated_Image_c7xjdoc7xjdoc7xj.png","size":1196719,"type":"image/png"}],"paymentMethod":"cod"}
2025-11-11 21:09:26.106 [34mINFO [0;39m [a3054f84-4fd1-41af-83b9-c7cea7e01bff] [http-nio-8081-exec-9] c.b.config.logging.HttpLoggingFilter - Response payload: {"reference":"REF-93248f9e","order":{"id":"93248f9e-f77d-4596-8ef8-4b217f7e1db7","reference":"REF-93248f9e","status":"placed","total":230.0,"totals":{"subtotal":280.0,"discount":50.0,"deliveryFee":0.0,"tax":0.0,"tip":0.0,"payable":230.0},"items":[{"id":"76c5bd0a-9eb1-4802-ab1e-d49689088179__v:standard__a:","name":"Paracetamol","price":35.0,"quantity":8,"requiresPrescription":true}],"paymentMethod":"cod","address":{"name":"Adarsh soni","phone":"9876543211","line1":"Near Major Chauraha Balrampur","line2":"","city":"Balrampur","pincode":"271201"},"deliverySlot":"morning","deliveryInstructions":"","promo":"WELCOME50","type":"order","createdAt":"2025-11-11T15:39:26.083460600Z","sellerResponseDeadline":"2025-11-11T15:54:26.083460600Z"}}
2025-11-11 21:09:31.142 [34mINFO [0;39m [83fb88e2-bffc-4d59-93e5-ee37b8158c14] [http-nio-8081-exec-8] c.b.web.StoreDiscoveryController - Discover stores: tenant=demo-store search=null category=null
2025-11-11 21:09:31.145 [34mINFO [0;39m [83fb88e2-bffc-4d59-93e5-ee37b8158c14] [http-nio-8081-exec-8] c.b.config.logging.HttpLoggingFilter - GET /api/stores?city=Noida -> 200 (4 ms)
2025-11-11 21:09:31.146 [34mINFO [0;39m [83fb88e2-bffc-4d59-93e5-ee37b8158c14] [http-nio-8081-exec-8] c.b.config.logging.HttpLoggingFilter - Headers: auth=present content-type=null accept=application/json, text/plain, */*
2025-11-11 21:09:31.146 [34mINFO [0;39m [83fb88e2-bffc-4d59-93e5-ee37b8158c14] [http-nio-8081-exec-8] c.b.config.logging.HttpLoggingFilter - Response payload: [{"id":"acd81585-df5e-43d4-a001-01b4d58db452","name":"City Pharmacy","area":"Brigade","category":"pharmacy","status":"open","orderingDisabled":false,"updatedAt":"2025-11-11T15:36:23.291037Z"},{"id":"57101573-7017-42cc-b7f7-6c9cd0d1247c","name":"Fresh Mart","area":"MG Road","category":"grocery","status":"open","orderingDisabled":false,"updatedAt":"2025-11-11T15:36:23.209133Z"},{"id":"99ec8214-55fc-479f-a463-de62794fe86c","name":"Sunrise Hotel","area":"Beach","category":"hospitality","status":"open","orderingDisabled":false,"updatedAt":"2025-11-11T15:36:23.293036Z"}]
2025-11-11 21:09:37.451 [34mINFO [0;39m [02446fc5-d69b-435f-bc57-ead6c21cff4f] [http-nio-8081-exec-10] com.bharatshop.web.OrdersController - List orders: tenant=demo-store userId=6d372406-8da0-4828-b3d8-0f2f45ac103c
2025-11-11 21:09:37.483 [34mINFO [0;39m [02446fc5-d69b-435f-bc57-ead6c21cff4f] [http-nio-8081-exec-10] com.bharatshop.web.OrdersController - Orders fetched: count=1
2025-11-11 21:09:37.486 [34mINFO [0;39m [02446fc5-d69b-435f-bc57-ead6c21cff4f] [http-nio-8081-exec-10] c.b.config.logging.HttpLoggingFilter - GET /api/storefront/orders -> 200 (37 ms)
2025-11-11 21:09:37.487 [34mINFO [0;39m [02446fc5-d69b-435f-bc57-ead6c21cff4f] [http-nio-8081-exec-10] c.b.config.logging.HttpLoggingFilter - Headers: auth=present content-type=null accept=application/json, text/plain, */*
2025-11-11 21:09:37.488 [34mINFO [0;39m [02446fc5-d69b-435f-bc57-ead6c21cff4f] [http-nio-8081-exec-10] c.b.config.logging.HttpLoggingFilter - Response payload: [{"id":"93248f9e-f77d-4596-8ef8-4b217f7e1db7","reference":"REF-93248f9e","status":"placed","total":230.0,"totals":{"payable":230.0},"items":[{"id":"094f5f02-435d-48a9-bf7d-0c44154cf415","name":"Paracetamol","price":35.0,"quantity":8,"requiresPrescription":true}],"paymentMethod":"cod","type":"order","createdAt":"2025-11-11T15:39:26.083461Z","sellerResponseDeadline":"2025-11-11T15:54:26.083461Z"}]
2025-11-11 21:09:37.499 [34mINFO [0;39m [1955c717-ab9f-49f7-ae59-9cdf54ede05d] [http-nio-8081-exec-1] com.bharatshop.web.OrdersController - List orders: tenant=demo-store userId=6d372406-8da0-4828-b3d8-0f2f45ac103c
2025-11-11 21:09:37.508 [34mINFO [0;39m [1955c717-ab9f-49f7-ae59-9cdf54ede05d] [http-nio-8081-exec-1] com.bharatshop.web.OrdersController - Orders fetched: count=1
2025-11-11 21:09:37.510 [34mINFO [0;39m [1955c717-ab9f-49f7-ae59-9cdf54ede05d] [http-nio-8081-exec-1] c.b.config.logging.HttpLoggingFilter - GET /api/storefront/orders -> 200 (12 ms)
2025-11-11 21:09:37.511 [34mINFO [0;39m [1955c717-ab9f-49f7-ae59-9cdf54ede05d] [http-nio-8081-exec-1] c.b.config.logging.HttpLoggingFilter - Headers: auth=present content-type=null accept=application/json, text/plain, */*
2025-11-11 21:09:37.511 [34mINFO [0;39m [1955c717-ab9f-49f7-ae59-9cdf54ede05d] [http-nio-8081-exec-1] c.b.config.logging.HttpLoggingFilter - Response payload: [{"id":"93248f9e-f77d-4596-8ef8-4b217f7e1db7","reference":"REF-93248f9e","status":"placed","total":230.0,"totals":{"payable":230.0},"items":[{"id":"094f5f02-435d-48a9-bf7d-0c44154cf415","name":"Paracetamol","price":35.0,"quantity":8,"requiresPrescription":true}],"paymentMethod":"cod","type":"order","createdAt":"2025-11-11T15:39:26.083461Z","sellerResponseDeadline":"2025-11-11T15:54:26.083461Z"}]
2025-11-11 21:09:41.889 [34mINFO [0;39m [77fd852d-cba4-42a4-b11e-40257b55e495] [http-nio-8081-exec-2] com.bharatshop.web.OrdersController - List orders: tenant=demo-store userId=6d372406-8da0-4828-b3d8-0f2f45ac103c
2025-11-11 21:09:41.894 [34mINFO [0;39m [77fd852d-cba4-42a4-b11e-40257b55e495] [http-nio-8081-exec-2] com.bharatshop.web.OrdersController - Orders fetched: count=1
2025-11-11 21:09:41.897 [34mINFO [0;39m [77fd852d-cba4-42a4-b11e-40257b55e495] [http-nio-8081-exec-2] c.b.config.logging.HttpLoggingFilter - GET /api/storefront/orders -> 200 (9 ms)
2025-11-11 21:09:41.897 [34mINFO [0;39m [77fd852d-cba4-42a4-b11e-40257b55e495] [http-nio-8081-exec-2] c.b.config.logging.HttpLoggingFilter - Headers: auth=present content-type=null accept=application/json, text/plain, */*
2025-11-11 21:09:41.897 [34mINFO [0;39m [77fd852d-cba4-42a4-b11e-40257b55e495] [http-nio-8081-exec-2] c.b.config.logging.HttpLoggingFilter - Response payload: [{"id":"93248f9e-f77d-4596-8ef8-4b217f7e1db7","reference":"REF-93248f9e","status":"placed","total":230.0,"totals":{"payable":230.0},"items":[{"id":"094f5f02-435d-48a9-bf7d-0c44154cf415","name":"Paracetamol","price":35.0,"quantity":8,"requiresPrescription":true}],"paymentMethod":"cod","type":"order","createdAt":"2025-11-11T15:39:26.083461Z","sellerResponseDeadline":"2025-11-11T15:54:26.083461Z"}]
2025-11-11 21:09:41.910 [34mINFO [0;39m [6bcf471c-87b5-41b8-879e-7fa5492401dc] [http-nio-8081-exec-3] com.bharatshop.web.OrdersController - List orders: tenant=demo-store userId=6d372406-8da0-4828-b3d8-0f2f45ac103c
2025-11-11 21:09:41.918 [34mINFO [0;39m [6bcf471c-87b5-41b8-879e-7fa5492401dc] [http-nio-8081-exec-3] com.bharatshop.web.OrdersController - Orders fetched: count=1
2025-11-11 21:09:41.919 [34mINFO [0;39m [6bcf471c-87b5-41b8-879e-7fa5492401dc] [http-nio-8081-exec-3] c.b.config.logging.HttpLoggingFilter - GET /api/storefront/orders -> 200 (9 ms)
2025-11-11 21:09:41.921 [34mINFO [0;39m [6bcf471c-87b5-41b8-879e-7fa5492401dc] [http-nio-8081-exec-3] c.b.config.logging.HttpLoggingFilter - Headers: auth=present content-type=null accept=application/json, text/plain, */*
2025-11-11 21:09:41.921 [34mINFO [0;39m [6bcf471c-87b5-41b8-879e-7fa5492401dc] [http-nio-8081-exec-3] c.b.config.logging.HttpLoggingFilter - Response payload: [{"id":"93248f9e-f77d-4596-8ef8-4b217f7e1db7","reference":"REF-93248f9e","status":"placed","total":230.0,"totals":{"payable":230.0},"items":[{"id":"094f5f02-435d-48a9-bf7d-0c44154cf415","name":"Paracetamol","price":35.0,"quantity":8,"requiresPrescription":true}],"paymentMethod":"cod","type":"order","createdAt":"2025-11-11T15:39:26.083461Z","sellerResponseDeadline":"2025-11-11T15:54:26.083461Z"}]
2025-11-11 21:09:47.411 [34mINFO [0;39m [e0f5d6a0-b7c2-4b58-acc3-25f2602500f2] [http-nio-8081-exec-4] com.bharatshop.web.OrdersController - List orders: tenant=demo-store userId=6d372406-8da0-4828-b3d8-0f2f45ac103c
2025-11-11 21:09:47.415 [34mINFO [0;39m [e0f5d6a0-b7c2-4b58-acc3-25f2602500f2] [http-nio-8081-exec-4] com.bharatshop.web.OrdersController - Orders fetched: count=1
2025-11-11 21:09:47.417 [34mINFO [0;39m [e0f5d6a0-b7c2-4b58-acc3-25f2602500f2] [http-nio-8081-exec-4] c.b.config.logging.HttpLoggingFilter - GET /api/storefront/orders -> 200 (7 ms)
2025-11-11 21:09:47.418 [34mINFO [0;39m [e0f5d6a0-b7c2-4b58-acc3-25f2602500f2] [http-nio-8081-exec-4] c.b.config.logging.HttpLoggingFilter - Headers: auth=present content-type=null accept=application/json, text/plain, */*
2025-11-11 21:09:47.418 [34mINFO [0;39m [e0f5d6a0-b7c2-4b58-acc3-25f2602500f2] [http-nio-8081-exec-4] c.b.config.logging.HttpLoggingFilter - Response payload: [{"id":"93248f9e-f77d-4596-8ef8-4b217f7e1db7","reference":"REF-93248f9e","status":"placed","total":230.0,"totals":{"payable":230.0},"items":[{"id":"094f5f02-435d-48a9-bf7d-0c44154cf415","name":"Paracetamol","price":35.0,"quantity":8,"requiresPrescription":true}],"paymentMethod":"cod","type":"order","createdAt":"2025-11-11T15:39:26.083461Z","sellerResponseDeadline":"2025-11-11T15:54:26.083461Z"}]
2025-11-11 21:09:47.429 [34mINFO [0;39m [2e41dd15-3089-43ef-8f67-0beef8568097] [http-nio-8081-exec-5] com.bharatshop.web.OrdersController - List orders: tenant=demo-store userId=6d372406-8da0-4828-b3d8-0f2f45ac103c
2025-11-11 21:09:47.437 [34mINFO [0;39m [2e41dd15-3089-43ef-8f67-0beef8568097] [http-nio-8081-exec-5] com.bharatshop.web.OrdersController - Orders fetched: count=1
2025-11-11 21:09:47.441 [34mINFO [0;39m [2e41dd15-3089-43ef-8f67-0beef8568097] [http-nio-8081-exec-5] c.b.config.logging.HttpLoggingFilter - GET /api/storefront/orders -> 200 (13 ms)
2025-11-11 21:09:47.442 [34mINFO [0;39m [2e41dd15-3089-43ef-8f67-0beef8568097] [http-nio-8081-exec-5] c.b.config.logging.HttpLoggingFilter - Headers: auth=present content-type=null accept=application/json, text/plain, */*
2025-11-11 21:09:47.442 [34mINFO [0;39m [2e41dd15-3089-43ef-8f67-0beef8568097] [http-nio-8081-exec-5] c.b.config.logging.HttpLoggingFilter - Response payload: [{"id":"93248f9e-f77d-4596-8ef8-4b217f7e1db7","reference":"REF-93248f9e","status":"placed","total":230.0,"totals":{"payable":230.0},"items":[{"id":"094f5f02-435d-48a9-bf7d-0c44154cf415","name":"Paracetamol","price":35.0,"quantity":8,"requiresPrescription":true}],"paymentMethod":"cod","type":"order","createdAt":"2025-11-11T15:39:26.083461Z","sellerResponseDeadline":"2025-11-11T15:54:26.083461Z"}]
2025-11-11 21:09:59.537 [34mINFO [0;39m [e925d37b-bb7d-4c23-bcac-cb1e478686a3] [http-nio-8081-exec-6] c.b.web.StoreDiscoveryController - Discover stores: tenant=demo-store search=null category=null
2025-11-11 21:09:59.543 [34mINFO [0;39m [e925d37b-bb7d-4c23-bcac-cb1e478686a3] [http-nio-8081-exec-6] c.b.config.logging.HttpLoggingFilter - GET /api/stores -> 200 (6 ms)
2025-11-11 21:09:59.543 [34mINFO [0;39m [e925d37b-bb7d-4c23-bcac-cb1e478686a3] [http-nio-8081-exec-6] c.b.config.logging.HttpLoggingFilter - Headers: auth=present content-type=null accept=application/json, text/plain, */*
2025-11-11 21:09:59.544 [34mINFO [0;39m [e925d37b-bb7d-4c23-bcac-cb1e478686a3] [http-nio-8081-exec-6] c.b.config.logging.HttpLoggingFilter - Response payload: [{"id":"acd81585-df5e-43d4-a001-01b4d58db452","name":"City Pharmacy","area":"Brigade","category":"pharmacy","status":"open","orderingDisabled":false,"updatedAt":"2025-11-11T15:36:23.291037Z"},{"id":"57101573-7017-42cc-b7f7-6c9cd0d1247c","name":"Fresh Mart","area":"MG Road","category":"grocery","status":"open","orderingDisabled":false,"updatedAt":"2025-11-11T15:36:23.209133Z"},{"id":"99ec8214-55fc-479f-a463-de62794fe86c","name":"Sunrise Hotel","area":"Beach","category":"hospitality","status":"open","orderingDisabled":false,"updatedAt":"2025-11-11T15:36:23.293036Z"}]
2025-11-11 21:10:10.123 [34mINFO [0;39m [dce09dd8-e334-4f71-b22a-ccdd7fef7e7b] [http-nio-8081-exec-7] c.b.web.StoreDiscoveryController - Discover stores: tenant=demo-store search=null category=Hospitality
2025-11-11 21:10:10.130 [34mINFO [0;39m [dce09dd8-e334-4f71-b22a-ccdd7fef7e7b] [http-nio-8081-exec-7] c.b.config.logging.HttpLoggingFilter - GET /api/stores?category=Hospitality&city=Noida -> 200 (8 ms)
2025-11-11 21:10:10.130 [34mINFO [0;39m [dce09dd8-e334-4f71-b22a-ccdd7fef7e7b] [http-nio-8081-exec-7] c.b.config.logging.HttpLoggingFilter - Headers: auth=present content-type=null accept=application/json, text/plain, */*
2025-11-11 21:10:10.130 [34mINFO [0;39m [dce09dd8-e334-4f71-b22a-ccdd7fef7e7b] [http-nio-8081-exec-7] c.b.config.logging.HttpLoggingFilter - Response payload: [{"id":"99ec8214-55fc-479f-a463-de62794fe86c","name":"Sunrise Hotel","area":"Beach","category":"hospitality","status":"open","orderingDisabled":false,"updatedAt":"2025-11-11T15:36:23.293036Z"}]
2025-11-11 21:10:12.186 [34mINFO [0;39m [0167c2d7-ee89-4ea9-9410-04fd026e56b8] [http-nio-8081-exec-8] c.b.web.StoreDiscoveryController - Products by store: tenant=demo-store storeId=99ec8214-55fc-479f-a463-de62794fe86c
2025-11-11 21:10:12.189 [34mINFO [0;39m [d960e8e5-181f-4165-a002-548c719624e1] [http-nio-8081-exec-9] c.b.web.StoreDiscoveryController - Get store: tenant=demo-store id=99ec8214-55fc-479f-a463-de62794fe86c
2025-11-11 21:10:12.193 [34mINFO [0;39m [0167c2d7-ee89-4ea9-9410-04fd026e56b8] [http-nio-8081-exec-8] c.b.config.logging.HttpLoggingFilter - GET /api/products?storeId=99ec8214-55fc-479f-a463-de62794fe86c -> 200 (8 ms)
2025-11-11 21:10:12.194 [34mINFO [0;39m [d960e8e5-181f-4165-a002-548c719624e1] [http-nio-8081-exec-9] c.b.web.StoreDiscoveryController - Get store success: id=99ec8214-55fc-479f-a463-de62794fe86c name=Sunrise Hotel 
2025-11-11 21:10:12.194 [34mINFO [0;39m [0167c2d7-ee89-4ea9-9410-04fd026e56b8] [http-nio-8081-exec-8] c.b.config.logging.HttpLoggingFilter - Headers: auth=present content-type=null accept=application/json, text/plain, */*
2025-11-11 21:10:12.194 [34mINFO [0;39m [0167c2d7-ee89-4ea9-9410-04fd026e56b8] [http-nio-8081-exec-8] c.b.config.logging.HttpLoggingFilter - Response payload: [{"id":"41cb11c3-f8a6-47d5-97a1-e3aa662a24c4","name":"Room Deluxe","price":2500.0,"category":"room","storeId":"99ec8214-55fc-479f-a463-de62794fe86c","active":true}]
2025-11-11 21:10:12.195 [34mINFO [0;39m [d960e8e5-181f-4165-a002-548c719624e1] [http-nio-8081-exec-9] c.b.config.logging.HttpLoggingFilter - GET /api/stores/99ec8214-55fc-479f-a463-de62794fe86c -> 200 (9 ms)
2025-11-11 21:10:12.195 [34mINFO [0;39m [d960e8e5-181f-4165-a002-548c719624e1] [http-nio-8081-exec-9] c.b.config.logging.HttpLoggingFilter - Headers: auth=present content-type=null accept=application/json, text/plain, */*
2025-11-11 21:10:12.196 [34mINFO [0;39m [d960e8e5-181f-4165-a002-548c719624e1] [http-nio-8081-exec-9] c.b.config.logging.HttpLoggingFilter - Response payload: {"id":"99ec8214-55fc-479f-a463-de62794fe86c","name":"Sunrise Hotel","area":"Beach","category":"hospitality","status":"open","orderingDisabled":false,"updatedAt":"2025-11-11T15:36:23.293036Z"}
2025-11-11 21:10:14.567 [34mINFO [0;39m [568a6f28-68fc-4986-b5a1-944a2b540961] [http-nio-8081-exec-10] c.b.config.logging.HttpLoggingFilter - GET /store/99ec8214-55fc-479f-a463-de62794fe86c -> 404 (5 ms)
2025-11-11 21:10:14.567 [34mINFO [0;39m [568a6f28-68fc-4986-b5a1-944a2b540961] [http-nio-8081-exec-10] c.b.config.logging.HttpLoggingFilter - Headers: auth=absent content-type=null accept=text/html,application/xhtml+xml,application/xml;q=0.9,image/avif,image/webp,image/apng,*/*;q=0.8,application/signed-exchange;v=b3;q=0.7
2025-11-11 21:10:28.618 [34mINFO [0;39m [d93d4d0e-fce3-4d16-a35b-abe76a6ae66d] [http-nio-8081-exec-1] c.b.config.logging.HttpLoggingFilter - GET /store/s1 -> 404 (4 ms)
2025-11-11 21:10:28.618 [34mINFO [0;39m [d93d4d0e-fce3-4d16-a35b-abe76a6ae66d] [http-nio-8081-exec-1] c.b.config.logging.HttpLoggingFilter - Headers: auth=absent content-type=null accept=text/html,application/xhtml+xml,application/xml;q=0.9,image/avif,image/webp,image/apng,*/*;q=0.8,application/signed-exchange;v=b3;q=0.7
2025-11-11 21:10:31.266 [34mINFO [0;39m [5443d144-26c7-4265-8d13-09ee18826dee] [http-nio-8081-exec-2] c.b.config.logging.HttpLoggingFilter - GET /store/s1 -> 404 (2 ms)
2025-11-11 21:10:31.266 [34mINFO [0;39m [5443d144-26c7-4265-8d13-09ee18826dee] [http-nio-8081-exec-2] c.b.config.logging.HttpLoggingFilter - Headers: auth=absent content-type=null accept=text/html,application/xhtml+xml,application/xml;q=0.9,image/avif,image/webp,image/apng,*/*;q=0.8,application/signed-exchange;v=b3;q=0.7
2025-11-11 21:10:36.496 [34mINFO [0;39m [8741a620-db26-412c-ae75-8b1701df1853] [http-nio-8081-exec-3] com.bharatshop.web.CartController - Get cart: userId=6d372406-8da0-4828-b3d8-0f2f45ac103c
2025-11-11 21:10:36.502 [34mINFO [0;39m [6056274b-a96b-4f4a-ab46-06540fda9d6f] [http-nio-8081-exec-4] com.bharatshop.web.AuthController - Profile requested: tokenPresent=true 
2025-11-11 21:10:36.510 [34mINFO [0;39m [8741a620-db26-412c-ae75-8b1701df1853] [http-nio-8081-exec-3] c.b.config.logging.HttpLoggingFilter - GET /store/cart -> 200 (16 ms)
2025-11-11 21:10:36.512 [34mINFO [0;39m [8741a620-db26-412c-ae75-8b1701df1853] [http-nio-8081-exec-3] c.b.config.logging.HttpLoggingFilter - Headers: auth=present content-type=null accept=application/json, text/plain, */*
2025-11-11 21:10:36.516 [34mINFO [0;39m [6056274b-a96b-4f4a-ab46-06540fda9d6f] [http-nio-8081-exec-4] com.bharatshop.web.AuthController - Profile success: userId=6d372406-8da0-4828-b3d8-0f2f45ac103c
2025-11-11 21:10:36.520 [34mINFO [0;39m [8741a620-db26-412c-ae75-8b1701df1853] [http-nio-8081-exec-3] c.b.config.logging.HttpLoggingFilter - Response payload: [{"id":"76c5bd0a-9eb1-4802-ab1e-d49689088179__v:standard__a:","name":"Paracetamol","price":35.0,"quantity":1,"requiresPrescription":true},{"id":"76c5bd0a-9eb1-4802-ab1e-d49689088179__v:standard__a:","name":"Paracetamol","price":35.0,"quantity":2,"requiresPrescription":true},{"id":"76c5bd0a-9eb1-4802-ab1e-d49689088179__v:standard__a:","name":"Paracetamol","price":35.0,"quantity":3,"requiresPrescription":true},{"id":"76c5bd0a-9eb1-4802-ab1e-d49689088179__v:standard__a:","name":"Paracetamol","price":35.0,"quantity":4,"requiresPrescription":true},{"id":"76c5bd0a-9eb1-4802-ab1e-d49689088179__v:standard__a:","name":"Paracetamol","price":35.0,"quantity":5,"requiresPrescription":true},{"id":"76c5bd0a-9eb1-4802-ab1e-d49689088179__v:standard__a:","name":"Paracetamol","price":35.0,"quantity":6,"requiresPrescription":true},{"id":"76c5bd0a-9eb1-4802-ab1e-d49689088179__v:standard__a:","name":"Paracetamol","price":35.0,"quantity":7,"requiresPrescription":true},{"id":"76c5bd0a-9eb1-4802-ab1e-d49689088179__v:standard__a:","name":"Paracetamol","price":35.0,"quantity":8,"requiresPrescription":true}]
2025-11-11 21:10:36.552 [34mINFO [0;39m [6056274b-a96b-4f4a-ab46-06540fda9d6f] [http-nio-8081-exec-4] c.b.config.logging.HttpLoggingFilter - GET /api/storefront/auth/profile -> 200 (57 ms)
2025-11-11 21:10:36.565 [34mINFO [0;39m [6056274b-a96b-4f4a-ab46-06540fda9d6f] [http-nio-8081-exec-4] c.b.config.logging.HttpLoggingFilter - Headers: auth=present content-type=null accept=application/json, text/plain, */*
2025-11-11 21:10:36.565 [34mINFO [0;39m [48b38032-9b13-4036-957c-050ffe6d3351] [http-nio-8081-exec-5] com.bharatshop.web.CartController - Get cart: userId=6d372406-8da0-4828-b3d8-0f2f45ac103c
2025-11-11 21:10:36.573 [34mINFO [0;39m [48b38032-9b13-4036-957c-050ffe6d3351] [http-nio-8081-exec-5] c.b.config.logging.HttpLoggingFilter - GET /store/cart -> 200 (8 ms)
2025-11-11 21:10:36.571 [34mINFO [0;39m [6056274b-a96b-4f4a-ab46-06540fda9d6f] [http-nio-8081-exec-4] c.b.config.logging.HttpLoggingFilter - Response payload: {"id":"6d372406-8da0-4828-b3d8-0f2f45ac103c","name":"User0178","phone":"+917355460178","role":"USER"}
2025-11-11 21:10:36.574 [34mINFO [0;39m [48b38032-9b13-4036-957c-050ffe6d3351] [http-nio-8081-exec-5] c.b.config.logging.HttpLoggingFilter - Headers: auth=present content-type=null accept=application/json, text/plain, */*
2025-11-11 21:10:36.576 [34mINFO [0;39m [48b38032-9b13-4036-957c-050ffe6d3351] [http-nio-8081-exec-5] c.b.config.logging.HttpLoggingFilter - Response payload: [{"id":"76c5bd0a-9eb1-4802-ab1e-d49689088179__v:standard__a:","name":"Paracetamol","price":35.0,"quantity":1,"requiresPrescription":true},{"id":"76c5bd0a-9eb1-4802-ab1e-d49689088179__v:standard__a:","name":"Paracetamol","price":35.0,"quantity":2,"requiresPrescription":true},{"id":"76c5bd0a-9eb1-4802-ab1e-d49689088179__v:standard__a:","name":"Paracetamol","price":35.0,"quantity":3,"requiresPrescription":true},{"id":"76c5bd0a-9eb1-4802-ab1e-d49689088179__v:standard__a:","name":"Paracetamol","price":35.0,"quantity":4,"requiresPrescription":true},{"id":"76c5bd0a-9eb1-4802-ab1e-d49689088179__v:standard__a:","name":"Paracetamol","price":35.0,"quantity":5,"requiresPrescription":true},{"id":"76c5bd0a-9eb1-4802-ab1e-d49689088179__v:standard__a:","name":"Paracetamol","price":35.0,"quantity":6,"requiresPrescription":true},{"id":"76c5bd0a-9eb1-4802-ab1e-d49689088179__v:standard__a:","name":"Paracetamol","price":35.0,"quantity":7,"requiresPrescription":true},{"id":"76c5bd0a-9eb1-4802-ab1e-d49689088179__v:standard__a:","name":"Paracetamol","price":35.0,"quantity":8,"requiresPrescription":true}]
2025-11-11 21:10:36.605 [34mINFO [0;39m [f8c3bb6f-9fd6-4ba5-81d4-8417420eef27] [http-nio-8081-exec-6] com.bharatshop.web.AuthController - Profile requested: tokenPresent=true 
2025-11-11 21:10:36.610 [34mINFO [0;39m [f8c3bb6f-9fd6-4ba5-81d4-8417420eef27] [http-nio-8081-exec-6] com.bharatshop.web.AuthController - Profile success: userId=6d372406-8da0-4828-b3d8-0f2f45ac103c
2025-11-11 21:10:36.614 [34mINFO [0;39m [f8c3bb6f-9fd6-4ba5-81d4-8417420eef27] [http-nio-8081-exec-6] c.b.config.logging.HttpLoggingFilter - GET /api/storefront/auth/profile -> 200 (10 ms)
2025-11-11 21:10:36.619 [34mINFO [0;39m [f8c3bb6f-9fd6-4ba5-81d4-8417420eef27] [http-nio-8081-exec-6] c.b.config.logging.HttpLoggingFilter - Headers: auth=present content-type=null accept=application/json, text/plain, */*
2025-11-11 21:10:36.620 [34mINFO [0;39m [f8c3bb6f-9fd6-4ba5-81d4-8417420eef27] [http-nio-8081-exec-6] c.b.config.logging.HttpLoggingFilter - Response payload: {"id":"6d372406-8da0-4828-b3d8-0f2f45ac103c","name":"User0178","phone":"+917355460178","role":"USER"}
2025-11-11 21:10:36.686 [34mINFO [0;39m [efa3eb94-94f4-4840-92f9-df9086adb0b2] [http-nio-8081-exec-7] c.b.web.StoreDiscoveryController - Discover stores: tenant=demo-store search=null category=null
2025-11-11 21:10:36.696 [34mINFO [0;39m [efa3eb94-94f4-4840-92f9-df9086adb0b2] [http-nio-8081-exec-7] c.b.config.logging.HttpLoggingFilter - GET /api/stores -> 200 (11 ms)
2025-11-11 21:10:36.697 [34mINFO [0;39m [efa3eb94-94f4-4840-92f9-df9086adb0b2] [http-nio-8081-exec-7] c.b.config.logging.HttpLoggingFilter - Headers: auth=present content-type=null accept=application/json, text/plain, */*
2025-11-11 21:10:36.697 [34mINFO [0;39m [efa3eb94-94f4-4840-92f9-df9086adb0b2] [http-nio-8081-exec-7] c.b.config.logging.HttpLoggingFilter - Response payload: [{"id":"acd81585-df5e-43d4-a001-01b4d58db452","name":"City Pharmacy","area":"Brigade","category":"pharmacy","status":"open","orderingDisabled":false,"updatedAt":"2025-11-11T15:36:23.291037Z"},{"id":"57101573-7017-42cc-b7f7-6c9cd0d1247c","name":"Fresh Mart","area":"MG Road","category":"grocery","status":"open","orderingDisabled":false,"updatedAt":"2025-11-11T15:36:23.209133Z"},{"id":"99ec8214-55fc-479f-a463-de62794fe86c","name":"Sunrise Hotel","area":"Beach","category":"hospitality","status":"open","orderingDisabled":false,"updatedAt":"2025-11-11T15:36:23.293036Z"}]
2025-11-11 21:10:47.902 [34mINFO [0;39m [067dc59e-c9dd-4d25-9610-90f782c32d33] [http-nio-8081-exec-8] c.b.web.StoreDiscoveryController - Discover stores: tenant=demo-store search=null category=Hospitality
2025-11-11 21:10:47.908 [34mINFO [0;39m [067dc59e-c9dd-4d25-9610-90f782c32d33] [http-nio-8081-exec-8] c.b.config.logging.HttpLoggingFilter - GET /api/stores?category=Hospitality&city=Noida -> 200 (6 ms)
2025-11-11 21:10:47.908 [34mINFO [0;39m [067dc59e-c9dd-4d25-9610-90f782c32d33] [http-nio-8081-exec-8] c.b.config.logging.HttpLoggingFilter - Headers: auth=present content-type=null accept=application/json, text/plain, */*
2025-11-11 21:10:47.908 [34mINFO [0;39m [067dc59e-c9dd-4d25-9610-90f782c32d33] [http-nio-8081-exec-8] c.b.config.logging.HttpLoggingFilter - Response payload: [{"id":"99ec8214-55fc-479f-a463-de62794fe86c","name":"Sunrise Hotel","area":"Beach","category":"hospitality","status":"open","orderingDisabled":false,"updatedAt":"2025-11-11T15:36:23.293036Z"}]
2025-11-11 21:10:49.977 [34mINFO [0;39m [5a27161a-1bf9-4736-bb44-2143a4d1252e] [http-nio-8081-exec-9] c.b.web.StoreDiscoveryController - Get store: tenant=demo-store id=99ec8214-55fc-479f-a463-de62794fe86c
2025-11-11 21:10:49.977 [34mINFO [0;39m [cd58f078-c16c-4ae9-9db9-4678fb304b51] [http-nio-8081-exec-10] c.b.web.StoreDiscoveryController - Products by store: tenant=demo-store storeId=99ec8214-55fc-479f-a463-de62794fe86c
2025-11-11 21:10:49.979 [34mINFO [0;39m [5a27161a-1bf9-4736-bb44-2143a4d1252e] [http-nio-8081-exec-9] c.b.web.StoreDiscoveryController - Get store success: id=99ec8214-55fc-479f-a463-de62794fe86c name=Sunrise Hotel 
2025-11-11 21:10:49.981 [34mINFO [0;39m [5a27161a-1bf9-4736-bb44-2143a4d1252e] [http-nio-8081-exec-9] c.b.config.logging.HttpLoggingFilter - GET /api/stores/99ec8214-55fc-479f-a463-de62794fe86c -> 200 (4 ms)
2025-11-11 21:10:49.981 [34mINFO [0;39m [cd58f078-c16c-4ae9-9db9-4678fb304b51] [http-nio-8081-exec-10] c.b.config.logging.HttpLoggingFilter - GET /api/products?storeId=99ec8214-55fc-479f-a463-de62794fe86c -> 200 (4 ms)
2025-11-11 21:10:49.981 [34mINFO [0;39m [5a27161a-1bf9-4736-bb44-2143a4d1252e] [http-nio-8081-exec-9] c.b.config.logging.HttpLoggingFilter - Headers: auth=present content-type=null accept=application/json, text/plain, */*
2025-11-11 21:10:49.981 [34mINFO [0;39m [cd58f078-c16c-4ae9-9db9-4678fb304b51] [http-nio-8081-exec-10] c.b.config.logging.HttpLoggingFilter - Headers: auth=present content-type=null accept=application/json, text/plain, */*
2025-11-11 21:10:49.982 [34mINFO [0;39m [5a27161a-1bf9-4736-bb44-2143a4d1252e] [http-nio-8081-exec-9] c.b.config.logging.HttpLoggingFilter - Response payload: {"id":"99ec8214-55fc-479f-a463-de62794fe86c","name":"Sunrise Hotel","area":"Beach","category":"hospitality","status":"open","orderingDisabled":false,"updatedAt":"2025-11-11T15:36:23.293036Z"}
2025-11-11 21:10:49.982 [34mINFO [0;39m [cd58f078-c16c-4ae9-9db9-4678fb304b51] [http-nio-8081-exec-10] c.b.config.logging.HttpLoggingFilter - Response payload: [{"id":"41cb11c3-f8a6-47d5-97a1-e3aa662a24c4","name":"Room Deluxe","price":2500.0,"category":"room","storeId":"99ec8214-55fc-479f-a463-de62794fe86c","active":true}]
2025-11-11 21:10:58.155 [34mINFO [0;39m [cb8a708c-59cb-4eb5-bdfc-1f662addbcc1] [http-nio-8081-exec-1] c.b.web.AvailabilityController - Check availability: tenant=demo-store storeId=99ec8214-55fc-479f-a463-de62794fe86c roomId=41cb11c3-f8a6-47d5-97a1-e3aa662a24c4 checkIn=2025-11-11 checkOut=2025-11-12 guests=2
2025-11-11 21:10:58.157 [34mINFO [0;39m [cb8a708c-59cb-4eb5-bdfc-1f662addbcc1] [http-nio-8081-exec-1] c.b.web.AvailabilityController - Availability result: available=true nights=1 total=1250
2025-11-11 21:10:58.161 [34mINFO [0;39m [cb8a708c-59cb-4eb5-bdfc-1f662addbcc1] [http-nio-8081-exec-1] c.b.config.logging.HttpLoggingFilter - GET /api/availability?storeId=99ec8214-55fc-479f-a463-de62794fe86c&roomId=41cb11c3-f8a6-47d5-97a1-e3aa662a24c4&checkIn=2025-11-11&checkOut=2025-11-12&guests=2 -> 200 (8 ms)
2025-11-11 21:10:58.161 [34mINFO [0;39m [cb8a708c-59cb-4eb5-bdfc-1f662addbcc1] [http-nio-8081-exec-1] c.b.config.logging.HttpLoggingFilter - Headers: auth=present content-type=null accept=application/json, text/plain, */*
2025-11-11 21:10:58.161 [34mINFO [0;39m [cb8a708c-59cb-4eb5-bdfc-1f662addbcc1] [http-nio-8081-exec-1] c.b.config.logging.HttpLoggingFilter - Response payload: {"available":true,"nights":1,"base":1000,"surchargeRate":0.1,"subtotal":1100,"taxes":100,"fees":50,"total":1250}
2025-11-11 21:12:06.610 [34mINFO [0;39m [abb3e802-b2a4-4e87-9b94-e8328b9adc5b] [http-nio-8081-exec-2] com.bharatshop.web.CartController - Get cart: userId=6d372406-8da0-4828-b3d8-0f2f45ac103c
2025-11-11 21:12:06.610 [34mINFO [0;39m [d490893d-95ed-4e57-8e84-468aa8e4983a] [http-nio-8081-exec-3] com.bharatshop.web.AuthController - Profile requested: tokenPresent=true 
2025-11-11 21:12:06.612 [34mINFO [0;39m [abb3e802-b2a4-4e87-9b94-e8328b9adc5b] [http-nio-8081-exec-2] c.b.config.logging.HttpLoggingFilter - GET /store/cart -> 200 (3 ms)
2025-11-11 21:12:06.612 [34mINFO [0;39m [abb3e802-b2a4-4e87-9b94-e8328b9adc5b] [http-nio-8081-exec-2] c.b.config.logging.HttpLoggingFilter - Headers: auth=present content-type=null accept=application/json, text/plain, */*
2025-11-11 21:12:06.613 [34mINFO [0;39m [abb3e802-b2a4-4e87-9b94-e8328b9adc5b] [http-nio-8081-exec-2] c.b.config.logging.HttpLoggingFilter - Response payload: [{"id":"76c5bd0a-9eb1-4802-ab1e-d49689088179__v:standard__a:","name":"Paracetamol","price":35.0,"quantity":1,"requiresPrescription":true},{"id":"76c5bd0a-9eb1-4802-ab1e-d49689088179__v:standard__a:","name":"Paracetamol","price":35.0,"quantity":2,"requiresPrescription":true},{"id":"76c5bd0a-9eb1-4802-ab1e-d49689088179__v:standard__a:","name":"Paracetamol","price":35.0,"quantity":3,"requiresPrescription":true},{"id":"76c5bd0a-9eb1-4802-ab1e-d49689088179__v:standard__a:","name":"Paracetamol","price":35.0,"quantity":4,"requiresPrescription":true},{"id":"76c5bd0a-9eb1-4802-ab1e-d49689088179__v:standard__a:","name":"Paracetamol","price":35.0,"quantity":5,"requiresPrescription":true},{"id":"76c5bd0a-9eb1-4802-ab1e-d49689088179__v:standard__a:","name":"Paracetamol","price":35.0,"quantity":6,"requiresPrescription":true},{"id":"76c5bd0a-9eb1-4802-ab1e-d49689088179__v:standard__a:","name":"Paracetamol","price":35.0,"quantity":7,"requiresPrescription":true},{"id":"76c5bd0a-9eb1-4802-ab1e-d49689088179__v:standard__a:","name":"Paracetamol","price":35.0,"quantity":8,"requiresPrescription":true}]
2025-11-11 21:12:06.615 [34mINFO [0;39m [d490893d-95ed-4e57-8e84-468aa8e4983a] [http-nio-8081-exec-3] com.bharatshop.web.AuthController - Profile success: userId=6d372406-8da0-4828-b3d8-0f2f45ac103c
2025-11-11 21:12:06.619 [34mINFO [0;39m [d490893d-95ed-4e57-8e84-468aa8e4983a] [http-nio-8081-exec-3] c.b.config.logging.HttpLoggingFilter - GET /api/storefront/auth/profile -> 200 (10 ms)
2025-11-11 21:12:06.622 [34mINFO [0;39m [d490893d-95ed-4e57-8e84-468aa8e4983a] [http-nio-8081-exec-3] c.b.config.logging.HttpLoggingFilter - Headers: auth=present content-type=null accept=application/json, text/plain, */*
2025-11-11 21:12:06.625 [34mINFO [0;39m [d490893d-95ed-4e57-8e84-468aa8e4983a] [http-nio-8081-exec-3] c.b.config.logging.HttpLoggingFilter - Response payload: {"id":"6d372406-8da0-4828-b3d8-0f2f45ac103c","name":"User0178","phone":"+917355460178","role":"USER"}
2025-11-11 21:12:06.626 [34mINFO [0;39m [df1f5c4b-81e1-44f0-a8e3-b364622e02bd] [http-nio-8081-exec-5] com.bharatshop.web.CartController - Get cart: userId=6d372406-8da0-4828-b3d8-0f2f45ac103c
2025-11-11 21:12:06.627 [34mINFO [0;39m [df1f5c4b-81e1-44f0-a8e3-b364622e02bd] [http-nio-8081-exec-5] c.b.config.logging.HttpLoggingFilter - GET /store/cart -> 200 (2 ms)
2025-11-11 21:12:06.628 [34mINFO [0;39m [df1f5c4b-81e1-44f0-a8e3-b364622e02bd] [http-nio-8081-exec-5] c.b.config.logging.HttpLoggingFilter - Headers: auth=present content-type=null accept=application/json, text/plain, */*
2025-11-11 21:12:06.629 [34mINFO [0;39m [df1f5c4b-81e1-44f0-a8e3-b364622e02bd] [http-nio-8081-exec-5] c.b.config.logging.HttpLoggingFilter - Response payload: [{"id":"76c5bd0a-9eb1-4802-ab1e-d49689088179__v:standard__a:","name":"Paracetamol","price":35.0,"quantity":1,"requiresPrescription":true},{"id":"76c5bd0a-9eb1-4802-ab1e-d49689088179__v:standard__a:","name":"Paracetamol","price":35.0,"quantity":2,"requiresPrescription":true},{"id":"76c5bd0a-9eb1-4802-ab1e-d49689088179__v:standard__a:","name":"Paracetamol","price":35.0,"quantity":3,"requiresPrescription":true},{"id":"76c5bd0a-9eb1-4802-ab1e-d49689088179__v:standard__a:","name":"Paracetamol","price":35.0,"quantity":4,"requiresPrescription":true},{"id":"76c5bd0a-9eb1-4802-ab1e-d49689088179__v:standard__a:","name":"Paracetamol","price":35.0,"quantity":5,"requiresPrescription":true},{"id":"76c5bd0a-9eb1-4802-ab1e-d49689088179__v:standard__a:","name":"Paracetamol","price":35.0,"quantity":6,"requiresPrescription":true},{"id":"76c5bd0a-9eb1-4802-ab1e-d49689088179__v:standard__a:","name":"Paracetamol","price":35.0,"quantity":7,"requiresPrescription":true},{"id":"76c5bd0a-9eb1-4802-ab1e-d49689088179__v:standard__a:","name":"Paracetamol","price":35.0,"quantity":8,"requiresPrescription":true}]
2025-11-11 21:12:06.640 [34mINFO [0;39m [c9906abc-4def-4294-8cf8-521a9b0d3e98] [http-nio-8081-exec-4] com.bharatshop.web.AuthController - Profile requested: tokenPresent=true 
2025-11-11 21:12:06.645 [34mINFO [0;39m [c9906abc-4def-4294-8cf8-521a9b0d3e98] [http-nio-8081-exec-4] com.bharatshop.web.AuthController - Profile success: userId=6d372406-8da0-4828-b3d8-0f2f45ac103c
2025-11-11 21:12:06.647 [34mINFO [0;39m [c9906abc-4def-4294-8cf8-521a9b0d3e98] [http-nio-8081-exec-4] c.b.config.logging.HttpLoggingFilter - GET /api/storefront/auth/profile -> 200 (7 ms)
2025-11-11 21:12:06.648 [34mINFO [0;39m [c9906abc-4def-4294-8cf8-521a9b0d3e98] [http-nio-8081-exec-4] c.b.config.logging.HttpLoggingFilter - Headers: auth=present content-type=null accept=application/json, text/plain, */*
2025-11-11 21:12:06.648 [34mINFO [0;39m [c9906abc-4def-4294-8cf8-521a9b0d3e98] [http-nio-8081-exec-4] c.b.config.logging.HttpLoggingFilter - Response payload: {"id":"6d372406-8da0-4828-b3d8-0f2f45ac103c","name":"User0178","phone":"+917355460178","role":"USER"}
2025-11-11 21:12:06.715 [34mINFO [0;39m [1b415b8f-1c65-4b0e-be61-8a2c70ce218a] [http-nio-8081-exec-6] c.b.web.StoreDiscoveryController - Discover stores: tenant=demo-store search=null category=null
2025-11-11 21:12:06.718 [34mINFO [0;39m [1b415b8f-1c65-4b0e-be61-8a2c70ce218a] [http-nio-8081-exec-6] c.b.config.logging.HttpLoggingFilter - GET /api/stores -> 200 (4 ms)
2025-11-11 21:12:06.719 [34mINFO [0;39m [1b415b8f-1c65-4b0e-be61-8a2c70ce218a] [http-nio-8081-exec-6] c.b.config.logging.HttpLoggingFilter - Headers: auth=present content-type=null accept=application/json, text/plain, */*
2025-11-11 21:12:06.719 [34mINFO [0;39m [1b415b8f-1c65-4b0e-be61-8a2c70ce218a] [http-nio-8081-exec-6] c.b.config.logging.HttpLoggingFilter - Response payload: [{"id":"acd81585-df5e-43d4-a001-01b4d58db452","name":"City Pharmacy","area":"Brigade","category":"pharmacy","status":"open","orderingDisabled":false,"updatedAt":"2025-11-11T15:36:23.291037Z"},{"id":"57101573-7017-42cc-b7f7-6c9cd0d1247c","name":"Fresh Mart","area":"MG Road","category":"grocery","status":"open","orderingDisabled":false,"updatedAt":"2025-11-11T15:36:23.209133Z"},{"id":"99ec8214-55fc-479f-a463-de62794fe86c","name":"Sunrise Hotel","area":"Beach","category":"hospitality","status":"open","orderingDisabled":false,"updatedAt":"2025-11-11T15:36:23.293036Z"}]
2025-11-11 21:12:10.712 [34mINFO [0;39m [8c230c1a-4b11-4b00-88cb-ee611fc1855f] [http-nio-8081-exec-7] c.b.web.StoreDiscoveryController - Discover stores: tenant=demo-store search=null category=Hospitality
2025-11-11 21:12:10.715 [34mINFO [0;39m [8c230c1a-4b11-4b00-88cb-ee611fc1855f] [http-nio-8081-exec-7] c.b.config.logging.HttpLoggingFilter - GET /api/stores?category=Hospitality&city=Noida -> 200 (4 ms)
2025-11-11 21:12:10.716 [34mINFO [0;39m [8c230c1a-4b11-4b00-88cb-ee611fc1855f] [http-nio-8081-exec-7] c.b.config.logging.HttpLoggingFilter - Headers: auth=present content-type=null accept=application/json, text/plain, */*
2025-11-11 21:12:10.716 [34mINFO [0;39m [8c230c1a-4b11-4b00-88cb-ee611fc1855f] [http-nio-8081-exec-7] c.b.config.logging.HttpLoggingFilter - Response payload: [{"id":"99ec8214-55fc-479f-a463-de62794fe86c","name":"Sunrise Hotel","area":"Beach","category":"hospitality","status":"open","orderingDisabled":false,"updatedAt":"2025-11-11T15:36:23.293036Z"}]
2025-11-11 21:12:25.126 [34mINFO [0;39m [be088b9e-28cf-49e0-969a-e5bb3e45257c] [http-nio-8081-exec-8] c.b.web.StoreDiscoveryController - Get store: tenant=demo-store id=99ec8214-55fc-479f-a463-de62794fe86c
2025-11-11 21:12:25.127 [34mINFO [0;39m [c2d3a20d-2650-4b8e-93b4-4e66e8b6ed78] [http-nio-8081-exec-10] c.b.web.StoreDiscoveryController - Products by store: tenant=demo-store storeId=99ec8214-55fc-479f-a463-de62794fe86c
2025-11-11 21:12:25.127 [34mINFO [0;39m [be088b9e-28cf-49e0-969a-e5bb3e45257c] [http-nio-8081-exec-8] c.b.web.StoreDiscoveryController - Get store success: id=99ec8214-55fc-479f-a463-de62794fe86c name=Sunrise Hotel 
2025-11-11 21:12:25.128 [34mINFO [0;39m [be088b9e-28cf-49e0-969a-e5bb3e45257c] [http-nio-8081-exec-8] c.b.config.logging.HttpLoggingFilter - GET /api/stores/99ec8214-55fc-479f-a463-de62794fe86c -> 200 (3 ms)
2025-11-11 21:12:25.128 [34mINFO [0;39m [be088b9e-28cf-49e0-969a-e5bb3e45257c] [http-nio-8081-exec-8] c.b.config.logging.HttpLoggingFilter - Headers: auth=present content-type=null accept=application/json, text/plain, */*
2025-11-11 21:12:25.128 [34mINFO [0;39m [be088b9e-28cf-49e0-969a-e5bb3e45257c] [http-nio-8081-exec-8] c.b.config.logging.HttpLoggingFilter - Response payload: {"id":"99ec8214-55fc-479f-a463-de62794fe86c","name":"Sunrise Hotel","area":"Beach","category":"hospitality","status":"open","orderingDisabled":false,"updatedAt":"2025-11-11T15:36:23.293036Z"}
2025-11-11 21:12:25.130 [34mINFO [0;39m [c2d3a20d-2650-4b8e-93b4-4e66e8b6ed78] [http-nio-8081-exec-10] c.b.config.logging.HttpLoggingFilter - GET /api/products?storeId=99ec8214-55fc-479f-a463-de62794fe86c -> 200 (4 ms)
2025-11-11 21:12:25.131 [34mINFO [0;39m [c2d3a20d-2650-4b8e-93b4-4e66e8b6ed78] [http-nio-8081-exec-10] c.b.config.logging.HttpLoggingFilter - Headers: auth=present content-type=null accept=application/json, text/plain, */*
2025-11-11 21:12:25.131 [34mINFO [0;39m [c2d3a20d-2650-4b8e-93b4-4e66e8b6ed78] [http-nio-8081-exec-10] c.b.config.logging.HttpLoggingFilter - Response payload: [{"id":"41cb11c3-f8a6-47d5-97a1-e3aa662a24c4","name":"Room Deluxe","price":2500.0,"category":"room","storeId":"99ec8214-55fc-479f-a463-de62794fe86c","active":true}]
2025-11-11 21:12:59.015 [34mINFO [0;39m [4e022bb0-1f46-4cca-897a-7ff8c411083c] [http-nio-8081-exec-9] c.b.web.AvailabilityController - Check availability: tenant=demo-store storeId=99ec8214-55fc-479f-a463-de62794fe86c roomId=41cb11c3-f8a6-47d5-97a1-e3aa662a24c4 checkIn=2025-11-11 checkOut=2025-11-12 guests=2
2025-11-11 21:12:59.016 [34mINFO [0;39m [4e022bb0-1f46-4cca-897a-7ff8c411083c] [http-nio-8081-exec-9] c.b.web.AvailabilityController - Availability result: available=true nights=1 total=1250
2025-11-11 21:12:59.016 [34mINFO [0;39m [4e022bb0-1f46-4cca-897a-7ff8c411083c] [http-nio-8081-exec-9] c.b.config.logging.HttpLoggingFilter - GET /api/availability?storeId=99ec8214-55fc-479f-a463-de62794fe86c&roomId=41cb11c3-f8a6-47d5-97a1-e3aa662a24c4&checkIn=2025-11-11&checkOut=2025-11-12&guests=2 -> 200 (1 ms)
2025-11-11 21:12:59.017 [34mINFO [0;39m [4e022bb0-1f46-4cca-897a-7ff8c411083c] [http-nio-8081-exec-9] c.b.config.logging.HttpLoggingFilter - Headers: auth=present content-type=null accept=application/json, text/plain, */*
2025-11-11 21:12:59.017 [34mINFO [0;39m [4e022bb0-1f46-4cca-897a-7ff8c411083c] [http-nio-8081-exec-9] c.b.config.logging.HttpLoggingFilter - Response payload: {"available":true,"nights":1,"base":1000,"surchargeRate":0.1,"subtotal":1100,"taxes":100,"fees":50,"total":1250}
2025-11-11 21:16:21.650 [34mINFO [0;39m [e03086b7-74fc-49ac-b80b-460f4d929c69] [http-nio-8081-exec-1] com.bharatshop.web.CartController - Get cart: userId=6d372406-8da0-4828-b3d8-0f2f45ac103c
2025-11-11 21:16:21.651 [34mINFO [0;39m [e03086b7-74fc-49ac-b80b-460f4d929c69] [http-nio-8081-exec-1] c.b.config.logging.HttpLoggingFilter - GET /store/cart -> 200 (3 ms)
2025-11-11 21:16:21.652 [34mINFO [0;39m [e03086b7-74fc-49ac-b80b-460f4d929c69] [http-nio-8081-exec-1] c.b.config.logging.HttpLoggingFilter - Headers: auth=present content-type=null accept=application/json, text/plain, */*
2025-11-11 21:16:21.652 [34mINFO [0;39m [e03086b7-74fc-49ac-b80b-460f4d929c69] [http-nio-8081-exec-1] c.b.config.logging.HttpLoggingFilter - Response payload: [{"id":"76c5bd0a-9eb1-4802-ab1e-d49689088179__v:standard__a:","name":"Paracetamol","price":35.0,"quantity":1,"requiresPrescription":true},{"id":"76c5bd0a-9eb1-4802-ab1e-d49689088179__v:standard__a:","name":"Paracetamol","price":35.0,"quantity":2,"requiresPrescription":true},{"id":"76c5bd0a-9eb1-4802-ab1e-d49689088179__v:standard__a:","name":"Paracetamol","price":35.0,"quantity":3,"requiresPrescription":true},{"id":"76c5bd0a-9eb1-4802-ab1e-d49689088179__v:standard__a:","name":"Paracetamol","price":35.0,"quantity":4,"requiresPrescription":true},{"id":"76c5bd0a-9eb1-4802-ab1e-d49689088179__v:standard__a:","name":"Paracetamol","price":35.0,"quantity":5,"requiresPrescription":true},{"id":"76c5bd0a-9eb1-4802-ab1e-d49689088179__v:standard__a:","name":"Paracetamol","price":35.0,"quantity":6,"requiresPrescription":true},{"id":"76c5bd0a-9eb1-4802-ab1e-d49689088179__v:standard__a:","name":"Paracetamol","price":35.0,"quantity":7,"requiresPrescription":true},{"id":"76c5bd0a-9eb1-4802-ab1e-d49689088179__v:standard__a:","name":"Paracetamol","price":35.0,"quantity":8,"requiresPrescription":true}]
2025-11-11 21:16:21.654 [34mINFO [0;39m [c01f53aa-128c-4863-b5a9-03afef906f31] [http-nio-8081-exec-2] com.bharatshop.web.AuthController - Profile requested: tokenPresent=true 
2025-11-11 21:16:21.659 [34mINFO [0;39m [c01f53aa-128c-4863-b5a9-03afef906f31] [http-nio-8081-exec-2] com.bharatshop.web.AuthController - Profile success: userId=6d372406-8da0-4828-b3d8-0f2f45ac103c
2025-11-11 21:16:21.662 [34mINFO [0;39m [c01f53aa-128c-4863-b5a9-03afef906f31] [http-nio-8081-exec-2] c.b.config.logging.HttpLoggingFilter - GET /api/storefront/auth/profile -> 200 (9 ms)
2025-11-11 21:16:21.663 [34mINFO [0;39m [c01f53aa-128c-4863-b5a9-03afef906f31] [http-nio-8081-exec-2] c.b.config.logging.HttpLoggingFilter - Headers: auth=present content-type=null accept=application/json, text/plain, */*
2025-11-11 21:16:21.663 [34mINFO [0;39m [c01f53aa-128c-4863-b5a9-03afef906f31] [http-nio-8081-exec-2] c.b.config.logging.HttpLoggingFilter - Response payload: {"id":"6d372406-8da0-4828-b3d8-0f2f45ac103c","name":"User0178","phone":"+917355460178","role":"USER"}
2025-11-11 21:16:21.664 [34mINFO [0;39m [6fee0930-dd54-4155-adae-b5845a548fa4] [http-nio-8081-exec-5] com.bharatshop.web.CartController - Get cart: userId=6d372406-8da0-4828-b3d8-0f2f45ac103c
2025-11-11 21:16:21.666 [34mINFO [0;39m [6fee0930-dd54-4155-adae-b5845a548fa4] [http-nio-8081-exec-5] c.b.config.logging.HttpLoggingFilter - GET /store/cart -> 200 (3 ms)
2025-11-11 21:16:21.666 [34mINFO [0;39m [6fee0930-dd54-4155-adae-b5845a548fa4] [http-nio-8081-exec-5] c.b.config.logging.HttpLoggingFilter - Headers: auth=present content-type=null accept=application/json, text/plain, */*
2025-11-11 21:16:21.666 [34mINFO [0;39m [6fee0930-dd54-4155-adae-b5845a548fa4] [http-nio-8081-exec-5] c.b.config.logging.HttpLoggingFilter - Response payload: [{"id":"76c5bd0a-9eb1-4802-ab1e-d49689088179__v:standard__a:","name":"Paracetamol","price":35.0,"quantity":1,"requiresPrescription":true},{"id":"76c5bd0a-9eb1-4802-ab1e-d49689088179__v:standard__a:","name":"Paracetamol","price":35.0,"quantity":2,"requiresPrescription":true},{"id":"76c5bd0a-9eb1-4802-ab1e-d49689088179__v:standard__a:","name":"Paracetamol","price":35.0,"quantity":3,"requiresPrescription":true},{"id":"76c5bd0a-9eb1-4802-ab1e-d49689088179__v:standard__a:","name":"Paracetamol","price":35.0,"quantity":4,"requiresPrescription":true},{"id":"76c5bd0a-9eb1-4802-ab1e-d49689088179__v:standard__a:","name":"Paracetamol","price":35.0,"quantity":5,"requiresPrescription":true},{"id":"76c5bd0a-9eb1-4802-ab1e-d49689088179__v:standard__a:","name":"Paracetamol","price":35.0,"quantity":6,"requiresPrescription":true},{"id":"76c5bd0a-9eb1-4802-ab1e-d49689088179__v:standard__a:","name":"Paracetamol","price":35.0,"quantity":7,"requiresPrescription":true},{"id":"76c5bd0a-9eb1-4802-ab1e-d49689088179__v:standard__a:","name":"Paracetamol","price":35.0,"quantity":8,"requiresPrescription":true}]
2025-11-11 21:16:21.674 [34mINFO [0;39m [64069874-2ff4-4744-aa34-a60bdb4c5dd2] [http-nio-8081-exec-3] com.bharatshop.web.AuthController - Profile requested: tokenPresent=true 
2025-11-11 21:16:21.681 [34mINFO [0;39m [64069874-2ff4-4744-aa34-a60bdb4c5dd2] [http-nio-8081-exec-3] com.bharatshop.web.AuthController - Profile success: userId=6d372406-8da0-4828-b3d8-0f2f45ac103c
2025-11-11 21:16:21.683 [34mINFO [0;39m [64069874-2ff4-4744-aa34-a60bdb4c5dd2] [http-nio-8081-exec-3] c.b.config.logging.HttpLoggingFilter - GET /api/storefront/auth/profile -> 200 (10 ms)
2025-11-11 21:16:21.684 [34mINFO [0;39m [64069874-2ff4-4744-aa34-a60bdb4c5dd2] [http-nio-8081-exec-3] c.b.config.logging.HttpLoggingFilter - Headers: auth=present content-type=null accept=application/json, text/plain, */*
2025-11-11 21:16:21.688 [34mINFO [0;39m [64069874-2ff4-4744-aa34-a60bdb4c5dd2] [http-nio-8081-exec-3] c.b.config.logging.HttpLoggingFilter - Response payload: {"id":"6d372406-8da0-4828-b3d8-0f2f45ac103c","name":"User0178","phone":"+917355460178","role":"USER"}
2025-11-11 21:16:21.764 [34mINFO [0;39m [159bd077-437c-4583-9c34-36a862173ae0] [http-nio-8081-exec-4] c.b.web.StoreDiscoveryController - Get store: tenant=demo-store id=99ec8214-55fc-479f-a463-de62794fe86c
2025-11-11 21:16:21.768 [34mINFO [0;39m [159bd077-437c-4583-9c34-36a862173ae0] [http-nio-8081-exec-4] c.b.web.StoreDiscoveryController - Get store success: id=99ec8214-55fc-479f-a463-de62794fe86c name=Sunrise Hotel 
2025-11-11 21:16:21.769 [34mINFO [0;39m [159bd077-437c-4583-9c34-36a862173ae0] [http-nio-8081-exec-4] c.b.config.logging.HttpLoggingFilter - GET /api/stores/99ec8214-55fc-479f-a463-de62794fe86c -> 200 (6 ms)
2025-11-11 21:16:21.770 [34mINFO [0;39m [159bd077-437c-4583-9c34-36a862173ae0] [http-nio-8081-exec-4] c.b.config.logging.HttpLoggingFilter - Headers: auth=present content-type=null accept=application/json, text/plain, */*
2025-11-11 21:16:21.770 [34mINFO [0;39m [159bd077-437c-4583-9c34-36a862173ae0] [http-nio-8081-exec-4] c.b.config.logging.HttpLoggingFilter - Response payload: {"id":"99ec8214-55fc-479f-a463-de62794fe86c","name":"Sunrise Hotel","area":"Beach","category":"hospitality","status":"open","orderingDisabled":false,"updatedAt":"2025-11-11T15:36:23.293036Z"}
2025-11-11 21:16:21.783 [34mINFO [0;39m [365ba65c-8297-49f4-a053-3fdf42a8704c] [http-nio-8081-exec-6] c.b.web.StoreDiscoveryController - Products by store: tenant=demo-store storeId=99ec8214-55fc-479f-a463-de62794fe86c
2025-11-11 21:16:21.786 [34mINFO [0;39m [365ba65c-8297-49f4-a053-3fdf42a8704c] [http-nio-8081-exec-6] c.b.config.logging.HttpLoggingFilter - GET /api/products?storeId=99ec8214-55fc-479f-a463-de62794fe86c -> 200 (4 ms)
2025-11-11 21:16:21.787 [34mINFO [0;39m [365ba65c-8297-49f4-a053-3fdf42a8704c] [http-nio-8081-exec-6] c.b.config.logging.HttpLoggingFilter - Headers: auth=present content-type=null accept=application/json, text/plain, */*
2025-11-11 21:16:21.787 [34mINFO [0;39m [365ba65c-8297-49f4-a053-3fdf42a8704c] [http-nio-8081-exec-6] c.b.config.logging.HttpLoggingFilter - Response payload: [{"id":"41cb11c3-f8a6-47d5-97a1-e3aa662a24c4","name":"Room Deluxe","price":2500.0,"category":"room","storeId":"99ec8214-55fc-479f-a463-de62794fe86c","active":true}]
2025-11-11 21:16:31.616 [34mINFO [0;39m [41af7e07-5239-4b41-8e31-adb65df382c7] [http-nio-8081-exec-7] c.b.web.AvailabilityController - Check availability: tenant=demo-store storeId=99ec8214-55fc-479f-a463-de62794fe86c roomId=41cb11c3-f8a6-47d5-97a1-e3aa662a24c4 checkIn=2025-11-11 checkOut=2025-11-12 guests=4
2025-11-11 21:16:31.616 [34mINFO [0;39m [41af7e07-5239-4b41-8e31-adb65df382c7] [http-nio-8081-exec-7] c.b.web.AvailabilityController - Availability result: available=true nights=1 total=1250
2025-11-11 21:16:31.617 [34mINFO [0;39m [41af7e07-5239-4b41-8e31-adb65df382c7] [http-nio-8081-exec-7] c.b.config.logging.HttpLoggingFilter - GET /api/availability?storeId=99ec8214-55fc-479f-a463-de62794fe86c&roomId=41cb11c3-f8a6-47d5-97a1-e3aa662a24c4&checkIn=2025-11-11&checkOut=2025-11-12&guests=4&roomsGuests%5B%5D=3&roomsGuests%5B%5D=1 -> 200 (2 ms)
2025-11-11 21:16:31.617 [34mINFO [0;39m [41af7e07-5239-4b41-8e31-adb65df382c7] [http-nio-8081-exec-7] c.b.config.logging.HttpLoggingFilter - Headers: auth=present content-type=null accept=application/json, text/plain, */*
2025-11-11 21:16:31.617 [34mINFO [0;39m [41af7e07-5239-4b41-8e31-adb65df382c7] [http-nio-8081-exec-7] c.b.config.logging.HttpLoggingFilter - Response payload: {"available":true,"nights":1,"base":1000,"surchargeRate":0.1,"subtotal":1100,"taxes":100,"fees":50,"total":1250}
2025-11-11 21:17:04.611 [31mWARN [0;39m [29e1e7f4-073c-4f13-ac39-a5e2efd79708] [http-nio-8081-exec-8] c.b.config.GlobalExceptionHandler - Validation error: must not be null
2025-11-11 21:17:04.612 [34mINFO [0;39m [29e1e7f4-073c-4f13-ac39-a5e2efd79708] [http-nio-8081-exec-8] c.b.config.logging.HttpLoggingFilter - POST /api/storefront/checkout -> 400 (25 ms)
2025-11-11 21:17:04.612 [34mINFO [0;39m [29e1e7f4-073c-4f13-ac39-a5e2efd79708] [http-nio-8081-exec-8] c.b.config.logging.HttpLoggingFilter - Headers: auth=present content-type=application/json accept=application/json, text/plain, */*
2025-11-11 21:17:04.612 [34mINFO [0;39m [29e1e7f4-073c-4f13-ac39-a5e2efd79708] [http-nio-8081-exec-8] c.b.config.logging.HttpLoggingFilter - Request payload: {"type":"room_booking","store":{"id":"99ec8214-55fc-479f-a463-de62794fe86c","name":"Sunrise Hotel"},"room":{"id":"41cb11c3-f8a6-47d5-97a1-e3aa662a24c4","name":"Room Deluxe","price":2500},"booking":{"checkIn":"2025-11-11","checkOut":"2025-11-12","guests":4,"nights":1,"rooms":1,"perRoomMax":3,"extraMattressAllowed":false,"extraMattressCount":0,"mattressFeePerNight":0,"roomsGuests":[3,1]},"guest":{"name":"User0178","phone":"+917355460178"},"notes":"","totals":{"perNight":1000,"nights":1,"subtotal":1100,"taxes":110,"fees":55,"payable":1265}}
2025-11-11 21:17:04.613 [34mINFO [0;39m [29e1e7f4-073c-4f13-ac39-a5e2efd79708] [http-nio-8081-exec-8] c.b.config.logging.HttpLoggingFilter - Response payload: {"message":"must not be null"}
2025-11-11 21:17:04.711 [34mINFO [0;39m [6ae73523-52a4-427b-91d8-05a500c583f9] [http-nio-8081-exec-10] com.bharatshop.web.OrdersController - List bookings: tenant=demo-store userId=6d372406-8da0-4828-b3d8-0f2f45ac103c
2025-11-11 21:17:04.730 [34mINFO [0;39m [6ae73523-52a4-427b-91d8-05a500c583f9] [http-nio-8081-exec-10] c.b.config.logging.HttpLoggingFilter - GET /api/storefront/bookings -> 200 (20 ms)
2025-11-11 21:17:04.731 [34mINFO [0;39m [6ae73523-52a4-427b-91d8-05a500c583f9] [http-nio-8081-exec-10] c.b.config.logging.HttpLoggingFilter - Headers: auth=present content-type=null accept=application/json, text/plain, */*
2025-11-11 21:17:04.731 [34mINFO [0;39m [6ae73523-52a4-427b-91d8-05a500c583f9] [http-nio-8081-exec-10] c.b.config.logging.HttpLoggingFilter - Response payload: []
2025-11-11 21:17:04.740 [34mINFO [0;39m [ac5155cf-9a7e-4f68-92ce-55a702a07dcd] [http-nio-8081-exec-9] com.bharatshop.web.OrdersController - List bookings: tenant=demo-store userId=6d372406-8da0-4828-b3d8-0f2f45ac103c
2025-11-11 21:17:04.747 [34mINFO [0;39m [ac5155cf-9a7e-4f68-92ce-55a702a07dcd] [http-nio-8081-exec-9] c.b.config.logging.HttpLoggingFilter - GET /api/storefront/bookings -> 200 (8 ms)
2025-11-11 21:17:04.748 [34mINFO [0;39m [ac5155cf-9a7e-4f68-92ce-55a702a07dcd] [http-nio-8081-exec-9] c.b.config.logging.HttpLoggingFilter - Headers: auth=present content-type=null accept=application/json, text/plain, */*
2025-11-11 21:17:04.748 [34mINFO [0;39m [ac5155cf-9a7e-4f68-92ce-55a702a07dcd] [http-nio-8081-exec-9] c.b.config.logging.HttpLoggingFilter - Response payload: []
2025-11-11 21:17:10.988 [34mINFO [0;39m [8d5eda4f-b812-492c-9551-9b9f83007dee] [http-nio-8081-exec-1] com.bharatshop.web.OrdersController - List bookings: tenant=demo-store userId=6d372406-8da0-4828-b3d8-0f2f45ac103c
2025-11-11 21:17:10.994 [34mINFO [0;39m [8d5eda4f-b812-492c-9551-9b9f83007dee] [http-nio-8081-exec-1] c.b.config.logging.HttpLoggingFilter - GET /api/storefront/bookings -> 200 (6 ms)
2025-11-11 21:17:10.994 [34mINFO [0;39m [8d5eda4f-b812-492c-9551-9b9f83007dee] [http-nio-8081-exec-1] c.b.config.logging.HttpLoggingFilter - Headers: auth=present content-type=null accept=application/json, text/plain, */*
2025-11-11 21:17:10.994 [34mINFO [0;39m [8d5eda4f-b812-492c-9551-9b9f83007dee] [http-nio-8081-exec-1] c.b.config.logging.HttpLoggingFilter - Response payload: []
2025-11-11 21:17:11.005 [34mINFO [0;39m [0abec0ec-71cb-4384-846f-b770ca0a9cf8] [http-nio-8081-exec-2] com.bharatshop.web.OrdersController - List bookings: tenant=demo-store userId=6d372406-8da0-4828-b3d8-0f2f45ac103c
2025-11-11 21:17:11.011 [34mINFO [0;39m [0abec0ec-71cb-4384-846f-b770ca0a9cf8] [http-nio-8081-exec-2] c.b.config.logging.HttpLoggingFilter - GET /api/storefront/bookings -> 200 (8 ms)
2025-11-11 21:17:11.011 [34mINFO [0;39m [0abec0ec-71cb-4384-846f-b770ca0a9cf8] [http-nio-8081-exec-2] c.b.config.logging.HttpLoggingFilter - Headers: auth=present content-type=null accept=application/json, text/plain, */*
2025-11-11 21:17:11.011 [34mINFO [0;39m [0abec0ec-71cb-4384-846f-b770ca0a9cf8] [http-nio-8081-exec-2] c.b.config.logging.HttpLoggingFilter - Response payload: []
2025-11-11 21:17:26.548 [34mINFO [0;39m [bfb33d6f-5ce5-4814-9c96-2b3082a0dd77] [http-nio-8081-exec-5] c.b.web.StoreDiscoveryController - Discover stores: tenant=demo-store search=null category=Hospitality
2025-11-11 21:17:26.551 [34mINFO [0;39m [bfb33d6f-5ce5-4814-9c96-2b3082a0dd77] [http-nio-8081-exec-5] c.b.config.logging.HttpLoggingFilter - GET /api/stores?category=Hospitality&city=Noida -> 200 (3 ms)
2025-11-11 21:17:26.551 [34mINFO [0;39m [bfb33d6f-5ce5-4814-9c96-2b3082a0dd77] [http-nio-8081-exec-5] c.b.config.logging.HttpLoggingFilter - Headers: auth=present content-type=null accept=application/json, text/plain, */*
2025-11-11 21:17:26.551 [34mINFO [0;39m [bfb33d6f-5ce5-4814-9c96-2b3082a0dd77] [http-nio-8081-exec-5] c.b.config.logging.HttpLoggingFilter - Response payload: [{"id":"99ec8214-55fc-479f-a463-de62794fe86c","name":"Sunrise Hotel","area":"Beach","category":"hospitality","status":"open","orderingDisabled":false,"updatedAt":"2025-11-11T15:36:23.293036Z"}]
2025-11-11 21:17:31.666 [34mINFO [0;39m [87dd0bdb-ead0-42d4-b4a3-2b424ab4fe27] [http-nio-8081-exec-3] c.b.web.AvailabilityController - Check availability: tenant=demo-store storeId=99ec8214-55fc-479f-a463-de62794fe86c roomId=41cb11c3-f8a6-47d5-97a1-e3aa662a24c4 checkIn=2025-11-11 checkOut=2025-11-12 guests=2
2025-11-11 21:17:31.666 [34mINFO [0;39m [87dd0bdb-ead0-42d4-b4a3-2b424ab4fe27] [http-nio-8081-exec-3] c.b.web.AvailabilityController - Availability result: available=true nights=1 total=1250
2025-11-11 21:17:31.667 [34mINFO [0;39m [87dd0bdb-ead0-42d4-b4a3-2b424ab4fe27] [http-nio-8081-exec-3] c.b.config.logging.HttpLoggingFilter - GET /api/availability?storeId=99ec8214-55fc-479f-a463-de62794fe86c&roomId=41cb11c3-f8a6-47d5-97a1-e3aa662a24c4&checkIn=2025-11-11&checkOut=2025-11-12&guests=2 -> 200 (2 ms)
2025-11-11 21:17:31.667 [34mINFO [0;39m [87dd0bdb-ead0-42d4-b4a3-2b424ab4fe27] [http-nio-8081-exec-3] c.b.config.logging.HttpLoggingFilter - Headers: auth=present content-type=null accept=application/json, text/plain, */*
2025-11-11 21:17:31.668 [34mINFO [0;39m [87dd0bdb-ead0-42d4-b4a3-2b424ab4fe27] [http-nio-8081-exec-3] c.b.config.logging.HttpLoggingFilter - Response payload: {"available":true,"nights":1,"base":1000,"surchargeRate":0.1,"subtotal":1100,"taxes":100,"fees":50,"total":1250}
2025-11-11 21:17:34.768 [34mINFO [0;39m [57bac99b-a802-4fdc-a9f3-5435686d91f7] [http-nio-8081-exec-4] c.b.web.AvailabilityController - Check availability: tenant=demo-store storeId=99ec8214-55fc-479f-a463-de62794fe86c roomId=41cb11c3-f8a6-47d5-97a1-e3aa662a24c4 checkIn=2025-11-11 checkOut=2025-11-12 guests=1
2025-11-11 21:17:34.768 [34mINFO [0;39m [57bac99b-a802-4fdc-a9f3-5435686d91f7] [http-nio-8081-exec-4] c.b.web.AvailabilityController - Availability result: available=true nights=1 total=1250
2025-11-11 21:17:34.769 [34mINFO [0;39m [57bac99b-a802-4fdc-a9f3-5435686d91f7] [http-nio-8081-exec-4] c.b.config.logging.HttpLoggingFilter - GET /api/availability?storeId=99ec8214-55fc-479f-a463-de62794fe86c&roomId=41cb11c3-f8a6-47d5-97a1-e3aa662a24c4&checkIn=2025-11-11&checkOut=2025-11-12&guests=1&roomsGuests%5B%5D=1 -> 200 (2 ms)
2025-11-11 21:17:34.769 [34mINFO [0;39m [57bac99b-a802-4fdc-a9f3-5435686d91f7] [http-nio-8081-exec-4] c.b.config.logging.HttpLoggingFilter - Headers: auth=present content-type=null accept=application/json, text/plain, */*
2025-11-11 21:17:34.769 [34mINFO [0;39m [57bac99b-a802-4fdc-a9f3-5435686d91f7] [http-nio-8081-exec-4] c.b.config.logging.HttpLoggingFilter - Response payload: {"available":true,"nights":1,"base":1000,"surchargeRate":0.1,"subtotal":1100,"taxes":100,"fees":50,"total":1250}
2025-11-11 21:17:41.580 [31mWARN [0;39m [5ca66439-b624-4822-910f-508ef2a365dd] [http-nio-8081-exec-6] c.b.config.GlobalExceptionHandler - Validation error: must not be null
2025-11-11 21:17:41.581 [34mINFO [0;39m [5ca66439-b624-4822-910f-508ef2a365dd] [http-nio-8081-exec-6] c.b.config.logging.HttpLoggingFilter - POST /api/storefront/checkout -> 400 (4 ms)
2025-11-11 21:17:41.581 [34mINFO [0;39m [5ca66439-b624-4822-910f-508ef2a365dd] [http-nio-8081-exec-6] c.b.config.logging.HttpLoggingFilter - Headers: auth=present content-type=application/json accept=application/json, text/plain, */*
2025-11-11 21:17:41.581 [34mINFO [0;39m [5ca66439-b624-4822-910f-508ef2a365dd] [http-nio-8081-exec-6] c.b.config.logging.HttpLoggingFilter - Request payload: {"type":"room_booking","store":{"id":"99ec8214-55fc-479f-a463-de62794fe86c","name":"Sunrise Hotel"},"room":{"id":"41cb11c3-f8a6-47d5-97a1-e3aa662a24c4","name":"Room Deluxe","price":2500},"booking":{"checkIn":"2025-11-11","checkOut":"2025-11-12","guests":1,"nights":1,"rooms":1,"perRoomMax":3,"extraMattressAllowed":false,"extraMattressCount":0,"mattressFeePerNight":0,"roomsGuests":[1]},"guest":{"name":"User0178","phone":"+917355460178"},"notes":"","totals":{"perNight":1000,"nights":1,"subtotal":1100,"taxes":110,"fees":55,"payable":1265}}
2025-11-11 21:17:41.582 [34mINFO [0;39m [5ca66439-b624-4822-910f-508ef2a365dd] [http-nio-8081-exec-6] c.b.config.logging.HttpLoggingFilter - Response payload: {"message":"must not be null"}
2025-11-11 21:17:41.623 [34mINFO [0;39m [4051e9c7-5e08-431d-98a5-09e0b5352749] [http-nio-8081-exec-7] com.bharatshop.web.OrdersController - List bookings: tenant=demo-store userId=6d372406-8da0-4828-b3d8-0f2f45ac103c
2025-11-11 21:17:41.629 [34mINFO [0;39m [4051e9c7-5e08-431d-98a5-09e0b5352749] [http-nio-8081-exec-7] c.b.config.logging.HttpLoggingFilter - GET /api/storefront/bookings -> 200 (7 ms)
2025-11-11 21:17:41.629 [34mINFO [0;39m [4051e9c7-5e08-431d-98a5-09e0b5352749] [http-nio-8081-exec-7] c.b.config.logging.HttpLoggingFilter - Headers: auth=present content-type=null accept=application/json, text/plain, */*
2025-11-11 21:17:41.629 [34mINFO [0;39m [4051e9c7-5e08-431d-98a5-09e0b5352749] [http-nio-8081-exec-7] c.b.config.logging.HttpLoggingFilter - Response payload: []
2025-11-11 21:17:41.640 [34mINFO [0;39m [72e6ce02-d21c-4811-970c-dd33e31bc141] [http-nio-8081-exec-8] com.bharatshop.web.OrdersController - List bookings: tenant=demo-store userId=6d372406-8da0-4828-b3d8-0f2f45ac103c
2025-11-11 21:17:41.651 [34mINFO [0;39m [72e6ce02-d21c-4811-970c-dd33e31bc141] [http-nio-8081-exec-8] c.b.config.logging.HttpLoggingFilter - GET /api/storefront/bookings -> 200 (11 ms)
2025-11-11 21:17:41.651 [34mINFO [0;39m [72e6ce02-d21c-4811-970c-dd33e31bc141] [http-nio-8081-exec-8] c.b.config.logging.HttpLoggingFilter - Headers: auth=present content-type=null accept=application/json, text/plain, */*
2025-11-11 21:17:41.652 [34mINFO [0;39m [72e6ce02-d21c-4811-970c-dd33e31bc141] [http-nio-8081-exec-8] c.b.config.logging.HttpLoggingFilter - Response payload: []
2025-11-11 21:17:54.050 [34mINFO [0;39m [23fb32a3-ac30-44b4-9718-5f59dac7b82e] [http-nio-8081-exec-10] com.bharatshop.web.OrdersController - List bookings: tenant=demo-store userId=6d372406-8da0-4828-b3d8-0f2f45ac103c
2025-11-11 21:17:54.055 [34mINFO [0;39m [23fb32a3-ac30-44b4-9718-5f59dac7b82e] [http-nio-8081-exec-10] c.b.config.logging.HttpLoggingFilter - GET /api/storefront/bookings -> 200 (6 ms)
2025-11-11 21:17:54.055 [34mINFO [0;39m [23fb32a3-ac30-44b4-9718-5f59dac7b82e] [http-nio-8081-exec-10] c.b.config.logging.HttpLoggingFilter - Headers: auth=present content-type=null accept=application/json, text/plain, */*
2025-11-11 21:17:54.055 [34mINFO [0;39m [23fb32a3-ac30-44b4-9718-5f59dac7b82e] [http-nio-8081-exec-10] c.b.config.logging.HttpLoggingFilter - Response payload: []
2025-11-11 21:17:54.063 [34mINFO [0;39m [fd93c186-67c7-4e28-8730-d5ef6148f96d] [http-nio-8081-exec-9] com.bharatshop.web.OrdersController - List bookings: tenant=demo-store userId=6d372406-8da0-4828-b3d8-0f2f45ac103c
2025-11-11 21:17:54.070 [34mINFO [0;39m [fd93c186-67c7-4e28-8730-d5ef6148f96d] [http-nio-8081-exec-9] c.b.config.logging.HttpLoggingFilter - GET /api/storefront/bookings -> 200 (8 ms)
2025-11-11 21:17:54.070 [34mINFO [0;39m [fd93c186-67c7-4e28-8730-d5ef6148f96d] [http-nio-8081-exec-9] c.b.config.logging.HttpLoggingFilter - Headers: auth=present content-type=null accept=application/json, text/plain, */*
2025-11-11 21:17:54.070 [34mINFO [0;39m [fd93c186-67c7-4e28-8730-d5ef6148f96d] [http-nio-8081-exec-9] c.b.config.logging.HttpLoggingFilter - Response payload: []
2025-11-11 21:17:56.075 [34mINFO [0;39m [75afcd68-60ad-4bba-ac12-4a2507a98faa] [http-nio-8081-exec-1] c.b.web.StoreDiscoveryController - Discover stores: tenant=demo-store search=null category=Hospitality
2025-11-11 21:17:56.077 [34mINFO [0;39m [75afcd68-60ad-4bba-ac12-4a2507a98faa] [http-nio-8081-exec-1] c.b.config.logging.HttpLoggingFilter - GET /api/stores?category=Hospitality&city=Noida -> 200 (3 ms)
2025-11-11 21:17:56.077 [34mINFO [0;39m [75afcd68-60ad-4bba-ac12-4a2507a98faa] [http-nio-8081-exec-1] c.b.config.logging.HttpLoggingFilter - Headers: auth=present content-type=null accept=application/json, text/plain, */*
2025-11-11 21:17:56.077 [34mINFO [0;39m [75afcd68-60ad-4bba-ac12-4a2507a98faa] [http-nio-8081-exec-1] c.b.config.logging.HttpLoggingFilter - Response payload: [{"id":"99ec8214-55fc-479f-a463-de62794fe86c","name":"Sunrise Hotel","area":"Beach","category":"hospitality","status":"open","orderingDisabled":false,"updatedAt":"2025-11-11T15:36:23.293036Z"}]
2025-11-11 21:18:00.381 [34mINFO [0;39m [3dfbd42f-cc2d-4824-aac7-062a8dc36738] [http-nio-8081-exec-2] c.b.web.AvailabilityController - Check availability: tenant=demo-store storeId=99ec8214-55fc-479f-a463-de62794fe86c roomId=41cb11c3-f8a6-47d5-97a1-e3aa662a24c4 checkIn=2025-11-11 checkOut=2025-11-12 guests=2
2025-11-11 21:18:00.381 [34mINFO [0;39m [3dfbd42f-cc2d-4824-aac7-062a8dc36738] [http-nio-8081-exec-2] c.b.web.AvailabilityController - Availability result: available=true nights=1 total=1250
2025-11-11 21:18:00.382 [34mINFO [0;39m [3dfbd42f-cc2d-4824-aac7-062a8dc36738] [http-nio-8081-exec-2] c.b.config.logging.HttpLoggingFilter - GET /api/availability?storeId=99ec8214-55fc-479f-a463-de62794fe86c&roomId=41cb11c3-f8a6-47d5-97a1-e3aa662a24c4&checkIn=2025-11-11&checkOut=2025-11-12&guests=2 -> 200 (2 ms)
2025-11-11 21:18:00.382 [34mINFO [0;39m [3dfbd42f-cc2d-4824-aac7-062a8dc36738] [http-nio-8081-exec-2] c.b.config.logging.HttpLoggingFilter - Headers: auth=present content-type=null accept=application/json, text/plain, */*
2025-11-11 21:18:00.382 [34mINFO [0;39m [3dfbd42f-cc2d-4824-aac7-062a8dc36738] [http-nio-8081-exec-2] c.b.config.logging.HttpLoggingFilter - Response payload: {"available":true,"nights":1,"base":1000,"surchargeRate":0.1,"subtotal":1100,"taxes":100,"fees":50,"total":1250}
2025-11-11 21:18:04.888 [34mINFO [0;39m [ffa2ddcb-92fe-4faf-88fe-ea43e5a9f2ca] [http-nio-8081-exec-5] c.b.web.AvailabilityController - Check availability: tenant=demo-store storeId=99ec8214-55fc-479f-a463-de62794fe86c roomId=41cb11c3-f8a6-47d5-97a1-e3aa662a24c4 checkIn=2025-11-11 checkOut=2025-11-12 guests=1
2025-11-11 21:18:04.888 [34mINFO [0;39m [ffa2ddcb-92fe-4faf-88fe-ea43e5a9f2ca] [http-nio-8081-exec-5] c.b.web.AvailabilityController - Availability result: available=true nights=1 total=1250
2025-11-11 21:18:04.889 [34mINFO [0;39m [ffa2ddcb-92fe-4faf-88fe-ea43e5a9f2ca] [http-nio-8081-exec-5] c.b.config.logging.HttpLoggingFilter - GET /api/availability?storeId=99ec8214-55fc-479f-a463-de62794fe86c&roomId=41cb11c3-f8a6-47d5-97a1-e3aa662a24c4&checkIn=2025-11-11&checkOut=2025-11-12&guests=1&roomsGuests%5B%5D=1 -> 200 (2 ms)
2025-11-11 21:18:04.889 [34mINFO [0;39m [ffa2ddcb-92fe-4faf-88fe-ea43e5a9f2ca] [http-nio-8081-exec-5] c.b.config.logging.HttpLoggingFilter - Headers: auth=present content-type=null accept=application/json, text/plain, */*
2025-11-11 21:18:04.889 [34mINFO [0;39m [ffa2ddcb-92fe-4faf-88fe-ea43e5a9f2ca] [http-nio-8081-exec-5] c.b.config.logging.HttpLoggingFilter - Response payload: {"available":true,"nights":1,"base":1000,"surchargeRate":0.1,"subtotal":1100,"taxes":100,"fees":50,"total":1250}
2025-11-11 21:18:07.192 [31mWARN [0;39m [e735c6d5-69ae-4a89-94f1-ae7119c147f1] [http-nio-8081-exec-3] c.b.config.GlobalExceptionHandler - Validation error: must not be null
2025-11-11 21:18:07.193 [34mINFO [0;39m [e735c6d5-69ae-4a89-94f1-ae7119c147f1] [http-nio-8081-exec-3] c.b.config.logging.HttpLoggingFilter - POST /api/storefront/checkout -> 400 (3 ms)
2025-11-11 21:18:07.194 [34mINFO [0;39m [e735c6d5-69ae-4a89-94f1-ae7119c147f1] [http-nio-8081-exec-3] c.b.config.logging.HttpLoggingFilter - Headers: auth=present content-type=application/json accept=application/json, text/plain, */*
2025-11-11 21:18:07.194 [34mINFO [0;39m [e735c6d5-69ae-4a89-94f1-ae7119c147f1] [http-nio-8081-exec-3] c.b.config.logging.HttpLoggingFilter - Request payload: {"type":"room_booking","store":{"id":"99ec8214-55fc-479f-a463-de62794fe86c","name":"Sunrise Hotel"},"room":{"id":"41cb11c3-f8a6-47d5-97a1-e3aa662a24c4","name":"Room Deluxe","price":2500},"booking":{"checkIn":"2025-11-11","checkOut":"2025-11-12","guests":1,"nights":1,"rooms":1,"perRoomMax":3,"extraMattressAllowed":false,"extraMattressCount":0,"mattressFeePerNight":0,"roomsGuests":[1]},"guest":{"name":"User0178","phone":"+917355460178"},"notes":"","totals":{"perNight":1000,"nights":1,"subtotal":1100,"taxes":110,"fees":55,"payable":1265}}
2025-11-11 21:18:07.195 [34mINFO [0;39m [e735c6d5-69ae-4a89-94f1-ae7119c147f1] [http-nio-8081-exec-3] c.b.config.logging.HttpLoggingFilter - Response payload: {"message":"must not be null"}
2025-11-11 21:18:07.248 [34mINFO [0;39m [79287274-7928-401f-8bf1-cb3b4bac1f65] [http-nio-8081-exec-4] com.bharatshop.web.OrdersController - List bookings: tenant=demo-store userId=6d372406-8da0-4828-b3d8-0f2f45ac103c
2025-11-11 21:18:07.259 [34mINFO [0;39m [79287274-7928-401f-8bf1-cb3b4bac1f65] [http-nio-8081-exec-4] c.b.config.logging.HttpLoggingFilter - GET /api/storefront/bookings -> 200 (12 ms)
2025-11-11 21:18:07.266 [34mINFO [0;39m [79287274-7928-401f-8bf1-cb3b4bac1f65] [http-nio-8081-exec-4] c.b.config.logging.HttpLoggingFilter - Headers: auth=present content-type=null accept=application/json, text/plain, */*
2025-11-11 21:18:07.282 [34mINFO [0;39m [79287274-7928-401f-8bf1-cb3b4bac1f65] [http-nio-8081-exec-4] c.b.config.logging.HttpLoggingFilter - Response payload: []
2025-11-11 21:18:07.302 [34mINFO [0;39m [62a0656f-611e-45d4-9618-cfcf36f0979a] [http-nio-8081-exec-6] com.bharatshop.web.OrdersController - List bookings: tenant=demo-store userId=6d372406-8da0-4828-b3d8-0f2f45ac103c
2025-11-11 21:18:07.312 [34mINFO [0;39m [62a0656f-611e-45d4-9618-cfcf36f0979a] [http-nio-8081-exec-6] c.b.config.logging.HttpLoggingFilter - GET /api/storefront/bookings -> 200 (11 ms)
2025-11-11 21:18:07.312 [34mINFO [0;39m [62a0656f-611e-45d4-9618-cfcf36f0979a] [http-nio-8081-exec-6] c.b.config.logging.HttpLoggingFilter - Headers: auth=present content-type=null accept=application/json, text/plain, */*
2025-11-11 21:18:07.313 [34mINFO [0;39m [62a0656f-611e-45d4-9618-cfcf36f0979a] [http-nio-8081-exec-6] c.b.config.logging.HttpLoggingFilter - Response payload: []
2025-11-11 21:26:47.702 [34mINFO [0;39m [df523c3b-54fd-4b4d-91aa-2707ffd29d2b] [http-nio-8081-exec-7] com.bharatshop.web.CartController - Get cart: userId=guest
2025-11-11 21:26:47.704 [34mINFO [0;39m [df523c3b-54fd-4b4d-91aa-2707ffd29d2b] [http-nio-8081-exec-7] c.b.config.logging.HttpLoggingFilter - GET /store/cart -> 200 (3 ms)
2025-11-11 21:26:47.705 [34mINFO [0;39m [df523c3b-54fd-4b4d-91aa-2707ffd29d2b] [http-nio-8081-exec-7] c.b.config.logging.HttpLoggingFilter - Headers: auth=absent content-type=null accept=application/json, text/plain, */*
2025-11-11 21:26:47.705 [34mINFO [0;39m [df523c3b-54fd-4b4d-91aa-2707ffd29d2b] [http-nio-8081-exec-7] c.b.config.logging.HttpLoggingFilter - Response payload: []
2025-11-11 21:26:47.720 [34mINFO [0;39m [9ab8041e-14d4-4b8c-8fd6-60bbd4e1cac6] [http-nio-8081-exec-8] com.bharatshop.web.CartController - Get cart: userId=guest
2025-11-11 21:26:47.723 [34mINFO [0;39m [9ab8041e-14d4-4b8c-8fd6-60bbd4e1cac6] [http-nio-8081-exec-8] c.b.config.logging.HttpLoggingFilter - GET /store/cart -> 200 (3 ms)
2025-11-11 21:26:47.724 [34mINFO [0;39m [9ab8041e-14d4-4b8c-8fd6-60bbd4e1cac6] [http-nio-8081-exec-8] c.b.config.logging.HttpLoggingFilter - Headers: auth=absent content-type=null accept=application/json, text/plain, */*
2025-11-11 21:26:47.725 [34mINFO [0;39m [9ab8041e-14d4-4b8c-8fd6-60bbd4e1cac6] [http-nio-8081-exec-8] c.b.config.logging.HttpLoggingFilter - Response payload: []
2025-11-11 21:43:33.757 [34mINFO [0;39m [7d5a6092-e174-4729-ac76-c6c29d7042c3] [http-nio-8081-exec-10] c.b.web.StoreDiscoveryController - Discover stores: tenant=demo-store search=null category=Hospitality
2025-11-11 21:43:33.777 [34mINFO [0;39m [7d5a6092-e174-4729-ac76-c6c29d7042c3] [http-nio-8081-exec-10] c.b.config.logging.HttpLoggingFilter - GET /api/stores?category=Hospitality -> 200 (21 ms)
2025-11-11 21:43:33.777 [34mINFO [0;39m [7d5a6092-e174-4729-ac76-c6c29d7042c3] [http-nio-8081-exec-10] c.b.config.logging.HttpLoggingFilter - Headers: auth=absent content-type=null accept=application/json, text/plain, */*
2025-11-11 21:43:33.777 [34mINFO [0;39m [7d5a6092-e174-4729-ac76-c6c29d7042c3] [http-nio-8081-exec-10] c.b.config.logging.HttpLoggingFilter - Response payload: [{"id":"99ec8214-55fc-479f-a463-de62794fe86c","name":"Sunrise Hotel","area":"Beach","category":"hospitality","status":"open","orderingDisabled":false,"updatedAt":"2025-11-11T15:36:23.293036Z"}]
2025-11-11 21:43:33.959 [34mINFO [0;39m [b32cee78-d975-464e-b5dc-3cc32d0930c0] [http-nio-8081-exec-9] c.b.web.StoreDiscoveryController - Get store: tenant=demo-store id=99ec8214-55fc-479f-a463-de62794fe86c
2025-11-11 21:43:33.966 [34mINFO [0;39m [d0893cba-d1db-4f6e-a07c-72609e620845] [http-nio-8081-exec-1] c.b.web.StoreDiscoveryController - Products by store: tenant=demo-store storeId=99ec8214-55fc-479f-a463-de62794fe86c
2025-11-11 21:43:33.970 [34mINFO [0;39m [b32cee78-d975-464e-b5dc-3cc32d0930c0] [http-nio-8081-exec-9] c.b.web.StoreDiscoveryController - Get store success: id=99ec8214-55fc-479f-a463-de62794fe86c name=Sunrise Hotel 
2025-11-11 21:43:33.980 [34mINFO [0;39m [d0893cba-d1db-4f6e-a07c-72609e620845] [http-nio-8081-exec-1] c.b.config.logging.HttpLoggingFilter - GET /api/products?storeId=99ec8214-55fc-479f-a463-de62794fe86c -> 200 (15 ms)
2025-11-11 21:43:33.983 [34mINFO [0;39m [d0893cba-d1db-4f6e-a07c-72609e620845] [http-nio-8081-exec-1] c.b.config.logging.HttpLoggingFilter - Headers: auth=absent content-type=null accept=application/json, text/plain, */*
2025-11-11 21:43:33.984 [34mINFO [0;39m [b32cee78-d975-464e-b5dc-3cc32d0930c0] [http-nio-8081-exec-9] c.b.config.logging.HttpLoggingFilter - GET /api/stores/99ec8214-55fc-479f-a463-de62794fe86c -> 200 (25 ms)
2025-11-11 21:43:33.984 [34mINFO [0;39m [d0893cba-d1db-4f6e-a07c-72609e620845] [http-nio-8081-exec-1] c.b.config.logging.HttpLoggingFilter - Response payload: [{"id":"41cb11c3-f8a6-47d5-97a1-e3aa662a24c4","name":"Room Deluxe","price":2500.0,"category":"room","storeId":"99ec8214-55fc-479f-a463-de62794fe86c","active":true}]
2025-11-11 21:43:33.986 [34mINFO [0;39m [b32cee78-d975-464e-b5dc-3cc32d0930c0] [http-nio-8081-exec-9] c.b.config.logging.HttpLoggingFilter - Headers: auth=absent content-type=null accept=application/json, text/plain, */*
2025-11-11 21:43:33.990 [34mINFO [0;39m [b32cee78-d975-464e-b5dc-3cc32d0930c0] [http-nio-8081-exec-9] c.b.config.logging.HttpLoggingFilter - Response payload: {"id":"99ec8214-55fc-479f-a463-de62794fe86c","name":"Sunrise Hotel","area":"Beach","category":"hospitality","status":"open","orderingDisabled":false,"updatedAt":"2025-11-11T15:36:23.293036Z"}
2025-11-11 21:43:40.674 [34mINFO [0;39m [6a177168-76ed-456d-85c1-044cd959274c] [http-nio-8081-exec-2] com.bharatshop.web.OrdersController - List bookings: tenant=demo-store userId=6d372406-8da0-4828-b3d8-0f2f45ac103c
2025-11-11 21:43:40.804 [34mINFO [0;39m [6a177168-76ed-456d-85c1-044cd959274c] [http-nio-8081-exec-2] c.b.config.logging.HttpLoggingFilter - GET /api/storefront/bookings -> 200 (131 ms)
2025-11-11 21:43:40.804 [34mINFO [0;39m [6a177168-76ed-456d-85c1-044cd959274c] [http-nio-8081-exec-2] c.b.config.logging.HttpLoggingFilter - Headers: auth=present content-type=null accept=application/json, text/plain, */*
2025-11-11 21:43:40.804 [34mINFO [0;39m [6a177168-76ed-456d-85c1-044cd959274c] [http-nio-8081-exec-2] c.b.config.logging.HttpLoggingFilter - Response payload: []
2025-11-11 21:43:40.812 [34mINFO [0;39m [f6260e1a-1e18-4003-9b75-b00196109541] [http-nio-8081-exec-5] com.bharatshop.web.OrdersController - List bookings: tenant=demo-store userId=6d372406-8da0-4828-b3d8-0f2f45ac103c
2025-11-11 21:43:40.822 [34mINFO [0;39m [f6260e1a-1e18-4003-9b75-b00196109541] [http-nio-8081-exec-5] c.b.config.logging.HttpLoggingFilter - GET /api/storefront/bookings -> 200 (10 ms)
2025-11-11 21:43:40.822 [34mINFO [0;39m [f6260e1a-1e18-4003-9b75-b00196109541] [http-nio-8081-exec-5] c.b.config.logging.HttpLoggingFilter - Headers: auth=present content-type=null accept=application/json, text/plain, */*
2025-11-11 21:43:40.822 [34mINFO [0;39m [f6260e1a-1e18-4003-9b75-b00196109541] [http-nio-8081-exec-5] c.b.config.logging.HttpLoggingFilter - Response payload: []
2025-11-11 21:43:42.856 [34mINFO [0;39m [a135398c-3a22-493e-aff2-96b3e82238b2] [http-nio-8081-exec-3] c.b.web.StoreDiscoveryController - Discover stores: tenant=demo-store search=null category=Hospitality
2025-11-11 21:43:42.860 [34mINFO [0;39m [a135398c-3a22-493e-aff2-96b3e82238b2] [http-nio-8081-exec-3] c.b.config.logging.HttpLoggingFilter - GET /api/stores?category=Hospitality&city=Noida -> 200 (4 ms)
2025-11-11 21:43:42.861 [34mINFO [0;39m [a135398c-3a22-493e-aff2-96b3e82238b2] [http-nio-8081-exec-3] c.b.config.logging.HttpLoggingFilter - Headers: auth=present content-type=null accept=application/json, text/plain, */*
2025-11-11 21:43:42.861 [34mINFO [0;39m [a135398c-3a22-493e-aff2-96b3e82238b2] [http-nio-8081-exec-3] c.b.config.logging.HttpLoggingFilter - Response payload: [{"id":"99ec8214-55fc-479f-a463-de62794fe86c","name":"Sunrise Hotel","area":"Beach","category":"hospitality","status":"open","orderingDisabled":false,"updatedAt":"2025-11-11T15:36:23.293036Z"}]
2025-11-11 21:43:43.997 [34mINFO [0;39m [8acc47bb-828b-4621-b643-26368f030f06] [http-nio-8081-exec-4] c.b.web.StoreDiscoveryController - Get store: tenant=demo-store id=99ec8214-55fc-479f-a463-de62794fe86c
2025-11-11 21:43:43.997 [34mINFO [0;39m [9e355b76-8548-483d-9357-8908270ae7b8] [http-nio-8081-exec-6] c.b.web.StoreDiscoveryController - Products by store: tenant=demo-store storeId=99ec8214-55fc-479f-a463-de62794fe86c
2025-11-11 21:43:44.000 [34mINFO [0;39m [8acc47bb-828b-4621-b643-26368f030f06] [http-nio-8081-exec-4] c.b.web.StoreDiscoveryController - Get store success: id=99ec8214-55fc-479f-a463-de62794fe86c name=Sunrise Hotel 
2025-11-11 21:43:44.001 [34mINFO [0;39m [8acc47bb-828b-4621-b643-26368f030f06] [http-nio-8081-exec-4] c.b.config.logging.HttpLoggingFilter - GET /api/stores/99ec8214-55fc-479f-a463-de62794fe86c -> 200 (4 ms)
2025-11-11 21:43:44.002 [34mINFO [0;39m [8acc47bb-828b-4621-b643-26368f030f06] [http-nio-8081-exec-4] c.b.config.logging.HttpLoggingFilter - Headers: auth=present content-type=null accept=application/json, text/plain, */*
2025-11-11 21:43:44.002 [34mINFO [0;39m [8acc47bb-828b-4621-b643-26368f030f06] [http-nio-8081-exec-4] c.b.config.logging.HttpLoggingFilter - Response payload: {"id":"99ec8214-55fc-479f-a463-de62794fe86c","name":"Sunrise Hotel","area":"Beach","category":"hospitality","status":"open","orderingDisabled":false,"updatedAt":"2025-11-11T15:36:23.293036Z"}
2025-11-11 21:43:44.002 [34mINFO [0;39m [9e355b76-8548-483d-9357-8908270ae7b8] [http-nio-8081-exec-6] c.b.config.logging.HttpLoggingFilter - GET /api/products?storeId=99ec8214-55fc-479f-a463-de62794fe86c -> 200 (5 ms)
2025-11-11 21:43:44.002 [34mINFO [0;39m [9e355b76-8548-483d-9357-8908270ae7b8] [http-nio-8081-exec-6] c.b.config.logging.HttpLoggingFilter - Headers: auth=present content-type=null accept=application/json, text/plain, */*
2025-11-11 21:43:44.002 [34mINFO [0;39m [9e355b76-8548-483d-9357-8908270ae7b8] [http-nio-8081-exec-6] c.b.config.logging.HttpLoggingFilter - Response payload: [{"id":"41cb11c3-f8a6-47d5-97a1-e3aa662a24c4","name":"Room Deluxe","price":2500.0,"category":"room","storeId":"99ec8214-55fc-479f-a463-de62794fe86c","active":true}]
2025-11-11 21:43:44.056 [34mINFO [0;39m [c5c530b1-15a1-4d4d-b5e7-63e772506672] [http-nio-8081-exec-7] c.b.web.StoreDiscoveryController - Get store: tenant=demo-store id=99ec8214-55fc-479f-a463-de62794fe86c
2025-11-11 21:43:44.061 [34mINFO [0;39m [c5c530b1-15a1-4d4d-b5e7-63e772506672] [http-nio-8081-exec-7] c.b.web.StoreDiscoveryController - Get store success: id=99ec8214-55fc-479f-a463-de62794fe86c name=Sunrise Hotel 
2025-11-11 21:43:44.063 [34mINFO [0;39m [c5c530b1-15a1-4d4d-b5e7-63e772506672] [http-nio-8081-exec-7] c.b.config.logging.HttpLoggingFilter - GET /api/stores/99ec8214-55fc-479f-a463-de62794fe86c -> 200 (9 ms)
2025-11-11 21:43:44.064 [34mINFO [0;39m [c5c530b1-15a1-4d4d-b5e7-63e772506672] [http-nio-8081-exec-7] c.b.config.logging.HttpLoggingFilter - Headers: auth=present content-type=null accept=application/json, text/plain, */*
2025-11-11 21:43:44.064 [34mINFO [0;39m [c5c530b1-15a1-4d4d-b5e7-63e772506672] [http-nio-8081-exec-7] c.b.config.logging.HttpLoggingFilter - Response payload: {"id":"99ec8214-55fc-479f-a463-de62794fe86c","name":"Sunrise Hotel","area":"Beach","category":"hospitality","status":"open","orderingDisabled":false,"updatedAt":"2025-11-11T15:36:23.293036Z"}
2025-11-11 21:43:49.958 [34mINFO [0;39m [a2c6130b-ed9f-4ab5-9c4a-5f86e3244e0c] [http-nio-8081-exec-8] c.b.config.logging.HttpLoggingFilter - GET /store/99ec8214-55fc-479f-a463-de62794fe86c -> 404 (7 ms)
2025-11-11 21:43:49.958 [34mINFO [0;39m [a2c6130b-ed9f-4ab5-9c4a-5f86e3244e0c] [http-nio-8081-exec-8] c.b.config.logging.HttpLoggingFilter - Headers: auth=absent content-type=null accept=text/html,application/xhtml+xml,application/xml;q=0.9,image/avif,image/webp,image/apng,*/*;q=0.8,application/signed-exchange;v=b3;q=0.7
2025-11-11 21:43:56.134 [34mINFO [0;39m [7b0037f4-31ae-41ae-8587-c24fdd1a5eb9] [http-nio-8081-exec-10] com.bharatshop.web.CartController - Get cart: userId=6d372406-8da0-4828-b3d8-0f2f45ac103c
2025-11-11 21:43:56.136 [34mINFO [0;39m [7b0037f4-31ae-41ae-8587-c24fdd1a5eb9] [http-nio-8081-exec-10] c.b.config.logging.HttpLoggingFilter - GET /store/cart -> 200 (5 ms)
2025-11-11 21:43:56.137 [34mINFO [0;39m [7b0037f4-31ae-41ae-8587-c24fdd1a5eb9] [http-nio-8081-exec-10] c.b.config.logging.HttpLoggingFilter - Headers: auth=present content-type=null accept=application/json, text/plain, */*
2025-11-11 21:43:56.137 [34mINFO [0;39m [7b0037f4-31ae-41ae-8587-c24fdd1a5eb9] [http-nio-8081-exec-10] c.b.config.logging.HttpLoggingFilter - Response payload: [{"id":"76c5bd0a-9eb1-4802-ab1e-d49689088179__v:standard__a:","name":"Paracetamol","price":35.0,"quantity":1,"requiresPrescription":true},{"id":"76c5bd0a-9eb1-4802-ab1e-d49689088179__v:standard__a:","name":"Paracetamol","price":35.0,"quantity":2,"requiresPrescription":true},{"id":"76c5bd0a-9eb1-4802-ab1e-d49689088179__v:standard__a:","name":"Paracetamol","price":35.0,"quantity":3,"requiresPrescription":true},{"id":"76c5bd0a-9eb1-4802-ab1e-d49689088179__v:standard__a:","name":"Paracetamol","price":35.0,"quantity":4,"requiresPrescription":true},{"id":"76c5bd0a-9eb1-4802-ab1e-d49689088179__v:standard__a:","name":"Paracetamol","price":35.0,"quantity":5,"requiresPrescription":true},{"id":"76c5bd0a-9eb1-4802-ab1e-d49689088179__v:standard__a:","name":"Paracetamol","price":35.0,"quantity":6,"requiresPrescription":true},{"id":"76c5bd0a-9eb1-4802-ab1e-d49689088179__v:standard__a:","name":"Paracetamol","price":35.0,"quantity":7,"requiresPrescription":true},{"id":"76c5bd0a-9eb1-4802-ab1e-d49689088179__v:standard__a:","name":"Paracetamol","price":35.0,"quantity":8,"requiresPrescription":true}]
2025-11-11 21:43:56.139 [34mINFO [0;39m [1988eb46-27be-4ec1-8daa-ab82a60fbba4] [http-nio-8081-exec-1] com.bharatshop.web.AuthController - Profile requested: tokenPresent=true 
2025-11-11 21:43:56.142 [34mINFO [0;39m [1988eb46-27be-4ec1-8daa-ab82a60fbba4] [http-nio-8081-exec-1] com.bharatshop.web.AuthController - Profile success: userId=6d372406-8da0-4828-b3d8-0f2f45ac103c
2025-11-11 21:43:56.143 [34mINFO [0;39m [1988eb46-27be-4ec1-8daa-ab82a60fbba4] [http-nio-8081-exec-1] c.b.config.logging.HttpLoggingFilter - GET /api/storefront/auth/profile -> 200 (5 ms)
2025-11-11 21:43:56.144 [34mINFO [0;39m [1988eb46-27be-4ec1-8daa-ab82a60fbba4] [http-nio-8081-exec-1] c.b.config.logging.HttpLoggingFilter - Headers: auth=present content-type=null accept=application/json, text/plain, */*
2025-11-11 21:43:56.145 [34mINFO [0;39m [1988eb46-27be-4ec1-8daa-ab82a60fbba4] [http-nio-8081-exec-1] c.b.config.logging.HttpLoggingFilter - Response payload: {"id":"6d372406-8da0-4828-b3d8-0f2f45ac103c","name":"User0178","phone":"+917355460178","role":"USER"}
2025-11-11 21:43:56.147 [34mINFO [0;39m [0166dd7f-9ff8-4e2a-8979-1294771420b9] [http-nio-8081-exec-9] com.bharatshop.web.CartController - Get cart: userId=6d372406-8da0-4828-b3d8-0f2f45ac103c
2025-11-11 21:43:56.150 [34mINFO [0;39m [0166dd7f-9ff8-4e2a-8979-1294771420b9] [http-nio-8081-exec-9] c.b.config.logging.HttpLoggingFilter - GET /store/cart -> 200 (4 ms)
2025-11-11 21:43:56.152 [34mINFO [0;39m [0166dd7f-9ff8-4e2a-8979-1294771420b9] [http-nio-8081-exec-9] c.b.config.logging.HttpLoggingFilter - Headers: auth=present content-type=null accept=application/json, text/plain, */*
2025-11-11 21:43:56.154 [34mINFO [0;39m [0166dd7f-9ff8-4e2a-8979-1294771420b9] [http-nio-8081-exec-9] c.b.config.logging.HttpLoggingFilter - Response payload: [{"id":"76c5bd0a-9eb1-4802-ab1e-d49689088179__v:standard__a:","name":"Paracetamol","price":35.0,"quantity":1,"requiresPrescription":true},{"id":"76c5bd0a-9eb1-4802-ab1e-d49689088179__v:standard__a:","name":"Paracetamol","price":35.0,"quantity":2,"requiresPrescription":true},{"id":"76c5bd0a-9eb1-4802-ab1e-d49689088179__v:standard__a:","name":"Paracetamol","price":35.0,"quantity":3,"requiresPrescription":true},{"id":"76c5bd0a-9eb1-4802-ab1e-d49689088179__v:standard__a:","name":"Paracetamol","price":35.0,"quantity":4,"requiresPrescription":true},{"id":"76c5bd0a-9eb1-4802-ab1e-d49689088179__v:standard__a:","name":"Paracetamol","price":35.0,"quantity":5,"requiresPrescription":true},{"id":"76c5bd0a-9eb1-4802-ab1e-d49689088179__v:standard__a:","name":"Paracetamol","price":35.0,"quantity":6,"requiresPrescription":true},{"id":"76c5bd0a-9eb1-4802-ab1e-d49689088179__v:standard__a:","name":"Paracetamol","price":35.0,"quantity":7,"requiresPrescription":true},{"id":"76c5bd0a-9eb1-4802-ab1e-d49689088179__v:standard__a:","name":"Paracetamol","price":35.0,"quantity":8,"requiresPrescription":true}]
2025-11-11 21:43:56.160 [34mINFO [0;39m [85162e97-5f07-47a2-baf0-281fc4eefe24] [http-nio-8081-exec-2] com.bharatshop.web.AuthController - Profile requested: tokenPresent=true 
2025-11-11 21:43:56.164 [34mINFO [0;39m [85162e97-5f07-47a2-baf0-281fc4eefe24] [http-nio-8081-exec-2] com.bharatshop.web.AuthController - Profile success: userId=6d372406-8da0-4828-b3d8-0f2f45ac103c
2025-11-11 21:43:56.165 [34mINFO [0;39m [85162e97-5f07-47a2-baf0-281fc4eefe24] [http-nio-8081-exec-2] c.b.config.logging.HttpLoggingFilter - GET /api/storefront/auth/profile -> 200 (7 ms)
2025-11-11 21:43:56.165 [34mINFO [0;39m [85162e97-5f07-47a2-baf0-281fc4eefe24] [http-nio-8081-exec-2] c.b.config.logging.HttpLoggingFilter - Headers: auth=present content-type=null accept=application/json, text/plain, */*
2025-11-11 21:43:56.165 [34mINFO [0;39m [85162e97-5f07-47a2-baf0-281fc4eefe24] [http-nio-8081-exec-2] c.b.config.logging.HttpLoggingFilter - Response payload: {"id":"6d372406-8da0-4828-b3d8-0f2f45ac103c","name":"User0178","phone":"+917355460178","role":"USER"}
2025-11-11 21:43:56.662 [34mINFO [0;39m [d74ce530-7867-4ac7-919f-0be7bcff8c23] [http-nio-8081-exec-5] c.b.web.StoreDiscoveryController - Discover stores: tenant=demo-store search=null category=Hospitality
2025-11-11 21:43:56.665 [34mINFO [0;39m [d74ce530-7867-4ac7-919f-0be7bcff8c23] [http-nio-8081-exec-5] c.b.config.logging.HttpLoggingFilter - GET /api/stores?category=Hospitality&city=Noida -> 200 (4 ms)
2025-11-11 21:43:56.665 [34mINFO [0;39m [d74ce530-7867-4ac7-919f-0be7bcff8c23] [http-nio-8081-exec-5] c.b.config.logging.HttpLoggingFilter - Headers: auth=present content-type=null accept=application/json, text/plain, */*
2025-11-11 21:43:56.665 [34mINFO [0;39m [d74ce530-7867-4ac7-919f-0be7bcff8c23] [http-nio-8081-exec-5] c.b.config.logging.HttpLoggingFilter - Response payload: [{"id":"99ec8214-55fc-479f-a463-de62794fe86c","name":"Sunrise Hotel","area":"Beach","category":"hospitality","status":"open","orderingDisabled":false,"updatedAt":"2025-11-11T15:36:23.293036Z"}]
2025-11-11 21:43:58.327 [34mINFO [0;39m [a2dbe324-fea2-403a-b267-6bb82aada746] [http-nio-8081-exec-3] c.b.web.StoreDiscoveryController - Get store: tenant=demo-store id=99ec8214-55fc-479f-a463-de62794fe86c
2025-11-11 21:43:58.327 [34mINFO [0;39m [a93737ef-aa8d-40cb-8287-7aeb4672079e] [http-nio-8081-exec-4] c.b.web.StoreDiscoveryController - Products by store: tenant=demo-store storeId=99ec8214-55fc-479f-a463-de62794fe86c
2025-11-11 21:43:58.328 [34mINFO [0;39m [a2dbe324-fea2-403a-b267-6bb82aada746] [http-nio-8081-exec-3] c.b.web.StoreDiscoveryController - Get store success: id=99ec8214-55fc-479f-a463-de62794fe86c name=Sunrise Hotel 
2025-11-11 21:43:58.329 [34mINFO [0;39m [a93737ef-aa8d-40cb-8287-7aeb4672079e] [http-nio-8081-exec-4] c.b.config.logging.HttpLoggingFilter - GET /api/products?storeId=99ec8214-55fc-479f-a463-de62794fe86c -> 200 (2 ms)
2025-11-11 21:43:58.329 [34mINFO [0;39m [a2dbe324-fea2-403a-b267-6bb82aada746] [http-nio-8081-exec-3] c.b.config.logging.HttpLoggingFilter - GET /api/stores/99ec8214-55fc-479f-a463-de62794fe86c -> 200 (2 ms)
2025-11-11 21:43:58.329 [34mINFO [0;39m [a93737ef-aa8d-40cb-8287-7aeb4672079e] [http-nio-8081-exec-4] c.b.config.logging.HttpLoggingFilter - Headers: auth=present content-type=null accept=application/json, text/plain, */*
2025-11-11 21:43:58.329 [34mINFO [0;39m [a2dbe324-fea2-403a-b267-6bb82aada746] [http-nio-8081-exec-3] c.b.config.logging.HttpLoggingFilter - Headers: auth=present content-type=null accept=application/json, text/plain, */*
2025-11-11 21:43:58.330 [34mINFO [0;39m [a93737ef-aa8d-40cb-8287-7aeb4672079e] [http-nio-8081-exec-4] c.b.config.logging.HttpLoggingFilter - Response payload: [{"id":"41cb11c3-f8a6-47d5-97a1-e3aa662a24c4","name":"Room Deluxe","price":2500.0,"category":"room","storeId":"99ec8214-55fc-479f-a463-de62794fe86c","active":true}]
2025-11-11 21:43:58.330 [34mINFO [0;39m [a2dbe324-fea2-403a-b267-6bb82aada746] [http-nio-8081-exec-3] c.b.config.logging.HttpLoggingFilter - Response payload: {"id":"99ec8214-55fc-479f-a463-de62794fe86c","name":"Sunrise Hotel","area":"Beach","category":"hospitality","status":"open","orderingDisabled":false,"updatedAt":"2025-11-11T15:36:23.293036Z"}
2025-11-11 21:44:05.383 [34mINFO [0;39m [d813ea81-90eb-43ab-9571-d6e5861adc2f] [http-nio-8081-exec-6] c.b.web.AvailabilityController - Check availability: tenant=demo-store storeId=99ec8214-55fc-479f-a463-de62794fe86c roomId=41cb11c3-f8a6-47d5-97a1-e3aa662a24c4 checkIn=2025-11-11 checkOut=2025-11-12 guests=2
2025-11-11 21:44:05.383 [34mINFO [0;39m [d813ea81-90eb-43ab-9571-d6e5861adc2f] [http-nio-8081-exec-6] c.b.web.AvailabilityController - Availability result: available=true nights=1 total=1250
2025-11-11 21:44:05.384 [34mINFO [0;39m [d813ea81-90eb-43ab-9571-d6e5861adc2f] [http-nio-8081-exec-6] c.b.config.logging.HttpLoggingFilter - GET /api/availability?storeId=99ec8214-55fc-479f-a463-de62794fe86c&roomId=41cb11c3-f8a6-47d5-97a1-e3aa662a24c4&checkIn=2025-11-11&checkOut=2025-11-12&guests=2 -> 200 (2 ms)
2025-11-11 21:44:05.384 [34mINFO [0;39m [d813ea81-90eb-43ab-9571-d6e5861adc2f] [http-nio-8081-exec-6] c.b.config.logging.HttpLoggingFilter - Headers: auth=present content-type=null accept=application/json, text/plain, */*
2025-11-11 21:44:05.385 [34mINFO [0;39m [d813ea81-90eb-43ab-9571-d6e5861adc2f] [http-nio-8081-exec-6] c.b.config.logging.HttpLoggingFilter - Response payload: {"available":true,"nights":1,"base":1000,"surchargeRate":0.1,"subtotal":1100,"taxes":100,"fees":50,"total":1250}
2025-11-11 21:44:16.281 [34mINFO [0;39m [eb094d49-0591-4159-9d5f-d916303711e6] [http-nio-8081-exec-7] c.b.web.AvailabilityController - Check availability: tenant=demo-store storeId=99ec8214-55fc-479f-a463-de62794fe86c roomId=41cb11c3-f8a6-47d5-97a1-e3aa662a24c4 checkIn=2025-11-11 checkOut=2025-11-12 guests=1
2025-11-11 21:44:16.281 [34mINFO [0;39m [eb094d49-0591-4159-9d5f-d916303711e6] [http-nio-8081-exec-7] c.b.web.AvailabilityController - Availability result: available=true nights=1 total=1250
2025-11-11 21:44:16.282 [34mINFO [0;39m [eb094d49-0591-4159-9d5f-d916303711e6] [http-nio-8081-exec-7] c.b.config.logging.HttpLoggingFilter - GET /api/availability?storeId=99ec8214-55fc-479f-a463-de62794fe86c&roomId=41cb11c3-f8a6-47d5-97a1-e3aa662a24c4&checkIn=2025-11-11&checkOut=2025-11-12&guests=1&roomsGuests%5B%5D=1 -> 200 (1 ms)
2025-11-11 21:44:16.282 [34mINFO [0;39m [eb094d49-0591-4159-9d5f-d916303711e6] [http-nio-8081-exec-7] c.b.config.logging.HttpLoggingFilter - Headers: auth=present content-type=null accept=application/json, text/plain, */*
2025-11-11 21:44:16.282 [34mINFO [0;39m [eb094d49-0591-4159-9d5f-d916303711e6] [http-nio-8081-exec-7] c.b.config.logging.HttpLoggingFilter - Response payload: {"available":true,"nights":1,"base":1000,"surchargeRate":0.1,"subtotal":1100,"taxes":100,"fees":50,"total":1250}
2025-11-11 21:44:30.576 [31mWARN [0;39m [7d58f407-eb8e-41fb-b289-4a6847d07c73] [http-nio-8081-exec-8] c.b.config.GlobalExceptionHandler - Validation error: must not be null
2025-11-11 21:44:30.577 [34mINFO [0;39m [7d58f407-eb8e-41fb-b289-4a6847d07c73] [http-nio-8081-exec-8] c.b.config.logging.HttpLoggingFilter - POST /api/storefront/checkout -> 400 (3 ms)
2025-11-11 21:44:30.577 [34mINFO [0;39m [7d58f407-eb8e-41fb-b289-4a6847d07c73] [http-nio-8081-exec-8] c.b.config.logging.HttpLoggingFilter - Headers: auth=present content-type=application/json accept=application/json, text/plain, */*
2025-11-11 21:44:30.577 [34mINFO [0;39m [7d58f407-eb8e-41fb-b289-4a6847d07c73] [http-nio-8081-exec-8] c.b.config.logging.HttpLoggingFilter - Request payload: {"type":"room_booking","store":{"id":"99ec8214-55fc-479f-a463-de62794fe86c","name":"Sunrise Hotel"},"room":{"id":"41cb11c3-f8a6-47d5-97a1-e3aa662a24c4","name":"Room Deluxe","price":2500},"booking":{"checkIn":"2025-11-11","checkOut":"2025-11-12","guests":1,"nights":1,"rooms":1,"perRoomMax":3,"extraMattressAllowed":false,"extraMattressCount":0,"mattressFeePerNight":0,"roomsGuests":[1]},"guest":{"name":"Adarsh","phone":"+917355460178"},"notes":"","totals":{"perNight":1000,"nights":1,"subtotal":1100,"taxes":110,"fees":55,"payable":1265}}
2025-11-11 21:44:30.577 [34mINFO [0;39m [7d58f407-eb8e-41fb-b289-4a6847d07c73] [http-nio-8081-exec-8] c.b.config.logging.HttpLoggingFilter - Response payload: {"message":"must not be null"}
2025-11-11 21:44:30.637 [34mINFO [0;39m [4a17da5d-6f02-4ed4-ab82-fe84bf75765c] [http-nio-8081-exec-10] com.bharatshop.web.OrdersController - List bookings: tenant=demo-store userId=6d372406-8da0-4828-b3d8-0f2f45ac103c
2025-11-11 21:44:30.666 [34mINFO [0;39m [4a17da5d-6f02-4ed4-ab82-fe84bf75765c] [http-nio-8081-exec-10] c.b.config.logging.HttpLoggingFilter - GET /api/storefront/bookings -> 200 (30 ms)
2025-11-11 21:44:30.666 [34mINFO [0;39m [4a17da5d-6f02-4ed4-ab82-fe84bf75765c] [http-nio-8081-exec-10] c.b.config.logging.HttpLoggingFilter - Headers: auth=present content-type=null accept=application/json, text/plain, */*
2025-11-11 21:44:30.667 [34mINFO [0;39m [4a17da5d-6f02-4ed4-ab82-fe84bf75765c] [http-nio-8081-exec-10] c.b.config.logging.HttpLoggingFilter - Response payload: []
2025-11-11 21:44:30.680 [34mINFO [0;39m [6ada9443-4617-450d-a342-6984308265ab] [http-nio-8081-exec-1] com.bharatshop.web.OrdersController - List bookings: tenant=demo-store userId=6d372406-8da0-4828-b3d8-0f2f45ac103c
2025-11-11 21:44:30.690 [34mINFO [0;39m [6ada9443-4617-450d-a342-6984308265ab] [http-nio-8081-exec-1] c.b.config.logging.HttpLoggingFilter - GET /api/storefront/bookings -> 200 (12 ms)
2025-11-11 21:44:30.691 [34mINFO [0;39m [6ada9443-4617-450d-a342-6984308265ab] [http-nio-8081-exec-1] c.b.config.logging.HttpLoggingFilter - Headers: auth=present content-type=null accept=application/json, text/plain, */*
2025-11-11 21:44:30.691 [34mINFO [0;39m [6ada9443-4617-450d-a342-6984308265ab] [http-nio-8081-exec-1] c.b.config.logging.HttpLoggingFilter - Response payload: []
2025-11-11 21:49:11.380 [34mINFO [0;39m [15cafdb1-866a-45c1-8eec-727817f9dccc] [http-nio-8081-exec-9] com.bharatshop.web.CartController - Remove cart item: userId=6d372406-8da0-4828-b3d8-0f2f45ac103c id=76c5bd0a-9eb1-4802-ab1e-d49689088179__v:standard__a:
2025-11-11 21:49:11.383 [34mINFO [0;39m [15cafdb1-866a-45c1-8eec-727817f9dccc] [http-nio-8081-exec-9] c.b.config.logging.HttpLoggingFilter - DELETE /store/cart/76c5bd0a-9eb1-4802-ab1e-d49689088179__v:standard__a: -> 200 (5 ms)
2025-11-11 21:49:11.383 [34mINFO [0;39m [15cafdb1-866a-45c1-8eec-727817f9dccc] [http-nio-8081-exec-9] c.b.config.logging.HttpLoggingFilter - Headers: auth=present content-type=null accept=application/json, text/plain, */*
2025-11-11 21:49:11.383 [34mINFO [0;39m [15cafdb1-866a-45c1-8eec-727817f9dccc] [http-nio-8081-exec-9] c.b.config.logging.HttpLoggingFilter - Response payload: []
2025-11-11 21:49:12.958 [34mINFO [0;39m [9fb7189d-c817-4563-ae51-07db52322220] [http-nio-8081-exec-2] com.bharatshop.web.CartController - Remove cart item: userId=6d372406-8da0-4828-b3d8-0f2f45ac103c id=76c5bd0a-9eb1-4802-ab1e-d49689088179__v:standard__a:
2025-11-11 21:49:12.958 [34mINFO [0;39m [9fb7189d-c817-4563-ae51-07db52322220] [http-nio-8081-exec-2] c.b.config.logging.HttpLoggingFilter - DELETE /store/cart/76c5bd0a-9eb1-4802-ab1e-d49689088179__v:standard__a: -> 200 (2 ms)
2025-11-11 21:49:12.959 [34mINFO [0;39m [9fb7189d-c817-4563-ae51-07db52322220] [http-nio-8081-exec-2] c.b.config.logging.HttpLoggingFilter - Headers: auth=present content-type=null accept=application/json, text/plain, */*
2025-11-11 21:49:12.959 [34mINFO [0;39m [9fb7189d-c817-4563-ae51-07db52322220] [http-nio-8081-exec-2] c.b.config.logging.HttpLoggingFilter - Response payload: []
2025-11-11 21:49:14.433 [34mINFO [0;39m [42f6b50c-3856-43f3-87ec-6087f4e6e94d] [http-nio-8081-exec-5] com.bharatshop.web.CartController - Remove cart item: userId=6d372406-8da0-4828-b3d8-0f2f45ac103c id=76c5bd0a-9eb1-4802-ab1e-d49689088179__v:standard__a:
2025-11-11 21:49:14.433 [34mINFO [0;39m [42f6b50c-3856-43f3-87ec-6087f4e6e94d] [http-nio-8081-exec-5] c.b.config.logging.HttpLoggingFilter - DELETE /store/cart/76c5bd0a-9eb1-4802-ab1e-d49689088179__v:standard__a: -> 200 (1 ms)
2025-11-11 21:49:14.433 [34mINFO [0;39m [42f6b50c-3856-43f3-87ec-6087f4e6e94d] [http-nio-8081-exec-5] c.b.config.logging.HttpLoggingFilter - Headers: auth=present content-type=null accept=application/json, text/plain, */*
2025-11-11 21:49:14.435 [34mINFO [0;39m [42f6b50c-3856-43f3-87ec-6087f4e6e94d] [http-nio-8081-exec-5] c.b.config.logging.HttpLoggingFilter - Response payload: []
2025-11-11 21:49:23.042 [34mINFO [0;39m [b1cbcb3f-391d-4d0d-9bde-3a1e3b82ec6a] [http-nio-8081-exec-4] com.bharatshop.web.AuthController - Profile requested: tokenPresent=true 
2025-11-11 21:49:23.042 [34mINFO [0;39m [bde7242a-27b8-478e-865b-468bf9e90e91] [http-nio-8081-exec-3] com.bharatshop.web.CartController - Get cart: userId=6d372406-8da0-4828-b3d8-0f2f45ac103c
2025-11-11 21:49:23.043 [34mINFO [0;39m [bde7242a-27b8-478e-865b-468bf9e90e91] [http-nio-8081-exec-3] c.b.config.logging.HttpLoggingFilter - GET /store/cart -> 200 (1 ms)
2025-11-11 21:49:23.043 [34mINFO [0;39m [bde7242a-27b8-478e-865b-468bf9e90e91] [http-nio-8081-exec-3] c.b.config.logging.HttpLoggingFilter - Headers: auth=present content-type=null accept=application/json, text/plain, */*
2025-11-11 21:49:23.043 [34mINFO [0;39m [bde7242a-27b8-478e-865b-468bf9e90e91] [http-nio-8081-exec-3] c.b.config.logging.HttpLoggingFilter - Response payload: []
2025-11-11 21:49:23.044 [34mINFO [0;39m [b1cbcb3f-391d-4d0d-9bde-3a1e3b82ec6a] [http-nio-8081-exec-4] com.bharatshop.web.AuthController - Profile success: userId=6d372406-8da0-4828-b3d8-0f2f45ac103c
2025-11-11 21:49:23.045 [34mINFO [0;39m [b1cbcb3f-391d-4d0d-9bde-3a1e3b82ec6a] [http-nio-8081-exec-4] c.b.config.logging.HttpLoggingFilter - GET /api/storefront/auth/profile -> 200 (3 ms)
2025-11-11 21:49:23.045 [34mINFO [0;39m [b1cbcb3f-391d-4d0d-9bde-3a1e3b82ec6a] [http-nio-8081-exec-4] c.b.config.logging.HttpLoggingFilter - Headers: auth=present content-type=null accept=application/json, text/plain, */*
2025-11-11 21:49:23.045 [34mINFO [0;39m [b1cbcb3f-391d-4d0d-9bde-3a1e3b82ec6a] [http-nio-8081-exec-4] c.b.config.logging.HttpLoggingFilter - Response payload: {"id":"6d372406-8da0-4828-b3d8-0f2f45ac103c","name":"User0178","phone":"+917355460178","role":"USER"}
2025-11-11 21:49:23.052 [34mINFO [0;39m [74efbe98-593b-43c3-acb8-00763a834262] [http-nio-8081-exec-7] com.bharatshop.web.AuthController - Profile requested: tokenPresent=true 
2025-11-11 21:49:23.052 [34mINFO [0;39m [4af528a0-4d2e-419a-a5db-31c8d8c6b0e2] [http-nio-8081-exec-6] com.bharatshop.web.CartController - Get cart: userId=6d372406-8da0-4828-b3d8-0f2f45ac103c
2025-11-11 21:49:23.054 [34mINFO [0;39m [4af528a0-4d2e-419a-a5db-31c8d8c6b0e2] [http-nio-8081-exec-6] c.b.config.logging.HttpLoggingFilter - GET /store/cart -> 200 (2 ms)
2025-11-11 21:49:23.054 [34mINFO [0;39m [4af528a0-4d2e-419a-a5db-31c8d8c6b0e2] [http-nio-8081-exec-6] c.b.config.logging.HttpLoggingFilter - Headers: auth=present content-type=null accept=application/json, text/plain, */*
2025-11-11 21:49:23.054 [34mINFO [0;39m [4af528a0-4d2e-419a-a5db-31c8d8c6b0e2] [http-nio-8081-exec-6] c.b.config.logging.HttpLoggingFilter - Response payload: []
2025-11-11 21:49:23.055 [34mINFO [0;39m [74efbe98-593b-43c3-acb8-00763a834262] [http-nio-8081-exec-7] com.bharatshop.web.AuthController - Profile success: userId=6d372406-8da0-4828-b3d8-0f2f45ac103c
2025-11-11 21:49:23.058 [34mINFO [0;39m [74efbe98-593b-43c3-acb8-00763a834262] [http-nio-8081-exec-7] c.b.config.logging.HttpLoggingFilter - GET /api/storefront/auth/profile -> 200 (6 ms)
2025-11-11 21:49:23.059 [34mINFO [0;39m [74efbe98-593b-43c3-acb8-00763a834262] [http-nio-8081-exec-7] c.b.config.logging.HttpLoggingFilter - Headers: auth=present content-type=null accept=application/json, text/plain, */*
2025-11-11 21:49:23.059 [34mINFO [0;39m [74efbe98-593b-43c3-acb8-00763a834262] [http-nio-8081-exec-7] c.b.config.logging.HttpLoggingFilter - Response payload: {"id":"6d372406-8da0-4828-b3d8-0f2f45ac103c","name":"User0178","phone":"+917355460178","role":"USER"}
2025-11-11 22:27:44.516 [34mINFO [0;39m [] [main] c.bharatshop.BharatshopApplication - Starting BharatshopApplication using Java 17.0.12 with PID 5216 (C:\Users\Adarsh\Downloads\bharatshop-backend\target\classes started by Adarsh in C:\Users\Adarsh\Downloads\bharatshop-backend)
2025-11-11 22:27:44.519 [39mDEBUG[0;39m [] [main] c.bharatshop.BharatshopApplication - Running with Spring Boot v3.3.4, Spring v6.1.13
2025-11-11 22:27:44.519 [34mINFO [0;39m [] [main] c.bharatshop.BharatshopApplication - No active profile set, falling back to 1 default profile: "default"
2025-11-11 22:27:45.659 [34mINFO [0;39m [] [main] o.s.d.r.c.RepositoryConfigurationDelegate - Bootstrapping Spring Data JPA repositories in DEFAULT mode.
2025-11-11 22:27:45.750 [34mINFO [0;39m [] [main] o.s.d.r.c.RepositoryConfigurationDelegate - Finished Spring Data repository scanning in 82 ms. Found 5 JPA repository interfaces.
2025-11-11 22:27:46.742 [34mINFO [0;39m [] [main] o.s.b.w.e.tomcat.TomcatWebServer - Tomcat initialized with port 8081 (http)
2025-11-11 22:27:46.758 [34mINFO [0;39m [] [main] o.a.coyote.http11.Http11NioProtocol - Initializing ProtocolHandler ["http-nio-8081"]
2025-11-11 22:27:46.764 [34mINFO [0;39m [] [main] o.a.catalina.core.StandardService - Starting service [Tomcat]
2025-11-11 22:27:46.765 [34mINFO [0;39m [] [main] o.a.catalina.core.StandardEngine - Starting Servlet engine: [Apache Tomcat/10.1.30]
2025-11-11 22:27:46.929 [34mINFO [0;39m [] [main] o.a.c.c.C.[Tomcat].[localhost].[/] - Initializing Spring embedded WebApplicationContext
2025-11-11 22:27:46.930 [34mINFO [0;39m [] [main] o.s.b.w.s.c.ServletWebServerApplicationContext - Root WebApplicationContext: initialization completed in 2364 ms
2025-11-11 22:27:47.256 [34mINFO [0;39m [] [main] com.zaxxer.hikari.HikariDataSource - HikariPool-1 - Starting...
2025-11-11 22:27:47.495 [34mINFO [0;39m [] [main] com.zaxxer.hikari.pool.HikariPool - HikariPool-1 - Added connection conn0: url=jdbc:h2:mem:bharatshop user=SA
2025-11-11 22:27:47.497 [34mINFO [0;39m [] [main] com.zaxxer.hikari.HikariDataSource - HikariPool-1 - Start completed.
2025-11-11 22:27:47.506 [34mINFO [0;39m [] [main] o.s.b.a.h.H2ConsoleAutoConfiguration - H2 console available at '/h2-console'. Database available at 'jdbc:h2:mem:bharatshop'
2025-11-11 22:27:48.212 [34mINFO [0;39m [] [main] o.s.o.j.p.SpringPersistenceUnitInfo - No LoadTimeWeaver setup: ignoring JPA class transformer
2025-11-11 22:27:49.632 [34mINFO [0;39m [] [main] o.s.o.j.LocalContainerEntityManagerFactoryBean - Initialized JPA EntityManagerFactory for persistence unit 'default'
2025-11-11 22:27:49.989 [34mINFO [0;39m [] [main] c.b.config.NotificationConfig - SMS provider: Twilio
2025-11-11 22:27:50.222 [34mINFO [0;39m [] [main] c.b.config.NotificationConfig - Email provider: SMTP
2025-11-11 22:27:50.282 [39mDEBUG[0;39m [] [main] c.b.c.logging.CorrelationIdFilter - Filter 'correlationIdFilter' configured for use
2025-11-11 22:27:50.283 [39mDEBUG[0;39m [] [main] c.b.config.logging.HttpLoggingFilter - Filter 'httpLoggingFilter' configured for use
2025-11-11 22:27:50.284 [39mDEBUG[0;39m [] [main] com.bharatshop.config.TenantFilter - Filter 'tenantFilter' configured for use
2025-11-11 22:27:50.284 [39mDEBUG[0;39m [] [main] c.b.security.TokenAuthFilter - Filter 'tokenAuthFilter' configured for use
2025-11-11 22:27:50.286 [39mDEBUG[0;39m [] [main] c.b.config.IdempotencyFilter - Filter 'idempotencyFilter' configured for use
2025-11-11 22:27:50.623 [31mWARN [0;39m [] [main] o.s.b.a.o.j.JpaBaseConfiguration$JpaWebConfiguration - spring.jpa.open-in-view is enabled by default. Therefore, database queries may be performed during view rendering. Explicitly configure spring.jpa.open-in-view to disable this warning
2025-11-11 22:27:50.656 [31mWARN [0;39m [] [main] o.s.b.a.s.s.UserDetailsServiceAutoConfiguration - 

Using generated security password: 0177cb40-5c56-4917-ae04-2f8064407407

This generated password is for development use only. Your security configuration must be updated before running your application in production.

2025-11-11 22:27:50.666 [34mINFO [0;39m [] [main] o.s.s.c.a.a.c.InitializeUserDetailsBeanManagerConfigurer$InitializeUserDetailsManagerConfigurer - Global AuthenticationManager configured with UserDetailsService bean with name inMemoryUserDetailsManager
2025-11-11 22:27:51.085 [34mINFO [0;39m [] [main] o.s.b.a.e.web.EndpointLinksResolver - Exposing 4 endpoints beneath base path '/actuator'
2025-11-11 22:27:51.522 [34mINFO [0;39m [] [main] o.a.coyote.http11.Http11NioProtocol - Starting ProtocolHandler ["http-nio-8081"]
2025-11-11 22:27:51.537 [34mINFO [0;39m [] [main] o.s.b.w.e.tomcat.TomcatWebServer - Tomcat started on port 8081 (http) with context path '/'
2025-11-11 22:27:51.552 [34mINFO [0;39m [] [main] c.bharatshop.BharatshopApplication - Started BharatshopApplication in 7.641 seconds (process running for 8.064)
2025-11-11 22:28:18.717 [34mINFO [0;39m [] [http-nio-8081-exec-2] o.a.c.c.C.[Tomcat].[localhost].[/] - Initializing Spring DispatcherServlet 'dispatcherServlet'
2025-11-11 22:28:18.718 [34mINFO [0;39m [] [http-nio-8081-exec-2] o.s.web.servlet.DispatcherServlet - Initializing Servlet 'dispatcherServlet'
2025-11-11 22:28:18.719 [34mINFO [0;39m [] [http-nio-8081-exec-2] o.s.web.servlet.DispatcherServlet - Completed initialization in 1 ms
2025-11-11 22:28:18.810 [34mINFO [0;39m [c9371284-171f-4221-b3e8-49d1224171f2] [http-nio-8081-exec-1] c.b.config.logging.HttpLoggingFilter - GET /?ide_webview_request_time=1762875389591 -> 404 (17 ms)
2025-11-11 22:28:18.810 [34mINFO [0;39m [46ca7358-8525-46b6-92b0-c107a18a473f] [http-nio-8081-exec-2] c.b.config.logging.HttpLoggingFilter - GET /?ide_webview_request_time=1762875389591 -> 404 (17 ms)
2025-11-11 22:28:18.811 [34mINFO [0;39m [c9371284-171f-4221-b3e8-49d1224171f2] [http-nio-8081-exec-1] c.b.config.logging.HttpLoggingFilter - Headers: auth=absent content-type=null accept=text/html,application/xhtml+xml,application/xml;q=0.9,image/avif,image/webp,image/apng,*/*;q=0.8,application/signed-exchange;v=b3;q=0.7
2025-11-11 22:28:18.811 [34mINFO [0;39m [46ca7358-8525-46b6-92b0-c107a18a473f] [http-nio-8081-exec-2] c.b.config.logging.HttpLoggingFilter - Headers: auth=absent content-type=null accept=text/html,application/xhtml+xml,application/xml;q=0.9,image/avif,image/webp,image/apng,*/*;q=0.8,application/signed-exchange;v=b3;q=0.7
2025-11-11 22:28:19.123 [34mINFO [0;39m [6f5e85e0-037c-48dc-8e77-06cfff15df78] [http-nio-8081-exec-3] c.b.config.logging.HttpLoggingFilter - GET /@vite/client -> 404 (4 ms)
2025-11-11 22:28:19.123 [34mINFO [0;39m [6f5e85e0-037c-48dc-8e77-06cfff15df78] [http-nio-8081-exec-3] c.b.config.logging.HttpLoggingFilter - Headers: auth=absent content-type=null accept=*/*
2025-11-11 22:48:28.627 [34mINFO [0;39m [fc1d71cd-b64a-4e8f-a1ba-5d6f9bdc0856] [http-nio-8081-exec-5] c.b.web.StoreDiscoveryController - Discover stores: tenant=demo-store search=null category=Hospitality
2025-11-11 22:48:28.802 [34mINFO [0;39m [fc1d71cd-b64a-4e8f-a1ba-5d6f9bdc0856] [http-nio-8081-exec-5] c.b.config.logging.HttpLoggingFilter - GET /api/stores?category=Hospitality&city=Noida -> 200 (213 ms)
2025-11-11 22:48:28.802 [34mINFO [0;39m [fc1d71cd-b64a-4e8f-a1ba-5d6f9bdc0856] [http-nio-8081-exec-5] c.b.config.logging.HttpLoggingFilter - Headers: auth=present content-type=null accept=application/json, text/plain, */*
2025-11-11 22:48:28.802 [34mINFO [0;39m [fc1d71cd-b64a-4e8f-a1ba-5d6f9bdc0856] [http-nio-8081-exec-5] c.b.config.logging.HttpLoggingFilter - Response payload: [{"id":"2a31523c-c615-4e95-a5f3-2b1bcaf71a63","name":"Sunrise Hotel","area":"Beach","category":"hospitality","status":"open","orderingDisabled":false,"updatedAt":"2025-11-11T16:57:51.700970Z"}]
2025-11-11 22:48:30.706 [34mINFO [0;39m [48da44bb-1df7-4411-8b39-12e44bd9b82b] [http-nio-8081-exec-6] c.b.web.StoreDiscoveryController - Get store: tenant=demo-store id=2a31523c-c615-4e95-a5f3-2b1bcaf71a63
2025-11-11 22:48:30.706 [34mINFO [0;39m [54f4027b-519f-4922-8dae-27128d8e37d2] [http-nio-8081-exec-7] c.b.web.StoreDiscoveryController - Products by store: tenant=demo-store storeId=2a31523c-c615-4e95-a5f3-2b1bcaf71a63
2025-11-11 22:48:30.719 [34mINFO [0;39m [48da44bb-1df7-4411-8b39-12e44bd9b82b] [http-nio-8081-exec-6] c.b.web.StoreDiscoveryController - Get store success: id=2a31523c-c615-4e95-a5f3-2b1bcaf71a63 name=Sunrise Hotel 
2025-11-11 22:48:30.721 [34mINFO [0;39m [54f4027b-519f-4922-8dae-27128d8e37d2] [http-nio-8081-exec-7] c.b.config.logging.HttpLoggingFilter - GET /api/products?storeId=2a31523c-c615-4e95-a5f3-2b1bcaf71a63 -> 200 (16 ms)
2025-11-11 22:48:30.721 [34mINFO [0;39m [54f4027b-519f-4922-8dae-27128d8e37d2] [http-nio-8081-exec-7] c.b.config.logging.HttpLoggingFilter - Headers: auth=present content-type=null accept=application/json, text/plain, */*
2025-11-11 22:48:30.722 [34mINFO [0;39m [54f4027b-519f-4922-8dae-27128d8e37d2] [http-nio-8081-exec-7] c.b.config.logging.HttpLoggingFilter - Response payload: [{"id":"33c89a42-fe99-4bd7-ba6d-9ad937499ede","name":"Room Deluxe","price":2500.0,"category":"room","storeId":"2a31523c-c615-4e95-a5f3-2b1bcaf71a63","active":true}]
2025-11-11 22:48:30.725 [34mINFO [0;39m [48da44bb-1df7-4411-8b39-12e44bd9b82b] [http-nio-8081-exec-6] c.b.config.logging.HttpLoggingFilter - GET /api/stores/2a31523c-c615-4e95-a5f3-2b1bcaf71a63 -> 200 (20 ms)
2025-11-11 22:48:30.726 [34mINFO [0;39m [48da44bb-1df7-4411-8b39-12e44bd9b82b] [http-nio-8081-exec-6] c.b.config.logging.HttpLoggingFilter - Headers: auth=present content-type=null accept=application/json, text/plain, */*
2025-11-11 22:48:30.727 [34mINFO [0;39m [48da44bb-1df7-4411-8b39-12e44bd9b82b] [http-nio-8081-exec-6] c.b.config.logging.HttpLoggingFilter - Response payload: {"id":"2a31523c-c615-4e95-a5f3-2b1bcaf71a63","name":"Sunrise Hotel","area":"Beach","category":"hospitality","status":"open","orderingDisabled":false,"updatedAt":"2025-11-11T16:57:51.700970Z"}
2025-11-11 22:48:33.539 [34mINFO [0;39m [36044322-5332-44f1-8e9c-2afb359a0bc2] [http-nio-8081-exec-8] c.b.web.AvailabilityController - Check availability: tenant=demo-store storeId=2a31523c-c615-4e95-a5f3-2b1bcaf71a63 roomId=33c89a42-fe99-4bd7-ba6d-9ad937499ede checkIn=2025-11-11 checkOut=2025-11-12 guests=2
2025-11-11 22:48:33.541 [34mINFO [0;39m [36044322-5332-44f1-8e9c-2afb359a0bc2] [http-nio-8081-exec-8] c.b.web.AvailabilityController - Availability result: available=true nights=1 total=1250
2025-11-11 22:48:33.550 [34mINFO [0;39m [36044322-5332-44f1-8e9c-2afb359a0bc2] [http-nio-8081-exec-8] c.b.config.logging.HttpLoggingFilter - GET /api/availability?storeId=2a31523c-c615-4e95-a5f3-2b1bcaf71a63&roomId=33c89a42-fe99-4bd7-ba6d-9ad937499ede&checkIn=2025-11-11&checkOut=2025-11-12&guests=2 -> 200 (13 ms)
2025-11-11 22:48:33.551 [34mINFO [0;39m [36044322-5332-44f1-8e9c-2afb359a0bc2] [http-nio-8081-exec-8] c.b.config.logging.HttpLoggingFilter - Headers: auth=present content-type=null accept=application/json, text/plain, */*
2025-11-11 22:48:33.551 [34mINFO [0;39m [36044322-5332-44f1-8e9c-2afb359a0bc2] [http-nio-8081-exec-8] c.b.config.logging.HttpLoggingFilter - Response payload: {"available":true,"nights":1,"base":1000,"surchargeRate":0.1,"subtotal":1100,"taxes":100,"fees":50,"total":1250}
2025-11-11 22:48:37.091 [34mINFO [0;39m [c656f87d-eea6-422a-bdc6-f738ef65312f] [http-nio-8081-exec-9] c.b.web.AvailabilityController - Check availability: tenant=demo-store storeId=2a31523c-c615-4e95-a5f3-2b1bcaf71a63 roomId=33c89a42-fe99-4bd7-ba6d-9ad937499ede checkIn=2025-11-11 checkOut=2025-11-12 guests=1
2025-11-11 22:48:37.091 [34mINFO [0;39m [c656f87d-eea6-422a-bdc6-f738ef65312f] [http-nio-8081-exec-9] c.b.web.AvailabilityController - Availability result: available=true nights=1 total=1250
2025-11-11 22:48:37.092 [34mINFO [0;39m [c656f87d-eea6-422a-bdc6-f738ef65312f] [http-nio-8081-exec-9] c.b.config.logging.HttpLoggingFilter - GET /api/availability?storeId=2a31523c-c615-4e95-a5f3-2b1bcaf71a63&roomId=33c89a42-fe99-4bd7-ba6d-9ad937499ede&checkIn=2025-11-11&checkOut=2025-11-12&guests=1&roomsGuests%5B%5D=1 -> 200 (3 ms)
2025-11-11 22:48:37.094 [34mINFO [0;39m [c656f87d-eea6-422a-bdc6-f738ef65312f] [http-nio-8081-exec-9] c.b.config.logging.HttpLoggingFilter - Headers: auth=present content-type=null accept=application/json, text/plain, */*
2025-11-11 22:48:37.094 [34mINFO [0;39m [c656f87d-eea6-422a-bdc6-f738ef65312f] [http-nio-8081-exec-9] c.b.config.logging.HttpLoggingFilter - Response payload: {"available":true,"nights":1,"base":1000,"surchargeRate":0.1,"subtotal":1100,"taxes":100,"fees":50,"total":1250}
2025-11-11 22:49:06.584 [34mINFO [0;39m [b6f101e1-b623-4a4b-9369-7c8a7824a121] [http-nio-8081-exec-3] com.bharatshop.web.EventController - Event ingested: id=evt_57d45ab3-8d79-43a3-8c70-d83a85132e21 name=nav_click tenant=demo-store userId=null role=null ip=127.0.0.1 ua=Mozilla/5.0 (Linux; Android 6.0; Nexus 5 Build/MRA58N) AppleWebKit/537.36 (KHTML, like Gecko) Chrome/142.0.0.0 Mobile Safari/537.36 ts=1762881546532 payloadPresent=true
2025-11-11 22:49:06.588 [34mINFO [0;39m [b6f101e1-b623-4a4b-9369-7c8a7824a121] [http-nio-8081-exec-3] c.b.config.logging.HttpLoggingFilter - POST /api/events -> 200 (36 ms)
2025-11-11 22:49:06.589 [34mINFO [0;39m [b6f101e1-b623-4a4b-9369-7c8a7824a121] [http-nio-8081-exec-3] c.b.config.logging.HttpLoggingFilter - Headers: auth=present content-type=application/json accept=application/json, text/plain, */*
2025-11-11 22:49:06.590 [34mINFO [0;39m [b6f101e1-b623-4a4b-9369-7c8a7824a121] [http-nio-8081-exec-3] c.b.config.logging.HttpLoggingFilter - Request payload: {"name":"nav_click","payload":{"target":"/bookings","context":"mobile_nav"},"timestamp":1762881546532}
2025-11-11 22:49:06.590 [34mINFO [0;39m [b6f101e1-b623-4a4b-9369-7c8a7824a121] [http-nio-8081-exec-3] c.b.config.logging.HttpLoggingFilter - Response payload: {"id":"evt_57d45ab3-8d79-43a3-8c70-d83a85132e21","ok":true}
2025-11-11 22:49:06.698 [34mINFO [0;39m [d2c28fe0-0031-4d4b-91dc-7cc015325deb] [http-nio-8081-exec-4] com.bharatshop.web.EventController - Event ingested: id=evt_e7d25de0-3d46-4b8f-9942-8dd49eadd60a name=page_view tenant=demo-store userId=null role=null ip=127.0.0.1 ua=Mozilla/5.0 (Linux; Android 6.0; Nexus 5 Build/MRA58N) AppleWebKit/537.36 (KHTML, like Gecko) Chrome/142.0.0.0 Mobile Safari/537.36 ts=1762881546687 payloadPresent=true
2025-11-11 22:49:06.700 [34mINFO [0;39m [d2c28fe0-0031-4d4b-91dc-7cc015325deb] [http-nio-8081-exec-4] c.b.config.logging.HttpLoggingFilter - POST /api/events -> 200 (2 ms)
2025-11-11 22:49:06.700 [34mINFO [0;39m [a4aecbc2-4360-4fda-a16b-517d3e9929c2] [http-nio-8081-exec-5] com.bharatshop.web.EventController - Event ingested: id=evt_e1cdcc5d-7ea7-4560-a685-960ff47bb917 name=bookings_fetch_start tenant=demo-store userId=null role=null ip=127.0.0.1 ua=Mozilla/5.0 (Linux; Android 6.0; Nexus 5 Build/MRA58N) AppleWebKit/537.36 (KHTML, like Gecko) Chrome/142.0.0.0 Mobile Safari/537.36 ts=1762881546687 payloadPresent=true
2025-11-11 22:49:06.700 [34mINFO [0;39m [d2c28fe0-0031-4d4b-91dc-7cc015325deb] [http-nio-8081-exec-4] c.b.config.logging.HttpLoggingFilter - Headers: auth=present content-type=application/json accept=application/json, text/plain, */*
2025-11-11 22:49:06.700 [34mINFO [0;39m [d2c28fe0-0031-4d4b-91dc-7cc015325deb] [http-nio-8081-exec-4] c.b.config.logging.HttpLoggingFilter - Request payload: {"name":"page_view","payload":{"page":"/bookings","title":"MyBookings"},"timestamp":1762881546687}
2025-11-11 22:49:06.700 [34mINFO [0;39m [d2c28fe0-0031-4d4b-91dc-7cc015325deb] [http-nio-8081-exec-4] c.b.config.logging.HttpLoggingFilter - Response payload: {"id":"evt_e7d25de0-3d46-4b8f-9942-8dd49eadd60a","ok":true}
2025-11-11 22:49:06.703 [34mINFO [0;39m [a4aecbc2-4360-4fda-a16b-517d3e9929c2] [http-nio-8081-exec-5] c.b.config.logging.HttpLoggingFilter - POST /api/events -> 200 (5 ms)
2025-11-11 22:49:06.703 [34mINFO [0;39m [a4aecbc2-4360-4fda-a16b-517d3e9929c2] [http-nio-8081-exec-5] c.b.config.logging.HttpLoggingFilter - Headers: auth=present content-type=application/json accept=application/json, text/plain, */*
2025-11-11 22:49:06.703 [34mINFO [0;39m [a4aecbc2-4360-4fda-a16b-517d3e9929c2] [http-nio-8081-exec-5] c.b.config.logging.HttpLoggingFilter - Request payload: {"name":"bookings_fetch_start","payload":{"source":"my_bookings","userId":"6d372406-8da0-4828-b3d8-0f2f45ac103c"},"timestamp":1762881546687}
2025-11-11 22:49:06.703 [34mINFO [0;39m [a4aecbc2-4360-4fda-a16b-517d3e9929c2] [http-nio-8081-exec-5] c.b.config.logging.HttpLoggingFilter - Response payload: {"id":"evt_e1cdcc5d-7ea7-4560-a685-960ff47bb917","ok":true}
2025-11-11 22:49:06.705 [34mINFO [0;39m [72d89261-98c5-4ea0-8068-147f792093b6] [http-nio-8081-exec-7] com.bharatshop.web.EventController - Event ingested: id=evt_00cca8e1-bf69-4785-855c-89ff978ac942 name=page_view tenant=demo-store userId=null role=null ip=127.0.0.1 ua=Mozilla/5.0 (Linux; Android 6.0; Nexus 5 Build/MRA58N) AppleWebKit/537.36 (KHTML, like Gecko) Chrome/142.0.0.0 Mobile Safari/537.36 ts=1762881546687 payloadPresent=true
2025-11-11 22:49:06.705 [34mINFO [0;39m [72d89261-98c5-4ea0-8068-147f792093b6] [http-nio-8081-exec-7] c.b.config.logging.HttpLoggingFilter - POST /api/events -> 200 (2 ms)
2025-11-11 22:49:06.708 [34mINFO [0;39m [72d89261-98c5-4ea0-8068-147f792093b6] [http-nio-8081-exec-7] c.b.config.logging.HttpLoggingFilter - Headers: auth=present content-type=application/json accept=application/json, text/plain, */*
2025-11-11 22:49:06.708 [34mINFO [0;39m [a5c5b095-fcb4-45aa-9955-9ef37cfd7a9e] [http-nio-8081-exec-8] com.bharatshop.web.EventController - Event ingested: id=evt_0aa1105e-dd9f-4e1e-afde-b6dc2246e92e name=bookings_fetch_start tenant=demo-store userId=null role=null ip=127.0.0.1 ua=Mozilla/5.0 (Linux; Android 6.0; Nexus 5 Build/MRA58N) AppleWebKit/537.36 (KHTML, like Gecko) Chrome/142.0.0.0 Mobile Safari/537.36 ts=1762881546687 payloadPresent=true
2025-11-11 22:49:06.708 [34mINFO [0;39m [72d89261-98c5-4ea0-8068-147f792093b6] [http-nio-8081-exec-7] c.b.config.logging.HttpLoggingFilter - Request payload: {"name":"page_view","payload":{"page":"/bookings","title":"MyBookings"},"timestamp":1762881546687}
2025-11-11 22:49:06.709 [34mINFO [0;39m [72d89261-98c5-4ea0-8068-147f792093b6] [http-nio-8081-exec-7] c.b.config.logging.HttpLoggingFilter - Response payload: {"id":"evt_00cca8e1-bf69-4785-855c-89ff978ac942","ok":true}
2025-11-11 22:49:06.710 [34mINFO [0;39m [a5c5b095-fcb4-45aa-9955-9ef37cfd7a9e] [http-nio-8081-exec-8] c.b.config.logging.HttpLoggingFilter - POST /api/events -> 200 (5 ms)
2025-11-11 22:49:06.710 [34mINFO [0;39m [a5c5b095-fcb4-45aa-9955-9ef37cfd7a9e] [http-nio-8081-exec-8] c.b.config.logging.HttpLoggingFilter - Headers: auth=present content-type=application/json accept=application/json, text/plain, */*
2025-11-11 22:49:06.711 [34mINFO [0;39m [a5c5b095-fcb4-45aa-9955-9ef37cfd7a9e] [http-nio-8081-exec-8] c.b.config.logging.HttpLoggingFilter - Request payload: {"name":"bookings_fetch_start","payload":{"source":"my_bookings","userId":"6d372406-8da0-4828-b3d8-0f2f45ac103c"},"timestamp":1762881546687}
2025-11-11 22:49:06.711 [34mINFO [0;39m [a5c5b095-fcb4-45aa-9955-9ef37cfd7a9e] [http-nio-8081-exec-8] c.b.config.logging.HttpLoggingFilter - Response payload: {"id":"evt_0aa1105e-dd9f-4e1e-afde-b6dc2246e92e","ok":true}
2025-11-11 22:49:06.728 [34mINFO [0;39m [54a43db8-3c5b-479d-81b5-22f290a69c98] [http-nio-8081-exec-10] com.bharatshop.web.EventController - Event ingested: id=evt_5584e39e-9c2b-46be-8ba7-51ce053bff9d name=bookings_fetch_success tenant=demo-store userId=null role=null ip=127.0.0.1 ua=Mozilla/5.0 (Linux; Android 6.0; Nexus 5 Build/MRA58N) AppleWebKit/537.36 (KHTML, like Gecko) Chrome/142.0.0.0 Mobile Safari/537.36 ts=1762881546715 payloadPresent=true
2025-11-11 22:49:06.730 [34mINFO [0;39m [54a43db8-3c5b-479d-81b5-22f290a69c98] [http-nio-8081-exec-10] c.b.config.logging.HttpLoggingFilter - POST /api/events -> 200 (4 ms)
2025-11-11 22:49:06.731 [34mINFO [0;39m [54a43db8-3c5b-479d-81b5-22f290a69c98] [http-nio-8081-exec-10] c.b.config.logging.HttpLoggingFilter - Headers: auth=present content-type=application/json accept=application/json, text/plain, */*
2025-11-11 22:49:06.731 [34mINFO [0;39m [54a43db8-3c5b-479d-81b5-22f290a69c98] [http-nio-8081-exec-10] c.b.config.logging.HttpLoggingFilter - Request payload: {"name":"bookings_fetch_success","payload":{"source":"my_bookings","count":5},"timestamp":1762881546715}
2025-11-11 22:49:06.731 [34mINFO [0;39m [54a43db8-3c5b-479d-81b5-22f290a69c98] [http-nio-8081-exec-10] c.b.config.logging.HttpLoggingFilter - Response payload: {"id":"evt_5584e39e-9c2b-46be-8ba7-51ce053bff9d","ok":true}
2025-11-11 22:49:06.763 [34mINFO [0;39m [0d08b679-82f4-4a4c-9e92-e04976dd977e] [http-nio-8081-exec-2] com.bharatshop.web.EventController - Event ingested: id=evt_935bb234-08c4-44e0-bbc9-04200d1e7d7a name=bookings_fetch_success tenant=demo-store userId=null role=null ip=127.0.0.1 ua=Mozilla/5.0 (Linux; Android 6.0; Nexus 5 Build/MRA58N) AppleWebKit/537.36 (KHTML, like Gecko) Chrome/142.0.0.0 Mobile Safari/537.36 ts=1762881546750 payloadPresent=true
2025-11-11 22:49:06.766 [34mINFO [0;39m [0d08b679-82f4-4a4c-9e92-e04976dd977e] [http-nio-8081-exec-2] c.b.config.logging.HttpLoggingFilter - POST /api/events -> 200 (10 ms)
2025-11-11 22:49:06.767 [34mINFO [0;39m [0d08b679-82f4-4a4c-9e92-e04976dd977e] [http-nio-8081-exec-2] c.b.config.logging.HttpLoggingFilter - Headers: auth=present content-type=application/json accept=application/json, text/plain, */*
2025-11-11 22:49:06.767 [34mINFO [0;39m [0d08b679-82f4-4a4c-9e92-e04976dd977e] [http-nio-8081-exec-2] c.b.config.logging.HttpLoggingFilter - Request payload: {"name":"bookings_fetch_success","payload":{"source":"my_bookings","count":5},"timestamp":1762881546750}
2025-11-11 22:49:06.767 [34mINFO [0;39m [0d08b679-82f4-4a4c-9e92-e04976dd977e] [http-nio-8081-exec-2] c.b.config.logging.HttpLoggingFilter - Response payload: {"id":"evt_935bb234-08c4-44e0-bbc9-04200d1e7d7a","ok":true}
2025-11-11 22:49:54.317 [34mINFO [0;39m [cf184764-2036-4a3f-a0dd-7993968f952f] [http-nio-8081-exec-1] c.b.web.StoreDiscoveryController - Discover stores: tenant=demo-store search=null category=null
2025-11-11 22:49:54.328 [34mINFO [0;39m [cf184764-2036-4a3f-a0dd-7993968f952f] [http-nio-8081-exec-1] c.b.config.logging.HttpLoggingFilter - GET /api/stores -> 200 (12 ms)
2025-11-11 22:49:54.328 [34mINFO [0;39m [cf184764-2036-4a3f-a0dd-7993968f952f] [http-nio-8081-exec-1] c.b.config.logging.HttpLoggingFilter - Headers: auth=present content-type=null accept=application/json, text/plain, */*
2025-11-11 22:49:54.329 [34mINFO [0;39m [cf184764-2036-4a3f-a0dd-7993968f952f] [http-nio-8081-exec-1] c.b.config.logging.HttpLoggingFilter - Response payload: [{"id":"121fd933-0854-42f0-b1dd-ef6962e204e8","name":"City Pharmacy","area":"Brigade","category":"pharmacy","status":"open","orderingDisabled":false,"updatedAt":"2025-11-11T16:57:51.699970Z"},{"id":"c178bea3-30f7-4eb7-83b2-a7c95cb54503","name":"Fresh Mart","area":"MG Road","category":"grocery","status":"open","orderingDisabled":false,"updatedAt":"2025-11-11T16:57:51.605584Z"},{"id":"2a31523c-c615-4e95-a5f3-2b1bcaf71a63","name":"Sunrise Hotel","area":"Beach","category":"hospitality","status":"open","orderingDisabled":false,"updatedAt":"2025-11-11T16:57:51.700970Z"}]
2025-11-11 22:50:00.624 [34mINFO [0;39m [aa6c04d4-46e6-41f7-a590-3b325d84caa0] [http-nio-8081-exec-3] c.b.web.StoreDiscoveryController - Get store: tenant=demo-store id=121fd933-0854-42f0-b1dd-ef6962e204e8
2025-11-11 22:50:00.625 [34mINFO [0;39m [94c5c5fa-1c04-4862-b113-8608cbbf2534] [http-nio-8081-exec-4] c.b.web.StoreDiscoveryController - Products by store: tenant=demo-store storeId=121fd933-0854-42f0-b1dd-ef6962e204e8
2025-11-11 22:50:00.629 [34mINFO [0;39m [aa6c04d4-46e6-41f7-a590-3b325d84caa0] [http-nio-8081-exec-3] c.b.web.StoreDiscoveryController - Get store success: id=121fd933-0854-42f0-b1dd-ef6962e204e8 name=City Pharmacy 
2025-11-11 22:50:00.638 [34mINFO [0;39m [aa6c04d4-46e6-41f7-a590-3b325d84caa0] [http-nio-8081-exec-3] c.b.config.logging.HttpLoggingFilter - GET /api/stores/121fd933-0854-42f0-b1dd-ef6962e204e8 -> 200 (15 ms)
2025-11-11 22:50:00.638 [34mINFO [0;39m [aa6c04d4-46e6-41f7-a590-3b325d84caa0] [http-nio-8081-exec-3] c.b.config.logging.HttpLoggingFilter - Headers: auth=present content-type=null accept=application/json, text/plain, */*
2025-11-11 22:50:00.638 [34mINFO [0;39m [aa6c04d4-46e6-41f7-a590-3b325d84caa0] [http-nio-8081-exec-3] c.b.config.logging.HttpLoggingFilter - Response payload: {"id":"121fd933-0854-42f0-b1dd-ef6962e204e8","name":"City Pharmacy","area":"Brigade","category":"pharmacy","status":"open","orderingDisabled":false,"updatedAt":"2025-11-11T16:57:51.699970Z"}
2025-11-11 22:50:00.647 [34mINFO [0;39m [94c5c5fa-1c04-4862-b113-8608cbbf2534] [http-nio-8081-exec-4] c.b.config.logging.HttpLoggingFilter - GET /api/products?storeId=121fd933-0854-42f0-b1dd-ef6962e204e8 -> 200 (23 ms)
2025-11-11 22:50:00.649 [34mINFO [0;39m [94c5c5fa-1c04-4862-b113-8608cbbf2534] [http-nio-8081-exec-4] c.b.config.logging.HttpLoggingFilter - Headers: auth=present content-type=null accept=application/json, text/plain, */*
2025-11-11 22:50:00.650 [34mINFO [0;39m [94c5c5fa-1c04-4862-b113-8608cbbf2534] [http-nio-8081-exec-4] c.b.config.logging.HttpLoggingFilter - Response payload: [{"id":"a359b721-bf31-4df2-a292-239b5f99323d","name":"Paracetamol","price":35.0,"category":"medicine","storeId":"121fd933-0854-42f0-b1dd-ef6962e204e8","active":true}]
2025-11-11 22:50:12.418 [34mINFO [0;39m [1947e0d7-05fb-4dd3-99d4-c3fc3d818d4a] [http-nio-8081-exec-7] com.bharatshop.web.EventController - Event ingested: id=evt_0695c37d-e2e7-4d3f-82a2-0a4ec4a421d3 name=page_view tenant=demo-store userId=null role=null ip=127.0.0.1 ua=Mozilla/5.0 (Linux; Android 6.0; Nexus 5 Build/MRA58N) AppleWebKit/537.36 (KHTML, like Gecko) Chrome/142.0.0.0 Mobile Safari/537.36 ts=1762881612400 payloadPresent=true
2025-11-11 22:50:12.418 [34mINFO [0;39m [a8ddb246-4b2f-4603-b89b-6dc355ed88f7] [http-nio-8081-exec-5] com.bharatshop.web.EventController - Event ingested: id=evt_7ffdbc98-0f6b-496a-a5b2-f5ee5c2041a3 name=nav_click tenant=demo-store userId=null role=null ip=127.0.0.1 ua=Mozilla/5.0 (Linux; Android 6.0; Nexus 5 Build/MRA58N) AppleWebKit/537.36 (KHTML, like Gecko) Chrome/142.0.0.0 Mobile Safari/537.36 ts=1762881612396 payloadPresent=true
2025-11-11 22:50:12.419 [34mINFO [0;39m [a8ddb246-4b2f-4603-b89b-6dc355ed88f7] [http-nio-8081-exec-5] c.b.config.logging.HttpLoggingFilter - POST /api/events -> 200 (6 ms)
2025-11-11 22:50:12.419 [34mINFO [0;39m [1947e0d7-05fb-4dd3-99d4-c3fc3d818d4a] [http-nio-8081-exec-7] c.b.config.logging.HttpLoggingFilter - POST /api/events -> 200 (3 ms)
2025-11-11 22:50:12.420 [34mINFO [0;39m [a8ddb246-4b2f-4603-b89b-6dc355ed88f7] [http-nio-8081-exec-5] c.b.config.logging.HttpLoggingFilter - Headers: auth=present content-type=application/json accept=application/json, text/plain, */*
2025-11-11 22:50:12.420 [34mINFO [0;39m [1947e0d7-05fb-4dd3-99d4-c3fc3d818d4a] [http-nio-8081-exec-7] c.b.config.logging.HttpLoggingFilter - Headers: auth=present content-type=application/json accept=application/json, text/plain, */*
2025-11-11 22:50:12.420 [34mINFO [0;39m [a8ddb246-4b2f-4603-b89b-6dc355ed88f7] [http-nio-8081-exec-5] c.b.config.logging.HttpLoggingFilter - Request payload: {"name":"nav_click","payload":{"target":"/bookings","context":"mobile_nav"},"timestamp":1762881612396}
2025-11-11 22:50:12.420 [34mINFO [0;39m [1947e0d7-05fb-4dd3-99d4-c3fc3d818d4a] [http-nio-8081-exec-7] c.b.config.logging.HttpLoggingFilter - Request payload: {"name":"page_view","payload":{"page":"/bookings","title":"MyBookings"},"timestamp":1762881612400}
2025-11-11 22:50:12.420 [34mINFO [0;39m [a8ddb246-4b2f-4603-b89b-6dc355ed88f7] [http-nio-8081-exec-5] c.b.config.logging.HttpLoggingFilter - Response payload: {"id":"evt_7ffdbc98-0f6b-496a-a5b2-f5ee5c2041a3","ok":true}
2025-11-11 22:50:12.420 [34mINFO [0;39m [1947e0d7-05fb-4dd3-99d4-c3fc3d818d4a] [http-nio-8081-exec-7] c.b.config.logging.HttpLoggingFilter - Response payload: {"id":"evt_0695c37d-e2e7-4d3f-82a2-0a4ec4a421d3","ok":true}
2025-11-11 22:50:12.428 [34mINFO [0;39m [53aae378-9050-4ba8-951f-4aaa0666f401] [http-nio-8081-exec-9] com.bharatshop.web.EventController - Event ingested: id=evt_512f60f1-7971-46ab-8216-19275fb0e7b0 name=page_view tenant=demo-store userId=null role=null ip=127.0.0.1 ua=Mozilla/5.0 (Linux; Android 6.0; Nexus 5 Build/MRA58N) AppleWebKit/537.36 (KHTML, like Gecko) Chrome/142.0.0.0 Mobile Safari/537.36 ts=1762881612401 payloadPresent=true
2025-11-11 22:50:12.428 [34mINFO [0;39m [d49eab18-8939-42c5-8695-ba72cbb90228] [http-nio-8081-exec-8] com.bharatshop.web.EventController - Event ingested: id=evt_2cca91ea-5731-4be4-b48b-e46afbac5a0c name=bookings_fetch_start tenant=demo-store userId=null role=null ip=127.0.0.1 ua=Mozilla/5.0 (Linux; Android 6.0; Nexus 5 Build/MRA58N) AppleWebKit/537.36 (KHTML, like Gecko) Chrome/142.0.0.0 Mobile Safari/537.36 ts=1762881612400 payloadPresent=true
2025-11-11 22:50:12.429 [34mINFO [0;39m [c59a57ac-46fc-4c21-8055-3ae3fab532ef] [http-nio-8081-exec-10] com.bharatshop.web.EventController - Event ingested: id=evt_4cd58674-6e68-44ea-89a7-785f3101328b name=bookings_fetch_start tenant=demo-store userId=null role=null ip=127.0.0.1 ua=Mozilla/5.0 (Linux; Android 6.0; Nexus 5 Build/MRA58N) AppleWebKit/537.36 (KHTML, like Gecko) Chrome/142.0.0.0 Mobile Safari/537.36 ts=1762881612402 payloadPresent=true
2025-11-11 22:50:12.429 [34mINFO [0;39m [d49eab18-8939-42c5-8695-ba72cbb90228] [http-nio-8081-exec-8] c.b.config.logging.HttpLoggingFilter - POST /api/events -> 200 (4 ms)
2025-11-11 22:50:12.429 [34mINFO [0;39m [53aae378-9050-4ba8-951f-4aaa0666f401] [http-nio-8081-exec-9] c.b.config.logging.HttpLoggingFilter - POST /api/events -> 200 (2 ms)
2025-11-11 22:50:12.429 [34mINFO [0;39m [d49eab18-8939-42c5-8695-ba72cbb90228] [http-nio-8081-exec-8] c.b.config.logging.HttpLoggingFilter - Headers: auth=present content-type=application/json accept=application/json, text/plain, */*
2025-11-11 22:50:12.430 [34mINFO [0;39m [53aae378-9050-4ba8-951f-4aaa0666f401] [http-nio-8081-exec-9] c.b.config.logging.HttpLoggingFilter - Headers: auth=present content-type=application/json accept=application/json, text/plain, */*
2025-11-11 22:50:12.430 [34mINFO [0;39m [d49eab18-8939-42c5-8695-ba72cbb90228] [http-nio-8081-exec-8] c.b.config.logging.HttpLoggingFilter - Request payload: {"name":"bookings_fetch_start","payload":{"source":"my_bookings","userId":"6d372406-8da0-4828-b3d8-0f2f45ac103c"},"timestamp":1762881612400}
2025-11-11 22:50:12.430 [34mINFO [0;39m [d49eab18-8939-42c5-8695-ba72cbb90228] [http-nio-8081-exec-8] c.b.config.logging.HttpLoggingFilter - Response payload: {"id":"evt_2cca91ea-5731-4be4-b48b-e46afbac5a0c","ok":true}
2025-11-11 22:50:12.430 [34mINFO [0;39m [53aae378-9050-4ba8-951f-4aaa0666f401] [http-nio-8081-exec-9] c.b.config.logging.HttpLoggingFilter - Request payload: {"name":"page_view","payload":{"page":"/bookings","title":"MyBookings"},"timestamp":1762881612401}
2025-11-11 22:50:12.430 [34mINFO [0;39m [c59a57ac-46fc-4c21-8055-3ae3fab532ef] [http-nio-8081-exec-10] c.b.config.logging.HttpLoggingFilter - POST /api/events -> 200 (2 ms)
2025-11-11 22:50:12.431 [34mINFO [0;39m [53aae378-9050-4ba8-951f-4aaa0666f401] [http-nio-8081-exec-9] c.b.config.logging.HttpLoggingFilter - Response payload: {"id":"evt_512f60f1-7971-46ab-8216-19275fb0e7b0","ok":true}
2025-11-11 22:50:12.432 [34mINFO [0;39m [c59a57ac-46fc-4c21-8055-3ae3fab532ef] [http-nio-8081-exec-10] c.b.config.logging.HttpLoggingFilter - Headers: auth=present content-type=application/json accept=application/json, text/plain, */*
2025-11-11 22:50:12.432 [34mINFO [0;39m [c59a57ac-46fc-4c21-8055-3ae3fab532ef] [http-nio-8081-exec-10] c.b.config.logging.HttpLoggingFilter - Request payload: {"name":"bookings_fetch_start","payload":{"source":"my_bookings","userId":"6d372406-8da0-4828-b3d8-0f2f45ac103c"},"timestamp":1762881612402}
2025-11-11 22:50:12.433 [34mINFO [0;39m [c59a57ac-46fc-4c21-8055-3ae3fab532ef] [http-nio-8081-exec-10] c.b.config.logging.HttpLoggingFilter - Response payload: {"id":"evt_4cd58674-6e68-44ea-89a7-785f3101328b","ok":true}
2025-11-11 22:50:12.466 [34mINFO [0;39m [51377eda-6c51-4e28-a792-267f8361b9c9] [http-nio-8081-exec-1] com.bharatshop.web.EventController - Event ingested: id=evt_5fe40e0f-31d0-46d3-afa3-494698543e8a name=bookings_fetch_success tenant=demo-store userId=null role=null ip=127.0.0.1 ua=Mozilla/5.0 (Linux; Android 6.0; Nexus 5 Build/MRA58N) AppleWebKit/537.36 (KHTML, like Gecko) Chrome/142.0.0.0 Mobile Safari/537.36 ts=1762881612447 payloadPresent=true
2025-11-11 22:50:12.469 [34mINFO [0;39m [51377eda-6c51-4e28-a792-267f8361b9c9] [http-nio-8081-exec-1] c.b.config.logging.HttpLoggingFilter - POST /api/events -> 200 (6 ms)
2025-11-11 22:50:12.470 [34mINFO [0;39m [51377eda-6c51-4e28-a792-267f8361b9c9] [http-nio-8081-exec-1] c.b.config.logging.HttpLoggingFilter - Headers: auth=present content-type=application/json accept=application/json, text/plain, */*
2025-11-11 22:50:12.470 [34mINFO [0;39m [51377eda-6c51-4e28-a792-267f8361b9c9] [http-nio-8081-exec-1] c.b.config.logging.HttpLoggingFilter - Request payload: {"name":"bookings_fetch_success","payload":{"source":"my_bookings","count":5},"timestamp":1762881612447}
2025-11-11 22:50:12.470 [34mINFO [0;39m [51377eda-6c51-4e28-a792-267f8361b9c9] [http-nio-8081-exec-1] c.b.config.logging.HttpLoggingFilter - Response payload: {"id":"evt_5fe40e0f-31d0-46d3-afa3-494698543e8a","ok":true}
2025-11-11 22:50:12.477 [34mINFO [0;39m [8020a1ab-e7a1-4095-8da4-a669560a22d7] [http-nio-8081-exec-3] com.bharatshop.web.EventController - Event ingested: id=evt_d573fbd0-f45f-4f65-b7ce-c7a90b3903b1 name=bookings_fetch_success tenant=demo-store userId=null role=null ip=127.0.0.1 ua=Mozilla/5.0 (Linux; Android 6.0; Nexus 5 Build/MRA58N) AppleWebKit/537.36 (KHTML, like Gecko) Chrome/142.0.0.0 Mobile Safari/537.36 ts=1762881612462 payloadPresent=true
2025-11-11 22:50:12.480 [34mINFO [0;39m [8020a1ab-e7a1-4095-8da4-a669560a22d7] [http-nio-8081-exec-3] c.b.config.logging.HttpLoggingFilter - POST /api/events -> 200 (5 ms)
2025-11-11 22:50:12.481 [34mINFO [0;39m [8020a1ab-e7a1-4095-8da4-a669560a22d7] [http-nio-8081-exec-3] c.b.config.logging.HttpLoggingFilter - Headers: auth=present content-type=application/json accept=application/json, text/plain, */*
2025-11-11 22:50:12.481 [34mINFO [0;39m [8020a1ab-e7a1-4095-8da4-a669560a22d7] [http-nio-8081-exec-3] c.b.config.logging.HttpLoggingFilter - Request payload: {"name":"bookings_fetch_success","payload":{"source":"my_bookings","count":5},"timestamp":1762881612462}
2025-11-11 22:50:12.481 [34mINFO [0;39m [8020a1ab-e7a1-4095-8da4-a669560a22d7] [http-nio-8081-exec-3] c.b.config.logging.HttpLoggingFilter - Response payload: {"id":"evt_d573fbd0-f45f-4f65-b7ce-c7a90b3903b1","ok":true}
2025-11-11 22:51:50.610 [34mINFO [0;39m [4a57e75f-5055-448b-9e98-c2e8f2a8aecf] [http-nio-8081-exec-4] com.bharatshop.web.EventController - Event ingested: id=evt_06a722eb-3aab-42c8-a6f8-af96f3beff5c name=booking_click tenant=demo-store userId=null role=null ip=127.0.0.1 ua=Mozilla/5.0 (Linux; Android 6.0; Nexus 5 Build/MRA58N) AppleWebKit/537.36 (KHTML, like Gecko) Chrome/142.0.0.0 Mobile Safari/537.36 ts=1762881710591 payloadPresent=true
2025-11-11 22:51:50.613 [34mINFO [0;39m [4a57e75f-5055-448b-9e98-c2e8f2a8aecf] [http-nio-8081-exec-4] c.b.config.logging.HttpLoggingFilter - POST /api/events -> 200 (4 ms)
2025-11-11 22:51:50.614 [34mINFO [0;39m [4a57e75f-5055-448b-9e98-c2e8f2a8aecf] [http-nio-8081-exec-4] c.b.config.logging.HttpLoggingFilter - Headers: auth=present content-type=application/json accept=application/json, text/plain, */*
2025-11-11 22:51:50.615 [34mINFO [0;39m [4a57e75f-5055-448b-9e98-c2e8f2a8aecf] [http-nio-8081-exec-4] c.b.config.logging.HttpLoggingFilter - Request payload: {"name":"booking_click","payload":{"id":"order_1762881524440","source":"my_bookings_button"},"timestamp":1762881710591}
2025-11-11 22:51:50.615 [34mINFO [0;39m [4a57e75f-5055-448b-9e98-c2e8f2a8aecf] [http-nio-8081-exec-4] c.b.config.logging.HttpLoggingFilter - Response payload: {"id":"evt_06a722eb-3aab-42c8-a6f8-af96f3beff5c","ok":true}
2025-11-11 23:02:05.565 [34mINFO [0;39m [5f9c2e86-1fc7-4461-b2d7-57d4a1ff1a8e] [http-nio-8081-exec-10] com.bharatshop.web.AuthController - Profile requested: tokenPresent=true 
2025-11-11 23:02:05.565 [34mINFO [0;39m [d66a6f49-bda0-4717-8c5f-297360216f76] [http-nio-8081-exec-9] com.bharatshop.web.CartController - Get cart: userId=guest
2025-11-11 23:02:05.578 [34mINFO [0;39m [d66a6f49-bda0-4717-8c5f-297360216f76] [http-nio-8081-exec-9] c.b.config.logging.HttpLoggingFilter - GET /store/cart -> 200 (14 ms)
2025-11-11 23:02:05.583 [34mINFO [0;39m [d66a6f49-bda0-4717-8c5f-297360216f76] [http-nio-8081-exec-9] c.b.config.logging.HttpLoggingFilter - Headers: auth=present content-type=null accept=application/json, text/plain, */*
2025-11-11 23:02:05.578 [34mINFO [0;39m [5f9c2e86-1fc7-4461-b2d7-57d4a1ff1a8e] [http-nio-8081-exec-10] c.b.config.logging.HttpLoggingFilter - GET /api/storefront/auth/profile -> 401 (13 ms)
2025-11-11 23:02:05.585 [34mINFO [0;39m [d66a6f49-bda0-4717-8c5f-297360216f76] [http-nio-8081-exec-9] c.b.config.logging.HttpLoggingFilter - Response payload: []
2025-11-11 23:02:05.587 [34mINFO [0;39m [5f9c2e86-1fc7-4461-b2d7-57d4a1ff1a8e] [http-nio-8081-exec-10] c.b.config.logging.HttpLoggingFilter - Headers: auth=present content-type=null accept=application/json, text/plain, */*
2025-11-11 23:02:05.592 [34mINFO [0;39m [5f9c2e86-1fc7-4461-b2d7-57d4a1ff1a8e] [http-nio-8081-exec-10] c.b.config.logging.HttpLoggingFilter - Response payload: {"message":"Unauthorized"}
2025-11-11 23:02:06.121 [34mINFO [0;39m [e6b8245c-2006-4496-b99f-e61eaa1afc04] [http-nio-8081-exec-3] com.bharatshop.web.AuthController - Profile requested: tokenPresent=true 
2025-11-11 23:02:06.121 [34mINFO [0;39m [018e89e4-39a1-4e23-8446-046f62ec70cd] [http-nio-8081-exec-1] com.bharatshop.web.CartController - Get cart: userId=guest
2025-11-11 23:02:06.122 [34mINFO [0;39m [018e89e4-39a1-4e23-8446-046f62ec70cd] [http-nio-8081-exec-1] c.b.config.logging.HttpLoggingFilter - GET /store/cart -> 200 (1 ms)
2025-11-11 23:02:06.122 [34mINFO [0;39m [e6b8245c-2006-4496-b99f-e61eaa1afc04] [http-nio-8081-exec-3] c.b.config.logging.HttpLoggingFilter - GET /api/storefront/auth/profile -> 401 (1 ms)
2025-11-11 23:02:06.122 [34mINFO [0;39m [018e89e4-39a1-4e23-8446-046f62ec70cd] [http-nio-8081-exec-1] c.b.config.logging.HttpLoggingFilter - Headers: auth=present content-type=null accept=application/json, text/plain, */*
2025-11-11 23:02:06.122 [34mINFO [0;39m [e6b8245c-2006-4496-b99f-e61eaa1afc04] [http-nio-8081-exec-3] c.b.config.logging.HttpLoggingFilter - Headers: auth=present content-type=null accept=application/json, text/plain, */*
2025-11-11 23:02:06.122 [34mINFO [0;39m [018e89e4-39a1-4e23-8446-046f62ec70cd] [http-nio-8081-exec-1] c.b.config.logging.HttpLoggingFilter - Response payload: []
2025-11-11 23:02:06.122 [34mINFO [0;39m [e6b8245c-2006-4496-b99f-e61eaa1afc04] [http-nio-8081-exec-3] c.b.config.logging.HttpLoggingFilter - Response payload: {"message":"Unauthorized"}
2025-11-11 23:02:06.135 [34mINFO [0;39m [830b5afd-2428-4991-b434-ba13565e1b54] [http-nio-8081-exec-4] com.bharatshop.web.AuthController - Profile requested: tokenPresent=true 
2025-11-11 23:02:06.135 [34mINFO [0;39m [7328b337-d992-4332-9cab-9e8ad0e4c437] [http-nio-8081-exec-6] com.bharatshop.web.CartController - Get cart: userId=guest
2025-11-11 23:02:06.136 [34mINFO [0;39m [7328b337-d992-4332-9cab-9e8ad0e4c437] [http-nio-8081-exec-6] c.b.config.logging.HttpLoggingFilter - GET /store/cart -> 200 (2 ms)
2025-11-11 23:02:06.137 [34mINFO [0;39m [830b5afd-2428-4991-b434-ba13565e1b54] [http-nio-8081-exec-4] c.b.config.logging.HttpLoggingFilter - GET /api/storefront/auth/profile -> 401 (3 ms)
2025-11-11 23:02:06.138 [34mINFO [0;39m [7328b337-d992-4332-9cab-9e8ad0e4c437] [http-nio-8081-exec-6] c.b.config.logging.HttpLoggingFilter - Headers: auth=present content-type=null accept=application/json, text/plain, */*
2025-11-11 23:02:06.138 [34mINFO [0;39m [7328b337-d992-4332-9cab-9e8ad0e4c437] [http-nio-8081-exec-6] c.b.config.logging.HttpLoggingFilter - Response payload: []
2025-11-11 23:02:06.138 [34mINFO [0;39m [830b5afd-2428-4991-b434-ba13565e1b54] [http-nio-8081-exec-4] c.b.config.logging.HttpLoggingFilter - Headers: auth=present content-type=null accept=application/json, text/plain, */*
2025-11-11 23:02:06.139 [34mINFO [0;39m [830b5afd-2428-4991-b434-ba13565e1b54] [http-nio-8081-exec-4] c.b.config.logging.HttpLoggingFilter - Response payload: {"message":"Unauthorized"}
2025-11-11 23:10:48.903 [34mINFO [0;39m [a916dad7-05cd-4fc5-afba-c5dcac0f3e9d] [http-nio-8081-exec-8] com.bharatshop.web.CartController - Get cart: userId=guest
2025-11-11 23:10:48.905 [34mINFO [0;39m [a916dad7-05cd-4fc5-afba-c5dcac0f3e9d] [http-nio-8081-exec-8] c.b.config.logging.HttpLoggingFilter - GET /store/cart -> 200 (3 ms)
2025-11-11 23:10:48.906 [34mINFO [0;39m [a916dad7-05cd-4fc5-afba-c5dcac0f3e9d] [http-nio-8081-exec-8] c.b.config.logging.HttpLoggingFilter - Headers: auth=absent content-type=null accept=application/json, text/plain, */*
2025-11-11 23:10:48.906 [34mINFO [0;39m [a916dad7-05cd-4fc5-afba-c5dcac0f3e9d] [http-nio-8081-exec-8] c.b.config.logging.HttpLoggingFilter - Response payload: []
2025-11-11 23:10:48.914 [34mINFO [0;39m [1899f310-ffba-4f0f-9543-92c6f495ec8b] [http-nio-8081-exec-2] com.bharatshop.web.CartController - Get cart: userId=guest
2025-11-11 23:10:48.917 [34mINFO [0;39m [1899f310-ffba-4f0f-9543-92c6f495ec8b] [http-nio-8081-exec-2] c.b.config.logging.HttpLoggingFilter - GET /store/cart -> 200 (4 ms)
2025-11-11 23:10:48.917 [34mINFO [0;39m [1899f310-ffba-4f0f-9543-92c6f495ec8b] [http-nio-8081-exec-2] c.b.config.logging.HttpLoggingFilter - Headers: auth=absent content-type=null accept=application/json, text/plain, */*
2025-11-11 23:10:48.918 [34mINFO [0;39m [1899f310-ffba-4f0f-9543-92c6f495ec8b] [http-nio-8081-exec-2] c.b.config.logging.HttpLoggingFilter - Response payload: []
2025-11-11 23:10:57.380 [34mINFO [0;39m [e4ed6512-1b1f-43fa-9d70-36293e113575] [http-nio-8081-exec-3] c.b.web.StoreDiscoveryController - Discover stores: tenant=demo-store search=null category=Hospitality
2025-11-11 23:10:57.412 [34mINFO [0;39m [e4ed6512-1b1f-43fa-9d70-36293e113575] [http-nio-8081-exec-3] c.b.config.logging.HttpLoggingFilter - GET /api/stores?category=Hospitality&city=Noida -> 200 (34 ms)
2025-11-11 23:10:57.413 [34mINFO [0;39m [e4ed6512-1b1f-43fa-9d70-36293e113575] [http-nio-8081-exec-3] c.b.config.logging.HttpLoggingFilter - Headers: auth=absent content-type=null accept=application/json, text/plain, */*
2025-11-11 23:10:57.413 [34mINFO [0;39m [e4ed6512-1b1f-43fa-9d70-36293e113575] [http-nio-8081-exec-3] c.b.config.logging.HttpLoggingFilter - Response payload: [{"id":"2a31523c-c615-4e95-a5f3-2b1bcaf71a63","name":"Sunrise Hotel","area":"Beach","category":"hospitality","status":"open","orderingDisabled":false,"updatedAt":"2025-11-11T16:57:51.700970Z"}]
2025-11-11 23:11:01.946 [34mINFO [0;39m [a490a17d-d8b0-4ff9-a7b5-8b83596acc30] [http-nio-8081-exec-6] c.b.web.StoreDiscoveryController - Products by store: tenant=demo-store storeId=2a31523c-c615-4e95-a5f3-2b1bcaf71a63
2025-11-11 23:11:01.946 [34mINFO [0;39m [12f25026-711b-487c-95f7-ed9f86c6edd0] [http-nio-8081-exec-1] c.b.web.StoreDiscoveryController - Get store: tenant=demo-store id=2a31523c-c615-4e95-a5f3-2b1bcaf71a63
2025-11-11 23:11:01.950 [34mINFO [0;39m [12f25026-711b-487c-95f7-ed9f86c6edd0] [http-nio-8081-exec-1] c.b.web.StoreDiscoveryController - Get store success: id=2a31523c-c615-4e95-a5f3-2b1bcaf71a63 name=Sunrise Hotel 
2025-11-11 23:11:01.951 [34mINFO [0;39m [a490a17d-d8b0-4ff9-a7b5-8b83596acc30] [http-nio-8081-exec-6] c.b.config.logging.HttpLoggingFilter - GET /api/products?storeId=2a31523c-c615-4e95-a5f3-2b1bcaf71a63 -> 200 (6 ms)
2025-11-11 23:11:01.951 [34mINFO [0;39m [12f25026-711b-487c-95f7-ed9f86c6edd0] [http-nio-8081-exec-1] c.b.config.logging.HttpLoggingFilter - GET /api/stores/2a31523c-c615-4e95-a5f3-2b1bcaf71a63 -> 200 (6 ms)
2025-11-11 23:11:01.951 [34mINFO [0;39m [a490a17d-d8b0-4ff9-a7b5-8b83596acc30] [http-nio-8081-exec-6] c.b.config.logging.HttpLoggingFilter - Headers: auth=absent content-type=null accept=application/json, text/plain, */*
2025-11-11 23:11:01.951 [34mINFO [0;39m [12f25026-711b-487c-95f7-ed9f86c6edd0] [http-nio-8081-exec-1] c.b.config.logging.HttpLoggingFilter - Headers: auth=absent content-type=null accept=application/json, text/plain, */*
2025-11-11 23:11:01.951 [34mINFO [0;39m [a490a17d-d8b0-4ff9-a7b5-8b83596acc30] [http-nio-8081-exec-6] c.b.config.logging.HttpLoggingFilter - Response payload: [{"id":"33c89a42-fe99-4bd7-ba6d-9ad937499ede","name":"Room Deluxe","price":2500.0,"category":"room","storeId":"2a31523c-c615-4e95-a5f3-2b1bcaf71a63","active":true}]
2025-11-11 23:11:01.951 [34mINFO [0;39m [12f25026-711b-487c-95f7-ed9f86c6edd0] [http-nio-8081-exec-1] c.b.config.logging.HttpLoggingFilter - Response payload: {"id":"2a31523c-c615-4e95-a5f3-2b1bcaf71a63","name":"Sunrise Hotel","area":"Beach","category":"hospitality","status":"open","orderingDisabled":false,"updatedAt":"2025-11-11T16:57:51.700970Z"}
2025-11-11 23:11:04.026 [34mINFO [0;39m [df1a0485-6987-441a-b438-4e63528c8d33] [http-nio-8081-exec-4] c.b.web.AvailabilityController - Check availability: tenant=demo-store storeId=2a31523c-c615-4e95-a5f3-2b1bcaf71a63 roomId=33c89a42-fe99-4bd7-ba6d-9ad937499ede checkIn=2025-11-11 checkOut=2025-11-12 guests=2
2025-11-11 23:11:04.026 [34mINFO [0;39m [df1a0485-6987-441a-b438-4e63528c8d33] [http-nio-8081-exec-4] c.b.web.AvailabilityController - Availability result: available=true nights=1 total=1250
2025-11-11 23:11:04.027 [34mINFO [0;39m [df1a0485-6987-441a-b438-4e63528c8d33] [http-nio-8081-exec-4] c.b.config.logging.HttpLoggingFilter - GET /api/availability?storeId=2a31523c-c615-4e95-a5f3-2b1bcaf71a63&roomId=33c89a42-fe99-4bd7-ba6d-9ad937499ede&checkIn=2025-11-11&checkOut=2025-11-12&guests=2 -> 200 (3 ms)
2025-11-11 23:11:04.029 [34mINFO [0;39m [df1a0485-6987-441a-b438-4e63528c8d33] [http-nio-8081-exec-4] c.b.config.logging.HttpLoggingFilter - Headers: auth=absent content-type=null accept=application/json, text/plain, */*
2025-11-11 23:11:04.029 [34mINFO [0;39m [df1a0485-6987-441a-b438-4e63528c8d33] [http-nio-8081-exec-4] c.b.config.logging.HttpLoggingFilter - Response payload: {"available":true,"nights":1,"base":1000,"surchargeRate":0.1,"subtotal":1100,"taxes":100,"fees":50,"total":1250}
2025-11-11 23:11:07.360 [34mINFO [0;39m [0ca08fbe-4e36-4b70-9bfb-c1e993f4a874] [http-nio-8081-exec-5] c.b.web.AvailabilityController - Check availability: tenant=demo-store storeId=2a31523c-c615-4e95-a5f3-2b1bcaf71a63 roomId=33c89a42-fe99-4bd7-ba6d-9ad937499ede checkIn=2025-11-11 checkOut=2025-11-12 guests=1
2025-11-11 23:11:07.360 [34mINFO [0;39m [0ca08fbe-4e36-4b70-9bfb-c1e993f4a874] [http-nio-8081-exec-5] c.b.web.AvailabilityController - Availability result: available=true nights=1 total=1250
2025-11-11 23:11:07.361 [34mINFO [0;39m [0ca08fbe-4e36-4b70-9bfb-c1e993f4a874] [http-nio-8081-exec-5] c.b.config.logging.HttpLoggingFilter - GET /api/availability?storeId=2a31523c-c615-4e95-a5f3-2b1bcaf71a63&roomId=33c89a42-fe99-4bd7-ba6d-9ad937499ede&checkIn=2025-11-11&checkOut=2025-11-12&guests=1&roomsGuests%5B%5D=1 -> 200 (2 ms)
2025-11-11 23:11:07.362 [34mINFO [0;39m [0ca08fbe-4e36-4b70-9bfb-c1e993f4a874] [http-nio-8081-exec-5] c.b.config.logging.HttpLoggingFilter - Headers: auth=absent content-type=null accept=application/json, text/plain, */*
2025-11-11 23:11:07.362 [34mINFO [0;39m [0ca08fbe-4e36-4b70-9bfb-c1e993f4a874] [http-nio-8081-exec-5] c.b.config.logging.HttpLoggingFilter - Response payload: {"available":true,"nights":1,"base":1000,"surchargeRate":0.1,"subtotal":1100,"taxes":100,"fees":50,"total":1250}
2025-11-11 23:17:18.505 [34mINFO [0;39m [529b65de-ed46-4243-adf6-016e7bfb841e] [http-nio-8081-exec-9] c.b.web.StoreDiscoveryController - Get store: tenant=demo-store id=2a31523c-c615-4e95-a5f3-2b1bcaf71a63
2025-11-11 23:17:18.507 [34mINFO [0;39m [529b65de-ed46-4243-adf6-016e7bfb841e] [http-nio-8081-exec-9] c.b.web.StoreDiscoveryController - Get store success: id=2a31523c-c615-4e95-a5f3-2b1bcaf71a63 name=Sunrise Hotel 
2025-11-11 23:17:18.509 [34mINFO [0;39m [529b65de-ed46-4243-adf6-016e7bfb841e] [http-nio-8081-exec-9] c.b.config.logging.HttpLoggingFilter - GET /api/stores/2a31523c-c615-4e95-a5f3-2b1bcaf71a63 -> 200 (5 ms)
2025-11-11 23:17:18.509 [34mINFO [0;39m [529b65de-ed46-4243-adf6-016e7bfb841e] [http-nio-8081-exec-9] c.b.config.logging.HttpLoggingFilter - Headers: auth=absent content-type=null accept=application/json, text/plain, */*
2025-11-11 23:17:18.510 [34mINFO [0;39m [529b65de-ed46-4243-adf6-016e7bfb841e] [http-nio-8081-exec-9] c.b.config.logging.HttpLoggingFilter - Response payload: {"id":"2a31523c-c615-4e95-a5f3-2b1bcaf71a63","name":"Sunrise Hotel","area":"Beach","category":"hospitality","status":"open","orderingDisabled":false,"updatedAt":"2025-11-11T16:57:51.700970Z"}
2025-11-11 23:17:18.535 [34mINFO [0;39m [faa747e4-8341-4989-b163-9195989ef55f] [http-nio-8081-exec-10] c.b.web.StoreDiscoveryController - Products by store: tenant=demo-store storeId=2a31523c-c615-4e95-a5f3-2b1bcaf71a63
2025-11-11 23:17:18.547 [34mINFO [0;39m [faa747e4-8341-4989-b163-9195989ef55f] [http-nio-8081-exec-10] c.b.config.logging.HttpLoggingFilter - GET /api/products?storeId=2a31523c-c615-4e95-a5f3-2b1bcaf71a63 -> 200 (13 ms)
2025-11-11 23:17:18.548 [34mINFO [0;39m [faa747e4-8341-4989-b163-9195989ef55f] [http-nio-8081-exec-10] c.b.config.logging.HttpLoggingFilter - Headers: auth=absent content-type=null accept=application/json, text/plain, */*
2025-11-11 23:17:18.555 [34mINFO [0;39m [faa747e4-8341-4989-b163-9195989ef55f] [http-nio-8081-exec-10] c.b.config.logging.HttpLoggingFilter - Response payload: [{"id":"33c89a42-fe99-4bd7-ba6d-9ad937499ede","name":"Room Deluxe","price":2500.0,"category":"room","storeId":"2a31523c-c615-4e95-a5f3-2b1bcaf71a63","active":true}]
2025-11-11 23:18:24.085 [34mINFO [0;39m [6fea4c06-61c8-4c56-afbf-e7d0ac94ba82] [http-nio-8081-exec-3] c.b.config.logging.HttpLoggingFilter - GET /store/99ec8214-55fc-479f-a463-de62794fe86c -> 404 (15 ms)
2025-11-11 23:18:24.085 [34mINFO [0;39m [6fea4c06-61c8-4c56-afbf-e7d0ac94ba82] [http-nio-8081-exec-3] c.b.config.logging.HttpLoggingFilter - Headers: auth=absent content-type=null accept=text/html,application/xhtml+xml,application/xml;q=0.9,image/avif,image/webp,image/apng,*/*;q=0.8,application/signed-exchange;v=b3;q=0.7
2025-11-11 23:18:24.141 [34mINFO [0;39m [8b46b3eb-1732-4f5e-977a-202d3aa9361a] [http-nio-8081-exec-1] c.b.config.logging.HttpLoggingFilter - GET /store/99ec8214-55fc-479f-a463-de62794fe86c -> 404 (3 ms)
2025-11-11 23:18:24.141 [34mINFO [0;39m [8b46b3eb-1732-4f5e-977a-202d3aa9361a] [http-nio-8081-exec-1] c.b.config.logging.HttpLoggingFilter - Headers: auth=absent content-type=null accept=text/html,application/xhtml+xml,application/xml;q=0.9,image/avif,image/webp,image/apng,*/*;q=0.8,application/signed-exchange;v=b3;q=0.7
2025-11-11 23:18:50.276 [34mINFO [0;39m [16917846-3d15-4f88-bd9d-e0e83e66ca9b] [http-nio-8081-exec-6] com.bharatshop.web.CartController - Get cart: userId=guest
2025-11-11 23:18:50.279 [34mINFO [0;39m [16917846-3d15-4f88-bd9d-e0e83e66ca9b] [http-nio-8081-exec-6] c.b.config.logging.HttpLoggingFilter - GET /store/cart -> 200 (5 ms)
2025-11-11 23:18:50.281 [34mINFO [0;39m [16917846-3d15-4f88-bd9d-e0e83e66ca9b] [http-nio-8081-exec-6] c.b.config.logging.HttpLoggingFilter - Headers: auth=absent content-type=null accept=application/json, text/plain, */*
2025-11-11 23:18:50.282 [34mINFO [0;39m [16917846-3d15-4f88-bd9d-e0e83e66ca9b] [http-nio-8081-exec-6] c.b.config.logging.HttpLoggingFilter - Response payload: []
2025-11-11 23:18:50.361 [34mINFO [0;39m [3e721b70-3c65-4600-b81f-04059e27225c] [http-nio-8081-exec-4] com.bharatshop.web.CartController - Get cart: userId=guest
2025-11-11 23:18:50.366 [34mINFO [0;39m [3e721b70-3c65-4600-b81f-04059e27225c] [http-nio-8081-exec-4] c.b.config.logging.HttpLoggingFilter - GET /store/cart -> 200 (7 ms)
2025-11-11 23:18:50.367 [34mINFO [0;39m [3e721b70-3c65-4600-b81f-04059e27225c] [http-nio-8081-exec-4] c.b.config.logging.HttpLoggingFilter - Headers: auth=absent content-type=null accept=application/json, text/plain, */*
2025-11-11 23:18:50.369 [34mINFO [0;39m [3e721b70-3c65-4600-b81f-04059e27225c] [http-nio-8081-exec-4] c.b.config.logging.HttpLoggingFilter - Response payload: []
2025-11-11 23:18:50.438 [34mINFO [0;39m [9a2df4db-35fa-44a6-b6e4-25d92448e2f3] [http-nio-8081-exec-5] c.b.web.StoreDiscoveryController - Get store: tenant=demo-store id=2a31523c-c615-4e95-a5f3-2b1bcaf71a63
2025-11-11 23:18:50.444 [34mINFO [0;39m [9a2df4db-35fa-44a6-b6e4-25d92448e2f3] [http-nio-8081-exec-5] c.b.web.StoreDiscoveryController - Get store success: id=2a31523c-c615-4e95-a5f3-2b1bcaf71a63 name=Sunrise Hotel 
2025-11-11 23:18:50.448 [34mINFO [0;39m [9a2df4db-35fa-44a6-b6e4-25d92448e2f3] [http-nio-8081-exec-5] c.b.config.logging.HttpLoggingFilter - GET /api/stores/2a31523c-c615-4e95-a5f3-2b1bcaf71a63 -> 200 (13 ms)
2025-11-11 23:18:50.450 [34mINFO [0;39m [9a2df4db-35fa-44a6-b6e4-25d92448e2f3] [http-nio-8081-exec-5] c.b.config.logging.HttpLoggingFilter - Headers: auth=absent content-type=null accept=application/json, text/plain, */*
2025-11-11 23:18:50.450 [34mINFO [0;39m [9a2df4db-35fa-44a6-b6e4-25d92448e2f3] [http-nio-8081-exec-5] c.b.config.logging.HttpLoggingFilter - Response payload: {"id":"2a31523c-c615-4e95-a5f3-2b1bcaf71a63","name":"Sunrise Hotel","area":"Beach","category":"hospitality","status":"open","orderingDisabled":false,"updatedAt":"2025-11-11T16:57:51.700970Z"}
2025-11-11 23:18:50.467 [34mINFO [0;39m [0695108e-cbe3-4e4c-9e72-165870306d29] [http-nio-8081-exec-7] c.b.web.StoreDiscoveryController - Products by store: tenant=demo-store storeId=2a31523c-c615-4e95-a5f3-2b1bcaf71a63
2025-11-11 23:18:50.478 [34mINFO [0;39m [0695108e-cbe3-4e4c-9e72-165870306d29] [http-nio-8081-exec-7] c.b.config.logging.HttpLoggingFilter - GET /api/products?storeId=2a31523c-c615-4e95-a5f3-2b1bcaf71a63 -> 200 (12 ms)
2025-11-11 23:18:50.478 [34mINFO [0;39m [0695108e-cbe3-4e4c-9e72-165870306d29] [http-nio-8081-exec-7] c.b.config.logging.HttpLoggingFilter - Headers: auth=absent content-type=null accept=application/json, text/plain, */*
2025-11-11 23:18:50.478 [34mINFO [0;39m [0695108e-cbe3-4e4c-9e72-165870306d29] [http-nio-8081-exec-7] c.b.config.logging.HttpLoggingFilter - Response payload: [{"id":"33c89a42-fe99-4bd7-ba6d-9ad937499ede","name":"Room Deluxe","price":2500.0,"category":"room","storeId":"2a31523c-c615-4e95-a5f3-2b1bcaf71a63","active":true}]
2025-11-11 23:19:04.490 [34mINFO [0;39m [16455f70-56d7-4a6e-8385-cc9a368facad] [http-nio-8081-exec-8] com.bharatshop.web.CartController - Get cart: userId=guest
2025-11-11 23:19:04.490 [34mINFO [0;39m [16455f70-56d7-4a6e-8385-cc9a368facad] [http-nio-8081-exec-8] c.b.config.logging.HttpLoggingFilter - GET /store/cart -> 200 (0 ms)
2025-11-11 23:19:04.493 [34mINFO [0;39m [16455f70-56d7-4a6e-8385-cc9a368facad] [http-nio-8081-exec-8] c.b.config.logging.HttpLoggingFilter - Headers: auth=absent content-type=null accept=application/json, text/plain, */*
2025-11-11 23:19:04.494 [34mINFO [0;39m [16455f70-56d7-4a6e-8385-cc9a368facad] [http-nio-8081-exec-8] c.b.config.logging.HttpLoggingFilter - Response payload: []
2025-11-11 23:19:04.501 [34mINFO [0;39m [4a7408e9-5fe9-45ec-8e0c-436d5b8b5e57] [http-nio-8081-exec-2] com.bharatshop.web.CartController - Get cart: userId=guest
2025-11-11 23:19:04.502 [34mINFO [0;39m [4a7408e9-5fe9-45ec-8e0c-436d5b8b5e57] [http-nio-8081-exec-2] c.b.config.logging.HttpLoggingFilter - GET /store/cart -> 200 (2 ms)
2025-11-11 23:19:04.502 [34mINFO [0;39m [4a7408e9-5fe9-45ec-8e0c-436d5b8b5e57] [http-nio-8081-exec-2] c.b.config.logging.HttpLoggingFilter - Headers: auth=absent content-type=null accept=application/json, text/plain, */*
2025-11-11 23:19:04.503 [34mINFO [0;39m [4a7408e9-5fe9-45ec-8e0c-436d5b8b5e57] [http-nio-8081-exec-2] c.b.config.logging.HttpLoggingFilter - Response payload: []
2025-11-11 23:19:04.652 [34mINFO [0;39m [154f9166-b5be-417b-ad48-2f158fbc1682] [http-nio-8081-exec-9] c.b.web.StoreDiscoveryController - Discover stores: tenant=demo-store search=null category=null
2025-11-11 23:19:04.661 [34mINFO [0;39m [154f9166-b5be-417b-ad48-2f158fbc1682] [http-nio-8081-exec-9] c.b.config.logging.HttpLoggingFilter - GET /api/stores -> 200 (10 ms)
2025-11-11 23:19:04.662 [34mINFO [0;39m [154f9166-b5be-417b-ad48-2f158fbc1682] [http-nio-8081-exec-9] c.b.config.logging.HttpLoggingFilter - Headers: auth=absent content-type=null accept=application/json, text/plain, */*
2025-11-11 23:19:04.663 [34mINFO [0;39m [154f9166-b5be-417b-ad48-2f158fbc1682] [http-nio-8081-exec-9] c.b.config.logging.HttpLoggingFilter - Response payload: [{"id":"121fd933-0854-42f0-b1dd-ef6962e204e8","name":"City Pharmacy","area":"Brigade","category":"pharmacy","status":"open","orderingDisabled":false,"updatedAt":"2025-11-11T16:57:51.699970Z"},{"id":"c178bea3-30f7-4eb7-83b2-a7c95cb54503","name":"Fresh Mart","area":"MG Road","category":"grocery","status":"open","orderingDisabled":false,"updatedAt":"2025-11-11T16:57:51.605584Z"},{"id":"2a31523c-c615-4e95-a5f3-2b1bcaf71a63","name":"Sunrise Hotel","area":"Beach","category":"hospitality","status":"open","orderingDisabled":false,"updatedAt":"2025-11-11T16:57:51.700970Z"}]
2025-11-11 23:19:08.387 [34mINFO [0;39m [3538d21f-3938-4f9b-a5ad-de86bf3cb09a] [http-nio-8081-exec-10] c.b.web.StoreDiscoveryController - Discover stores: tenant=demo-store search=null category=Hospitality
2025-11-11 23:19:08.387 [34mINFO [0;39m [3538d21f-3938-4f9b-a5ad-de86bf3cb09a] [http-nio-8081-exec-10] c.b.config.logging.HttpLoggingFilter - GET /api/stores?category=Hospitality -> 200 (1 ms)
2025-11-11 23:19:08.392 [34mINFO [0;39m [3538d21f-3938-4f9b-a5ad-de86bf3cb09a] [http-nio-8081-exec-10] c.b.config.logging.HttpLoggingFilter - Headers: auth=absent content-type=null accept=application/json, text/plain, */*
2025-11-11 23:19:08.392 [34mINFO [0;39m [3538d21f-3938-4f9b-a5ad-de86bf3cb09a] [http-nio-8081-exec-10] c.b.config.logging.HttpLoggingFilter - Response payload: [{"id":"2a31523c-c615-4e95-a5f3-2b1bcaf71a63","name":"Sunrise Hotel","area":"Beach","category":"hospitality","status":"open","orderingDisabled":false,"updatedAt":"2025-11-11T16:57:51.700970Z"}]
2025-11-11 23:19:08.447 [34mINFO [0;39m [257161b2-954b-412f-9174-566a3920a123] [http-nio-8081-exec-3] c.b.web.StoreDiscoveryController - Get store: tenant=demo-store id=2a31523c-c615-4e95-a5f3-2b1bcaf71a63
2025-11-11 23:19:08.447 [34mINFO [0;39m [69961ec4-be05-42b1-8546-b3afaafdd96e] [http-nio-8081-exec-1] c.b.web.StoreDiscoveryController - Products by store: tenant=demo-store storeId=2a31523c-c615-4e95-a5f3-2b1bcaf71a63
2025-11-11 23:19:08.451 [34mINFO [0;39m [257161b2-954b-412f-9174-566a3920a123] [http-nio-8081-exec-3] c.b.web.StoreDiscoveryController - Get store success: id=2a31523c-c615-4e95-a5f3-2b1bcaf71a63 name=Sunrise Hotel 
2025-11-11 23:19:08.451 [34mINFO [0;39m [69961ec4-be05-42b1-8546-b3afaafdd96e] [http-nio-8081-exec-1] c.b.config.logging.HttpLoggingFilter - GET /api/products?storeId=2a31523c-c615-4e95-a5f3-2b1bcaf71a63 -> 200 (5 ms)
2025-11-11 23:19:08.451 [34mINFO [0;39m [69961ec4-be05-42b1-8546-b3afaafdd96e] [http-nio-8081-exec-1] c.b.config.logging.HttpLoggingFilter - Headers: auth=absent content-type=null accept=application/json, text/plain, */*
2025-11-11 23:19:08.451 [34mINFO [0;39m [257161b2-954b-412f-9174-566a3920a123] [http-nio-8081-exec-3] c.b.config.logging.HttpLoggingFilter - GET /api/stores/2a31523c-c615-4e95-a5f3-2b1bcaf71a63 -> 200 (6 ms)
2025-11-11 23:19:08.452 [34mINFO [0;39m [69961ec4-be05-42b1-8546-b3afaafdd96e] [http-nio-8081-exec-1] c.b.config.logging.HttpLoggingFilter - Response payload: [{"id":"33c89a42-fe99-4bd7-ba6d-9ad937499ede","name":"Room Deluxe","price":2500.0,"category":"room","storeId":"2a31523c-c615-4e95-a5f3-2b1bcaf71a63","active":true}]
2025-11-11 23:19:08.464 [34mINFO [0;39m [257161b2-954b-412f-9174-566a3920a123] [http-nio-8081-exec-3] c.b.config.logging.HttpLoggingFilter - Headers: auth=absent content-type=null accept=application/json, text/plain, */*
2025-11-11 23:19:08.466 [34mINFO [0;39m [257161b2-954b-412f-9174-566a3920a123] [http-nio-8081-exec-3] c.b.config.logging.HttpLoggingFilter - Response payload: {"id":"2a31523c-c615-4e95-a5f3-2b1bcaf71a63","name":"Sunrise Hotel","area":"Beach","category":"hospitality","status":"open","orderingDisabled":false,"updatedAt":"2025-11-11T16:57:51.700970Z"}
2025-11-11 23:19:11.132 [34mINFO [0;39m [fa858deb-0792-4d87-b948-2661bdaf09c5] [http-nio-8081-exec-6] c.b.web.AvailabilityController - Check availability: tenant=demo-store storeId=2a31523c-c615-4e95-a5f3-2b1bcaf71a63 roomId=33c89a42-fe99-4bd7-ba6d-9ad937499ede checkIn=2025-11-11 checkOut=2025-11-12 guests=2
2025-11-11 23:19:11.136 [34mINFO [0;39m [fa858deb-0792-4d87-b948-2661bdaf09c5] [http-nio-8081-exec-6] c.b.web.AvailabilityController - Availability result: available=true nights=1 total=1250
2025-11-11 23:19:11.138 [34mINFO [0;39m [fa858deb-0792-4d87-b948-2661bdaf09c5] [http-nio-8081-exec-6] c.b.config.logging.HttpLoggingFilter - GET /api/availability?storeId=2a31523c-c615-4e95-a5f3-2b1bcaf71a63&roomId=33c89a42-fe99-4bd7-ba6d-9ad937499ede&checkIn=2025-11-11&checkOut=2025-11-12&guests=2 -> 200 (6 ms)
2025-11-11 23:19:11.138 [34mINFO [0;39m [fa858deb-0792-4d87-b948-2661bdaf09c5] [http-nio-8081-exec-6] c.b.config.logging.HttpLoggingFilter - Headers: auth=absent content-type=null accept=application/json, text/plain, */*
2025-11-11 23:19:11.138 [34mINFO [0;39m [fa858deb-0792-4d87-b948-2661bdaf09c5] [http-nio-8081-exec-6] c.b.config.logging.HttpLoggingFilter - Response payload: {"available":true,"nights":1,"base":1000,"surchargeRate":0.1,"subtotal":1100,"taxes":100,"fees":50,"total":1250}
2025-11-11 23:22:07.690 [34mINFO [0;39m [0c30908f-8fbc-4233-832a-b2867992791c] [http-nio-8081-exec-4] com.bharatshop.web.CartController - Get cart: userId=guest
2025-11-11 23:22:07.696 [34mINFO [0;39m [0c30908f-8fbc-4233-832a-b2867992791c] [http-nio-8081-exec-4] c.b.config.logging.HttpLoggingFilter - GET /store/cart -> 200 (11 ms)
2025-11-11 23:22:07.698 [34mINFO [0;39m [0c30908f-8fbc-4233-832a-b2867992791c] [http-nio-8081-exec-4] c.b.config.logging.HttpLoggingFilter - Headers: auth=absent content-type=null accept=application/json, text/plain, */*
2025-11-11 23:22:07.698 [34mINFO [0;39m [0c30908f-8fbc-4233-832a-b2867992791c] [http-nio-8081-exec-4] c.b.config.logging.HttpLoggingFilter - Response payload: []
2025-11-11 23:22:07.709 [34mINFO [0;39m [96a8f8fe-21c3-4a1c-93f1-e772562fb541] [http-nio-8081-exec-5] com.bharatshop.web.CartController - Get cart: userId=guest
2025-11-11 23:22:07.710 [34mINFO [0;39m [96a8f8fe-21c3-4a1c-93f1-e772562fb541] [http-nio-8081-exec-5] c.b.config.logging.HttpLoggingFilter - GET /store/cart -> 200 (3 ms)
2025-11-11 23:22:07.711 [34mINFO [0;39m [96a8f8fe-21c3-4a1c-93f1-e772562fb541] [http-nio-8081-exec-5] c.b.config.logging.HttpLoggingFilter - Headers: auth=absent content-type=null accept=application/json, text/plain, */*
2025-11-11 23:22:07.711 [34mINFO [0;39m [96a8f8fe-21c3-4a1c-93f1-e772562fb541] [http-nio-8081-exec-5] c.b.config.logging.HttpLoggingFilter - Response payload: []
2025-11-11 23:22:07.725 [34mINFO [0;39m [7f8c5c3d-8173-4613-9ae3-149c3a0c9696] [http-nio-8081-exec-7] c.b.web.StoreDiscoveryController - Discover stores: tenant=demo-store search=null category=null
2025-11-11 23:22:07.742 [34mINFO [0;39m [7f8c5c3d-8173-4613-9ae3-149c3a0c9696] [http-nio-8081-exec-7] c.b.config.logging.HttpLoggingFilter - GET /api/stores -> 200 (17 ms)
2025-11-11 23:22:07.743 [34mINFO [0;39m [7f8c5c3d-8173-4613-9ae3-149c3a0c9696] [http-nio-8081-exec-7] c.b.config.logging.HttpLoggingFilter - Headers: auth=absent content-type=null accept=application/json, text/plain, */*
2025-11-11 23:22:07.743 [34mINFO [0;39m [7f8c5c3d-8173-4613-9ae3-149c3a0c9696] [http-nio-8081-exec-7] c.b.config.logging.HttpLoggingFilter - Response payload: [{"id":"121fd933-0854-42f0-b1dd-ef6962e204e8","name":"City Pharmacy","area":"Brigade","category":"pharmacy","status":"open","orderingDisabled":false,"updatedAt":"2025-11-11T16:57:51.699970Z"},{"id":"c178bea3-30f7-4eb7-83b2-a7c95cb54503","name":"Fresh Mart","area":"MG Road","category":"grocery","status":"open","orderingDisabled":false,"updatedAt":"2025-11-11T16:57:51.605584Z"},{"id":"2a31523c-c615-4e95-a5f3-2b1bcaf71a63","name":"Sunrise Hotel","area":"Beach","category":"hospitality","status":"open","orderingDisabled":false,"updatedAt":"2025-11-11T16:57:51.700970Z"}]
2025-11-11 23:22:11.997 [34mINFO [0;39m [4a2f1c22-a5a2-430b-bbbc-a69f5e7a9365] [http-nio-8081-exec-8] c.b.web.StoreDiscoveryController - Discover stores: tenant=demo-store search=null category=Hospitality
2025-11-11 23:22:12.003 [34mINFO [0;39m [4a2f1c22-a5a2-430b-bbbc-a69f5e7a9365] [http-nio-8081-exec-8] c.b.config.logging.HttpLoggingFilter - GET /api/stores?category=Hospitality -> 200 (6 ms)
2025-11-11 23:22:12.003 [34mINFO [0;39m [4a2f1c22-a5a2-430b-bbbc-a69f5e7a9365] [http-nio-8081-exec-8] c.b.config.logging.HttpLoggingFilter - Headers: auth=absent content-type=null accept=application/json, text/plain, */*
2025-11-11 23:22:12.003 [34mINFO [0;39m [4a2f1c22-a5a2-430b-bbbc-a69f5e7a9365] [http-nio-8081-exec-8] c.b.config.logging.HttpLoggingFilter - Response payload: [{"id":"2a31523c-c615-4e95-a5f3-2b1bcaf71a63","name":"Sunrise Hotel","area":"Beach","category":"hospitality","status":"open","orderingDisabled":false,"updatedAt":"2025-11-11T16:57:51.700970Z"}]
2025-11-11 23:22:12.263 [34mINFO [0;39m [73b214e5-0a8a-4308-b7ea-63331288cebd] [http-nio-8081-exec-2] c.b.web.StoreDiscoveryController - Get store: tenant=demo-store id=2a31523c-c615-4e95-a5f3-2b1bcaf71a63
2025-11-11 23:22:12.263 [34mINFO [0;39m [460ec0a2-7668-43b9-aaac-1ffc0c45deeb] [http-nio-8081-exec-9] c.b.web.StoreDiscoveryController - Products by store: tenant=demo-store storeId=2a31523c-c615-4e95-a5f3-2b1bcaf71a63
2025-11-11 23:22:12.267 [34mINFO [0;39m [73b214e5-0a8a-4308-b7ea-63331288cebd] [http-nio-8081-exec-2] c.b.web.StoreDiscoveryController - Get store success: id=2a31523c-c615-4e95-a5f3-2b1bcaf71a63 name=Sunrise Hotel 
2025-11-11 23:22:12.268 [34mINFO [0;39m [73b214e5-0a8a-4308-b7ea-63331288cebd] [http-nio-8081-exec-2] c.b.config.logging.HttpLoggingFilter - GET /api/stores/2a31523c-c615-4e95-a5f3-2b1bcaf71a63 -> 200 (5 ms)
2025-11-11 23:22:12.268 [34mINFO [0;39m [73b214e5-0a8a-4308-b7ea-63331288cebd] [http-nio-8081-exec-2] c.b.config.logging.HttpLoggingFilter - Headers: auth=absent content-type=null accept=application/json, text/plain, */*
2025-11-11 23:22:12.268 [34mINFO [0;39m [460ec0a2-7668-43b9-aaac-1ffc0c45deeb] [http-nio-8081-exec-9] c.b.config.logging.HttpLoggingFilter - GET /api/products?storeId=2a31523c-c615-4e95-a5f3-2b1bcaf71a63 -> 200 (5 ms)
2025-11-11 23:22:12.268 [34mINFO [0;39m [73b214e5-0a8a-4308-b7ea-63331288cebd] [http-nio-8081-exec-2] c.b.config.logging.HttpLoggingFilter - Response payload: {"id":"2a31523c-c615-4e95-a5f3-2b1bcaf71a63","name":"Sunrise Hotel","area":"Beach","category":"hospitality","status":"open","orderingDisabled":false,"updatedAt":"2025-11-11T16:57:51.700970Z"}
2025-11-11 23:22:12.270 [34mINFO [0;39m [460ec0a2-7668-43b9-aaac-1ffc0c45deeb] [http-nio-8081-exec-9] c.b.config.logging.HttpLoggingFilter - Headers: auth=absent content-type=null accept=application/json, text/plain, */*
2025-11-11 23:22:12.270 [34mINFO [0;39m [460ec0a2-7668-43b9-aaac-1ffc0c45deeb] [http-nio-8081-exec-9] c.b.config.logging.HttpLoggingFilter - Response payload: [{"id":"33c89a42-fe99-4bd7-ba6d-9ad937499ede","name":"Room Deluxe","price":2500.0,"category":"room","storeId":"2a31523c-c615-4e95-a5f3-2b1bcaf71a63","active":true}]
2025-11-11 23:22:14.561 [34mINFO [0;39m [8a12a87d-be5a-482c-b829-b2eec57b5232] [http-nio-8081-exec-10] c.b.web.AvailabilityController - Check availability: tenant=demo-store storeId=2a31523c-c615-4e95-a5f3-2b1bcaf71a63 roomId=33c89a42-fe99-4bd7-ba6d-9ad937499ede checkIn=2025-11-11 checkOut=2025-11-12 guests=2
2025-11-11 23:22:14.561 [34mINFO [0;39m [8a12a87d-be5a-482c-b829-b2eec57b5232] [http-nio-8081-exec-10] c.b.web.AvailabilityController - Availability result: available=true nights=1 total=1250
2025-11-11 23:22:14.562 [34mINFO [0;39m [8a12a87d-be5a-482c-b829-b2eec57b5232] [http-nio-8081-exec-10] c.b.config.logging.HttpLoggingFilter - GET /api/availability?storeId=2a31523c-c615-4e95-a5f3-2b1bcaf71a63&roomId=33c89a42-fe99-4bd7-ba6d-9ad937499ede&checkIn=2025-11-11&checkOut=2025-11-12&guests=2 -> 200 (2 ms)
2025-11-11 23:22:14.562 [34mINFO [0;39m [8a12a87d-be5a-482c-b829-b2eec57b5232] [http-nio-8081-exec-10] c.b.config.logging.HttpLoggingFilter - Headers: auth=absent content-type=null accept=application/json, text/plain, */*
2025-11-11 23:22:14.563 [34mINFO [0;39m [8a12a87d-be5a-482c-b829-b2eec57b5232] [http-nio-8081-exec-10] c.b.config.logging.HttpLoggingFilter - Response payload: {"available":true,"nights":1,"base":1000,"surchargeRate":0.1,"subtotal":1100,"taxes":100,"fees":50,"total":1250}
2025-11-11 23:26:28.967 [34mINFO [0;39m [843e987f-0437-4c86-9348-8726bf94aec5] [http-nio-8081-exec-1] com.bharatshop.web.CartController - Get cart: userId=guest
2025-11-11 23:26:29.014 [34mINFO [0;39m [843e987f-0437-4c86-9348-8726bf94aec5] [http-nio-8081-exec-1] c.b.config.logging.HttpLoggingFilter - GET /store/cart -> 200 (49 ms)
2025-11-11 23:26:29.015 [34mINFO [0;39m [843e987f-0437-4c86-9348-8726bf94aec5] [http-nio-8081-exec-1] c.b.config.logging.HttpLoggingFilter - Headers: auth=absent content-type=null accept=application/json, text/plain, */*
2025-11-11 23:26:29.015 [34mINFO [0;39m [843e987f-0437-4c86-9348-8726bf94aec5] [http-nio-8081-exec-1] c.b.config.logging.HttpLoggingFilter - Response payload: []
2025-11-11 23:26:29.020 [34mINFO [0;39m [64c3756f-2df3-474a-9285-0a63849616f4] [http-nio-8081-exec-3] c.b.web.StoreDiscoveryController - Discover stores: tenant=demo-store search=null category=null
2025-11-11 23:26:29.035 [34mINFO [0;39m [1b55a6fd-be2d-4641-a1cd-ab05d2269a52] [http-nio-8081-exec-6] com.bharatshop.web.CartController - Get cart: userId=guest
2025-11-11 23:26:29.037 [34mINFO [0;39m [1b55a6fd-be2d-4641-a1cd-ab05d2269a52] [http-nio-8081-exec-6] c.b.config.logging.HttpLoggingFilter - GET /store/cart -> 200 (3 ms)
2025-11-11 23:26:29.038 [34mINFO [0;39m [64c3756f-2df3-474a-9285-0a63849616f4] [http-nio-8081-exec-3] c.b.config.logging.HttpLoggingFilter - GET /api/stores -> 200 (19 ms)
2025-11-11 23:26:29.039 [34mINFO [0;39m [1b55a6fd-be2d-4641-a1cd-ab05d2269a52] [http-nio-8081-exec-6] c.b.config.logging.HttpLoggingFilter - Headers: auth=absent content-type=null accept=application/json, text/plain, */*
2025-11-11 23:26:29.040 [34mINFO [0;39m [64c3756f-2df3-474a-9285-0a63849616f4] [http-nio-8081-exec-3] c.b.config.logging.HttpLoggingFilter - Headers: auth=absent content-type=null accept=application/json, text/plain, */*
2025-11-11 23:26:29.040 [34mINFO [0;39m [64c3756f-2df3-474a-9285-0a63849616f4] [http-nio-8081-exec-3] c.b.config.logging.HttpLoggingFilter - Response payload: [{"id":"121fd933-0854-42f0-b1dd-ef6962e204e8","name":"City Pharmacy","area":"Brigade","category":"pharmacy","status":"open","orderingDisabled":false,"updatedAt":"2025-11-11T16:57:51.699970Z"},{"id":"c178bea3-30f7-4eb7-83b2-a7c95cb54503","name":"Fresh Mart","area":"MG Road","category":"grocery","status":"open","orderingDisabled":false,"updatedAt":"2025-11-11T16:57:51.605584Z"},{"id":"2a31523c-c615-4e95-a5f3-2b1bcaf71a63","name":"Sunrise Hotel","area":"Beach","category":"hospitality","status":"open","orderingDisabled":false,"updatedAt":"2025-11-11T16:57:51.700970Z"}]
2025-11-11 23:26:29.040 [34mINFO [0;39m [1b55a6fd-be2d-4641-a1cd-ab05d2269a52] [http-nio-8081-exec-6] c.b.config.logging.HttpLoggingFilter - Response payload: []
2025-11-11 23:26:31.096 [34mINFO [0;39m [bdf50231-152b-4cbc-ad45-94acf1742bc3] [http-nio-8081-exec-4] c.b.web.StoreDiscoveryController - Discover stores: tenant=demo-store search=null category=Hospitality
2025-11-11 23:26:31.099 [34mINFO [0;39m [bdf50231-152b-4cbc-ad45-94acf1742bc3] [http-nio-8081-exec-4] c.b.config.logging.HttpLoggingFilter - GET /api/stores?category=Hospitality -> 200 (3 ms)
2025-11-11 23:26:31.099 [34mINFO [0;39m [bdf50231-152b-4cbc-ad45-94acf1742bc3] [http-nio-8081-exec-4] c.b.config.logging.HttpLoggingFilter - Headers: auth=absent content-type=null accept=application/json, text/plain, */*
2025-11-11 23:26:31.099 [34mINFO [0;39m [bdf50231-152b-4cbc-ad45-94acf1742bc3] [http-nio-8081-exec-4] c.b.config.logging.HttpLoggingFilter - Response payload: [{"id":"2a31523c-c615-4e95-a5f3-2b1bcaf71a63","name":"Sunrise Hotel","area":"Beach","category":"hospitality","status":"open","orderingDisabled":false,"updatedAt":"2025-11-11T16:57:51.700970Z"}]
2025-11-11 23:26:32.921 [34mINFO [0;39m [62a4648f-8c90-44fb-8a93-084f05f8c32a] [http-nio-8081-exec-5] c.b.web.StoreDiscoveryController - Get store: tenant=demo-store id=2a31523c-c615-4e95-a5f3-2b1bcaf71a63
2025-11-11 23:26:32.922 [34mINFO [0;39m [8edb4e0b-54aa-472a-993f-9f5d9ba9016a] [http-nio-8081-exec-7] c.b.web.StoreDiscoveryController - Products by store: tenant=demo-store storeId=2a31523c-c615-4e95-a5f3-2b1bcaf71a63
2025-11-11 23:26:32.923 [34mINFO [0;39m [62a4648f-8c90-44fb-8a93-084f05f8c32a] [http-nio-8081-exec-5] c.b.web.StoreDiscoveryController - Get store success: id=2a31523c-c615-4e95-a5f3-2b1bcaf71a63 name=Sunrise Hotel 
2025-11-11 23:26:32.925 [34mINFO [0;39m [62a4648f-8c90-44fb-8a93-084f05f8c32a] [http-nio-8081-exec-5] c.b.config.logging.HttpLoggingFilter - GET /api/stores/2a31523c-c615-4e95-a5f3-2b1bcaf71a63 -> 200 (5 ms)
2025-11-11 23:26:32.925 [34mINFO [0;39m [62a4648f-8c90-44fb-8a93-084f05f8c32a] [http-nio-8081-exec-5] c.b.config.logging.HttpLoggingFilter - Headers: auth=absent content-type=null accept=application/json, text/plain, */*
2025-11-11 23:26:32.926 [34mINFO [0;39m [62a4648f-8c90-44fb-8a93-084f05f8c32a] [http-nio-8081-exec-5] c.b.config.logging.HttpLoggingFilter - Response payload: {"id":"2a31523c-c615-4e95-a5f3-2b1bcaf71a63","name":"Sunrise Hotel","area":"Beach","category":"hospitality","status":"open","orderingDisabled":false,"updatedAt":"2025-11-11T16:57:51.700970Z"}
2025-11-11 23:26:32.927 [34mINFO [0;39m [8edb4e0b-54aa-472a-993f-9f5d9ba9016a] [http-nio-8081-exec-7] c.b.config.logging.HttpLoggingFilter - GET /api/products?storeId=2a31523c-c615-4e95-a5f3-2b1bcaf71a63 -> 200 (6 ms)
2025-11-11 23:26:32.928 [34mINFO [0;39m [8edb4e0b-54aa-472a-993f-9f5d9ba9016a] [http-nio-8081-exec-7] c.b.config.logging.HttpLoggingFilter - Headers: auth=absent content-type=null accept=application/json, text/plain, */*
2025-11-11 23:26:32.928 [34mINFO [0;39m [8edb4e0b-54aa-472a-993f-9f5d9ba9016a] [http-nio-8081-exec-7] c.b.config.logging.HttpLoggingFilter - Response payload: [{"id":"33c89a42-fe99-4bd7-ba6d-9ad937499ede","name":"Room Deluxe","price":2500.0,"category":"room","storeId":"2a31523c-c615-4e95-a5f3-2b1bcaf71a63","active":true}]
2025-11-11 23:26:35.368 [34mINFO [0;39m [f5de77f4-ab51-4712-abd2-80daf93c12cd] [http-nio-8081-exec-8] c.b.web.AvailabilityController - Check availability: tenant=demo-store storeId=2a31523c-c615-4e95-a5f3-2b1bcaf71a63 roomId=33c89a42-fe99-4bd7-ba6d-9ad937499ede checkIn=2025-11-11 checkOut=2025-11-12 guests=2
2025-11-11 23:26:35.369 [34mINFO [0;39m [f5de77f4-ab51-4712-abd2-80daf93c12cd] [http-nio-8081-exec-8] c.b.web.AvailabilityController - Availability result: available=true nights=1 total=1250
2025-11-11 23:26:35.371 [34mINFO [0;39m [f5de77f4-ab51-4712-abd2-80daf93c12cd] [http-nio-8081-exec-8] c.b.config.logging.HttpLoggingFilter - GET /api/availability?storeId=2a31523c-c615-4e95-a5f3-2b1bcaf71a63&roomId=33c89a42-fe99-4bd7-ba6d-9ad937499ede&checkIn=2025-11-11&checkOut=2025-11-12&guests=2 -> 200 (4 ms)
2025-11-11 23:26:35.371 [34mINFO [0;39m [f5de77f4-ab51-4712-abd2-80daf93c12cd] [http-nio-8081-exec-8] c.b.config.logging.HttpLoggingFilter - Headers: auth=absent content-type=null accept=application/json, text/plain, */*
2025-11-11 23:26:35.371 [34mINFO [0;39m [f5de77f4-ab51-4712-abd2-80daf93c12cd] [http-nio-8081-exec-8] c.b.config.logging.HttpLoggingFilter - Response payload: {"available":true,"nights":1,"base":1000,"surchargeRate":0.1,"subtotal":1100,"taxes":100,"fees":50,"total":1250}
2025-11-11 23:26:41.267 [34mINFO [0;39m [7717befe-613c-4433-88a3-26a8c0644354] [http-nio-8081-exec-2] c.b.web.AvailabilityController - Check availability: tenant=demo-store storeId=2a31523c-c615-4e95-a5f3-2b1bcaf71a63 roomId=33c89a42-fe99-4bd7-ba6d-9ad937499ede checkIn=2025-11-11 checkOut=2025-11-12 guests=1
2025-11-11 23:26:41.267 [34mINFO [0;39m [7717befe-613c-4433-88a3-26a8c0644354] [http-nio-8081-exec-2] c.b.web.AvailabilityController - Availability result: available=true nights=1 total=1250
2025-11-11 23:26:41.270 [34mINFO [0;39m [7717befe-613c-4433-88a3-26a8c0644354] [http-nio-8081-exec-2] c.b.config.logging.HttpLoggingFilter - GET /api/availability?storeId=2a31523c-c615-4e95-a5f3-2b1bcaf71a63&roomId=33c89a42-fe99-4bd7-ba6d-9ad937499ede&checkIn=2025-11-11&checkOut=2025-11-12&guests=1&roomsGuests%5B%5D=1 -> 200 (3 ms)
2025-11-11 23:26:41.270 [34mINFO [0;39m [7717befe-613c-4433-88a3-26a8c0644354] [http-nio-8081-exec-2] c.b.config.logging.HttpLoggingFilter - Headers: auth=absent content-type=null accept=application/json, text/plain, */*
2025-11-11 23:26:41.270 [34mINFO [0;39m [7717befe-613c-4433-88a3-26a8c0644354] [http-nio-8081-exec-2] c.b.config.logging.HttpLoggingFilter - Response payload: {"available":true,"nights":1,"base":1000,"surchargeRate":0.1,"subtotal":1100,"taxes":100,"fees":50,"total":1250}
2025-11-11 23:27:04.377 [34mINFO [0;39m [4793b845-ca62-471a-8826-2a98bd6a5171] [http-nio-8081-exec-9] com.bharatshop.web.AuthController - OTP send requested: phone=+917355460178
2025-11-11 23:27:04.377 [34mINFO [0;39m [4793b845-ca62-471a-8826-2a98bd6a5171] [http-nio-8081-exec-9] com.bharatshop.service.AuthService - Sending OTP to phone=+917355460178
2025-11-11 23:27:04.381 [34mINFO [0;39m [4793b845-ca62-471a-8826-2a98bd6a5171] [http-nio-8081-exec-9] com.bharatshop.service.AuthService - OTP generated: otpId=74e8885c-c56b-4c44-978d-830fbf9d832b expiresAt=1762883944381
2025-11-11 23:27:05.351 [34mINFO [0;39m [4793b845-ca62-471a-8826-2a98bd6a5171] [http-nio-8081-exec-9] c.b.s.TwilioNotificationService - Twilio SMS sent: phone=+917355460178 status=201
2025-11-11 23:27:05.362 [34mINFO [0;39m [4793b845-ca62-471a-8826-2a98bd6a5171] [http-nio-8081-exec-9] c.b.config.logging.HttpLoggingFilter - POST /api/storefront/auth/otp/send -> 200 (995 ms)
2025-11-11 23:27:05.364 [34mINFO [0;39m [4793b845-ca62-471a-8826-2a98bd6a5171] [http-nio-8081-exec-9] c.b.config.logging.HttpLoggingFilter - Headers: auth=absent content-type=application/json accept=application/json, text/plain, */*
2025-11-11 23:27:05.364 [34mINFO [0;39m [4793b845-ca62-471a-8826-2a98bd6a5171] [http-nio-8081-exec-9] c.b.config.logging.HttpLoggingFilter - Request payload: {"phone":"+917355460178","channel":"sms"}
2025-11-11 23:27:05.364 [34mINFO [0;39m [4793b845-ca62-471a-8826-2a98bd6a5171] [http-nio-8081-exec-9] c.b.config.logging.HttpLoggingFilter - Response payload: {"success":true,"ttlSeconds":120,"otp":"771758","otpId":"74e8885c-c56b-4c44-978d-830fbf9d832b"}
2025-11-11 23:27:17.603 [34mINFO [0;39m [61efb13e-7caf-4ef8-82d4-949caeccd10a] [http-nio-8081-exec-10] com.bharatshop.web.AuthController - OTP verify requested: phone=+917355460178 otpPresent=true
2025-11-11 23:27:17.603 [34mINFO [0;39m [61efb13e-7caf-4ef8-82d4-949caeccd10a] [http-nio-8081-exec-10] com.bharatshop.service.AuthService - Verifying OTP for phone=+917355460178
2025-11-11 23:27:17.607 [34mINFO [0;39m [61efb13e-7caf-4ef8-82d4-949caeccd10a] [http-nio-8081-exec-10] com.bharatshop.service.AuthService - OTP verification success for phone=+917355460178
2025-11-11 23:27:17.607 [34mINFO [0;39m [61efb13e-7caf-4ef8-82d4-949caeccd10a] [http-nio-8081-exec-10] com.bharatshop.service.AuthService - Login (phone) attempt: phone=+917355460178
2025-11-11 23:27:17.658 [34mINFO [0;39m [61efb13e-7caf-4ef8-82d4-949caeccd10a] [http-nio-8081-exec-10] com.bharatshop.service.AuthService - Session created: userId=bf25be6a-046f-41cb-a326-966b820d1182 role=USER
2025-11-11 23:27:17.658 [34mINFO [0;39m [61efb13e-7caf-4ef8-82d4-949caeccd10a] [http-nio-8081-exec-10] com.bharatshop.service.AuthService - Login (phone) success: userId=bf25be6a-046f-41cb-a326-966b820d1182 token=eyJhbGciOiJIUzI1NiIsInR5cCI6IkpXVCJ9.eyJzdWIiOiJiZjI1YmU2YS0wNDZmLTQxY2ItYTMyNi05NjZiODIwZDExODIiLCJuYW1lIjoiVXNlcjAxNzgiLCJyb2xlIjoiVVNFUiIsImlhdCI6MTc2Mjg4MzgzNywiZXhwIjoxNzYyODg3NDM3fQ.jTWDHOJOSZN_B8WqH9LqPepMG2Q8cOpBE7nA1zDles0 role=USER 
2025-11-11 23:27:17.665 [34mINFO [0;39m [61efb13e-7caf-4ef8-82d4-949caeccd10a] [http-nio-8081-exec-10] com.bharatshop.web.AuthController - OTP verify success: userId=bf25be6a-046f-41cb-a326-966b820d1182 tokenPresent=true
2025-11-11 23:27:17.669 [34mINFO [0;39m [61efb13e-7caf-4ef8-82d4-949caeccd10a] [http-nio-8081-exec-10] c.b.config.logging.HttpLoggingFilter - POST /api/storefront/auth/otp/verify -> 200 (68 ms)
2025-11-11 23:27:17.670 [34mINFO [0;39m [61efb13e-7caf-4ef8-82d4-949caeccd10a] [http-nio-8081-exec-10] c.b.config.logging.HttpLoggingFilter - Headers: auth=absent content-type=application/json accept=application/json, text/plain, */*
2025-11-11 23:27:17.670 [34mINFO [0;39m [61efb13e-7caf-4ef8-82d4-949caeccd10a] [http-nio-8081-exec-10] c.b.config.logging.HttpLoggingFilter - Request payload: {"phone":"+917355460178","otp":"771758"}
2025-11-11 23:27:17.670 [34mINFO [0;39m [61efb13e-7caf-4ef8-82d4-949caeccd10a] [http-nio-8081-exec-10] c.b.config.logging.HttpLoggingFilter - Response payload: {"user":{"id":"bf25be6a-046f-41cb-a326-966b820d1182","name":"User0178","phone":"+917355460178","role":"USER"},"token":"eyJhbGciOiJIUzI1NiIsInR5cCI6IkpXVCJ9.eyJzdWIiOiJiZjI1YmU2YS0wNDZmLTQxY2ItYTMyNi05NjZiODIwZDExODIiLCJuYW1lIjoiVXNlcjAxNzgiLCJyb2xlIjoiVVNFUiIsImlhdCI6MTc2Mjg4MzgzNywiZXhwIjoxNzYyODg3NDM3fQ.jTWDHOJOSZN_B8WqH9LqPepMG2Q8cOpBE7nA1zDles0","success":true}
2025-11-11 23:27:17.697 [34mINFO [0;39m [ef10b1fa-52d7-4039-a2b8-c0daac09a3d8] [http-nio-8081-exec-1] com.bharatshop.web.AuthController - Profile requested: tokenPresent=true 
2025-11-11 23:27:17.702 [34mINFO [0;39m [ef10b1fa-52d7-4039-a2b8-c0daac09a3d8] [http-nio-8081-exec-1] com.bharatshop.web.AuthController - Profile success: userId=bf25be6a-046f-41cb-a326-966b820d1182
2025-11-11 23:27:17.706 [34mINFO [0;39m [ef10b1fa-52d7-4039-a2b8-c0daac09a3d8] [http-nio-8081-exec-1] c.b.config.logging.HttpLoggingFilter - GET /api/storefront/auth/profile -> 200 (9 ms)
2025-11-11 23:27:17.706 [34mINFO [0;39m [ef10b1fa-52d7-4039-a2b8-c0daac09a3d8] [http-nio-8081-exec-1] c.b.config.logging.HttpLoggingFilter - Headers: auth=present content-type=null accept=application/json, text/plain, */*
2025-11-11 23:27:17.707 [34mINFO [0;39m [ef10b1fa-52d7-4039-a2b8-c0daac09a3d8] [http-nio-8081-exec-1] c.b.config.logging.HttpLoggingFilter - Response payload: {"id":"bf25be6a-046f-41cb-a326-966b820d1182","name":"User0178","phone":"+917355460178","role":"USER"}
2025-11-11 23:27:17.906 [31mWARN [0;39m [9e99d24a-e9e9-42dc-be31-b090df0f4d3c] [http-nio-8081-exec-6] c.b.config.GlobalExceptionHandler - Validation error: must not be null
2025-11-11 23:27:17.907 [34mINFO [0;39m [9e99d24a-e9e9-42dc-be31-b090df0f4d3c] [http-nio-8081-exec-6] c.b.config.logging.HttpLoggingFilter - POST /api/storefront/checkout -> 400 (191 ms)
2025-11-11 23:27:17.907 [34mINFO [0;39m [9e99d24a-e9e9-42dc-be31-b090df0f4d3c] [http-nio-8081-exec-6] c.b.config.logging.HttpLoggingFilter - Headers: auth=present content-type=application/json accept=application/json, text/plain, */*
2025-11-11 23:27:17.907 [34mINFO [0;39m [9e99d24a-e9e9-42dc-be31-b090df0f4d3c] [http-nio-8081-exec-6] c.b.config.logging.HttpLoggingFilter - Request payload: {"type":"room_booking","store":{"id":"2a31523c-c615-4e95-a5f3-2b1bcaf71a63","name":"Sunrise Hotel"},"room":{"id":"33c89a42-fe99-4bd7-ba6d-9ad937499ede","name":"Room Deluxe","price":2500},"booking":{"checkIn":"2025-11-11","checkOut":"2025-11-12","guests":1,"nights":1,"rooms":1,"perRoomMax":3,"extraMattressAllowed":false,"extraMattressCount":0,"mattressFeePerNight":0,"roomsGuests":[1]},"guest":{"name":"asd","phone":"9876543211"},"notes":"","totals":{"perNight":2500,"nights":1,"payable":2500}}
2025-11-11 23:27:17.909 [34mINFO [0;39m [9e99d24a-e9e9-42dc-be31-b090df0f4d3c] [http-nio-8081-exec-6] c.b.config.logging.HttpLoggingFilter - Response payload: {"message":"must not be null"}
2025-11-11 23:27:53.339 [34mINFO [0;39m [8d18d74d-10fc-4ba6-8084-c423f490f995] [http-nio-8081-exec-3] c.b.web.AvailabilityController - Check availability: tenant=demo-store storeId=2a31523c-c615-4e95-a5f3-2b1bcaf71a63 roomId=33c89a42-fe99-4bd7-ba6d-9ad937499ede checkIn=2025-11-11 checkOut=2025-11-12 guests=1
2025-11-11 23:27:53.339 [34mINFO [0;39m [8d18d74d-10fc-4ba6-8084-c423f490f995] [http-nio-8081-exec-3] c.b.web.AvailabilityController - Availability result: available=true nights=1 total=1250
2025-11-11 23:27:53.341 [34mINFO [0;39m [8d18d74d-10fc-4ba6-8084-c423f490f995] [http-nio-8081-exec-3] c.b.config.logging.HttpLoggingFilter - GET /api/availability?storeId=2a31523c-c615-4e95-a5f3-2b1bcaf71a63&roomId=33c89a42-fe99-4bd7-ba6d-9ad937499ede&checkIn=2025-11-11&checkOut=2025-11-12&guests=1&roomsGuests%5B%5D=1 -> 200 (4 ms)
2025-11-11 23:27:53.341 [34mINFO [0;39m [8d18d74d-10fc-4ba6-8084-c423f490f995] [http-nio-8081-exec-3] c.b.config.logging.HttpLoggingFilter - Headers: auth=present content-type=null accept=application/json, text/plain, */*
2025-11-11 23:27:53.341 [34mINFO [0;39m [8d18d74d-10fc-4ba6-8084-c423f490f995] [http-nio-8081-exec-3] c.b.config.logging.HttpLoggingFilter - Response payload: {"available":true,"nights":1,"base":1000,"surchargeRate":0.1,"subtotal":1100,"taxes":100,"fees":50,"total":1250}
2025-11-11 23:27:57.548 [31mWARN [0;39m [31dc1303-0169-4c59-a80a-b0b5e825030a] [http-nio-8081-exec-4] c.b.config.GlobalExceptionHandler - Validation error: must not be null
2025-11-11 23:27:57.549 [34mINFO [0;39m [31dc1303-0169-4c59-a80a-b0b5e825030a] [http-nio-8081-exec-4] c.b.config.logging.HttpLoggingFilter - POST /api/storefront/checkout -> 400 (4 ms)
2025-11-11 23:27:57.549 [34mINFO [0;39m [31dc1303-0169-4c59-a80a-b0b5e825030a] [http-nio-8081-exec-4] c.b.config.logging.HttpLoggingFilter - Headers: auth=present content-type=application/json accept=application/json, text/plain, */*
2025-11-11 23:27:57.549 [34mINFO [0;39m [31dc1303-0169-4c59-a80a-b0b5e825030a] [http-nio-8081-exec-4] c.b.config.logging.HttpLoggingFilter - Request payload: {"type":"room_booking","store":{"id":"2a31523c-c615-4e95-a5f3-2b1bcaf71a63","name":"Sunrise Hotel"},"room":{"id":"33c89a42-fe99-4bd7-ba6d-9ad937499ede","name":"Room Deluxe","price":2500},"booking":{"checkIn":"2025-11-11","checkOut":"2025-11-12","guests":1,"nights":1,"rooms":1,"perRoomMax":3,"extraMattressAllowed":false,"extraMattressCount":0,"mattressFeePerNight":0,"roomsGuests":[1]},"guest":{"name":"asd","phone":"9876543211"},"notes":"","totals":{"perNight":1000,"nights":1,"subtotal":1100,"taxes":110,"fees":55,"payable":1265}}
2025-11-11 23:27:57.551 [34mINFO [0;39m [31dc1303-0169-4c59-a80a-b0b5e825030a] [http-nio-8081-exec-4] c.b.config.logging.HttpLoggingFilter - Response payload: {"message":"must not be null"}
2025-11-11 23:28:06.725 [31mWARN [0;39m [5945aa42-759e-469a-887c-1e4485de74a0] [http-nio-8081-exec-5] c.b.config.GlobalExceptionHandler - Validation error: must not be null
2025-11-11 23:28:06.726 [34mINFO [0;39m [5945aa42-759e-469a-887c-1e4485de74a0] [http-nio-8081-exec-5] c.b.config.logging.HttpLoggingFilter - POST /api/storefront/checkout -> 400 (3 ms)
2025-11-11 23:28:06.727 [34mINFO [0;39m [5945aa42-759e-469a-887c-1e4485de74a0] [http-nio-8081-exec-5] c.b.config.logging.HttpLoggingFilter - Headers: auth=present content-type=application/json accept=application/json, text/plain, */*
2025-11-11 23:28:06.727 [34mINFO [0;39m [5945aa42-759e-469a-887c-1e4485de74a0] [http-nio-8081-exec-5] c.b.config.logging.HttpLoggingFilter - Request payload: {"type":"room_booking","store":{"id":"2a31523c-c615-4e95-a5f3-2b1bcaf71a63","name":"Sunrise Hotel"},"room":{"id":"33c89a42-fe99-4bd7-ba6d-9ad937499ede","name":"Room Deluxe","price":2500},"booking":{"checkIn":"2025-11-11","checkOut":"2025-11-12","guests":1,"nights":1,"rooms":1,"perRoomMax":3,"extraMattressAllowed":false,"extraMattressCount":0,"mattressFeePerNight":0,"roomsGuests":[1]},"guest":{"name":"asd","phone":"9876543211"},"notes":"","totals":{"perNight":1000,"nights":1,"subtotal":1100,"taxes":110,"fees":55,"payable":1265}}
2025-11-11 23:28:06.727 [34mINFO [0;39m [5945aa42-759e-469a-887c-1e4485de74a0] [http-nio-8081-exec-5] c.b.config.logging.HttpLoggingFilter - Response payload: {"message":"must not be null"}
2025-11-11 23:28:18.613 [31mWARN [0;39m [3dff4637-a4fb-40d2-a4be-2edc686c871d] [http-nio-8081-exec-7] c.b.config.GlobalExceptionHandler - Validation error: must not be null
2025-11-11 23:28:18.614 [34mINFO [0;39m [3dff4637-a4fb-40d2-a4be-2edc686c871d] [http-nio-8081-exec-7] c.b.config.logging.HttpLoggingFilter - POST /api/storefront/checkout -> 400 (4 ms)
2025-11-11 23:28:18.614 [34mINFO [0;39m [3dff4637-a4fb-40d2-a4be-2edc686c871d] [http-nio-8081-exec-7] c.b.config.logging.HttpLoggingFilter - Headers: auth=present content-type=application/json accept=application/json, text/plain, */*
2025-11-11 23:28:18.614 [34mINFO [0;39m [3dff4637-a4fb-40d2-a4be-2edc686c871d] [http-nio-8081-exec-7] c.b.config.logging.HttpLoggingFilter - Request payload: {"type":"room_booking","store":{"id":"2a31523c-c615-4e95-a5f3-2b1bcaf71a63","name":"Sunrise Hotel"},"room":{"id":"33c89a42-fe99-4bd7-ba6d-9ad937499ede","name":"Room Deluxe","price":2500},"booking":{"checkIn":"2025-11-11","checkOut":"2025-11-12","guests":1,"nights":1,"rooms":1,"perRoomMax":3,"extraMattressAllowed":false,"extraMattressCount":0,"mattressFeePerNight":0,"roomsGuests":[1]},"guest":{"name":"asd","phone":"9876543211"},"notes":"ik","totals":{"perNight":1000,"nights":1,"subtotal":1100,"taxes":110,"fees":55,"payable":1265}}
2025-11-11 23:28:18.614 [34mINFO [0;39m [3dff4637-a4fb-40d2-a4be-2edc686c871d] [http-nio-8081-exec-7] c.b.config.logging.HttpLoggingFilter - Response payload: {"message":"must not be null"}
2025-11-11 23:28:23.000 [31mWARN [0;39m [7a4604dd-962c-441c-ba1c-708114a48b21] [http-nio-8081-exec-8] c.b.config.GlobalExceptionHandler - Validation error: must not be null
2025-11-11 23:28:23.002 [34mINFO [0;39m [7a4604dd-962c-441c-ba1c-708114a48b21] [http-nio-8081-exec-8] c.b.config.logging.HttpLoggingFilter - POST /api/storefront/checkout -> 400 (3 ms)
2025-11-11 23:28:23.002 [34mINFO [0;39m [7a4604dd-962c-441c-ba1c-708114a48b21] [http-nio-8081-exec-8] c.b.config.logging.HttpLoggingFilter - Headers: auth=present content-type=application/json accept=application/json, text/plain, */*
2025-11-11 23:28:23.002 [34mINFO [0;39m [7a4604dd-962c-441c-ba1c-708114a48b21] [http-nio-8081-exec-8] c.b.config.logging.HttpLoggingFilter - Request payload: {"type":"room_booking","store":{"id":"2a31523c-c615-4e95-a5f3-2b1bcaf71a63","name":"Sunrise Hotel"},"room":{"id":"33c89a42-fe99-4bd7-ba6d-9ad937499ede","name":"Room Deluxe","price":2500},"booking":{"checkIn":"2025-11-11","checkOut":"2025-11-12","guests":1,"nights":1,"rooms":1,"perRoomMax":3,"extraMattressAllowed":false,"extraMattressCount":0,"mattressFeePerNight":0,"roomsGuests":[1]},"guest":{"name":"asdjih","phone":"9876543211"},"notes":"ik","totals":{"perNight":1000,"nights":1,"subtotal":1100,"taxes":110,"fees":55,"payable":1265}}
2025-11-11 23:28:23.002 [34mINFO [0;39m [7a4604dd-962c-441c-ba1c-708114a48b21] [http-nio-8081-exec-8] c.b.config.logging.HttpLoggingFilter - Response payload: {"message":"must not be null"}
2025-11-11 23:30:00.066 [34mINFO [0;39m [5060e9c6-d4da-4555-8ff0-fd8f84960b15] [http-nio-8081-exec-2] com.bharatshop.web.CartController - Get cart: userId=bf25be6a-046f-41cb-a326-966b820d1182
2025-11-11 23:30:00.072 [34mINFO [0;39m [5060e9c6-d4da-4555-8ff0-fd8f84960b15] [http-nio-8081-exec-2] c.b.config.logging.HttpLoggingFilter - GET /store/cart -> 200 (6 ms)
2025-11-11 23:30:00.119 [34mINFO [0;39m [5060e9c6-d4da-4555-8ff0-fd8f84960b15] [http-nio-8081-exec-2] c.b.config.logging.HttpLoggingFilter - Headers: auth=present content-type=null accept=application/json, text/plain, */*
2025-11-11 23:30:00.120 [34mINFO [0;39m [5060e9c6-d4da-4555-8ff0-fd8f84960b15] [http-nio-8081-exec-2] c.b.config.logging.HttpLoggingFilter - Response payload: []
2025-11-11 23:30:00.087 [34mINFO [0;39m [552c0b63-0731-49f4-bb43-38cb8c2ede93] [http-nio-8081-exec-9] com.bharatshop.web.AuthController - Profile requested: tokenPresent=true 
2025-11-11 23:30:00.135 [34mINFO [0;39m [552c0b63-0731-49f4-bb43-38cb8c2ede93] [http-nio-8081-exec-9] com.bharatshop.web.AuthController - Profile success: userId=bf25be6a-046f-41cb-a326-966b820d1182
2025-11-11 23:30:00.135 [34mINFO [0;39m [c4f345ad-b694-4681-be31-bfa70f2f4262] [http-nio-8081-exec-10] com.bharatshop.web.CartController - Get cart: userId=bf25be6a-046f-41cb-a326-966b820d1182
2025-11-11 23:30:00.137 [34mINFO [0;39m [c4f345ad-b694-4681-be31-bfa70f2f4262] [http-nio-8081-exec-10] c.b.config.logging.HttpLoggingFilter - GET /store/cart -> 200 (2 ms)
2025-11-11 23:30:00.138 [34mINFO [0;39m [552c0b63-0731-49f4-bb43-38cb8c2ede93] [http-nio-8081-exec-9] c.b.config.logging.HttpLoggingFilter - GET /api/storefront/auth/profile -> 200 (53 ms)
2025-11-11 23:30:00.138 [34mINFO [0;39m [c4f345ad-b694-4681-be31-bfa70f2f4262] [http-nio-8081-exec-10] c.b.config.logging.HttpLoggingFilter - Headers: auth=present content-type=null accept=application/json, text/plain, */*
2025-11-11 23:30:00.139 [34mINFO [0;39m [c4f345ad-b694-4681-be31-bfa70f2f4262] [http-nio-8081-exec-10] c.b.config.logging.HttpLoggingFilter - Response payload: []
2025-11-11 23:30:00.139 [34mINFO [0;39m [552c0b63-0731-49f4-bb43-38cb8c2ede93] [http-nio-8081-exec-9] c.b.config.logging.HttpLoggingFilter - Headers: auth=present content-type=null accept=application/json, text/plain, */*
2025-11-11 23:30:00.140 [34mINFO [0;39m [552c0b63-0731-49f4-bb43-38cb8c2ede93] [http-nio-8081-exec-9] c.b.config.logging.HttpLoggingFilter - Response payload: {"id":"bf25be6a-046f-41cb-a326-966b820d1182","name":"User0178","phone":"+917355460178","role":"USER"}
2025-11-11 23:30:00.155 [34mINFO [0;39m [d077f487-fbe0-486d-b62e-ff5cceb489a5] [http-nio-8081-exec-1] com.bharatshop.web.AuthController - Profile requested: tokenPresent=true 
2025-11-11 23:30:00.160 [34mINFO [0;39m [d077f487-fbe0-486d-b62e-ff5cceb489a5] [http-nio-8081-exec-1] com.bharatshop.web.AuthController - Profile success: userId=bf25be6a-046f-41cb-a326-966b820d1182
2025-11-11 23:30:00.164 [34mINFO [0;39m [d077f487-fbe0-486d-b62e-ff5cceb489a5] [http-nio-8081-exec-1] c.b.config.logging.HttpLoggingFilter - GET /api/storefront/auth/profile -> 200 (10 ms)
2025-11-11 23:30:00.164 [34mINFO [0;39m [d077f487-fbe0-486d-b62e-ff5cceb489a5] [http-nio-8081-exec-1] c.b.config.logging.HttpLoggingFilter - Headers: auth=present content-type=null accept=application/json, text/plain, */*
2025-11-11 23:30:00.164 [34mINFO [0;39m [d077f487-fbe0-486d-b62e-ff5cceb489a5] [http-nio-8081-exec-1] c.b.config.logging.HttpLoggingFilter - Response payload: {"id":"bf25be6a-046f-41cb-a326-966b820d1182","name":"User0178","phone":"+917355460178","role":"USER"}
2025-11-11 23:30:00.181 [34mINFO [0;39m [f07818be-ce6d-4e42-94fe-d1650959e442] [http-nio-8081-exec-6] c.b.web.StoreDiscoveryController - Discover stores: tenant=demo-store search=null category=null
2025-11-11 23:30:00.192 [34mINFO [0;39m [f07818be-ce6d-4e42-94fe-d1650959e442] [http-nio-8081-exec-6] c.b.config.logging.HttpLoggingFilter - GET /api/stores -> 200 (12 ms)
2025-11-11 23:30:00.195 [34mINFO [0;39m [f07818be-ce6d-4e42-94fe-d1650959e442] [http-nio-8081-exec-6] c.b.config.logging.HttpLoggingFilter - Headers: auth=present content-type=null accept=application/json, text/plain, */*
2025-11-11 23:30:00.196 [34mINFO [0;39m [f07818be-ce6d-4e42-94fe-d1650959e442] [http-nio-8081-exec-6] c.b.config.logging.HttpLoggingFilter - Response payload: [{"id":"121fd933-0854-42f0-b1dd-ef6962e204e8","name":"City Pharmacy","area":"Brigade","category":"pharmacy","status":"open","orderingDisabled":false,"updatedAt":"2025-11-11T16:57:51.699970Z"},{"id":"c178bea3-30f7-4eb7-83b2-a7c95cb54503","name":"Fresh Mart","area":"MG Road","category":"grocery","status":"open","orderingDisabled":false,"updatedAt":"2025-11-11T16:57:51.605584Z"},{"id":"2a31523c-c615-4e95-a5f3-2b1bcaf71a63","name":"Sunrise Hotel","area":"Beach","category":"hospitality","status":"open","orderingDisabled":false,"updatedAt":"2025-11-11T16:57:51.700970Z"}]
2025-11-11 23:30:03.937 [34mINFO [0;39m [4424b509-8444-4557-bbff-65c94dd33732] [http-nio-8081-exec-3] c.b.web.StoreDiscoveryController - Discover stores: tenant=demo-store search=null category=Hospitality
2025-11-11 23:30:03.940 [34mINFO [0;39m [4424b509-8444-4557-bbff-65c94dd33732] [http-nio-8081-exec-3] c.b.config.logging.HttpLoggingFilter - GET /api/stores?category=Hospitality -> 200 (3 ms)
2025-11-11 23:30:03.941 [34mINFO [0;39m [4424b509-8444-4557-bbff-65c94dd33732] [http-nio-8081-exec-3] c.b.config.logging.HttpLoggingFilter - Headers: auth=present content-type=null accept=application/json, text/plain, */*
2025-11-11 23:30:03.941 [34mINFO [0;39m [4424b509-8444-4557-bbff-65c94dd33732] [http-nio-8081-exec-3] c.b.config.logging.HttpLoggingFilter - Response payload: [{"id":"2a31523c-c615-4e95-a5f3-2b1bcaf71a63","name":"Sunrise Hotel","area":"Beach","category":"hospitality","status":"open","orderingDisabled":false,"updatedAt":"2025-11-11T16:57:51.700970Z"}]
2025-11-11 23:30:05.094 [34mINFO [0;39m [04a89bc5-b62e-4711-96ac-8a0aa1afda32] [http-nio-8081-exec-5] c.b.web.StoreDiscoveryController - Products by store: tenant=demo-store storeId=2a31523c-c615-4e95-a5f3-2b1bcaf71a63
2025-11-11 23:30:05.094 [34mINFO [0;39m [098ea548-4adb-4639-b6ff-f12452b06894] [http-nio-8081-exec-4] c.b.web.StoreDiscoveryController - Get store: tenant=demo-store id=2a31523c-c615-4e95-a5f3-2b1bcaf71a63
2025-11-11 23:30:05.098 [34mINFO [0;39m [098ea548-4adb-4639-b6ff-f12452b06894] [http-nio-8081-exec-4] c.b.web.StoreDiscoveryController - Get store success: id=2a31523c-c615-4e95-a5f3-2b1bcaf71a63 name=Sunrise Hotel 
2025-11-11 23:30:05.125 [34mINFO [0;39m [04a89bc5-b62e-4711-96ac-8a0aa1afda32] [http-nio-8081-exec-5] c.b.config.logging.HttpLoggingFilter - GET /api/products?storeId=2a31523c-c615-4e95-a5f3-2b1bcaf71a63 -> 200 (31 ms)
2025-11-11 23:30:05.126 [34mINFO [0;39m [04a89bc5-b62e-4711-96ac-8a0aa1afda32] [http-nio-8081-exec-5] c.b.config.logging.HttpLoggingFilter - Headers: auth=present content-type=null accept=application/json, text/plain, */*
2025-11-11 23:30:05.127 [34mINFO [0;39m [04a89bc5-b62e-4711-96ac-8a0aa1afda32] [http-nio-8081-exec-5] c.b.config.logging.HttpLoggingFilter - Response payload: [{"id":"33c89a42-fe99-4bd7-ba6d-9ad937499ede","name":"Room Deluxe","price":2500.0,"category":"room","storeId":"2a31523c-c615-4e95-a5f3-2b1bcaf71a63","active":true}]
2025-11-11 23:30:05.126 [34mINFO [0;39m [098ea548-4adb-4639-b6ff-f12452b06894] [http-nio-8081-exec-4] c.b.config.logging.HttpLoggingFilter - GET /api/stores/2a31523c-c615-4e95-a5f3-2b1bcaf71a63 -> 200 (32 ms)
2025-11-11 23:30:05.128 [34mINFO [0;39m [098ea548-4adb-4639-b6ff-f12452b06894] [http-nio-8081-exec-4] c.b.config.logging.HttpLoggingFilter - Headers: auth=present content-type=null accept=application/json, text/plain, */*
2025-11-11 23:30:05.133 [34mINFO [0;39m [098ea548-4adb-4639-b6ff-f12452b06894] [http-nio-8081-exec-4] c.b.config.logging.HttpLoggingFilter - Response payload: {"id":"2a31523c-c615-4e95-a5f3-2b1bcaf71a63","name":"Sunrise Hotel","area":"Beach","category":"hospitality","status":"open","orderingDisabled":false,"updatedAt":"2025-11-11T16:57:51.700970Z"}
2025-11-11 23:30:05.152 [34mINFO [0;39m [abe2de26-5db0-4848-aa0f-4290022f1b8a] [http-nio-8081-exec-7] c.b.web.StoreDiscoveryController - Get store: tenant=demo-store id=2a31523c-c615-4e95-a5f3-2b1bcaf71a63
2025-11-11 23:30:05.155 [34mINFO [0;39m [abe2de26-5db0-4848-aa0f-4290022f1b8a] [http-nio-8081-exec-7] c.b.web.StoreDiscoveryController - Get store success: id=2a31523c-c615-4e95-a5f3-2b1bcaf71a63 name=Sunrise Hotel 
2025-11-11 23:30:05.157 [34mINFO [0;39m [abe2de26-5db0-4848-aa0f-4290022f1b8a] [http-nio-8081-exec-7] c.b.config.logging.HttpLoggingFilter - GET /api/stores/2a31523c-c615-4e95-a5f3-2b1bcaf71a63 -> 200 (7 ms)
2025-11-11 23:30:05.159 [34mINFO [0;39m [abe2de26-5db0-4848-aa0f-4290022f1b8a] [http-nio-8081-exec-7] c.b.config.logging.HttpLoggingFilter - Headers: auth=present content-type=null accept=application/json, text/plain, */*
2025-11-11 23:30:05.159 [34mINFO [0;39m [abe2de26-5db0-4848-aa0f-4290022f1b8a] [http-nio-8081-exec-7] c.b.config.logging.HttpLoggingFilter - Response payload: {"id":"2a31523c-c615-4e95-a5f3-2b1bcaf71a63","name":"Sunrise Hotel","area":"Beach","category":"hospitality","status":"open","orderingDisabled":false,"updatedAt":"2025-11-11T16:57:51.700970Z"}
2025-11-11 23:30:06.329 [34mINFO [0;39m [624cff3d-b139-4d95-9742-7f76a9d0274b] [http-nio-8081-exec-8] c.b.config.logging.HttpLoggingFilter - GET /store/2a31523c-c615-4e95-a5f3-2b1bcaf71a63 -> 404 (4 ms)
2025-11-11 23:30:06.330 [34mINFO [0;39m [624cff3d-b139-4d95-9742-7f76a9d0274b] [http-nio-8081-exec-8] c.b.config.logging.HttpLoggingFilter - Headers: auth=absent content-type=null accept=text/html,application/xhtml+xml,application/xml;q=0.9,image/avif,image/webp,image/apng,*/*;q=0.8,application/signed-exchange;v=b3;q=0.7
2025-11-11 23:30:09.351 [34mINFO [0;39m [495f286c-29fe-4a8f-bed2-cf5d60b0acf2] [http-nio-8081-exec-2] c.b.config.logging.HttpLoggingFilter - GET /store/2a31523c-c615-4e95-a5f3-2b1bcaf71a63 -> 404 (2 ms)
2025-11-11 23:30:09.351 [34mINFO [0;39m [495f286c-29fe-4a8f-bed2-cf5d60b0acf2] [http-nio-8081-exec-2] c.b.config.logging.HttpLoggingFilter - Headers: auth=absent content-type=null accept=text/html,application/xhtml+xml,application/xml;q=0.9,image/avif,image/webp,image/apng,*/*;q=0.8,application/signed-exchange;v=b3;q=0.7
2025-11-11 23:30:32.765 [34mINFO [0;39m [97af4119-14c8-4f5a-be13-13b11294ba43] [http-nio-8081-exec-10] c.b.config.logging.HttpLoggingFilter - GET /store/?ide_webview_request_time=1762884032752 -> 404 (5 ms)
2025-11-11 23:30:32.766 [34mINFO [0;39m [97af4119-14c8-4f5a-be13-13b11294ba43] [http-nio-8081-exec-10] c.b.config.logging.HttpLoggingFilter - Headers: auth=absent content-type=null accept=text/html,application/xhtml+xml,application/xml;q=0.9,image/avif,image/webp,image/apng,*/*;q=0.8,application/signed-exchange;v=b3;q=0.7
2025-11-11 23:30:36.276 [34mINFO [0;39m [353553ff-7660-4aa8-bbb4-356c80882ed6] [http-nio-8081-exec-9] c.b.config.logging.HttpLoggingFilter - GET /store/?ide_webview_request_time=1762884032752 -> 404 (2 ms)
2025-11-11 23:30:36.277 [34mINFO [0;39m [353553ff-7660-4aa8-bbb4-356c80882ed6] [http-nio-8081-exec-9] c.b.config.logging.HttpLoggingFilter - Headers: auth=absent content-type=null accept=text/html,application/xhtml+xml,application/xml;q=0.9,image/avif,image/webp,image/apng,*/*;q=0.8,application/signed-exchange;v=b3;q=0.7
2025-11-11 23:30:40.800 [34mINFO [0;39m [44b604af-4d76-441c-84b6-95ca00137e7f] [http-nio-8081-exec-1] c.b.config.logging.HttpLoggingFilter - GET /store/?ide_webview_request_time=1762884032752 -> 404 (9 ms)
2025-11-11 23:30:40.800 [34mINFO [0;39m [44b604af-4d76-441c-84b6-95ca00137e7f] [http-nio-8081-exec-1] c.b.config.logging.HttpLoggingFilter - Headers: auth=absent content-type=null accept=text/html,application/xhtml+xml,application/xml;q=0.9,image/avif,image/webp,image/apng,*/*;q=0.8,application/signed-exchange;v=b3;q=0.7
2025-11-11 23:30:46.493 [34mINFO [0;39m [7757932f-a5c2-42e2-b4aa-59015be1c0a3] [http-nio-8081-exec-6] c.b.config.logging.HttpLoggingFilter - GET /store/?ide_webview_request_time=1762884032752 -> 404 (3 ms)
2025-11-11 23:30:46.493 [34mINFO [0;39m [7757932f-a5c2-42e2-b4aa-59015be1c0a3] [http-nio-8081-exec-6] c.b.config.logging.HttpLoggingFilter - Headers: auth=absent content-type=null accept=text/html,application/xhtml+xml,application/xml;q=0.9,image/avif,image/webp,image/apng,*/*;q=0.8,application/signed-exchange;v=b3;q=0.7
2025-11-11 23:30:53.857 [34mINFO [0;39m [f15c33ee-96ec-4093-a527-503d05569696] [http-nio-8081-exec-3] c.b.config.logging.HttpLoggingFilter - GET /store/2a31523c-c615-4e95-a5f3-2b1bcaf71a63 -> 404 (4 ms)
2025-11-11 23:30:53.857 [34mINFO [0;39m [f15c33ee-96ec-4093-a527-503d05569696] [http-nio-8081-exec-3] c.b.config.logging.HttpLoggingFilter - Headers: auth=absent content-type=null accept=text/html,application/xhtml+xml,application/xml;q=0.9,image/avif,image/webp,image/apng,*/*;q=0.8,application/signed-exchange;v=b3;q=0.7
2025-11-11 23:30:55.135 [34mINFO [0;39m [e7f31da1-da11-4467-97d0-03a4eaee070b] [http-nio-8081-exec-5] c.b.config.logging.HttpLoggingFilter - GET /store/2a31523c-c615-4e95-a5f3-2b1bcaf71a63 -> 404 (1 ms)
2025-11-11 23:30:55.136 [34mINFO [0;39m [e7f31da1-da11-4467-97d0-03a4eaee070b] [http-nio-8081-exec-5] c.b.config.logging.HttpLoggingFilter - Headers: auth=absent content-type=null accept=text/html,application/xhtml+xml,application/xml;q=0.9,image/avif,image/webp,image/apng,*/*;q=0.8,application/signed-exchange;v=b3;q=0.7
2025-11-11 23:30:59.608 [34mINFO [0;39m [c592bed7-3c3c-4a67-9029-69d05f5cd255] [http-nio-8081-exec-7] com.bharatshop.web.AuthController - Profile requested: tokenPresent=true 
2025-11-11 23:30:59.612 [34mINFO [0;39m [c592bed7-3c3c-4a67-9029-69d05f5cd255] [http-nio-8081-exec-7] com.bharatshop.web.AuthController - Profile success: userId=bf25be6a-046f-41cb-a326-966b820d1182
2025-11-11 23:30:59.619 [34mINFO [0;39m [c592bed7-3c3c-4a67-9029-69d05f5cd255] [http-nio-8081-exec-7] c.b.config.logging.HttpLoggingFilter - GET /api/storefront/auth/profile -> 200 (12 ms)
2025-11-11 23:30:59.625 [34mINFO [0;39m [c592bed7-3c3c-4a67-9029-69d05f5cd255] [http-nio-8081-exec-7] c.b.config.logging.HttpLoggingFilter - Headers: auth=present content-type=null accept=application/json, text/plain, */*
2025-11-11 23:30:59.625 [34mINFO [0;39m [c592bed7-3c3c-4a67-9029-69d05f5cd255] [http-nio-8081-exec-7] c.b.config.logging.HttpLoggingFilter - Response payload: {"id":"bf25be6a-046f-41cb-a326-966b820d1182","name":"User0178","phone":"+917355460178","role":"USER"}
2025-11-11 23:30:59.633 [34mINFO [0;39m [41ba403d-8adc-4d51-bcdb-5c265c3de815] [http-nio-8081-exec-4] com.bharatshop.web.CartController - Get cart: userId=bf25be6a-046f-41cb-a326-966b820d1182
2025-11-11 23:30:59.655 [34mINFO [0;39m [d0cda014-b666-4357-8cb5-993da12eed46] [http-nio-8081-exec-8] com.bharatshop.web.AuthController - Profile requested: tokenPresent=true 
2025-11-11 23:30:59.657 [34mINFO [0;39m [41ba403d-8adc-4d51-bcdb-5c265c3de815] [http-nio-8081-exec-4] c.b.config.logging.HttpLoggingFilter - GET /store/cart -> 200 (27 ms)
2025-11-11 23:30:59.673 [34mINFO [0;39m [d0cda014-b666-4357-8cb5-993da12eed46] [http-nio-8081-exec-8] com.bharatshop.web.AuthController - Profile success: userId=bf25be6a-046f-41cb-a326-966b820d1182
2025-11-11 23:30:59.687 [34mINFO [0;39m [d0cda014-b666-4357-8cb5-993da12eed46] [http-nio-8081-exec-8] c.b.config.logging.HttpLoggingFilter - GET /api/storefront/auth/profile -> 200 (32 ms)
2025-11-11 23:30:59.688 [34mINFO [0;39m [d0cda014-b666-4357-8cb5-993da12eed46] [http-nio-8081-exec-8] c.b.config.logging.HttpLoggingFilter - Headers: auth=present content-type=null accept=application/json, text/plain, */*
2025-11-11 23:30:59.688 [34mINFO [0;39m [d0cda014-b666-4357-8cb5-993da12eed46] [http-nio-8081-exec-8] c.b.config.logging.HttpLoggingFilter - Response payload: {"id":"bf25be6a-046f-41cb-a326-966b820d1182","name":"User0178","phone":"+917355460178","role":"USER"}
2025-11-11 23:30:59.679 [34mINFO [0;39m [41ba403d-8adc-4d51-bcdb-5c265c3de815] [http-nio-8081-exec-4] c.b.config.logging.HttpLoggingFilter - Headers: auth=present content-type=null accept=application/json, text/plain, */*
2025-11-11 23:30:59.690 [34mINFO [0;39m [41ba403d-8adc-4d51-bcdb-5c265c3de815] [http-nio-8081-exec-4] c.b.config.logging.HttpLoggingFilter - Response payload: []
2025-11-11 23:30:59.705 [34mINFO [0;39m [0dd56814-25ed-4f36-9b36-02632e34edd5] [http-nio-8081-exec-2] c.b.web.StoreDiscoveryController - Discover stores: tenant=demo-store search=null category=null
2025-11-11 23:30:59.708 [34mINFO [0;39m [3ded8a20-46d8-4193-8241-c20b0dc53c7c] [http-nio-8081-exec-10] com.bharatshop.web.CartController - Get cart: userId=bf25be6a-046f-41cb-a326-966b820d1182
2025-11-11 23:30:59.709 [34mINFO [0;39m [3ded8a20-46d8-4193-8241-c20b0dc53c7c] [http-nio-8081-exec-10] c.b.config.logging.HttpLoggingFilter - GET /store/cart -> 200 (2 ms)
2025-11-11 23:30:59.710 [34mINFO [0;39m [3ded8a20-46d8-4193-8241-c20b0dc53c7c] [http-nio-8081-exec-10] c.b.config.logging.HttpLoggingFilter - Headers: auth=present content-type=null accept=application/json, text/plain, */*
2025-11-11 23:30:59.711 [34mINFO [0;39m [0dd56814-25ed-4f36-9b36-02632e34edd5] [http-nio-8081-exec-2] c.b.config.logging.HttpLoggingFilter - GET /api/stores -> 200 (7 ms)
2025-11-11 23:30:59.711 [34mINFO [0;39m [3ded8a20-46d8-4193-8241-c20b0dc53c7c] [http-nio-8081-exec-10] c.b.config.logging.HttpLoggingFilter - Response payload: []
2025-11-11 23:30:59.713 [34mINFO [0;39m [0dd56814-25ed-4f36-9b36-02632e34edd5] [http-nio-8081-exec-2] c.b.config.logging.HttpLoggingFilter - Headers: auth=present content-type=null accept=application/json, text/plain, */*
2025-11-11 23:30:59.713 [34mINFO [0;39m [0dd56814-25ed-4f36-9b36-02632e34edd5] [http-nio-8081-exec-2] c.b.config.logging.HttpLoggingFilter - Response payload: [{"id":"121fd933-0854-42f0-b1dd-ef6962e204e8","name":"City Pharmacy","area":"Brigade","category":"pharmacy","status":"open","orderingDisabled":false,"updatedAt":"2025-11-11T16:57:51.699970Z"},{"id":"c178bea3-30f7-4eb7-83b2-a7c95cb54503","name":"Fresh Mart","area":"MG Road","category":"grocery","status":"open","orderingDisabled":false,"updatedAt":"2025-11-11T16:57:51.605584Z"},{"id":"2a31523c-c615-4e95-a5f3-2b1bcaf71a63","name":"Sunrise Hotel","area":"Beach","category":"hospitality","status":"open","orderingDisabled":false,"updatedAt":"2025-11-11T16:57:51.700970Z"}]
2025-11-11 23:31:02.019 [34mINFO [0;39m [ba75472f-94d5-49d8-81f4-f8f8809f8233] [http-nio-8081-exec-9] c.b.web.StoreDiscoveryController - Discover stores: tenant=demo-store search=null category=Hospitality
2025-11-11 23:31:02.023 [34mINFO [0;39m [ba75472f-94d5-49d8-81f4-f8f8809f8233] [http-nio-8081-exec-9] c.b.config.logging.HttpLoggingFilter - GET /api/stores?category=Hospitality -> 200 (4 ms)
2025-11-11 23:31:02.023 [34mINFO [0;39m [ba75472f-94d5-49d8-81f4-f8f8809f8233] [http-nio-8081-exec-9] c.b.config.logging.HttpLoggingFilter - Headers: auth=present content-type=null accept=application/json, text/plain, */*
2025-11-11 23:31:02.023 [34mINFO [0;39m [ba75472f-94d5-49d8-81f4-f8f8809f8233] [http-nio-8081-exec-9] c.b.config.logging.HttpLoggingFilter - Response payload: [{"id":"2a31523c-c615-4e95-a5f3-2b1bcaf71a63","name":"Sunrise Hotel","area":"Beach","category":"hospitality","status":"open","orderingDisabled":false,"updatedAt":"2025-11-11T16:57:51.700970Z"}]
2025-11-11 23:31:02.463 [34mINFO [0;39m [877f4ef3-af90-4586-81e4-82c384f513af] [http-nio-8081-exec-1] c.b.web.StoreDiscoveryController - Get store: tenant=demo-store id=2a31523c-c615-4e95-a5f3-2b1bcaf71a63
2025-11-11 23:31:02.463 [34mINFO [0;39m [e7b3d2d5-fe17-49e4-9fef-7256f9bbf3bd] [http-nio-8081-exec-6] c.b.web.StoreDiscoveryController - Products by store: tenant=demo-store storeId=2a31523c-c615-4e95-a5f3-2b1bcaf71a63
2025-11-11 23:31:02.466 [34mINFO [0;39m [877f4ef3-af90-4586-81e4-82c384f513af] [http-nio-8081-exec-1] c.b.web.StoreDiscoveryController - Get store success: id=2a31523c-c615-4e95-a5f3-2b1bcaf71a63 name=Sunrise Hotel 
2025-11-11 23:31:02.467 [34mINFO [0;39m [877f4ef3-af90-4586-81e4-82c384f513af] [http-nio-8081-exec-1] c.b.config.logging.HttpLoggingFilter - GET /api/stores/2a31523c-c615-4e95-a5f3-2b1bcaf71a63 -> 200 (4 ms)
2025-11-11 23:31:02.467 [34mINFO [0;39m [e7b3d2d5-fe17-49e4-9fef-7256f9bbf3bd] [http-nio-8081-exec-6] c.b.config.logging.HttpLoggingFilter - GET /api/products?storeId=2a31523c-c615-4e95-a5f3-2b1bcaf71a63 -> 200 (4 ms)
2025-11-11 23:31:02.467 [34mINFO [0;39m [877f4ef3-af90-4586-81e4-82c384f513af] [http-nio-8081-exec-1] c.b.config.logging.HttpLoggingFilter - Headers: auth=present content-type=null accept=application/json, text/plain, */*
2025-11-11 23:31:02.467 [34mINFO [0;39m [e7b3d2d5-fe17-49e4-9fef-7256f9bbf3bd] [http-nio-8081-exec-6] c.b.config.logging.HttpLoggingFilter - Headers: auth=present content-type=null accept=application/json, text/plain, */*
2025-11-11 23:31:02.467 [34mINFO [0;39m [877f4ef3-af90-4586-81e4-82c384f513af] [http-nio-8081-exec-1] c.b.config.logging.HttpLoggingFilter - Response payload: {"id":"2a31523c-c615-4e95-a5f3-2b1bcaf71a63","name":"Sunrise Hotel","area":"Beach","category":"hospitality","status":"open","orderingDisabled":false,"updatedAt":"2025-11-11T16:57:51.700970Z"}
2025-11-11 23:31:02.467 [34mINFO [0;39m [e7b3d2d5-fe17-49e4-9fef-7256f9bbf3bd] [http-nio-8081-exec-6] c.b.config.logging.HttpLoggingFilter - Response payload: [{"id":"33c89a42-fe99-4bd7-ba6d-9ad937499ede","name":"Room Deluxe","price":2500.0,"category":"room","storeId":"2a31523c-c615-4e95-a5f3-2b1bcaf71a63","active":true}]
2025-11-11 23:31:05.141 [34mINFO [0;39m [0a6680d5-a41b-4e1f-a164-37935240d3a6] [http-nio-8081-exec-3] c.b.web.AvailabilityController - Check availability: tenant=demo-store storeId=2a31523c-c615-4e95-a5f3-2b1bcaf71a63 roomId=33c89a42-fe99-4bd7-ba6d-9ad937499ede checkIn=2025-11-11 checkOut=2025-11-12 guests=2
2025-11-11 23:31:05.141 [34mINFO [0;39m [0a6680d5-a41b-4e1f-a164-37935240d3a6] [http-nio-8081-exec-3] c.b.web.AvailabilityController - Availability result: available=true nights=1 total=1250
2025-11-11 23:31:05.142 [34mINFO [0;39m [0a6680d5-a41b-4e1f-a164-37935240d3a6] [http-nio-8081-exec-3] c.b.config.logging.HttpLoggingFilter - GET /api/availability?storeId=2a31523c-c615-4e95-a5f3-2b1bcaf71a63&roomId=33c89a42-fe99-4bd7-ba6d-9ad937499ede&checkIn=2025-11-11&checkOut=2025-11-12&guests=2 -> 200 (5 ms)
2025-11-11 23:31:05.142 [34mINFO [0;39m [0a6680d5-a41b-4e1f-a164-37935240d3a6] [http-nio-8081-exec-3] c.b.config.logging.HttpLoggingFilter - Headers: auth=present content-type=null accept=application/json, text/plain, */*
2025-11-11 23:31:05.142 [34mINFO [0;39m [0a6680d5-a41b-4e1f-a164-37935240d3a6] [http-nio-8081-exec-3] c.b.config.logging.HttpLoggingFilter - Response payload: {"available":true,"nights":1,"base":1000,"surchargeRate":0.1,"subtotal":1100,"taxes":100,"fees":50,"total":1250}
2025-11-11 23:31:18.879 [34mINFO [0;39m [57c80d46-0514-4635-a943-bcbb24b3193b] [http-nio-8081-exec-5] c.b.web.StoreDiscoveryController - Discover stores: tenant=demo-store search=null category=Hospitality
2025-11-11 23:31:18.882 [34mINFO [0;39m [57c80d46-0514-4635-a943-bcbb24b3193b] [http-nio-8081-exec-5] c.b.config.logging.HttpLoggingFilter - GET /api/stores?category=Hospitality -> 200 (3 ms)
2025-11-11 23:31:18.882 [34mINFO [0;39m [57c80d46-0514-4635-a943-bcbb24b3193b] [http-nio-8081-exec-5] c.b.config.logging.HttpLoggingFilter - Headers: auth=present content-type=null accept=application/json, text/plain, */*
2025-11-11 23:31:18.882 [34mINFO [0;39m [57c80d46-0514-4635-a943-bcbb24b3193b] [http-nio-8081-exec-5] c.b.config.logging.HttpLoggingFilter - Response payload: [{"id":"2a31523c-c615-4e95-a5f3-2b1bcaf71a63","name":"Sunrise Hotel","area":"Beach","category":"hospitality","status":"open","orderingDisabled":false,"updatedAt":"2025-11-11T16:57:51.700970Z"}]
2025-11-11 23:31:24.078 [34mINFO [0;39m [7cde4baf-6e93-4195-83b2-7beb3efa347f] [http-nio-8081-exec-7] c.b.web.AvailabilityController - Check availability: tenant=demo-store storeId=2a31523c-c615-4e95-a5f3-2b1bcaf71a63 roomId=33c89a42-fe99-4bd7-ba6d-9ad937499ede checkIn=2025-11-11 checkOut=2025-11-12 guests=2
2025-11-11 23:31:24.078 [34mINFO [0;39m [7cde4baf-6e93-4195-83b2-7beb3efa347f] [http-nio-8081-exec-7] c.b.web.AvailabilityController - Availability result: available=true nights=1 total=1250
2025-11-11 23:31:24.078 [34mINFO [0;39m [7cde4baf-6e93-4195-83b2-7beb3efa347f] [http-nio-8081-exec-7] c.b.config.logging.HttpLoggingFilter - GET /api/availability?storeId=2a31523c-c615-4e95-a5f3-2b1bcaf71a63&roomId=33c89a42-fe99-4bd7-ba6d-9ad937499ede&checkIn=2025-11-11&checkOut=2025-11-12&guests=2 -> 200 (0 ms)
2025-11-11 23:31:24.078 [34mINFO [0;39m [7cde4baf-6e93-4195-83b2-7beb3efa347f] [http-nio-8081-exec-7] c.b.config.logging.HttpLoggingFilter - Headers: auth=present content-type=null accept=application/json, text/plain, */*
2025-11-11 23:31:24.078 [34mINFO [0;39m [7cde4baf-6e93-4195-83b2-7beb3efa347f] [http-nio-8081-exec-7] c.b.config.logging.HttpLoggingFilter - Response payload: {"available":true,"nights":1,"base":1000,"surchargeRate":0.1,"subtotal":1100,"taxes":100,"fees":50,"total":1250}
2025-11-11 23:31:28.916 [34mINFO [0;39m [a67518b5-da34-4687-92d4-a84bf4bb1374] [http-nio-8081-exec-8] c.b.web.AvailabilityController - Check availability: tenant=demo-store storeId=2a31523c-c615-4e95-a5f3-2b1bcaf71a63 roomId=33c89a42-fe99-4bd7-ba6d-9ad937499ede checkIn=2025-11-11 checkOut=2025-11-12 guests=1
2025-11-11 23:31:28.916 [34mINFO [0;39m [a67518b5-da34-4687-92d4-a84bf4bb1374] [http-nio-8081-exec-8] c.b.web.AvailabilityController - Availability result: available=true nights=1 total=1250
2025-11-11 23:31:28.918 [34mINFO [0;39m [a67518b5-da34-4687-92d4-a84bf4bb1374] [http-nio-8081-exec-8] c.b.config.logging.HttpLoggingFilter - GET /api/availability?storeId=2a31523c-c615-4e95-a5f3-2b1bcaf71a63&roomId=33c89a42-fe99-4bd7-ba6d-9ad937499ede&checkIn=2025-11-11&checkOut=2025-11-12&guests=1&roomsGuests%5B%5D=1 -> 200 (3 ms)
2025-11-11 23:31:28.918 [34mINFO [0;39m [a67518b5-da34-4687-92d4-a84bf4bb1374] [http-nio-8081-exec-8] c.b.config.logging.HttpLoggingFilter - Headers: auth=present content-type=null accept=application/json, text/plain, */*
2025-11-11 23:31:28.918 [34mINFO [0;39m [a67518b5-da34-4687-92d4-a84bf4bb1374] [http-nio-8081-exec-8] c.b.config.logging.HttpLoggingFilter - Response payload: {"available":true,"nights":1,"base":1000,"surchargeRate":0.1,"subtotal":1100,"taxes":100,"fees":50,"total":1250}
2025-11-11 23:31:35.090 [31mWARN [0;39m [4602aa18-9487-43ab-ad52-fbc799fd4687] [http-nio-8081-exec-4] c.b.config.GlobalExceptionHandler - Validation error: must not be null
2025-11-11 23:31:35.090 [34mINFO [0;39m [4602aa18-9487-43ab-ad52-fbc799fd4687] [http-nio-8081-exec-4] c.b.config.logging.HttpLoggingFilter - POST /api/storefront/checkout -> 400 (5 ms)
2025-11-11 23:31:35.091 [34mINFO [0;39m [4602aa18-9487-43ab-ad52-fbc799fd4687] [http-nio-8081-exec-4] c.b.config.logging.HttpLoggingFilter - Headers: auth=present content-type=application/json accept=application/json, text/plain, */*
2025-11-11 23:31:35.091 [34mINFO [0;39m [4602aa18-9487-43ab-ad52-fbc799fd4687] [http-nio-8081-exec-4] c.b.config.logging.HttpLoggingFilter - Request payload: {"type":"room_booking","store":{"id":"2a31523c-c615-4e95-a5f3-2b1bcaf71a63","name":"Sunrise Hotel"},"room":{"id":"33c89a42-fe99-4bd7-ba6d-9ad937499ede","name":"Room Deluxe","price":2500},"booking":{"checkIn":"2025-11-11","checkOut":"2025-11-12","guests":1,"nights":1,"rooms":1,"perRoomMax":3,"extraMattressAllowed":false,"extraMattressCount":0,"mattressFeePerNight":0,"roomsGuests":[1]},"guest":{"name":"knk","phone":"+917355460178"},"notes":"","totals":{"perNight":1000,"nights":1,"subtotal":1100,"taxes":110,"fees":55,"payable":1265}}
2025-11-11 23:31:35.091 [34mINFO [0;39m [4602aa18-9487-43ab-ad52-fbc799fd4687] [http-nio-8081-exec-4] c.b.config.logging.HttpLoggingFilter - Response payload: {"message":"must not be null"}
2025-11-11 23:32:52.447 [34mINFO [0;39m [eb138bd1-3684-484c-a28c-1abd3c908962] [http-nio-8081-exec-10] com.bharatshop.web.CartController - Get cart: userId=bf25be6a-046f-41cb-a326-966b820d1182
2025-11-11 23:32:52.447 [34mINFO [0;39m [def31542-ffb0-4e4f-9372-47a3e273fcb0] [http-nio-8081-exec-2] com.bharatshop.web.AuthController - Profile requested: tokenPresent=true 
2025-11-11 23:32:52.449 [34mINFO [0;39m [eb138bd1-3684-484c-a28c-1abd3c908962] [http-nio-8081-exec-10] c.b.config.logging.HttpLoggingFilter - GET /store/cart -> 200 (2 ms)
2025-11-11 23:32:52.449 [34mINFO [0;39m [eb138bd1-3684-484c-a28c-1abd3c908962] [http-nio-8081-exec-10] c.b.config.logging.HttpLoggingFilter - Headers: auth=present content-type=null accept=application/json, text/plain, */*
2025-11-11 23:32:52.449 [34mINFO [0;39m [eb138bd1-3684-484c-a28c-1abd3c908962] [http-nio-8081-exec-10] c.b.config.logging.HttpLoggingFilter - Response payload: []
2025-11-11 23:32:52.450 [34mINFO [0;39m [def31542-ffb0-4e4f-9372-47a3e273fcb0] [http-nio-8081-exec-2] com.bharatshop.web.AuthController - Profile success: userId=bf25be6a-046f-41cb-a326-966b820d1182
2025-11-11 23:32:52.453 [34mINFO [0;39m [def31542-ffb0-4e4f-9372-47a3e273fcb0] [http-nio-8081-exec-2] c.b.config.logging.HttpLoggingFilter - GET /api/storefront/auth/profile -> 200 (6 ms)
2025-11-11 23:32:52.453 [34mINFO [0;39m [def31542-ffb0-4e4f-9372-47a3e273fcb0] [http-nio-8081-exec-2] c.b.config.logging.HttpLoggingFilter - Headers: auth=present content-type=null accept=application/json, text/plain, */*
2025-11-11 23:32:52.454 [34mINFO [0;39m [def31542-ffb0-4e4f-9372-47a3e273fcb0] [http-nio-8081-exec-2] c.b.config.logging.HttpLoggingFilter - Response payload: {"id":"bf25be6a-046f-41cb-a326-966b820d1182","name":"User0178","phone":"+917355460178","role":"USER"}
2025-11-11 23:32:52.469 [34mINFO [0;39m [846328af-dba1-42af-bbcd-68087a03986d] [http-nio-8081-exec-1] com.bharatshop.web.AuthController - Profile requested: tokenPresent=true 
2025-11-11 23:32:52.469 [34mINFO [0;39m [bdbb1ecf-0923-4a4f-b045-8e426eeb5f66] [http-nio-8081-exec-9] com.bharatshop.web.CartController - Get cart: userId=bf25be6a-046f-41cb-a326-966b820d1182
2025-11-11 23:32:52.472 [34mINFO [0;39m [bdbb1ecf-0923-4a4f-b045-8e426eeb5f66] [http-nio-8081-exec-9] c.b.config.logging.HttpLoggingFilter - GET /store/cart -> 200 (3 ms)
2025-11-11 23:32:52.473 [34mINFO [0;39m [bdbb1ecf-0923-4a4f-b045-8e426eeb5f66] [http-nio-8081-exec-9] c.b.config.logging.HttpLoggingFilter - Headers: auth=present content-type=null accept=application/json, text/plain, */*
2025-11-11 23:32:52.473 [34mINFO [0;39m [bdbb1ecf-0923-4a4f-b045-8e426eeb5f66] [http-nio-8081-exec-9] c.b.config.logging.HttpLoggingFilter - Response payload: []
2025-11-11 23:32:52.473 [34mINFO [0;39m [846328af-dba1-42af-bbcd-68087a03986d] [http-nio-8081-exec-1] com.bharatshop.web.AuthController - Profile success: userId=bf25be6a-046f-41cb-a326-966b820d1182
2025-11-11 23:32:52.479 [34mINFO [0;39m [846328af-dba1-42af-bbcd-68087a03986d] [http-nio-8081-exec-1] c.b.config.logging.HttpLoggingFilter - GET /api/storefront/auth/profile -> 200 (10 ms)
2025-11-11 23:32:52.480 [34mINFO [0;39m [846328af-dba1-42af-bbcd-68087a03986d] [http-nio-8081-exec-1] c.b.config.logging.HttpLoggingFilter - Headers: auth=present content-type=null accept=application/json, text/plain, */*
2025-11-11 23:32:52.480 [34mINFO [0;39m [846328af-dba1-42af-bbcd-68087a03986d] [http-nio-8081-exec-1] c.b.config.logging.HttpLoggingFilter - Response payload: {"id":"bf25be6a-046f-41cb-a326-966b820d1182","name":"User0178","phone":"+917355460178","role":"USER"}
2025-11-11 23:32:52.514 [34mINFO [0;39m [9b4f7a0f-9a26-4f2d-8416-d8d845ae6bd8] [http-nio-8081-exec-6] c.b.web.StoreDiscoveryController - Discover stores: tenant=demo-store search=null category=null
2025-11-11 23:32:52.519 [34mINFO [0;39m [9b4f7a0f-9a26-4f2d-8416-d8d845ae6bd8] [http-nio-8081-exec-6] c.b.config.logging.HttpLoggingFilter - GET /api/stores -> 200 (6 ms)
2025-11-11 23:32:52.520 [34mINFO [0;39m [9b4f7a0f-9a26-4f2d-8416-d8d845ae6bd8] [http-nio-8081-exec-6] c.b.config.logging.HttpLoggingFilter - Headers: auth=present content-type=null accept=application/json, text/plain, */*
2025-11-11 23:32:52.520 [34mINFO [0;39m [9b4f7a0f-9a26-4f2d-8416-d8d845ae6bd8] [http-nio-8081-exec-6] c.b.config.logging.HttpLoggingFilter - Response payload: [{"id":"121fd933-0854-42f0-b1dd-ef6962e204e8","name":"City Pharmacy","area":"Brigade","category":"pharmacy","status":"open","orderingDisabled":false,"updatedAt":"2025-11-11T16:57:51.699970Z"},{"id":"c178bea3-30f7-4eb7-83b2-a7c95cb54503","name":"Fresh Mart","area":"MG Road","category":"grocery","status":"open","orderingDisabled":false,"updatedAt":"2025-11-11T16:57:51.605584Z"},{"id":"2a31523c-c615-4e95-a5f3-2b1bcaf71a63","name":"Sunrise Hotel","area":"Beach","category":"hospitality","status":"open","orderingDisabled":false,"updatedAt":"2025-11-11T16:57:51.700970Z"}]
2025-11-11 23:33:27.017 [34mINFO [0;39m [f84d5fa3-bdb0-4977-af6b-dac043250499] [http-nio-8081-exec-3] c.b.web.StoreDiscoveryController - Discover stores: tenant=demo-store search=null category=Hospitality
2025-11-11 23:33:27.020 [34mINFO [0;39m [f84d5fa3-bdb0-4977-af6b-dac043250499] [http-nio-8081-exec-3] c.b.config.logging.HttpLoggingFilter - GET /api/stores?category=Hospitality -> 200 (4 ms)
2025-11-11 23:33:27.021 [34mINFO [0;39m [f84d5fa3-bdb0-4977-af6b-dac043250499] [http-nio-8081-exec-3] c.b.config.logging.HttpLoggingFilter - Headers: auth=present content-type=null accept=application/json, text/plain, */*
2025-11-11 23:33:27.021 [34mINFO [0;39m [f84d5fa3-bdb0-4977-af6b-dac043250499] [http-nio-8081-exec-3] c.b.config.logging.HttpLoggingFilter - Response payload: [{"id":"2a31523c-c615-4e95-a5f3-2b1bcaf71a63","name":"Sunrise Hotel","area":"Beach","category":"hospitality","status":"open","orderingDisabled":false,"updatedAt":"2025-11-11T16:57:51.700970Z"}]
2025-11-11 23:33:28.433 [34mINFO [0;39m [798e690b-ee5e-4f8b-becb-9a8cdb128fb4] [http-nio-8081-exec-5] c.b.web.StoreDiscoveryController - Get store: tenant=demo-store id=2a31523c-c615-4e95-a5f3-2b1bcaf71a63
2025-11-11 23:33:28.434 [34mINFO [0;39m [60a49989-a328-4792-ad46-5e03b8b9a412] [http-nio-8081-exec-7] c.b.web.StoreDiscoveryController - Products by store: tenant=demo-store storeId=2a31523c-c615-4e95-a5f3-2b1bcaf71a63
2025-11-11 23:33:28.437 [34mINFO [0;39m [798e690b-ee5e-4f8b-becb-9a8cdb128fb4] [http-nio-8081-exec-5] c.b.web.StoreDiscoveryController - Get store success: id=2a31523c-c615-4e95-a5f3-2b1bcaf71a63 name=Sunrise Hotel 
2025-11-11 23:33:28.439 [34mINFO [0;39m [798e690b-ee5e-4f8b-becb-9a8cdb128fb4] [http-nio-8081-exec-5] c.b.config.logging.HttpLoggingFilter - GET /api/stores/2a31523c-c615-4e95-a5f3-2b1bcaf71a63 -> 200 (7 ms)
2025-11-11 23:33:28.440 [34mINFO [0;39m [798e690b-ee5e-4f8b-becb-9a8cdb128fb4] [http-nio-8081-exec-5] c.b.config.logging.HttpLoggingFilter - Headers: auth=present content-type=null accept=application/json, text/plain, */*
2025-11-11 23:33:28.440 [34mINFO [0;39m [798e690b-ee5e-4f8b-becb-9a8cdb128fb4] [http-nio-8081-exec-5] c.b.config.logging.HttpLoggingFilter - Response payload: {"id":"2a31523c-c615-4e95-a5f3-2b1bcaf71a63","name":"Sunrise Hotel","area":"Beach","category":"hospitality","status":"open","orderingDisabled":false,"updatedAt":"2025-11-11T16:57:51.700970Z"}
2025-11-11 23:33:28.443 [34mINFO [0;39m [60a49989-a328-4792-ad46-5e03b8b9a412] [http-nio-8081-exec-7] c.b.config.logging.HttpLoggingFilter - GET /api/products?storeId=2a31523c-c615-4e95-a5f3-2b1bcaf71a63 -> 200 (9 ms)
2025-11-11 23:33:28.444 [34mINFO [0;39m [60a49989-a328-4792-ad46-5e03b8b9a412] [http-nio-8081-exec-7] c.b.config.logging.HttpLoggingFilter - Headers: auth=present content-type=null accept=application/json, text/plain, */*
2025-11-11 23:33:28.445 [34mINFO [0;39m [60a49989-a328-4792-ad46-5e03b8b9a412] [http-nio-8081-exec-7] c.b.config.logging.HttpLoggingFilter - Response payload: [{"id":"33c89a42-fe99-4bd7-ba6d-9ad937499ede","name":"Room Deluxe","price":2500.0,"category":"room","storeId":"2a31523c-c615-4e95-a5f3-2b1bcaf71a63","active":true}]
2025-11-11 23:33:36.425 [34mINFO [0;39m [056c1d05-9e0b-490e-b533-514a5f1293b8] [http-nio-8081-exec-8] c.b.web.AvailabilityController - Check availability: tenant=demo-store storeId=2a31523c-c615-4e95-a5f3-2b1bcaf71a63 roomId=33c89a42-fe99-4bd7-ba6d-9ad937499ede checkIn=2025-11-11 checkOut=2025-11-12 guests=2
2025-11-11 23:33:36.425 [34mINFO [0;39m [056c1d05-9e0b-490e-b533-514a5f1293b8] [http-nio-8081-exec-8] c.b.web.AvailabilityController - Availability result: available=true nights=1 total=1250
2025-11-11 23:33:36.429 [34mINFO [0;39m [056c1d05-9e0b-490e-b533-514a5f1293b8] [http-nio-8081-exec-8] c.b.config.logging.HttpLoggingFilter - GET /api/availability?storeId=2a31523c-c615-4e95-a5f3-2b1bcaf71a63&roomId=33c89a42-fe99-4bd7-ba6d-9ad937499ede&checkIn=2025-11-11&checkOut=2025-11-12&guests=2 -> 200 (4 ms)
2025-11-11 23:33:36.429 [34mINFO [0;39m [056c1d05-9e0b-490e-b533-514a5f1293b8] [http-nio-8081-exec-8] c.b.config.logging.HttpLoggingFilter - Headers: auth=present content-type=null accept=application/json, text/plain, */*
2025-11-11 23:33:36.429 [34mINFO [0;39m [056c1d05-9e0b-490e-b533-514a5f1293b8] [http-nio-8081-exec-8] c.b.config.logging.HttpLoggingFilter - Response payload: {"available":true,"nights":1,"base":1000,"surchargeRate":0.1,"subtotal":1100,"taxes":100,"fees":50,"total":1250}
2025-11-11 23:33:41.343 [34mINFO [0;39m [b64ad3b7-5db7-4f30-af78-6a0b6372ddb4] [http-nio-8081-exec-4] c.b.web.AvailabilityController - Check availability: tenant=demo-store storeId=2a31523c-c615-4e95-a5f3-2b1bcaf71a63 roomId=33c89a42-fe99-4bd7-ba6d-9ad937499ede checkIn=2025-11-11 checkOut=2025-11-12 guests=1
2025-11-11 23:33:41.343 [34mINFO [0;39m [b64ad3b7-5db7-4f30-af78-6a0b6372ddb4] [http-nio-8081-exec-4] c.b.web.AvailabilityController - Availability result: available=true nights=1 total=1250
2025-11-11 23:33:41.343 [34mINFO [0;39m [b64ad3b7-5db7-4f30-af78-6a0b6372ddb4] [http-nio-8081-exec-4] c.b.config.logging.HttpLoggingFilter - GET /api/availability?storeId=2a31523c-c615-4e95-a5f3-2b1bcaf71a63&roomId=33c89a42-fe99-4bd7-ba6d-9ad937499ede&checkIn=2025-11-11&checkOut=2025-11-12&guests=1&roomsGuests%5B%5D=1 -> 200 (1 ms)
2025-11-11 23:33:41.344 [34mINFO [0;39m [b64ad3b7-5db7-4f30-af78-6a0b6372ddb4] [http-nio-8081-exec-4] c.b.config.logging.HttpLoggingFilter - Headers: auth=present content-type=null accept=application/json, text/plain, */*
2025-11-11 23:33:41.344 [34mINFO [0;39m [b64ad3b7-5db7-4f30-af78-6a0b6372ddb4] [http-nio-8081-exec-4] c.b.config.logging.HttpLoggingFilter - Response payload: {"available":true,"nights":1,"base":1000,"surchargeRate":0.1,"subtotal":1100,"taxes":100,"fees":50,"total":1250}
2025-11-11 23:33:49.029 [31mWARN [0;39m [6aa4800d-767f-4e54-b4c8-5d93469668ed] [http-nio-8081-exec-2] c.b.config.GlobalExceptionHandler - Validation error: must not be null
2025-11-11 23:33:49.031 [34mINFO [0;39m [6aa4800d-767f-4e54-b4c8-5d93469668ed] [http-nio-8081-exec-2] c.b.config.logging.HttpLoggingFilter - POST /api/storefront/checkout -> 400 (4 ms)
2025-11-11 23:33:49.031 [34mINFO [0;39m [6aa4800d-767f-4e54-b4c8-5d93469668ed] [http-nio-8081-exec-2] c.b.config.logging.HttpLoggingFilter - Headers: auth=present content-type=application/json accept=application/json, text/plain, */*
2025-11-11 23:33:49.031 [34mINFO [0;39m [6aa4800d-767f-4e54-b4c8-5d93469668ed] [http-nio-8081-exec-2] c.b.config.logging.HttpLoggingFilter - Request payload: {"type":"room_booking","currency":"INR","store":{"id":"2a31523c-c615-4e95-a5f3-2b1bcaf71a63","name":"Sunrise Hotel"},"room":{"id":"33c89a42-fe99-4bd7-ba6d-9ad937499ede","name":"Room Deluxe","price":2500},"booking":{"checkIn":"2025-11-11","checkOut":"2025-11-12","guests":1,"nights":1,"rooms":1,"perRoomMax":3,"extraMattressAllowed":false,"extraMattressCount":0,"mattressFeePerNight":0,"roomsGuests":[1]},"guest":{"name":"ugig","phone":"+917355460178"},"notes":"","totals":{"perNight":1000,"nights":1,"subtotal":1100,"taxes":110,"fees":55,"payable":1265}}
2025-11-11 23:33:49.031 [34mINFO [0;39m [6aa4800d-767f-4e54-b4c8-5d93469668ed] [http-nio-8081-exec-2] c.b.config.logging.HttpLoggingFilter - Response payload: {"message":"must not be null"}
2025-11-11 23:54:04.267 [34mINFO [0;39m [a702021c-6adb-4692-8257-5f9865a990a5] [http-nio-8081-exec-10] com.bharatshop.web.CartController - Get cart: userId=bf25be6a-046f-41cb-a326-966b820d1182
2025-11-11 23:54:04.268 [34mINFO [0;39m [f142b1a5-fc81-4bec-b421-f350a2d88e3a] [http-nio-8081-exec-9] com.bharatshop.web.AuthController - Profile requested: tokenPresent=true 
2025-11-11 23:54:04.270 [34mINFO [0;39m [a702021c-6adb-4692-8257-5f9865a990a5] [http-nio-8081-exec-10] c.b.config.logging.HttpLoggingFilter - GET /store/cart -> 200 (4 ms)
2025-11-11 23:54:04.273 [34mINFO [0;39m [a702021c-6adb-4692-8257-5f9865a990a5] [http-nio-8081-exec-10] c.b.config.logging.HttpLoggingFilter - Headers: auth=present content-type=null accept=application/json, text/plain, */*
2025-11-11 23:54:04.272 [34mINFO [0;39m [f142b1a5-fc81-4bec-b421-f350a2d88e3a] [http-nio-8081-exec-9] com.bharatshop.web.AuthController - Profile success: userId=bf25be6a-046f-41cb-a326-966b820d1182
2025-11-11 23:54:04.273 [34mINFO [0;39m [a702021c-6adb-4692-8257-5f9865a990a5] [http-nio-8081-exec-10] c.b.config.logging.HttpLoggingFilter - Response payload: []
2025-11-11 23:54:04.275 [34mINFO [0;39m [f142b1a5-fc81-4bec-b421-f350a2d88e3a] [http-nio-8081-exec-9] c.b.config.logging.HttpLoggingFilter - GET /api/storefront/auth/profile -> 200 (8 ms)
2025-11-11 23:54:04.281 [34mINFO [0;39m [f142b1a5-fc81-4bec-b421-f350a2d88e3a] [http-nio-8081-exec-9] c.b.config.logging.HttpLoggingFilter - Headers: auth=present content-type=null accept=application/json, text/plain, */*
2025-11-11 23:54:04.282 [34mINFO [0;39m [f142b1a5-fc81-4bec-b421-f350a2d88e3a] [http-nio-8081-exec-9] c.b.config.logging.HttpLoggingFilter - Response payload: {"id":"bf25be6a-046f-41cb-a326-966b820d1182","name":"User0178","phone":"+917355460178","role":"USER"}
2025-11-11 23:54:04.288 [34mINFO [0;39m [3a443999-9a7b-4bac-a257-d1756a3386a3] [http-nio-8081-exec-1] com.bharatshop.web.CartController - Get cart: userId=bf25be6a-046f-41cb-a326-966b820d1182
2025-11-11 23:54:04.300 [34mINFO [0;39m [3a443999-9a7b-4bac-a257-d1756a3386a3] [http-nio-8081-exec-1] c.b.config.logging.HttpLoggingFilter - GET /store/cart -> 200 (13 ms)
2025-11-11 23:54:04.305 [34mINFO [0;39m [c0a69a37-18bf-4108-a005-bedabc4256ac] [http-nio-8081-exec-6] com.bharatshop.web.AuthController - Profile requested: tokenPresent=true 
2025-11-11 23:54:04.308 [34mINFO [0;39m [3a443999-9a7b-4bac-a257-d1756a3386a3] [http-nio-8081-exec-1] c.b.config.logging.HttpLoggingFilter - Headers: auth=present content-type=null accept=application/json, text/plain, */*
2025-11-11 23:54:04.312 [34mINFO [0;39m [c0a69a37-18bf-4108-a005-bedabc4256ac] [http-nio-8081-exec-6] com.bharatshop.web.AuthController - Profile success: userId=bf25be6a-046f-41cb-a326-966b820d1182
2025-11-11 23:54:04.312 [34mINFO [0;39m [3a443999-9a7b-4bac-a257-d1756a3386a3] [http-nio-8081-exec-1] c.b.config.logging.HttpLoggingFilter - Response payload: []
2025-11-11 23:54:04.314 [34mINFO [0;39m [c0a69a37-18bf-4108-a005-bedabc4256ac] [http-nio-8081-exec-6] c.b.config.logging.HttpLoggingFilter - GET /api/storefront/auth/profile -> 200 (10 ms)
2025-11-11 23:54:04.315 [34mINFO [0;39m [c0a69a37-18bf-4108-a005-bedabc4256ac] [http-nio-8081-exec-6] c.b.config.logging.HttpLoggingFilter - Headers: auth=present content-type=null accept=application/json, text/plain, */*
2025-11-11 23:54:04.315 [34mINFO [0;39m [c0a69a37-18bf-4108-a005-bedabc4256ac] [http-nio-8081-exec-6] c.b.config.logging.HttpLoggingFilter - Response payload: {"id":"bf25be6a-046f-41cb-a326-966b820d1182","name":"User0178","phone":"+917355460178","role":"USER"}
2025-11-11 23:54:04.623 [34mINFO [0;39m [45847822-bc29-41f6-8ebc-801683b38766] [http-nio-8081-exec-3] c.b.web.StoreDiscoveryController - Get store: tenant=demo-store id=2a31523c-c615-4e95-a5f3-2b1bcaf71a63
2025-11-11 23:54:04.627 [34mINFO [0;39m [45847822-bc29-41f6-8ebc-801683b38766] [http-nio-8081-exec-3] c.b.web.StoreDiscoveryController - Get store success: id=2a31523c-c615-4e95-a5f3-2b1bcaf71a63 name=Sunrise Hotel 
2025-11-11 23:54:04.631 [34mINFO [0;39m [45847822-bc29-41f6-8ebc-801683b38766] [http-nio-8081-exec-3] c.b.config.logging.HttpLoggingFilter - GET /api/stores/2a31523c-c615-4e95-a5f3-2b1bcaf71a63 -> 200 (10 ms)
2025-11-11 23:54:04.633 [34mINFO [0;39m [45847822-bc29-41f6-8ebc-801683b38766] [http-nio-8081-exec-3] c.b.config.logging.HttpLoggingFilter - Headers: auth=present content-type=null accept=application/json, text/plain, */*
2025-11-11 23:54:04.638 [34mINFO [0;39m [45847822-bc29-41f6-8ebc-801683b38766] [http-nio-8081-exec-3] c.b.config.logging.HttpLoggingFilter - Response payload: {"id":"2a31523c-c615-4e95-a5f3-2b1bcaf71a63","name":"Sunrise Hotel","area":"Beach","category":"hospitality","status":"open","orderingDisabled":false,"updatedAt":"2025-11-11T16:57:51.700970Z"}
2025-11-11 23:54:04.675 [34mINFO [0;39m [8fa25ee6-133c-4fb8-baf5-14c8894adfab] [http-nio-8081-exec-5] c.b.web.StoreDiscoveryController - Products by store: tenant=demo-store storeId=2a31523c-c615-4e95-a5f3-2b1bcaf71a63
2025-11-11 23:54:04.686 [34mINFO [0;39m [8fa25ee6-133c-4fb8-baf5-14c8894adfab] [http-nio-8081-exec-5] c.b.config.logging.HttpLoggingFilter - GET /api/products?storeId=2a31523c-c615-4e95-a5f3-2b1bcaf71a63 -> 200 (12 ms)
2025-11-11 23:54:04.691 [34mINFO [0;39m [8fa25ee6-133c-4fb8-baf5-14c8894adfab] [http-nio-8081-exec-5] c.b.config.logging.HttpLoggingFilter - Headers: auth=present content-type=null accept=application/json, text/plain, */*
2025-11-11 23:54:04.695 [34mINFO [0;39m [8fa25ee6-133c-4fb8-baf5-14c8894adfab] [http-nio-8081-exec-5] c.b.config.logging.HttpLoggingFilter - Response payload: [{"id":"33c89a42-fe99-4bd7-ba6d-9ad937499ede","name":"Room Deluxe","price":2500.0,"category":"room","storeId":"2a31523c-c615-4e95-a5f3-2b1bcaf71a63","active":true}]
