2026-01-22 00:00:50.655 [34mINFO [0;39m [] [main] c.bharatshop.BharatshopApplication - Starting BharatshopApplication using Java 17.0.12 with PID 30248 (C:\Users\Adarsh\Downloads\bharatshop-backend\target\bharatshop-backend-0.0.1-SNAPSHOT.jar started by Adarsh in C:\Users\Adarsh\Downloads\bharatshop-backend)
2026-01-22 00:00:50.666 [39mDEBUG[0;39m [] [main] c.bharatshop.BharatshopApplication - Running with Spring Boot v3.3.4, Spring v6.1.13
2026-01-22 00:00:50.667 [34mINFO [0;39m [] [main] c.bharatshop.BharatshopApplication - The following 1 profile is active: "mysql"
2026-01-22 00:00:54.136 [34mINFO [0;39m [] [main] o.s.d.r.c.RepositoryConfigurationDelegate - Bootstrapping Spring Data JPA repositories in DEFAULT mode.
2026-01-22 00:00:54.377 [34mINFO [0;39m [] [main] o.s.d.r.c.RepositoryConfigurationDelegate - Finished Spring Data repository scanning in 218 ms. Found 20 JPA repository interfaces.
2026-01-22 00:00:56.373 [34mINFO [0;39m [] [main] o.s.b.w.e.tomcat.TomcatWebServer - Tomcat initialized with port 8080 (http)
2026-01-22 00:00:56.401 [34mINFO [0;39m [] [main] o.a.coyote.http11.Http11NioProtocol - Initializing ProtocolHandler ["http-nio-8080"]
2026-01-22 00:00:56.407 [34mINFO [0;39m [] [main] o.a.catalina.core.StandardService - Starting service [Tomcat]
2026-01-22 00:00:56.408 [34mINFO [0;39m [] [main] o.a.catalina.core.StandardEngine - Starting Servlet engine: [Apache Tomcat/10.1.30]
2026-01-22 00:00:56.495 [34mINFO [0;39m [] [main] o.a.c.c.C.[Tomcat].[localhost].[/] - Initializing Spring embedded WebApplicationContext
2026-01-22 00:00:56.496 [34mINFO [0;39m [] [main] o.s.b.w.s.c.ServletWebServerApplicationContext - Root WebApplicationContext: initialization completed in 5732 ms
2026-01-22 00:00:58.189 [34mINFO [0;39m [] [main] o.s.o.j.p.SpringPersistenceUnitInfo - No LoadTimeWeaver setup: ignoring JPA class transformer
2026-01-22 00:00:58.250 [34mINFO [0;39m [] [main] com.zaxxer.hikari.HikariDataSource - HikariPool-1 - Starting...
2026-01-22 00:00:58.574 [34mINFO [0;39m [] [main] com.zaxxer.hikari.pool.HikariPool - HikariPool-1 - Added connection com.mysql.cj.jdbc.ConnectionImpl@ba27ce6
2026-01-22 00:00:58.580 [34mINFO [0;39m [] [main] com.zaxxer.hikari.HikariDataSource - HikariPool-1 - Start completed.
2026-01-22 00:01:01.275 [34mINFO [0;39m [] [main] o.s.o.j.LocalContainerEntityManagerFactoryBean - Initialized JPA EntityManagerFactory for persistence unit 'default'
2026-01-22 00:01:02.054 [34mINFO [0;39m [] [main] o.s.d.j.r.query.QueryEnhancerFactory - Hibernate is in classpath; If applicable, HQL parser will be used.
2026-01-22 00:01:02.894 [39mDEBUG[0;39m [] [main] c.b.c.logging.CorrelationIdFilter - Filter 'correlationIdFilter' configured for use
2026-01-22 00:01:02.895 [39mDEBUG[0;39m [] [main] c.b.config.logging.HttpLoggingFilter - Filter 'httpLoggingFilter' configured for use
2026-01-22 00:01:02.900 [39mDEBUG[0;39m [] [main] com.bharatshop.config.TenantFilter - Filter 'tenantFilter' configured for use
2026-01-22 00:01:02.901 [39mDEBUG[0;39m [] [main] c.b.security.TokenAuthFilter - Filter 'tokenAuthFilter' configured for use
2026-01-22 00:01:02.907 [39mDEBUG[0;39m [] [main] c.b.config.IdempotencyFilter - Filter 'idempotencyFilter' configured for use
2026-01-22 00:01:02.948 [34mINFO [0;39m [] [main] c.b.config.DatabaseIdentityLogger - [PROFILES] active=mysql
2026-01-22 00:01:02.950 [34mINFO [0;39m [] [main] c.b.config.DatabaseIdentityLogger - [DB] url=jdbc:mysql://localhost:3306/bharatshop?createDatabaseIfNotExist=true&useSSL=false&allowPublicKeyRetrieval=true&serverTimezone=UTC schema=null user=root@localhost catalog=bharatshop
2026-01-22 00:01:05.093 [31mWARN [0;39m [] [main] o.s.b.a.o.j.JpaBaseConfiguration$JpaWebConfiguration - spring.jpa.open-in-view is enabled by default. Therefore, database queries may be performed during view rendering. Explicitly configure spring.jpa.open-in-view to disable this warning
2026-01-22 00:01:05.561 [39mDEBUG[0;39m [] [main] o.s.w.s.m.m.a.RequestMappingHandlerMapping - 125 mappings in 'requestMappingHandlerMapping'
2026-01-22 00:01:06.027 [34mINFO [0;39m [] [main] o.s.b.a.e.web.EndpointLinksResolver - Exposing 4 endpoints beneath base path '/actuator'
2026-01-22 00:01:07.328 [34mINFO [0;39m [] [main] o.a.coyote.http11.Http11NioProtocol - Starting ProtocolHandler ["http-nio-8080"]
2026-01-22 00:01:07.375 [34mINFO [0;39m [] [main] o.s.b.w.e.tomcat.TomcatWebServer - Tomcat started on port 8080 (http) with context path '/'
2026-01-22 00:01:07.422 [34mINFO [0;39m [] [main] c.bharatshop.BharatshopApplication - Started BharatshopApplication in 18.162 seconds (process running for 19.229)
2026-01-22 00:01:07.549 [34mINFO [0;39m [] [main] c.b.devtools.TenantDataNormalizer - TENANT NORMALIZE: updated stores=2 updated products=3 (NULL/default -> tenantA)
2026-01-22 00:01:07.952 [1;31mERROR[0;39m [] [main] com.bharatshop.service.StoreService - [PROOF][STORE_MAP] entity.id=87e42a22-204d-4ee8-b88d-4261ff435d7f mapped.id=87e42a22-204d-4ee8-b88d-4261ff435d7f
2026-01-22 00:01:07.965 [1;31mERROR[0;39m [] [main] com.bharatshop.service.StoreService - [PROOF][STORE_MAP] entity.id=f2b91567-ce4d-4987-94e5-926745b14f47 mapped.id=f2b91567-ce4d-4987-94e5-926745b14f47
2026-01-22 00:01:08.036 [34mINFO [0;39m [] [main] c.b.devtools.TenantDataInspector - TENANT CHECK: DISTINCT store tenants=[tenantA, default] DISTINCT product tenants=[tenantA, default] 
2026-01-22 00:01:08.037 [34mINFO [0;39m [] [main] c.b.devtools.TenantDataInspector - TENANT CHECK: COUNT(stores, tenantA)=69 COUNT(products, tenantA)=105
2026-01-22 00:01:16.787 [34mINFO [0;39m [] [http-nio-8080-exec-1] o.a.c.c.C.[Tomcat].[localhost].[/] - Initializing Spring DispatcherServlet 'dispatcherServlet'
2026-01-22 00:01:16.787 [34mINFO [0;39m [] [http-nio-8080-exec-1] o.s.web.servlet.DispatcherServlet - Initializing Servlet 'dispatcherServlet'
2026-01-22 00:01:16.789 [34mINFO [0;39m [] [http-nio-8080-exec-1] o.s.web.servlet.DispatcherServlet - Completed initialization in 1 ms
2026-01-22 00:01:16.897 [39mDEBUG[0;39m [083f86ec-9df3-4b6c-8009-28c7ed4a82cf] [http-nio-8080-exec-1] o.s.w.s.m.m.a.RequestMappingHandlerMapping - Mapped to com.bharatshop.storefront.StorefrontAuthController#register(Map)
2026-01-22 00:01:16.898 [34mINFO [0;39m [083f86ec-9df3-4b6c-8009-28c7ed4a82cf] [http-nio-8080-exec-1] c.b.config.TenantInterceptor - tenant-context: tenant=bharatshop.local method=POST path=/api/storefront/auth/register
2026-01-22 00:01:17.039 [34mINFO [0;39m [083f86ec-9df3-4b6c-8009-28c7ed4a82cf] [http-nio-8080-exec-1] c.b.s.StorefrontAuthController - Register storefront customer: email=sf_229562512@example.com namePresent=true
2026-01-22 00:01:17.039 [34mINFO [0;39m [083f86ec-9df3-4b6c-8009-28c7ed4a82cf] [http-nio-8080-exec-1] com.bharatshop.service.AuthService - Registering user: name=SF User, email=sf_229562512@example.com
2026-01-22 00:01:17.531 [34mINFO [0;39m [083f86ec-9df3-4b6c-8009-28c7ed4a82cf] [http-nio-8080-exec-1] com.bharatshop.service.AuthService - Session created: userId=ee279063-a52f-4507-9e37-9a9abf837952 activeRole=CUSTOMER
2026-01-22 00:01:17.532 [34mINFO [0;39m [083f86ec-9df3-4b6c-8009-28c7ed4a82cf] [http-nio-8080-exec-1] com.bharatshop.service.AuthService - User registered: id=ee279063-a52f-4507-9e37-9a9abf837952, token=eyJhbGciOiJIUzI1NiIsInR5cCI6IkpXVCJ9.eyJzdWIiOiJlZTI3OTA2My1hNTJmLTQ1MDctOWUzNy05YTlhYmY4Mzc5NTIiLCJpc3MiOiJiaGFyYXRzaG9wIiwiYXVkIjoiYmhhcmF0c2hvcC1jbGllbnRzIiwibmFtZSI6IlNGIFVzZXIiLCJyb2xlIjoiQ1VTVE9NRVIiLCJ0ZW5hbnRJZCI6ImJoYXJhdHNob3AubG9jYWwiLCJhY3RpdmVSb2xlIjoiQ1VTVE9NRVIiLCJyb2xlcyI6WyJDVVNUT01FUiJdLCJpYXQiOjE3NjkwMjAyNzcsImV4cCI6MTc2OTAyMzg3N30.-UwfsbQa0tGjVjkf9sYjW5rshi1ikAYlRpS87W_hCMQ
2026-01-22 00:01:17.613 [34mINFO [0;39m [083f86ec-9df3-4b6c-8009-28c7ed4a82cf] [http-nio-8080-exec-1] c.b.s.StorefrontAuthController - Storefront register success: userId=ee279063-a52f-4507-9e37-9a9abf837952 role=CUSTOMER
2026-01-22 00:01:17.751 [34mINFO [0;39m [083f86ec-9df3-4b6c-8009-28c7ed4a82cf] [http-nio-8080-exec-1] c.b.config.logging.HttpLoggingFilter - POST /api/storefront/auth/register -> 200 (867 ms)
2026-01-22 00:01:17.752 [34mINFO [0;39m [083f86ec-9df3-4b6c-8009-28c7ed4a82cf] [http-nio-8080-exec-1] c.b.config.logging.HttpLoggingFilter - Headers: auth=absent content-type=application/json accept=null
2026-01-22 00:01:17.752 [34mINFO [0;39m [083f86ec-9df3-4b6c-8009-28c7ed4a82cf] [http-nio-8080-exec-1] c.b.config.logging.HttpLoggingFilter - Request payload: {
    "email":  "sf_229562512@example.com",
    "name":  "SF User",
    "password":  "Passw0rd!"
}
2026-01-22 00:01:17.753 [34mINFO [0;39m [083f86ec-9df3-4b6c-8009-28c7ed4a82cf] [http-nio-8080-exec-1] c.b.config.logging.HttpLoggingFilter - Response payload: {"user":{"id":"ee279063-a52f-4507-9e37-9a9abf837952","name":"SF User","email":"sf_229562512@example.com","phone":null,"role":"CUSTOMER","tenantId":null},"token":"eyJhbGciOiJIUzI1NiIsInR5cCI6IkpXVCJ9.eyJzdWIiOiJlZTI3OTA2My1hNTJmLTQ1MDctOWUzNy05YTlhYmY4Mzc5NTIiLCJpc3MiOiJiaGFyYXRzaG9wIiwiYXVkIjoiYmhhcmF0c2hvcC1jbGllbnRzIiwibmFtZSI6IlNGIFVzZXIiLCJyb2xlIjoiQ1VTVE9NRVIiLCJ0ZW5hbnRJZCI6ImJoYXJhdHNob3AubG9jYWwiLCJhY3RpdmVSb2xlIjoiQ1VTVE9NRVIiLCJyb2xlcyI6WyJDVVNUT01FUiJdLCJpYXQiOjE3NjkwMjAyNzcsImV4cCI6MTc2OTAyMzg3N30.-UwfsbQa0tGjVjkf9sYjW5rshi1ikAYlRpS87W_hCMQ"}
2026-01-22 00:01:18.030 [39mDEBUG[0;39m [09b5f672-f786-4f0c-8546-273a5ae30dd2] [http-nio-8080-exec-2] o.s.w.s.m.m.a.RequestMappingHandlerMapping - Mapped to com.bharatshop.storefront.StorefrontController#listProducts(String, String)
2026-01-22 00:01:18.031 [34mINFO [0;39m [09b5f672-f786-4f0c-8546-273a5ae30dd2] [http-nio-8080-exec-2] c.b.config.TenantInterceptor - tenant-context: tenant=bharatshop.local method=GET path=/api/storefront/products
2026-01-22 00:01:18.035 [34mINFO [0;39m [09b5f672-f786-4f0c-8546-273a5ae30dd2] [http-nio-8080-exec-2] c.b.storefront.StorefrontController - Customer storefront: list products tenant=bharatshop.local userId=null category=null search=null 
2026-01-22 00:01:18.048 [34mINFO [0;39m [09b5f672-f786-4f0c-8546-273a5ae30dd2] [http-nio-8080-exec-2] c.b.config.logging.HttpLoggingFilter - GET /api/storefront/products -> 200 (19 ms)
2026-01-22 00:01:18.049 [34mINFO [0;39m [09b5f672-f786-4f0c-8546-273a5ae30dd2] [http-nio-8080-exec-2] c.b.config.logging.HttpLoggingFilter - Headers: auth=present content-type=application/json accept=null
2026-01-22 00:01:18.049 [34mINFO [0;39m [09b5f672-f786-4f0c-8546-273a5ae30dd2] [http-nio-8080-exec-2] c.b.config.logging.HttpLoggingFilter - Response payload: []
2026-01-22 00:01:23.810 [39mDEBUG[0;39m [e1e5babd-ab49-48c6-b454-bf28563b4ab2] [http-nio-8080-exec-3] o.s.w.s.m.m.a.RequestMappingHandlerMapping - Mapped to com.bharatshop.storefront.StorefrontController#listStores(String, String)
2026-01-22 00:01:23.811 [34mINFO [0;39m [e1e5babd-ab49-48c6-b454-bf28563b4ab2] [http-nio-8080-exec-3] c.b.config.TenantInterceptor - tenant-context: tenant=tenantA method=GET path=/api/storefront/stores
2026-01-22 00:01:23.813 [34mINFO [0;39m [e1e5babd-ab49-48c6-b454-bf28563b4ab2] [http-nio-8080-exec-3] c.b.storefront.StorefrontController - Customer storefront: list stores tenant=tenantA userId=null search=null category=null
2026-01-22 00:01:23.855 [34mINFO [0;39m [e1e5babd-ab49-48c6-b454-bf28563b4ab2] [http-nio-8080-exec-3] c.b.logging.RepositoryLoggingAspect - [REPO_CALL] table=stores tenant=tenantA ids=[00c39122-cd7a-4c3c-8174-3a5797e03bf7, 0292f24b-55db-4522-99f9-43dbbb245246, 0a31f491-0902-4171-873b-f9895b87ca9f, 0b4602a3-b9df-4b24-b74c-50544cef3041, 0b9b291e-a552-4561-a931-864ca0eaedbd, 0c818990-e4a5-4961-ae99-6b6f637aeff5, 0db8e061-88b3-4347-9296-81f4fbd76a75, 1226dfbd-91a6-4b45-b392-f4c3f9a1dc28, 19872069-841e-4933-a1ec-6da5e525de36, 1a1b322a-ce44-40b1-88ea-2824396a7a79, 1cc5429f-ea1c-44a8-8823-a4028ba0abab, 1ede0717-fd0c-4b04-9622-c36536573b2e, 1ef2006c-1cae-499d-985f-5b8edafef0bc, 205b8ec0-962c-4b7e-9cd7-ebee50c53421, 24ab445b-351b-441e-b886-7e6b905c269b, 2505eaae-0a63-4e00-ba0c-5341c1e77087, 2bd87494-97ef-4670-bd15-1c8edc536f30, 33b16e50-5c33-4fc8-b546-8c796895cf49, 388bcc94-5e39-46bf-aaf2-4e3fcff6bf88, 3bc12ead-5bba-4c57-a5ce-fe54a9c31a83, 3ce3b1bf-7c55-4fa5-bbe3-f45f8a93c67a, 46d84fa8-6153-4a40-8fe2-bcc31c67ebf0, 560e1161-52eb-4aa8-b9a0-790370f96d95, 576fa9b1-08a4-42ee-9085-f7824c0a5ab2, 62cff1c1-abc3-4af6-abfd-e9b88111f107, 63750e9a-7b95-48b2-8357-2d07ecedef26, 63a5a059-9fb3-4f8e-9b44-b1d3ebf7e683, 68a008cd-6b10-4e48-b036-e3d752230378, 6e7587a5-7bb4-4bad-b147-6aaa44a30204, 6ea7274b-5a33-4085-9a5a-b330ae666b49, 70022208-fa56-400b-a50c-9713f060c70d, 73b0be5e-54ff-4d4e-b6db-e082dfa6630c, 73eb4dbc-b400-4220-95b5-76fecdc03d79, 7892a203-00ee-44d3-a18f-26df8ad4fe17, 7bcf0556-b5ba-4df8-9196-1d24f45488c0, 7c626af0-9464-4de1-9c3c-e940807fbe76, 845e8ef8-197f-46c7-9ea8-6996c4c517de, 849ea36e-22cd-4ff8-842a-76c490d7ad04, 871a0bfe-570b-44ed-b7c4-ef60b2d18cf1, 87a84161-6c82-4ca5-a8f7-5b466d179ef0, 90e791d5-27d3-4330-b834-48510b7dea41, 91b2fd08-779e-4ba0-91ed-106aaeb4bb86, 928bb134-16cf-4cb3-bc8e-cd70332ab789, 9a0c37d7-50b9-462e-a551-dcdd782d8a5f, 9ab20b1c-6f2c-43b1-a8cf-8ef50a4b9c4f, 9d6418ad-35b6-4d3b-b8b4-3d480954db28, a1c87caf-0b52-49d2-baa3-d7131e2fa26c, a1ec40c4-817b-42ca-8bb8-d8e9ed6da87b, a3eb940f-82bd-4e14-b002-089d40d04b38, a4de947c-3059-448e-ab5f-3d6d148f193b, ab14eaea-2b0c-42fb-86ac-bfb2913095f0, aee5f433-686e-45bb-be6b-2160a9267cb2, b317167f-e99c-45aa-b2f0-a84996265d4c, b3f781b8-80a3-44f2-9250-b92a227b32a4, b485290f-bc7c-4752-af1b-99edf8480ee6, b585adf9-d1e7-41be-ba0f-179581c84259, c3048a16-e1a4-4384-897c-2ac041d0e3a7, c912f8c0-40c6-4961-9251-a3330a288157, ce9a05aa-7780-4da8-a071-1039ff4b1e4f, cf88b9ed-cc07-4a33-b099-5e4f9bd217a7, de7ec43b-f843-45ab-bb22-c92531b9d7c7, e551d104-4c15-4771-9ba7-b63e90fc7fba, ea6f14df-a0c8-4385-9f15-dc4090a56755, ee9d384e-62ad-4629-95ca-dac08774fe42, f108d126-49d7-41f8-b04b-e01530716993, f9dec3e2-418a-461f-842e-fe2c8649045f, fc690990-0ed7-481a-b424-96a805a50043, ff2561d2-612b-401a-8ae2-be1e30da016a, storeA]
2026-01-22 00:01:23.856 [1;31mERROR[0;39m [e1e5babd-ab49-48c6-b454-bf28563b4ab2] [http-nio-8080-exec-3] com.bharatshop.service.StoreService - [PROOF][STORE_REPO] store.id=00c39122-cd7a-4c3c-8174-3a5797e03bf7 source=DB
2026-01-22 00:01:23.856 [1;31mERROR[0;39m [e1e5babd-ab49-48c6-b454-bf28563b4ab2] [http-nio-8080-exec-3] com.bharatshop.service.StoreService - [PROOF][STORE_REPO] store.id=0292f24b-55db-4522-99f9-43dbbb245246 source=DB
2026-01-22 00:01:23.856 [1;31mERROR[0;39m [e1e5babd-ab49-48c6-b454-bf28563b4ab2] [http-nio-8080-exec-3] com.bharatshop.service.StoreService - [PROOF][STORE_REPO] store.id=0a31f491-0902-4171-873b-f9895b87ca9f source=DB
2026-01-22 00:01:23.857 [1;31mERROR[0;39m [e1e5babd-ab49-48c6-b454-bf28563b4ab2] [http-nio-8080-exec-3] com.bharatshop.service.StoreService - [PROOF][STORE_REPO] store.id=0b4602a3-b9df-4b24-b74c-50544cef3041 source=DB
2026-01-22 00:01:23.857 [1;31mERROR[0;39m [e1e5babd-ab49-48c6-b454-bf28563b4ab2] [http-nio-8080-exec-3] com.bharatshop.service.StoreService - [PROOF][STORE_REPO] store.id=0b9b291e-a552-4561-a931-864ca0eaedbd source=DB
2026-01-22 00:01:23.858 [1;31mERROR[0;39m [e1e5babd-ab49-48c6-b454-bf28563b4ab2] [http-nio-8080-exec-3] com.bharatshop.service.StoreService - [PROOF][STORE_REPO] store.id=0c818990-e4a5-4961-ae99-6b6f637aeff5 source=DB
2026-01-22 00:01:23.858 [1;31mERROR[0;39m [e1e5babd-ab49-48c6-b454-bf28563b4ab2] [http-nio-8080-exec-3] com.bharatshop.service.StoreService - [PROOF][STORE_REPO] store.id=0db8e061-88b3-4347-9296-81f4fbd76a75 source=DB
2026-01-22 00:01:23.859 [1;31mERROR[0;39m [e1e5babd-ab49-48c6-b454-bf28563b4ab2] [http-nio-8080-exec-3] com.bharatshop.service.StoreService - [PROOF][STORE_REPO] store.id=1226dfbd-91a6-4b45-b392-f4c3f9a1dc28 source=DB
2026-01-22 00:01:23.859 [1;31mERROR[0;39m [e1e5babd-ab49-48c6-b454-bf28563b4ab2] [http-nio-8080-exec-3] com.bharatshop.service.StoreService - [PROOF][STORE_REPO] store.id=19872069-841e-4933-a1ec-6da5e525de36 source=DB
2026-01-22 00:01:23.859 [1;31mERROR[0;39m [e1e5babd-ab49-48c6-b454-bf28563b4ab2] [http-nio-8080-exec-3] com.bharatshop.service.StoreService - [PROOF][STORE_REPO] store.id=1a1b322a-ce44-40b1-88ea-2824396a7a79 source=DB
2026-01-22 00:01:23.860 [1;31mERROR[0;39m [e1e5babd-ab49-48c6-b454-bf28563b4ab2] [http-nio-8080-exec-3] com.bharatshop.service.StoreService - [PROOF][STORE_REPO] store.id=1cc5429f-ea1c-44a8-8823-a4028ba0abab source=DB
2026-01-22 00:01:23.860 [1;31mERROR[0;39m [e1e5babd-ab49-48c6-b454-bf28563b4ab2] [http-nio-8080-exec-3] com.bharatshop.service.StoreService - [PROOF][STORE_REPO] store.id=1ede0717-fd0c-4b04-9622-c36536573b2e source=DB
2026-01-22 00:01:23.861 [1;31mERROR[0;39m [e1e5babd-ab49-48c6-b454-bf28563b4ab2] [http-nio-8080-exec-3] com.bharatshop.service.StoreService - [PROOF][STORE_REPO] store.id=1ef2006c-1cae-499d-985f-5b8edafef0bc source=DB
2026-01-22 00:01:23.861 [1;31mERROR[0;39m [e1e5babd-ab49-48c6-b454-bf28563b4ab2] [http-nio-8080-exec-3] com.bharatshop.service.StoreService - [PROOF][STORE_REPO] store.id=205b8ec0-962c-4b7e-9cd7-ebee50c53421 source=DB
2026-01-22 00:01:23.862 [1;31mERROR[0;39m [e1e5babd-ab49-48c6-b454-bf28563b4ab2] [http-nio-8080-exec-3] com.bharatshop.service.StoreService - [PROOF][STORE_REPO] store.id=24ab445b-351b-441e-b886-7e6b905c269b source=DB
2026-01-22 00:01:23.862 [1;31mERROR[0;39m [e1e5babd-ab49-48c6-b454-bf28563b4ab2] [http-nio-8080-exec-3] com.bharatshop.service.StoreService - [PROOF][STORE_REPO] store.id=2505eaae-0a63-4e00-ba0c-5341c1e77087 source=DB
2026-01-22 00:01:23.862 [1;31mERROR[0;39m [e1e5babd-ab49-48c6-b454-bf28563b4ab2] [http-nio-8080-exec-3] com.bharatshop.service.StoreService - [PROOF][STORE_REPO] store.id=2bd87494-97ef-4670-bd15-1c8edc536f30 source=DB
2026-01-22 00:01:23.863 [1;31mERROR[0;39m [e1e5babd-ab49-48c6-b454-bf28563b4ab2] [http-nio-8080-exec-3] com.bharatshop.service.StoreService - [PROOF][STORE_REPO] store.id=33b16e50-5c33-4fc8-b546-8c796895cf49 source=DB
2026-01-22 00:01:23.863 [1;31mERROR[0;39m [e1e5babd-ab49-48c6-b454-bf28563b4ab2] [http-nio-8080-exec-3] com.bharatshop.service.StoreService - [PROOF][STORE_REPO] store.id=388bcc94-5e39-46bf-aaf2-4e3fcff6bf88 source=DB
2026-01-22 00:01:23.863 [1;31mERROR[0;39m [e1e5babd-ab49-48c6-b454-bf28563b4ab2] [http-nio-8080-exec-3] com.bharatshop.service.StoreService - [PROOF][STORE_REPO] store.id=3bc12ead-5bba-4c57-a5ce-fe54a9c31a83 source=DB
2026-01-22 00:01:23.864 [1;31mERROR[0;39m [e1e5babd-ab49-48c6-b454-bf28563b4ab2] [http-nio-8080-exec-3] com.bharatshop.service.StoreService - [PROOF][STORE_REPO] store.id=3ce3b1bf-7c55-4fa5-bbe3-f45f8a93c67a source=DB
2026-01-22 00:01:23.864 [1;31mERROR[0;39m [e1e5babd-ab49-48c6-b454-bf28563b4ab2] [http-nio-8080-exec-3] com.bharatshop.service.StoreService - [PROOF][STORE_REPO] store.id=46d84fa8-6153-4a40-8fe2-bcc31c67ebf0 source=DB
2026-01-22 00:01:23.865 [1;31mERROR[0;39m [e1e5babd-ab49-48c6-b454-bf28563b4ab2] [http-nio-8080-exec-3] com.bharatshop.service.StoreService - [PROOF][STORE_REPO] store.id=560e1161-52eb-4aa8-b9a0-790370f96d95 source=DB
2026-01-22 00:01:23.865 [1;31mERROR[0;39m [e1e5babd-ab49-48c6-b454-bf28563b4ab2] [http-nio-8080-exec-3] com.bharatshop.service.StoreService - [PROOF][STORE_REPO] store.id=576fa9b1-08a4-42ee-9085-f7824c0a5ab2 source=DB
2026-01-22 00:01:23.865 [1;31mERROR[0;39m [e1e5babd-ab49-48c6-b454-bf28563b4ab2] [http-nio-8080-exec-3] com.bharatshop.service.StoreService - [PROOF][STORE_REPO] store.id=62cff1c1-abc3-4af6-abfd-e9b88111f107 source=DB
2026-01-22 00:01:23.866 [1;31mERROR[0;39m [e1e5babd-ab49-48c6-b454-bf28563b4ab2] [http-nio-8080-exec-3] com.bharatshop.service.StoreService - [PROOF][STORE_REPO] store.id=63750e9a-7b95-48b2-8357-2d07ecedef26 source=DB
2026-01-22 00:01:23.866 [1;31mERROR[0;39m [e1e5babd-ab49-48c6-b454-bf28563b4ab2] [http-nio-8080-exec-3] com.bharatshop.service.StoreService - [PROOF][STORE_REPO] store.id=63a5a059-9fb3-4f8e-9b44-b1d3ebf7e683 source=DB
2026-01-22 00:01:23.867 [1;31mERROR[0;39m [e1e5babd-ab49-48c6-b454-bf28563b4ab2] [http-nio-8080-exec-3] com.bharatshop.service.StoreService - [PROOF][STORE_REPO] store.id=68a008cd-6b10-4e48-b036-e3d752230378 source=DB
2026-01-22 00:01:23.867 [1;31mERROR[0;39m [e1e5babd-ab49-48c6-b454-bf28563b4ab2] [http-nio-8080-exec-3] com.bharatshop.service.StoreService - [PROOF][STORE_REPO] store.id=6e7587a5-7bb4-4bad-b147-6aaa44a30204 source=DB
2026-01-22 00:01:23.867 [1;31mERROR[0;39m [e1e5babd-ab49-48c6-b454-bf28563b4ab2] [http-nio-8080-exec-3] com.bharatshop.service.StoreService - [PROOF][STORE_REPO] store.id=6ea7274b-5a33-4085-9a5a-b330ae666b49 source=DB
2026-01-22 00:01:23.868 [1;31mERROR[0;39m [e1e5babd-ab49-48c6-b454-bf28563b4ab2] [http-nio-8080-exec-3] com.bharatshop.service.StoreService - [PROOF][STORE_REPO] store.id=70022208-fa56-400b-a50c-9713f060c70d source=DB
2026-01-22 00:01:23.868 [1;31mERROR[0;39m [e1e5babd-ab49-48c6-b454-bf28563b4ab2] [http-nio-8080-exec-3] com.bharatshop.service.StoreService - [PROOF][STORE_REPO] store.id=73b0be5e-54ff-4d4e-b6db-e082dfa6630c source=DB
2026-01-22 00:01:23.869 [1;31mERROR[0;39m [e1e5babd-ab49-48c6-b454-bf28563b4ab2] [http-nio-8080-exec-3] com.bharatshop.service.StoreService - [PROOF][STORE_REPO] store.id=73eb4dbc-b400-4220-95b5-76fecdc03d79 source=DB
2026-01-22 00:01:23.869 [1;31mERROR[0;39m [e1e5babd-ab49-48c6-b454-bf28563b4ab2] [http-nio-8080-exec-3] com.bharatshop.service.StoreService - [PROOF][STORE_REPO] store.id=7892a203-00ee-44d3-a18f-26df8ad4fe17 source=DB
2026-01-22 00:01:23.869 [1;31mERROR[0;39m [e1e5babd-ab49-48c6-b454-bf28563b4ab2] [http-nio-8080-exec-3] com.bharatshop.service.StoreService - [PROOF][STORE_REPO] store.id=7bcf0556-b5ba-4df8-9196-1d24f45488c0 source=DB
2026-01-22 00:01:23.870 [1;31mERROR[0;39m [e1e5babd-ab49-48c6-b454-bf28563b4ab2] [http-nio-8080-exec-3] com.bharatshop.service.StoreService - [PROOF][STORE_REPO] store.id=7c626af0-9464-4de1-9c3c-e940807fbe76 source=DB
2026-01-22 00:01:23.870 [1;31mERROR[0;39m [e1e5babd-ab49-48c6-b454-bf28563b4ab2] [http-nio-8080-exec-3] com.bharatshop.service.StoreService - [PROOF][STORE_REPO] store.id=845e8ef8-197f-46c7-9ea8-6996c4c517de source=DB
2026-01-22 00:01:23.870 [1;31mERROR[0;39m [e1e5babd-ab49-48c6-b454-bf28563b4ab2] [http-nio-8080-exec-3] com.bharatshop.service.StoreService - [PROOF][STORE_REPO] store.id=849ea36e-22cd-4ff8-842a-76c490d7ad04 source=DB
2026-01-22 00:01:23.871 [1;31mERROR[0;39m [e1e5babd-ab49-48c6-b454-bf28563b4ab2] [http-nio-8080-exec-3] com.bharatshop.service.StoreService - [PROOF][STORE_REPO] store.id=871a0bfe-570b-44ed-b7c4-ef60b2d18cf1 source=DB
2026-01-22 00:01:23.871 [1;31mERROR[0;39m [e1e5babd-ab49-48c6-b454-bf28563b4ab2] [http-nio-8080-exec-3] com.bharatshop.service.StoreService - [PROOF][STORE_REPO] store.id=87a84161-6c82-4ca5-a8f7-5b466d179ef0 source=DB
2026-01-22 00:01:23.872 [1;31mERROR[0;39m [e1e5babd-ab49-48c6-b454-bf28563b4ab2] [http-nio-8080-exec-3] com.bharatshop.service.StoreService - [PROOF][STORE_REPO] store.id=90e791d5-27d3-4330-b834-48510b7dea41 source=DB
2026-01-22 00:01:23.872 [1;31mERROR[0;39m [e1e5babd-ab49-48c6-b454-bf28563b4ab2] [http-nio-8080-exec-3] com.bharatshop.service.StoreService - [PROOF][STORE_REPO] store.id=91b2fd08-779e-4ba0-91ed-106aaeb4bb86 source=DB
2026-01-22 00:01:23.872 [1;31mERROR[0;39m [e1e5babd-ab49-48c6-b454-bf28563b4ab2] [http-nio-8080-exec-3] com.bharatshop.service.StoreService - [PROOF][STORE_REPO] store.id=928bb134-16cf-4cb3-bc8e-cd70332ab789 source=DB
2026-01-22 00:01:23.873 [1;31mERROR[0;39m [e1e5babd-ab49-48c6-b454-bf28563b4ab2] [http-nio-8080-exec-3] com.bharatshop.service.StoreService - [PROOF][STORE_REPO] store.id=9a0c37d7-50b9-462e-a551-dcdd782d8a5f source=DB
2026-01-22 00:01:23.873 [1;31mERROR[0;39m [e1e5babd-ab49-48c6-b454-bf28563b4ab2] [http-nio-8080-exec-3] com.bharatshop.service.StoreService - [PROOF][STORE_REPO] store.id=9ab20b1c-6f2c-43b1-a8cf-8ef50a4b9c4f source=DB
2026-01-22 00:01:23.873 [1;31mERROR[0;39m [e1e5babd-ab49-48c6-b454-bf28563b4ab2] [http-nio-8080-exec-3] com.bharatshop.service.StoreService - [PROOF][STORE_REPO] store.id=9d6418ad-35b6-4d3b-b8b4-3d480954db28 source=DB
2026-01-22 00:01:23.874 [1;31mERROR[0;39m [e1e5babd-ab49-48c6-b454-bf28563b4ab2] [http-nio-8080-exec-3] com.bharatshop.service.StoreService - [PROOF][STORE_REPO] store.id=a1c87caf-0b52-49d2-baa3-d7131e2fa26c source=DB
2026-01-22 00:01:23.874 [1;31mERROR[0;39m [e1e5babd-ab49-48c6-b454-bf28563b4ab2] [http-nio-8080-exec-3] com.bharatshop.service.StoreService - [PROOF][STORE_REPO] store.id=a1ec40c4-817b-42ca-8bb8-d8e9ed6da87b source=DB
2026-01-22 00:01:23.874 [1;31mERROR[0;39m [e1e5babd-ab49-48c6-b454-bf28563b4ab2] [http-nio-8080-exec-3] com.bharatshop.service.StoreService - [PROOF][STORE_REPO] store.id=a3eb940f-82bd-4e14-b002-089d40d04b38 source=DB
2026-01-22 00:01:23.875 [1;31mERROR[0;39m [e1e5babd-ab49-48c6-b454-bf28563b4ab2] [http-nio-8080-exec-3] com.bharatshop.service.StoreService - [PROOF][STORE_REPO] store.id=a4de947c-3059-448e-ab5f-3d6d148f193b source=DB
2026-01-22 00:01:23.875 [1;31mERROR[0;39m [e1e5babd-ab49-48c6-b454-bf28563b4ab2] [http-nio-8080-exec-3] com.bharatshop.service.StoreService - [PROOF][STORE_REPO] store.id=ab14eaea-2b0c-42fb-86ac-bfb2913095f0 source=DB
2026-01-22 00:01:23.876 [1;31mERROR[0;39m [e1e5babd-ab49-48c6-b454-bf28563b4ab2] [http-nio-8080-exec-3] com.bharatshop.service.StoreService - [PROOF][STORE_REPO] store.id=aee5f433-686e-45bb-be6b-2160a9267cb2 source=DB
2026-01-22 00:01:23.876 [1;31mERROR[0;39m [e1e5babd-ab49-48c6-b454-bf28563b4ab2] [http-nio-8080-exec-3] com.bharatshop.service.StoreService - [PROOF][STORE_REPO] store.id=b317167f-e99c-45aa-b2f0-a84996265d4c source=DB
2026-01-22 00:01:23.877 [1;31mERROR[0;39m [e1e5babd-ab49-48c6-b454-bf28563b4ab2] [http-nio-8080-exec-3] com.bharatshop.service.StoreService - [PROOF][STORE_REPO] store.id=b3f781b8-80a3-44f2-9250-b92a227b32a4 source=DB
2026-01-22 00:01:23.877 [1;31mERROR[0;39m [e1e5babd-ab49-48c6-b454-bf28563b4ab2] [http-nio-8080-exec-3] com.bharatshop.service.StoreService - [PROOF][STORE_REPO] store.id=b485290f-bc7c-4752-af1b-99edf8480ee6 source=DB
2026-01-22 00:01:23.877 [1;31mERROR[0;39m [e1e5babd-ab49-48c6-b454-bf28563b4ab2] [http-nio-8080-exec-3] com.bharatshop.service.StoreService - [PROOF][STORE_REPO] store.id=b585adf9-d1e7-41be-ba0f-179581c84259 source=DB
2026-01-22 00:01:23.878 [1;31mERROR[0;39m [e1e5babd-ab49-48c6-b454-bf28563b4ab2] [http-nio-8080-exec-3] com.bharatshop.service.StoreService - [PROOF][STORE_REPO] store.id=c3048a16-e1a4-4384-897c-2ac041d0e3a7 source=DB
2026-01-22 00:01:23.878 [1;31mERROR[0;39m [e1e5babd-ab49-48c6-b454-bf28563b4ab2] [http-nio-8080-exec-3] com.bharatshop.service.StoreService - [PROOF][STORE_REPO] store.id=c912f8c0-40c6-4961-9251-a3330a288157 source=DB
2026-01-22 00:01:23.879 [1;31mERROR[0;39m [e1e5babd-ab49-48c6-b454-bf28563b4ab2] [http-nio-8080-exec-3] com.bharatshop.service.StoreService - [PROOF][STORE_REPO] store.id=ce9a05aa-7780-4da8-a071-1039ff4b1e4f source=DB
2026-01-22 00:01:23.879 [1;31mERROR[0;39m [e1e5babd-ab49-48c6-b454-bf28563b4ab2] [http-nio-8080-exec-3] com.bharatshop.service.StoreService - [PROOF][STORE_REPO] store.id=cf88b9ed-cc07-4a33-b099-5e4f9bd217a7 source=DB
2026-01-22 00:01:23.880 [1;31mERROR[0;39m [e1e5babd-ab49-48c6-b454-bf28563b4ab2] [http-nio-8080-exec-3] com.bharatshop.service.StoreService - [PROOF][STORE_REPO] store.id=de7ec43b-f843-45ab-bb22-c92531b9d7c7 source=DB
2026-01-22 00:01:23.880 [1;31mERROR[0;39m [e1e5babd-ab49-48c6-b454-bf28563b4ab2] [http-nio-8080-exec-3] com.bharatshop.service.StoreService - [PROOF][STORE_REPO] store.id=e551d104-4c15-4771-9ba7-b63e90fc7fba source=DB
2026-01-22 00:01:23.880 [1;31mERROR[0;39m [e1e5babd-ab49-48c6-b454-bf28563b4ab2] [http-nio-8080-exec-3] com.bharatshop.service.StoreService - [PROOF][STORE_REPO] store.id=ea6f14df-a0c8-4385-9f15-dc4090a56755 source=DB
2026-01-22 00:01:23.881 [1;31mERROR[0;39m [e1e5babd-ab49-48c6-b454-bf28563b4ab2] [http-nio-8080-exec-3] com.bharatshop.service.StoreService - [PROOF][STORE_REPO] store.id=ee9d384e-62ad-4629-95ca-dac08774fe42 source=DB
2026-01-22 00:01:23.881 [1;31mERROR[0;39m [e1e5babd-ab49-48c6-b454-bf28563b4ab2] [http-nio-8080-exec-3] com.bharatshop.service.StoreService - [PROOF][STORE_REPO] store.id=f108d126-49d7-41f8-b04b-e01530716993 source=DB
2026-01-22 00:01:23.882 [1;31mERROR[0;39m [e1e5babd-ab49-48c6-b454-bf28563b4ab2] [http-nio-8080-exec-3] com.bharatshop.service.StoreService - [PROOF][STORE_REPO] store.id=f9dec3e2-418a-461f-842e-fe2c8649045f source=DB
2026-01-22 00:01:23.882 [1;31mERROR[0;39m [e1e5babd-ab49-48c6-b454-bf28563b4ab2] [http-nio-8080-exec-3] com.bharatshop.service.StoreService - [PROOF][STORE_REPO] store.id=fc690990-0ed7-481a-b424-96a805a50043 source=DB
2026-01-22 00:01:23.882 [1;31mERROR[0;39m [e1e5babd-ab49-48c6-b454-bf28563b4ab2] [http-nio-8080-exec-3] com.bharatshop.service.StoreService - [PROOF][STORE_REPO] store.id=ff2561d2-612b-401a-8ae2-be1e30da016a source=DB
2026-01-22 00:01:23.883 [1;31mERROR[0;39m [e1e5babd-ab49-48c6-b454-bf28563b4ab2] [http-nio-8080-exec-3] com.bharatshop.service.StoreService - [PROOF][STORE_REPO] store.id=storeA source=DB
2026-01-22 00:01:23.885 [1;31mERROR[0;39m [e1e5babd-ab49-48c6-b454-bf28563b4ab2] [http-nio-8080-exec-3] com.bharatshop.service.StoreService - [PROOF][STORE_MAP] entity.id=00c39122-cd7a-4c3c-8174-3a5797e03bf7 mapped.id=00c39122-cd7a-4c3c-8174-3a5797e03bf7
2026-01-22 00:01:23.885 [1;31mERROR[0;39m [e1e5babd-ab49-48c6-b454-bf28563b4ab2] [http-nio-8080-exec-3] com.bharatshop.service.StoreService - [PROOF][STORE_MAP] entity.id=0292f24b-55db-4522-99f9-43dbbb245246 mapped.id=0292f24b-55db-4522-99f9-43dbbb245246
2026-01-22 00:01:23.886 [1;31mERROR[0;39m [e1e5babd-ab49-48c6-b454-bf28563b4ab2] [http-nio-8080-exec-3] com.bharatshop.service.StoreService - [PROOF][STORE_MAP] entity.id=0a31f491-0902-4171-873b-f9895b87ca9f mapped.id=0a31f491-0902-4171-873b-f9895b87ca9f
2026-01-22 00:01:23.886 [1;31mERROR[0;39m [e1e5babd-ab49-48c6-b454-bf28563b4ab2] [http-nio-8080-exec-3] com.bharatshop.service.StoreService - [PROOF][STORE_MAP] entity.id=0b4602a3-b9df-4b24-b74c-50544cef3041 mapped.id=0b4602a3-b9df-4b24-b74c-50544cef3041
2026-01-22 00:01:23.886 [1;31mERROR[0;39m [e1e5babd-ab49-48c6-b454-bf28563b4ab2] [http-nio-8080-exec-3] com.bharatshop.service.StoreService - [PROOF][STORE_MAP] entity.id=0b9b291e-a552-4561-a931-864ca0eaedbd mapped.id=0b9b291e-a552-4561-a931-864ca0eaedbd
2026-01-22 00:01:23.887 [1;31mERROR[0;39m [e1e5babd-ab49-48c6-b454-bf28563b4ab2] [http-nio-8080-exec-3] com.bharatshop.service.StoreService - [PROOF][STORE_MAP] entity.id=0c818990-e4a5-4961-ae99-6b6f637aeff5 mapped.id=0c818990-e4a5-4961-ae99-6b6f637aeff5
2026-01-22 00:01:23.887 [1;31mERROR[0;39m [e1e5babd-ab49-48c6-b454-bf28563b4ab2] [http-nio-8080-exec-3] com.bharatshop.service.StoreService - [PROOF][STORE_MAP] entity.id=0db8e061-88b3-4347-9296-81f4fbd76a75 mapped.id=0db8e061-88b3-4347-9296-81f4fbd76a75
2026-01-22 00:01:23.887 [1;31mERROR[0;39m [e1e5babd-ab49-48c6-b454-bf28563b4ab2] [http-nio-8080-exec-3] com.bharatshop.service.StoreService - [PROOF][STORE_MAP] entity.id=1226dfbd-91a6-4b45-b392-f4c3f9a1dc28 mapped.id=1226dfbd-91a6-4b45-b392-f4c3f9a1dc28
2026-01-22 00:01:23.888 [1;31mERROR[0;39m [e1e5babd-ab49-48c6-b454-bf28563b4ab2] [http-nio-8080-exec-3] com.bharatshop.service.StoreService - [PROOF][STORE_MAP] entity.id=19872069-841e-4933-a1ec-6da5e525de36 mapped.id=19872069-841e-4933-a1ec-6da5e525de36
2026-01-22 00:01:23.888 [1;31mERROR[0;39m [e1e5babd-ab49-48c6-b454-bf28563b4ab2] [http-nio-8080-exec-3] com.bharatshop.service.StoreService - [PROOF][STORE_MAP] entity.id=1a1b322a-ce44-40b1-88ea-2824396a7a79 mapped.id=1a1b322a-ce44-40b1-88ea-2824396a7a79
2026-01-22 00:01:23.889 [1;31mERROR[0;39m [e1e5babd-ab49-48c6-b454-bf28563b4ab2] [http-nio-8080-exec-3] com.bharatshop.service.StoreService - [PROOF][STORE_MAP] entity.id=1cc5429f-ea1c-44a8-8823-a4028ba0abab mapped.id=1cc5429f-ea1c-44a8-8823-a4028ba0abab
2026-01-22 00:01:23.889 [1;31mERROR[0;39m [e1e5babd-ab49-48c6-b454-bf28563b4ab2] [http-nio-8080-exec-3] com.bharatshop.service.StoreService - [PROOF][STORE_MAP] entity.id=1ede0717-fd0c-4b04-9622-c36536573b2e mapped.id=1ede0717-fd0c-4b04-9622-c36536573b2e
2026-01-22 00:01:23.889 [1;31mERROR[0;39m [e1e5babd-ab49-48c6-b454-bf28563b4ab2] [http-nio-8080-exec-3] com.bharatshop.service.StoreService - [PROOF][STORE_MAP] entity.id=1ef2006c-1cae-499d-985f-5b8edafef0bc mapped.id=1ef2006c-1cae-499d-985f-5b8edafef0bc
2026-01-22 00:01:23.890 [1;31mERROR[0;39m [e1e5babd-ab49-48c6-b454-bf28563b4ab2] [http-nio-8080-exec-3] com.bharatshop.service.StoreService - [PROOF][STORE_MAP] entity.id=205b8ec0-962c-4b7e-9cd7-ebee50c53421 mapped.id=205b8ec0-962c-4b7e-9cd7-ebee50c53421
2026-01-22 00:01:23.890 [1;31mERROR[0;39m [e1e5babd-ab49-48c6-b454-bf28563b4ab2] [http-nio-8080-exec-3] com.bharatshop.service.StoreService - [PROOF][STORE_MAP] entity.id=24ab445b-351b-441e-b886-7e6b905c269b mapped.id=24ab445b-351b-441e-b886-7e6b905c269b
2026-01-22 00:01:23.891 [1;31mERROR[0;39m [e1e5babd-ab49-48c6-b454-bf28563b4ab2] [http-nio-8080-exec-3] com.bharatshop.service.StoreService - [PROOF][STORE_MAP] entity.id=2505eaae-0a63-4e00-ba0c-5341c1e77087 mapped.id=2505eaae-0a63-4e00-ba0c-5341c1e77087
2026-01-22 00:01:23.891 [1;31mERROR[0;39m [e1e5babd-ab49-48c6-b454-bf28563b4ab2] [http-nio-8080-exec-3] com.bharatshop.service.StoreService - [PROOF][STORE_MAP] entity.id=2bd87494-97ef-4670-bd15-1c8edc536f30 mapped.id=2bd87494-97ef-4670-bd15-1c8edc536f30
2026-01-22 00:01:23.892 [1;31mERROR[0;39m [e1e5babd-ab49-48c6-b454-bf28563b4ab2] [http-nio-8080-exec-3] com.bharatshop.service.StoreService - [PROOF][STORE_MAP] entity.id=33b16e50-5c33-4fc8-b546-8c796895cf49 mapped.id=33b16e50-5c33-4fc8-b546-8c796895cf49
2026-01-22 00:01:23.892 [1;31mERROR[0;39m [e1e5babd-ab49-48c6-b454-bf28563b4ab2] [http-nio-8080-exec-3] com.bharatshop.service.StoreService - [PROOF][STORE_MAP] entity.id=388bcc94-5e39-46bf-aaf2-4e3fcff6bf88 mapped.id=388bcc94-5e39-46bf-aaf2-4e3fcff6bf88
2026-01-22 00:01:23.893 [1;31mERROR[0;39m [e1e5babd-ab49-48c6-b454-bf28563b4ab2] [http-nio-8080-exec-3] com.bharatshop.service.StoreService - [PROOF][STORE_MAP] entity.id=3bc12ead-5bba-4c57-a5ce-fe54a9c31a83 mapped.id=3bc12ead-5bba-4c57-a5ce-fe54a9c31a83
2026-01-22 00:01:23.893 [1;31mERROR[0;39m [e1e5babd-ab49-48c6-b454-bf28563b4ab2] [http-nio-8080-exec-3] com.bharatshop.service.StoreService - [PROOF][STORE_MAP] entity.id=3ce3b1bf-7c55-4fa5-bbe3-f45f8a93c67a mapped.id=3ce3b1bf-7c55-4fa5-bbe3-f45f8a93c67a
2026-01-22 00:01:23.894 [1;31mERROR[0;39m [e1e5babd-ab49-48c6-b454-bf28563b4ab2] [http-nio-8080-exec-3] com.bharatshop.service.StoreService - [PROOF][STORE_MAP] entity.id=46d84fa8-6153-4a40-8fe2-bcc31c67ebf0 mapped.id=46d84fa8-6153-4a40-8fe2-bcc31c67ebf0
2026-01-22 00:01:23.894 [1;31mERROR[0;39m [e1e5babd-ab49-48c6-b454-bf28563b4ab2] [http-nio-8080-exec-3] com.bharatshop.service.StoreService - [PROOF][STORE_MAP] entity.id=560e1161-52eb-4aa8-b9a0-790370f96d95 mapped.id=560e1161-52eb-4aa8-b9a0-790370f96d95
2026-01-22 00:01:23.894 [1;31mERROR[0;39m [e1e5babd-ab49-48c6-b454-bf28563b4ab2] [http-nio-8080-exec-3] com.bharatshop.service.StoreService - [PROOF][STORE_MAP] entity.id=576fa9b1-08a4-42ee-9085-f7824c0a5ab2 mapped.id=576fa9b1-08a4-42ee-9085-f7824c0a5ab2
2026-01-22 00:01:23.895 [1;31mERROR[0;39m [e1e5babd-ab49-48c6-b454-bf28563b4ab2] [http-nio-8080-exec-3] com.bharatshop.service.StoreService - [PROOF][STORE_MAP] entity.id=62cff1c1-abc3-4af6-abfd-e9b88111f107 mapped.id=62cff1c1-abc3-4af6-abfd-e9b88111f107
2026-01-22 00:01:23.895 [1;31mERROR[0;39m [e1e5babd-ab49-48c6-b454-bf28563b4ab2] [http-nio-8080-exec-3] com.bharatshop.service.StoreService - [PROOF][STORE_MAP] entity.id=63750e9a-7b95-48b2-8357-2d07ecedef26 mapped.id=63750e9a-7b95-48b2-8357-2d07ecedef26
2026-01-22 00:01:23.896 [1;31mERROR[0;39m [e1e5babd-ab49-48c6-b454-bf28563b4ab2] [http-nio-8080-exec-3] com.bharatshop.service.StoreService - [PROOF][STORE_MAP] entity.id=63a5a059-9fb3-4f8e-9b44-b1d3ebf7e683 mapped.id=63a5a059-9fb3-4f8e-9b44-b1d3ebf7e683
2026-01-22 00:01:23.896 [1;31mERROR[0;39m [e1e5babd-ab49-48c6-b454-bf28563b4ab2] [http-nio-8080-exec-3] com.bharatshop.service.StoreService - [PROOF][STORE_MAP] entity.id=68a008cd-6b10-4e48-b036-e3d752230378 mapped.id=68a008cd-6b10-4e48-b036-e3d752230378
2026-01-22 00:01:23.896 [1;31mERROR[0;39m [e1e5babd-ab49-48c6-b454-bf28563b4ab2] [http-nio-8080-exec-3] com.bharatshop.service.StoreService - [PROOF][STORE_MAP] entity.id=6e7587a5-7bb4-4bad-b147-6aaa44a30204 mapped.id=6e7587a5-7bb4-4bad-b147-6aaa44a30204
2026-01-22 00:01:23.897 [1;31mERROR[0;39m [e1e5babd-ab49-48c6-b454-bf28563b4ab2] [http-nio-8080-exec-3] com.bharatshop.service.StoreService - [PROOF][STORE_MAP] entity.id=6ea7274b-5a33-4085-9a5a-b330ae666b49 mapped.id=6ea7274b-5a33-4085-9a5a-b330ae666b49
2026-01-22 00:01:23.897 [1;31mERROR[0;39m [e1e5babd-ab49-48c6-b454-bf28563b4ab2] [http-nio-8080-exec-3] com.bharatshop.service.StoreService - [PROOF][STORE_MAP] entity.id=70022208-fa56-400b-a50c-9713f060c70d mapped.id=70022208-fa56-400b-a50c-9713f060c70d
2026-01-22 00:01:23.897 [1;31mERROR[0;39m [e1e5babd-ab49-48c6-b454-bf28563b4ab2] [http-nio-8080-exec-3] com.bharatshop.service.StoreService - [PROOF][STORE_MAP] entity.id=73b0be5e-54ff-4d4e-b6db-e082dfa6630c mapped.id=73b0be5e-54ff-4d4e-b6db-e082dfa6630c
2026-01-22 00:01:23.898 [1;31mERROR[0;39m [e1e5babd-ab49-48c6-b454-bf28563b4ab2] [http-nio-8080-exec-3] com.bharatshop.service.StoreService - [PROOF][STORE_MAP] entity.id=73eb4dbc-b400-4220-95b5-76fecdc03d79 mapped.id=73eb4dbc-b400-4220-95b5-76fecdc03d79
2026-01-22 00:01:23.898 [1;31mERROR[0;39m [e1e5babd-ab49-48c6-b454-bf28563b4ab2] [http-nio-8080-exec-3] com.bharatshop.service.StoreService - [PROOF][STORE_MAP] entity.id=7892a203-00ee-44d3-a18f-26df8ad4fe17 mapped.id=7892a203-00ee-44d3-a18f-26df8ad4fe17
2026-01-22 00:01:23.899 [1;31mERROR[0;39m [e1e5babd-ab49-48c6-b454-bf28563b4ab2] [http-nio-8080-exec-3] com.bharatshop.service.StoreService - [PROOF][STORE_MAP] entity.id=7bcf0556-b5ba-4df8-9196-1d24f45488c0 mapped.id=7bcf0556-b5ba-4df8-9196-1d24f45488c0
2026-01-22 00:01:23.899 [1;31mERROR[0;39m [e1e5babd-ab49-48c6-b454-bf28563b4ab2] [http-nio-8080-exec-3] com.bharatshop.service.StoreService - [PROOF][STORE_MAP] entity.id=7c626af0-9464-4de1-9c3c-e940807fbe76 mapped.id=7c626af0-9464-4de1-9c3c-e940807fbe76
2026-01-22 00:01:23.899 [1;31mERROR[0;39m [e1e5babd-ab49-48c6-b454-bf28563b4ab2] [http-nio-8080-exec-3] com.bharatshop.service.StoreService - [PROOF][STORE_MAP] entity.id=845e8ef8-197f-46c7-9ea8-6996c4c517de mapped.id=845e8ef8-197f-46c7-9ea8-6996c4c517de
2026-01-22 00:01:23.900 [1;31mERROR[0;39m [e1e5babd-ab49-48c6-b454-bf28563b4ab2] [http-nio-8080-exec-3] com.bharatshop.service.StoreService - [PROOF][STORE_MAP] entity.id=849ea36e-22cd-4ff8-842a-76c490d7ad04 mapped.id=849ea36e-22cd-4ff8-842a-76c490d7ad04
2026-01-22 00:01:23.900 [1;31mERROR[0;39m [e1e5babd-ab49-48c6-b454-bf28563b4ab2] [http-nio-8080-exec-3] com.bharatshop.service.StoreService - [PROOF][STORE_MAP] entity.id=871a0bfe-570b-44ed-b7c4-ef60b2d18cf1 mapped.id=871a0bfe-570b-44ed-b7c4-ef60b2d18cf1
2026-01-22 00:01:23.900 [1;31mERROR[0;39m [e1e5babd-ab49-48c6-b454-bf28563b4ab2] [http-nio-8080-exec-3] com.bharatshop.service.StoreService - [PROOF][STORE_MAP] entity.id=87a84161-6c82-4ca5-a8f7-5b466d179ef0 mapped.id=87a84161-6c82-4ca5-a8f7-5b466d179ef0
2026-01-22 00:01:23.900 [1;31mERROR[0;39m [e1e5babd-ab49-48c6-b454-bf28563b4ab2] [http-nio-8080-exec-3] com.bharatshop.service.StoreService - [PROOF][STORE_MAP] entity.id=90e791d5-27d3-4330-b834-48510b7dea41 mapped.id=90e791d5-27d3-4330-b834-48510b7dea41
2026-01-22 00:01:23.901 [1;31mERROR[0;39m [e1e5babd-ab49-48c6-b454-bf28563b4ab2] [http-nio-8080-exec-3] com.bharatshop.service.StoreService - [PROOF][STORE_MAP] entity.id=91b2fd08-779e-4ba0-91ed-106aaeb4bb86 mapped.id=91b2fd08-779e-4ba0-91ed-106aaeb4bb86
2026-01-22 00:01:23.901 [1;31mERROR[0;39m [e1e5babd-ab49-48c6-b454-bf28563b4ab2] [http-nio-8080-exec-3] com.bharatshop.service.StoreService - [PROOF][STORE_MAP] entity.id=928bb134-16cf-4cb3-bc8e-cd70332ab789 mapped.id=928bb134-16cf-4cb3-bc8e-cd70332ab789
2026-01-22 00:01:23.901 [1;31mERROR[0;39m [e1e5babd-ab49-48c6-b454-bf28563b4ab2] [http-nio-8080-exec-3] com.bharatshop.service.StoreService - [PROOF][STORE_MAP] entity.id=9a0c37d7-50b9-462e-a551-dcdd782d8a5f mapped.id=9a0c37d7-50b9-462e-a551-dcdd782d8a5f
2026-01-22 00:01:23.902 [1;31mERROR[0;39m [e1e5babd-ab49-48c6-b454-bf28563b4ab2] [http-nio-8080-exec-3] com.bharatshop.service.StoreService - [PROOF][STORE_MAP] entity.id=9ab20b1c-6f2c-43b1-a8cf-8ef50a4b9c4f mapped.id=9ab20b1c-6f2c-43b1-a8cf-8ef50a4b9c4f
2026-01-22 00:01:23.902 [1;31mERROR[0;39m [e1e5babd-ab49-48c6-b454-bf28563b4ab2] [http-nio-8080-exec-3] com.bharatshop.service.StoreService - [PROOF][STORE_MAP] entity.id=9d6418ad-35b6-4d3b-b8b4-3d480954db28 mapped.id=9d6418ad-35b6-4d3b-b8b4-3d480954db28
2026-01-22 00:01:23.902 [1;31mERROR[0;39m [e1e5babd-ab49-48c6-b454-bf28563b4ab2] [http-nio-8080-exec-3] com.bharatshop.service.StoreService - [PROOF][STORE_MAP] entity.id=a1c87caf-0b52-49d2-baa3-d7131e2fa26c mapped.id=a1c87caf-0b52-49d2-baa3-d7131e2fa26c
2026-01-22 00:01:23.903 [1;31mERROR[0;39m [e1e5babd-ab49-48c6-b454-bf28563b4ab2] [http-nio-8080-exec-3] com.bharatshop.service.StoreService - [PROOF][STORE_MAP] entity.id=a1ec40c4-817b-42ca-8bb8-d8e9ed6da87b mapped.id=a1ec40c4-817b-42ca-8bb8-d8e9ed6da87b
2026-01-22 00:01:23.903 [1;31mERROR[0;39m [e1e5babd-ab49-48c6-b454-bf28563b4ab2] [http-nio-8080-exec-3] com.bharatshop.service.StoreService - [PROOF][STORE_MAP] entity.id=a3eb940f-82bd-4e14-b002-089d40d04b38 mapped.id=a3eb940f-82bd-4e14-b002-089d40d04b38
2026-01-22 00:01:23.903 [1;31mERROR[0;39m [e1e5babd-ab49-48c6-b454-bf28563b4ab2] [http-nio-8080-exec-3] com.bharatshop.service.StoreService - [PROOF][STORE_MAP] entity.id=a4de947c-3059-448e-ab5f-3d6d148f193b mapped.id=a4de947c-3059-448e-ab5f-3d6d148f193b
2026-01-22 00:01:23.904 [1;31mERROR[0;39m [e1e5babd-ab49-48c6-b454-bf28563b4ab2] [http-nio-8080-exec-3] com.bharatshop.service.StoreService - [PROOF][STORE_MAP] entity.id=ab14eaea-2b0c-42fb-86ac-bfb2913095f0 mapped.id=ab14eaea-2b0c-42fb-86ac-bfb2913095f0
2026-01-22 00:01:23.904 [1;31mERROR[0;39m [e1e5babd-ab49-48c6-b454-bf28563b4ab2] [http-nio-8080-exec-3] com.bharatshop.service.StoreService - [PROOF][STORE_MAP] entity.id=aee5f433-686e-45bb-be6b-2160a9267cb2 mapped.id=aee5f433-686e-45bb-be6b-2160a9267cb2
2026-01-22 00:01:23.904 [1;31mERROR[0;39m [e1e5babd-ab49-48c6-b454-bf28563b4ab2] [http-nio-8080-exec-3] com.bharatshop.service.StoreService - [PROOF][STORE_MAP] entity.id=b317167f-e99c-45aa-b2f0-a84996265d4c mapped.id=b317167f-e99c-45aa-b2f0-a84996265d4c
2026-01-22 00:01:23.905 [1;31mERROR[0;39m [e1e5babd-ab49-48c6-b454-bf28563b4ab2] [http-nio-8080-exec-3] com.bharatshop.service.StoreService - [PROOF][STORE_MAP] entity.id=b3f781b8-80a3-44f2-9250-b92a227b32a4 mapped.id=b3f781b8-80a3-44f2-9250-b92a227b32a4
2026-01-22 00:01:23.905 [1;31mERROR[0;39m [e1e5babd-ab49-48c6-b454-bf28563b4ab2] [http-nio-8080-exec-3] com.bharatshop.service.StoreService - [PROOF][STORE_MAP] entity.id=b485290f-bc7c-4752-af1b-99edf8480ee6 mapped.id=b485290f-bc7c-4752-af1b-99edf8480ee6
2026-01-22 00:01:23.906 [1;31mERROR[0;39m [e1e5babd-ab49-48c6-b454-bf28563b4ab2] [http-nio-8080-exec-3] com.bharatshop.service.StoreService - [PROOF][STORE_MAP] entity.id=b585adf9-d1e7-41be-ba0f-179581c84259 mapped.id=b585adf9-d1e7-41be-ba0f-179581c84259
2026-01-22 00:01:23.906 [1;31mERROR[0;39m [e1e5babd-ab49-48c6-b454-bf28563b4ab2] [http-nio-8080-exec-3] com.bharatshop.service.StoreService - [PROOF][STORE_MAP] entity.id=c3048a16-e1a4-4384-897c-2ac041d0e3a7 mapped.id=c3048a16-e1a4-4384-897c-2ac041d0e3a7
2026-01-22 00:01:23.906 [1;31mERROR[0;39m [e1e5babd-ab49-48c6-b454-bf28563b4ab2] [http-nio-8080-exec-3] com.bharatshop.service.StoreService - [PROOF][STORE_MAP] entity.id=c912f8c0-40c6-4961-9251-a3330a288157 mapped.id=c912f8c0-40c6-4961-9251-a3330a288157
2026-01-22 00:01:23.907 [1;31mERROR[0;39m [e1e5babd-ab49-48c6-b454-bf28563b4ab2] [http-nio-8080-exec-3] com.bharatshop.service.StoreService - [PROOF][STORE_MAP] entity.id=ce9a05aa-7780-4da8-a071-1039ff4b1e4f mapped.id=ce9a05aa-7780-4da8-a071-1039ff4b1e4f
2026-01-22 00:01:23.907 [1;31mERROR[0;39m [e1e5babd-ab49-48c6-b454-bf28563b4ab2] [http-nio-8080-exec-3] com.bharatshop.service.StoreService - [PROOF][STORE_MAP] entity.id=cf88b9ed-cc07-4a33-b099-5e4f9bd217a7 mapped.id=cf88b9ed-cc07-4a33-b099-5e4f9bd217a7
2026-01-22 00:01:23.907 [1;31mERROR[0;39m [e1e5babd-ab49-48c6-b454-bf28563b4ab2] [http-nio-8080-exec-3] com.bharatshop.service.StoreService - [PROOF][STORE_MAP] entity.id=de7ec43b-f843-45ab-bb22-c92531b9d7c7 mapped.id=de7ec43b-f843-45ab-bb22-c92531b9d7c7
2026-01-22 00:01:23.908 [1;31mERROR[0;39m [e1e5babd-ab49-48c6-b454-bf28563b4ab2] [http-nio-8080-exec-3] com.bharatshop.service.StoreService - [PROOF][STORE_MAP] entity.id=e551d104-4c15-4771-9ba7-b63e90fc7fba mapped.id=e551d104-4c15-4771-9ba7-b63e90fc7fba
2026-01-22 00:01:23.908 [1;31mERROR[0;39m [e1e5babd-ab49-48c6-b454-bf28563b4ab2] [http-nio-8080-exec-3] com.bharatshop.service.StoreService - [PROOF][STORE_MAP] entity.id=ea6f14df-a0c8-4385-9f15-dc4090a56755 mapped.id=ea6f14df-a0c8-4385-9f15-dc4090a56755
2026-01-22 00:01:23.909 [1;31mERROR[0;39m [e1e5babd-ab49-48c6-b454-bf28563b4ab2] [http-nio-8080-exec-3] com.bharatshop.service.StoreService - [PROOF][STORE_MAP] entity.id=ee9d384e-62ad-4629-95ca-dac08774fe42 mapped.id=ee9d384e-62ad-4629-95ca-dac08774fe42
2026-01-22 00:01:23.909 [1;31mERROR[0;39m [e1e5babd-ab49-48c6-b454-bf28563b4ab2] [http-nio-8080-exec-3] com.bharatshop.service.StoreService - [PROOF][STORE_MAP] entity.id=f108d126-49d7-41f8-b04b-e01530716993 mapped.id=f108d126-49d7-41f8-b04b-e01530716993
2026-01-22 00:01:23.909 [1;31mERROR[0;39m [e1e5babd-ab49-48c6-b454-bf28563b4ab2] [http-nio-8080-exec-3] com.bharatshop.service.StoreService - [PROOF][STORE_MAP] entity.id=f9dec3e2-418a-461f-842e-fe2c8649045f mapped.id=f9dec3e2-418a-461f-842e-fe2c8649045f
2026-01-22 00:01:23.910 [1;31mERROR[0;39m [e1e5babd-ab49-48c6-b454-bf28563b4ab2] [http-nio-8080-exec-3] com.bharatshop.service.StoreService - [PROOF][STORE_MAP] entity.id=fc690990-0ed7-481a-b424-96a805a50043 mapped.id=fc690990-0ed7-481a-b424-96a805a50043
2026-01-22 00:01:23.910 [1;31mERROR[0;39m [e1e5babd-ab49-48c6-b454-bf28563b4ab2] [http-nio-8080-exec-3] com.bharatshop.service.StoreService - [PROOF][STORE_MAP] entity.id=ff2561d2-612b-401a-8ae2-be1e30da016a mapped.id=ff2561d2-612b-401a-8ae2-be1e30da016a
2026-01-22 00:01:23.910 [1;31mERROR[0;39m [e1e5babd-ab49-48c6-b454-bf28563b4ab2] [http-nio-8080-exec-3] com.bharatshop.service.StoreService - [PROOF][STORE_MAP] entity.id=storeA mapped.id=storeA
2026-01-22 00:01:23.911 [1;31mERROR[0;39m [e1e5babd-ab49-48c6-b454-bf28563b4ab2] [http-nio-8080-exec-3] c.b.storefront.StorefrontController - [PROOF][STORE_LIST] store.id=storeA tenant=tenantA source=DB
2026-01-22 00:01:23.912 [1;31mERROR[0;39m [e1e5babd-ab49-48c6-b454-bf28563b4ab2] [http-nio-8080-exec-3] c.b.storefront.StorefrontController - [PROOF][STORE_LIST] store.id=0292f24b-55db-4522-99f9-43dbbb245246 tenant=tenantA source=DB
2026-01-22 00:01:23.912 [1;31mERROR[0;39m [e1e5babd-ab49-48c6-b454-bf28563b4ab2] [http-nio-8080-exec-3] c.b.storefront.StorefrontController - [PROOF][STORE_LIST] store.id=0b9b291e-a552-4561-a931-864ca0eaedbd tenant=tenantA source=DB
2026-01-22 00:01:23.912 [1;31mERROR[0;39m [e1e5babd-ab49-48c6-b454-bf28563b4ab2] [http-nio-8080-exec-3] c.b.storefront.StorefrontController - [PROOF][STORE_LIST] store.id=0db8e061-88b3-4347-9296-81f4fbd76a75 tenant=tenantA source=DB
2026-01-22 00:01:23.913 [1;31mERROR[0;39m [e1e5babd-ab49-48c6-b454-bf28563b4ab2] [http-nio-8080-exec-3] c.b.storefront.StorefrontController - [PROOF][STORE_LIST] store.id=19872069-841e-4933-a1ec-6da5e525de36 tenant=tenantA source=DB
2026-01-22 00:01:23.913 [1;31mERROR[0;39m [e1e5babd-ab49-48c6-b454-bf28563b4ab2] [http-nio-8080-exec-3] c.b.storefront.StorefrontController - [PROOF][STORE_LIST] store.id=1ede0717-fd0c-4b04-9622-c36536573b2e tenant=tenantA source=DB
2026-01-22 00:01:23.913 [1;31mERROR[0;39m [e1e5babd-ab49-48c6-b454-bf28563b4ab2] [http-nio-8080-exec-3] c.b.storefront.StorefrontController - [PROOF][STORE_LIST] store.id=1ef2006c-1cae-499d-985f-5b8edafef0bc tenant=tenantA source=DB
2026-01-22 00:01:23.914 [1;31mERROR[0;39m [e1e5babd-ab49-48c6-b454-bf28563b4ab2] [http-nio-8080-exec-3] c.b.storefront.StorefrontController - [PROOF][STORE_LIST] store.id=2505eaae-0a63-4e00-ba0c-5341c1e77087 tenant=tenantA source=DB
2026-01-22 00:01:23.914 [1;31mERROR[0;39m [e1e5babd-ab49-48c6-b454-bf28563b4ab2] [http-nio-8080-exec-3] c.b.storefront.StorefrontController - [PROOF][STORE_LIST] store.id=2bd87494-97ef-4670-bd15-1c8edc536f30 tenant=tenantA source=DB
2026-01-22 00:01:23.914 [1;31mERROR[0;39m [e1e5babd-ab49-48c6-b454-bf28563b4ab2] [http-nio-8080-exec-3] c.b.storefront.StorefrontController - [PROOF][STORE_LIST] store.id=33b16e50-5c33-4fc8-b546-8c796895cf49 tenant=tenantA source=DB
2026-01-22 00:01:23.915 [1;31mERROR[0;39m [e1e5babd-ab49-48c6-b454-bf28563b4ab2] [http-nio-8080-exec-3] c.b.storefront.StorefrontController - [PROOF][STORE_LIST] store.id=576fa9b1-08a4-42ee-9085-f7824c0a5ab2 tenant=tenantA source=DB
2026-01-22 00:01:23.915 [1;31mERROR[0;39m [e1e5babd-ab49-48c6-b454-bf28563b4ab2] [http-nio-8080-exec-3] c.b.storefront.StorefrontController - [PROOF][STORE_LIST] store.id=63a5a059-9fb3-4f8e-9b44-b1d3ebf7e683 tenant=tenantA source=DB
2026-01-22 00:01:23.915 [1;31mERROR[0;39m [e1e5babd-ab49-48c6-b454-bf28563b4ab2] [http-nio-8080-exec-3] c.b.storefront.StorefrontController - [PROOF][STORE_LIST] store.id=68a008cd-6b10-4e48-b036-e3d752230378 tenant=tenantA source=DB
2026-01-22 00:01:23.916 [1;31mERROR[0;39m [e1e5babd-ab49-48c6-b454-bf28563b4ab2] [http-nio-8080-exec-3] c.b.storefront.StorefrontController - [PROOF][STORE_LIST] store.id=6e7587a5-7bb4-4bad-b147-6aaa44a30204 tenant=tenantA source=DB
2026-01-22 00:01:23.916 [1;31mERROR[0;39m [e1e5babd-ab49-48c6-b454-bf28563b4ab2] [http-nio-8080-exec-3] c.b.storefront.StorefrontController - [PROOF][STORE_LIST] store.id=6ea7274b-5a33-4085-9a5a-b330ae666b49 tenant=tenantA source=DB
2026-01-22 00:01:23.916 [1;31mERROR[0;39m [e1e5babd-ab49-48c6-b454-bf28563b4ab2] [http-nio-8080-exec-3] c.b.storefront.StorefrontController - [PROOF][STORE_LIST] store.id=70022208-fa56-400b-a50c-9713f060c70d tenant=tenantA source=DB
2026-01-22 00:01:23.917 [1;31mERROR[0;39m [e1e5babd-ab49-48c6-b454-bf28563b4ab2] [http-nio-8080-exec-3] c.b.storefront.StorefrontController - [PROOF][STORE_LIST] store.id=73b0be5e-54ff-4d4e-b6db-e082dfa6630c tenant=tenantA source=DB
2026-01-22 00:01:23.917 [1;31mERROR[0;39m [e1e5babd-ab49-48c6-b454-bf28563b4ab2] [http-nio-8080-exec-3] c.b.storefront.StorefrontController - [PROOF][STORE_LIST] store.id=73eb4dbc-b400-4220-95b5-76fecdc03d79 tenant=tenantA source=DB
2026-01-22 00:01:23.917 [1;31mERROR[0;39m [e1e5babd-ab49-48c6-b454-bf28563b4ab2] [http-nio-8080-exec-3] c.b.storefront.StorefrontController - [PROOF][STORE_LIST] store.id=7892a203-00ee-44d3-a18f-26df8ad4fe17 tenant=tenantA source=DB
2026-01-22 00:01:23.918 [1;31mERROR[0;39m [e1e5babd-ab49-48c6-b454-bf28563b4ab2] [http-nio-8080-exec-3] c.b.storefront.StorefrontController - [PROOF][STORE_LIST] store.id=7bcf0556-b5ba-4df8-9196-1d24f45488c0 tenant=tenantA source=DB
2026-01-22 00:01:23.918 [1;31mERROR[0;39m [e1e5babd-ab49-48c6-b454-bf28563b4ab2] [http-nio-8080-exec-3] c.b.storefront.StorefrontController - [PROOF][STORE_LIST] store.id=845e8ef8-197f-46c7-9ea8-6996c4c517de tenant=tenantA source=DB
2026-01-22 00:01:23.918 [1;31mERROR[0;39m [e1e5babd-ab49-48c6-b454-bf28563b4ab2] [http-nio-8080-exec-3] c.b.storefront.StorefrontController - [PROOF][STORE_LIST] store.id=849ea36e-22cd-4ff8-842a-76c490d7ad04 tenant=tenantA source=DB
2026-01-22 00:01:23.919 [1;31mERROR[0;39m [e1e5babd-ab49-48c6-b454-bf28563b4ab2] [http-nio-8080-exec-3] c.b.storefront.StorefrontController - [PROOF][STORE_LIST] store.id=928bb134-16cf-4cb3-bc8e-cd70332ab789 tenant=tenantA source=DB
2026-01-22 00:01:23.919 [1;31mERROR[0;39m [e1e5babd-ab49-48c6-b454-bf28563b4ab2] [http-nio-8080-exec-3] c.b.storefront.StorefrontController - [PROOF][STORE_LIST] store.id=9a0c37d7-50b9-462e-a551-dcdd782d8a5f tenant=tenantA source=DB
2026-01-22 00:01:23.919 [1;31mERROR[0;39m [e1e5babd-ab49-48c6-b454-bf28563b4ab2] [http-nio-8080-exec-3] c.b.storefront.StorefrontController - [PROOF][STORE_LIST] store.id=a1c87caf-0b52-49d2-baa3-d7131e2fa26c tenant=tenantA source=DB
2026-01-22 00:01:23.920 [1;31mERROR[0;39m [e1e5babd-ab49-48c6-b454-bf28563b4ab2] [http-nio-8080-exec-3] c.b.storefront.StorefrontController - [PROOF][STORE_LIST] store.id=a4de947c-3059-448e-ab5f-3d6d148f193b tenant=tenantA source=DB
2026-01-22 00:01:23.920 [1;31mERROR[0;39m [e1e5babd-ab49-48c6-b454-bf28563b4ab2] [http-nio-8080-exec-3] c.b.storefront.StorefrontController - [PROOF][STORE_LIST] store.id=b317167f-e99c-45aa-b2f0-a84996265d4c tenant=tenantA source=DB
2026-01-22 00:01:23.921 [1;31mERROR[0;39m [e1e5babd-ab49-48c6-b454-bf28563b4ab2] [http-nio-8080-exec-3] c.b.storefront.StorefrontController - [PROOF][STORE_LIST] store.id=b3f781b8-80a3-44f2-9250-b92a227b32a4 tenant=tenantA source=DB
2026-01-22 00:01:23.921 [1;31mERROR[0;39m [e1e5babd-ab49-48c6-b454-bf28563b4ab2] [http-nio-8080-exec-3] c.b.storefront.StorefrontController - [PROOF][STORE_LIST] store.id=b485290f-bc7c-4752-af1b-99edf8480ee6 tenant=tenantA source=DB
2026-01-22 00:01:23.921 [1;31mERROR[0;39m [e1e5babd-ab49-48c6-b454-bf28563b4ab2] [http-nio-8080-exec-3] c.b.storefront.StorefrontController - [PROOF][STORE_LIST] store.id=b585adf9-d1e7-41be-ba0f-179581c84259 tenant=tenantA source=DB
2026-01-22 00:01:23.922 [1;31mERROR[0;39m [e1e5babd-ab49-48c6-b454-bf28563b4ab2] [http-nio-8080-exec-3] c.b.storefront.StorefrontController - [PROOF][STORE_LIST] store.id=c3048a16-e1a4-4384-897c-2ac041d0e3a7 tenant=tenantA source=DB
2026-01-22 00:01:23.922 [1;31mERROR[0;39m [e1e5babd-ab49-48c6-b454-bf28563b4ab2] [http-nio-8080-exec-3] c.b.storefront.StorefrontController - [PROOF][STORE_LIST] store.id=cf88b9ed-cc07-4a33-b099-5e4f9bd217a7 tenant=tenantA source=DB
2026-01-22 00:01:23.923 [1;31mERROR[0;39m [e1e5babd-ab49-48c6-b454-bf28563b4ab2] [http-nio-8080-exec-3] c.b.storefront.StorefrontController - [PROOF][STORE_LIST] store.id=de7ec43b-f843-45ab-bb22-c92531b9d7c7 tenant=tenantA source=DB
2026-01-22 00:01:23.923 [1;31mERROR[0;39m [e1e5babd-ab49-48c6-b454-bf28563b4ab2] [http-nio-8080-exec-3] c.b.storefront.StorefrontController - [PROOF][STORE_LIST] store.id=ee9d384e-62ad-4629-95ca-dac08774fe42 tenant=tenantA source=DB
2026-01-22 00:01:23.923 [1;31mERROR[0;39m [e1e5babd-ab49-48c6-b454-bf28563b4ab2] [http-nio-8080-exec-3] c.b.storefront.StorefrontController - [PROOF][STORE_LIST] store.id=f9dec3e2-418a-461f-842e-fe2c8649045f tenant=tenantA source=DB
2026-01-22 00:01:23.924 [1;31mERROR[0;39m [e1e5babd-ab49-48c6-b454-bf28563b4ab2] [http-nio-8080-exec-3] c.b.storefront.StorefrontController - [PROOF][STORE_LIST] store.id=00c39122-cd7a-4c3c-8174-3a5797e03bf7 tenant=tenantA source=DB
2026-01-22 00:01:23.924 [1;31mERROR[0;39m [e1e5babd-ab49-48c6-b454-bf28563b4ab2] [http-nio-8080-exec-3] c.b.storefront.StorefrontController - [PROOF][STORE_LIST] store.id=0a31f491-0902-4171-873b-f9895b87ca9f tenant=tenantA source=DB
2026-01-22 00:01:23.924 [1;31mERROR[0;39m [e1e5babd-ab49-48c6-b454-bf28563b4ab2] [http-nio-8080-exec-3] c.b.storefront.StorefrontController - [PROOF][STORE_LIST] store.id=0b4602a3-b9df-4b24-b74c-50544cef3041 tenant=tenantA source=DB
2026-01-22 00:01:23.925 [1;31mERROR[0;39m [e1e5babd-ab49-48c6-b454-bf28563b4ab2] [http-nio-8080-exec-3] c.b.storefront.StorefrontController - [PROOF][STORE_LIST] store.id=0c818990-e4a5-4961-ae99-6b6f637aeff5 tenant=tenantA source=DB
2026-01-22 00:01:23.925 [1;31mERROR[0;39m [e1e5babd-ab49-48c6-b454-bf28563b4ab2] [http-nio-8080-exec-3] c.b.storefront.StorefrontController - [PROOF][STORE_LIST] store.id=1226dfbd-91a6-4b45-b392-f4c3f9a1dc28 tenant=tenantA source=DB
2026-01-22 00:01:23.926 [1;31mERROR[0;39m [e1e5babd-ab49-48c6-b454-bf28563b4ab2] [http-nio-8080-exec-3] c.b.storefront.StorefrontController - [PROOF][STORE_LIST] store.id=1a1b322a-ce44-40b1-88ea-2824396a7a79 tenant=tenantA source=DB
2026-01-22 00:01:23.926 [1;31mERROR[0;39m [e1e5babd-ab49-48c6-b454-bf28563b4ab2] [http-nio-8080-exec-3] c.b.storefront.StorefrontController - [PROOF][STORE_LIST] store.id=1cc5429f-ea1c-44a8-8823-a4028ba0abab tenant=tenantA source=DB
2026-01-22 00:01:23.926 [1;31mERROR[0;39m [e1e5babd-ab49-48c6-b454-bf28563b4ab2] [http-nio-8080-exec-3] c.b.storefront.StorefrontController - [PROOF][STORE_LIST] store.id=205b8ec0-962c-4b7e-9cd7-ebee50c53421 tenant=tenantA source=DB
2026-01-22 00:01:23.927 [1;31mERROR[0;39m [e1e5babd-ab49-48c6-b454-bf28563b4ab2] [http-nio-8080-exec-3] c.b.storefront.StorefrontController - [PROOF][STORE_LIST] store.id=24ab445b-351b-441e-b886-7e6b905c269b tenant=tenantA source=DB
2026-01-22 00:01:23.927 [1;31mERROR[0;39m [e1e5babd-ab49-48c6-b454-bf28563b4ab2] [http-nio-8080-exec-3] c.b.storefront.StorefrontController - [PROOF][STORE_LIST] store.id=388bcc94-5e39-46bf-aaf2-4e3fcff6bf88 tenant=tenantA source=DB
2026-01-22 00:01:23.927 [1;31mERROR[0;39m [e1e5babd-ab49-48c6-b454-bf28563b4ab2] [http-nio-8080-exec-3] c.b.storefront.StorefrontController - [PROOF][STORE_LIST] store.id=3bc12ead-5bba-4c57-a5ce-fe54a9c31a83 tenant=tenantA source=DB
2026-01-22 00:01:23.928 [1;31mERROR[0;39m [e1e5babd-ab49-48c6-b454-bf28563b4ab2] [http-nio-8080-exec-3] c.b.storefront.StorefrontController - [PROOF][STORE_LIST] store.id=3ce3b1bf-7c55-4fa5-bbe3-f45f8a93c67a tenant=tenantA source=DB
2026-01-22 00:01:23.928 [1;31mERROR[0;39m [e1e5babd-ab49-48c6-b454-bf28563b4ab2] [http-nio-8080-exec-3] c.b.storefront.StorefrontController - [PROOF][STORE_LIST] store.id=46d84fa8-6153-4a40-8fe2-bcc31c67ebf0 tenant=tenantA source=DB
2026-01-22 00:01:23.928 [1;31mERROR[0;39m [e1e5babd-ab49-48c6-b454-bf28563b4ab2] [http-nio-8080-exec-3] c.b.storefront.StorefrontController - [PROOF][STORE_LIST] store.id=560e1161-52eb-4aa8-b9a0-790370f96d95 tenant=tenantA source=DB
2026-01-22 00:01:23.929 [1;31mERROR[0;39m [e1e5babd-ab49-48c6-b454-bf28563b4ab2] [http-nio-8080-exec-3] c.b.storefront.StorefrontController - [PROOF][STORE_LIST] store.id=62cff1c1-abc3-4af6-abfd-e9b88111f107 tenant=tenantA source=DB
2026-01-22 00:01:23.929 [1;31mERROR[0;39m [e1e5babd-ab49-48c6-b454-bf28563b4ab2] [http-nio-8080-exec-3] c.b.storefront.StorefrontController - [PROOF][STORE_LIST] store.id=63750e9a-7b95-48b2-8357-2d07ecedef26 tenant=tenantA source=DB
2026-01-22 00:01:23.930 [1;31mERROR[0;39m [e1e5babd-ab49-48c6-b454-bf28563b4ab2] [http-nio-8080-exec-3] c.b.storefront.StorefrontController - [PROOF][STORE_LIST] store.id=7c626af0-9464-4de1-9c3c-e940807fbe76 tenant=tenantA source=DB
2026-01-22 00:01:23.930 [1;31mERROR[0;39m [e1e5babd-ab49-48c6-b454-bf28563b4ab2] [http-nio-8080-exec-3] c.b.storefront.StorefrontController - [PROOF][STORE_LIST] store.id=871a0bfe-570b-44ed-b7c4-ef60b2d18cf1 tenant=tenantA source=DB
2026-01-22 00:01:23.930 [1;31mERROR[0;39m [e1e5babd-ab49-48c6-b454-bf28563b4ab2] [http-nio-8080-exec-3] c.b.storefront.StorefrontController - [PROOF][STORE_LIST] store.id=87a84161-6c82-4ca5-a8f7-5b466d179ef0 tenant=tenantA source=DB
2026-01-22 00:01:23.931 [1;31mERROR[0;39m [e1e5babd-ab49-48c6-b454-bf28563b4ab2] [http-nio-8080-exec-3] c.b.storefront.StorefrontController - [PROOF][STORE_LIST] store.id=90e791d5-27d3-4330-b834-48510b7dea41 tenant=tenantA source=DB
2026-01-22 00:01:23.931 [1;31mERROR[0;39m [e1e5babd-ab49-48c6-b454-bf28563b4ab2] [http-nio-8080-exec-3] c.b.storefront.StorefrontController - [PROOF][STORE_LIST] store.id=91b2fd08-779e-4ba0-91ed-106aaeb4bb86 tenant=tenantA source=DB
2026-01-22 00:01:23.931 [1;31mERROR[0;39m [e1e5babd-ab49-48c6-b454-bf28563b4ab2] [http-nio-8080-exec-3] c.b.storefront.StorefrontController - [PROOF][STORE_LIST] store.id=9ab20b1c-6f2c-43b1-a8cf-8ef50a4b9c4f tenant=tenantA source=DB
2026-01-22 00:01:23.932 [1;31mERROR[0;39m [e1e5babd-ab49-48c6-b454-bf28563b4ab2] [http-nio-8080-exec-3] c.b.storefront.StorefrontController - [PROOF][STORE_LIST] store.id=9d6418ad-35b6-4d3b-b8b4-3d480954db28 tenant=tenantA source=DB
2026-01-22 00:01:23.933 [1;31mERROR[0;39m [e1e5babd-ab49-48c6-b454-bf28563b4ab2] [http-nio-8080-exec-3] c.b.storefront.StorefrontController - [PROOF][STORE_LIST] store.id=a1ec40c4-817b-42ca-8bb8-d8e9ed6da87b tenant=tenantA source=DB
2026-01-22 00:01:23.933 [1;31mERROR[0;39m [e1e5babd-ab49-48c6-b454-bf28563b4ab2] [http-nio-8080-exec-3] c.b.storefront.StorefrontController - [PROOF][STORE_LIST] store.id=a3eb940f-82bd-4e14-b002-089d40d04b38 tenant=tenantA source=DB
2026-01-22 00:01:23.934 [1;31mERROR[0;39m [e1e5babd-ab49-48c6-b454-bf28563b4ab2] [http-nio-8080-exec-3] c.b.storefront.StorefrontController - [PROOF][STORE_LIST] store.id=ab14eaea-2b0c-42fb-86ac-bfb2913095f0 tenant=tenantA source=DB
2026-01-22 00:01:23.934 [1;31mERROR[0;39m [e1e5babd-ab49-48c6-b454-bf28563b4ab2] [http-nio-8080-exec-3] c.b.storefront.StorefrontController - [PROOF][STORE_LIST] store.id=aee5f433-686e-45bb-be6b-2160a9267cb2 tenant=tenantA source=DB
2026-01-22 00:01:23.934 [1;31mERROR[0;39m [e1e5babd-ab49-48c6-b454-bf28563b4ab2] [http-nio-8080-exec-3] c.b.storefront.StorefrontController - [PROOF][STORE_LIST] store.id=c912f8c0-40c6-4961-9251-a3330a288157 tenant=tenantA source=DB
2026-01-22 00:01:23.935 [1;31mERROR[0;39m [e1e5babd-ab49-48c6-b454-bf28563b4ab2] [http-nio-8080-exec-3] c.b.storefront.StorefrontController - [PROOF][STORE_LIST] store.id=ce9a05aa-7780-4da8-a071-1039ff4b1e4f tenant=tenantA source=DB
2026-01-22 00:01:23.935 [1;31mERROR[0;39m [e1e5babd-ab49-48c6-b454-bf28563b4ab2] [http-nio-8080-exec-3] c.b.storefront.StorefrontController - [PROOF][STORE_LIST] store.id=e551d104-4c15-4771-9ba7-b63e90fc7fba tenant=tenantA source=DB
2026-01-22 00:01:23.936 [1;31mERROR[0;39m [e1e5babd-ab49-48c6-b454-bf28563b4ab2] [http-nio-8080-exec-3] c.b.storefront.StorefrontController - [PROOF][STORE_LIST] store.id=ea6f14df-a0c8-4385-9f15-dc4090a56755 tenant=tenantA source=DB
2026-01-22 00:01:23.936 [1;31mERROR[0;39m [e1e5babd-ab49-48c6-b454-bf28563b4ab2] [http-nio-8080-exec-3] c.b.storefront.StorefrontController - [PROOF][STORE_LIST] store.id=f108d126-49d7-41f8-b04b-e01530716993 tenant=tenantA source=DB
2026-01-22 00:01:23.936 [1;31mERROR[0;39m [e1e5babd-ab49-48c6-b454-bf28563b4ab2] [http-nio-8080-exec-3] c.b.storefront.StorefrontController - [PROOF][STORE_LIST] store.id=fc690990-0ed7-481a-b424-96a805a50043 tenant=tenantA source=DB
2026-01-22 00:01:23.937 [1;31mERROR[0;39m [e1e5babd-ab49-48c6-b454-bf28563b4ab2] [http-nio-8080-exec-3] c.b.storefront.StorefrontController - [PROOF][STORE_LIST] store.id=ff2561d2-612b-401a-8ae2-be1e30da016a tenant=tenantA source=DB
2026-01-22 00:01:23.958 [34mINFO [0;39m [e1e5babd-ab49-48c6-b454-bf28563b4ab2] [http-nio-8080-exec-3] c.b.config.logging.HttpLoggingFilter - GET /api/storefront/stores -> 200 (149 ms)
2026-01-22 00:01:23.959 [34mINFO [0;39m [e1e5babd-ab49-48c6-b454-bf28563b4ab2] [http-nio-8080-exec-3] c.b.config.logging.HttpLoggingFilter - Headers: auth=absent content-type=application/json accept=*/*
2026-01-22 00:01:23.960 [34mINFO [0;39m [e1e5babd-ab49-48c6-b454-bf28563b4ab2] [http-nio-8080-exec-3] c.b.config.logging.HttpLoggingFilter - Response payload: [{"id":"storeA","name":"Alpha Kirana Store","area":"Connaught Place","category":"grocery","ownerId":null,"ownerPhone":"9000000002","products":null,"status":"open","orderingDisabled":false,"closedReason":null,"closedUntil":null,"logo":null,"updatedAt":"2026-01-16T00:06:49Z"},{"id":"0292f24b-55db-4522-99f9-43dbbb245246","name":"City Pharmacy","area":"Brigade","category":"pharmacy","ownerId":null,"ownerPhone":null,"products":null,"status":"open","orderingDisabled":false,"closedReason":null,"closedUntil":null,"logo":null,"updatedAt":"2026-01-21T14:03:41.421635Z"},{"id":"0b9b291e-a552-4561-a931-864ca0eaedbd","name":"City Pharmacy","area":"Brigade","category":"pharmacy","ownerId":null,"ownerPhone":null,"products":null,"status":"open","orderingDisabled":false,"closedReason":null,"closedUntil":null,"logo":null,"updatedAt":"2026-01-20T18:36:32.443560Z"},{"id":"0db8e061-88b3-4347-9296-81f4fbd76a75","name":"City Pharmacy","area":"Brigade","category":"pharmacy","ownerId":null,"ownerPhone":null,"products":null,"status":"open","orderingDisabled":false,"closedReason":null,"closedUntil":null,"logo":null,"updatedAt":"2026-01-20T18:41:59.248838Z"},{"id":"19872069-841e-4933-a1ec-6da5e525de36","name":"City Pharmacy","area":"Brigade","category":"pharmacy","ownerId":null,"ownerPhone":null,"products":null,"status":"open","orderingDisabled":false,"closedReason":null,"closedUntil":null,"logo":null,"updatedAt":"2026-01-21T14:15:14.324741Z"},{"id":"1ede0717-fd0c-4b04-9622-c36536573b2e","name":"City Pharmacy","area":"Brigade","category":"pharmacy","ownerId":null,"ownerPhone":null,"products":null,"status":"open","orderingDisabled":false,"closedReason":null,"closedUntil":null,"logo":null,"updatedAt":"2026-01-21T14:55:26.452537Z"},{"id":"1ef2006c-1cae-499d-985f-5b8edafef0bc","name":"City Pharmacy","area":"Brigade","category":"pharmacy","ownerId":null,"ownerPhone":null,"products":null,"status":"open","orderingDisabled":false,"closedReason":null,"closedUntil":null,"logo":null,"updatedAt":"2026-01-21T18:20:47.387582Z"},{"id":"2505eaae-0a63-4e00-ba0c-5341c1e77087","name":"City Pharmacy","area":"Brigade","category":"pharmacy","ownerId":null,"ownerPhone":null,"products":null,"status":"open","orderingDisabled":false,"closedReason":null,"closedUntil":null,"logo":null,"updatedAt":"2026-01-21T18:19:51.002889Z"},{"id":"2bd87494-97ef-4670-bd15-1c8edc536f30","name":"City Pharmacy","area":"Brigade","category":"pharmacy","ownerId":null,"ownerPhone":null,"products":null,"status":"open","orderingDisabled":false,"closedReason":null,"closedUntil":null,"logo":null,"updatedAt":"2026-01-20T17:52:23.282566Z"},{"id":"33b16e50-5c33-4fc8-b546-8c796895cf49","name":"City Pharmacy","area":"Brigade","category":"pharmacy","ownerId":null,"ownerPhone":null,"products":null,"status":"open","orderingDisabled":false,"closedReason":null,"closedUntil":null,"logo":null,"updatedAt":"2026-01-15T18:57:31.724056Z"},{"id":"576fa9b1-08a4-42ee-9085-f7824c0a5ab2","name":"City Pharmacy","area":"Brigade","category":"pharmacy","ownerId":null,"ownerPhone":null,"products":null,"status":"open","orderingDisabled":false,"closedReason":null,"closedUntil":null,"logo":null,"updatedAt":"2026-01-20T17:00:28.881857Z"},{"id":"63a5a059-9fb3-4f8e-9b44-b1d3ebf7e683","name":"City Pharmacy","area":"Brigade","category":"pharmacy","ownerId":null,"ownerPhone":null,"products":null,"status":"open","orderingDisabled":false,"closedReason":null,"closedUntil":null,"logo":null,"updatedAt":"2026-01-18T20:13:38.663820Z"},{"id":"68a008cd-6b10-4e48-b036-e3d752230378","name":"City Pharmacy","area":"Brigade","category":"pharmacy","ownerId":null,"ownerPhone":null,"products":null,"status":"open","orderingDisabled":false,"closedReason":null,"closedUntil":null,"logo":null,"updatedAt":"2026-01-15T19:03:29.647598Z"},{"id":"6e7587a5-7bb4-4bad-b147-6aaa44a30204","name":"City Pharmacy","area":"Brigade","category":"pharmacy","ownerId":null,"ownerPhone":null,"products":null,"status":"open","orderingDisabled":false,"closedReason":null,"closedUntil":null,"logo":null,"updatedAt":"2026-01-21T17:07:16.023628Z"},{"id":"6ea7274b-5a33-4085-9a5a-b330ae6... (truncated)
2026-01-22 00:01:24.018 [39mDEBUG[0;39m [83d5c6a6-0d7c-4464-aae8-1b4f061cafe8] [http-nio-8080-exec-4] o.s.w.s.m.m.a.RequestMappingHandlerMapping - Mapped to com.bharatshop.storefront.StorefrontController#listStores(String, String)
2026-01-22 00:01:24.039 [34mINFO [0;39m [83d5c6a6-0d7c-4464-aae8-1b4f061cafe8] [http-nio-8080-exec-4] c.b.config.TenantInterceptor - tenant-context: tenant=tenantA method=GET path=/api/storefront/stores
2026-01-22 00:01:24.058 [34mINFO [0;39m [83d5c6a6-0d7c-4464-aae8-1b4f061cafe8] [http-nio-8080-exec-4] c.b.storefront.StorefrontController - Customer storefront: list stores tenant=tenantA userId=null search=null category=null
2026-01-22 00:01:24.080 [39mDEBUG[0;39m [d9c9ea6f-bbec-4c19-aaf2-1b64e1284473] [http-nio-8080-exec-5] o.s.w.s.m.m.a.RequestMappingHandlerMapping - Mapped to com.bharatshop.storefront.StorefrontController#categories()
2026-01-22 00:01:24.082 [34mINFO [0;39m [d9c9ea6f-bbec-4c19-aaf2-1b64e1284473] [http-nio-8080-exec-5] c.b.config.TenantInterceptor - tenant-context: tenant=tenantA method=GET path=/api/storefront/categories
2026-01-22 00:01:24.086 [34mINFO [0;39m [d9c9ea6f-bbec-4c19-aaf2-1b64e1284473] [http-nio-8080-exec-5] c.b.storefront.StorefrontController - Customer storefront: list categories tenant=tenantA userId=null
2026-01-22 00:01:24.125 [34mINFO [0;39m [83d5c6a6-0d7c-4464-aae8-1b4f061cafe8] [http-nio-8080-exec-4] c.b.logging.RepositoryLoggingAspect - [REPO_CALL] table=stores tenant=tenantA ids=[00c39122-cd7a-4c3c-8174-3a5797e03bf7, 0292f24b-55db-4522-99f9-43dbbb245246, 0a31f491-0902-4171-873b-f9895b87ca9f, 0b4602a3-b9df-4b24-b74c-50544cef3041, 0b9b291e-a552-4561-a931-864ca0eaedbd, 0c818990-e4a5-4961-ae99-6b6f637aeff5, 0db8e061-88b3-4347-9296-81f4fbd76a75, 1226dfbd-91a6-4b45-b392-f4c3f9a1dc28, 19872069-841e-4933-a1ec-6da5e525de36, 1a1b322a-ce44-40b1-88ea-2824396a7a79, 1cc5429f-ea1c-44a8-8823-a4028ba0abab, 1ede0717-fd0c-4b04-9622-c36536573b2e, 1ef2006c-1cae-499d-985f-5b8edafef0bc, 205b8ec0-962c-4b7e-9cd7-ebee50c53421, 24ab445b-351b-441e-b886-7e6b905c269b, 2505eaae-0a63-4e00-ba0c-5341c1e77087, 2bd87494-97ef-4670-bd15-1c8edc536f30, 33b16e50-5c33-4fc8-b546-8c796895cf49, 388bcc94-5e39-46bf-aaf2-4e3fcff6bf88, 3bc12ead-5bba-4c57-a5ce-fe54a9c31a83, 3ce3b1bf-7c55-4fa5-bbe3-f45f8a93c67a, 46d84fa8-6153-4a40-8fe2-bcc31c67ebf0, 560e1161-52eb-4aa8-b9a0-790370f96d95, 576fa9b1-08a4-42ee-9085-f7824c0a5ab2, 62cff1c1-abc3-4af6-abfd-e9b88111f107, 63750e9a-7b95-48b2-8357-2d07ecedef26, 63a5a059-9fb3-4f8e-9b44-b1d3ebf7e683, 68a008cd-6b10-4e48-b036-e3d752230378, 6e7587a5-7bb4-4bad-b147-6aaa44a30204, 6ea7274b-5a33-4085-9a5a-b330ae666b49, 70022208-fa56-400b-a50c-9713f060c70d, 73b0be5e-54ff-4d4e-b6db-e082dfa6630c, 73eb4dbc-b400-4220-95b5-76fecdc03d79, 7892a203-00ee-44d3-a18f-26df8ad4fe17, 7bcf0556-b5ba-4df8-9196-1d24f45488c0, 7c626af0-9464-4de1-9c3c-e940807fbe76, 845e8ef8-197f-46c7-9ea8-6996c4c517de, 849ea36e-22cd-4ff8-842a-76c490d7ad04, 871a0bfe-570b-44ed-b7c4-ef60b2d18cf1, 87a84161-6c82-4ca5-a8f7-5b466d179ef0, 90e791d5-27d3-4330-b834-48510b7dea41, 91b2fd08-779e-4ba0-91ed-106aaeb4bb86, 928bb134-16cf-4cb3-bc8e-cd70332ab789, 9a0c37d7-50b9-462e-a551-dcdd782d8a5f, 9ab20b1c-6f2c-43b1-a8cf-8ef50a4b9c4f, 9d6418ad-35b6-4d3b-b8b4-3d480954db28, a1c87caf-0b52-49d2-baa3-d7131e2fa26c, a1ec40c4-817b-42ca-8bb8-d8e9ed6da87b, a3eb940f-82bd-4e14-b002-089d40d04b38, a4de947c-3059-448e-ab5f-3d6d148f193b, ab14eaea-2b0c-42fb-86ac-bfb2913095f0, aee5f433-686e-45bb-be6b-2160a9267cb2, b317167f-e99c-45aa-b2f0-a84996265d4c, b3f781b8-80a3-44f2-9250-b92a227b32a4, b485290f-bc7c-4752-af1b-99edf8480ee6, b585adf9-d1e7-41be-ba0f-179581c84259, c3048a16-e1a4-4384-897c-2ac041d0e3a7, c912f8c0-40c6-4961-9251-a3330a288157, ce9a05aa-7780-4da8-a071-1039ff4b1e4f, cf88b9ed-cc07-4a33-b099-5e4f9bd217a7, de7ec43b-f843-45ab-bb22-c92531b9d7c7, e551d104-4c15-4771-9ba7-b63e90fc7fba, ea6f14df-a0c8-4385-9f15-dc4090a56755, ee9d384e-62ad-4629-95ca-dac08774fe42, f108d126-49d7-41f8-b04b-e01530716993, f9dec3e2-418a-461f-842e-fe2c8649045f, fc690990-0ed7-481a-b424-96a805a50043, ff2561d2-612b-401a-8ae2-be1e30da016a, storeA]
2026-01-22 00:01:24.129 [1;31mERROR[0;39m [83d5c6a6-0d7c-4464-aae8-1b4f061cafe8] [http-nio-8080-exec-4] com.bharatshop.service.StoreService - [PROOF][STORE_REPO] store.id=00c39122-cd7a-4c3c-8174-3a5797e03bf7 source=DB
2026-01-22 00:01:24.129 [1;31mERROR[0;39m [83d5c6a6-0d7c-4464-aae8-1b4f061cafe8] [http-nio-8080-exec-4] com.bharatshop.service.StoreService - [PROOF][STORE_REPO] store.id=0292f24b-55db-4522-99f9-43dbbb245246 source=DB
2026-01-22 00:01:24.130 [1;31mERROR[0;39m [83d5c6a6-0d7c-4464-aae8-1b4f061cafe8] [http-nio-8080-exec-4] com.bharatshop.service.StoreService - [PROOF][STORE_REPO] store.id=0a31f491-0902-4171-873b-f9895b87ca9f source=DB
2026-01-22 00:01:24.130 [1;31mERROR[0;39m [83d5c6a6-0d7c-4464-aae8-1b4f061cafe8] [http-nio-8080-exec-4] com.bharatshop.service.StoreService - [PROOF][STORE_REPO] store.id=0b4602a3-b9df-4b24-b74c-50544cef3041 source=DB
2026-01-22 00:01:24.132 [1;31mERROR[0;39m [83d5c6a6-0d7c-4464-aae8-1b4f061cafe8] [http-nio-8080-exec-4] com.bharatshop.service.StoreService - [PROOF][STORE_REPO] store.id=0b9b291e-a552-4561-a931-864ca0eaedbd source=DB
2026-01-22 00:01:24.138 [1;31mERROR[0;39m [83d5c6a6-0d7c-4464-aae8-1b4f061cafe8] [http-nio-8080-exec-4] com.bharatshop.service.StoreService - [PROOF][STORE_REPO] store.id=0c818990-e4a5-4961-ae99-6b6f637aeff5 source=DB
2026-01-22 00:01:24.140 [34mINFO [0;39m [d9c9ea6f-bbec-4c19-aaf2-1b64e1284473] [http-nio-8080-exec-5] c.b.config.logging.HttpLoggingFilter - GET /api/storefront/categories -> 200 (122 ms)
2026-01-22 00:01:24.141 [1;31mERROR[0;39m [83d5c6a6-0d7c-4464-aae8-1b4f061cafe8] [http-nio-8080-exec-4] com.bharatshop.service.StoreService - [PROOF][STORE_REPO] store.id=0db8e061-88b3-4347-9296-81f4fbd76a75 source=DB
2026-01-22 00:01:24.141 [1;31mERROR[0;39m [83d5c6a6-0d7c-4464-aae8-1b4f061cafe8] [http-nio-8080-exec-4] com.bharatshop.service.StoreService - [PROOF][STORE_REPO] store.id=1226dfbd-91a6-4b45-b392-f4c3f9a1dc28 source=DB
2026-01-22 00:01:24.141 [34mINFO [0;39m [d9c9ea6f-bbec-4c19-aaf2-1b64e1284473] [http-nio-8080-exec-5] c.b.config.logging.HttpLoggingFilter - Headers: auth=absent content-type=application/json accept=*/*
2026-01-22 00:01:24.141 [1;31mERROR[0;39m [83d5c6a6-0d7c-4464-aae8-1b4f061cafe8] [http-nio-8080-exec-4] com.bharatshop.service.StoreService - [PROOF][STORE_REPO] store.id=19872069-841e-4933-a1ec-6da5e525de36 source=DB
2026-01-22 00:01:24.143 [34mINFO [0;39m [d9c9ea6f-bbec-4c19-aaf2-1b64e1284473] [http-nio-8080-exec-5] c.b.config.logging.HttpLoggingFilter - Response payload: ["dairy","fruits","grocery","medicine"]
2026-01-22 00:01:24.143 [1;31mERROR[0;39m [83d5c6a6-0d7c-4464-aae8-1b4f061cafe8] [http-nio-8080-exec-4] com.bharatshop.service.StoreService - [PROOF][STORE_REPO] store.id=1a1b322a-ce44-40b1-88ea-2824396a7a79 source=DB
2026-01-22 00:01:24.144 [1;31mERROR[0;39m [83d5c6a6-0d7c-4464-aae8-1b4f061cafe8] [http-nio-8080-exec-4] com.bharatshop.service.StoreService - [PROOF][STORE_REPO] store.id=1cc5429f-ea1c-44a8-8823-a4028ba0abab source=DB
2026-01-22 00:01:24.146 [1;31mERROR[0;39m [83d5c6a6-0d7c-4464-aae8-1b4f061cafe8] [http-nio-8080-exec-4] com.bharatshop.service.StoreService - [PROOF][STORE_REPO] store.id=1ede0717-fd0c-4b04-9622-c36536573b2e source=DB
2026-01-22 00:01:24.148 [1;31mERROR[0;39m [83d5c6a6-0d7c-4464-aae8-1b4f061cafe8] [http-nio-8080-exec-4] com.bharatshop.service.StoreService - [PROOF][STORE_REPO] store.id=1ef2006c-1cae-499d-985f-5b8edafef0bc source=DB
2026-01-22 00:01:24.149 [1;31mERROR[0;39m [83d5c6a6-0d7c-4464-aae8-1b4f061cafe8] [http-nio-8080-exec-4] com.bharatshop.service.StoreService - [PROOF][STORE_REPO] store.id=205b8ec0-962c-4b7e-9cd7-ebee50c53421 source=DB
2026-01-22 00:01:24.149 [1;31mERROR[0;39m [83d5c6a6-0d7c-4464-aae8-1b4f061cafe8] [http-nio-8080-exec-4] com.bharatshop.service.StoreService - [PROOF][STORE_REPO] store.id=24ab445b-351b-441e-b886-7e6b905c269b source=DB
2026-01-22 00:01:24.149 [1;31mERROR[0;39m [83d5c6a6-0d7c-4464-aae8-1b4f061cafe8] [http-nio-8080-exec-4] com.bharatshop.service.StoreService - [PROOF][STORE_REPO] store.id=2505eaae-0a63-4e00-ba0c-5341c1e77087 source=DB
2026-01-22 00:01:24.151 [1;31mERROR[0;39m [83d5c6a6-0d7c-4464-aae8-1b4f061cafe8] [http-nio-8080-exec-4] com.bharatshop.service.StoreService - [PROOF][STORE_REPO] store.id=2bd87494-97ef-4670-bd15-1c8edc536f30 source=DB
2026-01-22 00:01:24.168 [1;31mERROR[0;39m [83d5c6a6-0d7c-4464-aae8-1b4f061cafe8] [http-nio-8080-exec-4] com.bharatshop.service.StoreService - [PROOF][STORE_REPO] store.id=33b16e50-5c33-4fc8-b546-8c796895cf49 source=DB
2026-01-22 00:01:24.174 [1;31mERROR[0;39m [83d5c6a6-0d7c-4464-aae8-1b4f061cafe8] [http-nio-8080-exec-4] com.bharatshop.service.StoreService - [PROOF][STORE_REPO] store.id=388bcc94-5e39-46bf-aaf2-4e3fcff6bf88 source=DB
2026-01-22 00:01:24.177 [1;31mERROR[0;39m [83d5c6a6-0d7c-4464-aae8-1b4f061cafe8] [http-nio-8080-exec-4] com.bharatshop.service.StoreService - [PROOF][STORE_REPO] store.id=3bc12ead-5bba-4c57-a5ce-fe54a9c31a83 source=DB
2026-01-22 00:01:24.178 [1;31mERROR[0;39m [83d5c6a6-0d7c-4464-aae8-1b4f061cafe8] [http-nio-8080-exec-4] com.bharatshop.service.StoreService - [PROOF][STORE_REPO] store.id=3ce3b1bf-7c55-4fa5-bbe3-f45f8a93c67a source=DB
2026-01-22 00:01:24.178 [1;31mERROR[0;39m [83d5c6a6-0d7c-4464-aae8-1b4f061cafe8] [http-nio-8080-exec-4] com.bharatshop.service.StoreService - [PROOF][STORE_REPO] store.id=46d84fa8-6153-4a40-8fe2-bcc31c67ebf0 source=DB
2026-01-22 00:01:24.179 [1;31mERROR[0;39m [83d5c6a6-0d7c-4464-aae8-1b4f061cafe8] [http-nio-8080-exec-4] com.bharatshop.service.StoreService - [PROOF][STORE_REPO] store.id=560e1161-52eb-4aa8-b9a0-790370f96d95 source=DB
2026-01-22 00:01:24.179 [1;31mERROR[0;39m [83d5c6a6-0d7c-4464-aae8-1b4f061cafe8] [http-nio-8080-exec-4] com.bharatshop.service.StoreService - [PROOF][STORE_REPO] store.id=576fa9b1-08a4-42ee-9085-f7824c0a5ab2 source=DB
2026-01-22 00:01:24.180 [1;31mERROR[0;39m [83d5c6a6-0d7c-4464-aae8-1b4f061cafe8] [http-nio-8080-exec-4] com.bharatshop.service.StoreService - [PROOF][STORE_REPO] store.id=62cff1c1-abc3-4af6-abfd-e9b88111f107 source=DB
2026-01-22 00:01:24.180 [1;31mERROR[0;39m [83d5c6a6-0d7c-4464-aae8-1b4f061cafe8] [http-nio-8080-exec-4] com.bharatshop.service.StoreService - [PROOF][STORE_REPO] store.id=63750e9a-7b95-48b2-8357-2d07ecedef26 source=DB
2026-01-22 00:01:24.181 [1;31mERROR[0;39m [83d5c6a6-0d7c-4464-aae8-1b4f061cafe8] [http-nio-8080-exec-4] com.bharatshop.service.StoreService - [PROOF][STORE_REPO] store.id=63a5a059-9fb3-4f8e-9b44-b1d3ebf7e683 source=DB
2026-01-22 00:01:24.181 [1;31mERROR[0;39m [83d5c6a6-0d7c-4464-aae8-1b4f061cafe8] [http-nio-8080-exec-4] com.bharatshop.service.StoreService - [PROOF][STORE_REPO] store.id=68a008cd-6b10-4e48-b036-e3d752230378 source=DB
2026-01-22 00:01:24.181 [1;31mERROR[0;39m [83d5c6a6-0d7c-4464-aae8-1b4f061cafe8] [http-nio-8080-exec-4] com.bharatshop.service.StoreService - [PROOF][STORE_REPO] store.id=6e7587a5-7bb4-4bad-b147-6aaa44a30204 source=DB
2026-01-22 00:01:24.182 [1;31mERROR[0;39m [83d5c6a6-0d7c-4464-aae8-1b4f061cafe8] [http-nio-8080-exec-4] com.bharatshop.service.StoreService - [PROOF][STORE_REPO] store.id=6ea7274b-5a33-4085-9a5a-b330ae666b49 source=DB
2026-01-22 00:01:24.183 [1;31mERROR[0;39m [83d5c6a6-0d7c-4464-aae8-1b4f061cafe8] [http-nio-8080-exec-4] com.bharatshop.service.StoreService - [PROOF][STORE_REPO] store.id=70022208-fa56-400b-a50c-9713f060c70d source=DB
2026-01-22 00:01:24.183 [1;31mERROR[0;39m [83d5c6a6-0d7c-4464-aae8-1b4f061cafe8] [http-nio-8080-exec-4] com.bharatshop.service.StoreService - [PROOF][STORE_REPO] store.id=73b0be5e-54ff-4d4e-b6db-e082dfa6630c source=DB
2026-01-22 00:01:24.184 [1;31mERROR[0;39m [83d5c6a6-0d7c-4464-aae8-1b4f061cafe8] [http-nio-8080-exec-4] com.bharatshop.service.StoreService - [PROOF][STORE_REPO] store.id=73eb4dbc-b400-4220-95b5-76fecdc03d79 source=DB
2026-01-22 00:01:24.185 [1;31mERROR[0;39m [83d5c6a6-0d7c-4464-aae8-1b4f061cafe8] [http-nio-8080-exec-4] com.bharatshop.service.StoreService - [PROOF][STORE_REPO] store.id=7892a203-00ee-44d3-a18f-26df8ad4fe17 source=DB
2026-01-22 00:01:24.185 [1;31mERROR[0;39m [83d5c6a6-0d7c-4464-aae8-1b4f061cafe8] [http-nio-8080-exec-4] com.bharatshop.service.StoreService - [PROOF][STORE_REPO] store.id=7bcf0556-b5ba-4df8-9196-1d24f45488c0 source=DB
2026-01-22 00:01:24.186 [1;31mERROR[0;39m [83d5c6a6-0d7c-4464-aae8-1b4f061cafe8] [http-nio-8080-exec-4] com.bharatshop.service.StoreService - [PROOF][STORE_REPO] store.id=7c626af0-9464-4de1-9c3c-e940807fbe76 source=DB
2026-01-22 00:01:24.186 [1;31mERROR[0;39m [83d5c6a6-0d7c-4464-aae8-1b4f061cafe8] [http-nio-8080-exec-4] com.bharatshop.service.StoreService - [PROOF][STORE_REPO] store.id=845e8ef8-197f-46c7-9ea8-6996c4c517de source=DB
2026-01-22 00:01:24.187 [1;31mERROR[0;39m [83d5c6a6-0d7c-4464-aae8-1b4f061cafe8] [http-nio-8080-exec-4] com.bharatshop.service.StoreService - [PROOF][STORE_REPO] store.id=849ea36e-22cd-4ff8-842a-76c490d7ad04 source=DB
2026-01-22 00:01:24.187 [1;31mERROR[0;39m [83d5c6a6-0d7c-4464-aae8-1b4f061cafe8] [http-nio-8080-exec-4] com.bharatshop.service.StoreService - [PROOF][STORE_REPO] store.id=871a0bfe-570b-44ed-b7c4-ef60b2d18cf1 source=DB
2026-01-22 00:01:24.187 [1;31mERROR[0;39m [83d5c6a6-0d7c-4464-aae8-1b4f061cafe8] [http-nio-8080-exec-4] com.bharatshop.service.StoreService - [PROOF][STORE_REPO] store.id=87a84161-6c82-4ca5-a8f7-5b466d179ef0 source=DB
2026-01-22 00:01:24.188 [1;31mERROR[0;39m [83d5c6a6-0d7c-4464-aae8-1b4f061cafe8] [http-nio-8080-exec-4] com.bharatshop.service.StoreService - [PROOF][STORE_REPO] store.id=90e791d5-27d3-4330-b834-48510b7dea41 source=DB
2026-01-22 00:01:24.188 [1;31mERROR[0;39m [83d5c6a6-0d7c-4464-aae8-1b4f061cafe8] [http-nio-8080-exec-4] com.bharatshop.service.StoreService - [PROOF][STORE_REPO] store.id=91b2fd08-779e-4ba0-91ed-106aaeb4bb86 source=DB
2026-01-22 00:01:24.189 [1;31mERROR[0;39m [83d5c6a6-0d7c-4464-aae8-1b4f061cafe8] [http-nio-8080-exec-4] com.bharatshop.service.StoreService - [PROOF][STORE_REPO] store.id=928bb134-16cf-4cb3-bc8e-cd70332ab789 source=DB
2026-01-22 00:01:24.190 [1;31mERROR[0;39m [83d5c6a6-0d7c-4464-aae8-1b4f061cafe8] [http-nio-8080-exec-4] com.bharatshop.service.StoreService - [PROOF][STORE_REPO] store.id=9a0c37d7-50b9-462e-a551-dcdd782d8a5f source=DB
2026-01-22 00:01:24.192 [1;31mERROR[0;39m [83d5c6a6-0d7c-4464-aae8-1b4f061cafe8] [http-nio-8080-exec-4] com.bharatshop.service.StoreService - [PROOF][STORE_REPO] store.id=9ab20b1c-6f2c-43b1-a8cf-8ef50a4b9c4f source=DB
2026-01-22 00:01:24.193 [1;31mERROR[0;39m [83d5c6a6-0d7c-4464-aae8-1b4f061cafe8] [http-nio-8080-exec-4] com.bharatshop.service.StoreService - [PROOF][STORE_REPO] store.id=9d6418ad-35b6-4d3b-b8b4-3d480954db28 source=DB
2026-01-22 00:01:24.195 [1;31mERROR[0;39m [83d5c6a6-0d7c-4464-aae8-1b4f061cafe8] [http-nio-8080-exec-4] com.bharatshop.service.StoreService - [PROOF][STORE_REPO] store.id=a1c87caf-0b52-49d2-baa3-d7131e2fa26c source=DB
2026-01-22 00:01:24.196 [1;31mERROR[0;39m [83d5c6a6-0d7c-4464-aae8-1b4f061cafe8] [http-nio-8080-exec-4] com.bharatshop.service.StoreService - [PROOF][STORE_REPO] store.id=a1ec40c4-817b-42ca-8bb8-d8e9ed6da87b source=DB
2026-01-22 00:01:24.197 [1;31mERROR[0;39m [83d5c6a6-0d7c-4464-aae8-1b4f061cafe8] [http-nio-8080-exec-4] com.bharatshop.service.StoreService - [PROOF][STORE_REPO] store.id=a3eb940f-82bd-4e14-b002-089d40d04b38 source=DB
2026-01-22 00:01:24.198 [1;31mERROR[0;39m [83d5c6a6-0d7c-4464-aae8-1b4f061cafe8] [http-nio-8080-exec-4] com.bharatshop.service.StoreService - [PROOF][STORE_REPO] store.id=a4de947c-3059-448e-ab5f-3d6d148f193b source=DB
2026-01-22 00:01:24.198 [1;31mERROR[0;39m [83d5c6a6-0d7c-4464-aae8-1b4f061cafe8] [http-nio-8080-exec-4] com.bharatshop.service.StoreService - [PROOF][STORE_REPO] store.id=ab14eaea-2b0c-42fb-86ac-bfb2913095f0 source=DB
2026-01-22 00:01:24.199 [1;31mERROR[0;39m [83d5c6a6-0d7c-4464-aae8-1b4f061cafe8] [http-nio-8080-exec-4] com.bharatshop.service.StoreService - [PROOF][STORE_REPO] store.id=aee5f433-686e-45bb-be6b-2160a9267cb2 source=DB
2026-01-22 00:01:24.200 [1;31mERROR[0;39m [83d5c6a6-0d7c-4464-aae8-1b4f061cafe8] [http-nio-8080-exec-4] com.bharatshop.service.StoreService - [PROOF][STORE_REPO] store.id=b317167f-e99c-45aa-b2f0-a84996265d4c source=DB
2026-01-22 00:01:24.201 [1;31mERROR[0;39m [83d5c6a6-0d7c-4464-aae8-1b4f061cafe8] [http-nio-8080-exec-4] com.bharatshop.service.StoreService - [PROOF][STORE_REPO] store.id=b3f781b8-80a3-44f2-9250-b92a227b32a4 source=DB
2026-01-22 00:01:24.201 [1;31mERROR[0;39m [83d5c6a6-0d7c-4464-aae8-1b4f061cafe8] [http-nio-8080-exec-4] com.bharatshop.service.StoreService - [PROOF][STORE_REPO] store.id=b485290f-bc7c-4752-af1b-99edf8480ee6 source=DB
2026-01-22 00:01:24.202 [1;31mERROR[0;39m [83d5c6a6-0d7c-4464-aae8-1b4f061cafe8] [http-nio-8080-exec-4] com.bharatshop.service.StoreService - [PROOF][STORE_REPO] store.id=b585adf9-d1e7-41be-ba0f-179581c84259 source=DB
2026-01-22 00:01:24.203 [1;31mERROR[0;39m [83d5c6a6-0d7c-4464-aae8-1b4f061cafe8] [http-nio-8080-exec-4] com.bharatshop.service.StoreService - [PROOF][STORE_REPO] store.id=c3048a16-e1a4-4384-897c-2ac041d0e3a7 source=DB
2026-01-22 00:01:24.203 [1;31mERROR[0;39m [83d5c6a6-0d7c-4464-aae8-1b4f061cafe8] [http-nio-8080-exec-4] com.bharatshop.service.StoreService - [PROOF][STORE_REPO] store.id=c912f8c0-40c6-4961-9251-a3330a288157 source=DB
2026-01-22 00:01:24.204 [1;31mERROR[0;39m [83d5c6a6-0d7c-4464-aae8-1b4f061cafe8] [http-nio-8080-exec-4] com.bharatshop.service.StoreService - [PROOF][STORE_REPO] store.id=ce9a05aa-7780-4da8-a071-1039ff4b1e4f source=DB
2026-01-22 00:01:24.205 [1;31mERROR[0;39m [83d5c6a6-0d7c-4464-aae8-1b4f061cafe8] [http-nio-8080-exec-4] com.bharatshop.service.StoreService - [PROOF][STORE_REPO] store.id=cf88b9ed-cc07-4a33-b099-5e4f9bd217a7 source=DB
2026-01-22 00:01:24.205 [1;31mERROR[0;39m [83d5c6a6-0d7c-4464-aae8-1b4f061cafe8] [http-nio-8080-exec-4] com.bharatshop.service.StoreService - [PROOF][STORE_REPO] store.id=de7ec43b-f843-45ab-bb22-c92531b9d7c7 source=DB
2026-01-22 00:01:24.205 [1;31mERROR[0;39m [83d5c6a6-0d7c-4464-aae8-1b4f061cafe8] [http-nio-8080-exec-4] com.bharatshop.service.StoreService - [PROOF][STORE_REPO] store.id=e551d104-4c15-4771-9ba7-b63e90fc7fba source=DB
2026-01-22 00:01:24.206 [1;31mERROR[0;39m [83d5c6a6-0d7c-4464-aae8-1b4f061cafe8] [http-nio-8080-exec-4] com.bharatshop.service.StoreService - [PROOF][STORE_REPO] store.id=ea6f14df-a0c8-4385-9f15-dc4090a56755 source=DB
2026-01-22 00:01:24.206 [1;31mERROR[0;39m [83d5c6a6-0d7c-4464-aae8-1b4f061cafe8] [http-nio-8080-exec-4] com.bharatshop.service.StoreService - [PROOF][STORE_REPO] store.id=ee9d384e-62ad-4629-95ca-dac08774fe42 source=DB
2026-01-22 00:01:24.206 [1;31mERROR[0;39m [83d5c6a6-0d7c-4464-aae8-1b4f061cafe8] [http-nio-8080-exec-4] com.bharatshop.service.StoreService - [PROOF][STORE_REPO] store.id=f108d126-49d7-41f8-b04b-e01530716993 source=DB
2026-01-22 00:01:24.207 [1;31mERROR[0;39m [83d5c6a6-0d7c-4464-aae8-1b4f061cafe8] [http-nio-8080-exec-4] com.bharatshop.service.StoreService - [PROOF][STORE_REPO] store.id=f9dec3e2-418a-461f-842e-fe2c8649045f source=DB
2026-01-22 00:01:24.207 [1;31mERROR[0;39m [83d5c6a6-0d7c-4464-aae8-1b4f061cafe8] [http-nio-8080-exec-4] com.bharatshop.service.StoreService - [PROOF][STORE_REPO] store.id=fc690990-0ed7-481a-b424-96a805a50043 source=DB
2026-01-22 00:01:24.208 [1;31mERROR[0;39m [83d5c6a6-0d7c-4464-aae8-1b4f061cafe8] [http-nio-8080-exec-4] com.bharatshop.service.StoreService - [PROOF][STORE_REPO] store.id=ff2561d2-612b-401a-8ae2-be1e30da016a source=DB
2026-01-22 00:01:24.208 [1;31mERROR[0;39m [83d5c6a6-0d7c-4464-aae8-1b4f061cafe8] [http-nio-8080-exec-4] com.bharatshop.service.StoreService - [PROOF][STORE_REPO] store.id=storeA source=DB
2026-01-22 00:01:24.209 [1;31mERROR[0;39m [83d5c6a6-0d7c-4464-aae8-1b4f061cafe8] [http-nio-8080-exec-4] com.bharatshop.service.StoreService - [PROOF][STORE_MAP] entity.id=00c39122-cd7a-4c3c-8174-3a5797e03bf7 mapped.id=00c39122-cd7a-4c3c-8174-3a5797e03bf7
2026-01-22 00:01:24.209 [1;31mERROR[0;39m [83d5c6a6-0d7c-4464-aae8-1b4f061cafe8] [http-nio-8080-exec-4] com.bharatshop.service.StoreService - [PROOF][STORE_MAP] entity.id=0292f24b-55db-4522-99f9-43dbbb245246 mapped.id=0292f24b-55db-4522-99f9-43dbbb245246
2026-01-22 00:01:24.209 [1;31mERROR[0;39m [83d5c6a6-0d7c-4464-aae8-1b4f061cafe8] [http-nio-8080-exec-4] com.bharatshop.service.StoreService - [PROOF][STORE_MAP] entity.id=0a31f491-0902-4171-873b-f9895b87ca9f mapped.id=0a31f491-0902-4171-873b-f9895b87ca9f
2026-01-22 00:01:24.211 [1;31mERROR[0;39m [83d5c6a6-0d7c-4464-aae8-1b4f061cafe8] [http-nio-8080-exec-4] com.bharatshop.service.StoreService - [PROOF][STORE_MAP] entity.id=0b4602a3-b9df-4b24-b74c-50544cef3041 mapped.id=0b4602a3-b9df-4b24-b74c-50544cef3041
2026-01-22 00:01:24.212 [1;31mERROR[0;39m [83d5c6a6-0d7c-4464-aae8-1b4f061cafe8] [http-nio-8080-exec-4] com.bharatshop.service.StoreService - [PROOF][STORE_MAP] entity.id=0b9b291e-a552-4561-a931-864ca0eaedbd mapped.id=0b9b291e-a552-4561-a931-864ca0eaedbd
2026-01-22 00:01:24.212 [1;31mERROR[0;39m [83d5c6a6-0d7c-4464-aae8-1b4f061cafe8] [http-nio-8080-exec-4] com.bharatshop.service.StoreService - [PROOF][STORE_MAP] entity.id=0c818990-e4a5-4961-ae99-6b6f637aeff5 mapped.id=0c818990-e4a5-4961-ae99-6b6f637aeff5
2026-01-22 00:01:24.214 [1;31mERROR[0;39m [83d5c6a6-0d7c-4464-aae8-1b4f061cafe8] [http-nio-8080-exec-4] com.bharatshop.service.StoreService - [PROOF][STORE_MAP] entity.id=0db8e061-88b3-4347-9296-81f4fbd76a75 mapped.id=0db8e061-88b3-4347-9296-81f4fbd76a75
2026-01-22 00:01:24.214 [1;31mERROR[0;39m [83d5c6a6-0d7c-4464-aae8-1b4f061cafe8] [http-nio-8080-exec-4] com.bharatshop.service.StoreService - [PROOF][STORE_MAP] entity.id=1226dfbd-91a6-4b45-b392-f4c3f9a1dc28 mapped.id=1226dfbd-91a6-4b45-b392-f4c3f9a1dc28
2026-01-22 00:01:24.215 [1;31mERROR[0;39m [83d5c6a6-0d7c-4464-aae8-1b4f061cafe8] [http-nio-8080-exec-4] com.bharatshop.service.StoreService - [PROOF][STORE_MAP] entity.id=19872069-841e-4933-a1ec-6da5e525de36 mapped.id=19872069-841e-4933-a1ec-6da5e525de36
2026-01-22 00:01:24.217 [1;31mERROR[0;39m [83d5c6a6-0d7c-4464-aae8-1b4f061cafe8] [http-nio-8080-exec-4] com.bharatshop.service.StoreService - [PROOF][STORE_MAP] entity.id=1a1b322a-ce44-40b1-88ea-2824396a7a79 mapped.id=1a1b322a-ce44-40b1-88ea-2824396a7a79
2026-01-22 00:01:24.218 [1;31mERROR[0;39m [83d5c6a6-0d7c-4464-aae8-1b4f061cafe8] [http-nio-8080-exec-4] com.bharatshop.service.StoreService - [PROOF][STORE_MAP] entity.id=1cc5429f-ea1c-44a8-8823-a4028ba0abab mapped.id=1cc5429f-ea1c-44a8-8823-a4028ba0abab
2026-01-22 00:01:24.219 [1;31mERROR[0;39m [83d5c6a6-0d7c-4464-aae8-1b4f061cafe8] [http-nio-8080-exec-4] com.bharatshop.service.StoreService - [PROOF][STORE_MAP] entity.id=1ede0717-fd0c-4b04-9622-c36536573b2e mapped.id=1ede0717-fd0c-4b04-9622-c36536573b2e
2026-01-22 00:01:24.219 [1;31mERROR[0;39m [83d5c6a6-0d7c-4464-aae8-1b4f061cafe8] [http-nio-8080-exec-4] com.bharatshop.service.StoreService - [PROOF][STORE_MAP] entity.id=1ef2006c-1cae-499d-985f-5b8edafef0bc mapped.id=1ef2006c-1cae-499d-985f-5b8edafef0bc
2026-01-22 00:01:24.221 [1;31mERROR[0;39m [83d5c6a6-0d7c-4464-aae8-1b4f061cafe8] [http-nio-8080-exec-4] com.bharatshop.service.StoreService - [PROOF][STORE_MAP] entity.id=205b8ec0-962c-4b7e-9cd7-ebee50c53421 mapped.id=205b8ec0-962c-4b7e-9cd7-ebee50c53421
2026-01-22 00:01:24.222 [1;31mERROR[0;39m [83d5c6a6-0d7c-4464-aae8-1b4f061cafe8] [http-nio-8080-exec-4] com.bharatshop.service.StoreService - [PROOF][STORE_MAP] entity.id=24ab445b-351b-441e-b886-7e6b905c269b mapped.id=24ab445b-351b-441e-b886-7e6b905c269b
2026-01-22 00:01:24.227 [1;31mERROR[0;39m [83d5c6a6-0d7c-4464-aae8-1b4f061cafe8] [http-nio-8080-exec-4] com.bharatshop.service.StoreService - [PROOF][STORE_MAP] entity.id=2505eaae-0a63-4e00-ba0c-5341c1e77087 mapped.id=2505eaae-0a63-4e00-ba0c-5341c1e77087
2026-01-22 00:01:24.239 [1;31mERROR[0;39m [83d5c6a6-0d7c-4464-aae8-1b4f061cafe8] [http-nio-8080-exec-4] com.bharatshop.service.StoreService - [PROOF][STORE_MAP] entity.id=2bd87494-97ef-4670-bd15-1c8edc536f30 mapped.id=2bd87494-97ef-4670-bd15-1c8edc536f30
2026-01-22 00:01:24.242 [1;31mERROR[0;39m [83d5c6a6-0d7c-4464-aae8-1b4f061cafe8] [http-nio-8080-exec-4] com.bharatshop.service.StoreService - [PROOF][STORE_MAP] entity.id=33b16e50-5c33-4fc8-b546-8c796895cf49 mapped.id=33b16e50-5c33-4fc8-b546-8c796895cf49
2026-01-22 00:01:24.243 [1;31mERROR[0;39m [83d5c6a6-0d7c-4464-aae8-1b4f061cafe8] [http-nio-8080-exec-4] com.bharatshop.service.StoreService - [PROOF][STORE_MAP] entity.id=388bcc94-5e39-46bf-aaf2-4e3fcff6bf88 mapped.id=388bcc94-5e39-46bf-aaf2-4e3fcff6bf88
2026-01-22 00:01:24.243 [1;31mERROR[0;39m [83d5c6a6-0d7c-4464-aae8-1b4f061cafe8] [http-nio-8080-exec-4] com.bharatshop.service.StoreService - [PROOF][STORE_MAP] entity.id=3bc12ead-5bba-4c57-a5ce-fe54a9c31a83 mapped.id=3bc12ead-5bba-4c57-a5ce-fe54a9c31a83
2026-01-22 00:01:24.243 [1;31mERROR[0;39m [83d5c6a6-0d7c-4464-aae8-1b4f061cafe8] [http-nio-8080-exec-4] com.bharatshop.service.StoreService - [PROOF][STORE_MAP] entity.id=3ce3b1bf-7c55-4fa5-bbe3-f45f8a93c67a mapped.id=3ce3b1bf-7c55-4fa5-bbe3-f45f8a93c67a
2026-01-22 00:01:24.244 [1;31mERROR[0;39m [83d5c6a6-0d7c-4464-aae8-1b4f061cafe8] [http-nio-8080-exec-4] com.bharatshop.service.StoreService - [PROOF][STORE_MAP] entity.id=46d84fa8-6153-4a40-8fe2-bcc31c67ebf0 mapped.id=46d84fa8-6153-4a40-8fe2-bcc31c67ebf0
2026-01-22 00:01:24.245 [1;31mERROR[0;39m [83d5c6a6-0d7c-4464-aae8-1b4f061cafe8] [http-nio-8080-exec-4] com.bharatshop.service.StoreService - [PROOF][STORE_MAP] entity.id=560e1161-52eb-4aa8-b9a0-790370f96d95 mapped.id=560e1161-52eb-4aa8-b9a0-790370f96d95
2026-01-22 00:01:24.245 [1;31mERROR[0;39m [83d5c6a6-0d7c-4464-aae8-1b4f061cafe8] [http-nio-8080-exec-4] com.bharatshop.service.StoreService - [PROOF][STORE_MAP] entity.id=576fa9b1-08a4-42ee-9085-f7824c0a5ab2 mapped.id=576fa9b1-08a4-42ee-9085-f7824c0a5ab2
2026-01-22 00:01:24.245 [1;31mERROR[0;39m [83d5c6a6-0d7c-4464-aae8-1b4f061cafe8] [http-nio-8080-exec-4] com.bharatshop.service.StoreService - [PROOF][STORE_MAP] entity.id=62cff1c1-abc3-4af6-abfd-e9b88111f107 mapped.id=62cff1c1-abc3-4af6-abfd-e9b88111f107
2026-01-22 00:01:24.246 [1;31mERROR[0;39m [83d5c6a6-0d7c-4464-aae8-1b4f061cafe8] [http-nio-8080-exec-4] com.bharatshop.service.StoreService - [PROOF][STORE_MAP] entity.id=63750e9a-7b95-48b2-8357-2d07ecedef26 mapped.id=63750e9a-7b95-48b2-8357-2d07ecedef26
2026-01-22 00:01:24.248 [1;31mERROR[0;39m [83d5c6a6-0d7c-4464-aae8-1b4f061cafe8] [http-nio-8080-exec-4] com.bharatshop.service.StoreService - [PROOF][STORE_MAP] entity.id=63a5a059-9fb3-4f8e-9b44-b1d3ebf7e683 mapped.id=63a5a059-9fb3-4f8e-9b44-b1d3ebf7e683
2026-01-22 00:01:24.248 [1;31mERROR[0;39m [83d5c6a6-0d7c-4464-aae8-1b4f061cafe8] [http-nio-8080-exec-4] com.bharatshop.service.StoreService - [PROOF][STORE_MAP] entity.id=68a008cd-6b10-4e48-b036-e3d752230378 mapped.id=68a008cd-6b10-4e48-b036-e3d752230378
2026-01-22 00:01:24.249 [1;31mERROR[0;39m [83d5c6a6-0d7c-4464-aae8-1b4f061cafe8] [http-nio-8080-exec-4] com.bharatshop.service.StoreService - [PROOF][STORE_MAP] entity.id=6e7587a5-7bb4-4bad-b147-6aaa44a30204 mapped.id=6e7587a5-7bb4-4bad-b147-6aaa44a30204
2026-01-22 00:01:24.249 [1;31mERROR[0;39m [83d5c6a6-0d7c-4464-aae8-1b4f061cafe8] [http-nio-8080-exec-4] com.bharatshop.service.StoreService - [PROOF][STORE_MAP] entity.id=6ea7274b-5a33-4085-9a5a-b330ae666b49 mapped.id=6ea7274b-5a33-4085-9a5a-b330ae666b49
2026-01-22 00:01:24.250 [1;31mERROR[0;39m [83d5c6a6-0d7c-4464-aae8-1b4f061cafe8] [http-nio-8080-exec-4] com.bharatshop.service.StoreService - [PROOF][STORE_MAP] entity.id=70022208-fa56-400b-a50c-9713f060c70d mapped.id=70022208-fa56-400b-a50c-9713f060c70d
2026-01-22 00:01:24.250 [1;31mERROR[0;39m [83d5c6a6-0d7c-4464-aae8-1b4f061cafe8] [http-nio-8080-exec-4] com.bharatshop.service.StoreService - [PROOF][STORE_MAP] entity.id=73b0be5e-54ff-4d4e-b6db-e082dfa6630c mapped.id=73b0be5e-54ff-4d4e-b6db-e082dfa6630c
2026-01-22 00:01:24.251 [1;31mERROR[0;39m [83d5c6a6-0d7c-4464-aae8-1b4f061cafe8] [http-nio-8080-exec-4] com.bharatshop.service.StoreService - [PROOF][STORE_MAP] entity.id=73eb4dbc-b400-4220-95b5-76fecdc03d79 mapped.id=73eb4dbc-b400-4220-95b5-76fecdc03d79
2026-01-22 00:01:24.251 [1;31mERROR[0;39m [83d5c6a6-0d7c-4464-aae8-1b4f061cafe8] [http-nio-8080-exec-4] com.bharatshop.service.StoreService - [PROOF][STORE_MAP] entity.id=7892a203-00ee-44d3-a18f-26df8ad4fe17 mapped.id=7892a203-00ee-44d3-a18f-26df8ad4fe17
2026-01-22 00:01:24.252 [1;31mERROR[0;39m [83d5c6a6-0d7c-4464-aae8-1b4f061cafe8] [http-nio-8080-exec-4] com.bharatshop.service.StoreService - [PROOF][STORE_MAP] entity.id=7bcf0556-b5ba-4df8-9196-1d24f45488c0 mapped.id=7bcf0556-b5ba-4df8-9196-1d24f45488c0
2026-01-22 00:01:24.253 [1;31mERROR[0;39m [83d5c6a6-0d7c-4464-aae8-1b4f061cafe8] [http-nio-8080-exec-4] com.bharatshop.service.StoreService - [PROOF][STORE_MAP] entity.id=7c626af0-9464-4de1-9c3c-e940807fbe76 mapped.id=7c626af0-9464-4de1-9c3c-e940807fbe76
2026-01-22 00:01:24.254 [1;31mERROR[0;39m [83d5c6a6-0d7c-4464-aae8-1b4f061cafe8] [http-nio-8080-exec-4] com.bharatshop.service.StoreService - [PROOF][STORE_MAP] entity.id=845e8ef8-197f-46c7-9ea8-6996c4c517de mapped.id=845e8ef8-197f-46c7-9ea8-6996c4c517de
2026-01-22 00:01:24.255 [1;31mERROR[0;39m [83d5c6a6-0d7c-4464-aae8-1b4f061cafe8] [http-nio-8080-exec-4] com.bharatshop.service.StoreService - [PROOF][STORE_MAP] entity.id=849ea36e-22cd-4ff8-842a-76c490d7ad04 mapped.id=849ea36e-22cd-4ff8-842a-76c490d7ad04
2026-01-22 00:01:24.255 [1;31mERROR[0;39m [83d5c6a6-0d7c-4464-aae8-1b4f061cafe8] [http-nio-8080-exec-4] com.bharatshop.service.StoreService - [PROOF][STORE_MAP] entity.id=871a0bfe-570b-44ed-b7c4-ef60b2d18cf1 mapped.id=871a0bfe-570b-44ed-b7c4-ef60b2d18cf1
2026-01-22 00:01:24.256 [1;31mERROR[0;39m [83d5c6a6-0d7c-4464-aae8-1b4f061cafe8] [http-nio-8080-exec-4] com.bharatshop.service.StoreService - [PROOF][STORE_MAP] entity.id=87a84161-6c82-4ca5-a8f7-5b466d179ef0 mapped.id=87a84161-6c82-4ca5-a8f7-5b466d179ef0
2026-01-22 00:01:24.257 [1;31mERROR[0;39m [83d5c6a6-0d7c-4464-aae8-1b4f061cafe8] [http-nio-8080-exec-4] com.bharatshop.service.StoreService - [PROOF][STORE_MAP] entity.id=90e791d5-27d3-4330-b834-48510b7dea41 mapped.id=90e791d5-27d3-4330-b834-48510b7dea41
2026-01-22 00:01:24.258 [1;31mERROR[0;39m [83d5c6a6-0d7c-4464-aae8-1b4f061cafe8] [http-nio-8080-exec-4] com.bharatshop.service.StoreService - [PROOF][STORE_MAP] entity.id=91b2fd08-779e-4ba0-91ed-106aaeb4bb86 mapped.id=91b2fd08-779e-4ba0-91ed-106aaeb4bb86
2026-01-22 00:01:24.259 [1;31mERROR[0;39m [83d5c6a6-0d7c-4464-aae8-1b4f061cafe8] [http-nio-8080-exec-4] com.bharatshop.service.StoreService - [PROOF][STORE_MAP] entity.id=928bb134-16cf-4cb3-bc8e-cd70332ab789 mapped.id=928bb134-16cf-4cb3-bc8e-cd70332ab789
2026-01-22 00:01:24.259 [1;31mERROR[0;39m [83d5c6a6-0d7c-4464-aae8-1b4f061cafe8] [http-nio-8080-exec-4] com.bharatshop.service.StoreService - [PROOF][STORE_MAP] entity.id=9a0c37d7-50b9-462e-a551-dcdd782d8a5f mapped.id=9a0c37d7-50b9-462e-a551-dcdd782d8a5f
2026-01-22 00:01:24.260 [1;31mERROR[0;39m [83d5c6a6-0d7c-4464-aae8-1b4f061cafe8] [http-nio-8080-exec-4] com.bharatshop.service.StoreService - [PROOF][STORE_MAP] entity.id=9ab20b1c-6f2c-43b1-a8cf-8ef50a4b9c4f mapped.id=9ab20b1c-6f2c-43b1-a8cf-8ef50a4b9c4f
2026-01-22 00:01:24.262 [1;31mERROR[0;39m [83d5c6a6-0d7c-4464-aae8-1b4f061cafe8] [http-nio-8080-exec-4] com.bharatshop.service.StoreService - [PROOF][STORE_MAP] entity.id=9d6418ad-35b6-4d3b-b8b4-3d480954db28 mapped.id=9d6418ad-35b6-4d3b-b8b4-3d480954db28
2026-01-22 00:01:24.264 [1;31mERROR[0;39m [83d5c6a6-0d7c-4464-aae8-1b4f061cafe8] [http-nio-8080-exec-4] com.bharatshop.service.StoreService - [PROOF][STORE_MAP] entity.id=a1c87caf-0b52-49d2-baa3-d7131e2fa26c mapped.id=a1c87caf-0b52-49d2-baa3-d7131e2fa26c
2026-01-22 00:01:24.265 [1;31mERROR[0;39m [83d5c6a6-0d7c-4464-aae8-1b4f061cafe8] [http-nio-8080-exec-4] com.bharatshop.service.StoreService - [PROOF][STORE_MAP] entity.id=a1ec40c4-817b-42ca-8bb8-d8e9ed6da87b mapped.id=a1ec40c4-817b-42ca-8bb8-d8e9ed6da87b
2026-01-22 00:01:24.266 [1;31mERROR[0;39m [83d5c6a6-0d7c-4464-aae8-1b4f061cafe8] [http-nio-8080-exec-4] com.bharatshop.service.StoreService - [PROOF][STORE_MAP] entity.id=a3eb940f-82bd-4e14-b002-089d40d04b38 mapped.id=a3eb940f-82bd-4e14-b002-089d40d04b38
2026-01-22 00:01:24.267 [1;31mERROR[0;39m [83d5c6a6-0d7c-4464-aae8-1b4f061cafe8] [http-nio-8080-exec-4] com.bharatshop.service.StoreService - [PROOF][STORE_MAP] entity.id=a4de947c-3059-448e-ab5f-3d6d148f193b mapped.id=a4de947c-3059-448e-ab5f-3d6d148f193b
2026-01-22 00:01:24.267 [1;31mERROR[0;39m [83d5c6a6-0d7c-4464-aae8-1b4f061cafe8] [http-nio-8080-exec-4] com.bharatshop.service.StoreService - [PROOF][STORE_MAP] entity.id=ab14eaea-2b0c-42fb-86ac-bfb2913095f0 mapped.id=ab14eaea-2b0c-42fb-86ac-bfb2913095f0
2026-01-22 00:01:24.268 [1;31mERROR[0;39m [83d5c6a6-0d7c-4464-aae8-1b4f061cafe8] [http-nio-8080-exec-4] com.bharatshop.service.StoreService - [PROOF][STORE_MAP] entity.id=aee5f433-686e-45bb-be6b-2160a9267cb2 mapped.id=aee5f433-686e-45bb-be6b-2160a9267cb2
2026-01-22 00:01:24.268 [1;31mERROR[0;39m [83d5c6a6-0d7c-4464-aae8-1b4f061cafe8] [http-nio-8080-exec-4] com.bharatshop.service.StoreService - [PROOF][STORE_MAP] entity.id=b317167f-e99c-45aa-b2f0-a84996265d4c mapped.id=b317167f-e99c-45aa-b2f0-a84996265d4c
2026-01-22 00:01:24.269 [1;31mERROR[0;39m [83d5c6a6-0d7c-4464-aae8-1b4f061cafe8] [http-nio-8080-exec-4] com.bharatshop.service.StoreService - [PROOF][STORE_MAP] entity.id=b3f781b8-80a3-44f2-9250-b92a227b32a4 mapped.id=b3f781b8-80a3-44f2-9250-b92a227b32a4
2026-01-22 00:01:24.269 [1;31mERROR[0;39m [83d5c6a6-0d7c-4464-aae8-1b4f061cafe8] [http-nio-8080-exec-4] com.bharatshop.service.StoreService - [PROOF][STORE_MAP] entity.id=b485290f-bc7c-4752-af1b-99edf8480ee6 mapped.id=b485290f-bc7c-4752-af1b-99edf8480ee6
2026-01-22 00:01:24.270 [1;31mERROR[0;39m [83d5c6a6-0d7c-4464-aae8-1b4f061cafe8] [http-nio-8080-exec-4] com.bharatshop.service.StoreService - [PROOF][STORE_MAP] entity.id=b585adf9-d1e7-41be-ba0f-179581c84259 mapped.id=b585adf9-d1e7-41be-ba0f-179581c84259
2026-01-22 00:01:24.270 [1;31mERROR[0;39m [83d5c6a6-0d7c-4464-aae8-1b4f061cafe8] [http-nio-8080-exec-4] com.bharatshop.service.StoreService - [PROOF][STORE_MAP] entity.id=c3048a16-e1a4-4384-897c-2ac041d0e3a7 mapped.id=c3048a16-e1a4-4384-897c-2ac041d0e3a7
2026-01-22 00:01:24.270 [1;31mERROR[0;39m [83d5c6a6-0d7c-4464-aae8-1b4f061cafe8] [http-nio-8080-exec-4] com.bharatshop.service.StoreService - [PROOF][STORE_MAP] entity.id=c912f8c0-40c6-4961-9251-a3330a288157 mapped.id=c912f8c0-40c6-4961-9251-a3330a288157
2026-01-22 00:01:24.270 [1;31mERROR[0;39m [83d5c6a6-0d7c-4464-aae8-1b4f061cafe8] [http-nio-8080-exec-4] com.bharatshop.service.StoreService - [PROOF][STORE_MAP] entity.id=ce9a05aa-7780-4da8-a071-1039ff4b1e4f mapped.id=ce9a05aa-7780-4da8-a071-1039ff4b1e4f
2026-01-22 00:01:24.271 [1;31mERROR[0;39m [83d5c6a6-0d7c-4464-aae8-1b4f061cafe8] [http-nio-8080-exec-4] com.bharatshop.service.StoreService - [PROOF][STORE_MAP] entity.id=cf88b9ed-cc07-4a33-b099-5e4f9bd217a7 mapped.id=cf88b9ed-cc07-4a33-b099-5e4f9bd217a7
2026-01-22 00:01:24.271 [1;31mERROR[0;39m [83d5c6a6-0d7c-4464-aae8-1b4f061cafe8] [http-nio-8080-exec-4] com.bharatshop.service.StoreService - [PROOF][STORE_MAP] entity.id=de7ec43b-f843-45ab-bb22-c92531b9d7c7 mapped.id=de7ec43b-f843-45ab-bb22-c92531b9d7c7
2026-01-22 00:01:24.272 [1;31mERROR[0;39m [83d5c6a6-0d7c-4464-aae8-1b4f061cafe8] [http-nio-8080-exec-4] com.bharatshop.service.StoreService - [PROOF][STORE_MAP] entity.id=e551d104-4c15-4771-9ba7-b63e90fc7fba mapped.id=e551d104-4c15-4771-9ba7-b63e90fc7fba
2026-01-22 00:01:24.272 [1;31mERROR[0;39m [83d5c6a6-0d7c-4464-aae8-1b4f061cafe8] [http-nio-8080-exec-4] com.bharatshop.service.StoreService - [PROOF][STORE_MAP] entity.id=ea6f14df-a0c8-4385-9f15-dc4090a56755 mapped.id=ea6f14df-a0c8-4385-9f15-dc4090a56755
2026-01-22 00:01:24.273 [1;31mERROR[0;39m [83d5c6a6-0d7c-4464-aae8-1b4f061cafe8] [http-nio-8080-exec-4] com.bharatshop.service.StoreService - [PROOF][STORE_MAP] entity.id=ee9d384e-62ad-4629-95ca-dac08774fe42 mapped.id=ee9d384e-62ad-4629-95ca-dac08774fe42
2026-01-22 00:01:24.273 [1;31mERROR[0;39m [83d5c6a6-0d7c-4464-aae8-1b4f061cafe8] [http-nio-8080-exec-4] com.bharatshop.service.StoreService - [PROOF][STORE_MAP] entity.id=f108d126-49d7-41f8-b04b-e01530716993 mapped.id=f108d126-49d7-41f8-b04b-e01530716993
2026-01-22 00:01:24.273 [1;31mERROR[0;39m [83d5c6a6-0d7c-4464-aae8-1b4f061cafe8] [http-nio-8080-exec-4] com.bharatshop.service.StoreService - [PROOF][STORE_MAP] entity.id=f9dec3e2-418a-461f-842e-fe2c8649045f mapped.id=f9dec3e2-418a-461f-842e-fe2c8649045f
2026-01-22 00:01:24.274 [1;31mERROR[0;39m [83d5c6a6-0d7c-4464-aae8-1b4f061cafe8] [http-nio-8080-exec-4] com.bharatshop.service.StoreService - [PROOF][STORE_MAP] entity.id=fc690990-0ed7-481a-b424-96a805a50043 mapped.id=fc690990-0ed7-481a-b424-96a805a50043
2026-01-22 00:01:24.274 [1;31mERROR[0;39m [83d5c6a6-0d7c-4464-aae8-1b4f061cafe8] [http-nio-8080-exec-4] com.bharatshop.service.StoreService - [PROOF][STORE_MAP] entity.id=ff2561d2-612b-401a-8ae2-be1e30da016a mapped.id=ff2561d2-612b-401a-8ae2-be1e30da016a
2026-01-22 00:01:24.275 [1;31mERROR[0;39m [83d5c6a6-0d7c-4464-aae8-1b4f061cafe8] [http-nio-8080-exec-4] com.bharatshop.service.StoreService - [PROOF][STORE_MAP] entity.id=storeA mapped.id=storeA
2026-01-22 00:01:24.275 [1;31mERROR[0;39m [83d5c6a6-0d7c-4464-aae8-1b4f061cafe8] [http-nio-8080-exec-4] c.b.storefront.StorefrontController - [PROOF][STORE_LIST] store.id=storeA tenant=tenantA source=DB
2026-01-22 00:01:24.276 [1;31mERROR[0;39m [83d5c6a6-0d7c-4464-aae8-1b4f061cafe8] [http-nio-8080-exec-4] c.b.storefront.StorefrontController - [PROOF][STORE_LIST] store.id=0292f24b-55db-4522-99f9-43dbbb245246 tenant=tenantA source=DB
2026-01-22 00:01:24.277 [1;31mERROR[0;39m [83d5c6a6-0d7c-4464-aae8-1b4f061cafe8] [http-nio-8080-exec-4] c.b.storefront.StorefrontController - [PROOF][STORE_LIST] store.id=0b9b291e-a552-4561-a931-864ca0eaedbd tenant=tenantA source=DB
2026-01-22 00:01:24.277 [1;31mERROR[0;39m [83d5c6a6-0d7c-4464-aae8-1b4f061cafe8] [http-nio-8080-exec-4] c.b.storefront.StorefrontController - [PROOF][STORE_LIST] store.id=0db8e061-88b3-4347-9296-81f4fbd76a75 tenant=tenantA source=DB
2026-01-22 00:01:24.278 [1;31mERROR[0;39m [83d5c6a6-0d7c-4464-aae8-1b4f061cafe8] [http-nio-8080-exec-4] c.b.storefront.StorefrontController - [PROOF][STORE_LIST] store.id=19872069-841e-4933-a1ec-6da5e525de36 tenant=tenantA source=DB
2026-01-22 00:01:24.278 [1;31mERROR[0;39m [83d5c6a6-0d7c-4464-aae8-1b4f061cafe8] [http-nio-8080-exec-4] c.b.storefront.StorefrontController - [PROOF][STORE_LIST] store.id=1ede0717-fd0c-4b04-9622-c36536573b2e tenant=tenantA source=DB
2026-01-22 00:01:24.278 [1;31mERROR[0;39m [83d5c6a6-0d7c-4464-aae8-1b4f061cafe8] [http-nio-8080-exec-4] c.b.storefront.StorefrontController - [PROOF][STORE_LIST] store.id=1ef2006c-1cae-499d-985f-5b8edafef0bc tenant=tenantA source=DB
2026-01-22 00:01:24.279 [1;31mERROR[0;39m [83d5c6a6-0d7c-4464-aae8-1b4f061cafe8] [http-nio-8080-exec-4] c.b.storefront.StorefrontController - [PROOF][STORE_LIST] store.id=2505eaae-0a63-4e00-ba0c-5341c1e77087 tenant=tenantA source=DB
2026-01-22 00:01:24.279 [1;31mERROR[0;39m [83d5c6a6-0d7c-4464-aae8-1b4f061cafe8] [http-nio-8080-exec-4] c.b.storefront.StorefrontController - [PROOF][STORE_LIST] store.id=2bd87494-97ef-4670-bd15-1c8edc536f30 tenant=tenantA source=DB
2026-01-22 00:01:24.279 [1;31mERROR[0;39m [83d5c6a6-0d7c-4464-aae8-1b4f061cafe8] [http-nio-8080-exec-4] c.b.storefront.StorefrontController - [PROOF][STORE_LIST] store.id=33b16e50-5c33-4fc8-b546-8c796895cf49 tenant=tenantA source=DB
2026-01-22 00:01:24.280 [1;31mERROR[0;39m [83d5c6a6-0d7c-4464-aae8-1b4f061cafe8] [http-nio-8080-exec-4] c.b.storefront.StorefrontController - [PROOF][STORE_LIST] store.id=576fa9b1-08a4-42ee-9085-f7824c0a5ab2 tenant=tenantA source=DB
2026-01-22 00:01:24.280 [1;31mERROR[0;39m [83d5c6a6-0d7c-4464-aae8-1b4f061cafe8] [http-nio-8080-exec-4] c.b.storefront.StorefrontController - [PROOF][STORE_LIST] store.id=63a5a059-9fb3-4f8e-9b44-b1d3ebf7e683 tenant=tenantA source=DB
2026-01-22 00:01:24.280 [1;31mERROR[0;39m [83d5c6a6-0d7c-4464-aae8-1b4f061cafe8] [http-nio-8080-exec-4] c.b.storefront.StorefrontController - [PROOF][STORE_LIST] store.id=68a008cd-6b10-4e48-b036-e3d752230378 tenant=tenantA source=DB
2026-01-22 00:01:24.281 [1;31mERROR[0;39m [83d5c6a6-0d7c-4464-aae8-1b4f061cafe8] [http-nio-8080-exec-4] c.b.storefront.StorefrontController - [PROOF][STORE_LIST] store.id=6e7587a5-7bb4-4bad-b147-6aaa44a30204 tenant=tenantA source=DB
2026-01-22 00:01:24.281 [1;31mERROR[0;39m [83d5c6a6-0d7c-4464-aae8-1b4f061cafe8] [http-nio-8080-exec-4] c.b.storefront.StorefrontController - [PROOF][STORE_LIST] store.id=6ea7274b-5a33-4085-9a5a-b330ae666b49 tenant=tenantA source=DB
2026-01-22 00:01:24.281 [1;31mERROR[0;39m [83d5c6a6-0d7c-4464-aae8-1b4f061cafe8] [http-nio-8080-exec-4] c.b.storefront.StorefrontController - [PROOF][STORE_LIST] store.id=70022208-fa56-400b-a50c-9713f060c70d tenant=tenantA source=DB
2026-01-22 00:01:24.282 [1;31mERROR[0;39m [83d5c6a6-0d7c-4464-aae8-1b4f061cafe8] [http-nio-8080-exec-4] c.b.storefront.StorefrontController - [PROOF][STORE_LIST] store.id=73b0be5e-54ff-4d4e-b6db-e082dfa6630c tenant=tenantA source=DB
2026-01-22 00:01:24.282 [1;31mERROR[0;39m [83d5c6a6-0d7c-4464-aae8-1b4f061cafe8] [http-nio-8080-exec-4] c.b.storefront.StorefrontController - [PROOF][STORE_LIST] store.id=73eb4dbc-b400-4220-95b5-76fecdc03d79 tenant=tenantA source=DB
2026-01-22 00:01:24.283 [1;31mERROR[0;39m [83d5c6a6-0d7c-4464-aae8-1b4f061cafe8] [http-nio-8080-exec-4] c.b.storefront.StorefrontController - [PROOF][STORE_LIST] store.id=7892a203-00ee-44d3-a18f-26df8ad4fe17 tenant=tenantA source=DB
2026-01-22 00:01:24.283 [1;31mERROR[0;39m [83d5c6a6-0d7c-4464-aae8-1b4f061cafe8] [http-nio-8080-exec-4] c.b.storefront.StorefrontController - [PROOF][STORE_LIST] store.id=7bcf0556-b5ba-4df8-9196-1d24f45488c0 tenant=tenantA source=DB
2026-01-22 00:01:24.284 [1;31mERROR[0;39m [83d5c6a6-0d7c-4464-aae8-1b4f061cafe8] [http-nio-8080-exec-4] c.b.storefront.StorefrontController - [PROOF][STORE_LIST] store.id=845e8ef8-197f-46c7-9ea8-6996c4c517de tenant=tenantA source=DB
2026-01-22 00:01:24.284 [1;31mERROR[0;39m [83d5c6a6-0d7c-4464-aae8-1b4f061cafe8] [http-nio-8080-exec-4] c.b.storefront.StorefrontController - [PROOF][STORE_LIST] store.id=849ea36e-22cd-4ff8-842a-76c490d7ad04 tenant=tenantA source=DB
2026-01-22 00:01:24.284 [1;31mERROR[0;39m [83d5c6a6-0d7c-4464-aae8-1b4f061cafe8] [http-nio-8080-exec-4] c.b.storefront.StorefrontController - [PROOF][STORE_LIST] store.id=928bb134-16cf-4cb3-bc8e-cd70332ab789 tenant=tenantA source=DB
2026-01-22 00:01:24.284 [1;31mERROR[0;39m [83d5c6a6-0d7c-4464-aae8-1b4f061cafe8] [http-nio-8080-exec-4] c.b.storefront.StorefrontController - [PROOF][STORE_LIST] store.id=9a0c37d7-50b9-462e-a551-dcdd782d8a5f tenant=tenantA source=DB
2026-01-22 00:01:24.285 [1;31mERROR[0;39m [83d5c6a6-0d7c-4464-aae8-1b4f061cafe8] [http-nio-8080-exec-4] c.b.storefront.StorefrontController - [PROOF][STORE_LIST] store.id=a1c87caf-0b52-49d2-baa3-d7131e2fa26c tenant=tenantA source=DB
2026-01-22 00:01:24.285 [1;31mERROR[0;39m [83d5c6a6-0d7c-4464-aae8-1b4f061cafe8] [http-nio-8080-exec-4] c.b.storefront.StorefrontController - [PROOF][STORE_LIST] store.id=a4de947c-3059-448e-ab5f-3d6d148f193b tenant=tenantA source=DB
2026-01-22 00:01:24.286 [1;31mERROR[0;39m [83d5c6a6-0d7c-4464-aae8-1b4f061cafe8] [http-nio-8080-exec-4] c.b.storefront.StorefrontController - [PROOF][STORE_LIST] store.id=b317167f-e99c-45aa-b2f0-a84996265d4c tenant=tenantA source=DB
2026-01-22 00:01:24.286 [1;31mERROR[0;39m [83d5c6a6-0d7c-4464-aae8-1b4f061cafe8] [http-nio-8080-exec-4] c.b.storefront.StorefrontController - [PROOF][STORE_LIST] store.id=b3f781b8-80a3-44f2-9250-b92a227b32a4 tenant=tenantA source=DB
2026-01-22 00:01:24.286 [1;31mERROR[0;39m [83d5c6a6-0d7c-4464-aae8-1b4f061cafe8] [http-nio-8080-exec-4] c.b.storefront.StorefrontController - [PROOF][STORE_LIST] store.id=b485290f-bc7c-4752-af1b-99edf8480ee6 tenant=tenantA source=DB
2026-01-22 00:01:24.287 [1;31mERROR[0;39m [83d5c6a6-0d7c-4464-aae8-1b4f061cafe8] [http-nio-8080-exec-4] c.b.storefront.StorefrontController - [PROOF][STORE_LIST] store.id=b585adf9-d1e7-41be-ba0f-179581c84259 tenant=tenantA source=DB
2026-01-22 00:01:24.287 [1;31mERROR[0;39m [83d5c6a6-0d7c-4464-aae8-1b4f061cafe8] [http-nio-8080-exec-4] c.b.storefront.StorefrontController - [PROOF][STORE_LIST] store.id=c3048a16-e1a4-4384-897c-2ac041d0e3a7 tenant=tenantA source=DB
2026-01-22 00:01:24.287 [1;31mERROR[0;39m [83d5c6a6-0d7c-4464-aae8-1b4f061cafe8] [http-nio-8080-exec-4] c.b.storefront.StorefrontController - [PROOF][STORE_LIST] store.id=cf88b9ed-cc07-4a33-b099-5e4f9bd217a7 tenant=tenantA source=DB
2026-01-22 00:01:24.288 [1;31mERROR[0;39m [83d5c6a6-0d7c-4464-aae8-1b4f061cafe8] [http-nio-8080-exec-4] c.b.storefront.StorefrontController - [PROOF][STORE_LIST] store.id=de7ec43b-f843-45ab-bb22-c92531b9d7c7 tenant=tenantA source=DB
2026-01-22 00:01:24.288 [1;31mERROR[0;39m [83d5c6a6-0d7c-4464-aae8-1b4f061cafe8] [http-nio-8080-exec-4] c.b.storefront.StorefrontController - [PROOF][STORE_LIST] store.id=ee9d384e-62ad-4629-95ca-dac08774fe42 tenant=tenantA source=DB
2026-01-22 00:01:24.288 [1;31mERROR[0;39m [83d5c6a6-0d7c-4464-aae8-1b4f061cafe8] [http-nio-8080-exec-4] c.b.storefront.StorefrontController - [PROOF][STORE_LIST] store.id=f9dec3e2-418a-461f-842e-fe2c8649045f tenant=tenantA source=DB
2026-01-22 00:01:24.289 [1;31mERROR[0;39m [83d5c6a6-0d7c-4464-aae8-1b4f061cafe8] [http-nio-8080-exec-4] c.b.storefront.StorefrontController - [PROOF][STORE_LIST] store.id=00c39122-cd7a-4c3c-8174-3a5797e03bf7 tenant=tenantA source=DB
2026-01-22 00:01:24.289 [1;31mERROR[0;39m [83d5c6a6-0d7c-4464-aae8-1b4f061cafe8] [http-nio-8080-exec-4] c.b.storefront.StorefrontController - [PROOF][STORE_LIST] store.id=0a31f491-0902-4171-873b-f9895b87ca9f tenant=tenantA source=DB
2026-01-22 00:01:24.290 [1;31mERROR[0;39m [83d5c6a6-0d7c-4464-aae8-1b4f061cafe8] [http-nio-8080-exec-4] c.b.storefront.StorefrontController - [PROOF][STORE_LIST] store.id=0b4602a3-b9df-4b24-b74c-50544cef3041 tenant=tenantA source=DB
2026-01-22 00:01:24.290 [1;31mERROR[0;39m [83d5c6a6-0d7c-4464-aae8-1b4f061cafe8] [http-nio-8080-exec-4] c.b.storefront.StorefrontController - [PROOF][STORE_LIST] store.id=0c818990-e4a5-4961-ae99-6b6f637aeff5 tenant=tenantA source=DB
2026-01-22 00:01:24.291 [1;31mERROR[0;39m [83d5c6a6-0d7c-4464-aae8-1b4f061cafe8] [http-nio-8080-exec-4] c.b.storefront.StorefrontController - [PROOF][STORE_LIST] store.id=1226dfbd-91a6-4b45-b392-f4c3f9a1dc28 tenant=tenantA source=DB
2026-01-22 00:01:24.291 [1;31mERROR[0;39m [83d5c6a6-0d7c-4464-aae8-1b4f061cafe8] [http-nio-8080-exec-4] c.b.storefront.StorefrontController - [PROOF][STORE_LIST] store.id=1a1b322a-ce44-40b1-88ea-2824396a7a79 tenant=tenantA source=DB
2026-01-22 00:01:24.293 [1;31mERROR[0;39m [83d5c6a6-0d7c-4464-aae8-1b4f061cafe8] [http-nio-8080-exec-4] c.b.storefront.StorefrontController - [PROOF][STORE_LIST] store.id=1cc5429f-ea1c-44a8-8823-a4028ba0abab tenant=tenantA source=DB
2026-01-22 00:01:24.293 [1;31mERROR[0;39m [83d5c6a6-0d7c-4464-aae8-1b4f061cafe8] [http-nio-8080-exec-4] c.b.storefront.StorefrontController - [PROOF][STORE_LIST] store.id=205b8ec0-962c-4b7e-9cd7-ebee50c53421 tenant=tenantA source=DB
2026-01-22 00:01:24.294 [1;31mERROR[0;39m [83d5c6a6-0d7c-4464-aae8-1b4f061cafe8] [http-nio-8080-exec-4] c.b.storefront.StorefrontController - [PROOF][STORE_LIST] store.id=24ab445b-351b-441e-b886-7e6b905c269b tenant=tenantA source=DB
2026-01-22 00:01:24.294 [1;31mERROR[0;39m [83d5c6a6-0d7c-4464-aae8-1b4f061cafe8] [http-nio-8080-exec-4] c.b.storefront.StorefrontController - [PROOF][STORE_LIST] store.id=388bcc94-5e39-46bf-aaf2-4e3fcff6bf88 tenant=tenantA source=DB
2026-01-22 00:01:24.295 [1;31mERROR[0;39m [83d5c6a6-0d7c-4464-aae8-1b4f061cafe8] [http-nio-8080-exec-4] c.b.storefront.StorefrontController - [PROOF][STORE_LIST] store.id=3bc12ead-5bba-4c57-a5ce-fe54a9c31a83 tenant=tenantA source=DB
2026-01-22 00:01:24.295 [1;31mERROR[0;39m [83d5c6a6-0d7c-4464-aae8-1b4f061cafe8] [http-nio-8080-exec-4] c.b.storefront.StorefrontController - [PROOF][STORE_LIST] store.id=3ce3b1bf-7c55-4fa5-bbe3-f45f8a93c67a tenant=tenantA source=DB
2026-01-22 00:01:24.295 [1;31mERROR[0;39m [83d5c6a6-0d7c-4464-aae8-1b4f061cafe8] [http-nio-8080-exec-4] c.b.storefront.StorefrontController - [PROOF][STORE_LIST] store.id=46d84fa8-6153-4a40-8fe2-bcc31c67ebf0 tenant=tenantA source=DB
2026-01-22 00:01:24.296 [1;31mERROR[0;39m [83d5c6a6-0d7c-4464-aae8-1b4f061cafe8] [http-nio-8080-exec-4] c.b.storefront.StorefrontController - [PROOF][STORE_LIST] store.id=560e1161-52eb-4aa8-b9a0-790370f96d95 tenant=tenantA source=DB
2026-01-22 00:01:24.296 [1;31mERROR[0;39m [83d5c6a6-0d7c-4464-aae8-1b4f061cafe8] [http-nio-8080-exec-4] c.b.storefront.StorefrontController - [PROOF][STORE_LIST] store.id=62cff1c1-abc3-4af6-abfd-e9b88111f107 tenant=tenantA source=DB
2026-01-22 00:01:24.297 [1;31mERROR[0;39m [83d5c6a6-0d7c-4464-aae8-1b4f061cafe8] [http-nio-8080-exec-4] c.b.storefront.StorefrontController - [PROOF][STORE_LIST] store.id=63750e9a-7b95-48b2-8357-2d07ecedef26 tenant=tenantA source=DB
2026-01-22 00:01:24.297 [1;31mERROR[0;39m [83d5c6a6-0d7c-4464-aae8-1b4f061cafe8] [http-nio-8080-exec-4] c.b.storefront.StorefrontController - [PROOF][STORE_LIST] store.id=7c626af0-9464-4de1-9c3c-e940807fbe76 tenant=tenantA source=DB
2026-01-22 00:01:24.297 [1;31mERROR[0;39m [83d5c6a6-0d7c-4464-aae8-1b4f061cafe8] [http-nio-8080-exec-4] c.b.storefront.StorefrontController - [PROOF][STORE_LIST] store.id=871a0bfe-570b-44ed-b7c4-ef60b2d18cf1 tenant=tenantA source=DB
2026-01-22 00:01:24.298 [1;31mERROR[0;39m [83d5c6a6-0d7c-4464-aae8-1b4f061cafe8] [http-nio-8080-exec-4] c.b.storefront.StorefrontController - [PROOF][STORE_LIST] store.id=87a84161-6c82-4ca5-a8f7-5b466d179ef0 tenant=tenantA source=DB
2026-01-22 00:01:24.298 [1;31mERROR[0;39m [83d5c6a6-0d7c-4464-aae8-1b4f061cafe8] [http-nio-8080-exec-4] c.b.storefront.StorefrontController - [PROOF][STORE_LIST] store.id=90e791d5-27d3-4330-b834-48510b7dea41 tenant=tenantA source=DB
2026-01-22 00:01:24.298 [1;31mERROR[0;39m [83d5c6a6-0d7c-4464-aae8-1b4f061cafe8] [http-nio-8080-exec-4] c.b.storefront.StorefrontController - [PROOF][STORE_LIST] store.id=91b2fd08-779e-4ba0-91ed-106aaeb4bb86 tenant=tenantA source=DB
2026-01-22 00:01:24.299 [1;31mERROR[0;39m [83d5c6a6-0d7c-4464-aae8-1b4f061cafe8] [http-nio-8080-exec-4] c.b.storefront.StorefrontController - [PROOF][STORE_LIST] store.id=9ab20b1c-6f2c-43b1-a8cf-8ef50a4b9c4f tenant=tenantA source=DB
2026-01-22 00:01:24.299 [1;31mERROR[0;39m [83d5c6a6-0d7c-4464-aae8-1b4f061cafe8] [http-nio-8080-exec-4] c.b.storefront.StorefrontController - [PROOF][STORE_LIST] store.id=9d6418ad-35b6-4d3b-b8b4-3d480954db28 tenant=tenantA source=DB
2026-01-22 00:01:24.300 [1;31mERROR[0;39m [83d5c6a6-0d7c-4464-aae8-1b4f061cafe8] [http-nio-8080-exec-4] c.b.storefront.StorefrontController - [PROOF][STORE_LIST] store.id=a1ec40c4-817b-42ca-8bb8-d8e9ed6da87b tenant=tenantA source=DB
2026-01-22 00:01:24.300 [1;31mERROR[0;39m [83d5c6a6-0d7c-4464-aae8-1b4f061cafe8] [http-nio-8080-exec-4] c.b.storefront.StorefrontController - [PROOF][STORE_LIST] store.id=a3eb940f-82bd-4e14-b002-089d40d04b38 tenant=tenantA source=DB
2026-01-22 00:01:24.300 [1;31mERROR[0;39m [83d5c6a6-0d7c-4464-aae8-1b4f061cafe8] [http-nio-8080-exec-4] c.b.storefront.StorefrontController - [PROOF][STORE_LIST] store.id=ab14eaea-2b0c-42fb-86ac-bfb2913095f0 tenant=tenantA source=DB
2026-01-22 00:01:24.301 [1;31mERROR[0;39m [83d5c6a6-0d7c-4464-aae8-1b4f061cafe8] [http-nio-8080-exec-4] c.b.storefront.StorefrontController - [PROOF][STORE_LIST] store.id=aee5f433-686e-45bb-be6b-2160a9267cb2 tenant=tenantA source=DB
2026-01-22 00:01:24.301 [1;31mERROR[0;39m [83d5c6a6-0d7c-4464-aae8-1b4f061cafe8] [http-nio-8080-exec-4] c.b.storefront.StorefrontController - [PROOF][STORE_LIST] store.id=c912f8c0-40c6-4961-9251-a3330a288157 tenant=tenantA source=DB
2026-01-22 00:01:24.302 [1;31mERROR[0;39m [83d5c6a6-0d7c-4464-aae8-1b4f061cafe8] [http-nio-8080-exec-4] c.b.storefront.StorefrontController - [PROOF][STORE_LIST] store.id=ce9a05aa-7780-4da8-a071-1039ff4b1e4f tenant=tenantA source=DB
2026-01-22 00:01:24.302 [1;31mERROR[0;39m [83d5c6a6-0d7c-4464-aae8-1b4f061cafe8] [http-nio-8080-exec-4] c.b.storefront.StorefrontController - [PROOF][STORE_LIST] store.id=e551d104-4c15-4771-9ba7-b63e90fc7fba tenant=tenantA source=DB
2026-01-22 00:01:24.303 [1;31mERROR[0;39m [83d5c6a6-0d7c-4464-aae8-1b4f061cafe8] [http-nio-8080-exec-4] c.b.storefront.StorefrontController - [PROOF][STORE_LIST] store.id=ea6f14df-a0c8-4385-9f15-dc4090a56755 tenant=tenantA source=DB
2026-01-22 00:01:24.303 [1;31mERROR[0;39m [83d5c6a6-0d7c-4464-aae8-1b4f061cafe8] [http-nio-8080-exec-4] c.b.storefront.StorefrontController - [PROOF][STORE_LIST] store.id=f108d126-49d7-41f8-b04b-e01530716993 tenant=tenantA source=DB
2026-01-22 00:01:24.303 [1;31mERROR[0;39m [83d5c6a6-0d7c-4464-aae8-1b4f061cafe8] [http-nio-8080-exec-4] c.b.storefront.StorefrontController - [PROOF][STORE_LIST] store.id=fc690990-0ed7-481a-b424-96a805a50043 tenant=tenantA source=DB
2026-01-22 00:01:24.304 [1;31mERROR[0;39m [83d5c6a6-0d7c-4464-aae8-1b4f061cafe8] [http-nio-8080-exec-4] c.b.storefront.StorefrontController - [PROOF][STORE_LIST] store.id=ff2561d2-612b-401a-8ae2-be1e30da016a tenant=tenantA source=DB
2026-01-22 00:01:24.310 [34mINFO [0;39m [83d5c6a6-0d7c-4464-aae8-1b4f061cafe8] [http-nio-8080-exec-4] c.b.config.logging.HttpLoggingFilter - GET /api/storefront/stores -> 200 (293 ms)
2026-01-22 00:01:24.310 [34mINFO [0;39m [83d5c6a6-0d7c-4464-aae8-1b4f061cafe8] [http-nio-8080-exec-4] c.b.config.logging.HttpLoggingFilter - Headers: auth=absent content-type=application/json accept=*/*
2026-01-22 00:01:24.311 [34mINFO [0;39m [83d5c6a6-0d7c-4464-aae8-1b4f061cafe8] [http-nio-8080-exec-4] c.b.config.logging.HttpLoggingFilter - Response payload: [{"id":"storeA","name":"Alpha Kirana Store","area":"Connaught Place","category":"grocery","ownerId":null,"ownerPhone":"9000000002","products":null,"status":"open","orderingDisabled":false,"closedReason":null,"closedUntil":null,"logo":null,"updatedAt":"2026-01-16T00:06:49Z"},{"id":"0292f24b-55db-4522-99f9-43dbbb245246","name":"City Pharmacy","area":"Brigade","category":"pharmacy","ownerId":null,"ownerPhone":null,"products":null,"status":"open","orderingDisabled":false,"closedReason":null,"closedUntil":null,"logo":null,"updatedAt":"2026-01-21T14:03:41.421635Z"},{"id":"0b9b291e-a552-4561-a931-864ca0eaedbd","name":"City Pharmacy","area":"Brigade","category":"pharmacy","ownerId":null,"ownerPhone":null,"products":null,"status":"open","orderingDisabled":false,"closedReason":null,"closedUntil":null,"logo":null,"updatedAt":"2026-01-20T18:36:32.443560Z"},{"id":"0db8e061-88b3-4347-9296-81f4fbd76a75","name":"City Pharmacy","area":"Brigade","category":"pharmacy","ownerId":null,"ownerPhone":null,"products":null,"status":"open","orderingDisabled":false,"closedReason":null,"closedUntil":null,"logo":null,"updatedAt":"2026-01-20T18:41:59.248838Z"},{"id":"19872069-841e-4933-a1ec-6da5e525de36","name":"City Pharmacy","area":"Brigade","category":"pharmacy","ownerId":null,"ownerPhone":null,"products":null,"status":"open","orderingDisabled":false,"closedReason":null,"closedUntil":null,"logo":null,"updatedAt":"2026-01-21T14:15:14.324741Z"},{"id":"1ede0717-fd0c-4b04-9622-c36536573b2e","name":"City Pharmacy","area":"Brigade","category":"pharmacy","ownerId":null,"ownerPhone":null,"products":null,"status":"open","orderingDisabled":false,"closedReason":null,"closedUntil":null,"logo":null,"updatedAt":"2026-01-21T14:55:26.452537Z"},{"id":"1ef2006c-1cae-499d-985f-5b8edafef0bc","name":"City Pharmacy","area":"Brigade","category":"pharmacy","ownerId":null,"ownerPhone":null,"products":null,"status":"open","orderingDisabled":false,"closedReason":null,"closedUntil":null,"logo":null,"updatedAt":"2026-01-21T18:20:47.387582Z"},{"id":"2505eaae-0a63-4e00-ba0c-5341c1e77087","name":"City Pharmacy","area":"Brigade","category":"pharmacy","ownerId":null,"ownerPhone":null,"products":null,"status":"open","orderingDisabled":false,"closedReason":null,"closedUntil":null,"logo":null,"updatedAt":"2026-01-21T18:19:51.002889Z"},{"id":"2bd87494-97ef-4670-bd15-1c8edc536f30","name":"City Pharmacy","area":"Brigade","category":"pharmacy","ownerId":null,"ownerPhone":null,"products":null,"status":"open","orderingDisabled":false,"closedReason":null,"closedUntil":null,"logo":null,"updatedAt":"2026-01-20T17:52:23.282566Z"},{"id":"33b16e50-5c33-4fc8-b546-8c796895cf49","name":"City Pharmacy","area":"Brigade","category":"pharmacy","ownerId":null,"ownerPhone":null,"products":null,"status":"open","orderingDisabled":false,"closedReason":null,"closedUntil":null,"logo":null,"updatedAt":"2026-01-15T18:57:31.724056Z"},{"id":"576fa9b1-08a4-42ee-9085-f7824c0a5ab2","name":"City Pharmacy","area":"Brigade","category":"pharmacy","ownerId":null,"ownerPhone":null,"products":null,"status":"open","orderingDisabled":false,"closedReason":null,"closedUntil":null,"logo":null,"updatedAt":"2026-01-20T17:00:28.881857Z"},{"id":"63a5a059-9fb3-4f8e-9b44-b1d3ebf7e683","name":"City Pharmacy","area":"Brigade","category":"pharmacy","ownerId":null,"ownerPhone":null,"products":null,"status":"open","orderingDisabled":false,"closedReason":null,"closedUntil":null,"logo":null,"updatedAt":"2026-01-18T20:13:38.663820Z"},{"id":"68a008cd-6b10-4e48-b036-e3d752230378","name":"City Pharmacy","area":"Brigade","category":"pharmacy","ownerId":null,"ownerPhone":null,"products":null,"status":"open","orderingDisabled":false,"closedReason":null,"closedUntil":null,"logo":null,"updatedAt":"2026-01-15T19:03:29.647598Z"},{"id":"6e7587a5-7bb4-4bad-b147-6aaa44a30204","name":"City Pharmacy","area":"Brigade","category":"pharmacy","ownerId":null,"ownerPhone":null,"products":null,"status":"open","orderingDisabled":false,"closedReason":null,"closedUntil":null,"logo":null,"updatedAt":"2026-01-21T17:07:16.023628Z"},{"id":"6ea7274b-5a33-4085-9a5a-b330ae6... (truncated)
2026-01-22 00:01:24.391 [39mDEBUG[0;39m [6b56d3d6-9b94-49ef-ba10-823bf2593a80] [http-nio-8080-exec-6] o.s.w.s.m.m.a.RequestMappingHandlerMapping - Mapped to com.bharatshop.storefront.StorefrontController#categories()
2026-01-22 00:01:24.392 [34mINFO [0;39m [6b56d3d6-9b94-49ef-ba10-823bf2593a80] [http-nio-8080-exec-6] c.b.config.TenantInterceptor - tenant-context: tenant=tenantA method=GET path=/api/storefront/categories
2026-01-22 00:01:24.393 [34mINFO [0;39m [6b56d3d6-9b94-49ef-ba10-823bf2593a80] [http-nio-8080-exec-6] c.b.storefront.StorefrontController - Customer storefront: list categories tenant=tenantA userId=null
2026-01-22 00:01:24.430 [34mINFO [0;39m [6b56d3d6-9b94-49ef-ba10-823bf2593a80] [http-nio-8080-exec-6] c.b.config.logging.HttpLoggingFilter - GET /api/storefront/categories -> 200 (41 ms)
2026-01-22 00:01:24.430 [34mINFO [0;39m [6b56d3d6-9b94-49ef-ba10-823bf2593a80] [http-nio-8080-exec-6] c.b.config.logging.HttpLoggingFilter - Headers: auth=absent content-type=application/json accept=*/*
2026-01-22 00:01:24.431 [34mINFO [0;39m [6b56d3d6-9b94-49ef-ba10-823bf2593a80] [http-nio-8080-exec-6] c.b.config.logging.HttpLoggingFilter - Response payload: ["dairy","fruits","grocery","medicine"]
2026-01-22 00:01:26.734 [39mDEBUG[0;39m [47fd535a-f01d-4799-81b7-7d81c9bcadfa] [http-nio-8080-exec-7] o.s.w.s.m.m.a.RequestMappingHandlerMapping - Mapped to com.bharatshop.storefront.StorefrontController#getStore(String)
2026-01-22 00:01:26.735 [34mINFO [0;39m [47fd535a-f01d-4799-81b7-7d81c9bcadfa] [http-nio-8080-exec-7] c.b.config.TenantInterceptor - tenant-context: tenant=tenantA method=GET path=/api/storefront/stores/storeA
2026-01-22 00:01:26.748 [34mINFO [0;39m [47fd535a-f01d-4799-81b7-7d81c9bcadfa] [http-nio-8080-exec-7] c.b.storefront.StorefrontController - Customer storefront: get store tenant=tenantA userId=null storeId=storeA 
2026-01-22 00:01:26.749 [1;31mERROR[0;39m [47fd535a-f01d-4799-81b7-7d81c9bcadfa] [http-nio-8080-exec-7] c.b.storefront.StorefrontController - [PROOF][STORE_API] requested storeId=storeA
2026-01-22 00:01:26.760 [1;31mERROR[0;39m [47fd535a-f01d-4799-81b7-7d81c9bcadfa] [http-nio-8080-exec-7] com.bharatshop.service.StoreService - [PROOF][STORE_MAP] entity.id=storeA mapped.id=storeA
2026-01-22 00:01:26.760 [1;31mERROR[0;39m [47fd535a-f01d-4799-81b7-7d81c9bcadfa] [http-nio-8080-exec-7] c.b.storefront.StorefrontController - [PROOF][STORE_API] store.from.db id=storeA
2026-01-22 00:01:26.766 [34mINFO [0;39m [47fd535a-f01d-4799-81b7-7d81c9bcadfa] [http-nio-8080-exec-7] c.b.config.logging.HttpLoggingFilter - GET /api/storefront/stores/storeA -> 200 (33 ms)
2026-01-22 00:01:26.766 [34mINFO [0;39m [47fd535a-f01d-4799-81b7-7d81c9bcadfa] [http-nio-8080-exec-7] c.b.config.logging.HttpLoggingFilter - Headers: auth=absent content-type=application/json accept=*/*
2026-01-22 00:01:26.767 [34mINFO [0;39m [47fd535a-f01d-4799-81b7-7d81c9bcadfa] [http-nio-8080-exec-7] c.b.config.logging.HttpLoggingFilter - Response payload: {"id":"storeA","name":"Alpha Kirana Store","area":"Connaught Place","category":"grocery","ownerId":null,"ownerPhone":"9000000002","products":null,"status":"open","orderingDisabled":false,"closedReason":null,"closedUntil":null,"logo":null,"updatedAt":"2026-01-16T00:06:49Z"}
2026-01-22 00:01:26.784 [39mDEBUG[0;39m [e789062e-2dad-4fab-9cbc-7a65a8adf106] [http-nio-8080-exec-8] o.s.w.s.m.m.a.RequestMappingHandlerMapping - Mapped to com.bharatshop.storefront.StorefrontController#getStore(String)
2026-01-22 00:01:26.786 [34mINFO [0;39m [e789062e-2dad-4fab-9cbc-7a65a8adf106] [http-nio-8080-exec-8] c.b.config.TenantInterceptor - tenant-context: tenant=tenantA method=GET path=/api/storefront/stores/storeA
2026-01-22 00:01:26.787 [34mINFO [0;39m [e789062e-2dad-4fab-9cbc-7a65a8adf106] [http-nio-8080-exec-8] c.b.storefront.StorefrontController - Customer storefront: get store tenant=tenantA userId=null storeId=storeA 
2026-01-22 00:01:26.788 [1;31mERROR[0;39m [e789062e-2dad-4fab-9cbc-7a65a8adf106] [http-nio-8080-exec-8] c.b.storefront.StorefrontController - [PROOF][STORE_API] requested storeId=storeA
2026-01-22 00:01:26.795 [39mDEBUG[0;39m [e67bd343-8098-4232-9339-e6dece007aac] [http-nio-8080-exec-9] o.s.w.s.m.m.a.RequestMappingHandlerMapping - Mapped to com.bharatshop.storefront.StorefrontController#productsByStore(String)
2026-01-22 00:01:26.796 [34mINFO [0;39m [e67bd343-8098-4232-9339-e6dece007aac] [http-nio-8080-exec-9] c.b.config.TenantInterceptor - tenant-context: tenant=tenantA method=GET path=/api/storefront/stores/storeA/products
2026-01-22 00:01:26.796 [1;31mERROR[0;39m [e789062e-2dad-4fab-9cbc-7a65a8adf106] [http-nio-8080-exec-8] com.bharatshop.service.StoreService - [PROOF][STORE_MAP] entity.id=storeA mapped.id=storeA
2026-01-22 00:01:26.796 [1;31mERROR[0;39m [e789062e-2dad-4fab-9cbc-7a65a8adf106] [http-nio-8080-exec-8] c.b.storefront.StorefrontController - [PROOF][STORE_API] store.from.db id=storeA
2026-01-22 00:01:26.797 [34mINFO [0;39m [e67bd343-8098-4232-9339-e6dece007aac] [http-nio-8080-exec-9] c.b.storefront.StorefrontController - Customer storefront: list products by store tenant=tenantA userId=null storeId=storeA 
2026-01-22 00:01:26.798 [1;31mERROR[0;39m [e67bd343-8098-4232-9339-e6dece007aac] [http-nio-8080-exec-9] c.b.storefront.StorefrontController - [PROOF][PRODUCT_API] requested storeId=storeA
2026-01-22 00:01:26.799 [34mINFO [0;39m [e789062e-2dad-4fab-9cbc-7a65a8adf106] [http-nio-8080-exec-8] c.b.config.logging.HttpLoggingFilter - GET /api/storefront/stores/storeA -> 200 (17 ms)
2026-01-22 00:01:26.799 [34mINFO [0;39m [e789062e-2dad-4fab-9cbc-7a65a8adf106] [http-nio-8080-exec-8] c.b.config.logging.HttpLoggingFilter - Headers: auth=absent content-type=application/json accept=*/*
2026-01-22 00:01:26.800 [34mINFO [0;39m [e789062e-2dad-4fab-9cbc-7a65a8adf106] [http-nio-8080-exec-8] c.b.config.logging.HttpLoggingFilter - Response payload: {"id":"storeA","name":"Alpha Kirana Store","area":"Connaught Place","category":"grocery","ownerId":null,"ownerPhone":"9000000002","products":null,"status":"open","orderingDisabled":false,"closedReason":null,"closedUntil":null,"logo":null,"updatedAt":"2026-01-16T00:06:49Z"}
2026-01-22 00:01:26.805 [1;31mERROR[0;39m [e67bd343-8098-4232-9339-e6dece007aac] [http-nio-8080-exec-9] com.bharatshop.service.StoreService - [PROOF][STORE_MAP] entity.id=storeA mapped.id=storeA
2026-01-22 00:01:26.806 [1;31mERROR[0;39m [e67bd343-8098-4232-9339-e6dece007aac] [http-nio-8080-exec-9] c.bharatshop.service.ProductService - [PROOF][PRODUCT_QUERY] requested storeId=storeA
2026-01-22 00:01:26.815 [34mINFO [0;39m [e67bd343-8098-4232-9339-e6dece007aac] [http-nio-8080-exec-9] c.b.logging.RepositoryLoggingAspect - [REPO_CALL] table=products tenant=tenantA ids=[prodA1, prodA2, prodA3]
2026-01-22 00:01:26.815 [1;31mERROR[0;39m [e67bd343-8098-4232-9339-e6dece007aac] [http-nio-8080-exec-9] c.bharatshop.service.ProductService - [PROOF][PRODUCT_DB] product.id=prodA1 storeId=storeA
2026-01-22 00:01:26.816 [1;31mERROR[0;39m [e67bd343-8098-4232-9339-e6dece007aac] [http-nio-8080-exec-9] c.bharatshop.service.ProductService - [PROOF][PRODUCT_DB] product.id=prodA2 storeId=storeA
2026-01-22 00:01:26.816 [1;31mERROR[0;39m [e67bd343-8098-4232-9339-e6dece007aac] [http-nio-8080-exec-9] c.bharatshop.service.ProductService - [PROOF][PRODUCT_DB] product.id=prodA3 storeId=storeA
2026-01-22 00:01:26.817 [1;31mERROR[0;39m [e67bd343-8098-4232-9339-e6dece007aac] [http-nio-8080-exec-9] c.b.storefront.StorefrontController - [PROOF][PRODUCT_DB] productId=prodA1 storeId=storeA tenant=tenantA
2026-01-22 00:01:26.817 [1;31mERROR[0;39m [e67bd343-8098-4232-9339-e6dece007aac] [http-nio-8080-exec-9] c.b.storefront.StorefrontController - [PROOF][PRODUCT_DB] productId=prodA2 storeId=storeA tenant=tenantA
2026-01-22 00:01:26.817 [1;31mERROR[0;39m [e67bd343-8098-4232-9339-e6dece007aac] [http-nio-8080-exec-9] c.b.storefront.StorefrontController - [PROOF][PRODUCT_DB] productId=prodA3 storeId=storeA tenant=tenantA
2026-01-22 00:01:26.824 [34mINFO [0;39m [e67bd343-8098-4232-9339-e6dece007aac] [http-nio-8080-exec-9] c.b.config.logging.HttpLoggingFilter - GET /api/storefront/stores/storeA/products -> 200 (31 ms)
2026-01-22 00:01:26.825 [34mINFO [0;39m [e67bd343-8098-4232-9339-e6dece007aac] [http-nio-8080-exec-9] c.b.config.logging.HttpLoggingFilter - Headers: auth=absent content-type=application/json accept=*/*
2026-01-22 00:01:26.825 [34mINFO [0;39m [e67bd343-8098-4232-9339-e6dece007aac] [http-nio-8080-exec-9] c.b.config.logging.HttpLoggingFilter - Response payload: [{"id":"prodA1","name":"Aata 1kg","price":55.0,"description":null,"image":null,"category":"grocery","storeId":"storeA","currency":"INR","sku":null,"stock":null,"active":true},{"id":"prodA2","name":"Rice 1kg","price":65.0,"description":null,"image":null,"category":"grocery","storeId":"storeA","currency":"INR","sku":null,"stock":null,"active":true},{"id":"prodA3","name":"Milk 500ml","price":30.0,"description":null,"image":null,"category":"dairy","storeId":"storeA","currency":"INR","sku":null,"stock":null,"active":true}]
2026-01-22 00:01:26.841 [39mDEBUG[0;39m [3a1dde1d-e414-4f8c-b25c-de25666db1cb] [http-nio-8080-exec-10] o.s.w.s.m.m.a.RequestMappingHandlerMapping - Mapped to com.bharatshop.storefront.StorefrontController#productsByStore(String)
2026-01-22 00:01:26.842 [34mINFO [0;39m [3a1dde1d-e414-4f8c-b25c-de25666db1cb] [http-nio-8080-exec-10] c.b.config.TenantInterceptor - tenant-context: tenant=tenantA method=GET path=/api/storefront/stores/storeA/products
2026-01-22 00:01:26.843 [34mINFO [0;39m [3a1dde1d-e414-4f8c-b25c-de25666db1cb] [http-nio-8080-exec-10] c.b.storefront.StorefrontController - Customer storefront: list products by store tenant=tenantA userId=null storeId=storeA 
2026-01-22 00:01:26.843 [1;31mERROR[0;39m [3a1dde1d-e414-4f8c-b25c-de25666db1cb] [http-nio-8080-exec-10] c.b.storefront.StorefrontController - [PROOF][PRODUCT_API] requested storeId=storeA
2026-01-22 00:01:26.852 [1;31mERROR[0;39m [3a1dde1d-e414-4f8c-b25c-de25666db1cb] [http-nio-8080-exec-10] com.bharatshop.service.StoreService - [PROOF][STORE_MAP] entity.id=storeA mapped.id=storeA
2026-01-22 00:01:26.853 [1;31mERROR[0;39m [3a1dde1d-e414-4f8c-b25c-de25666db1cb] [http-nio-8080-exec-10] c.bharatshop.service.ProductService - [PROOF][PRODUCT_QUERY] requested storeId=storeA
2026-01-22 00:01:26.860 [34mINFO [0;39m [3a1dde1d-e414-4f8c-b25c-de25666db1cb] [http-nio-8080-exec-10] c.b.logging.RepositoryLoggingAspect - [REPO_CALL] table=products tenant=tenantA ids=[prodA1, prodA2, prodA3]
2026-01-22 00:01:26.861 [1;31mERROR[0;39m [3a1dde1d-e414-4f8c-b25c-de25666db1cb] [http-nio-8080-exec-10] c.bharatshop.service.ProductService - [PROOF][PRODUCT_DB] product.id=prodA1 storeId=storeA
2026-01-22 00:01:26.861 [1;31mERROR[0;39m [3a1dde1d-e414-4f8c-b25c-de25666db1cb] [http-nio-8080-exec-10] c.bharatshop.service.ProductService - [PROOF][PRODUCT_DB] product.id=prodA2 storeId=storeA
2026-01-22 00:01:26.862 [1;31mERROR[0;39m [3a1dde1d-e414-4f8c-b25c-de25666db1cb] [http-nio-8080-exec-10] c.bharatshop.service.ProductService - [PROOF][PRODUCT_DB] product.id=prodA3 storeId=storeA
2026-01-22 00:01:26.862 [1;31mERROR[0;39m [3a1dde1d-e414-4f8c-b25c-de25666db1cb] [http-nio-8080-exec-10] c.b.storefront.StorefrontController - [PROOF][PRODUCT_DB] productId=prodA1 storeId=storeA tenant=tenantA
2026-01-22 00:01:26.862 [1;31mERROR[0;39m [3a1dde1d-e414-4f8c-b25c-de25666db1cb] [http-nio-8080-exec-10] c.b.storefront.StorefrontController - [PROOF][PRODUCT_DB] productId=prodA2 storeId=storeA tenant=tenantA
2026-01-22 00:01:26.864 [1;31mERROR[0;39m [3a1dde1d-e414-4f8c-b25c-de25666db1cb] [http-nio-8080-exec-10] c.b.storefront.StorefrontController - [PROOF][PRODUCT_DB] productId=prodA3 storeId=storeA tenant=tenantA
2026-01-22 00:01:26.866 [34mINFO [0;39m [3a1dde1d-e414-4f8c-b25c-de25666db1cb] [http-nio-8080-exec-10] c.b.config.logging.HttpLoggingFilter - GET /api/storefront/stores/storeA/products -> 200 (26 ms)
2026-01-22 00:01:26.866 [34mINFO [0;39m [3a1dde1d-e414-4f8c-b25c-de25666db1cb] [http-nio-8080-exec-10] c.b.config.logging.HttpLoggingFilter - Headers: auth=absent content-type=application/json accept=*/*
2026-01-22 00:01:26.867 [34mINFO [0;39m [3a1dde1d-e414-4f8c-b25c-de25666db1cb] [http-nio-8080-exec-10] c.b.config.logging.HttpLoggingFilter - Response payload: [{"id":"prodA1","name":"Aata 1kg","price":55.0,"description":null,"image":null,"category":"grocery","storeId":"storeA","currency":"INR","sku":null,"stock":null,"active":true},{"id":"prodA2","name":"Rice 1kg","price":65.0,"description":null,"image":null,"category":"grocery","storeId":"storeA","currency":"INR","sku":null,"stock":null,"active":true},{"id":"prodA3","name":"Milk 500ml","price":30.0,"description":null,"image":null,"category":"dairy","storeId":"storeA","currency":"INR","sku":null,"stock":null,"active":true}]
2026-01-22 00:01:31.210 [39mDEBUG[0;39m [7681f617-ae89-4719-992b-183efe3fc13d] [http-nio-8080-exec-1] o.s.w.s.m.m.a.RequestMappingHandlerMapping - Mapped to com.bharatshop.storefront.StorefrontController#listProducts(String, String)
2026-01-22 00:01:31.210 [34mINFO [0;39m [7681f617-ae89-4719-992b-183efe3fc13d] [http-nio-8080-exec-1] c.b.config.TenantInterceptor - tenant-context: tenant=bharatshop.local method=GET path=/api/storefront/products
2026-01-22 00:01:31.211 [34mINFO [0;39m [7681f617-ae89-4719-992b-183efe3fc13d] [http-nio-8080-exec-1] c.b.storefront.StorefrontController - Customer storefront: list products tenant=bharatshop.local userId=null category=null search=null 
2026-01-22 00:01:31.218 [34mINFO [0;39m [7681f617-ae89-4719-992b-183efe3fc13d] [http-nio-8080-exec-1] c.b.config.logging.HttpLoggingFilter - GET /api/storefront/products -> 200 (9 ms)
2026-01-22 00:01:31.219 [34mINFO [0;39m [7681f617-ae89-4719-992b-183efe3fc13d] [http-nio-8080-exec-1] c.b.config.logging.HttpLoggingFilter - Headers: auth=present content-type=null accept=null
2026-01-22 00:01:31.219 [34mINFO [0;39m [7681f617-ae89-4719-992b-183efe3fc13d] [http-nio-8080-exec-1] c.b.config.logging.HttpLoggingFilter - Response payload: []
2026-01-22 00:01:31.441 [39mDEBUG[0;39m [f896ba5f-cb0a-4287-824b-5f8acfe48d5b] [http-nio-8080-exec-2] o.s.w.s.m.m.a.RequestMappingHandlerMapping - Mapped to com.bharatshop.customer.CustomerOrderController#placeOrder(CheckoutRequest, String, UserPrincipal)
2026-01-22 00:01:31.442 [34mINFO [0;39m [f896ba5f-cb0a-4287-824b-5f8acfe48d5b] [http-nio-8080-exec-2] c.b.config.TenantInterceptor - tenant-context: tenant=bharatshop.local method=POST path=/api/customer/orders
2026-01-22 00:01:31.504 [34mINFO [0;39m [f896ba5f-cb0a-4287-824b-5f8acfe48d5b] [http-nio-8080-exec-2] c.bharatshop.service.CheckoutService - CheckoutService: tenant=bharatshop.local userId=ee279063-a52f-4507-9e37-9a9abf837952
2026-01-22 00:01:31.505 [34mINFO [0;39m [f896ba5f-cb0a-4287-824b-5f8acfe48d5b] [http-nio-8080-exec-2] c.bharatshop.service.CheckoutService - CheckoutRequest: items.size=1 itemClass=com.bharatshop.dto.CheckoutItem productIds=
2026-01-22 00:01:31.508 [31mWARN [0;39m [f896ba5f-cb0a-4287-824b-5f8acfe48d5b] [http-nio-8080-exec-2] c.b.config.GlobalExceptionHandler - API error: code=BAD_REQUEST message=productId is required
2026-01-22 00:01:31.512 [34mINFO [0;39m [f896ba5f-cb0a-4287-824b-5f8acfe48d5b] [http-nio-8080-exec-2] c.b.config.logging.HttpLoggingFilter - POST /api/customer/orders -> 400 (72 ms)
2026-01-22 00:01:31.512 [34mINFO [0;39m [f896ba5f-cb0a-4287-824b-5f8acfe48d5b] [http-nio-8080-exec-2] c.b.config.logging.HttpLoggingFilter - Headers: auth=present content-type=application/json accept=null
2026-01-22 00:01:31.513 [34mINFO [0;39m [f896ba5f-cb0a-4287-824b-5f8acfe48d5b] [http-nio-8080-exec-2] c.b.config.logging.HttpLoggingFilter - Request payload: {
    "items":  [
                  {
                      "productId":  null,
                      "quantity":  1
                  }
              ],
    "paymentMethod":  "cod"
}
2026-01-22 00:01:31.513 [34mINFO [0;39m [f896ba5f-cb0a-4287-824b-5f8acfe48d5b] [http-nio-8080-exec-2] c.b.config.logging.HttpLoggingFilter - Response payload: {"code":"BAD_REQUEST","message":"productId is required"}
2026-01-22 00:01:31.995 [39mDEBUG[0;39m [b74ec7b8-04c3-4039-8ed9-a64f8db54abd] [http-nio-8080-exec-3] o.s.w.s.m.m.a.RequestMappingHandlerMapping - Mapped to com.bharatshop.customer.CustomerOrderController#placeOrder(CheckoutRequest, String, UserPrincipal)
2026-01-22 00:01:31.996 [34mINFO [0;39m [b74ec7b8-04c3-4039-8ed9-a64f8db54abd] [http-nio-8080-exec-3] c.b.config.TenantInterceptor - tenant-context: tenant=tenantA method=POST path=/api/customer/orders
2026-01-22 00:01:31.999 [34mINFO [0;39m [b74ec7b8-04c3-4039-8ed9-a64f8db54abd] [http-nio-8080-exec-3] c.bharatshop.service.CheckoutService - CheckoutService: tenant=tenantA userId=de043f1f-c13e-4213-a1a4-2f0272d1b755
2026-01-22 00:01:31.999 [34mINFO [0;39m [b74ec7b8-04c3-4039-8ed9-a64f8db54abd] [http-nio-8080-exec-3] c.bharatshop.service.CheckoutService - CheckoutRequest: items.size=1 itemClass=com.bharatshop.dto.CheckoutItem productIds=prodA1
2026-01-22 00:01:32.008 [1;31mERROR[0;39m [b74ec7b8-04c3-4039-8ed9-a64f8db54abd] [http-nio-8080-exec-3] c.bharatshop.service.CheckoutService - [PROOF][CHECKOUT] lookup productId=prodA1 found=true
2026-01-22 00:01:32.008 [1;31mERROR[0;39m [b74ec7b8-04c3-4039-8ed9-a64f8db54abd] [http-nio-8080-exec-3] c.bharatshop.service.CheckoutService - [PROOF][CHECKOUT] product.id=prodA1 product.storeId=storeA tenant=tenantA
2026-01-22 00:01:32.009 [34mINFO [0;39m [b74ec7b8-04c3-4039-8ed9-a64f8db54abd] [http-nio-8080-exec-3] c.bharatshop.service.CheckoutService - CheckoutService: storeId resolved=storeA
2026-01-22 00:01:32.014 [1;31mERROR[0;39m [b74ec7b8-04c3-4039-8ed9-a64f8db54abd] [http-nio-8080-exec-3] com.bharatshop.service.StoreService - [PROOF][STORE_MAP] entity.id=storeA mapped.id=storeA
2026-01-22 00:01:32.024 [34mINFO [0;39m [b74ec7b8-04c3-4039-8ed9-a64f8db54abd] [http-nio-8080-exec-3] c.bharatshop.service.CheckoutService - CheckoutService: total computed=55.0
2026-01-22 00:01:32.094 [34mINFO [0;39m [b74ec7b8-04c3-4039-8ed9-a64f8db54abd] [http-nio-8080-exec-3] c.bharatshop.service.CheckoutService - CheckoutService: success orderId=8f0fbae4-5e5d-4c97-b6ae-48a11533cddb reference=REF-8f0fbae4 userId=de043f1f-c13e-4213-a1a4-2f0272d1b755
2026-01-22 00:01:32.109 [34mINFO [0;39m [b74ec7b8-04c3-4039-8ed9-a64f8db54abd] [http-nio-8080-exec-3] c.b.config.logging.HttpLoggingFilter - POST /api/customer/orders -> 201 (114 ms)
2026-01-22 00:01:32.109 [34mINFO [0;39m [b74ec7b8-04c3-4039-8ed9-a64f8db54abd] [http-nio-8080-exec-3] c.b.config.logging.HttpLoggingFilter - Headers: auth=present content-type=application/json accept=application/json, text/plain, */*
2026-01-22 00:01:32.109 [34mINFO [0;39m [b74ec7b8-04c3-4039-8ed9-a64f8db54abd] [http-nio-8080-exec-3] c.b.config.logging.HttpLoggingFilter - Request payload: {"paymentMethod":"cod","items":[{"productId":"prodA1","quantity":1}]}
2026-01-22 00:01:32.110 [34mINFO [0;39m [b74ec7b8-04c3-4039-8ed9-a64f8db54abd] [http-nio-8080-exec-3] c.b.config.logging.HttpLoggingFilter - Response payload: {"order":{"id":"8f0fbae4-5e5d-4c97-b6ae-48a11533cddb","reference":"REF-8f0fbae4","status":"placed","total":55.0,"totals":{"subtotal":null,"deliveryFee":null,"tax":null,"tip":null,"payable":55.0},"items":[{"id":"prodA1","name":"Aata 1kg","price":55.0,"quantity":1,"requiresPrescription":null,"status":null}],"paymentMethod":"cod","paymentInfo":null,"address":null,"deliverySlot":null,"deliveryInstructions":null,"type":"order","createdAt":"2026-01-21T18:31:32.025864200Z","sellerResponseDeadline":"2026-01-21T18:46:32.025864200Z","sellerAcceptedAt":null,"cancelledAt":null,"cancellationReason":null,"storeId":"storeA","notes":null}}
2026-01-22 00:01:32.169 [34mINFO [0;39m [] [ForkJoinPool.commonPool-worker-1] c.b.service.NotificationService - No active notification preferences for user de043f1f-c13e-4213-a1a4-2f0272d1b755 in tenant tenantA
2026-01-22 00:01:41.007 [39mDEBUG[0;39m [09ce5a2e-5156-4c1a-b0eb-19ed677dda41] [http-nio-8080-exec-5] o.s.w.s.m.m.a.RequestMappingHandlerMapping - Mapped to com.bharatshop.customer.CustomerOrderController#list(UserPrincipal)
2026-01-22 00:01:41.008 [34mINFO [0;39m [09ce5a2e-5156-4c1a-b0eb-19ed677dda41] [http-nio-8080-exec-5] c.b.config.TenantInterceptor - tenant-context: tenant=tenantA method=GET path=/api/customer/orders
2026-01-22 00:01:41.056 [34mINFO [0;39m [09ce5a2e-5156-4c1a-b0eb-19ed677dda41] [http-nio-8080-exec-5] c.b.config.logging.HttpLoggingFilter - GET /api/customer/orders -> 200 (50 ms)
2026-01-22 00:01:41.059 [34mINFO [0;39m [09ce5a2e-5156-4c1a-b0eb-19ed677dda41] [http-nio-8080-exec-5] c.b.config.logging.HttpLoggingFilter - Headers: auth=present content-type=null accept=application/json, text/plain, */*
2026-01-22 00:01:41.061 [34mINFO [0;39m [09ce5a2e-5156-4c1a-b0eb-19ed677dda41] [http-nio-8080-exec-5] c.b.config.logging.HttpLoggingFilter - Response payload: [{"id":"8f0fbae4-5e5d-4c97-b6ae-48a11533cddb","status":"placed","total":55.0,"createdAt":"2026-01-21T18:31:32.025864Z","store":{"id":"storeA","name":"Alpha Kirana Store"},"items":[{"productId":"prodA1","name":"Aata 1kg","quantity":1}]},{"id":"c1cd4364-9b46-4073-b68e-5ad85fb4d366","status":"placed","total":55.0,"createdAt":"2026-01-21T18:23:03.687841Z","store":{"id":"storeA","name":"Alpha Kirana Store"},"items":[{"productId":"prodA1","name":"Aata 1kg","quantity":1}]}]
2026-01-22 00:01:41.084 [39mDEBUG[0;39m [34ce9db6-3001-4dd9-b4c9-d8c8ba1f280b] [http-nio-8080-exec-4] o.s.w.s.m.m.a.RequestMappingHandlerMapping - Mapped to com.bharatshop.customer.CustomerOrderController#list(UserPrincipal)
2026-01-22 00:01:41.086 [34mINFO [0;39m [34ce9db6-3001-4dd9-b4c9-d8c8ba1f280b] [http-nio-8080-exec-4] c.b.config.TenantInterceptor - tenant-context: tenant=tenantA method=GET path=/api/customer/orders
2026-01-22 00:01:41.123 [34mINFO [0;39m [34ce9db6-3001-4dd9-b4c9-d8c8ba1f280b] [http-nio-8080-exec-4] c.b.config.logging.HttpLoggingFilter - GET /api/customer/orders -> 200 (43 ms)
2026-01-22 00:01:41.124 [34mINFO [0;39m [34ce9db6-3001-4dd9-b4c9-d8c8ba1f280b] [http-nio-8080-exec-4] c.b.config.logging.HttpLoggingFilter - Headers: auth=present content-type=null accept=application/json, text/plain, */*
2026-01-22 00:01:41.124 [34mINFO [0;39m [34ce9db6-3001-4dd9-b4c9-d8c8ba1f280b] [http-nio-8080-exec-4] c.b.config.logging.HttpLoggingFilter - Response payload: [{"id":"8f0fbae4-5e5d-4c97-b6ae-48a11533cddb","status":"placed","total":55.0,"createdAt":"2026-01-21T18:31:32.025864Z","store":{"id":"storeA","name":"Alpha Kirana Store"},"items":[{"productId":"prodA1","name":"Aata 1kg","quantity":1}]},{"id":"c1cd4364-9b46-4073-b68e-5ad85fb4d366","status":"placed","total":55.0,"createdAt":"2026-01-21T18:23:03.687841Z","store":{"id":"storeA","name":"Alpha Kirana Store"},"items":[{"productId":"prodA1","name":"Aata 1kg","quantity":1}]}]
2026-01-22 00:01:43.780 [39mDEBUG[0;39m [299fa903-f595-4421-a66b-e09121bd1d42] [http-nio-8080-exec-6] o.s.w.s.m.m.a.RequestMappingHandlerMapping - Mapped to com.bharatshop.customer.CustomerOrderController#detail(String, UserPrincipal)
2026-01-22 00:01:43.780 [34mINFO [0;39m [299fa903-f595-4421-a66b-e09121bd1d42] [http-nio-8080-exec-6] c.b.config.TenantInterceptor - tenant-context: tenant=tenantA method=GET path=/api/customer/orders/8f0fbae4-5e5d-4c97-b6ae-48a11533cddb
2026-01-22 00:01:43.807 [34mINFO [0;39m [299fa903-f595-4421-a66b-e09121bd1d42] [http-nio-8080-exec-6] c.b.config.logging.HttpLoggingFilter - GET /api/customer/orders/8f0fbae4-5e5d-4c97-b6ae-48a11533cddb -> 200 (29 ms)
2026-01-22 00:01:43.808 [34mINFO [0;39m [299fa903-f595-4421-a66b-e09121bd1d42] [http-nio-8080-exec-6] c.b.config.logging.HttpLoggingFilter - Headers: auth=present content-type=null accept=application/json, text/plain, */*
2026-01-22 00:01:43.808 [34mINFO [0;39m [299fa903-f595-4421-a66b-e09121bd1d42] [http-nio-8080-exec-6] c.b.config.logging.HttpLoggingFilter - Response payload: {"id":"8f0fbae4-5e5d-4c97-b6ae-48a11533cddb","status":"placed","total":55.0,"createdAt":"2026-01-21T18:31:32.025864Z","store":{"id":"storeA","name":"Alpha Kirana Store"},"items":[{"productId":"prodA1","name":"Aata 1kg","quantity":1}]}
2026-01-22 00:01:46.020 [39mDEBUG[0;39m [d99d9790-90ae-4a7f-bac9-28a3a2ce1d2c] [http-nio-8080-exec-7] o.s.w.s.m.m.a.RequestMappingHandlerMapping - Mapped to com.bharatshop.storefront.StorefrontController#listProducts(String, String)
2026-01-22 00:01:46.020 [34mINFO [0;39m [d99d9790-90ae-4a7f-bac9-28a3a2ce1d2c] [http-nio-8080-exec-7] c.b.config.TenantInterceptor - tenant-context: tenant=bharatshop.local method=GET path=/api/storefront/products
2026-01-22 00:01:46.021 [34mINFO [0;39m [d99d9790-90ae-4a7f-bac9-28a3a2ce1d2c] [http-nio-8080-exec-7] c.b.storefront.StorefrontController - Customer storefront: list products tenant=bharatshop.local userId=null category=null search=null 
2026-01-22 00:01:46.028 [34mINFO [0;39m [d99d9790-90ae-4a7f-bac9-28a3a2ce1d2c] [http-nio-8080-exec-7] c.b.config.logging.HttpLoggingFilter - GET /api/storefront/products -> 200 (9 ms)
2026-01-22 00:01:46.028 [34mINFO [0;39m [d99d9790-90ae-4a7f-bac9-28a3a2ce1d2c] [http-nio-8080-exec-7] c.b.config.logging.HttpLoggingFilter - Headers: auth=present content-type=null accept=null
2026-01-22 00:01:46.029 [34mINFO [0;39m [d99d9790-90ae-4a7f-bac9-28a3a2ce1d2c] [http-nio-8080-exec-7] c.b.config.logging.HttpLoggingFilter - Response payload: []
2026-01-22 00:01:46.310 [39mDEBUG[0;39m [3e922e45-843a-4042-ab50-b4b149fb90cd] [http-nio-8080-exec-8] o.s.w.s.m.m.a.RequestMappingHandlerMapping - Mapped to com.bharatshop.customer.CustomerOrderController#cancel(String, UserPrincipal)
2026-01-22 00:01:46.310 [34mINFO [0;39m [3e922e45-843a-4042-ab50-b4b149fb90cd] [http-nio-8080-exec-8] c.b.config.TenantInterceptor - tenant-context: tenant=tenantA method=POST path=/api/customer/orders/8f0fbae4-5e5d-4c97-b6ae-48a11533cddb/cancel
2026-01-22 00:01:46.345 [34mINFO [0;39m [3e922e45-843a-4042-ab50-b4b149fb90cd] [http-nio-8080-exec-8] c.b.config.logging.HttpLoggingFilter - POST /api/customer/orders/8f0fbae4-5e5d-4c97-b6ae-48a11533cddb/cancel -> 204 (35 ms)
2026-01-22 00:01:46.345 [34mINFO [0;39m [3e922e45-843a-4042-ab50-b4b149fb90cd] [http-nio-8080-exec-8] c.b.config.logging.HttpLoggingFilter - Headers: auth=present content-type=application/json accept=*/*
2026-01-22 00:01:46.361 [34mINFO [0;39m [] [ForkJoinPool.commonPool-worker-1] c.b.service.NotificationService - No active notification preferences for user de043f1f-c13e-4213-a1a4-2f0272d1b755 in tenant tenantA
2026-01-22 00:06:14.225 [39mDEBUG[0;39m [eec7d69f-d252-4fba-ac00-8547cd8d6dd8] [http-nio-8080-exec-2] o.s.w.s.m.m.a.RequestMappingHandlerMapping - Mapped to com.bharatshop.customer.CustomerOrderController#detail(String, UserPrincipal)
2026-01-22 00:06:14.225 [34mINFO [0;39m [eec7d69f-d252-4fba-ac00-8547cd8d6dd8] [http-nio-8080-exec-2] c.b.config.TenantInterceptor - tenant-context: tenant=tenantA method=GET path=/api/customer/orders/8f0fbae4-5e5d-4c97-b6ae-48a11533cddb
2026-01-22 00:06:14.248 [34mINFO [0;39m [eec7d69f-d252-4fba-ac00-8547cd8d6dd8] [http-nio-8080-exec-2] c.b.config.logging.HttpLoggingFilter - GET /api/customer/orders/8f0fbae4-5e5d-4c97-b6ae-48a11533cddb -> 200 (24 ms)
2026-01-22 00:06:14.249 [34mINFO [0;39m [eec7d69f-d252-4fba-ac00-8547cd8d6dd8] [http-nio-8080-exec-2] c.b.config.logging.HttpLoggingFilter - Headers: auth=present content-type=null accept=application/json, text/plain, */*
2026-01-22 00:06:14.249 [34mINFO [0;39m [eec7d69f-d252-4fba-ac00-8547cd8d6dd8] [http-nio-8080-exec-2] c.b.config.logging.HttpLoggingFilter - Response payload: {"id":"8f0fbae4-5e5d-4c97-b6ae-48a11533cddb","status":"cancelled","total":55.0,"createdAt":"2026-01-21T18:31:32.025864Z","store":{"id":"storeA","name":"Alpha Kirana Store"},"items":[{"productId":"prodA1","name":"Aata 1kg","quantity":1}]}
2026-01-22 00:06:14.267 [39mDEBUG[0;39m [c21d643a-1ee0-4d9c-868a-3d1931f5f5fe] [http-nio-8080-exec-3] o.s.w.s.m.m.a.RequestMappingHandlerMapping - Mapped to com.bharatshop.customer.CustomerOrderController#detail(String, UserPrincipal)
2026-01-22 00:06:14.268 [34mINFO [0;39m [c21d643a-1ee0-4d9c-868a-3d1931f5f5fe] [http-nio-8080-exec-3] c.b.config.TenantInterceptor - tenant-context: tenant=tenantA method=GET path=/api/customer/orders/8f0fbae4-5e5d-4c97-b6ae-48a11533cddb
2026-01-22 00:06:14.285 [34mINFO [0;39m [c21d643a-1ee0-4d9c-868a-3d1931f5f5fe] [http-nio-8080-exec-3] c.b.config.logging.HttpLoggingFilter - GET /api/customer/orders/8f0fbae4-5e5d-4c97-b6ae-48a11533cddb -> 200 (19 ms)
2026-01-22 00:06:14.286 [34mINFO [0;39m [c21d643a-1ee0-4d9c-868a-3d1931f5f5fe] [http-nio-8080-exec-3] c.b.config.logging.HttpLoggingFilter - Headers: auth=present content-type=null accept=application/json, text/plain, */*
2026-01-22 00:06:14.286 [34mINFO [0;39m [c21d643a-1ee0-4d9c-868a-3d1931f5f5fe] [http-nio-8080-exec-3] c.b.config.logging.HttpLoggingFilter - Response payload: {"id":"8f0fbae4-5e5d-4c97-b6ae-48a11533cddb","status":"cancelled","total":55.0,"createdAt":"2026-01-21T18:31:32.025864Z","store":{"id":"storeA","name":"Alpha Kirana Store"},"items":[{"productId":"prodA1","name":"Aata 1kg","quantity":1}]}
2026-01-22 00:06:14.330 [39mDEBUG[0;39m [22be830c-0981-410c-ab51-30b5d3ca72dc] [http-nio-8080-exec-5] o.s.w.s.m.m.a.RequestMappingHandlerMapping - Mapped to com.bharatshop.customer.CustomerOrderController#detail(String, UserPrincipal)
2026-01-22 00:06:14.330 [34mINFO [0;39m [22be830c-0981-410c-ab51-30b5d3ca72dc] [http-nio-8080-exec-5] c.b.config.TenantInterceptor - tenant-context: tenant=tenantA method=GET path=/api/customer/orders/8f0fbae4-5e5d-4c97-b6ae-48a11533cddb
2026-01-22 00:06:14.347 [34mINFO [0;39m [22be830c-0981-410c-ab51-30b5d3ca72dc] [http-nio-8080-exec-5] c.b.config.logging.HttpLoggingFilter - GET /api/customer/orders/8f0fbae4-5e5d-4c97-b6ae-48a11533cddb -> 200 (18 ms)
2026-01-22 00:06:14.348 [34mINFO [0;39m [22be830c-0981-410c-ab51-30b5d3ca72dc] [http-nio-8080-exec-5] c.b.config.logging.HttpLoggingFilter - Headers: auth=present content-type=null accept=application/json, text/plain, */*
2026-01-22 00:06:14.348 [34mINFO [0;39m [22be830c-0981-410c-ab51-30b5d3ca72dc] [http-nio-8080-exec-5] c.b.config.logging.HttpLoggingFilter - Response payload: {"id":"8f0fbae4-5e5d-4c97-b6ae-48a11533cddb","status":"cancelled","total":55.0,"createdAt":"2026-01-21T18:31:32.025864Z","store":{"id":"storeA","name":"Alpha Kirana Store"},"items":[{"productId":"prodA1","name":"Aata 1kg","quantity":1}]}
2026-01-22 00:08:34.554 [39mDEBUG[0;39m [31a72c89-8b06-441c-a3be-e1b57a8ad113] [http-nio-8080-exec-8] o.s.w.s.m.m.a.RequestMappingHandlerMapping - Mapped to com.bharatshop.auth.AuthController#sendOtp(Map)
2026-01-22 00:08:34.555 [34mINFO [0;39m [31a72c89-8b06-441c-a3be-e1b57a8ad113] [http-nio-8080-exec-8] c.b.config.TenantInterceptor - tenant-context: tenant=tenantA method=POST path=/api/auth/send-otp
2026-01-22 00:08:34.557 [34mINFO [0;39m [31a72c89-8b06-441c-a3be-e1b57a8ad113] [http-nio-8080-exec-8] com.bharatshop.auth.AuthController - OTP send requested: phone=9876543210
2026-01-22 00:08:34.557 [34mINFO [0;39m [31a72c89-8b06-441c-a3be-e1b57a8ad113] [http-nio-8080-exec-8] com.bharatshop.service.AuthService - Sending OTP to phone=9876543210
2026-01-22 00:08:34.558 [34mINFO [0;39m [31a72c89-8b06-441c-a3be-e1b57a8ad113] [http-nio-8080-exec-8] com.bharatshop.service.AuthService - OTP generated: otpId=5372ebe1-a926-4d6b-bc97-e3a3f8b42aa9 expiresAt=1769020834558
2026-01-22 00:08:34.561 [34mINFO [0;39m [31a72c89-8b06-441c-a3be-e1b57a8ad113] [http-nio-8080-exec-8] c.b.config.logging.HttpLoggingFilter - POST /api/auth/send-otp -> 200 (6 ms)
2026-01-22 00:08:34.561 [34mINFO [0;39m [31a72c89-8b06-441c-a3be-e1b57a8ad113] [http-nio-8080-exec-8] c.b.config.logging.HttpLoggingFilter - Headers: auth=absent content-type=application/json accept=*/*
2026-01-22 00:08:34.561 [34mINFO [0;39m [31a72c89-8b06-441c-a3be-e1b57a8ad113] [http-nio-8080-exec-8] c.b.config.logging.HttpLoggingFilter - Request payload: { "phone": "9876543210" }
2026-01-22 00:08:34.561 [34mINFO [0;39m [31a72c89-8b06-441c-a3be-e1b57a8ad113] [http-nio-8080-exec-8] c.b.config.logging.HttpLoggingFilter - Response payload: {"otpId":"5372ebe1-a926-4d6b-bc97-e3a3f8b42aa9","otp":"299306","ttlSeconds":120,"success":true}
2026-01-22 00:16:59.878 [31mWARN [0;39m [fd99b631-f832-4f39-9bb3-d87255e91273] [http-nio-8080-exec-10] o.s.b.a.mail.MailHealthIndicator - Mail health check failed
jakarta.mail.AuthenticationFailedException: failed to connect, no password specified?
	at jakarta.mail.Service.connect(Service.java:379)
	at org.springframework.mail.javamail.JavaMailSenderImpl.connectTransport(JavaMailSenderImpl.java:480)
	at org.springframework.mail.javamail.JavaMailSenderImpl.testConnection(JavaMailSenderImpl.java:360)
	at org.springframework.boot.actuate.mail.MailHealthIndicator.doHealthCheck(MailHealthIndicator.java:52)
	at org.springframework.boot.actuate.health.AbstractHealthIndicator.health(AbstractHealthIndicator.java:82)
	at org.springframework.boot.actuate.health.HealthIndicator.getHealth(HealthIndicator.java:37)
	at org.springframework.boot.actuate.health.HealthEndpointWebExtension.getHealth(HealthEndpointWebExtension.java:94)
	at org.springframework.boot.actuate.health.HealthEndpointWebExtension.getHealth(HealthEndpointWebExtension.java:47)
	at org.springframework.boot.actuate.health.HealthEndpointSupport.getLoggedHealth(HealthEndpointSupport.java:172)
	at org.springframework.boot.actuate.health.HealthEndpointSupport.getContribution(HealthEndpointSupport.java:145)
	at org.springframework.boot.actuate.health.HealthEndpointSupport.getAggregateContribution(HealthEndpointSupport.java:156)
	at org.springframework.boot.actuate.health.HealthEndpointSupport.getContribution(HealthEndpointSupport.java:141)
	at org.springframework.boot.actuate.health.HealthEndpointSupport.getHealth(HealthEndpointSupport.java:110)
	at org.springframework.boot.actuate.health.HealthEndpointSupport.getHealth(HealthEndpointSupport.java:81)
	at org.springframework.boot.actuate.health.HealthEndpointWebExtension.health(HealthEndpointWebExtension.java:80)
	at org.springframework.boot.actuate.health.HealthEndpointWebExtension.health(HealthEndpointWebExtension.java:69)
	at java.base/jdk.internal.reflect.NativeMethodAccessorImpl.invoke0(Native Method)
	at java.base/jdk.internal.reflect.NativeMethodAccessorImpl.invoke(NativeMethodAccessorImpl.java:77)
	at java.base/jdk.internal.reflect.DelegatingMethodAccessorImpl.invoke(DelegatingMethodAccessorImpl.java:43)
	at java.base/java.lang.reflect.Method.invoke(Method.java:568)
	at org.springframework.util.ReflectionUtils.invokeMethod(ReflectionUtils.java:281)
	at org.springframework.boot.actuate.endpoint.invoke.reflect.ReflectiveOperationInvoker.invoke(ReflectiveOperationInvoker.java:74)
	at org.springframework.boot.actuate.endpoint.annotation.AbstractDiscoveredOperation.invoke(AbstractDiscoveredOperation.java:60)
	at org.springframework.boot.actuate.endpoint.web.servlet.AbstractWebMvcEndpointHandlerMapping$ServletWebOperationAdapter.handle(AbstractWebMvcEndpointHandlerMapping.java:327)
	at org.springframework.boot.actuate.endpoint.web.servlet.AbstractWebMvcEndpointHandlerMapping$OperationHandler.handle(AbstractWebMvcEndpointHandlerMapping.java:434)
	at java.base/jdk.internal.reflect.NativeMethodAccessorImpl.invoke0(Native Method)
	at java.base/jdk.internal.reflect.NativeMethodAccessorImpl.invoke(NativeMethodAccessorImpl.java:77)
	at java.base/jdk.internal.reflect.DelegatingMethodAccessorImpl.invoke(DelegatingMethodAccessorImpl.java:43)
	at java.base/java.lang.reflect.Method.invoke(Method.java:568)
	at org.springframework.web.method.support.InvocableHandlerMethod.doInvoke(InvocableHandlerMethod.java:255)
	at org.springframework.web.method.support.InvocableHandlerMethod.invokeForRequest(InvocableHandlerMethod.java:188)
	at org.springframework.web.servlet.mvc.method.annotation.ServletInvocableHandlerMethod.invokeAndHandle(ServletInvocableHandlerMethod.java:118)
	at org.springframework.web.servlet.mvc.method.annotation.RequestMappingHandlerAdapter.invokeHandlerMethod(RequestMappingHandlerAdapter.java:926)
	at org.springframework.web.servlet.mvc.method.annotation.RequestMappingHandlerAdapter.handleInternal(RequestMappingHandlerAdapter.java:831)
	at org.springframework.web.servlet.mvc.method.AbstractHandlerMethodAdapter.handle(AbstractHandlerMethodAdapter.java:87)
	at org.springframework.web.servlet.DispatcherServlet.doDispatch(DispatcherServlet.java:1089)
	at org.springframework.web.servlet.DispatcherServlet.doService(DispatcherServlet.java:979)
	at org.springframework.web.servlet.FrameworkServlet.processRequest(FrameworkServlet.java:1014)
	at org.springframework.web.servlet.FrameworkServlet.doGet(FrameworkServlet.java:903)
	at jakarta.servlet.http.HttpServlet.service(HttpServlet.java:564)
	at org.springframework.web.servlet.FrameworkServlet.service(FrameworkServlet.java:885)
	at jakarta.servlet.http.HttpServlet.service(HttpServlet.java:658)
	at org.apache.catalina.core.ApplicationFilterChain.internalDoFilter(ApplicationFilterChain.java:195)
	at org.apache.catalina.core.ApplicationFilterChain.doFilter(ApplicationFilterChain.java:140)
	at org.apache.tomcat.websocket.server.WsFilter.doFilter(WsFilter.java:51)
	at org.apache.catalina.core.ApplicationFilterChain.internalDoFilter(ApplicationFilterChain.java:164)
	at org.apache.catalina.core.ApplicationFilterChain.doFilter(ApplicationFilterChain.java:140)
	at org.springframework.web.filter.OncePerRequestFilter.doFilter(OncePerRequestFilter.java:101)
	at org.apache.catalina.core.ApplicationFilterChain.internalDoFilter(ApplicationFilterChain.java:164)
	at org.apache.catalina.core.ApplicationFilterChain.doFilter(ApplicationFilterChain.java:140)
	at com.bharatshop.config.TenantFilter.doFilterInternal(TenantFilter.java:41)
	at org.springframework.web.filter.OncePerRequestFilter.doFilter(OncePerRequestFilter.java:116)
	at org.apache.catalina.core.ApplicationFilterChain.internalDoFilter(ApplicationFilterChain.java:164)
	at org.apache.catalina.core.ApplicationFilterChain.doFilter(ApplicationFilterChain.java:140)
	at com.bharatshop.config.IdempotencyFilter.doFilterInternal(IdempotencyFilter.java:54)
	at org.springframework.web.filter.OncePerRequestFilter.doFilter(OncePerRequestFilter.java:116)
	at org.apache.catalina.core.ApplicationFilterChain.internalDoFilter(ApplicationFilterChain.java:164)
	at org.apache.catalina.core.ApplicationFilterChain.doFilter(ApplicationFilterChain.java:140)
	at com.bharatshop.config.logging.HttpLoggingFilter.doFilterInternal(HttpLoggingFilter.java:32)
	at org.springframework.web.filter.OncePerRequestFilter.doFilter(OncePerRequestFilter.java:116)
	at org.apache.catalina.core.ApplicationFilterChain.internalDoFilter(ApplicationFilterChain.java:164)
	at org.apache.catalina.core.ApplicationFilterChain.doFilter(ApplicationFilterChain.java:140)
	at com.bharatshop.config.logging.CorrelationIdFilter.doFilterInternal(CorrelationIdFilter.java:29)
	at org.springframework.web.filter.OncePerRequestFilter.doFilter(OncePerRequestFilter.java:116)
	at org.apache.catalina.core.ApplicationFilterChain.internalDoFilter(ApplicationFilterChain.java:164)
	at org.apache.catalina.core.ApplicationFilterChain.doFilter(ApplicationFilterChain.java:140)
	at org.springframework.web.filter.CompositeFilter$VirtualFilterChain.doFilter(CompositeFilter.java:108)
	at org.springframework.security.web.FilterChainProxy.lambda$doFilterInternal$3(FilterChainProxy.java:231)
	at org.springframework.security.web.ObservationFilterChainDecorator$FilterObservation$SimpleFilterObservation.lambda$wrap$1(ObservationFilterChainDecorator.java:479)
	at org.springframework.security.web.ObservationFilterChainDecorator$AroundFilterObservation$SimpleAroundFilterObservation.lambda$wrap$1(ObservationFilterChainDecorator.java:340)
	at org.springframework.security.web.ObservationFilterChainDecorator.lambda$wrapSecured$0(ObservationFilterChainDecorator.java:82)
	at org.springframework.security.web.ObservationFilterChainDecorator$VirtualFilterChain.doFilter(ObservationFilterChainDecorator.java:128)
	at org.springframework.security.web.access.intercept.AuthorizationFilter.doFilter(AuthorizationFilter.java:100)
	at org.springframework.security.web.ObservationFilterChainDecorator$ObservationFilter.wrapFilter(ObservationFilterChainDecorator.java:240)
	at org.springframework.security.web.ObservationFilterChainDecorator$ObservationFilter.doFilter(ObservationFilterChainDecorator.java:227)
	at org.springframework.security.web.ObservationFilterChainDecorator$VirtualFilterChain.doFilter(ObservationFilterChainDecorator.java:137)
	at org.springframework.security.web.access.ExceptionTranslationFilter.doFilter(ExceptionTranslationFilter.java:126)
	at org.springframework.security.web.access.ExceptionTranslationFilter.doFilter(ExceptionTranslationFilter.java:120)
	at org.springframework.security.web.ObservationFilterChainDecorator$ObservationFilter.wrapFilter(ObservationFilterChainDecorator.java:240)
	at org.springframework.security.web.ObservationFilterChainDecorator$ObservationFilter.doFilter(ObservationFilterChainDecorator.java:227)
	at org.springframework.security.web.ObservationFilterChainDecorator$VirtualFilterChain.doFilter(ObservationFilterChainDecorator.java:137)
	at org.springframework.security.web.authentication.AnonymousAuthenticationFilter.doFilter(AnonymousAuthenticationFilter.java:100)
	at org.springframework.security.web.ObservationFilterChainDecorator$ObservationFilter.wrapFilter(ObservationFilterChainDecorator.java:240)
	at org.springframework.security.web.ObservationFilterChainDecorator$ObservationFilter.doFilter(ObservationFilterChainDecorator.java:227)
	at org.springframework.security.web.ObservationFilterChainDecorator$VirtualFilterChain.doFilter(ObservationFilterChainDecorator.java:137)
	at org.springframework.security.web.servletapi.SecurityContextHolderAwareRequestFilter.doFilter(SecurityContextHolderAwareRequestFilter.java:179)
	at org.springframework.security.web.ObservationFilterChainDecorator$ObservationFilter.wrapFilter(ObservationFilterChainDecorator.java:240)
	at org.springframework.security.web.ObservationFilterChainDecorator$ObservationFilter.doFilter(ObservationFilterChainDecorator.java:227)
	at org.springframework.security.web.ObservationFilterChainDecorator$VirtualFilterChain.doFilter(ObservationFilterChainDecorator.java:137)
	at org.springframework.security.web.savedrequest.RequestCacheAwareFilter.doFilter(RequestCacheAwareFilter.java:63)
	at org.springframework.security.web.ObservationFilterChainDecorator$ObservationFilter.wrapFilter(ObservationFilterChainDecorator.java:240)
	at org.springframework.security.web.ObservationFilterChainDecorator$ObservationFilter.doFilter(ObservationFilterChainDecorator.java:227)
	at org.springframework.security.web.ObservationFilterChainDecorator$VirtualFilterChain.doFilter(ObservationFilterChainDecorator.java:137)
	at org.springframework.web.filter.OncePerRequestFilter.doFilter(OncePerRequestFilter.java:101)
	at org.springframework.security.web.ObservationFilterChainDecorator$ObservationFilter.wrapFilter(ObservationFilterChainDecorator.java:240)
	at org.springframework.security.web.ObservationFilterChainDecorator$ObservationFilter.doFilter(ObservationFilterChainDecorator.java:227)
	at org.springframework.security.web.ObservationFilterChainDecorator$VirtualFilterChain.doFilter(ObservationFilterChainDecorator.java:137)
	at org.springframework.security.web.authentication.logout.LogoutFilter.doFilter(LogoutFilter.java:107)
	at org.springframework.security.web.authentication.logout.LogoutFilter.doFilter(LogoutFilter.java:93)
	at org.springframework.security.web.ObservationFilterChainDecorator$ObservationFilter.wrapFilter(ObservationFilterChainDecorator.java:240)
	at org.springframework.security.web.ObservationFilterChainDecorator$ObservationFilter.doFilter(ObservationFilterChainDecorator.java:227)
	at org.springframework.security.web.ObservationFilterChainDecorator$VirtualFilterChain.doFilter(ObservationFilterChainDecorator.java:137)
	at org.springframework.web.filter.CorsFilter.doFilterInternal(CorsFilter.java:91)
	at org.springframework.web.filter.OncePerRequestFilter.doFilter(OncePerRequestFilter.java:116)
	at org.springframework.security.web.ObservationFilterChainDecorator$ObservationFilter.wrapFilter(ObservationFilterChainDecorator.java:240)
	at org.springframework.security.web.ObservationFilterChainDecorator$ObservationFilter.doFilter(ObservationFilterChainDecorator.java:227)
	at org.springframework.security.web.ObservationFilterChainDecorator$VirtualFilterChain.doFilter(ObservationFilterChainDecorator.java:137)
	at org.springframework.security.web.header.HeaderWriterFilter.doHeadersAfter(HeaderWriterFilter.java:90)
	at org.springframework.security.web.header.HeaderWriterFilter.doFilterInternal(HeaderWriterFilter.java:75)
	at org.springframework.web.filter.OncePerRequestFilter.doFilter(OncePerRequestFilter.java:116)
	at org.springframework.security.web.ObservationFilterChainDecorator$ObservationFilter.wrapFilter(ObservationFilterChainDecorator.java:240)
	at org.springframework.security.web.ObservationFilterChainDecorator$ObservationFilter.doFilter(ObservationFilterChainDecorator.java:227)
	at org.springframework.security.web.ObservationFilterChainDecorator$VirtualFilterChain.doFilter(ObservationFilterChainDecorator.java:137)
	at org.springframework.security.web.context.SecurityContextHolderFilter.doFilter(SecurityContextHolderFilter.java:82)
	at org.springframework.security.web.context.SecurityContextHolderFilter.doFilter(SecurityContextHolderFilter.java:69)
	at org.springframework.security.web.ObservationFilterChainDecorator$ObservationFilter.wrapFilter(ObservationFilterChainDecorator.java:240)
	at org.springframework.security.web.ObservationFilterChainDecorator$ObservationFilter.doFilter(ObservationFilterChainDecorator.java:227)
	at org.springframework.security.web.ObservationFilterChainDecorator$VirtualFilterChain.doFilter(ObservationFilterChainDecorator.java:137)
	at org.springframework.security.web.context.request.async.WebAsyncManagerIntegrationFilter.doFilterInternal(WebAsyncManagerIntegrationFilter.java:62)
	at org.springframework.web.filter.OncePerRequestFilter.doFilter(OncePerRequestFilter.java:116)
	at org.springframework.security.web.ObservationFilterChainDecorator$ObservationFilter.wrapFilter(ObservationFilterChainDecorator.java:240)
	at org.springframework.security.web.ObservationFilterChainDecorator$ObservationFilter.doFilter(ObservationFilterChainDecorator.java:227)
	at org.springframework.security.web.ObservationFilterChainDecorator$VirtualFilterChain.doFilter(ObservationFilterChainDecorator.java:137)
	at org.springframework.security.web.session.DisableEncodeUrlFilter.doFilterInternal(DisableEncodeUrlFilter.java:42)
	at org.springframework.web.filter.OncePerRequestFilter.doFilter(OncePerRequestFilter.java:116)
	at org.springframework.security.web.ObservationFilterChainDecorator$ObservationFilter.wrapFilter(ObservationFilterChainDecorator.java:240)
	at org.springframework.security.web.ObservationFilterChainDecorator$AroundFilterObservation$SimpleAroundFilterObservation.lambda$wrap$0(ObservationFilterChainDecorator.java:323)
	at org.springframework.security.web.ObservationFilterChainDecorator$ObservationFilter.doFilter(ObservationFilterChainDecorator.java:224)
	at org.springframework.security.web.ObservationFilterChainDecorator$VirtualFilterChain.doFilter(ObservationFilterChainDecorator.java:137)
	at org.springframework.security.web.FilterChainProxy.doFilterInternal(FilterChainProxy.java:233)
	at org.springframework.security.web.FilterChainProxy.doFilter(FilterChainProxy.java:191)
	at org.springframework.web.filter.CompositeFilter$VirtualFilterChain.doFilter(CompositeFilter.java:113)
	at org.springframework.web.servlet.handler.HandlerMappingIntrospector.lambda$createCacheFilter$3(HandlerMappingIntrospector.java:195)
	at org.springframework.web.filter.CompositeFilter$VirtualFilterChain.doFilter(CompositeFilter.java:113)
	at org.springframework.web.filter.CompositeFilter.doFilter(CompositeFilter.java:74)
	at org.springframework.security.config.annotation.web.configuration.WebMvcSecurityConfiguration$CompositeFilterChainProxy.doFilter(WebMvcSecurityConfiguration.java:230)
	at org.springframework.web.filter.DelegatingFilterProxy.invokeDelegate(DelegatingFilterProxy.java:352)
	at org.springframework.web.filter.DelegatingFilterProxy.doFilter(DelegatingFilterProxy.java:268)
	at org.apache.catalina.core.ApplicationFilterChain.internalDoFilter(ApplicationFilterChain.java:164)
	at org.apache.catalina.core.ApplicationFilterChain.doFilter(ApplicationFilterChain.java:140)
	at org.springframework.web.filter.RequestContextFilter.doFilterInternal(RequestContextFilter.java:100)
	at org.springframework.web.filter.OncePerRequestFilter.doFilter(OncePerRequestFilter.java:116)
	at org.apache.catalina.core.ApplicationFilterChain.internalDoFilter(ApplicationFilterChain.java:164)
	at org.apache.catalina.core.ApplicationFilterChain.doFilter(ApplicationFilterChain.java:140)
	at org.springframework.web.filter.FormContentFilter.doFilterInternal(FormContentFilter.java:93)
	at org.springframework.web.filter.OncePerRequestFilter.doFilter(OncePerRequestFilter.java:116)
	at org.apache.catalina.core.ApplicationFilterChain.internalDoFilter(ApplicationFilterChain.java:164)
	at org.apache.catalina.core.ApplicationFilterChain.doFilter(ApplicationFilterChain.java:140)
	at org.springframework.web.filter.ServerHttpObservationFilter.doFilterInternal(ServerHttpObservationFilter.java:113)
	at org.springframework.web.filter.OncePerRequestFilter.doFilter(OncePerRequestFilter.java:116)
	at org.apache.catalina.core.ApplicationFilterChain.internalDoFilter(ApplicationFilterChain.java:164)
	at org.apache.catalina.core.ApplicationFilterChain.doFilter(ApplicationFilterChain.java:140)
	at org.springframework.web.filter.CharacterEncodingFilter.doFilterInternal(CharacterEncodingFilter.java:201)
	at org.springframework.web.filter.OncePerRequestFilter.doFilter(OncePerRequestFilter.java:116)
	at org.apache.catalina.core.ApplicationFilterChain.internalDoFilter(ApplicationFilterChain.java:164)
	at org.apache.catalina.core.ApplicationFilterChain.doFilter(ApplicationFilterChain.java:140)
	at org.apache.catalina.core.StandardWrapperValve.invoke(StandardWrapperValve.java:167)
	at org.apache.catalina.core.StandardContextValve.invoke(StandardContextValve.java:90)
	at org.apache.catalina.authenticator.AuthenticatorBase.invoke(AuthenticatorBase.java:483)
	at org.apache.catalina.core.StandardHostValve.invoke(StandardHostValve.java:115)
	at org.apache.catalina.valves.ErrorReportValve.invoke(ErrorReportValve.java:93)
	at org.apache.catalina.core.StandardEngineValve.invoke(StandardEngineValve.java:74)
	at org.apache.catalina.valves.AbstractAccessLogValve.invoke(AbstractAccessLogValve.java:663)
	at org.apache.catalina.connector.CoyoteAdapter.service(CoyoteAdapter.java:344)
	at org.apache.coyote.http11.Http11Processor.service(Http11Processor.java:384)
	at org.apache.coyote.AbstractProcessorLight.process(AbstractProcessorLight.java:63)
	at org.apache.coyote.AbstractProtocol$ConnectionHandler.process(AbstractProtocol.java:905)
	at org.apache.tomcat.util.net.NioEndpoint$SocketProcessor.doRun(NioEndpoint.java:1741)
	at org.apache.tomcat.util.net.SocketProcessorBase.run(SocketProcessorBase.java:52)
	at org.apache.tomcat.util.threads.ThreadPoolExecutor.runWorker(ThreadPoolExecutor.java:1190)
	at org.apache.tomcat.util.threads.ThreadPoolExecutor$Worker.run(ThreadPoolExecutor.java:659)
	at org.apache.tomcat.util.threads.TaskThread$WrappingRunnable.run(TaskThread.java:63)
	at java.base/java.lang.Thread.run(Thread.java:842)
2026-01-22 00:16:59.906 [34mINFO [0;39m [fd99b631-f832-4f39-9bb3-d87255e91273] [http-nio-8080-exec-10] c.b.config.logging.HttpLoggingFilter - GET /actuator/health -> 503 (127 ms)
2026-01-22 00:16:59.907 [34mINFO [0;39m [fd99b631-f832-4f39-9bb3-d87255e91273] [http-nio-8080-exec-10] c.b.config.logging.HttpLoggingFilter - Headers: auth=absent content-type=null accept=null
2026-01-22 00:16:59.907 [34mINFO [0;39m [fd99b631-f832-4f39-9bb3-d87255e91273] [http-nio-8080-exec-10] c.b.config.logging.HttpLoggingFilter - Response payload: {"status":"DOWN","components":{"db":{"status":"UP","details":{"database":"MySQL","validationQuery":"isValid()"}},"diskSpace":{"status":"UP","details":{"total":511023509504,"free":149757067264,"threshold":10485760,"path":"C:\\Users\\Adarsh\\Downloads\\bharatshop-backend\\.","exists":true}},"mail":{"status":"DOWN","details":{"location":":587","error":"jakarta.mail.AuthenticationFailedException: failed to connect, no password specified?"}},"ping":{"status":"UP"}}}
2026-01-22 00:17:00.080 [39mDEBUG[0;39m [bc1920c5-dc59-4c7d-8c42-ab54289877e1] [http-nio-8080-exec-1] o.s.w.s.m.m.a.RequestMappingHandlerMapping - Mapped to org.springdoc.webmvc.api.OpenApiWebMvcResource#openapiJson(HttpServletRequest, String, Locale)
2026-01-22 00:17:01.963 [34mINFO [0;39m [bc1920c5-dc59-4c7d-8c42-ab54289877e1] [http-nio-8080-exec-1] o.s.api.AbstractOpenApiResource - Init duration for springdoc-openapi is: 1872 ms
2026-01-22 00:17:02.038 [34mINFO [0;39m [bc1920c5-dc59-4c7d-8c42-ab54289877e1] [http-nio-8080-exec-1] c.b.config.logging.HttpLoggingFilter - GET /v3/api-docs -> 200 (1959 ms)
2026-01-22 00:17:02.039 [34mINFO [0;39m [bc1920c5-dc59-4c7d-8c42-ab54289877e1] [http-nio-8080-exec-1] c.b.config.logging.HttpLoggingFilter - Headers: auth=absent content-type=null accept=null
2026-01-22 00:17:02.039 [34mINFO [0;39m [bc1920c5-dc59-4c7d-8c42-ab54289877e1] [http-nio-8080-exec-1] c.b.config.logging.HttpLoggingFilter - Response payload: {"openapi":"3.0.1","info":{"title":"OpenAPI definition","version":"v0"},"servers":[{"url":"http://localhost:8080","description":"Generated server url"}],"paths":{"/api/tenant/config/{configKey}":{"get":{"tags":["tenant-configuration-controller"],"operationId":"getConfiguration","parameters":[{"name":"configKey","in":"path","required":true,"schema":{"type":"string"}}],"responses":{"200":{"description":"OK","content":{"*/*":{"schema":{"type":"object","additionalProperties":{"type":"object"}}}}}}},"put":{"tags":["tenant-configuration-controller"],"operationId":"updateConfiguration","parameters":[{"name":"configKey","in":"path","required":true,"schema":{"type":"string"}}],"requestBody":{"content":{"application/json":{"schema":{"type":"object","additionalProperties":{"type":"object"}}}},"required":true},"responses":{"200":{"description":"OK","content":{"*/*":{"schema":{"type":"object","additionalProperties":{"type":"object"}}}}}}},"delete":{"tags":["tenant-configuration-controller"],"operationId":"deleteConfiguration","parameters":[{"name":"configKey","in":"path","required":true,"schema":{"type":"string"}}],"responses":{"200":{"description":"OK","content":{"*/*":{"schema":{"type":"object","additionalProperties":{"type":"object"}}}}}}}},"/api/admin/zones/{zoneId}":{"put":{"tags":["admin-zone-controller"],"operationId":"update","parameters":[{"name":"zoneId","in":"path","required":true,"schema":{"type":"string"}}],"requestBody":{"content":{"application/json":{"schema":{"type":"object","additionalProperties":{"type":"object"}}}},"required":true},"responses":{"200":{"description":"OK","content":{"*/*":{"schema":{"type":"object"}}}}}},"delete":{"tags":["admin-zone-controller"],"operationId":"delete_2","parameters":[{"name":"zoneId","in":"path","required":true,"schema":{"type":"string"}}],"responses":{"200":{"description":"OK","content":{"*/*":{"schema":{"type":"object"}}}}}}},"/store/payments/webhook":{"post":{"tags":["store-payments-controller"],"operationId":"webhook","requestBody":{"content":{"application/json":{"schema":{"type":"object","additionalProperties":{"type":"object"}}}},"required":true},"responses":{"200":{"description":"OK","content":{"*/*":{"schema":{"type":"object"}}}}}}},"/store/payments/verify":{"post":{"tags":["store-payments-controller"],"operationId":"verify","requestBody":{"content":{"application/json":{"schema":{"type":"object","additionalProperties":{"type":"object"}}}},"required":true},"responses":{"200":{"description":"OK","content":{"*/*":{"schema":{"type":"object"}}}}}}},"/store/payments/initiate":{"post":{"tags":["store-payments-controller"],"operationId":"initiate","requestBody":{"content":{"application/json":{"schema":{"type":"object","additionalProperties":{"type":"object"}}}},"required":true},"responses":{"200":{"description":"OK","content":{"*/*":{"schema":{"type":"object"}}}}}}},"/api/zones":{"get":{"tags":["zone-controller"],"operationId":"list","parameters":[{"name":"tenantId","in":"query","required":false,"schema":{"type":"string"}}],"responses":{"200":{"description":"OK","content":{"*/*":{"schema":{"type":"object"}}}}}},"post":{"tags":["zone-controller"],"operationId":"create","requestBody":{"content":{"application/json":{"schema":{"type":"object","additionalProperties":{"type":"object"}}}},"required":true},"responses":{"200":{"description":"OK","content":{"*/*":{"schema":{"type":"object"}}}}}}},"/api/zones/attach-store":{"post":{"tags":["zone-controller"],"operationId":"attachStore","requestBody":{"content":{"application/json":{"schema":{"type":"object","additionalProperties":{"type":"string"}}}},"required":true},"responses":{"200":{"description":"OK","content":{"*/*":{"schema":{"type":"object"}}}}}}},"/api/zones/attach-rider":{"post":{"tags":["zone-controller"],"operationId":"attachRider","requestBody":{"content":{"application/json":{"schema":{"type":"object","additionalProperties":{"type":"string"}}}},"required":true},"responses":{"200":{"description":"OK","content":{"*/*":{"schema":{"type":"object"}}}}}}},"/api/user/switch-role":{"post":{"tags":["user-controller"],"operationId":"switchRo... (truncated)
2026-01-22 00:17:02.215 [39mDEBUG[0;39m [986734dd-8a74-437f-9169-edf54e8b2366] [http-nio-8080-exec-2] o.s.w.s.m.m.a.RequestMappingHandlerMapping - Mapped to com.bharatshop.storefront.StorefrontAuthController#login(LoginRequest)
2026-01-22 00:17:02.215 [34mINFO [0;39m [986734dd-8a74-437f-9169-edf54e8b2366] [http-nio-8080-exec-2] c.b.config.TenantInterceptor - tenant-context: tenant=tenantA method=POST path=/api/storefront/auth/login
2026-01-22 00:17:02.306 [34mINFO [0;39m [986734dd-8a74-437f-9169-edf54e8b2366] [http-nio-8080-exec-2] c.b.s.StorefrontAuthController - Login storefront customer: email=sf_20260122001659@example.com
2026-01-22 00:17:02.307 [34mINFO [0;39m [986734dd-8a74-437f-9169-edf54e8b2366] [http-nio-8080-exec-2] com.bharatshop.service.AuthService - Login (storefront) attempt: email=sf_20260122001659@example.com
2026-01-22 00:17:02.617 [34mINFO [0;39m [986734dd-8a74-437f-9169-edf54e8b2366] [http-nio-8080-exec-2] com.bharatshop.service.AuthService - Session created: userId=f96e35a5-51c9-4d61-a4bb-9cbe8aa16e6e activeRole=CUSTOMER
2026-01-22 00:17:02.617 [34mINFO [0;39m [986734dd-8a74-437f-9169-edf54e8b2366] [http-nio-8080-exec-2] com.bharatshop.service.AuthService - Login (storefront) success: userId=f96e35a5-51c9-4d61-a4bb-9cbe8aa16e6e token=eyJhbGciOiJIUzI1NiIsInR5cCI6IkpXVCJ9.eyJzdWIiOiJmOTZlMzVhNS01MWM5LTRkNjEtYTRiYi05Y2JlOGFhMTZlNmUiLCJpc3MiOiJiaGFyYXRzaG9wIiwiYXVkIjoiYmhhcmF0c2hvcC1jbGllbnRzIiwibmFtZSI6InNmXzIwMjYwMTIyMDAxNjU5Iiwicm9sZSI6IkNVU1RPTUVSIiwidGVuYW50SWQiOiJ0ZW5hbnRBIiwiYWN0aXZlUm9sZSI6IkNVU1RPTUVSIiwicm9sZXMiOlsiQ1VTVE9NRVIiXSwiaWF0IjoxNzY5MDIxMjIyLCJleHAiOjE3NjkwMjQ4MjJ9.qmEk_r9Bz-qLbbtEIpzNymfGKEO5oDkbdngaJEKdw7Y activeRole=CUSTOMER
2026-01-22 00:17:02.626 [34mINFO [0;39m [986734dd-8a74-437f-9169-edf54e8b2366] [http-nio-8080-exec-2] c.b.s.StorefrontAuthController - Storefront login success: userId=f96e35a5-51c9-4d61-a4bb-9cbe8aa16e6e role=CUSTOMER
2026-01-22 00:17:02.628 [34mINFO [0;39m [986734dd-8a74-437f-9169-edf54e8b2366] [http-nio-8080-exec-2] c.b.config.logging.HttpLoggingFilter - POST /api/storefront/auth/login -> 200 (414 ms)
2026-01-22 00:17:02.628 [34mINFO [0;39m [986734dd-8a74-437f-9169-edf54e8b2366] [http-nio-8080-exec-2] c.b.config.logging.HttpLoggingFilter - Headers: auth=absent content-type=application/json accept=null
2026-01-22 00:17:02.629 [34mINFO [0;39m [986734dd-8a74-437f-9169-edf54e8b2366] [http-nio-8080-exec-2] c.b.config.logging.HttpLoggingFilter - Request payload: {
    "password":  "Passw0rd!",
    "email":  "sf_20260122001659@example.com"
}
2026-01-22 00:17:02.629 [34mINFO [0;39m [986734dd-8a74-437f-9169-edf54e8b2366] [http-nio-8080-exec-2] c.b.config.logging.HttpLoggingFilter - Response payload: {"user":{"id":"f96e35a5-51c9-4d61-a4bb-9cbe8aa16e6e","name":"sf_20260122001659","email":"sf_20260122001659@example.com","phone":null,"role":"CUSTOMER","tenantId":"tenantA"},"token":"eyJhbGciOiJIUzI1NiIsInR5cCI6IkpXVCJ9.eyJzdWIiOiJmOTZlMzVhNS01MWM5LTRkNjEtYTRiYi05Y2JlOGFhMTZlNmUiLCJpc3MiOiJiaGFyYXRzaG9wIiwiYXVkIjoiYmhhcmF0c2hvcC1jbGllbnRzIiwibmFtZSI6InNmXzIwMjYwMTIyMDAxNjU5Iiwicm9sZSI6IkNVU1RPTUVSIiwidGVuYW50SWQiOiJ0ZW5hbnRBIiwiYWN0aXZlUm9sZSI6IkNVU1RPTUVSIiwicm9sZXMiOlsiQ1VTVE9NRVIiXSwiaWF0IjoxNzY5MDIxMjIyLCJleHAiOjE3NjkwMjQ4MjJ9.qmEk_r9Bz-qLbbtEIpzNymfGKEO5oDkbdngaJEKdw7Y"}
2026-01-22 00:20:17.291 [34mINFO [0;39m [] [main] c.bharatshop.BharatshopApplication - Starting BharatshopApplication using Java 17.0.12 with PID 29840 (C:\Users\Adarsh\Downloads\bharatshop-backend\target\bharatshop-backend-0.0.1-SNAPSHOT.jar started by Adarsh in C:\Users\Adarsh\Downloads\bharatshop-backend)
2026-01-22 00:20:17.295 [39mDEBUG[0;39m [] [main] c.bharatshop.BharatshopApplication - Running with Spring Boot v3.3.4, Spring v6.1.13
2026-01-22 00:20:17.296 [34mINFO [0;39m [] [main] c.bharatshop.BharatshopApplication - The following 1 profile is active: "mysql"
2026-01-22 00:20:20.219 [34mINFO [0;39m [] [main] o.s.d.r.c.RepositoryConfigurationDelegate - Bootstrapping Spring Data JPA repositories in DEFAULT mode.
2026-01-22 00:20:20.433 [34mINFO [0;39m [] [main] o.s.d.r.c.RepositoryConfigurationDelegate - Finished Spring Data repository scanning in 199 ms. Found 20 JPA repository interfaces.
2026-01-22 00:20:22.470 [34mINFO [0;39m [] [main] o.s.b.w.e.tomcat.TomcatWebServer - Tomcat initialized with port 8080 (http)
2026-01-22 00:20:22.497 [34mINFO [0;39m [] [main] o.a.coyote.http11.Http11NioProtocol - Initializing ProtocolHandler ["http-nio-8080"]
2026-01-22 00:20:22.505 [34mINFO [0;39m [] [main] o.a.catalina.core.StandardService - Starting service [Tomcat]
2026-01-22 00:20:22.507 [34mINFO [0;39m [] [main] o.a.catalina.core.StandardEngine - Starting Servlet engine: [Apache Tomcat/10.1.30]
2026-01-22 00:20:22.647 [34mINFO [0;39m [] [main] o.a.c.c.C.[Tomcat].[localhost].[/] - Initializing Spring embedded WebApplicationContext
2026-01-22 00:20:22.648 [34mINFO [0;39m [] [main] o.s.b.w.s.c.ServletWebServerApplicationContext - Root WebApplicationContext: initialization completed in 5261 ms
2026-01-22 00:20:24.545 [34mINFO [0;39m [] [main] o.s.o.j.p.SpringPersistenceUnitInfo - No LoadTimeWeaver setup: ignoring JPA class transformer
2026-01-22 00:20:24.630 [34mINFO [0;39m [] [main] com.zaxxer.hikari.HikariDataSource - HikariPool-1 - Starting...
2026-01-22 00:20:25.043 [34mINFO [0;39m [] [main] com.zaxxer.hikari.pool.HikariPool - HikariPool-1 - Added connection com.mysql.cj.jdbc.ConnectionImpl@ba27ce6
2026-01-22 00:20:25.046 [34mINFO [0;39m [] [main] com.zaxxer.hikari.HikariDataSource - HikariPool-1 - Start completed.
2026-01-22 00:20:27.880 [34mINFO [0;39m [] [main] o.s.o.j.LocalContainerEntityManagerFactoryBean - Initialized JPA EntityManagerFactory for persistence unit 'default'
2026-01-22 00:20:28.843 [34mINFO [0;39m [] [main] o.s.d.j.r.query.QueryEnhancerFactory - Hibernate is in classpath; If applicable, HQL parser will be used.
2026-01-22 00:20:29.800 [39mDEBUG[0;39m [] [main] c.b.c.logging.CorrelationIdFilter - Filter 'correlationIdFilter' configured for use
2026-01-22 00:20:29.801 [39mDEBUG[0;39m [] [main] c.b.config.logging.HttpLoggingFilter - Filter 'httpLoggingFilter' configured for use
2026-01-22 00:20:29.804 [39mDEBUG[0;39m [] [main] com.bharatshop.config.TenantFilter - Filter 'tenantFilter' configured for use
2026-01-22 00:20:29.805 [39mDEBUG[0;39m [] [main] c.b.security.TokenAuthFilter - Filter 'tokenAuthFilter' configured for use
2026-01-22 00:20:29.811 [39mDEBUG[0;39m [] [main] c.b.config.IdempotencyFilter - Filter 'idempotencyFilter' configured for use
2026-01-22 00:20:29.847 [34mINFO [0;39m [] [main] c.b.config.DatabaseIdentityLogger - [PROFILES] active=mysql
2026-01-22 00:20:29.849 [34mINFO [0;39m [] [main] c.b.config.DatabaseIdentityLogger - [DB] url=jdbc:mysql://localhost:3306/bharatshop?createDatabaseIfNotExist=true&useSSL=false&allowPublicKeyRetrieval=true&serverTimezone=UTC schema=null user=root@localhost catalog=bharatshop
2026-01-22 00:20:31.949 [31mWARN [0;39m [] [main] o.s.b.a.o.j.JpaBaseConfiguration$JpaWebConfiguration - spring.jpa.open-in-view is enabled by default. Therefore, database queries may be performed during view rendering. Explicitly configure spring.jpa.open-in-view to disable this warning
2026-01-22 00:20:32.402 [39mDEBUG[0;39m [] [main] o.s.w.s.m.m.a.RequestMappingHandlerMapping - 125 mappings in 'requestMappingHandlerMapping'
2026-01-22 00:20:32.839 [34mINFO [0;39m [] [main] o.s.b.a.e.web.EndpointLinksResolver - Exposing 4 endpoints beneath base path '/actuator'
2026-01-22 00:20:34.156 [34mINFO [0;39m [] [main] o.a.coyote.http11.Http11NioProtocol - Starting ProtocolHandler ["http-nio-8080"]
2026-01-22 00:20:34.200 [34mINFO [0;39m [] [main] o.s.b.w.e.tomcat.TomcatWebServer - Tomcat started on port 8080 (http) with context path '/'
2026-01-22 00:20:34.239 [34mINFO [0;39m [] [main] c.bharatshop.BharatshopApplication - Started BharatshopApplication in 18.442 seconds (process running for 19.553)
2026-01-22 00:20:34.326 [34mINFO [0;39m [] [http-nio-8080-exec-1] o.a.c.c.C.[Tomcat].[localhost].[/] - Initializing Spring DispatcherServlet 'dispatcherServlet'
2026-01-22 00:20:34.327 [34mINFO [0;39m [] [http-nio-8080-exec-1] o.s.web.servlet.DispatcherServlet - Initializing Servlet 'dispatcherServlet'
2026-01-22 00:20:34.330 [34mINFO [0;39m [] [http-nio-8080-exec-1] o.s.web.servlet.DispatcherServlet - Completed initialization in 2 ms
2026-01-22 00:20:34.364 [34mINFO [0;39m [] [main] c.b.devtools.TenantDataNormalizer - TENANT NORMALIZE: updated stores=2 updated products=3 (NULL/default -> tenantA)
2026-01-22 00:20:34.412 [34mINFO [0;39m [] [main] c.b.devtools.TenantDataInspector - TENANT CHECK: DISTINCT store tenants=[tenantA] DISTINCT product tenants=[tenantA] 
2026-01-22 00:20:34.413 [34mINFO [0;39m [] [main] c.b.devtools.TenantDataInspector - TENANT CHECK: COUNT(stores, tenantA)=71 COUNT(products, tenantA)=108
2026-01-22 00:20:34.512 [39mDEBUG[0;39m [00389d42-d86c-40c2-9801-886762de317f] [http-nio-8080-exec-1] o.s.w.s.m.m.a.RequestMappingHandlerMapping - Mapped to com.bharatshop.auth.AuthController#verifyOtp(Map)
2026-01-22 00:20:34.512 [34mINFO [0;39m [00389d42-d86c-40c2-9801-886762de317f] [http-nio-8080-exec-1] c.b.config.TenantInterceptor - tenant-context: tenant=tenantA method=POST path=/api/auth/verify-otp
2026-01-22 00:20:34.664 [34mINFO [0;39m [00389d42-d86c-40c2-9801-886762de317f] [http-nio-8080-exec-1] com.bharatshop.auth.AuthController - OTP verify requested: phone=+919876543210 otpPresent=false
2026-01-22 00:20:34.665 [34mINFO [0;39m [00389d42-d86c-40c2-9801-886762de317f] [http-nio-8080-exec-1] com.bharatshop.service.AuthService - Verifying OTP (role-aware) for phone=+919876543210 role=SELLER
2026-01-22 00:20:34.665 [31mWARN [0;39m [00389d42-d86c-40c2-9801-886762de317f] [http-nio-8080-exec-1] com.bharatshop.service.AuthService - OTP verification failed: no OTP for phone=+919876543210
2026-01-22 00:20:34.670 [31mWARN [0;39m [00389d42-d86c-40c2-9801-886762de317f] [http-nio-8080-exec-1] c.b.config.GlobalExceptionHandler - API error: code=BAD_REQUEST message=Invalid OTP
2026-01-22 00:20:34.720 [1;31mERROR[0;39m [] [main] com.bharatshop.service.StoreService - [PROOF][STORE_MAP] entity.id=b29bc198-eaf4-448b-90d8-299fafaeadb3 mapped.id=b29bc198-eaf4-448b-90d8-299fafaeadb3
2026-01-22 00:20:34.733 [1;31mERROR[0;39m [] [main] com.bharatshop.service.StoreService - [PROOF][STORE_MAP] entity.id=cb16023d-2e6c-4a45-9a23-1486a42a75b2 mapped.id=cb16023d-2e6c-4a45-9a23-1486a42a75b2
2026-01-22 00:20:34.741 [34mINFO [0;39m [00389d42-d86c-40c2-9801-886762de317f] [http-nio-8080-exec-1] c.b.config.logging.HttpLoggingFilter - POST /api/auth/verify-otp -> 400 (251 ms)
2026-01-22 00:20:34.742 [34mINFO [0;39m [00389d42-d86c-40c2-9801-886762de317f] [http-nio-8080-exec-1] c.b.config.logging.HttpLoggingFilter - Headers: auth=absent content-type=application/json accept=null
2026-01-22 00:20:34.743 [34mINFO [0;39m [00389d42-d86c-40c2-9801-886762de317f] [http-nio-8080-exec-1] c.b.config.logging.HttpLoggingFilter - Request payload: {
    "otp":  null,
    "loginRole":  "SELLER",
    "phone":  "+919876543210"
}
2026-01-22 00:20:34.743 [34mINFO [0;39m [00389d42-d86c-40c2-9801-886762de317f] [http-nio-8080-exec-1] c.b.config.logging.HttpLoggingFilter - Response payload: {"code":"BAD_REQUEST","message":"Invalid OTP"}
2026-01-22 00:20:35.146 [39mDEBUG[0;39m [] [http-nio-8080-exec-2] o.s.w.s.m.m.a.RequestMappingHandlerMapping - Mapped to org.springframework.boot.autoconfigure.web.servlet.error.BasicErrorController#error(HttpServletRequest)
2026-01-22 00:22:01.371 [39mDEBUG[0;39m [32e35b09-2660-450f-ac3b-43b632936b77] [http-nio-8080-exec-4] o.s.w.s.m.m.a.RequestMappingHandlerMapping - Mapped to com.bharatshop.auth.AuthController#sendOtp(Map)
2026-01-22 00:22:01.372 [34mINFO [0;39m [32e35b09-2660-450f-ac3b-43b632936b77] [http-nio-8080-exec-4] c.b.config.TenantInterceptor - tenant-context: tenant=tenantA method=POST path=/api/auth/send-otp
2026-01-22 00:22:01.374 [34mINFO [0;39m [32e35b09-2660-450f-ac3b-43b632936b77] [http-nio-8080-exec-4] com.bharatshop.auth.AuthController - OTP send requested: phone=7355460178
2026-01-22 00:22:01.375 [34mINFO [0;39m [32e35b09-2660-450f-ac3b-43b632936b77] [http-nio-8080-exec-4] com.bharatshop.service.AuthService - Sending OTP to phone=7355460178
2026-01-22 00:22:01.376 [34mINFO [0;39m [32e35b09-2660-450f-ac3b-43b632936b77] [http-nio-8080-exec-4] com.bharatshop.service.AuthService - OTP generated: otpId=30e40dcc-692d-4975-bf2d-53c8697a444d expiresAt=1769021641376
2026-01-22 00:22:01.379 [34mINFO [0;39m [32e35b09-2660-450f-ac3b-43b632936b77] [http-nio-8080-exec-4] c.b.config.logging.HttpLoggingFilter - POST /api/auth/send-otp -> 200 (8 ms)
2026-01-22 00:22:01.380 [34mINFO [0;39m [32e35b09-2660-450f-ac3b-43b632936b77] [http-nio-8080-exec-4] c.b.config.logging.HttpLoggingFilter - Headers: auth=absent content-type=application/json accept=null
2026-01-22 00:22:01.380 [34mINFO [0;39m [32e35b09-2660-450f-ac3b-43b632936b77] [http-nio-8080-exec-4] c.b.config.logging.HttpLoggingFilter - Request payload: {
    "phone":  "7355460178"
}
2026-01-22 00:22:01.381 [34mINFO [0;39m [32e35b09-2660-450f-ac3b-43b632936b77] [http-nio-8080-exec-4] c.b.config.logging.HttpLoggingFilter - Response payload: {"otpId":"30e40dcc-692d-4975-bf2d-53c8697a444d","otp":"901013","ttlSeconds":120,"success":true}
2026-01-22 00:22:01.502 [39mDEBUG[0;39m [835daf17-a595-4c3e-9a54-407dee4cbff8] [http-nio-8080-exec-5] o.s.w.s.m.m.a.RequestMappingHandlerMapping - Mapped to com.bharatshop.auth.AuthController#verifyOtp(Map)
2026-01-22 00:22:01.504 [34mINFO [0;39m [835daf17-a595-4c3e-9a54-407dee4cbff8] [http-nio-8080-exec-5] c.b.config.TenantInterceptor - tenant-context: tenant=tenantA method=POST path=/api/auth/verify-otp
2026-01-22 00:22:01.505 [34mINFO [0;39m [835daf17-a595-4c3e-9a54-407dee4cbff8] [http-nio-8080-exec-5] com.bharatshop.auth.AuthController - OTP verify requested: phone=7355460178 otpPresent=true
2026-01-22 00:22:01.506 [34mINFO [0;39m [835daf17-a595-4c3e-9a54-407dee4cbff8] [http-nio-8080-exec-5] com.bharatshop.service.AuthService - Verifying OTP (role-aware) for phone=7355460178 role=SELLER
2026-01-22 00:22:01.743 [31mWARN [0;39m [835daf17-a595-4c3e-9a54-407dee4cbff8] [http-nio-8080-exec-5] c.b.config.GlobalExceptionHandler - API error: code=ROLE_NOT_ASSIGNED message=User does not have requested role
2026-01-22 00:22:01.746 [34mINFO [0;39m [835daf17-a595-4c3e-9a54-407dee4cbff8] [http-nio-8080-exec-5] c.b.config.logging.HttpLoggingFilter - POST /api/auth/verify-otp -> 403 (244 ms)
2026-01-22 00:22:01.747 [34mINFO [0;39m [835daf17-a595-4c3e-9a54-407dee4cbff8] [http-nio-8080-exec-5] c.b.config.logging.HttpLoggingFilter - Headers: auth=absent content-type=application/json accept=null
2026-01-22 00:22:01.748 [34mINFO [0;39m [835daf17-a595-4c3e-9a54-407dee4cbff8] [http-nio-8080-exec-5] c.b.config.logging.HttpLoggingFilter - Request payload: {
    "otp":  "901013",
    "loginRole":  "SELLER",
    "phone":  "7355460178"
}
2026-01-22 00:22:01.748 [34mINFO [0;39m [835daf17-a595-4c3e-9a54-407dee4cbff8] [http-nio-8080-exec-5] c.b.config.logging.HttpLoggingFilter - Response payload: {"code":"ROLE_NOT_ASSIGNED","requestedRole":"SELLER","message":"User does not have requested role"}
2026-01-22 00:22:01.870 [39mDEBUG[0;39m [] [http-nio-8080-exec-6] o.s.w.s.m.m.a.RequestMappingHandlerMapping - Mapped to org.springframework.boot.autoconfigure.web.servlet.error.BasicErrorController#error(HttpServletRequest)
2026-01-22 00:22:23.938 [39mDEBUG[0;39m [0a5dea85-5741-4b65-857a-322de45912ed] [http-nio-8080-exec-7] o.s.w.s.m.m.a.RequestMappingHandlerMapping - Mapped to com.bharatshop.auth.AuthController#sendOtp(Map)
2026-01-22 00:22:23.939 [34mINFO [0;39m [0a5dea85-5741-4b65-857a-322de45912ed] [http-nio-8080-exec-7] c.b.config.TenantInterceptor - tenant-context: tenant=tenantA method=POST path=/api/auth/send-otp
2026-01-22 00:22:23.942 [34mINFO [0;39m [0a5dea85-5741-4b65-857a-322de45912ed] [http-nio-8080-exec-7] com.bharatshop.auth.AuthController - OTP send requested: phone=7355460178
2026-01-22 00:22:23.942 [34mINFO [0;39m [0a5dea85-5741-4b65-857a-322de45912ed] [http-nio-8080-exec-7] com.bharatshop.service.AuthService - Sending OTP to phone=7355460178
2026-01-22 00:22:23.943 [34mINFO [0;39m [0a5dea85-5741-4b65-857a-322de45912ed] [http-nio-8080-exec-7] com.bharatshop.service.AuthService - OTP generated: otpId=09a03d97-51a2-406a-b1d9-7b113f42aa1d expiresAt=1769021663943
2026-01-22 00:22:23.945 [34mINFO [0;39m [0a5dea85-5741-4b65-857a-322de45912ed] [http-nio-8080-exec-7] c.b.config.logging.HttpLoggingFilter - POST /api/auth/send-otp -> 200 (7 ms)
2026-01-22 00:22:23.946 [34mINFO [0;39m [0a5dea85-5741-4b65-857a-322de45912ed] [http-nio-8080-exec-7] c.b.config.logging.HttpLoggingFilter - Headers: auth=absent content-type=application/json accept=null
2026-01-22 00:22:23.947 [34mINFO [0;39m [0a5dea85-5741-4b65-857a-322de45912ed] [http-nio-8080-exec-7] c.b.config.logging.HttpLoggingFilter - Request payload: {
    "phone":  "7355460178"
}
2026-01-22 00:22:23.947 [34mINFO [0;39m [0a5dea85-5741-4b65-857a-322de45912ed] [http-nio-8080-exec-7] c.b.config.logging.HttpLoggingFilter - Response payload: {"otpId":"09a03d97-51a2-406a-b1d9-7b113f42aa1d","otp":"705814","ttlSeconds":120,"success":true}
2026-01-22 00:22:24.132 [39mDEBUG[0;39m [cc9f3744-105e-4e8c-925a-3c2a7b278481] [http-nio-8080-exec-8] o.s.w.s.m.m.a.RequestMappingHandlerMapping - Mapped to com.bharatshop.auth.AuthController#verifyOtp(Map)
2026-01-22 00:22:24.133 [34mINFO [0;39m [cc9f3744-105e-4e8c-925a-3c2a7b278481] [http-nio-8080-exec-8] c.b.config.TenantInterceptor - tenant-context: tenant=tenantA method=POST path=/api/auth/verify-otp
2026-01-22 00:22:24.134 [34mINFO [0;39m [cc9f3744-105e-4e8c-925a-3c2a7b278481] [http-nio-8080-exec-8] com.bharatshop.auth.AuthController - OTP verify requested: phone=7355460178 otpPresent=true
2026-01-22 00:22:24.135 [34mINFO [0;39m [cc9f3744-105e-4e8c-925a-3c2a7b278481] [http-nio-8080-exec-8] com.bharatshop.service.AuthService - Verifying OTP (role-aware) for phone=7355460178 role=CUSTOMER
2026-01-22 00:22:24.148 [1;31mERROR[0;39m [cc9f3744-105e-4e8c-925a-3c2a7b278481] [http-nio-8080-exec-8] c.b.config.GlobalExceptionHandler - Unhandled exception
org.springframework.dao.IncorrectResultSizeDataAccessException: Query did not return a unique result: 2 results were returned
	at org.springframework.orm.jpa.vendor.HibernateJpaDialect.convertHibernateAccessException(HibernateJpaDialect.java:301)
	at org.springframework.orm.jpa.vendor.HibernateJpaDialect.translateExceptionIfPossible(HibernateJpaDialect.java:244)
	at org.springframework.orm.jpa.AbstractEntityManagerFactoryBean.translateExceptionIfPossible(AbstractEntityManagerFactoryBean.java:550)
	at org.springframework.dao.support.ChainedPersistenceExceptionTranslator.translateExceptionIfPossible(ChainedPersistenceExceptionTranslator.java:61)
	at org.springframework.dao.support.DataAccessUtils.translateIfNecessary(DataAccessUtils.java:335)
	at org.springframework.dao.support.PersistenceExceptionTranslationInterceptor.invoke(PersistenceExceptionTranslationInterceptor.java:160)
	at org.springframework.aop.framework.ReflectiveMethodInvocation.proceed(ReflectiveMethodInvocation.java:184)
	at org.springframework.data.jpa.repository.support.CrudMethodMetadataPostProcessor$CrudMethodMetadataPopulatingMethodInterceptor.invoke(CrudMethodMetadataPostProcessor.java:136)
	at org.springframework.aop.framework.ReflectiveMethodInvocation.proceed(ReflectiveMethodInvocation.java:184)
	at org.springframework.aop.interceptor.ExposeInvocationInterceptor.invoke(ExposeInvocationInterceptor.java:97)
	at org.springframework.aop.framework.ReflectiveMethodInvocation.proceed(ReflectiveMethodInvocation.java:184)
	at org.springframework.aop.framework.JdkDynamicAopProxy.invoke(JdkDynamicAopProxy.java:223)
	at jdk.proxy2/jdk.proxy2.$Proxy158.findByPhone(Unknown Source)
	at com.bharatshop.service.AuthService.getOrCreateTenantUserByPhone(AuthService.java:370)
	at com.bharatshop.service.AuthService.verifyOtpWithRole(AuthService.java:344)
	at com.bharatshop.auth.AuthController.verifyOtp(AuthController.java:36)
	at java.base/jdk.internal.reflect.NativeMethodAccessorImpl.invoke0(Native Method)
	at java.base/jdk.internal.reflect.NativeMethodAccessorImpl.invoke(NativeMethodAccessorImpl.java:77)
	at java.base/jdk.internal.reflect.DelegatingMethodAccessorImpl.invoke(DelegatingMethodAccessorImpl.java:43)
	at java.base/java.lang.reflect.Method.invoke(Method.java:568)
	at org.springframework.web.method.support.InvocableHandlerMethod.doInvoke(InvocableHandlerMethod.java:255)
	at org.springframework.web.method.support.InvocableHandlerMethod.invokeForRequest(InvocableHandlerMethod.java:188)
	at org.springframework.web.servlet.mvc.method.annotation.ServletInvocableHandlerMethod.invokeAndHandle(ServletInvocableHandlerMethod.java:118)
	at org.springframework.web.servlet.mvc.method.annotation.RequestMappingHandlerAdapter.invokeHandlerMethod(RequestMappingHandlerAdapter.java:926)
	at org.springframework.web.servlet.mvc.method.annotation.RequestMappingHandlerAdapter.handleInternal(RequestMappingHandlerAdapter.java:831)
	at org.springframework.web.servlet.mvc.method.AbstractHandlerMethodAdapter.handle(AbstractHandlerMethodAdapter.java:87)
	at org.springframework.web.servlet.DispatcherServlet.doDispatch(DispatcherServlet.java:1089)
	at org.springframework.web.servlet.DispatcherServlet.doService(DispatcherServlet.java:979)
	at org.springframework.web.servlet.FrameworkServlet.processRequest(FrameworkServlet.java:1014)
	at org.springframework.web.servlet.FrameworkServlet.doPost(FrameworkServlet.java:914)
	at jakarta.servlet.http.HttpServlet.service(HttpServlet.java:590)
	at org.springframework.web.servlet.FrameworkServlet.service(FrameworkServlet.java:885)
	at jakarta.servlet.http.HttpServlet.service(HttpServlet.java:658)
	at org.apache.catalina.core.ApplicationFilterChain.internalDoFilter(ApplicationFilterChain.java:195)
	at org.apache.catalina.core.ApplicationFilterChain.doFilter(ApplicationFilterChain.java:140)
	at org.apache.tomcat.websocket.server.WsFilter.doFilter(WsFilter.java:51)
	at org.apache.catalina.core.ApplicationFilterChain.internalDoFilter(ApplicationFilterChain.java:164)
	at org.apache.catalina.core.ApplicationFilterChain.doFilter(ApplicationFilterChain.java:140)
	at org.springframework.web.filter.OncePerRequestFilter.doFilter(OncePerRequestFilter.java:101)
	at org.apache.catalina.core.ApplicationFilterChain.internalDoFilter(ApplicationFilterChain.java:164)
	at org.apache.catalina.core.ApplicationFilterChain.doFilter(ApplicationFilterChain.java:140)
	at com.bharatshop.config.TenantFilter.doFilterInternal(TenantFilter.java:41)
	at org.springframework.web.filter.OncePerRequestFilter.doFilter(OncePerRequestFilter.java:116)
	at org.apache.catalina.core.ApplicationFilterChain.internalDoFilter(ApplicationFilterChain.java:164)
	at org.apache.catalina.core.ApplicationFilterChain.doFilter(ApplicationFilterChain.java:140)
	at com.bharatshop.config.IdempotencyFilter.doFilterInternal(IdempotencyFilter.java:54)
	at org.springframework.web.filter.OncePerRequestFilter.doFilter(OncePerRequestFilter.java:116)
	at org.apache.catalina.core.ApplicationFilterChain.internalDoFilter(ApplicationFilterChain.java:164)
	at org.apache.catalina.core.ApplicationFilterChain.doFilter(ApplicationFilterChain.java:140)
	at com.bharatshop.config.logging.HttpLoggingFilter.doFilterInternal(HttpLoggingFilter.java:32)
	at org.springframework.web.filter.OncePerRequestFilter.doFilter(OncePerRequestFilter.java:116)
	at org.apache.catalina.core.ApplicationFilterChain.internalDoFilter(ApplicationFilterChain.java:164)
	at org.apache.catalina.core.ApplicationFilterChain.doFilter(ApplicationFilterChain.java:140)
	at com.bharatshop.config.logging.CorrelationIdFilter.doFilterInternal(CorrelationIdFilter.java:29)
	at org.springframework.web.filter.OncePerRequestFilter.doFilter(OncePerRequestFilter.java:116)
	at org.apache.catalina.core.ApplicationFilterChain.internalDoFilter(ApplicationFilterChain.java:164)
	at org.apache.catalina.core.ApplicationFilterChain.doFilter(ApplicationFilterChain.java:140)
	at org.springframework.web.filter.CompositeFilter$VirtualFilterChain.doFilter(CompositeFilter.java:108)
	at org.springframework.security.web.FilterChainProxy.lambda$doFilterInternal$3(FilterChainProxy.java:231)
	at org.springframework.security.web.ObservationFilterChainDecorator$FilterObservation$SimpleFilterObservation.lambda$wrap$1(ObservationFilterChainDecorator.java:479)
	at org.springframework.security.web.ObservationFilterChainDecorator$AroundFilterObservation$SimpleAroundFilterObservation.lambda$wrap$1(ObservationFilterChainDecorator.java:340)
	at org.springframework.security.web.ObservationFilterChainDecorator.lambda$wrapSecured$0(ObservationFilterChainDecorator.java:82)
	at org.springframework.security.web.ObservationFilterChainDecorator$VirtualFilterChain.doFilter(ObservationFilterChainDecorator.java:128)
	at org.springframework.security.web.access.intercept.AuthorizationFilter.doFilter(AuthorizationFilter.java:100)
	at org.springframework.security.web.ObservationFilterChainDecorator$ObservationFilter.wrapFilter(ObservationFilterChainDecorator.java:240)
	at org.springframework.security.web.ObservationFilterChainDecorator$ObservationFilter.doFilter(ObservationFilterChainDecorator.java:227)
	at org.springframework.security.web.ObservationFilterChainDecorator$VirtualFilterChain.doFilter(ObservationFilterChainDecorator.java:137)
	at org.springframework.security.web.access.ExceptionTranslationFilter.doFilter(ExceptionTranslationFilter.java:126)
	at org.springframework.security.web.access.ExceptionTranslationFilter.doFilter(ExceptionTranslationFilter.java:120)
	at org.springframework.security.web.ObservationFilterChainDecorator$ObservationFilter.wrapFilter(ObservationFilterChainDecorator.java:240)
	at org.springframework.security.web.ObservationFilterChainDecorator$ObservationFilter.doFilter(ObservationFilterChainDecorator.java:227)
	at org.springframework.security.web.ObservationFilterChainDecorator$VirtualFilterChain.doFilter(ObservationFilterChainDecorator.java:137)
	at org.springframework.security.web.authentication.AnonymousAuthenticationFilter.doFilter(AnonymousAuthenticationFilter.java:100)
	at org.springframework.security.web.ObservationFilterChainDecorator$ObservationFilter.wrapFilter(ObservationFilterChainDecorator.java:240)
	at org.springframework.security.web.ObservationFilterChainDecorator$ObservationFilter.doFilter(ObservationFilterChainDecorator.java:227)
	at org.springframework.security.web.ObservationFilterChainDecorator$VirtualFilterChain.doFilter(ObservationFilterChainDecorator.java:137)
	at org.springframework.security.web.servletapi.SecurityContextHolderAwareRequestFilter.doFilter(SecurityContextHolderAwareRequestFilter.java:179)
	at org.springframework.security.web.ObservationFilterChainDecorator$ObservationFilter.wrapFilter(ObservationFilterChainDecorator.java:240)
	at org.springframework.security.web.ObservationFilterChainDecorator$ObservationFilter.doFilter(ObservationFilterChainDecorator.java:227)
	at org.springframework.security.web.ObservationFilterChainDecorator$VirtualFilterChain.doFilter(ObservationFilterChainDecorator.java:137)
	at org.springframework.security.web.savedrequest.RequestCacheAwareFilter.doFilter(RequestCacheAwareFilter.java:63)
	at org.springframework.security.web.ObservationFilterChainDecorator$ObservationFilter.wrapFilter(ObservationFilterChainDecorator.java:240)
	at org.springframework.security.web.ObservationFilterChainDecorator$ObservationFilter.doFilter(ObservationFilterChainDecorator.java:227)
	at org.springframework.security.web.ObservationFilterChainDecorator$VirtualFilterChain.doFilter(ObservationFilterChainDecorator.java:137)
	at org.springframework.web.filter.OncePerRequestFilter.doFilter(OncePerRequestFilter.java:101)
	at org.springframework.security.web.ObservationFilterChainDecorator$ObservationFilter.wrapFilter(ObservationFilterChainDecorator.java:240)
	at org.springframework.security.web.ObservationFilterChainDecorator$ObservationFilter.doFilter(ObservationFilterChainDecorator.java:227)
	at org.springframework.security.web.ObservationFilterChainDecorator$VirtualFilterChain.doFilter(ObservationFilterChainDecorator.java:137)
	at org.springframework.security.web.authentication.logout.LogoutFilter.doFilter(LogoutFilter.java:107)
	at org.springframework.security.web.authentication.logout.LogoutFilter.doFilter(LogoutFilter.java:93)
	at org.springframework.security.web.ObservationFilterChainDecorator$ObservationFilter.wrapFilter(ObservationFilterChainDecorator.java:240)
	at org.springframework.security.web.ObservationFilterChainDecorator$ObservationFilter.doFilter(ObservationFilterChainDecorator.java:227)
	at org.springframework.security.web.ObservationFilterChainDecorator$VirtualFilterChain.doFilter(ObservationFilterChainDecorator.java:137)
	at org.springframework.web.filter.CorsFilter.doFilterInternal(CorsFilter.java:91)
	at org.springframework.web.filter.OncePerRequestFilter.doFilter(OncePerRequestFilter.java:116)
	at org.springframework.security.web.ObservationFilterChainDecorator$ObservationFilter.wrapFilter(ObservationFilterChainDecorator.java:240)
	at org.springframework.security.web.ObservationFilterChainDecorator$ObservationFilter.doFilter(ObservationFilterChainDecorator.java:227)
	at org.springframework.security.web.ObservationFilterChainDecorator$VirtualFilterChain.doFilter(ObservationFilterChainDecorator.java:137)
	at org.springframework.security.web.header.HeaderWriterFilter.doHeadersAfter(HeaderWriterFilter.java:90)
	at org.springframework.security.web.header.HeaderWriterFilter.doFilterInternal(HeaderWriterFilter.java:75)
	at org.springframework.web.filter.OncePerRequestFilter.doFilter(OncePerRequestFilter.java:116)
	at org.springframework.security.web.ObservationFilterChainDecorator$ObservationFilter.wrapFilter(ObservationFilterChainDecorator.java:240)
	at org.springframework.security.web.ObservationFilterChainDecorator$ObservationFilter.doFilter(ObservationFilterChainDecorator.java:227)
	at org.springframework.security.web.ObservationFilterChainDecorator$VirtualFilterChain.doFilter(ObservationFilterChainDecorator.java:137)
	at org.springframework.security.web.context.SecurityContextHolderFilter.doFilter(SecurityContextHolderFilter.java:82)
	at org.springframework.security.web.context.SecurityContextHolderFilter.doFilter(SecurityContextHolderFilter.java:69)
	at org.springframework.security.web.ObservationFilterChainDecorator$ObservationFilter.wrapFilter(ObservationFilterChainDecorator.java:240)
	at org.springframework.security.web.ObservationFilterChainDecorator$ObservationFilter.doFilter(ObservationFilterChainDecorator.java:227)
	at org.springframework.security.web.ObservationFilterChainDecorator$VirtualFilterChain.doFilter(ObservationFilterChainDecorator.java:137)
	at org.springframework.security.web.context.request.async.WebAsyncManagerIntegrationFilter.doFilterInternal(WebAsyncManagerIntegrationFilter.java:62)
	at org.springframework.web.filter.OncePerRequestFilter.doFilter(OncePerRequestFilter.java:116)
	at org.springframework.security.web.ObservationFilterChainDecorator$ObservationFilter.wrapFilter(ObservationFilterChainDecorator.java:240)
	at org.springframework.security.web.ObservationFilterChainDecorator$ObservationFilter.doFilter(ObservationFilterChainDecorator.java:227)
	at org.springframework.security.web.ObservationFilterChainDecorator$VirtualFilterChain.doFilter(ObservationFilterChainDecorator.java:137)
	at org.springframework.security.web.session.DisableEncodeUrlFilter.doFilterInternal(DisableEncodeUrlFilter.java:42)
	at org.springframework.web.filter.OncePerRequestFilter.doFilter(OncePerRequestFilter.java:116)
	at org.springframework.security.web.ObservationFilterChainDecorator$ObservationFilter.wrapFilter(ObservationFilterChainDecorator.java:240)
	at org.springframework.security.web.ObservationFilterChainDecorator$AroundFilterObservation$SimpleAroundFilterObservation.lambda$wrap$0(ObservationFilterChainDecorator.java:323)
	at org.springframework.security.web.ObservationFilterChainDecorator$ObservationFilter.doFilter(ObservationFilterChainDecorator.java:224)
	at org.springframework.security.web.ObservationFilterChainDecorator$VirtualFilterChain.doFilter(ObservationFilterChainDecorator.java:137)
	at org.springframework.security.web.FilterChainProxy.doFilterInternal(FilterChainProxy.java:233)
	at org.springframework.security.web.FilterChainProxy.doFilter(FilterChainProxy.java:191)
	at org.springframework.web.filter.CompositeFilter$VirtualFilterChain.doFilter(CompositeFilter.java:113)
	at org.springframework.web.servlet.handler.HandlerMappingIntrospector.lambda$createCacheFilter$3(HandlerMappingIntrospector.java:195)
	at org.springframework.web.filter.CompositeFilter$VirtualFilterChain.doFilter(CompositeFilter.java:113)
	at org.springframework.web.filter.CompositeFilter.doFilter(CompositeFilter.java:74)
	at org.springframework.security.config.annotation.web.configuration.WebMvcSecurityConfiguration$CompositeFilterChainProxy.doFilter(WebMvcSecurityConfiguration.java:230)
	at org.springframework.web.filter.DelegatingFilterProxy.invokeDelegate(DelegatingFilterProxy.java:352)
	at org.springframework.web.filter.DelegatingFilterProxy.doFilter(DelegatingFilterProxy.java:268)
	at org.apache.catalina.core.ApplicationFilterChain.internalDoFilter(ApplicationFilterChain.java:164)
	at org.apache.catalina.core.ApplicationFilterChain.doFilter(ApplicationFilterChain.java:140)
	at org.springframework.web.filter.RequestContextFilter.doFilterInternal(RequestContextFilter.java:100)
	at org.springframework.web.filter.OncePerRequestFilter.doFilter(OncePerRequestFilter.java:116)
	at org.apache.catalina.core.ApplicationFilterChain.internalDoFilter(ApplicationFilterChain.java:164)
	at org.apache.catalina.core.ApplicationFilterChain.doFilter(ApplicationFilterChain.java:140)
	at org.springframework.web.filter.FormContentFilter.doFilterInternal(FormContentFilter.java:93)
	at org.springframework.web.filter.OncePerRequestFilter.doFilter(OncePerRequestFilter.java:116)
	at org.apache.catalina.core.ApplicationFilterChain.internalDoFilter(ApplicationFilterChain.java:164)
	at org.apache.catalina.core.ApplicationFilterChain.doFilter(ApplicationFilterChain.java:140)
	at org.springframework.web.filter.ServerHttpObservationFilter.doFilterInternal(ServerHttpObservationFilter.java:113)
	at org.springframework.web.filter.OncePerRequestFilter.doFilter(OncePerRequestFilter.java:116)
	at org.apache.catalina.core.ApplicationFilterChain.internalDoFilter(ApplicationFilterChain.java:164)
	at org.apache.catalina.core.ApplicationFilterChain.doFilter(ApplicationFilterChain.java:140)
	at org.springframework.web.filter.CharacterEncodingFilter.doFilterInternal(CharacterEncodingFilter.java:201)
	at org.springframework.web.filter.OncePerRequestFilter.doFilter(OncePerRequestFilter.java:116)
	at org.apache.catalina.core.ApplicationFilterChain.internalDoFilter(ApplicationFilterChain.java:164)
	at org.apache.catalina.core.ApplicationFilterChain.doFilter(ApplicationFilterChain.java:140)
	at org.apache.catalina.core.StandardWrapperValve.invoke(StandardWrapperValve.java:167)
	at org.apache.catalina.core.StandardContextValve.invoke(StandardContextValve.java:90)
	at org.apache.catalina.authenticator.AuthenticatorBase.invoke(AuthenticatorBase.java:483)
	at org.apache.catalina.core.StandardHostValve.invoke(StandardHostValve.java:115)
	at org.apache.catalina.valves.ErrorReportValve.invoke(ErrorReportValve.java:93)
	at org.apache.catalina.core.StandardEngineValve.invoke(StandardEngineValve.java:74)
	at org.apache.catalina.valves.AbstractAccessLogValve.invoke(AbstractAccessLogValve.java:663)
	at org.apache.catalina.connector.CoyoteAdapter.service(CoyoteAdapter.java:344)
	at org.apache.coyote.http11.Http11Processor.service(Http11Processor.java:384)
	at org.apache.coyote.AbstractProcessorLight.process(AbstractProcessorLight.java:63)
	at org.apache.coyote.AbstractProtocol$ConnectionHandler.process(AbstractProtocol.java:905)
	at org.apache.tomcat.util.net.NioEndpoint$SocketProcessor.doRun(NioEndpoint.java:1741)
	at org.apache.tomcat.util.net.SocketProcessorBase.run(SocketProcessorBase.java:52)
	at org.apache.tomcat.util.threads.ThreadPoolExecutor.runWorker(ThreadPoolExecutor.java:1190)
	at org.apache.tomcat.util.threads.ThreadPoolExecutor$Worker.run(ThreadPoolExecutor.java:659)
	at org.apache.tomcat.util.threads.TaskThread$WrappingRunnable.run(TaskThread.java:63)
	at java.base/java.lang.Thread.run(Thread.java:842)
Caused by: org.hibernate.NonUniqueResultException: Query did not return a unique result: 2 results were returned
	at org.hibernate.query.spi.AbstractSelectionQuery.uniqueElement(AbstractSelectionQuery.java:578)
	at org.hibernate.query.spi.AbstractSelectionQuery.getSingleResult(AbstractSelectionQuery.java:561)
	at org.springframework.data.jpa.repository.query.JpaQueryExecution$SingleEntityExecution.doExecute(JpaQueryExecution.java:223)
	at org.springframework.data.jpa.repository.query.JpaQueryExecution.execute(JpaQueryExecution.java:92)
	at org.springframework.data.jpa.repository.query.AbstractJpaQuery.doExecute(AbstractJpaQuery.java:152)
	at org.springframework.data.jpa.repository.query.AbstractJpaQuery.execute(AbstractJpaQuery.java:140)
	at org.springframework.data.repository.core.support.RepositoryMethodInvoker.doInvoke(RepositoryMethodInvoker.java:170)
	at org.springframework.data.repository.core.support.RepositoryMethodInvoker.invoke(RepositoryMethodInvoker.java:158)
	at org.springframework.data.repository.core.support.QueryExecutorMethodInterceptor.doInvoke(QueryExecutorMethodInterceptor.java:169)
	at org.springframework.data.repository.core.support.QueryExecutorMethodInterceptor.invoke(QueryExecutorMethodInterceptor.java:148)
	at org.springframework.aop.framework.ReflectiveMethodInvocation.proceed(ReflectiveMethodInvocation.java:184)
	at org.springframework.data.projection.DefaultMethodInvokingMethodInterceptor.invoke(DefaultMethodInvokingMethodInterceptor.java:70)
	at org.springframework.aop.framework.ReflectiveMethodInvocation.proceed(ReflectiveMethodInvocation.java:184)
	at org.springframework.transaction.interceptor.TransactionAspectSupport.invokeWithinTransaction(TransactionAspectSupport.java:379)
	at org.springframework.transaction.interceptor.TransactionInterceptor.invoke(TransactionInterceptor.java:119)
	at org.springframework.aop.framework.ReflectiveMethodInvocation.proceed(ReflectiveMethodInvocation.java:184)
	at org.springframework.dao.support.PersistenceExceptionTranslationInterceptor.invoke(PersistenceExceptionTranslationInterceptor.java:138)
	... 158 common frames omitted
2026-01-22 00:22:24.160 [34mINFO [0;39m [cc9f3744-105e-4e8c-925a-3c2a7b278481] [http-nio-8080-exec-8] c.b.config.logging.HttpLoggingFilter - POST /api/auth/verify-otp -> 500 (29 ms)
2026-01-22 00:22:24.160 [34mINFO [0;39m [cc9f3744-105e-4e8c-925a-3c2a7b278481] [http-nio-8080-exec-8] c.b.config.logging.HttpLoggingFilter - Headers: auth=absent content-type=application/json accept=null
2026-01-22 00:22:24.162 [34mINFO [0;39m [cc9f3744-105e-4e8c-925a-3c2a7b278481] [http-nio-8080-exec-8] c.b.config.logging.HttpLoggingFilter - Request payload: {
    "otp":  "705814",
    "loginRole":  "CUSTOMER",
    "phone":  "7355460178"
}
2026-01-22 00:22:24.162 [34mINFO [0;39m [cc9f3744-105e-4e8c-925a-3c2a7b278481] [http-nio-8080-exec-8] c.b.config.logging.HttpLoggingFilter - Response payload: {"message":"Query did not return a unique result: 2 results were returned","code":"INTERNAL_ERROR"}
2026-01-22 00:22:24.444 [39mDEBUG[0;39m [] [http-nio-8080-exec-9] o.s.w.s.m.m.a.RequestMappingHandlerMapping - Mapped to org.springframework.boot.autoconfigure.web.servlet.error.BasicErrorController#error(HttpServletRequest)
2026-01-22 00:22:24.579 [39mDEBUG[0;39m [47bcb16f-1cde-4de3-adf0-08e57ffa141f] [http-nio-8080-exec-10] o.s.w.s.m.m.a.RequestMappingHandlerMapping - Mapped to com.bharatshop.auth.AuthController#sendOtp(Map)
2026-01-22 00:22:24.580 [34mINFO [0;39m [47bcb16f-1cde-4de3-adf0-08e57ffa141f] [http-nio-8080-exec-10] c.b.config.TenantInterceptor - tenant-context: tenant=tenantA method=POST path=/api/auth/send-otp
2026-01-22 00:22:24.581 [34mINFO [0;39m [47bcb16f-1cde-4de3-adf0-08e57ffa141f] [http-nio-8080-exec-10] com.bharatshop.auth.AuthController - OTP send requested: phone=7355460178
2026-01-22 00:22:24.581 [34mINFO [0;39m [47bcb16f-1cde-4de3-adf0-08e57ffa141f] [http-nio-8080-exec-10] com.bharatshop.service.AuthService - Sending OTP to phone=7355460178
2026-01-22 00:22:24.582 [34mINFO [0;39m [47bcb16f-1cde-4de3-adf0-08e57ffa141f] [http-nio-8080-exec-10] com.bharatshop.service.AuthService - OTP generated: otpId=e1a17ac2-95ac-4357-b27b-33185627e831 expiresAt=1769021664582
2026-01-22 00:22:24.583 [34mINFO [0;39m [47bcb16f-1cde-4de3-adf0-08e57ffa141f] [http-nio-8080-exec-10] c.b.config.logging.HttpLoggingFilter - POST /api/auth/send-otp -> 200 (5 ms)
2026-01-22 00:22:24.584 [34mINFO [0;39m [47bcb16f-1cde-4de3-adf0-08e57ffa141f] [http-nio-8080-exec-10] c.b.config.logging.HttpLoggingFilter - Headers: auth=absent content-type=application/json accept=null
2026-01-22 00:22:24.584 [34mINFO [0;39m [47bcb16f-1cde-4de3-adf0-08e57ffa141f] [http-nio-8080-exec-10] c.b.config.logging.HttpLoggingFilter - Request payload: {
    "phone":  "7355460178"
}
2026-01-22 00:22:24.584 [34mINFO [0;39m [47bcb16f-1cde-4de3-adf0-08e57ffa141f] [http-nio-8080-exec-10] c.b.config.logging.HttpLoggingFilter - Response payload: {"otpId":"e1a17ac2-95ac-4357-b27b-33185627e831","otp":"339276","ttlSeconds":120,"success":true}
2026-01-22 00:22:24.743 [39mDEBUG[0;39m [e593e190-6f67-436a-ab7b-754bfe65a812] [http-nio-8080-exec-1] o.s.w.s.m.m.a.RequestMappingHandlerMapping - Mapped to com.bharatshop.auth.AuthController#verifyOtp(Map)
2026-01-22 00:22:24.744 [34mINFO [0;39m [e593e190-6f67-436a-ab7b-754bfe65a812] [http-nio-8080-exec-1] c.b.config.TenantInterceptor - tenant-context: tenant=tenantA method=POST path=/api/auth/verify-otp
2026-01-22 00:22:24.746 [34mINFO [0;39m [e593e190-6f67-436a-ab7b-754bfe65a812] [http-nio-8080-exec-1] com.bharatshop.auth.AuthController - OTP verify requested: phone=7355460178 otpPresent=true
2026-01-22 00:22:24.746 [34mINFO [0;39m [e593e190-6f67-436a-ab7b-754bfe65a812] [http-nio-8080-exec-1] com.bharatshop.service.AuthService - Verifying OTP (role-aware) for phone=7355460178 role=SELLER
2026-01-22 00:22:24.752 [1;31mERROR[0;39m [e593e190-6f67-436a-ab7b-754bfe65a812] [http-nio-8080-exec-1] c.b.config.GlobalExceptionHandler - Unhandled exception
org.springframework.dao.IncorrectResultSizeDataAccessException: Query did not return a unique result: 2 results were returned
	at org.springframework.orm.jpa.vendor.HibernateJpaDialect.convertHibernateAccessException(HibernateJpaDialect.java:301)
	at org.springframework.orm.jpa.vendor.HibernateJpaDialect.translateExceptionIfPossible(HibernateJpaDialect.java:244)
	at org.springframework.orm.jpa.AbstractEntityManagerFactoryBean.translateExceptionIfPossible(AbstractEntityManagerFactoryBean.java:550)
	at org.springframework.dao.support.ChainedPersistenceExceptionTranslator.translateExceptionIfPossible(ChainedPersistenceExceptionTranslator.java:61)
	at org.springframework.dao.support.DataAccessUtils.translateIfNecessary(DataAccessUtils.java:335)
	at org.springframework.dao.support.PersistenceExceptionTranslationInterceptor.invoke(PersistenceExceptionTranslationInterceptor.java:160)
	at org.springframework.aop.framework.ReflectiveMethodInvocation.proceed(ReflectiveMethodInvocation.java:184)
	at org.springframework.data.jpa.repository.support.CrudMethodMetadataPostProcessor$CrudMethodMetadataPopulatingMethodInterceptor.invoke(CrudMethodMetadataPostProcessor.java:136)
	at org.springframework.aop.framework.ReflectiveMethodInvocation.proceed(ReflectiveMethodInvocation.java:184)
	at org.springframework.aop.interceptor.ExposeInvocationInterceptor.invoke(ExposeInvocationInterceptor.java:97)
	at org.springframework.aop.framework.ReflectiveMethodInvocation.proceed(ReflectiveMethodInvocation.java:184)
	at org.springframework.aop.framework.JdkDynamicAopProxy.invoke(JdkDynamicAopProxy.java:223)
	at jdk.proxy2/jdk.proxy2.$Proxy158.findByPhone(Unknown Source)
	at com.bharatshop.service.AuthService.getOrCreateTenantUserByPhone(AuthService.java:370)
	at com.bharatshop.service.AuthService.verifyOtpWithRole(AuthService.java:344)
	at com.bharatshop.auth.AuthController.verifyOtp(AuthController.java:36)
	at java.base/jdk.internal.reflect.NativeMethodAccessorImpl.invoke0(Native Method)
	at java.base/jdk.internal.reflect.NativeMethodAccessorImpl.invoke(NativeMethodAccessorImpl.java:77)
	at java.base/jdk.internal.reflect.DelegatingMethodAccessorImpl.invoke(DelegatingMethodAccessorImpl.java:43)
	at java.base/java.lang.reflect.Method.invoke(Method.java:568)
	at org.springframework.web.method.support.InvocableHandlerMethod.doInvoke(InvocableHandlerMethod.java:255)
	at org.springframework.web.method.support.InvocableHandlerMethod.invokeForRequest(InvocableHandlerMethod.java:188)
	at org.springframework.web.servlet.mvc.method.annotation.ServletInvocableHandlerMethod.invokeAndHandle(ServletInvocableHandlerMethod.java:118)
	at org.springframework.web.servlet.mvc.method.annotation.RequestMappingHandlerAdapter.invokeHandlerMethod(RequestMappingHandlerAdapter.java:926)
	at org.springframework.web.servlet.mvc.method.annotation.RequestMappingHandlerAdapter.handleInternal(RequestMappingHandlerAdapter.java:831)
	at org.springframework.web.servlet.mvc.method.AbstractHandlerMethodAdapter.handle(AbstractHandlerMethodAdapter.java:87)
	at org.springframework.web.servlet.DispatcherServlet.doDispatch(DispatcherServlet.java:1089)
	at org.springframework.web.servlet.DispatcherServlet.doService(DispatcherServlet.java:979)
	at org.springframework.web.servlet.FrameworkServlet.processRequest(FrameworkServlet.java:1014)
	at org.springframework.web.servlet.FrameworkServlet.doPost(FrameworkServlet.java:914)
	at jakarta.servlet.http.HttpServlet.service(HttpServlet.java:590)
	at org.springframework.web.servlet.FrameworkServlet.service(FrameworkServlet.java:885)
	at jakarta.servlet.http.HttpServlet.service(HttpServlet.java:658)
	at org.apache.catalina.core.ApplicationFilterChain.internalDoFilter(ApplicationFilterChain.java:195)
	at org.apache.catalina.core.ApplicationFilterChain.doFilter(ApplicationFilterChain.java:140)
	at org.apache.tomcat.websocket.server.WsFilter.doFilter(WsFilter.java:51)
	at org.apache.catalina.core.ApplicationFilterChain.internalDoFilter(ApplicationFilterChain.java:164)
	at org.apache.catalina.core.ApplicationFilterChain.doFilter(ApplicationFilterChain.java:140)
	at org.springframework.web.filter.OncePerRequestFilter.doFilter(OncePerRequestFilter.java:101)
	at org.apache.catalina.core.ApplicationFilterChain.internalDoFilter(ApplicationFilterChain.java:164)
	at org.apache.catalina.core.ApplicationFilterChain.doFilter(ApplicationFilterChain.java:140)
	at com.bharatshop.config.TenantFilter.doFilterInternal(TenantFilter.java:41)
	at org.springframework.web.filter.OncePerRequestFilter.doFilter(OncePerRequestFilter.java:116)
	at org.apache.catalina.core.ApplicationFilterChain.internalDoFilter(ApplicationFilterChain.java:164)
	at org.apache.catalina.core.ApplicationFilterChain.doFilter(ApplicationFilterChain.java:140)
	at com.bharatshop.config.IdempotencyFilter.doFilterInternal(IdempotencyFilter.java:54)
	at org.springframework.web.filter.OncePerRequestFilter.doFilter(OncePerRequestFilter.java:116)
	at org.apache.catalina.core.ApplicationFilterChain.internalDoFilter(ApplicationFilterChain.java:164)
	at org.apache.catalina.core.ApplicationFilterChain.doFilter(ApplicationFilterChain.java:140)
	at com.bharatshop.config.logging.HttpLoggingFilter.doFilterInternal(HttpLoggingFilter.java:32)
	at org.springframework.web.filter.OncePerRequestFilter.doFilter(OncePerRequestFilter.java:116)
	at org.apache.catalina.core.ApplicationFilterChain.internalDoFilter(ApplicationFilterChain.java:164)
	at org.apache.catalina.core.ApplicationFilterChain.doFilter(ApplicationFilterChain.java:140)
	at com.bharatshop.config.logging.CorrelationIdFilter.doFilterInternal(CorrelationIdFilter.java:29)
	at org.springframework.web.filter.OncePerRequestFilter.doFilter(OncePerRequestFilter.java:116)
	at org.apache.catalina.core.ApplicationFilterChain.internalDoFilter(ApplicationFilterChain.java:164)
	at org.apache.catalina.core.ApplicationFilterChain.doFilter(ApplicationFilterChain.java:140)
	at org.springframework.web.filter.CompositeFilter$VirtualFilterChain.doFilter(CompositeFilter.java:108)
	at org.springframework.security.web.FilterChainProxy.lambda$doFilterInternal$3(FilterChainProxy.java:231)
	at org.springframework.security.web.ObservationFilterChainDecorator$FilterObservation$SimpleFilterObservation.lambda$wrap$1(ObservationFilterChainDecorator.java:479)
	at org.springframework.security.web.ObservationFilterChainDecorator$AroundFilterObservation$SimpleAroundFilterObservation.lambda$wrap$1(ObservationFilterChainDecorator.java:340)
	at org.springframework.security.web.ObservationFilterChainDecorator.lambda$wrapSecured$0(ObservationFilterChainDecorator.java:82)
	at org.springframework.security.web.ObservationFilterChainDecorator$VirtualFilterChain.doFilter(ObservationFilterChainDecorator.java:128)
	at org.springframework.security.web.access.intercept.AuthorizationFilter.doFilter(AuthorizationFilter.java:100)
	at org.springframework.security.web.ObservationFilterChainDecorator$ObservationFilter.wrapFilter(ObservationFilterChainDecorator.java:240)
	at org.springframework.security.web.ObservationFilterChainDecorator$ObservationFilter.doFilter(ObservationFilterChainDecorator.java:227)
	at org.springframework.security.web.ObservationFilterChainDecorator$VirtualFilterChain.doFilter(ObservationFilterChainDecorator.java:137)
	at org.springframework.security.web.access.ExceptionTranslationFilter.doFilter(ExceptionTranslationFilter.java:126)
	at org.springframework.security.web.access.ExceptionTranslationFilter.doFilter(ExceptionTranslationFilter.java:120)
	at org.springframework.security.web.ObservationFilterChainDecorator$ObservationFilter.wrapFilter(ObservationFilterChainDecorator.java:240)
	at org.springframework.security.web.ObservationFilterChainDecorator$ObservationFilter.doFilter(ObservationFilterChainDecorator.java:227)
	at org.springframework.security.web.ObservationFilterChainDecorator$VirtualFilterChain.doFilter(ObservationFilterChainDecorator.java:137)
	at org.springframework.security.web.authentication.AnonymousAuthenticationFilter.doFilter(AnonymousAuthenticationFilter.java:100)
	at org.springframework.security.web.ObservationFilterChainDecorator$ObservationFilter.wrapFilter(ObservationFilterChainDecorator.java:240)
	at org.springframework.security.web.ObservationFilterChainDecorator$ObservationFilter.doFilter(ObservationFilterChainDecorator.java:227)
	at org.springframework.security.web.ObservationFilterChainDecorator$VirtualFilterChain.doFilter(ObservationFilterChainDecorator.java:137)
	at org.springframework.security.web.servletapi.SecurityContextHolderAwareRequestFilter.doFilter(SecurityContextHolderAwareRequestFilter.java:179)
	at org.springframework.security.web.ObservationFilterChainDecorator$ObservationFilter.wrapFilter(ObservationFilterChainDecorator.java:240)
	at org.springframework.security.web.ObservationFilterChainDecorator$ObservationFilter.doFilter(ObservationFilterChainDecorator.java:227)
	at org.springframework.security.web.ObservationFilterChainDecorator$VirtualFilterChain.doFilter(ObservationFilterChainDecorator.java:137)
	at org.springframework.security.web.savedrequest.RequestCacheAwareFilter.doFilter(RequestCacheAwareFilter.java:63)
	at org.springframework.security.web.ObservationFilterChainDecorator$ObservationFilter.wrapFilter(ObservationFilterChainDecorator.java:240)
	at org.springframework.security.web.ObservationFilterChainDecorator$ObservationFilter.doFilter(ObservationFilterChainDecorator.java:227)
	at org.springframework.security.web.ObservationFilterChainDecorator$VirtualFilterChain.doFilter(ObservationFilterChainDecorator.java:137)
	at org.springframework.web.filter.OncePerRequestFilter.doFilter(OncePerRequestFilter.java:101)
	at org.springframework.security.web.ObservationFilterChainDecorator$ObservationFilter.wrapFilter(ObservationFilterChainDecorator.java:240)
	at org.springframework.security.web.ObservationFilterChainDecorator$ObservationFilter.doFilter(ObservationFilterChainDecorator.java:227)
	at org.springframework.security.web.ObservationFilterChainDecorator$VirtualFilterChain.doFilter(ObservationFilterChainDecorator.java:137)
	at org.springframework.security.web.authentication.logout.LogoutFilter.doFilter(LogoutFilter.java:107)
	at org.springframework.security.web.authentication.logout.LogoutFilter.doFilter(LogoutFilter.java:93)
	at org.springframework.security.web.ObservationFilterChainDecorator$ObservationFilter.wrapFilter(ObservationFilterChainDecorator.java:240)
	at org.springframework.security.web.ObservationFilterChainDecorator$ObservationFilter.doFilter(ObservationFilterChainDecorator.java:227)
	at org.springframework.security.web.ObservationFilterChainDecorator$VirtualFilterChain.doFilter(ObservationFilterChainDecorator.java:137)
	at org.springframework.web.filter.CorsFilter.doFilterInternal(CorsFilter.java:91)
	at org.springframework.web.filter.OncePerRequestFilter.doFilter(OncePerRequestFilter.java:116)
	at org.springframework.security.web.ObservationFilterChainDecorator$ObservationFilter.wrapFilter(ObservationFilterChainDecorator.java:240)
	at org.springframework.security.web.ObservationFilterChainDecorator$ObservationFilter.doFilter(ObservationFilterChainDecorator.java:227)
	at org.springframework.security.web.ObservationFilterChainDecorator$VirtualFilterChain.doFilter(ObservationFilterChainDecorator.java:137)
	at org.springframework.security.web.header.HeaderWriterFilter.doHeadersAfter(HeaderWriterFilter.java:90)
	at org.springframework.security.web.header.HeaderWriterFilter.doFilterInternal(HeaderWriterFilter.java:75)
	at org.springframework.web.filter.OncePerRequestFilter.doFilter(OncePerRequestFilter.java:116)
	at org.springframework.security.web.ObservationFilterChainDecorator$ObservationFilter.wrapFilter(ObservationFilterChainDecorator.java:240)
	at org.springframework.security.web.ObservationFilterChainDecorator$ObservationFilter.doFilter(ObservationFilterChainDecorator.java:227)
	at org.springframework.security.web.ObservationFilterChainDecorator$VirtualFilterChain.doFilter(ObservationFilterChainDecorator.java:137)
	at org.springframework.security.web.context.SecurityContextHolderFilter.doFilter(SecurityContextHolderFilter.java:82)
	at org.springframework.security.web.context.SecurityContextHolderFilter.doFilter(SecurityContextHolderFilter.java:69)
	at org.springframework.security.web.ObservationFilterChainDecorator$ObservationFilter.wrapFilter(ObservationFilterChainDecorator.java:240)
	at org.springframework.security.web.ObservationFilterChainDecorator$ObservationFilter.doFilter(ObservationFilterChainDecorator.java:227)
	at org.springframework.security.web.ObservationFilterChainDecorator$VirtualFilterChain.doFilter(ObservationFilterChainDecorator.java:137)
	at org.springframework.security.web.context.request.async.WebAsyncManagerIntegrationFilter.doFilterInternal(WebAsyncManagerIntegrationFilter.java:62)
	at org.springframework.web.filter.OncePerRequestFilter.doFilter(OncePerRequestFilter.java:116)
	at org.springframework.security.web.ObservationFilterChainDecorator$ObservationFilter.wrapFilter(ObservationFilterChainDecorator.java:240)
	at org.springframework.security.web.ObservationFilterChainDecorator$ObservationFilter.doFilter(ObservationFilterChainDecorator.java:227)
	at org.springframework.security.web.ObservationFilterChainDecorator$VirtualFilterChain.doFilter(ObservationFilterChainDecorator.java:137)
	at org.springframework.security.web.session.DisableEncodeUrlFilter.doFilterInternal(DisableEncodeUrlFilter.java:42)
	at org.springframework.web.filter.OncePerRequestFilter.doFilter(OncePerRequestFilter.java:116)
	at org.springframework.security.web.ObservationFilterChainDecorator$ObservationFilter.wrapFilter(ObservationFilterChainDecorator.java:240)
	at org.springframework.security.web.ObservationFilterChainDecorator$AroundFilterObservation$SimpleAroundFilterObservation.lambda$wrap$0(ObservationFilterChainDecorator.java:323)
	at org.springframework.security.web.ObservationFilterChainDecorator$ObservationFilter.doFilter(ObservationFilterChainDecorator.java:224)
	at org.springframework.security.web.ObservationFilterChainDecorator$VirtualFilterChain.doFilter(ObservationFilterChainDecorator.java:137)
	at org.springframework.security.web.FilterChainProxy.doFilterInternal(FilterChainProxy.java:233)
	at org.springframework.security.web.FilterChainProxy.doFilter(FilterChainProxy.java:191)
	at org.springframework.web.filter.CompositeFilter$VirtualFilterChain.doFilter(CompositeFilter.java:113)
	at org.springframework.web.servlet.handler.HandlerMappingIntrospector.lambda$createCacheFilter$3(HandlerMappingIntrospector.java:195)
	at org.springframework.web.filter.CompositeFilter$VirtualFilterChain.doFilter(CompositeFilter.java:113)
	at org.springframework.web.filter.CompositeFilter.doFilter(CompositeFilter.java:74)
	at org.springframework.security.config.annotation.web.configuration.WebMvcSecurityConfiguration$CompositeFilterChainProxy.doFilter(WebMvcSecurityConfiguration.java:230)
	at org.springframework.web.filter.DelegatingFilterProxy.invokeDelegate(DelegatingFilterProxy.java:352)
	at org.springframework.web.filter.DelegatingFilterProxy.doFilter(DelegatingFilterProxy.java:268)
	at org.apache.catalina.core.ApplicationFilterChain.internalDoFilter(ApplicationFilterChain.java:164)
	at org.apache.catalina.core.ApplicationFilterChain.doFilter(ApplicationFilterChain.java:140)
	at org.springframework.web.filter.RequestContextFilter.doFilterInternal(RequestContextFilter.java:100)
	at org.springframework.web.filter.OncePerRequestFilter.doFilter(OncePerRequestFilter.java:116)
	at org.apache.catalina.core.ApplicationFilterChain.internalDoFilter(ApplicationFilterChain.java:164)
	at org.apache.catalina.core.ApplicationFilterChain.doFilter(ApplicationFilterChain.java:140)
	at org.springframework.web.filter.FormContentFilter.doFilterInternal(FormContentFilter.java:93)
	at org.springframework.web.filter.OncePerRequestFilter.doFilter(OncePerRequestFilter.java:116)
	at org.apache.catalina.core.ApplicationFilterChain.internalDoFilter(ApplicationFilterChain.java:164)
	at org.apache.catalina.core.ApplicationFilterChain.doFilter(ApplicationFilterChain.java:140)
	at org.springframework.web.filter.ServerHttpObservationFilter.doFilterInternal(ServerHttpObservationFilter.java:113)
	at org.springframework.web.filter.OncePerRequestFilter.doFilter(OncePerRequestFilter.java:116)
	at org.apache.catalina.core.ApplicationFilterChain.internalDoFilter(ApplicationFilterChain.java:164)
	at org.apache.catalina.core.ApplicationFilterChain.doFilter(ApplicationFilterChain.java:140)
	at org.springframework.web.filter.CharacterEncodingFilter.doFilterInternal(CharacterEncodingFilter.java:201)
	at org.springframework.web.filter.OncePerRequestFilter.doFilter(OncePerRequestFilter.java:116)
	at org.apache.catalina.core.ApplicationFilterChain.internalDoFilter(ApplicationFilterChain.java:164)
	at org.apache.catalina.core.ApplicationFilterChain.doFilter(ApplicationFilterChain.java:140)
	at org.apache.catalina.core.StandardWrapperValve.invoke(StandardWrapperValve.java:167)
	at org.apache.catalina.core.StandardContextValve.invoke(StandardContextValve.java:90)
	at org.apache.catalina.authenticator.AuthenticatorBase.invoke(AuthenticatorBase.java:483)
	at org.apache.catalina.core.StandardHostValve.invoke(StandardHostValve.java:115)
	at org.apache.catalina.valves.ErrorReportValve.invoke(ErrorReportValve.java:93)
	at org.apache.catalina.core.StandardEngineValve.invoke(StandardEngineValve.java:74)
	at org.apache.catalina.valves.AbstractAccessLogValve.invoke(AbstractAccessLogValve.java:663)
	at org.apache.catalina.connector.CoyoteAdapter.service(CoyoteAdapter.java:344)
	at org.apache.coyote.http11.Http11Processor.service(Http11Processor.java:384)
	at org.apache.coyote.AbstractProcessorLight.process(AbstractProcessorLight.java:63)
	at org.apache.coyote.AbstractProtocol$ConnectionHandler.process(AbstractProtocol.java:905)
	at org.apache.tomcat.util.net.NioEndpoint$SocketProcessor.doRun(NioEndpoint.java:1741)
	at org.apache.tomcat.util.net.SocketProcessorBase.run(SocketProcessorBase.java:52)
	at org.apache.tomcat.util.threads.ThreadPoolExecutor.runWorker(ThreadPoolExecutor.java:1190)
	at org.apache.tomcat.util.threads.ThreadPoolExecutor$Worker.run(ThreadPoolExecutor.java:659)
	at org.apache.tomcat.util.threads.TaskThread$WrappingRunnable.run(TaskThread.java:63)
	at java.base/java.lang.Thread.run(Thread.java:842)
Caused by: org.hibernate.NonUniqueResultException: Query did not return a unique result: 2 results were returned
	at org.hibernate.query.spi.AbstractSelectionQuery.uniqueElement(AbstractSelectionQuery.java:578)
	at org.hibernate.query.spi.AbstractSelectionQuery.getSingleResult(AbstractSelectionQuery.java:561)
	at org.springframework.data.jpa.repository.query.JpaQueryExecution$SingleEntityExecution.doExecute(JpaQueryExecution.java:223)
	at org.springframework.data.jpa.repository.query.JpaQueryExecution.execute(JpaQueryExecution.java:92)
	at org.springframework.data.jpa.repository.query.AbstractJpaQuery.doExecute(AbstractJpaQuery.java:152)
	at org.springframework.data.jpa.repository.query.AbstractJpaQuery.execute(AbstractJpaQuery.java:140)
	at org.springframework.data.repository.core.support.RepositoryMethodInvoker.doInvoke(RepositoryMethodInvoker.java:170)
	at org.springframework.data.repository.core.support.RepositoryMethodInvoker.invoke(RepositoryMethodInvoker.java:158)
	at org.springframework.data.repository.core.support.QueryExecutorMethodInterceptor.doInvoke(QueryExecutorMethodInterceptor.java:169)
	at org.springframework.data.repository.core.support.QueryExecutorMethodInterceptor.invoke(QueryExecutorMethodInterceptor.java:148)
	at org.springframework.aop.framework.ReflectiveMethodInvocation.proceed(ReflectiveMethodInvocation.java:184)
	at org.springframework.data.projection.DefaultMethodInvokingMethodInterceptor.invoke(DefaultMethodInvokingMethodInterceptor.java:70)
	at org.springframework.aop.framework.ReflectiveMethodInvocation.proceed(ReflectiveMethodInvocation.java:184)
	at org.springframework.transaction.interceptor.TransactionAspectSupport.invokeWithinTransaction(TransactionAspectSupport.java:379)
	at org.springframework.transaction.interceptor.TransactionInterceptor.invoke(TransactionInterceptor.java:119)
	at org.springframework.aop.framework.ReflectiveMethodInvocation.proceed(ReflectiveMethodInvocation.java:184)
	at org.springframework.dao.support.PersistenceExceptionTranslationInterceptor.invoke(PersistenceExceptionTranslationInterceptor.java:138)
	... 158 common frames omitted
2026-01-22 00:22:24.758 [34mINFO [0;39m [e593e190-6f67-436a-ab7b-754bfe65a812] [http-nio-8080-exec-1] c.b.config.logging.HttpLoggingFilter - POST /api/auth/verify-otp -> 500 (15 ms)
2026-01-22 00:22:24.759 [34mINFO [0;39m [e593e190-6f67-436a-ab7b-754bfe65a812] [http-nio-8080-exec-1] c.b.config.logging.HttpLoggingFilter - Headers: auth=absent content-type=application/json accept=null
2026-01-22 00:22:24.759 [34mINFO [0;39m [e593e190-6f67-436a-ab7b-754bfe65a812] [http-nio-8080-exec-1] c.b.config.logging.HttpLoggingFilter - Request payload: {
    "otp":  "339276",
    "loginRole":  "SELLER",
    "phone":  "7355460178"
}
2026-01-22 00:22:24.759 [34mINFO [0;39m [e593e190-6f67-436a-ab7b-754bfe65a812] [http-nio-8080-exec-1] c.b.config.logging.HttpLoggingFilter - Response payload: {"message":"Query did not return a unique result: 2 results were returned","code":"INTERNAL_ERROR"}
2026-01-22 00:22:24.995 [39mDEBUG[0;39m [] [http-nio-8080-exec-2] o.s.w.s.m.m.a.RequestMappingHandlerMapping - Mapped to org.springframework.boot.autoconfigure.web.servlet.error.BasicErrorController#error(HttpServletRequest)
2026-01-22 00:26:52.087 [34mINFO [0;39m [] [main] c.bharatshop.BharatshopApplication - Starting BharatshopApplication using Java 17.0.12 with PID 28704 (C:\Users\Adarsh\Downloads\bharatshop-backend\target\bharatshop-backend-0.0.1-SNAPSHOT.jar started by Adarsh in C:\Users\Adarsh\Downloads\bharatshop-backend)
2026-01-22 00:26:52.097 [39mDEBUG[0;39m [] [main] c.bharatshop.BharatshopApplication - Running with Spring Boot v3.3.4, Spring v6.1.13
2026-01-22 00:26:52.101 [34mINFO [0;39m [] [main] c.bharatshop.BharatshopApplication - The following 1 profile is active: "mysql"
2026-01-22 00:26:56.411 [34mINFO [0;39m [] [main] o.s.d.r.c.RepositoryConfigurationDelegate - Bootstrapping Spring Data JPA repositories in DEFAULT mode.
2026-01-22 00:26:56.762 [34mINFO [0;39m [] [main] o.s.d.r.c.RepositoryConfigurationDelegate - Finished Spring Data repository scanning in 317 ms. Found 20 JPA repository interfaces.
2026-01-22 00:26:59.439 [34mINFO [0;39m [] [main] o.s.b.w.e.tomcat.TomcatWebServer - Tomcat initialized with port 8080 (http)
2026-01-22 00:26:59.467 [34mINFO [0;39m [] [main] o.a.coyote.http11.Http11NioProtocol - Initializing ProtocolHandler ["http-nio-8080"]
2026-01-22 00:26:59.476 [34mINFO [0;39m [] [main] o.a.catalina.core.StandardService - Starting service [Tomcat]
2026-01-22 00:26:59.478 [34mINFO [0;39m [] [main] o.a.catalina.core.StandardEngine - Starting Servlet engine: [Apache Tomcat/10.1.30]
2026-01-22 00:26:59.601 [34mINFO [0;39m [] [main] o.a.c.c.C.[Tomcat].[localhost].[/] - Initializing Spring embedded WebApplicationContext
2026-01-22 00:26:59.602 [34mINFO [0;39m [] [main] o.s.b.w.s.c.ServletWebServerApplicationContext - Root WebApplicationContext: initialization completed in 7390 ms
2026-01-22 00:27:01.708 [34mINFO [0;39m [] [main] o.s.o.j.p.SpringPersistenceUnitInfo - No LoadTimeWeaver setup: ignoring JPA class transformer
2026-01-22 00:27:01.782 [34mINFO [0;39m [] [main] com.zaxxer.hikari.HikariDataSource - HikariPool-1 - Starting...
2026-01-22 00:27:02.166 [34mINFO [0;39m [] [main] com.zaxxer.hikari.pool.HikariPool - HikariPool-1 - Added connection com.mysql.cj.jdbc.ConnectionImpl@97cb8dc
2026-01-22 00:27:02.175 [34mINFO [0;39m [] [main] com.zaxxer.hikari.HikariDataSource - HikariPool-1 - Start completed.
2026-01-22 00:27:05.317 [34mINFO [0;39m [] [main] o.s.o.j.LocalContainerEntityManagerFactoryBean - Initialized JPA EntityManagerFactory for persistence unit 'default'
2026-01-22 00:27:06.288 [34mINFO [0;39m [] [main] o.s.d.j.r.query.QueryEnhancerFactory - Hibernate is in classpath; If applicable, HQL parser will be used.
2026-01-22 00:27:07.423 [39mDEBUG[0;39m [] [main] c.b.c.logging.CorrelationIdFilter - Filter 'correlationIdFilter' configured for use
2026-01-22 00:27:07.424 [39mDEBUG[0;39m [] [main] c.b.config.logging.HttpLoggingFilter - Filter 'httpLoggingFilter' configured for use
2026-01-22 00:27:07.430 [39mDEBUG[0;39m [] [main] com.bharatshop.config.TenantFilter - Filter 'tenantFilter' configured for use
2026-01-22 00:27:07.431 [39mDEBUG[0;39m [] [main] c.b.security.TokenAuthFilter - Filter 'tokenAuthFilter' configured for use
2026-01-22 00:27:07.435 [39mDEBUG[0;39m [] [main] c.b.config.IdempotencyFilter - Filter 'idempotencyFilter' configured for use
2026-01-22 00:27:07.497 [34mINFO [0;39m [] [main] c.b.config.DatabaseIdentityLogger - [PROFILES] active=mysql
2026-01-22 00:27:07.500 [34mINFO [0;39m [] [main] c.b.config.DatabaseIdentityLogger - [DB] url=jdbc:mysql://localhost:3306/bharatshop?createDatabaseIfNotExist=true&useSSL=false&allowPublicKeyRetrieval=true&serverTimezone=UTC schema=null user=root@localhost catalog=bharatshop
2026-01-22 00:27:10.476 [31mWARN [0;39m [] [main] o.s.b.a.o.j.JpaBaseConfiguration$JpaWebConfiguration - spring.jpa.open-in-view is enabled by default. Therefore, database queries may be performed during view rendering. Explicitly configure spring.jpa.open-in-view to disable this warning
2026-01-22 00:27:10.976 [39mDEBUG[0;39m [] [main] o.s.w.s.m.m.a.RequestMappingHandlerMapping - 125 mappings in 'requestMappingHandlerMapping'
2026-01-22 00:27:11.439 [34mINFO [0;39m [] [main] o.s.b.a.e.web.EndpointLinksResolver - Exposing 4 endpoints beneath base path '/actuator'
2026-01-22 00:27:12.507 [34mINFO [0;39m [] [main] o.a.coyote.http11.Http11NioProtocol - Starting ProtocolHandler ["http-nio-8080"]
2026-01-22 00:27:12.563 [34mINFO [0;39m [] [main] o.s.b.w.e.tomcat.TomcatWebServer - Tomcat started on port 8080 (http) with context path '/'
2026-01-22 00:27:12.596 [34mINFO [0;39m [] [main] c.bharatshop.BharatshopApplication - Started BharatshopApplication in 22.002 seconds (process running for 23.282)
2026-01-22 00:27:12.706 [34mINFO [0;39m [] [main] c.b.devtools.TenantDataNormalizer - TENANT NORMALIZE: updated stores=2 updated products=3 (NULL/default -> tenantA)
2026-01-22 00:27:13.033 [1;31mERROR[0;39m [] [main] com.bharatshop.service.StoreService - [PROOF][STORE_MAP] entity.id=cb7ee38a-fa21-40fb-b03d-691e7a181a50 mapped.id=cb7ee38a-fa21-40fb-b03d-691e7a181a50
2026-01-22 00:27:13.045 [1;31mERROR[0;39m [] [main] com.bharatshop.service.StoreService - [PROOF][STORE_MAP] entity.id=0c357621-3da4-4c2d-88d0-b927d57c56b1 mapped.id=0c357621-3da4-4c2d-88d0-b927d57c56b1
2026-01-22 00:27:13.097 [34mINFO [0;39m [] [main] c.b.devtools.TenantDataInspector - TENANT CHECK: DISTINCT store tenants=[tenantA, default] DISTINCT product tenants=[tenantA, default] 
2026-01-22 00:27:13.097 [34mINFO [0;39m [] [main] c.b.devtools.TenantDataInspector - TENANT CHECK: COUNT(stores, tenantA)=73 COUNT(products, tenantA)=111
2026-01-22 00:27:27.572 [34mINFO [0;39m [] [http-nio-8080-exec-1] o.a.c.c.C.[Tomcat].[localhost].[/] - Initializing Spring DispatcherServlet 'dispatcherServlet'
2026-01-22 00:27:27.572 [34mINFO [0;39m [] [http-nio-8080-exec-1] o.s.web.servlet.DispatcherServlet - Initializing Servlet 'dispatcherServlet'
2026-01-22 00:27:27.575 [34mINFO [0;39m [] [http-nio-8080-exec-1] o.s.web.servlet.DispatcherServlet - Completed initialization in 2 ms
2026-01-22 00:31:07.838 [39mDEBUG[0;39m [6c415d3a-b50f-4270-b48e-f7c8af3fd6f5] [http-nio-8080-exec-3] o.s.w.s.m.m.a.RequestMappingHandlerMapping - Mapped to com.bharatshop.auth.AuthController#sendOtp(Map)
2026-01-22 00:31:07.839 [34mINFO [0;39m [6c415d3a-b50f-4270-b48e-f7c8af3fd6f5] [http-nio-8080-exec-3] c.b.config.TenantInterceptor - tenant-context: tenant=tenantA method=POST path=/api/auth/send-otp
2026-01-22 00:31:07.976 [34mINFO [0;39m [6c415d3a-b50f-4270-b48e-f7c8af3fd6f5] [http-nio-8080-exec-3] com.bharatshop.auth.AuthController - OTP send requested: phone=9999999991
2026-01-22 00:31:07.976 [34mINFO [0;39m [6c415d3a-b50f-4270-b48e-f7c8af3fd6f5] [http-nio-8080-exec-3] com.bharatshop.service.AuthService - Sending OTP to phone=9999999991
2026-01-22 00:31:07.978 [34mINFO [0;39m [6c415d3a-b50f-4270-b48e-f7c8af3fd6f5] [http-nio-8080-exec-3] com.bharatshop.service.AuthService - OTP generated: otpId=70953907-8770-421c-8c23-99279ef0b197 expiresAt=1769022187978
2026-01-22 00:31:08.049 [34mINFO [0;39m [6c415d3a-b50f-4270-b48e-f7c8af3fd6f5] [http-nio-8080-exec-3] c.b.config.logging.HttpLoggingFilter - POST /api/auth/send-otp -> 200 (225 ms)
2026-01-22 00:31:08.050 [34mINFO [0;39m [6c415d3a-b50f-4270-b48e-f7c8af3fd6f5] [http-nio-8080-exec-3] c.b.config.logging.HttpLoggingFilter - Headers: auth=absent content-type=application/json accept=*/*
2026-01-22 00:31:08.051 [34mINFO [0;39m [6c415d3a-b50f-4270-b48e-f7c8af3fd6f5] [http-nio-8080-exec-3] c.b.config.logging.HttpLoggingFilter - Request payload: { "phone": "9999999991" }
2026-01-22 00:31:08.051 [34mINFO [0;39m [6c415d3a-b50f-4270-b48e-f7c8af3fd6f5] [http-nio-8080-exec-3] c.b.config.logging.HttpLoggingFilter - Response payload: {"success":true,"ttlSeconds":120,"otp":"452423","otpId":"70953907-8770-421c-8c23-99279ef0b197"}
2026-01-22 00:31:17.871 [39mDEBUG[0;39m [f7a9e626-67da-45fd-beca-abbd1b77ef16] [http-nio-8080-exec-4] o.s.w.s.m.m.a.RequestMappingHandlerMapping - Mapped to com.bharatshop.auth.AuthController#verifyOtp(Map)
2026-01-22 00:31:17.872 [34mINFO [0;39m [f7a9e626-67da-45fd-beca-abbd1b77ef16] [http-nio-8080-exec-4] c.b.config.TenantInterceptor - tenant-context: tenant=tenantA method=POST path=/api/auth/verify-otp
2026-01-22 00:31:17.874 [34mINFO [0;39m [f7a9e626-67da-45fd-beca-abbd1b77ef16] [http-nio-8080-exec-4] com.bharatshop.auth.AuthController - OTP verify requested: phone=9999999991 otpPresent=true
2026-01-22 00:31:17.875 [34mINFO [0;39m [f7a9e626-67da-45fd-beca-abbd1b77ef16] [http-nio-8080-exec-4] com.bharatshop.service.AuthService - Verifying OTP (role-aware) for phone=9999999991 role=SELLER
2026-01-22 00:31:18.025 [31mWARN [0;39m [f7a9e626-67da-45fd-beca-abbd1b77ef16] [http-nio-8080-exec-4] c.b.config.GlobalExceptionHandler - API error: code=ROLE_NOT_ASSIGNED message=User does not have requested role
2026-01-22 00:31:18.030 [34mINFO [0;39m [f7a9e626-67da-45fd-beca-abbd1b77ef16] [http-nio-8080-exec-4] c.b.config.logging.HttpLoggingFilter - POST /api/auth/verify-otp -> 403 (159 ms)
2026-01-22 00:31:18.032 [34mINFO [0;39m [f7a9e626-67da-45fd-beca-abbd1b77ef16] [http-nio-8080-exec-4] c.b.config.logging.HttpLoggingFilter - Headers: auth=absent content-type=application/json accept=*/*
2026-01-22 00:31:18.032 [34mINFO [0;39m [f7a9e626-67da-45fd-beca-abbd1b77ef16] [http-nio-8080-exec-4] c.b.config.logging.HttpLoggingFilter - Request payload: {
    "phone": "9999999991",
    "otp": "452423",
    "loginRole": "SELLER"
}
2026-01-22 00:31:18.032 [34mINFO [0;39m [f7a9e626-67da-45fd-beca-abbd1b77ef16] [http-nio-8080-exec-4] c.b.config.logging.HttpLoggingFilter - Response payload: {"code":"ROLE_NOT_ASSIGNED","requestedRole":"SELLER","message":"User does not have requested role"}
2026-01-22 00:32:47.214 [39mDEBUG[0;39m [e355f8a3-42d3-4a47-a9e8-bc428c2d8e83] [http-nio-8080-exec-7] o.s.w.s.m.m.a.RequestMappingHandlerMapping - Mapped to com.bharatshop.auth.AuthController#verifyOtp(Map)
2026-01-22 00:32:47.215 [34mINFO [0;39m [e355f8a3-42d3-4a47-a9e8-bc428c2d8e83] [http-nio-8080-exec-7] c.b.config.TenantInterceptor - tenant-context: tenant=tenantA method=POST path=/api/auth/verify-otp
2026-01-22 00:32:47.217 [34mINFO [0;39m [e355f8a3-42d3-4a47-a9e8-bc428c2d8e83] [http-nio-8080-exec-7] com.bharatshop.auth.AuthController - OTP verify requested: phone=9999999991 otpPresent=true
2026-01-22 00:32:47.217 [34mINFO [0;39m [e355f8a3-42d3-4a47-a9e8-bc428c2d8e83] [http-nio-8080-exec-7] com.bharatshop.service.AuthService - Verifying OTP (role-aware) for phone=9999999991 role=null
2026-01-22 00:32:47.218 [31mWARN [0;39m [e355f8a3-42d3-4a47-a9e8-bc428c2d8e83] [http-nio-8080-exec-7] c.b.config.GlobalExceptionHandler - API error: code=ROLE_REQUIRED message=loginRole is required
2026-01-22 00:32:47.220 [34mINFO [0;39m [e355f8a3-42d3-4a47-a9e8-bc428c2d8e83] [http-nio-8080-exec-7] c.b.config.logging.HttpLoggingFilter - POST /api/auth/verify-otp -> 400 (7 ms)
2026-01-22 00:32:47.220 [34mINFO [0;39m [e355f8a3-42d3-4a47-a9e8-bc428c2d8e83] [http-nio-8080-exec-7] c.b.config.logging.HttpLoggingFilter - Headers: auth=absent content-type=application/json accept=*/*
2026-01-22 00:32:47.220 [34mINFO [0;39m [e355f8a3-42d3-4a47-a9e8-bc428c2d8e83] [http-nio-8080-exec-7] c.b.config.logging.HttpLoggingFilter - Request payload: {
    "phone": "9999999991",
    "otp": "452423"
    
}
2026-01-22 00:32:47.221 [34mINFO [0;39m [e355f8a3-42d3-4a47-a9e8-bc428c2d8e83] [http-nio-8080-exec-7] c.b.config.logging.HttpLoggingFilter - Response payload: {"code":"ROLE_REQUIRED","message":"loginRole is required"}
2026-01-22 00:32:58.517 [39mDEBUG[0;39m [5a0f134b-d49d-40b6-a53b-c5fc13986e3e] [http-nio-8080-exec-9] o.s.w.s.m.m.a.RequestMappingHandlerMapping - Mapped to com.bharatshop.auth.AuthController#verifyOtp(Map)
2026-01-22 00:32:58.519 [34mINFO [0;39m [5a0f134b-d49d-40b6-a53b-c5fc13986e3e] [http-nio-8080-exec-9] c.b.config.TenantInterceptor - tenant-context: tenant=tenantA method=POST path=/api/auth/verify-otp
2026-01-22 00:32:58.520 [34mINFO [0;39m [5a0f134b-d49d-40b6-a53b-c5fc13986e3e] [http-nio-8080-exec-9] com.bharatshop.auth.AuthController - OTP verify requested: phone=9999999991 otpPresent=true
2026-01-22 00:32:58.521 [34mINFO [0;39m [5a0f134b-d49d-40b6-a53b-c5fc13986e3e] [http-nio-8080-exec-9] com.bharatshop.service.AuthService - Verifying OTP (role-aware) for phone=9999999991 role=CUSTOMER
2026-01-22 00:32:58.581 [34mINFO [0;39m [5a0f134b-d49d-40b6-a53b-c5fc13986e3e] [http-nio-8080-exec-9] com.bharatshop.service.AuthService - Session created (override): userId=2299191a-6f05-4398-b9bf-701798a21667 activeRole=CUSTOMER
2026-01-22 00:32:58.582 [34mINFO [0;39m [5a0f134b-d49d-40b6-a53b-c5fc13986e3e] [http-nio-8080-exec-9] com.bharatshop.service.AuthService - Login (OTP role-aware) success: userId=2299191a-6f05-4398-b9bf-701798a21667 activeRole=CUSTOMER tokenPresent=true
2026-01-22 00:32:58.663 [34mINFO [0;39m [5a0f134b-d49d-40b6-a53b-c5fc13986e3e] [http-nio-8080-exec-9] com.bharatshop.auth.AuthController - OTP verify success: userId=2299191a-6f05-4398-b9bf-701798a21667 tokenPresent=true
2026-01-22 00:32:58.743 [34mINFO [0;39m [5a0f134b-d49d-40b6-a53b-c5fc13986e3e] [http-nio-8080-exec-9] c.b.config.logging.HttpLoggingFilter - POST /api/auth/verify-otp -> 200 (226 ms)
2026-01-22 00:32:58.745 [34mINFO [0;39m [5a0f134b-d49d-40b6-a53b-c5fc13986e3e] [http-nio-8080-exec-9] c.b.config.logging.HttpLoggingFilter - Headers: auth=absent content-type=application/json accept=*/*
2026-01-22 00:32:58.745 [34mINFO [0;39m [5a0f134b-d49d-40b6-a53b-c5fc13986e3e] [http-nio-8080-exec-9] c.b.config.logging.HttpLoggingFilter - Request payload: {
    "phone": "9999999991",
    "otp": "452423",
    "loginRole": "CUSTOMER"
}
2026-01-22 00:32:58.746 [34mINFO [0;39m [5a0f134b-d49d-40b6-a53b-c5fc13986e3e] [http-nio-8080-exec-9] c.b.config.logging.HttpLoggingFilter - Response payload: {"success":true,"user":{"id":"2299191a-6f05-4398-b9bf-701798a21667","name":"User9991","email":null,"phone":"9999999991","role":"CUSTOMER","tenantId":"tenantA"},"token":"eyJhbGciOiJIUzI1NiIsInR5cCI6IkpXVCJ9.eyJzdWIiOiIyMjk5MTkxYS02ZjA1LTQzOTgtYjliZi03MDE3OThhMjE2NjciLCJpc3MiOiJiaGFyYXRzaG9wIiwiYXVkIjoiYmhhcmF0c2hvcC1jbGllbnRzIiwibmFtZSI6IlVzZXI5OTkxIiwicm9sZSI6IkNVU1RPTUVSIiwidGVuYW50SWQiOiJ0ZW5hbnRBIiwiYWN0aXZlUm9sZSI6IkNVU1RPTUVSIiwicm9sZXMiOlsiQ1VTVE9NRVIiXSwiaWF0IjoxNzY5MDIyMTc4LCJleHAiOjE3NjkwMjU3Nzh9.hABkhRjt1mijfgq7ikOo_OA0yOu1ppfSsWv48dy-FZ8"}
2026-01-22 00:33:32.838 [39mDEBUG[0;39m [b5e688bb-eb9e-4cf9-b04b-ab3f2acffd9d] [http-nio-8080-exec-10] o.s.w.s.m.m.a.RequestMappingHandlerMapping - Mapped to com.bharatshop.auth.AuthController#sendOtp(Map)
2026-01-22 00:33:32.839 [34mINFO [0;39m [b5e688bb-eb9e-4cf9-b04b-ab3f2acffd9d] [http-nio-8080-exec-10] c.b.config.TenantInterceptor - tenant-context: tenant=tenantA method=POST path=/api/auth/send-otp
2026-01-22 00:33:32.841 [34mINFO [0;39m [b5e688bb-eb9e-4cf9-b04b-ab3f2acffd9d] [http-nio-8080-exec-10] com.bharatshop.auth.AuthController - OTP send requested: phone=9999999992
2026-01-22 00:33:32.841 [34mINFO [0;39m [b5e688bb-eb9e-4cf9-b04b-ab3f2acffd9d] [http-nio-8080-exec-10] com.bharatshop.service.AuthService - Sending OTP to phone=9999999992
2026-01-22 00:33:32.842 [34mINFO [0;39m [b5e688bb-eb9e-4cf9-b04b-ab3f2acffd9d] [http-nio-8080-exec-10] com.bharatshop.service.AuthService - OTP generated: otpId=af02589d-8a71-44da-ac7c-0af1dc84a9d9 expiresAt=1769022332841
2026-01-22 00:33:32.844 [34mINFO [0;39m [b5e688bb-eb9e-4cf9-b04b-ab3f2acffd9d] [http-nio-8080-exec-10] c.b.config.logging.HttpLoggingFilter - POST /api/auth/send-otp -> 200 (7 ms)
2026-01-22 00:33:32.846 [34mINFO [0;39m [b5e688bb-eb9e-4cf9-b04b-ab3f2acffd9d] [http-nio-8080-exec-10] c.b.config.logging.HttpLoggingFilter - Headers: auth=absent content-type=application/json accept=*/*
2026-01-22 00:33:32.846 [34mINFO [0;39m [b5e688bb-eb9e-4cf9-b04b-ab3f2acffd9d] [http-nio-8080-exec-10] c.b.config.logging.HttpLoggingFilter - Request payload: { "phone": "9999999992" }
2026-01-22 00:33:32.847 [34mINFO [0;39m [b5e688bb-eb9e-4cf9-b04b-ab3f2acffd9d] [http-nio-8080-exec-10] c.b.config.logging.HttpLoggingFilter - Response payload: {"success":true,"ttlSeconds":120,"otp":"994501","otpId":"af02589d-8a71-44da-ac7c-0af1dc84a9d9"}
2026-01-22 00:33:50.107 [39mDEBUG[0;39m [f1fb0a42-9b61-444c-af3c-10474da2ec03] [http-nio-8080-exec-1] o.s.w.s.m.m.a.RequestMappingHandlerMapping - Mapped to com.bharatshop.auth.AuthController#verifyOtp(Map)
2026-01-22 00:33:50.108 [34mINFO [0;39m [f1fb0a42-9b61-444c-af3c-10474da2ec03] [http-nio-8080-exec-1] c.b.config.TenantInterceptor - tenant-context: tenant=tenantA method=POST path=/api/auth/verify-otp
2026-01-22 00:33:50.110 [34mINFO [0;39m [f1fb0a42-9b61-444c-af3c-10474da2ec03] [http-nio-8080-exec-1] com.bharatshop.auth.AuthController - OTP verify requested: phone=9999999992 otpPresent=true
2026-01-22 00:33:50.110 [34mINFO [0;39m [f1fb0a42-9b61-444c-af3c-10474da2ec03] [http-nio-8080-exec-1] com.bharatshop.service.AuthService - Verifying OTP (role-aware) for phone=9999999992 role=SELLER
2026-01-22 00:33:50.226 [31mWARN [0;39m [f1fb0a42-9b61-444c-af3c-10474da2ec03] [http-nio-8080-exec-1] c.b.config.GlobalExceptionHandler - API error: code=ROLE_NOT_ASSIGNED message=User does not have requested role
2026-01-22 00:33:50.228 [34mINFO [0;39m [f1fb0a42-9b61-444c-af3c-10474da2ec03] [http-nio-8080-exec-1] c.b.config.logging.HttpLoggingFilter - POST /api/auth/verify-otp -> 403 (122 ms)
2026-01-22 00:33:50.228 [34mINFO [0;39m [f1fb0a42-9b61-444c-af3c-10474da2ec03] [http-nio-8080-exec-1] c.b.config.logging.HttpLoggingFilter - Headers: auth=absent content-type=application/json accept=*/*
2026-01-22 00:33:50.230 [34mINFO [0;39m [f1fb0a42-9b61-444c-af3c-10474da2ec03] [http-nio-8080-exec-1] c.b.config.logging.HttpLoggingFilter - Request payload: {
    "phone": "9999999992",
    "otp": "994501",
    "loginRole": "SELLER"
}
2026-01-22 00:33:50.230 [34mINFO [0;39m [f1fb0a42-9b61-444c-af3c-10474da2ec03] [http-nio-8080-exec-1] c.b.config.logging.HttpLoggingFilter - Response payload: {"code":"ROLE_NOT_ASSIGNED","requestedRole":"SELLER","message":"User does not have requested role"}
2026-01-22 00:37:32.243 [39mDEBUG[0;39m [eaf177e4-7b99-4914-a983-9bd04f04cc92] [http-nio-8080-exec-3] o.s.w.s.m.m.a.RequestMappingHandlerMapping - Mapped to com.bharatshop.auth.AuthController#verifyOtp(Map)
2026-01-22 00:37:32.243 [34mINFO [0;39m [eaf177e4-7b99-4914-a983-9bd04f04cc92] [http-nio-8080-exec-3] c.b.config.TenantInterceptor - tenant-context: tenant=tenantA method=POST path=/api/auth/verify-otp
2026-01-22 00:37:32.246 [34mINFO [0;39m [eaf177e4-7b99-4914-a983-9bd04f04cc92] [http-nio-8080-exec-3] com.bharatshop.auth.AuthController - OTP verify requested: phone=9999999992 otpPresent=true
2026-01-22 00:37:32.246 [34mINFO [0;39m [eaf177e4-7b99-4914-a983-9bd04f04cc92] [http-nio-8080-exec-3] com.bharatshop.service.AuthService - Verifying OTP (role-aware) for phone=9999999992 role=CUSTOMER
2026-01-22 00:37:32.247 [31mWARN [0;39m [eaf177e4-7b99-4914-a983-9bd04f04cc92] [http-nio-8080-exec-3] com.bharatshop.service.AuthService - OTP verification failed: expired otpId=af02589d-8a71-44da-ac7c-0af1dc84a9d9 for phone=9999999992
2026-01-22 00:37:32.247 [31mWARN [0;39m [eaf177e4-7b99-4914-a983-9bd04f04cc92] [http-nio-8080-exec-3] c.b.config.GlobalExceptionHandler - API error: code=BAD_REQUEST message=Invalid OTP
2026-01-22 00:37:32.248 [34mINFO [0;39m [eaf177e4-7b99-4914-a983-9bd04f04cc92] [http-nio-8080-exec-3] c.b.config.logging.HttpLoggingFilter - POST /api/auth/verify-otp -> 400 (6 ms)
2026-01-22 00:37:32.249 [34mINFO [0;39m [eaf177e4-7b99-4914-a983-9bd04f04cc92] [http-nio-8080-exec-3] c.b.config.logging.HttpLoggingFilter - Headers: auth=absent content-type=application/json accept=*/*
2026-01-22 00:37:32.249 [34mINFO [0;39m [eaf177e4-7b99-4914-a983-9bd04f04cc92] [http-nio-8080-exec-3] c.b.config.logging.HttpLoggingFilter - Request payload: {
    "phone": "9999999992",
    "otp": "994501",
    "loginRole": "CUSTOMER"
}
2026-01-22 00:37:32.250 [34mINFO [0;39m [eaf177e4-7b99-4914-a983-9bd04f04cc92] [http-nio-8080-exec-3] c.b.config.logging.HttpLoggingFilter - Response payload: {"code":"BAD_REQUEST","message":"Invalid OTP"}
2026-01-22 00:37:46.919 [39mDEBUG[0;39m [d580dd9a-3287-4b7a-ade8-416da8c74abd] [http-nio-8080-exec-6] o.s.w.s.m.m.a.RequestMappingHandlerMapping - Mapped to com.bharatshop.auth.AuthController#sendOtp(Map)
2026-01-22 00:37:46.920 [34mINFO [0;39m [d580dd9a-3287-4b7a-ade8-416da8c74abd] [http-nio-8080-exec-6] c.b.config.TenantInterceptor - tenant-context: tenant=tenantA method=POST path=/api/auth/send-otp
2026-01-22 00:37:46.921 [34mINFO [0;39m [d580dd9a-3287-4b7a-ade8-416da8c74abd] [http-nio-8080-exec-6] com.bharatshop.auth.AuthController - OTP send requested: phone=9999999992
2026-01-22 00:37:46.922 [34mINFO [0;39m [d580dd9a-3287-4b7a-ade8-416da8c74abd] [http-nio-8080-exec-6] com.bharatshop.service.AuthService - Sending OTP to phone=9999999992
2026-01-22 00:37:46.923 [34mINFO [0;39m [d580dd9a-3287-4b7a-ade8-416da8c74abd] [http-nio-8080-exec-6] com.bharatshop.service.AuthService - OTP generated: otpId=c9ea8b9f-c9ca-4d6c-b432-8fd4aa3a8482 expiresAt=1769022586922
2026-01-22 00:37:46.925 [34mINFO [0;39m [d580dd9a-3287-4b7a-ade8-416da8c74abd] [http-nio-8080-exec-6] c.b.config.logging.HttpLoggingFilter - POST /api/auth/send-otp -> 200 (6 ms)
2026-01-22 00:37:46.925 [34mINFO [0;39m [d580dd9a-3287-4b7a-ade8-416da8c74abd] [http-nio-8080-exec-6] c.b.config.logging.HttpLoggingFilter - Headers: auth=absent content-type=application/json accept=*/*
2026-01-22 00:37:46.925 [34mINFO [0;39m [d580dd9a-3287-4b7a-ade8-416da8c74abd] [http-nio-8080-exec-6] c.b.config.logging.HttpLoggingFilter - Request payload: { "phone": "9999999992" }
2026-01-22 00:37:46.926 [34mINFO [0;39m [d580dd9a-3287-4b7a-ade8-416da8c74abd] [http-nio-8080-exec-6] c.b.config.logging.HttpLoggingFilter - Response payload: {"success":true,"ttlSeconds":120,"otp":"466502","otpId":"c9ea8b9f-c9ca-4d6c-b432-8fd4aa3a8482"}
2026-01-22 00:37:59.975 [39mDEBUG[0;39m [4dc827f5-4574-43a8-ba00-bfa711972e0f] [http-nio-8080-exec-7] o.s.w.s.m.m.a.RequestMappingHandlerMapping - Mapped to com.bharatshop.auth.AuthController#verifyOtp(Map)
2026-01-22 00:37:59.976 [34mINFO [0;39m [4dc827f5-4574-43a8-ba00-bfa711972e0f] [http-nio-8080-exec-7] c.b.config.TenantInterceptor - tenant-context: tenant=tenantA method=POST path=/api/auth/verify-otp
2026-01-22 00:37:59.978 [34mINFO [0;39m [4dc827f5-4574-43a8-ba00-bfa711972e0f] [http-nio-8080-exec-7] com.bharatshop.auth.AuthController - OTP verify requested: phone=9999999992 otpPresent=true
2026-01-22 00:37:59.978 [34mINFO [0;39m [4dc827f5-4574-43a8-ba00-bfa711972e0f] [http-nio-8080-exec-7] com.bharatshop.service.AuthService - Verifying OTP (role-aware) for phone=9999999992 role=null
2026-01-22 00:37:59.979 [31mWARN [0;39m [4dc827f5-4574-43a8-ba00-bfa711972e0f] [http-nio-8080-exec-7] c.b.config.GlobalExceptionHandler - API error: code=ROLE_REQUIRED message=loginRole is required
2026-01-22 00:37:59.980 [34mINFO [0;39m [4dc827f5-4574-43a8-ba00-bfa711972e0f] [http-nio-8080-exec-7] c.b.config.logging.HttpLoggingFilter - POST /api/auth/verify-otp -> 400 (5 ms)
2026-01-22 00:37:59.981 [34mINFO [0;39m [4dc827f5-4574-43a8-ba00-bfa711972e0f] [http-nio-8080-exec-7] c.b.config.logging.HttpLoggingFilter - Headers: auth=absent content-type=application/json accept=*/*
2026-01-22 00:37:59.981 [34mINFO [0;39m [4dc827f5-4574-43a8-ba00-bfa711972e0f] [http-nio-8080-exec-7] c.b.config.logging.HttpLoggingFilter - Request payload: {
    "phone": "9999999992",
    "otp": "466502"
}
2026-01-22 00:37:59.981 [34mINFO [0;39m [4dc827f5-4574-43a8-ba00-bfa711972e0f] [http-nio-8080-exec-7] c.b.config.logging.HttpLoggingFilter - Response payload: {"code":"ROLE_REQUIRED","message":"loginRole is required"}
2026-01-22 00:39:47.447 [34mINFO [0;39m [] [main] c.bharatshop.BharatshopApplication - Starting BharatshopApplication using Java 17.0.12 with PID 32036 (C:\Users\Adarsh\Downloads\bharatshop-backend\target\bharatshop-backend-0.0.1-SNAPSHOT.jar started by Adarsh in C:\Users\Adarsh\Downloads\bharatshop-backend)
2026-01-22 00:39:47.455 [39mDEBUG[0;39m [] [main] c.bharatshop.BharatshopApplication - Running with Spring Boot v3.3.4, Spring v6.1.13
2026-01-22 00:39:47.457 [34mINFO [0;39m [] [main] c.bharatshop.BharatshopApplication - The following 1 profile is active: "mysql"
2026-01-22 00:39:50.333 [34mINFO [0;39m [] [main] o.s.d.r.c.RepositoryConfigurationDelegate - Bootstrapping Spring Data JPA repositories in DEFAULT mode.
2026-01-22 00:39:50.561 [34mINFO [0;39m [] [main] o.s.d.r.c.RepositoryConfigurationDelegate - Finished Spring Data repository scanning in 212 ms. Found 20 JPA repository interfaces.
2026-01-22 00:39:52.603 [34mINFO [0;39m [] [main] o.s.b.w.e.tomcat.TomcatWebServer - Tomcat initialized with port 8080 (http)
2026-01-22 00:39:52.626 [34mINFO [0;39m [] [main] o.a.coyote.http11.Http11NioProtocol - Initializing ProtocolHandler ["http-nio-8080"]
2026-01-22 00:39:52.638 [34mINFO [0;39m [] [main] o.a.catalina.core.StandardService - Starting service [Tomcat]
2026-01-22 00:39:52.639 [34mINFO [0;39m [] [main] o.a.catalina.core.StandardEngine - Starting Servlet engine: [Apache Tomcat/10.1.30]
2026-01-22 00:39:52.774 [34mINFO [0;39m [] [main] o.a.c.c.C.[Tomcat].[localhost].[/] - Initializing Spring embedded WebApplicationContext
2026-01-22 00:39:52.775 [34mINFO [0;39m [] [main] o.s.b.w.s.c.ServletWebServerApplicationContext - Root WebApplicationContext: initialization completed in 5176 ms
2026-01-22 00:39:54.619 [34mINFO [0;39m [] [main] o.s.o.j.p.SpringPersistenceUnitInfo - No LoadTimeWeaver setup: ignoring JPA class transformer
2026-01-22 00:39:54.686 [34mINFO [0;39m [] [main] com.zaxxer.hikari.HikariDataSource - HikariPool-1 - Starting...
2026-01-22 00:39:55.086 [34mINFO [0;39m [] [main] com.zaxxer.hikari.pool.HikariPool - HikariPool-1 - Added connection com.mysql.cj.jdbc.ConnectionImpl@97cb8dc
2026-01-22 00:39:55.096 [34mINFO [0;39m [] [main] com.zaxxer.hikari.HikariDataSource - HikariPool-1 - Start completed.
2026-01-22 00:39:58.165 [34mINFO [0;39m [] [main] o.s.o.j.LocalContainerEntityManagerFactoryBean - Initialized JPA EntityManagerFactory for persistence unit 'default'
2026-01-22 00:39:58.966 [34mINFO [0;39m [] [main] o.s.d.j.r.query.QueryEnhancerFactory - Hibernate is in classpath; If applicable, HQL parser will be used.
2026-01-22 00:39:59.882 [39mDEBUG[0;39m [] [main] c.b.c.logging.CorrelationIdFilter - Filter 'correlationIdFilter' configured for use
2026-01-22 00:39:59.883 [39mDEBUG[0;39m [] [main] c.b.config.logging.HttpLoggingFilter - Filter 'httpLoggingFilter' configured for use
2026-01-22 00:39:59.886 [39mDEBUG[0;39m [] [main] com.bharatshop.config.TenantFilter - Filter 'tenantFilter' configured for use
2026-01-22 00:39:59.887 [39mDEBUG[0;39m [] [main] c.b.security.TokenAuthFilter - Filter 'tokenAuthFilter' configured for use
2026-01-22 00:39:59.893 [39mDEBUG[0;39m [] [main] c.b.config.IdempotencyFilter - Filter 'idempotencyFilter' configured for use
2026-01-22 00:39:59.930 [34mINFO [0;39m [] [main] c.b.config.DatabaseIdentityLogger - [PROFILES] active=mysql
2026-01-22 00:39:59.932 [34mINFO [0;39m [] [main] c.b.config.DatabaseIdentityLogger - [DB] url=jdbc:mysql://localhost:3306/bharatshop?createDatabaseIfNotExist=true&useSSL=false&allowPublicKeyRetrieval=true&serverTimezone=UTC schema=null user=root@localhost catalog=bharatshop
2026-01-22 00:40:02.204 [31mWARN [0;39m [] [main] o.s.b.a.o.j.JpaBaseConfiguration$JpaWebConfiguration - spring.jpa.open-in-view is enabled by default. Therefore, database queries may be performed during view rendering. Explicitly configure spring.jpa.open-in-view to disable this warning
2026-01-22 00:40:02.696 [39mDEBUG[0;39m [] [main] o.s.w.s.m.m.a.RequestMappingHandlerMapping - 125 mappings in 'requestMappingHandlerMapping'
2026-01-22 00:40:03.235 [34mINFO [0;39m [] [main] o.s.b.a.e.web.EndpointLinksResolver - Exposing 4 endpoints beneath base path '/actuator'
2026-01-22 00:40:04.406 [34mINFO [0;39m [] [main] o.a.coyote.http11.Http11NioProtocol - Starting ProtocolHandler ["http-nio-8080"]
2026-01-22 00:40:04.457 [34mINFO [0;39m [] [main] o.s.b.w.e.tomcat.TomcatWebServer - Tomcat started on port 8080 (http) with context path '/'
2026-01-22 00:40:04.487 [34mINFO [0;39m [] [main] c.bharatshop.BharatshopApplication - Started BharatshopApplication in 18.511 seconds (process running for 19.623)
2026-01-22 00:40:04.881 [1;31mERROR[0;39m [] [main] com.bharatshop.service.StoreService - [PROOF][STORE_MAP] entity.id=9fbbec0e-61bb-42e2-8b73-d3db1fe8c65b mapped.id=9fbbec0e-61bb-42e2-8b73-d3db1fe8c65b
2026-01-22 00:40:04.895 [1;31mERROR[0;39m [] [main] com.bharatshop.service.StoreService - [PROOF][STORE_MAP] entity.id=f8931edd-63f6-4b71-ae45-861093b57b58 mapped.id=f8931edd-63f6-4b71-ae45-861093b57b58
2026-01-22 00:40:04.958 [34mINFO [0;39m [] [main] c.b.devtools.TenantDataInspector - TENANT CHECK: DISTINCT store tenants=[tenantA, default] DISTINCT product tenants=[tenantA, default] 
2026-01-22 00:40:04.959 [34mINFO [0;39m [] [main] c.b.devtools.TenantDataInspector - TENANT CHECK: COUNT(stores, tenantA)=73 COUNT(products, tenantA)=111
2026-01-22 00:40:04.970 [34mINFO [0;39m [] [main] c.b.devtools.TenantDataNormalizer - TENANT NORMALIZE: updated stores=4 updated products=6 (NULL/default -> tenantA)
2026-01-22 00:40:41.602 [34mINFO [0;39m [] [http-nio-8080-exec-1] o.a.c.c.C.[Tomcat].[localhost].[/] - Initializing Spring DispatcherServlet 'dispatcherServlet'
2026-01-22 00:40:41.603 [34mINFO [0;39m [] [http-nio-8080-exec-1] o.s.web.servlet.DispatcherServlet - Initializing Servlet 'dispatcherServlet'
2026-01-22 00:40:41.606 [34mINFO [0;39m [] [http-nio-8080-exec-1] o.s.web.servlet.DispatcherServlet - Completed initialization in 3 ms
2026-01-22 00:40:41.687 [39mDEBUG[0;39m [e1d01261-c5e4-48a7-88c3-9fc015ea8453] [http-nio-8080-exec-1] o.s.w.s.m.m.a.RequestMappingHandlerMapping - Mapped to com.bharatshop.auth.AuthController#sendOtp(Map)
2026-01-22 00:40:41.688 [34mINFO [0;39m [e1d01261-c5e4-48a7-88c3-9fc015ea8453] [http-nio-8080-exec-1] c.b.config.TenantInterceptor - tenant-context: tenant=tenantA method=POST path=/api/auth/send-otp
2026-01-22 00:40:41.803 [34mINFO [0;39m [e1d01261-c5e4-48a7-88c3-9fc015ea8453] [http-nio-8080-exec-1] com.bharatshop.auth.AuthController - OTP send requested: phone=9999999991
2026-01-22 00:40:41.803 [34mINFO [0;39m [e1d01261-c5e4-48a7-88c3-9fc015ea8453] [http-nio-8080-exec-1] com.bharatshop.service.AuthService - Sending OTP to phone=9999999991
2026-01-22 00:40:41.804 [34mINFO [0;39m [e1d01261-c5e4-48a7-88c3-9fc015ea8453] [http-nio-8080-exec-1] com.bharatshop.service.AuthService - OTP generated: otpId=27df2a23-e878-4768-9e27-d9ea23aae12a expiresAt=1769022761804
2026-01-22 00:40:41.855 [34mINFO [0;39m [e1d01261-c5e4-48a7-88c3-9fc015ea8453] [http-nio-8080-exec-1] c.b.config.logging.HttpLoggingFilter - POST /api/auth/send-otp -> 200 (178 ms)
2026-01-22 00:40:41.856 [34mINFO [0;39m [e1d01261-c5e4-48a7-88c3-9fc015ea8453] [http-nio-8080-exec-1] c.b.config.logging.HttpLoggingFilter - Headers: auth=absent content-type=application/json accept=null
2026-01-22 00:40:41.857 [34mINFO [0;39m [e1d01261-c5e4-48a7-88c3-9fc015ea8453] [http-nio-8080-exec-1] c.b.config.logging.HttpLoggingFilter - Request payload: {
    "phone":  "9999999991"
}
2026-01-22 00:40:41.857 [34mINFO [0;39m [e1d01261-c5e4-48a7-88c3-9fc015ea8453] [http-nio-8080-exec-1] c.b.config.logging.HttpLoggingFilter - Response payload: {"success":true,"ttlSeconds":120,"otp":"892967","otpId":"27df2a23-e878-4768-9e27-d9ea23aae12a"}
2026-01-22 00:40:52.636 [39mDEBUG[0;39m [d5f01022-403f-4e77-b6a8-79b4bb2f3381] [http-nio-8080-exec-3] o.s.w.s.m.m.a.RequestMappingHandlerMapping - Mapped to com.bharatshop.auth.AuthController#verifyOtp(Map)
2026-01-22 00:40:52.638 [34mINFO [0;39m [d5f01022-403f-4e77-b6a8-79b4bb2f3381] [http-nio-8080-exec-3] c.b.config.TenantInterceptor - tenant-context: tenant=tenantA method=POST path=/api/auth/verify-otp
2026-01-22 00:40:52.640 [34mINFO [0;39m [d5f01022-403f-4e77-b6a8-79b4bb2f3381] [http-nio-8080-exec-3] com.bharatshop.auth.AuthController - OTP verify requested: phone=9999999991 otpPresent=true
2026-01-22 00:40:52.640 [34mINFO [0;39m [d5f01022-403f-4e77-b6a8-79b4bb2f3381] [http-nio-8080-exec-3] com.bharatshop.service.AuthService - Verifying OTP for phone=9999999991
2026-01-22 00:40:52.641 [34mINFO [0;39m [d5f01022-403f-4e77-b6a8-79b4bb2f3381] [http-nio-8080-exec-3] com.bharatshop.service.AuthService - OTP verification success for phone=9999999991
2026-01-22 00:40:52.641 [34mINFO [0;39m [d5f01022-403f-4e77-b6a8-79b4bb2f3381] [http-nio-8080-exec-3] com.bharatshop.service.AuthService - Login (phone) attempt: phone=9999999991
2026-01-22 00:40:52.837 [34mINFO [0;39m [d5f01022-403f-4e77-b6a8-79b4bb2f3381] [http-nio-8080-exec-3] com.bharatshop.service.AuthService - Session created: userId=2299191a-6f05-4398-b9bf-701798a21667 activeRole=CUSTOMER
2026-01-22 00:40:52.839 [34mINFO [0;39m [d5f01022-403f-4e77-b6a8-79b4bb2f3381] [http-nio-8080-exec-3] com.bharatshop.service.AuthService - Login (phone) success: userId=2299191a-6f05-4398-b9bf-701798a21667 token=eyJhbGciOiJIUzI1NiIsInR5cCI6IkpXVCJ9.eyJzdWIiOiIyMjk5MTkxYS02ZjA1LTQzOTgtYjliZi03MDE3OThhMjE2NjciLCJpc3MiOiJiaGFyYXRzaG9wIiwiYXVkIjoiYmhhcmF0c2hvcC1jbGllbnRzIiwibmFtZSI6IlVzZXI5OTkxIiwicm9sZSI6IkNVU1RPTUVSIiwidGVuYW50SWQiOiJ0ZW5hbnRBIiwiYWN0aXZlUm9sZSI6IkNVU1RPTUVSIiwicm9sZXMiOlsiQ1VTVE9NRVIiXSwiaWF0IjoxNzY5MDIyNjUyLCJleHAiOjE3NjkwMjYyNTJ9.wHJmewBXWGOYzDH01-yO2yBnsqSfvlADIKFX1n336Fw activeRole=CUSTOMER 
2026-01-22 00:40:52.906 [34mINFO [0;39m [d5f01022-403f-4e77-b6a8-79b4bb2f3381] [http-nio-8080-exec-3] com.bharatshop.auth.AuthController - OTP verify success: userId=2299191a-6f05-4398-b9bf-701798a21667 tokenPresent=true
2026-01-22 00:40:52.982 [34mINFO [0;39m [d5f01022-403f-4e77-b6a8-79b4bb2f3381] [http-nio-8080-exec-3] c.b.config.logging.HttpLoggingFilter - POST /api/auth/verify-otp -> 200 (346 ms)
2026-01-22 00:40:52.982 [34mINFO [0;39m [d5f01022-403f-4e77-b6a8-79b4bb2f3381] [http-nio-8080-exec-3] c.b.config.logging.HttpLoggingFilter - Headers: auth=absent content-type=application/json accept=null
2026-01-22 00:40:52.983 [34mINFO [0;39m [d5f01022-403f-4e77-b6a8-79b4bb2f3381] [http-nio-8080-exec-3] c.b.config.logging.HttpLoggingFilter - Request payload: {
    "phone":  "9999999991",
    "otp":  "892967"
}
2026-01-22 00:40:52.983 [34mINFO [0;39m [d5f01022-403f-4e77-b6a8-79b4bb2f3381] [http-nio-8080-exec-3] c.b.config.logging.HttpLoggingFilter - Response payload: {"success":true,"user":{"id":"2299191a-6f05-4398-b9bf-701798a21667","name":"User9991","email":null,"phone":"9999999991","role":"CUSTOMER","tenantId":"tenantA"},"token":"eyJhbGciOiJIUzI1NiIsInR5cCI6IkpXVCJ9.eyJzdWIiOiIyMjk5MTkxYS02ZjA1LTQzOTgtYjliZi03MDE3OThhMjE2NjciLCJpc3MiOiJiaGFyYXRzaG9wIiwiYXVkIjoiYmhhcmF0c2hvcC1jbGllbnRzIiwibmFtZSI6IlVzZXI5OTkxIiwicm9sZSI6IkNVU1RPTUVSIiwidGVuYW50SWQiOiJ0ZW5hbnRBIiwiYWN0aXZlUm9sZSI6IkNVU1RPTUVSIiwicm9sZXMiOlsiQ1VTVE9NRVIiXSwiaWF0IjoxNzY5MDIyNjUyLCJleHAiOjE3NjkwMjYyNTJ9.wHJmewBXWGOYzDH01-yO2yBnsqSfvlADIKFX1n336Fw"}
2026-01-22 00:41:11.526 [39mDEBUG[0;39m [e147cbd2-66d5-4af5-b0ae-5d0940b868a0] [http-nio-8080-exec-5] o.s.w.s.m.m.a.RequestMappingHandlerMapping - Mapped to com.bharatshop.auth.AuthController#sendOtp(Map)
2026-01-22 00:41:11.527 [34mINFO [0;39m [e147cbd2-66d5-4af5-b0ae-5d0940b868a0] [http-nio-8080-exec-5] c.b.config.TenantInterceptor - tenant-context: tenant=tenantA method=POST path=/api/auth/send-otp
2026-01-22 00:41:11.528 [34mINFO [0;39m [e147cbd2-66d5-4af5-b0ae-5d0940b868a0] [http-nio-8080-exec-5] com.bharatshop.auth.AuthController - OTP send requested: phone=9999999992
2026-01-22 00:41:11.529 [34mINFO [0;39m [e147cbd2-66d5-4af5-b0ae-5d0940b868a0] [http-nio-8080-exec-5] com.bharatshop.service.AuthService - Sending OTP to phone=9999999992
2026-01-22 00:41:11.530 [34mINFO [0;39m [e147cbd2-66d5-4af5-b0ae-5d0940b868a0] [http-nio-8080-exec-5] com.bharatshop.service.AuthService - OTP generated: otpId=c97500e8-8426-489b-83b7-8dd25df9516d expiresAt=1769022791530
2026-01-22 00:41:11.532 [34mINFO [0;39m [e147cbd2-66d5-4af5-b0ae-5d0940b868a0] [http-nio-8080-exec-5] c.b.config.logging.HttpLoggingFilter - POST /api/auth/send-otp -> 200 (7 ms)
2026-01-22 00:41:11.532 [34mINFO [0;39m [e147cbd2-66d5-4af5-b0ae-5d0940b868a0] [http-nio-8080-exec-5] c.b.config.logging.HttpLoggingFilter - Headers: auth=absent content-type=application/json accept=*/*
2026-01-22 00:41:11.533 [34mINFO [0;39m [e147cbd2-66d5-4af5-b0ae-5d0940b868a0] [http-nio-8080-exec-5] c.b.config.logging.HttpLoggingFilter - Request payload: { "phone": "9999999992" }
2026-01-22 00:41:11.533 [34mINFO [0;39m [e147cbd2-66d5-4af5-b0ae-5d0940b868a0] [http-nio-8080-exec-5] c.b.config.logging.HttpLoggingFilter - Response payload: {"success":true,"ttlSeconds":120,"otp":"492710","otpId":"c97500e8-8426-489b-83b7-8dd25df9516d"}
2026-01-22 00:41:20.845 [39mDEBUG[0;39m [b75d49ca-4de7-4697-87b7-d95ec65cea2f] [http-nio-8080-exec-6] o.s.w.s.m.m.a.RequestMappingHandlerMapping - Mapped to com.bharatshop.auth.AuthController#verifyOtp(Map)
2026-01-22 00:41:20.846 [34mINFO [0;39m [b75d49ca-4de7-4697-87b7-d95ec65cea2f] [http-nio-8080-exec-6] c.b.config.TenantInterceptor - tenant-context: tenant=tenantA method=POST path=/api/auth/verify-otp
2026-01-22 00:41:20.847 [34mINFO [0;39m [b75d49ca-4de7-4697-87b7-d95ec65cea2f] [http-nio-8080-exec-6] com.bharatshop.auth.AuthController - OTP verify requested: phone=9999999992 otpPresent=true
2026-01-22 00:41:20.849 [34mINFO [0;39m [b75d49ca-4de7-4697-87b7-d95ec65cea2f] [http-nio-8080-exec-6] com.bharatshop.service.AuthService - Verifying OTP for phone=9999999992
2026-01-22 00:41:20.849 [34mINFO [0;39m [b75d49ca-4de7-4697-87b7-d95ec65cea2f] [http-nio-8080-exec-6] com.bharatshop.service.AuthService - OTP verification success for phone=9999999992
2026-01-22 00:41:20.850 [34mINFO [0;39m [b75d49ca-4de7-4697-87b7-d95ec65cea2f] [http-nio-8080-exec-6] com.bharatshop.service.AuthService - Login (phone) attempt: phone=9999999992
2026-01-22 00:41:20.867 [34mINFO [0;39m [b75d49ca-4de7-4697-87b7-d95ec65cea2f] [http-nio-8080-exec-6] com.bharatshop.service.AuthService - Session created: userId=12593165-2284-48a6-b3bb-b41c07a300a9 activeRole=CUSTOMER
2026-01-22 00:41:20.868 [34mINFO [0;39m [b75d49ca-4de7-4697-87b7-d95ec65cea2f] [http-nio-8080-exec-6] com.bharatshop.service.AuthService - Login (phone) success: userId=12593165-2284-48a6-b3bb-b41c07a300a9 token=eyJhbGciOiJIUzI1NiIsInR5cCI6IkpXVCJ9.eyJzdWIiOiIxMjU5MzE2NS0yMjg0LTQ4YTYtYjNiYi1iNDFjMDdhMzAwYTkiLCJpc3MiOiJiaGFyYXRzaG9wIiwiYXVkIjoiYmhhcmF0c2hvcC1jbGllbnRzIiwibmFtZSI6IlVzZXI5OTkyIiwicm9sZSI6IkNVU1RPTUVSIiwidGVuYW50SWQiOiJ0ZW5hbnRBIiwiYWN0aXZlUm9sZSI6IkNVU1RPTUVSIiwicm9sZXMiOlsiQ1VTVE9NRVIiXSwiaWF0IjoxNzY5MDIyNjgwLCJleHAiOjE3NjkwMjYyODB9.xqvkL-9LV7dKLG2kCdV7gIffHIf3yNFpNRA9SnHPLKw activeRole=CUSTOMER 
2026-01-22 00:41:20.878 [34mINFO [0;39m [b75d49ca-4de7-4697-87b7-d95ec65cea2f] [http-nio-8080-exec-6] com.bharatshop.auth.AuthController - OTP verify success: userId=12593165-2284-48a6-b3bb-b41c07a300a9 tokenPresent=true
2026-01-22 00:41:20.880 [34mINFO [0;39m [b75d49ca-4de7-4697-87b7-d95ec65cea2f] [http-nio-8080-exec-6] c.b.config.logging.HttpLoggingFilter - POST /api/auth/verify-otp -> 200 (36 ms)
2026-01-22 00:41:20.880 [34mINFO [0;39m [b75d49ca-4de7-4697-87b7-d95ec65cea2f] [http-nio-8080-exec-6] c.b.config.logging.HttpLoggingFilter - Headers: auth=absent content-type=application/json accept=*/*
2026-01-22 00:41:20.881 [34mINFO [0;39m [b75d49ca-4de7-4697-87b7-d95ec65cea2f] [http-nio-8080-exec-6] c.b.config.logging.HttpLoggingFilter - Request payload: {
    "phone": "9999999992",
    "otp": "492710"
}
2026-01-22 00:41:20.881 [34mINFO [0;39m [b75d49ca-4de7-4697-87b7-d95ec65cea2f] [http-nio-8080-exec-6] c.b.config.logging.HttpLoggingFilter - Response payload: {"success":true,"user":{"id":"12593165-2284-48a6-b3bb-b41c07a300a9","name":"User9992","email":null,"phone":"9999999992","role":"CUSTOMER","tenantId":"tenantA"},"token":"eyJhbGciOiJIUzI1NiIsInR5cCI6IkpXVCJ9.eyJzdWIiOiIxMjU5MzE2NS0yMjg0LTQ4YTYtYjNiYi1iNDFjMDdhMzAwYTkiLCJpc3MiOiJiaGFyYXRzaG9wIiwiYXVkIjoiYmhhcmF0c2hvcC1jbGllbnRzIiwibmFtZSI6IlVzZXI5OTkyIiwicm9sZSI6IkNVU1RPTUVSIiwidGVuYW50SWQiOiJ0ZW5hbnRBIiwiYWN0aXZlUm9sZSI6IkNVU1RPTUVSIiwicm9sZXMiOlsiQ1VTVE9NRVIiXSwiaWF0IjoxNzY5MDIyNjgwLCJleHAiOjE3NjkwMjYyODB9.xqvkL-9LV7dKLG2kCdV7gIffHIf3yNFpNRA9SnHPLKw"}
2026-01-22 00:41:39.335 [39mDEBUG[0;39m [25b9a351-74d7-41e6-bf1a-8f2e911b4124] [http-nio-8080-exec-7] o.s.w.s.m.m.a.RequestMappingHandlerMapping - Mapped to com.bharatshop.customer.CustomerOrderController#placeOrder(CheckoutRequest, String, UserPrincipal)
2026-01-22 00:41:39.336 [34mINFO [0;39m [25b9a351-74d7-41e6-bf1a-8f2e911b4124] [http-nio-8080-exec-7] c.b.config.TenantInterceptor - tenant-context: tenant=tenantA method=POST path=/api/customer/orders
2026-01-22 00:41:39.398 [34mINFO [0;39m [25b9a351-74d7-41e6-bf1a-8f2e911b4124] [http-nio-8080-exec-7] c.bharatshop.service.CheckoutService - CheckoutService: tenant=tenantA userId=12593165-2284-48a6-b3bb-b41c07a300a9
2026-01-22 00:41:39.400 [34mINFO [0;39m [25b9a351-74d7-41e6-bf1a-8f2e911b4124] [http-nio-8080-exec-7] c.bharatshop.service.CheckoutService - CheckoutRequest: items.size=1 itemClass=com.bharatshop.dto.CheckoutItem productIds=prodA1
2026-01-22 00:41:39.410 [1;31mERROR[0;39m [25b9a351-74d7-41e6-bf1a-8f2e911b4124] [http-nio-8080-exec-7] c.bharatshop.service.CheckoutService - [PROOF][CHECKOUT] lookup productId=prodA1 found=true
2026-01-22 00:41:39.411 [1;31mERROR[0;39m [25b9a351-74d7-41e6-bf1a-8f2e911b4124] [http-nio-8080-exec-7] c.bharatshop.service.CheckoutService - [PROOF][CHECKOUT] product.id=prodA1 product.storeId=storeA tenant=tenantA
2026-01-22 00:41:39.411 [34mINFO [0;39m [25b9a351-74d7-41e6-bf1a-8f2e911b4124] [http-nio-8080-exec-7] c.bharatshop.service.CheckoutService - CheckoutService: storeId resolved=storeA
2026-01-22 00:41:39.420 [1;31mERROR[0;39m [25b9a351-74d7-41e6-bf1a-8f2e911b4124] [http-nio-8080-exec-7] com.bharatshop.service.StoreService - [PROOF][STORE_MAP] entity.id=storeA mapped.id=storeA
2026-01-22 00:41:39.431 [34mINFO [0;39m [25b9a351-74d7-41e6-bf1a-8f2e911b4124] [http-nio-8080-exec-7] c.bharatshop.service.CheckoutService - CheckoutService: total computed=110.0
2026-01-22 00:41:39.559 [34mINFO [0;39m [25b9a351-74d7-41e6-bf1a-8f2e911b4124] [http-nio-8080-exec-7] c.bharatshop.service.CheckoutService - CheckoutService: success orderId=9caed386-2a7c-4f61-956f-52f8969c9317 reference=REF-9caed386 userId=12593165-2284-48a6-b3bb-b41c07a300a9
2026-01-22 00:41:39.585 [34mINFO [0;39m [25b9a351-74d7-41e6-bf1a-8f2e911b4124] [http-nio-8080-exec-7] c.b.config.logging.HttpLoggingFilter - POST /api/customer/orders -> 201 (250 ms)
2026-01-22 00:41:39.586 [34mINFO [0;39m [25b9a351-74d7-41e6-bf1a-8f2e911b4124] [http-nio-8080-exec-7] c.b.config.logging.HttpLoggingFilter - Headers: auth=present content-type=application/json accept=*/*
2026-01-22 00:41:39.587 [34mINFO [0;39m [25b9a351-74d7-41e6-bf1a-8f2e911b4124] [http-nio-8080-exec-7] c.b.config.logging.HttpLoggingFilter - Request payload: {"paymentMethod":"cod","items":[{"productId":"prodA1","quantity":2}]}
2026-01-22 00:41:39.587 [34mINFO [0;39m [25b9a351-74d7-41e6-bf1a-8f2e911b4124] [http-nio-8080-exec-7] c.b.config.logging.HttpLoggingFilter - Response payload: {"order":{"id":"9caed386-2a7c-4f61-956f-52f8969c9317","reference":"REF-9caed386","status":"placed","total":110.0,"totals":{"subtotal":null,"deliveryFee":null,"tax":null,"tip":null,"payable":110.0},"items":[{"id":"prodA1","name":"Aata 1kg","price":55.0,"quantity":2,"requiresPrescription":null,"status":null}],"paymentMethod":"cod","paymentInfo":null,"address":null,"deliverySlot":null,"deliveryInstructions":null,"type":"order","createdAt":"2026-01-21T19:11:39.433540400Z","sellerResponseDeadline":"2026-01-21T19:26:39.433540400Z","sellerAcceptedAt":null,"cancelledAt":null,"cancellationReason":null,"storeId":"storeA","notes":null}}
2026-01-22 00:41:39.693 [34mINFO [0;39m [] [ForkJoinPool.commonPool-worker-1] c.b.service.NotificationService - No active notification preferences for user 12593165-2284-48a6-b3bb-b41c07a300a9 in tenant tenantA
2026-01-22 00:57:53.775 [31mWARN [0;39m [] [HikariPool-1 housekeeper] com.zaxxer.hikari.pool.HikariPool - HikariPool-1 - Thread starvation or clock leap detected (housekeeper delta=15m58s532ms590µs700ns).
2026-01-22 20:00:35.448 [31mWARN [0;39m [] [HikariPool-1 housekeeper] com.zaxxer.hikari.pool.HikariPool - HikariPool-1 - Thread starvation or clock leap detected (housekeeper delta=18h54m16s58ms305µs200ns).
