2025-11-17 22:31:29.173 [31mWARN [0;39m [] [HikariPool-1 housekeeper] com.zaxxer.hikari.pool.HikariPool - HikariPool-1 - Thread starvation or clock leap detected (housekeeper delta=1d21h54m23s892ms8µs200ns).
2025-11-17 22:33:08.319 [39mDEBUG[0;39m [9bdc41f7-7166-4102-a47f-635496e5b2ef] [http-nio-8081-exec-10] c.b.c.logging.MethodLoggingAspect - Controller enter: AuthController.profile(..) args=[ContentCachingRequestWrapper(org.springframework.web.util.ContentCachingRequestWrapper@220f6f4d)]
2025-11-17 22:33:08.322 [34mINFO [0;39m [9bdc41f7-7166-4102-a47f-635496e5b2ef] [http-nio-8081-exec-10] com.bharatshop.web.AuthController - Profile requested: tokenPresent=true 
2025-11-17 22:33:08.323 [39mDEBUG[0;39m [9bdc41f7-7166-4102-a47f-635496e5b2ef] [http-nio-8081-exec-10] c.b.c.logging.MethodLoggingAspect - Service enter: AuthService.getProfile(..) args=[eyJhbGciOiJIUzI1NiIsInR5cCI6IkpXVCJ9.eyJzdWIiOiIwMWM5YTE1OS1hM2RmLTQ5YTMtOTE1OC1hNTNmZjIxZGNlM2QiLCJuYW1lIjoiVXNlcjAxNzgiLCJyb2xlIjoiY29uc3VtZXIiLCJpYXQiOjE3NjMyMzAwMDIsImV4cCI6MTc2MzIzMzYwMn0.DDce4J-YgOjTBJjimP-LEYuUQAIySwJg-J938FnedbI]
2025-11-17 22:33:08.323 [34mINFO [0;39m [9bdc41f7-7166-4102-a47f-635496e5b2ef] [http-nio-8081-exec-10] c.b.c.logging.MethodLoggingAspect - Service exit: AuthService.getProfile(..) (0 ms)
2025-11-17 22:33:08.323 [39mDEBUG[0;39m [9bdc41f7-7166-4102-a47f-635496e5b2ef] [http-nio-8081-exec-10] c.b.c.logging.MethodLoggingAspect - Service result: AuthService.getProfile(..) => null
2025-11-17 22:33:08.331 [39mDEBUG[0;39m [605c4c40-3a38-4d52-9b8f-96493a9f3af0] [http-nio-8081-exec-8] c.b.c.logging.MethodLoggingAspect - Controller enter: StorefrontCartController.getCart(..) args=[demo-store, guest_1763142291071_p6hkbv]
2025-11-17 22:33:08.331 [34mINFO [0;39m [9bdc41f7-7166-4102-a47f-635496e5b2ef] [http-nio-8081-exec-10] c.b.c.logging.MethodLoggingAspect - Controller exit: AuthController.profile(..) -> status=401 (21 ms)
2025-11-17 22:33:08.333 [39mDEBUG[0;39m [9bdc41f7-7166-4102-a47f-635496e5b2ef] [http-nio-8081-exec-10] c.b.c.logging.MethodLoggingAspect - Controller result: AuthController.profile(..) => ResponseEntity(status=401)
2025-11-17 22:33:08.337 [34mINFO [0;39m [605c4c40-3a38-4d52-9b8f-96493a9f3af0] [http-nio-8081-exec-8] c.b.web.StorefrontCartController - Storefront get cart: tenant=demo-store userId=guest-guest_1763142291071_p6hkbv 
2025-11-17 22:33:08.338 [39mDEBUG[0;39m [605c4c40-3a38-4d52-9b8f-96493a9f3af0] [http-nio-8081-exec-8] c.b.c.logging.MethodLoggingAspect - Service enter: CartService.getCart(..) args=[guest-guest_1763142291071_p6hkbv]
2025-11-17 22:33:08.339 [34mINFO [0;39m [605c4c40-3a38-4d52-9b8f-96493a9f3af0] [http-nio-8081-exec-8] c.b.c.logging.MethodLoggingAspect - Service exit: CartService.getCart(..) (1 ms)
2025-11-17 22:33:08.342 [39mDEBUG[0;39m [605c4c40-3a38-4d52-9b8f-96493a9f3af0] [http-nio-8081-exec-8] c.b.c.logging.MethodLoggingAspect - Service result: CartService.getCart(..) => ArrayList[size=0]
2025-11-17 22:33:08.342 [34mINFO [0;39m [605c4c40-3a38-4d52-9b8f-96493a9f3af0] [http-nio-8081-exec-8] c.b.c.logging.MethodLoggingAspect - Controller exit: StorefrontCartController.getCart(..) -> status=200 (11 ms)
2025-11-17 22:33:08.342 [39mDEBUG[0;39m [605c4c40-3a38-4d52-9b8f-96493a9f3af0] [http-nio-8081-exec-8] c.b.c.logging.MethodLoggingAspect - Controller result: StorefrontCartController.getCart(..) => ResponseEntity(status=200)
2025-11-17 22:33:08.373 [34mINFO [0;39m [605c4c40-3a38-4d52-9b8f-96493a9f3af0] [http-nio-8081-exec-8] c.b.config.logging.HttpLoggingFilter - GET /api/storefront/cart -> 200 (154 ms)
2025-11-17 22:33:08.373 [34mINFO [0;39m [9bdc41f7-7166-4102-a47f-635496e5b2ef] [http-nio-8081-exec-10] c.b.config.logging.HttpLoggingFilter - GET /api/storefront/auth/profile -> 401 (154 ms)
2025-11-17 22:33:08.376 [34mINFO [0;39m [605c4c40-3a38-4d52-9b8f-96493a9f3af0] [http-nio-8081-exec-8] c.b.config.logging.HttpLoggingFilter - Headers: auth=present content-type=null accept=application/json, text/plain, */*
2025-11-17 22:33:08.376 [34mINFO [0;39m [9bdc41f7-7166-4102-a47f-635496e5b2ef] [http-nio-8081-exec-10] c.b.config.logging.HttpLoggingFilter - Headers: auth=present content-type=null accept=application/json, text/plain, */*
2025-11-17 22:33:08.376 [34mINFO [0;39m [605c4c40-3a38-4d52-9b8f-96493a9f3af0] [http-nio-8081-exec-8] c.b.config.logging.HttpLoggingFilter - Response payload: {"totals":{"subtotal":0.0,"itemsCount":0},"items":[]}
2025-11-17 22:33:08.376 [34mINFO [0;39m [9bdc41f7-7166-4102-a47f-635496e5b2ef] [http-nio-8081-exec-10] c.b.config.logging.HttpLoggingFilter - Response payload: {"message":"Unauthorized"}
2025-11-17 22:33:08.410 [39mDEBUG[0;39m [d342d9d2-a314-4478-8872-4e985944a8fc] [http-nio-8081-exec-8] c.b.c.logging.MethodLoggingAspect - Controller enter: AuthController.profile(..) args=[ContentCachingRequestWrapper(org.springframework.web.util.ContentCachingRequestWrapper@36ce5860)]
2025-11-17 22:33:08.414 [34mINFO [0;39m [d342d9d2-a314-4478-8872-4e985944a8fc] [http-nio-8081-exec-8] com.bharatshop.web.AuthController - Profile requested: tokenPresent=true 
2025-11-17 22:33:08.414 [39mDEBUG[0;39m [d342d9d2-a314-4478-8872-4e985944a8fc] [http-nio-8081-exec-8] c.b.c.logging.MethodLoggingAspect - Service enter: AuthService.getProfile(..) args=[eyJhbGciOiJIUzI1NiIsInR5cCI6IkpXVCJ9.eyJzdWIiOiIwMWM5YTE1OS1hM2RmLTQ5YTMtOTE1OC1hNTNmZjIxZGNlM2QiLCJuYW1lIjoiVXNlcjAxNzgiLCJyb2xlIjoiY29uc3VtZXIiLCJpYXQiOjE3NjMyMzAwMDIsImV4cCI6MTc2MzIzMzYwMn0.DDce4J-YgOjTBJjimP-LEYuUQAIySwJg-J938FnedbI]
2025-11-17 22:33:08.424 [39mDEBUG[0;39m [181e6482-ee13-45ce-99dc-e5dd31314e28] [http-nio-8081-exec-1] c.b.c.logging.MethodLoggingAspect - Controller enter: StorefrontCartController.getCart(..) args=[demo-store, guest_1763142291071_p6hkbv]
2025-11-17 22:33:08.426 [34mINFO [0;39m [181e6482-ee13-45ce-99dc-e5dd31314e28] [http-nio-8081-exec-1] c.b.web.StorefrontCartController - Storefront get cart: tenant=demo-store userId=guest-guest_1763142291071_p6hkbv 
2025-11-17 22:33:08.426 [39mDEBUG[0;39m [181e6482-ee13-45ce-99dc-e5dd31314e28] [http-nio-8081-exec-1] c.b.c.logging.MethodLoggingAspect - Service enter: CartService.getCart(..) args=[guest-guest_1763142291071_p6hkbv]
2025-11-17 22:33:08.430 [34mINFO [0;39m [181e6482-ee13-45ce-99dc-e5dd31314e28] [http-nio-8081-exec-1] c.b.c.logging.MethodLoggingAspect - Service exit: CartService.getCart(..) (4 ms)
2025-11-17 22:33:08.430 [39mDEBUG[0;39m [181e6482-ee13-45ce-99dc-e5dd31314e28] [http-nio-8081-exec-1] c.b.c.logging.MethodLoggingAspect - Service result: CartService.getCart(..) => ArrayList[size=0]
2025-11-17 22:33:08.424 [34mINFO [0;39m [d342d9d2-a314-4478-8872-4e985944a8fc] [http-nio-8081-exec-8] c.b.c.logging.MethodLoggingAspect - Service exit: AuthService.getProfile(..) (10 ms)
2025-11-17 22:33:08.432 [34mINFO [0;39m [181e6482-ee13-45ce-99dc-e5dd31314e28] [http-nio-8081-exec-1] c.b.c.logging.MethodLoggingAspect - Controller exit: StorefrontCartController.getCart(..) -> status=200 (8 ms)
2025-11-17 22:33:08.434 [39mDEBUG[0;39m [d342d9d2-a314-4478-8872-4e985944a8fc] [http-nio-8081-exec-8] c.b.c.logging.MethodLoggingAspect - Service result: AuthService.getProfile(..) => null
2025-11-17 22:33:08.434 [39mDEBUG[0;39m [181e6482-ee13-45ce-99dc-e5dd31314e28] [http-nio-8081-exec-1] c.b.c.logging.MethodLoggingAspect - Controller result: StorefrontCartController.getCart(..) => ResponseEntity(status=200)
2025-11-17 22:33:08.434 [34mINFO [0;39m [d342d9d2-a314-4478-8872-4e985944a8fc] [http-nio-8081-exec-8] c.b.c.logging.MethodLoggingAspect - Controller exit: AuthController.profile(..) -> status=401 (24 ms)
2025-11-17 22:33:08.434 [39mDEBUG[0;39m [d342d9d2-a314-4478-8872-4e985944a8fc] [http-nio-8081-exec-8] c.b.c.logging.MethodLoggingAspect - Controller result: AuthController.profile(..) => ResponseEntity(status=401)
2025-11-17 22:33:08.436 [34mINFO [0;39m [181e6482-ee13-45ce-99dc-e5dd31314e28] [http-nio-8081-exec-1] c.b.config.logging.HttpLoggingFilter - GET /api/storefront/cart -> 200 (18 ms)
2025-11-17 22:33:08.438 [34mINFO [0;39m [181e6482-ee13-45ce-99dc-e5dd31314e28] [http-nio-8081-exec-1] c.b.config.logging.HttpLoggingFilter - Headers: auth=present content-type=null accept=application/json, text/plain, */*
2025-11-17 22:33:08.438 [34mINFO [0;39m [181e6482-ee13-45ce-99dc-e5dd31314e28] [http-nio-8081-exec-1] c.b.config.logging.HttpLoggingFilter - Response payload: {"totals":{"subtotal":0.0,"itemsCount":0},"items":[]}
2025-11-17 22:33:08.440 [34mINFO [0;39m [d342d9d2-a314-4478-8872-4e985944a8fc] [http-nio-8081-exec-8] c.b.config.logging.HttpLoggingFilter - GET /api/storefront/auth/profile -> 401 (30 ms)
2025-11-17 22:33:08.442 [34mINFO [0;39m [d342d9d2-a314-4478-8872-4e985944a8fc] [http-nio-8081-exec-8] c.b.config.logging.HttpLoggingFilter - Headers: auth=present content-type=null accept=application/json, text/plain, */*
2025-11-17 22:33:08.442 [34mINFO [0;39m [d342d9d2-a314-4478-8872-4e985944a8fc] [http-nio-8081-exec-8] c.b.config.logging.HttpLoggingFilter - Response payload: {"message":"Unauthorized"}
2025-11-17 22:33:11.723 [39mDEBUG[0;39m [b13c9cf1-d6f2-4bd3-b8e6-47ee3aae2fb6] [http-nio-8081-exec-3] c.b.c.logging.MethodLoggingAspect - Controller enter: StoreDiscoveryController.stores(..) args=[demo-store, null, null]
2025-11-17 22:33:11.727 [34mINFO [0;39m [b13c9cf1-d6f2-4bd3-b8e6-47ee3aae2fb6] [http-nio-8081-exec-3] c.b.web.StoreDiscoveryController - Discover stores: tenant=demo-store search=null category=null
2025-11-17 22:33:11.727 [39mDEBUG[0;39m [b13c9cf1-d6f2-4bd3-b8e6-47ee3aae2fb6] [http-nio-8081-exec-3] c.b.c.logging.MethodLoggingAspect - Factory enter: FactoryProvider.getFactory(..) args=[demo-store]
2025-11-17 22:33:11.728 [34mINFO [0;39m [b13c9cf1-d6f2-4bd3-b8e6-47ee3aae2fb6] [http-nio-8081-exec-3] c.b.c.logging.MethodLoggingAspect - Factory exit: FactoryProvider.getFactory(..) (1 ms)
2025-11-17 22:33:11.729 [39mDEBUG[0;39m [b13c9cf1-d6f2-4bd3-b8e6-47ee3aae2fb6] [http-nio-8081-exec-3] c.b.c.logging.MethodLoggingAspect - Factory result: FactoryProvider.getFactory(..) => DefaultStorefrontFactory$$SpringCGLIB$$0(com.bharatshop.factory.impl.DefaultStorefrontFactory@434c179e)
2025-11-17 22:33:11.751 [39mDEBUG[0;39m [b13c9cf1-d6f2-4bd3-b8e6-47ee3aae2fb6] [http-nio-8081-exec-3] c.b.c.logging.MethodLoggingAspect - Factory enter: DefaultStorefrontFactory.stores() args=[]
2025-11-17 22:33:11.752 [34mINFO [0;39m [b13c9cf1-d6f2-4bd3-b8e6-47ee3aae2fb6] [http-nio-8081-exec-3] c.b.c.logging.MethodLoggingAspect - Factory exit: DefaultStorefrontFactory.stores() (1 ms)
2025-11-17 22:33:11.752 [39mDEBUG[0;39m [b13c9cf1-d6f2-4bd3-b8e6-47ee3aae2fb6] [http-nio-8081-exec-3] c.b.c.logging.MethodLoggingAspect - Factory result: DefaultStorefrontFactory.stores() => (com.bharatshop.factory.impl.DefaultStorefrontFactory$2@423648e1)
2025-11-17 22:33:11.752 [39mDEBUG[0;39m [b13c9cf1-d6f2-4bd3-b8e6-47ee3aae2fb6] [http-nio-8081-exec-3] c.b.c.logging.MethodLoggingAspect - Service enter: StoreService.list(..) args=[null, null]
2025-11-17 22:33:11.848 [34mINFO [0;39m [b13c9cf1-d6f2-4bd3-b8e6-47ee3aae2fb6] [http-nio-8081-exec-3] c.b.c.logging.MethodLoggingAspect - Service exit: StoreService.list(..) (96 ms)
2025-11-17 22:33:11.848 [39mDEBUG[0;39m [b13c9cf1-d6f2-4bd3-b8e6-47ee3aae2fb6] [http-nio-8081-exec-3] c.b.c.logging.MethodLoggingAspect - Service result: StoreService.list(..) => ArrayList[size=4]
2025-11-17 22:33:11.848 [34mINFO [0;39m [b13c9cf1-d6f2-4bd3-b8e6-47ee3aae2fb6] [http-nio-8081-exec-3] c.b.c.logging.MethodLoggingAspect - Controller exit: StoreDiscoveryController.stores(..) -> status=200 (125 ms)
2025-11-17 22:33:11.848 [39mDEBUG[0;39m [b13c9cf1-d6f2-4bd3-b8e6-47ee3aae2fb6] [http-nio-8081-exec-3] c.b.c.logging.MethodLoggingAspect - Controller result: StoreDiscoveryController.stores(..) => ResponseEntity(status=200)
2025-11-17 22:33:11.858 [34mINFO [0;39m [b13c9cf1-d6f2-4bd3-b8e6-47ee3aae2fb6] [http-nio-8081-exec-3] c.b.config.logging.HttpLoggingFilter - GET /api/stores -> 200 (140 ms)
2025-11-17 22:33:11.858 [34mINFO [0;39m [b13c9cf1-d6f2-4bd3-b8e6-47ee3aae2fb6] [http-nio-8081-exec-3] c.b.config.logging.HttpLoggingFilter - Headers: auth=absent content-type=null accept=application/json, text/plain, */*
2025-11-17 22:33:11.858 [34mINFO [0;39m [b13c9cf1-d6f2-4bd3-b8e6-47ee3aae2fb6] [http-nio-8081-exec-3] c.b.config.logging.HttpLoggingFilter - Response payload: [{"id":"61328d8a-837d-4ab5-a886-8907d8565b3f","name":"City Pharmacy","area":"Brigade","category":"pharmacy","status":"open","orderingDisabled":false,"updatedAt":"2025-11-15T18:03:37.572749Z"},{"id":"6665b217-a18b-45ee-88d8-aa3f637b592c","name":"FE Spec Store","area":"Area","category":"hospitality","ownerId":"0c06147b-f46b-4312-85e1-0850776bd443","status":"open","orderingDisabled":false,"updatedAt":"2025-11-15T18:03:46.792651Z"},{"id":"eb57ad0e-f607-4ec9-9f3d-8db8f630ebdb","name":"Fresh Mart","area":"MG Road","category":"grocery","status":"open","orderingDisabled":false,"updatedAt":"2025-11-15T18:03:37.403326Z"},{"id":"6645820d-a562-4e48-b6e4-6103fa1848aa","name":"Sunrise Hotel","area":"Beach","category":"hospitality","status":"open","orderingDisabled":false,"updatedAt":"2025-11-15T18:03:37.577988Z"}]
2025-11-17 22:33:38.849 [39mDEBUG[0;39m [7ae3e60b-4b1e-4a50-87fb-12ab57db3c88] [http-nio-8081-exec-4] c.b.c.logging.MethodLoggingAspect - Controller enter: AuthController.sendOtp(..) args=[LinkedHashMap({phone=+917355460178, channel=sms})]
2025-11-17 22:33:38.849 [34mINFO [0;39m [7ae3e60b-4b1e-4a50-87fb-12ab57db3c88] [http-nio-8081-exec-4] com.bharatshop.web.AuthController - OTP send requested: phone=+917355460178
2025-11-17 22:33:38.851 [39mDEBUG[0;39m [7ae3e60b-4b1e-4a50-87fb-12ab57db3c88] [http-nio-8081-exec-4] c.b.c.logging.MethodLoggingAspect - Service enter: AuthService.sendOtp(..) args=[+917355460178]
2025-11-17 22:33:38.853 [34mINFO [0;39m [7ae3e60b-4b1e-4a50-87fb-12ab57db3c88] [http-nio-8081-exec-4] com.bharatshop.service.AuthService - Sending OTP to phone=+917355460178
2025-11-17 22:33:38.854 [34mINFO [0;39m [7ae3e60b-4b1e-4a50-87fb-12ab57db3c88] [http-nio-8081-exec-4] com.bharatshop.service.AuthService - OTP generated: otpId=be7717d5-3a95-4cbf-a200-c73c2f2dfcfe expiresAt=1763399138854
2025-11-17 22:33:38.856 [39mDEBUG[0;39m [7ae3e60b-4b1e-4a50-87fb-12ab57db3c88] [http-nio-8081-exec-4] c.b.c.logging.MethodLoggingAspect - Service enter: CompositeNotificationService.sendSms(..) args=[+917355460178, Your Bharatshop OTP is 217382. Valid for 2 minutes.]
2025-11-17 22:33:40.833 [34mINFO [0;39m [7ae3e60b-4b1e-4a50-87fb-12ab57db3c88] [http-nio-8081-exec-4] c.b.s.TwilioNotificationService - Twilio SMS sent: phone=+917355460178 status=201
2025-11-17 22:33:40.833 [34mINFO [0;39m [7ae3e60b-4b1e-4a50-87fb-12ab57db3c88] [http-nio-8081-exec-4] c.b.c.logging.MethodLoggingAspect - Service exit: CompositeNotificationService.sendSms(..) (1979 ms)
2025-11-17 22:33:40.833 [39mDEBUG[0;39m [7ae3e60b-4b1e-4a50-87fb-12ab57db3c88] [http-nio-8081-exec-4] c.b.c.logging.MethodLoggingAspect - Service result: CompositeNotificationService.sendSms(..) => null
2025-11-17 22:33:40.850 [34mINFO [0;39m [7ae3e60b-4b1e-4a50-87fb-12ab57db3c88] [http-nio-8081-exec-4] c.b.c.logging.MethodLoggingAspect - Service exit: AuthService.sendOtp(..) (1999 ms)
2025-11-17 22:33:40.852 [39mDEBUG[0;39m [7ae3e60b-4b1e-4a50-87fb-12ab57db3c88] [http-nio-8081-exec-4] c.b.c.logging.MethodLoggingAspect - Service result: AuthService.sendOtp(..) => MapN({success=true, ttlSeconds=120, otp=217382, otpId=be7717d5-3a95-4cbf-a200-c73c2f2dfcfe})
2025-11-17 22:33:40.853 [34mINFO [0;39m [7ae3e60b-4b1e-4a50-87fb-12ab57db3c88] [http-nio-8081-exec-4] c.b.c.logging.MethodLoggingAspect - Controller exit: AuthController.sendOtp(..) -> status=200 (2003 ms)
2025-11-17 22:33:40.853 [39mDEBUG[0;39m [7ae3e60b-4b1e-4a50-87fb-12ab57db3c88] [http-nio-8081-exec-4] c.b.c.logging.MethodLoggingAspect - Controller result: AuthController.sendOtp(..) => ResponseEntity(status=200)
2025-11-17 22:33:40.920 [34mINFO [0;39m [7ae3e60b-4b1e-4a50-87fb-12ab57db3c88] [http-nio-8081-exec-4] c.b.config.logging.HttpLoggingFilter - POST /api/storefront/auth/otp/send -> 200 (2089 ms)
2025-11-17 22:33:40.920 [34mINFO [0;39m [7ae3e60b-4b1e-4a50-87fb-12ab57db3c88] [http-nio-8081-exec-4] c.b.config.logging.HttpLoggingFilter - Headers: auth=absent content-type=application/json accept=application/json, text/plain, */*
2025-11-17 22:33:40.921 [34mINFO [0;39m [7ae3e60b-4b1e-4a50-87fb-12ab57db3c88] [http-nio-8081-exec-4] c.b.config.logging.HttpLoggingFilter - Request payload: {"phone":"+917355460178","channel":"sms"}
2025-11-17 22:33:40.921 [34mINFO [0;39m [7ae3e60b-4b1e-4a50-87fb-12ab57db3c88] [http-nio-8081-exec-4] c.b.config.logging.HttpLoggingFilter - Response payload: {"success":true,"ttlSeconds":120,"otp":"217382","otpId":"be7717d5-3a95-4cbf-a200-c73c2f2dfcfe"}
2025-11-17 22:33:59.294 [39mDEBUG[0;39m [306a18c5-fec0-4046-a162-62a49c6962c6] [http-nio-8081-exec-7] c.b.c.logging.MethodLoggingAspect - Controller enter: AuthController.verifyOtp(..) args=[LinkedHashMap({phone=+917355460178, otp=217382})]
2025-11-17 22:33:59.296 [34mINFO [0;39m [306a18c5-fec0-4046-a162-62a49c6962c6] [http-nio-8081-exec-7] com.bharatshop.web.AuthController - OTP verify requested: phone=+917355460178 otpPresent=true
2025-11-17 22:33:59.298 [39mDEBUG[0;39m [306a18c5-fec0-4046-a162-62a49c6962c6] [http-nio-8081-exec-7] c.b.c.logging.MethodLoggingAspect - Service enter: AuthService.verifyOtp(..) args=[+917355460178, 217382]
2025-11-17 22:33:59.298 [34mINFO [0;39m [306a18c5-fec0-4046-a162-62a49c6962c6] [http-nio-8081-exec-7] com.bharatshop.service.AuthService - Verifying OTP for phone=+917355460178
2025-11-17 22:33:59.299 [34mINFO [0;39m [306a18c5-fec0-4046-a162-62a49c6962c6] [http-nio-8081-exec-7] com.bharatshop.service.AuthService - OTP verification success for phone=+917355460178
2025-11-17 22:33:59.300 [34mINFO [0;39m [306a18c5-fec0-4046-a162-62a49c6962c6] [http-nio-8081-exec-7] com.bharatshop.service.AuthService - Login (phone) attempt: phone=+917355460178
2025-11-17 22:33:59.313 [34mINFO [0;39m [306a18c5-fec0-4046-a162-62a49c6962c6] [http-nio-8081-exec-7] com.bharatshop.service.AuthService - Session created: userId=01c9a159-a3df-49a3-9158-a53ff21dce3d role=consumer
2025-11-17 22:33:59.315 [34mINFO [0;39m [306a18c5-fec0-4046-a162-62a49c6962c6] [http-nio-8081-exec-7] com.bharatshop.service.AuthService - Login (phone) success: userId=01c9a159-a3df-49a3-9158-a53ff21dce3d token=eyJhbGciOiJIUzI1NiIsInR5cCI6IkpXVCJ9.eyJzdWIiOiIwMWM5YTE1OS1hM2RmLTQ5YTMtOTE1OC1hNTNmZjIxZGNlM2QiLCJuYW1lIjoiVXNlcjAxNzgiLCJyb2xlIjoiY29uc3VtZXIiLCJpYXQiOjE3NjMzOTkwMzksImV4cCI6MTc2MzQwMjYzOX0.iiUavNyzsKIghXzHxW29L-n48UuOmpuGjKZdZH8lPyA role=USER 
2025-11-17 22:33:59.315 [34mINFO [0;39m [306a18c5-fec0-4046-a162-62a49c6962c6] [http-nio-8081-exec-7] c.b.c.logging.MethodLoggingAspect - Service exit: AuthService.verifyOtp(..) (19 ms)
2025-11-17 22:33:59.315 [39mDEBUG[0;39m [306a18c5-fec0-4046-a162-62a49c6962c6] [http-nio-8081-exec-7] c.b.c.logging.MethodLoggingAspect - Service result: AuthService.verifyOtp(..) => Session(Session[token=eyJhbGciOiJIUzI1NiIsInR5cCI6IkpXVCJ9.eyJzdWIiOiIwMWM5YTE1OS1hM2RmLTQ5YTMtOTE1OC1hNTNmZjIxZGNlM2QiLCJuYW1lIjoiVXNlcjAxNzgiLCJyb2xlIjoiY29uc3VtZXIiLCJpYXQiOjE3NjMzOTkwMzksImV4cCI6MTc2MzQwMjYzOX0.iiUavNyzsKIghXzHxW29L-n48UuOmpuGjKZdZH8lPyA, userId=01c9a159-a3df-49a3-9158-a53ff21dce3d, name=User0178, role=consumer])
2025-11-17 22:33:59.315 [39mDEBUG[0;39m [306a18c5-fec0-4046-a162-62a49c6962c6] [http-nio-8081-exec-7] c.b.c.logging.MethodLoggingAspect - Service enter: AuthService.getProfile(..) args=[eyJhbGciOiJIUzI1NiIsInR5cCI6IkpXVCJ9.eyJzdWIiOiIwMWM5YTE1OS1hM2RmLTQ5YTMtOTE1OC1hNTNmZjIxZGNlM2QiLCJuYW1lIjoiVXNlcjAxNzgiLCJyb2xlIjoiY29uc3VtZXIiLCJpYXQiOjE3NjMzOTkwMzksImV4cCI6MTc2MzQwMjYzOX0.iiUavNyzsKIghXzHxW29L-n48UuOmpuGjKZdZH8lPyA]
2025-11-17 22:33:59.318 [34mINFO [0;39m [306a18c5-fec0-4046-a162-62a49c6962c6] [http-nio-8081-exec-7] c.b.c.logging.MethodLoggingAspect - Service exit: AuthService.getProfile(..) (3 ms)
2025-11-17 22:33:59.318 [39mDEBUG[0;39m [306a18c5-fec0-4046-a162-62a49c6962c6] [http-nio-8081-exec-7] c.b.c.logging.MethodLoggingAspect - Service result: AuthService.getProfile(..) => User(com.bharatshop.domain.User@5ada164)
2025-11-17 22:33:59.318 [34mINFO [0;39m [306a18c5-fec0-4046-a162-62a49c6962c6] [http-nio-8081-exec-7] com.bharatshop.web.AuthController - OTP verify success: userId=01c9a159-a3df-49a3-9158-a53ff21dce3d tokenPresent=true
2025-11-17 22:33:59.318 [34mINFO [0;39m [306a18c5-fec0-4046-a162-62a49c6962c6] [http-nio-8081-exec-7] c.b.c.logging.MethodLoggingAspect - Controller exit: AuthController.verifyOtp(..) -> status=200 (24 ms)
2025-11-17 22:33:59.321 [39mDEBUG[0;39m [306a18c5-fec0-4046-a162-62a49c6962c6] [http-nio-8081-exec-7] c.b.c.logging.MethodLoggingAspect - Controller result: AuthController.verifyOtp(..) => ResponseEntity(status=200)
2025-11-17 22:33:59.323 [34mINFO [0;39m [306a18c5-fec0-4046-a162-62a49c6962c6] [http-nio-8081-exec-7] c.b.config.logging.HttpLoggingFilter - POST /api/storefront/auth/otp/verify -> 200 (32 ms)
2025-11-17 22:33:59.327 [34mINFO [0;39m [306a18c5-fec0-4046-a162-62a49c6962c6] [http-nio-8081-exec-7] c.b.config.logging.HttpLoggingFilter - Headers: auth=absent content-type=application/json accept=application/json, text/plain, */*
2025-11-17 22:33:59.329 [34mINFO [0;39m [306a18c5-fec0-4046-a162-62a49c6962c6] [http-nio-8081-exec-7] c.b.config.logging.HttpLoggingFilter - Request payload: {"phone":"+917355460178","otp":"217382"}
2025-11-17 22:33:59.329 [34mINFO [0;39m [306a18c5-fec0-4046-a162-62a49c6962c6] [http-nio-8081-exec-7] c.b.config.logging.HttpLoggingFilter - Response payload: {"success":true,"user":{"id":"01c9a159-a3df-49a3-9158-a53ff21dce3d","name":"User0178","phone":"+917355460178","role":"consumer"},"token":"eyJhbGciOiJIUzI1NiIsInR5cCI6IkpXVCJ9.eyJzdWIiOiIwMWM5YTE1OS1hM2RmLTQ5YTMtOTE1OC1hNTNmZjIxZGNlM2QiLCJuYW1lIjoiVXNlcjAxNzgiLCJyb2xlIjoiY29uc3VtZXIiLCJpYXQiOjE3NjMzOTkwMzksImV4cCI6MTc2MzQwMjYzOX0.iiUavNyzsKIghXzHxW29L-n48UuOmpuGjKZdZH8lPyA"}
2025-11-17 22:33:59.439 [39mDEBUG[0;39m [4db77565-bf54-4efc-add7-ed3b5c29e2b2] [http-nio-8081-exec-6] c.b.c.logging.MethodLoggingAspect - Controller enter: AuthController.profile(..) args=[ContentCachingRequestWrapper(org.springframework.web.util.ContentCachingRequestWrapper@3ba056f3)]
2025-11-17 22:33:59.439 [34mINFO [0;39m [4db77565-bf54-4efc-add7-ed3b5c29e2b2] [http-nio-8081-exec-6] com.bharatshop.web.AuthController - Profile requested: tokenPresent=true 
2025-11-17 22:33:59.441 [39mDEBUG[0;39m [0399ed19-2894-45ec-8706-0eb476aaa0f4] [http-nio-8081-exec-5] c.b.c.logging.MethodLoggingAspect - Controller enter: StoreDiscoveryController.globalCategories(..) args=[demo-store]
2025-11-17 22:33:59.441 [39mDEBUG[0;39m [4db77565-bf54-4efc-add7-ed3b5c29e2b2] [http-nio-8081-exec-6] c.b.c.logging.MethodLoggingAspect - Service enter: AuthService.getProfile(..) args=[eyJhbGciOiJIUzI1NiIsInR5cCI6IkpXVCJ9.eyJzdWIiOiIwMWM5YTE1OS1hM2RmLTQ5YTMtOTE1OC1hNTNmZjIxZGNlM2QiLCJuYW1lIjoiVXNlcjAxNzgiLCJyb2xlIjoiY29uc3VtZXIiLCJpYXQiOjE3NjMzOTkwMzksImV4cCI6MTc2MzQwMjYzOX0.iiUavNyzsKIghXzHxW29L-n48UuOmpuGjKZdZH8lPyA]
2025-11-17 22:33:59.441 [34mINFO [0;39m [0399ed19-2894-45ec-8706-0eb476aaa0f4] [http-nio-8081-exec-5] c.b.web.StoreDiscoveryController - Global categories requested: tenant=demo-store
2025-11-17 22:33:59.441 [39mDEBUG[0;39m [0399ed19-2894-45ec-8706-0eb476aaa0f4] [http-nio-8081-exec-5] c.b.c.logging.MethodLoggingAspect - Factory enter: FactoryProvider.getFactory(..) args=[demo-store]
2025-11-17 22:33:59.442 [34mINFO [0;39m [0399ed19-2894-45ec-8706-0eb476aaa0f4] [http-nio-8081-exec-5] c.b.c.logging.MethodLoggingAspect - Factory exit: FactoryProvider.getFactory(..) (1 ms)
2025-11-17 22:33:59.442 [39mDEBUG[0;39m [0399ed19-2894-45ec-8706-0eb476aaa0f4] [http-nio-8081-exec-5] c.b.c.logging.MethodLoggingAspect - Factory result: FactoryProvider.getFactory(..) => DefaultStorefrontFactory$$SpringCGLIB$$0(com.bharatshop.factory.impl.DefaultStorefrontFactory@434c179e)
2025-11-17 22:33:59.442 [39mDEBUG[0;39m [0399ed19-2894-45ec-8706-0eb476aaa0f4] [http-nio-8081-exec-5] c.b.c.logging.MethodLoggingAspect - Factory enter: DefaultStorefrontFactory.products() args=[]
2025-11-17 22:33:59.442 [34mINFO [0;39m [0399ed19-2894-45ec-8706-0eb476aaa0f4] [http-nio-8081-exec-5] c.b.c.logging.MethodLoggingAspect - Factory exit: DefaultStorefrontFactory.products() (0 ms)
2025-11-17 22:33:59.444 [39mDEBUG[0;39m [0399ed19-2894-45ec-8706-0eb476aaa0f4] [http-nio-8081-exec-5] c.b.c.logging.MethodLoggingAspect - Factory result: DefaultStorefrontFactory.products() => (com.bharatshop.factory.impl.DefaultStorefrontFactory$1@77e702c0)
2025-11-17 22:33:59.444 [39mDEBUG[0;39m [0399ed19-2894-45ec-8706-0eb476aaa0f4] [http-nio-8081-exec-5] c.b.c.logging.MethodLoggingAspect - Service enter: ProductService.categories() args=[]
2025-11-17 22:33:59.446 [34mINFO [0;39m [4db77565-bf54-4efc-add7-ed3b5c29e2b2] [http-nio-8081-exec-6] c.b.c.logging.MethodLoggingAspect - Service exit: AuthService.getProfile(..) (3 ms)
2025-11-17 22:33:59.447 [39mDEBUG[0;39m [4db77565-bf54-4efc-add7-ed3b5c29e2b2] [http-nio-8081-exec-6] c.b.c.logging.MethodLoggingAspect - Service result: AuthService.getProfile(..) => User(com.bharatshop.domain.User@30a33bb8)
2025-11-17 22:33:59.448 [34mINFO [0;39m [4db77565-bf54-4efc-add7-ed3b5c29e2b2] [http-nio-8081-exec-6] com.bharatshop.web.AuthController - Profile success: userId=01c9a159-a3df-49a3-9158-a53ff21dce3d
2025-11-17 22:33:59.448 [34mINFO [0;39m [4db77565-bf54-4efc-add7-ed3b5c29e2b2] [http-nio-8081-exec-6] c.b.c.logging.MethodLoggingAspect - Controller exit: AuthController.profile(..) -> status=200 (9 ms)
2025-11-17 22:33:59.448 [39mDEBUG[0;39m [4db77565-bf54-4efc-add7-ed3b5c29e2b2] [http-nio-8081-exec-6] c.b.c.logging.MethodLoggingAspect - Controller result: AuthController.profile(..) => ResponseEntity(status=200)
2025-11-17 22:33:59.450 [34mINFO [0;39m [4db77565-bf54-4efc-add7-ed3b5c29e2b2] [http-nio-8081-exec-6] c.b.config.logging.HttpLoggingFilter - GET /api/storefront/auth/profile -> 200 (12 ms)
2025-11-17 22:33:59.450 [34mINFO [0;39m [4db77565-bf54-4efc-add7-ed3b5c29e2b2] [http-nio-8081-exec-6] c.b.config.logging.HttpLoggingFilter - Headers: auth=present content-type=null accept=application/json, text/plain, */*
2025-11-17 22:33:59.450 [34mINFO [0;39m [4db77565-bf54-4efc-add7-ed3b5c29e2b2] [http-nio-8081-exec-6] c.b.config.logging.HttpLoggingFilter - Response payload: {"id":"01c9a159-a3df-49a3-9158-a53ff21dce3d","name":"User0178","phone":"+917355460178","role":"consumer"}
2025-11-17 22:33:59.455 [34mINFO [0;39m [0399ed19-2894-45ec-8706-0eb476aaa0f4] [http-nio-8081-exec-5] c.b.c.logging.MethodLoggingAspect - Service exit: ProductService.categories() (11 ms)
2025-11-17 22:33:59.459 [39mDEBUG[0;39m [0399ed19-2894-45ec-8706-0eb476aaa0f4] [http-nio-8081-exec-5] c.b.c.logging.MethodLoggingAspect - Service result: ProductService.categories() => ArrayList[size=4]
2025-11-17 22:33:59.459 [34mINFO [0;39m [0399ed19-2894-45ec-8706-0eb476aaa0f4] [http-nio-8081-exec-5] c.b.c.logging.MethodLoggingAspect - Controller exit: StoreDiscoveryController.globalCategories(..) -> status=200 (18 ms)
2025-11-17 22:33:59.459 [39mDEBUG[0;39m [0399ed19-2894-45ec-8706-0eb476aaa0f4] [http-nio-8081-exec-5] c.b.c.logging.MethodLoggingAspect - Controller result: StoreDiscoveryController.globalCategories(..) => ResponseEntity(status=200)
2025-11-17 22:33:59.461 [34mINFO [0;39m [0399ed19-2894-45ec-8706-0eb476aaa0f4] [http-nio-8081-exec-5] c.b.config.logging.HttpLoggingFilter - GET /api/categories -> 200 (22 ms)
2025-11-17 22:33:59.462 [34mINFO [0;39m [0399ed19-2894-45ec-8706-0eb476aaa0f4] [http-nio-8081-exec-5] c.b.config.logging.HttpLoggingFilter - Headers: auth=present content-type=null accept=application/json, text/plain, */*
2025-11-17 22:33:59.462 [34mINFO [0;39m [0399ed19-2894-45ec-8706-0eb476aaa0f4] [http-nio-8081-exec-5] c.b.config.logging.HttpLoggingFilter - Response payload: ["dairy","fruits","medicine","room"]
2025-11-17 22:33:59.523 [39mDEBUG[0;39m [36cffae7-cf87-46bd-841a-a6799bb75a2a] [http-nio-8081-exec-9] c.b.c.logging.MethodLoggingAspect - Controller enter: StoreDiscoveryController.globalCategories(..) args=[demo-store]
2025-11-17 22:33:59.525 [34mINFO [0;39m [36cffae7-cf87-46bd-841a-a6799bb75a2a] [http-nio-8081-exec-9] c.b.web.StoreDiscoveryController - Global categories requested: tenant=demo-store
2025-11-17 22:33:59.525 [39mDEBUG[0;39m [36cffae7-cf87-46bd-841a-a6799bb75a2a] [http-nio-8081-exec-9] c.b.c.logging.MethodLoggingAspect - Factory enter: FactoryProvider.getFactory(..) args=[demo-store]
2025-11-17 22:33:59.525 [34mINFO [0;39m [36cffae7-cf87-46bd-841a-a6799bb75a2a] [http-nio-8081-exec-9] c.b.c.logging.MethodLoggingAspect - Factory exit: FactoryProvider.getFactory(..) (0 ms)
2025-11-17 22:33:59.527 [39mDEBUG[0;39m [36cffae7-cf87-46bd-841a-a6799bb75a2a] [http-nio-8081-exec-9] c.b.c.logging.MethodLoggingAspect - Factory result: FactoryProvider.getFactory(..) => DefaultStorefrontFactory$$SpringCGLIB$$0(com.bharatshop.factory.impl.DefaultStorefrontFactory@434c179e)
2025-11-17 22:33:59.527 [39mDEBUG[0;39m [36cffae7-cf87-46bd-841a-a6799bb75a2a] [http-nio-8081-exec-9] c.b.c.logging.MethodLoggingAspect - Factory enter: DefaultStorefrontFactory.products() args=[]
2025-11-17 22:33:59.527 [34mINFO [0;39m [36cffae7-cf87-46bd-841a-a6799bb75a2a] [http-nio-8081-exec-9] c.b.c.logging.MethodLoggingAspect - Factory exit: DefaultStorefrontFactory.products() (0 ms)
2025-11-17 22:33:59.527 [39mDEBUG[0;39m [36cffae7-cf87-46bd-841a-a6799bb75a2a] [http-nio-8081-exec-9] c.b.c.logging.MethodLoggingAspect - Factory result: DefaultStorefrontFactory.products() => (com.bharatshop.factory.impl.DefaultStorefrontFactory$1@44c42c20)
2025-11-17 22:33:59.529 [39mDEBUG[0;39m [36cffae7-cf87-46bd-841a-a6799bb75a2a] [http-nio-8081-exec-9] c.b.c.logging.MethodLoggingAspect - Service enter: ProductService.categories() args=[]
2025-11-17 22:33:59.534 [34mINFO [0;39m [36cffae7-cf87-46bd-841a-a6799bb75a2a] [http-nio-8081-exec-9] c.b.c.logging.MethodLoggingAspect - Service exit: ProductService.categories() (5 ms)
2025-11-17 22:33:59.536 [39mDEBUG[0;39m [36cffae7-cf87-46bd-841a-a6799bb75a2a] [http-nio-8081-exec-9] c.b.c.logging.MethodLoggingAspect - Service result: ProductService.categories() => ArrayList[size=4]
2025-11-17 22:33:59.537 [34mINFO [0;39m [36cffae7-cf87-46bd-841a-a6799bb75a2a] [http-nio-8081-exec-9] c.b.c.logging.MethodLoggingAspect - Controller exit: StoreDiscoveryController.globalCategories(..) -> status=200 (14 ms)
2025-11-17 22:33:59.537 [39mDEBUG[0;39m [36cffae7-cf87-46bd-841a-a6799bb75a2a] [http-nio-8081-exec-9] c.b.c.logging.MethodLoggingAspect - Controller result: StoreDiscoveryController.globalCategories(..) => ResponseEntity(status=200)
2025-11-17 22:33:59.540 [34mINFO [0;39m [36cffae7-cf87-46bd-841a-a6799bb75a2a] [http-nio-8081-exec-9] c.b.config.logging.HttpLoggingFilter - GET /api/categories -> 200 (19 ms)
2025-11-17 22:33:59.540 [34mINFO [0;39m [36cffae7-cf87-46bd-841a-a6799bb75a2a] [http-nio-8081-exec-9] c.b.config.logging.HttpLoggingFilter - Headers: auth=present content-type=null accept=application/json, text/plain, */*
2025-11-17 22:33:59.540 [34mINFO [0;39m [36cffae7-cf87-46bd-841a-a6799bb75a2a] [http-nio-8081-exec-9] c.b.config.logging.HttpLoggingFilter - Response payload: ["dairy","fruits","medicine","room"]
2025-11-17 22:34:22.026 [39mDEBUG[0;39m [49613113-7963-489a-8e1b-53090a191bc9] [http-nio-8081-exec-10] c.b.c.logging.MethodLoggingAspect - Controller enter: SellerStoreController.createStore(..) args=[null, null, null, null, null, LinkedHashMap({name=eie, category=dairy, type=Store, area=balrampur, city=Balrampur, address=Near Major Chauraha Balrampur, phone=7355460178, pincode=271201, description=})]
2025-11-17 22:34:22.028 [34mINFO [0;39m [49613113-7963-489a-8e1b-53090a191bc9] [http-nio-8081-exec-10] c.b.web.seller.SellerStoreController - Seller create store requested: name=null city=null area=null category=null imagePresent=false
2025-11-17 22:34:22.031 [39mDEBUG[0;39m [49613113-7963-489a-8e1b-53090a191bc9] [http-nio-8081-exec-10] c.b.c.logging.MethodLoggingAspect - Factory enter: FactoryProvider.getSellerFactory(..) args=[null]
2025-11-17 22:34:22.031 [34mINFO [0;39m [49613113-7963-489a-8e1b-53090a191bc9] [http-nio-8081-exec-10] c.b.c.logging.MethodLoggingAspect - Factory exit: FactoryProvider.getSellerFactory(..) (0 ms)
2025-11-17 22:34:22.031 [39mDEBUG[0;39m [49613113-7963-489a-8e1b-53090a191bc9] [http-nio-8081-exec-10] c.b.c.logging.MethodLoggingAspect - Factory result: FactoryProvider.getSellerFactory(..) => DefaultSellerFactory$$SpringCGLIB$$0(com.bharatshop.factory.impl.DefaultSellerFactory@27a57c66)
2025-11-17 22:34:22.031 [39mDEBUG[0;39m [49613113-7963-489a-8e1b-53090a191bc9] [http-nio-8081-exec-10] c.b.c.logging.MethodLoggingAspect - Factory enter: DefaultSellerFactory.stores() args=[]
2025-11-17 22:34:22.031 [34mINFO [0;39m [49613113-7963-489a-8e1b-53090a191bc9] [http-nio-8081-exec-10] c.b.c.logging.MethodLoggingAspect - Factory exit: DefaultSellerFactory.stores() (0 ms)
2025-11-17 22:34:22.033 [39mDEBUG[0;39m [49613113-7963-489a-8e1b-53090a191bc9] [http-nio-8081-exec-10] c.b.c.logging.MethodLoggingAspect - Factory result: DefaultSellerFactory.stores() => (com.bharatshop.factory.impl.DefaultSellerFactory$5@387e55ba)
2025-11-17 22:34:22.034 [39mDEBUG[0;39m [49613113-7963-489a-8e1b-53090a191bc9] [http-nio-8081-exec-10] c.b.c.logging.MethodLoggingAspect - Service enter: StoreService.add(..) args=[Store(com.bharatshop.domain.Store@42ec07af)]
2025-11-17 22:34:22.046 [34mINFO [0;39m [49613113-7963-489a-8e1b-53090a191bc9] [http-nio-8081-exec-10] c.b.c.logging.MethodLoggingAspect - Service exit: StoreService.add(..) (12 ms)
2025-11-17 22:34:22.046 [39mDEBUG[0;39m [49613113-7963-489a-8e1b-53090a191bc9] [http-nio-8081-exec-10] c.b.c.logging.MethodLoggingAspect - Service result: StoreService.add(..) => Store(com.bharatshop.domain.Store@323b24e8)
2025-11-17 22:34:22.049 [34mINFO [0;39m [49613113-7963-489a-8e1b-53090a191bc9] [http-nio-8081-exec-10] c.b.web.seller.SellerStoreController - Seller create store success: id=daa47be6-3b31-4b3f-ad1a-1b7758589fac name=eie 
2025-11-17 22:34:22.049 [39mDEBUG[0;39m [49613113-7963-489a-8e1b-53090a191bc9] [http-nio-8081-exec-10] c.b.c.logging.MethodLoggingAspect - Service enter: AuthService.upgradeRoleForUser(..) args=[01c9a159-a3df-49a3-9158-a53ff21dce3d, SELLER]
2025-11-17 22:34:22.113 [34mINFO [0;39m [49613113-7963-489a-8e1b-53090a191bc9] [http-nio-8081-exec-10] com.bharatshop.service.AuthService - User role upgraded: userId=01c9a159-a3df-49a3-9158-a53ff21dce3d role=SELLER
2025-11-17 22:34:22.116 [34mINFO [0;39m [49613113-7963-489a-8e1b-53090a191bc9] [http-nio-8081-exec-10] c.b.c.logging.MethodLoggingAspect - Service exit: AuthService.upgradeRoleForUser(..) (67 ms)
2025-11-17 22:34:22.116 [39mDEBUG[0;39m [49613113-7963-489a-8e1b-53090a191bc9] [http-nio-8081-exec-10] c.b.c.logging.MethodLoggingAspect - Service result: AuthService.upgradeRoleForUser(..) => User(com.bharatshop.domain.User@59a7f7)
2025-11-17 22:34:22.116 [34mINFO [0;39m [49613113-7963-489a-8e1b-53090a191bc9] [http-nio-8081-exec-10] c.b.c.logging.MethodLoggingAspect - Controller exit: SellerStoreController.createStore(..) -> status=200 (90 ms)
2025-11-17 22:34:22.116 [39mDEBUG[0;39m [49613113-7963-489a-8e1b-53090a191bc9] [http-nio-8081-exec-10] c.b.c.logging.MethodLoggingAspect - Controller result: SellerStoreController.createStore(..) => ResponseEntity(status=200)
2025-11-17 22:34:22.118 [34mINFO [0;39m [49613113-7963-489a-8e1b-53090a191bc9] [http-nio-8081-exec-10] c.b.config.logging.HttpLoggingFilter - POST /api/seller/stores -> 200 (100 ms)
2025-11-17 22:34:22.118 [34mINFO [0;39m [49613113-7963-489a-8e1b-53090a191bc9] [http-nio-8081-exec-10] c.b.config.logging.HttpLoggingFilter - Headers: auth=present content-type=application/json accept=application/json, text/plain, */*
2025-11-17 22:34:22.118 [34mINFO [0;39m [49613113-7963-489a-8e1b-53090a191bc9] [http-nio-8081-exec-10] c.b.config.logging.HttpLoggingFilter - Request payload: {"name":"eie","category":"dairy","type":"Store","area":"balrampur","city":"Balrampur","address":"Near Major Chauraha Balrampur","phone":"7355460178","pincode":"271201","description":""}
2025-11-17 22:34:22.118 [34mINFO [0;39m [49613113-7963-489a-8e1b-53090a191bc9] [http-nio-8081-exec-10] c.b.config.logging.HttpLoggingFilter - Response payload: {"name":"eie","id":"daa47be6-3b31-4b3f-ad1a-1b7758589fac","status":"open"}
2025-11-17 22:34:22.138 [39mDEBUG[0;39m [e11ee9ee-5661-4dfe-a712-2df23c8af31a] [http-nio-8081-exec-2] c.b.c.logging.MethodLoggingAspect - Controller enter: AuthController.profile(..) args=[ContentCachingRequestWrapper(org.springframework.web.util.ContentCachingRequestWrapper@bcb23b8)]
2025-11-17 22:34:22.138 [34mINFO [0;39m [e11ee9ee-5661-4dfe-a712-2df23c8af31a] [http-nio-8081-exec-2] com.bharatshop.web.AuthController - Profile requested: tokenPresent=true 
2025-11-17 22:34:22.141 [39mDEBUG[0;39m [e11ee9ee-5661-4dfe-a712-2df23c8af31a] [http-nio-8081-exec-2] c.b.c.logging.MethodLoggingAspect - Service enter: AuthService.getProfile(..) args=[eyJhbGciOiJIUzI1NiIsInR5cCI6IkpXVCJ9.eyJzdWIiOiIwMWM5YTE1OS1hM2RmLTQ5YTMtOTE1OC1hNTNmZjIxZGNlM2QiLCJuYW1lIjoiVXNlcjAxNzgiLCJyb2xlIjoiY29uc3VtZXIiLCJpYXQiOjE3NjMzOTkwMzksImV4cCI6MTc2MzQwMjYzOX0.iiUavNyzsKIghXzHxW29L-n48UuOmpuGjKZdZH8lPyA]
2025-11-17 22:34:22.145 [34mINFO [0;39m [e11ee9ee-5661-4dfe-a712-2df23c8af31a] [http-nio-8081-exec-2] c.b.c.logging.MethodLoggingAspect - Service exit: AuthService.getProfile(..) (4 ms)
2025-11-17 22:34:22.147 [39mDEBUG[0;39m [e11ee9ee-5661-4dfe-a712-2df23c8af31a] [http-nio-8081-exec-2] c.b.c.logging.MethodLoggingAspect - Service result: AuthService.getProfile(..) => User(com.bharatshop.domain.User@4c249f74)
2025-11-17 22:34:22.149 [34mINFO [0;39m [e11ee9ee-5661-4dfe-a712-2df23c8af31a] [http-nio-8081-exec-2] com.bharatshop.web.AuthController - Profile success: userId=01c9a159-a3df-49a3-9158-a53ff21dce3d
2025-11-17 22:34:22.151 [34mINFO [0;39m [e11ee9ee-5661-4dfe-a712-2df23c8af31a] [http-nio-8081-exec-2] c.b.c.logging.MethodLoggingAspect - Controller exit: AuthController.profile(..) -> status=200 (11 ms)
2025-11-17 22:34:22.151 [39mDEBUG[0;39m [e11ee9ee-5661-4dfe-a712-2df23c8af31a] [http-nio-8081-exec-2] c.b.c.logging.MethodLoggingAspect - Controller result: AuthController.profile(..) => ResponseEntity(status=200)
2025-11-17 22:34:22.152 [34mINFO [0;39m [e11ee9ee-5661-4dfe-a712-2df23c8af31a] [http-nio-8081-exec-2] c.b.config.logging.HttpLoggingFilter - GET /api/storefront/auth/profile -> 200 (17 ms)
2025-11-17 22:34:22.154 [34mINFO [0;39m [e11ee9ee-5661-4dfe-a712-2df23c8af31a] [http-nio-8081-exec-2] c.b.config.logging.HttpLoggingFilter - Headers: auth=present content-type=null accept=application/json, text/plain, */*
2025-11-17 22:34:22.155 [34mINFO [0;39m [e11ee9ee-5661-4dfe-a712-2df23c8af31a] [http-nio-8081-exec-2] c.b.config.logging.HttpLoggingFilter - Response payload: {"id":"01c9a159-a3df-49a3-9158-a53ff21dce3d","name":"User0178","phone":"+917355460178","role":"seller"}
2025-11-17 22:34:22.303 [39mDEBUG[0;39m [ee0ec7bf-7db2-4978-8f07-adb3cb2c2716] [http-nio-8081-exec-1] c.b.c.logging.MethodLoggingAspect - Controller enter: SellerStoreController.listStores(..) args=[null, null, null, null, null, null, demo-store]
2025-11-17 22:34:22.305 [34mINFO [0;39m [ee0ec7bf-7db2-4978-8f07-adb3cb2c2716] [http-nio-8081-exec-1] c.b.c.logging.MethodLoggingAspect - Controller exit: SellerStoreController.listStores(..) -> status=403 (2 ms)
2025-11-17 22:34:22.305 [39mDEBUG[0;39m [ee0ec7bf-7db2-4978-8f07-adb3cb2c2716] [http-nio-8081-exec-1] c.b.c.logging.MethodLoggingAspect - Controller result: SellerStoreController.listStores(..) => ResponseEntity(status=403)
2025-11-17 22:34:22.311 [34mINFO [0;39m [ee0ec7bf-7db2-4978-8f07-adb3cb2c2716] [http-nio-8081-exec-1] c.b.config.logging.HttpLoggingFilter - GET /api/seller/stores -> 403 (10 ms)
2025-11-17 22:34:22.315 [34mINFO [0;39m [ee0ec7bf-7db2-4978-8f07-adb3cb2c2716] [http-nio-8081-exec-1] c.b.config.logging.HttpLoggingFilter - Headers: auth=present content-type=null accept=application/json, text/plain, */*
2025-11-17 22:34:22.315 [34mINFO [0;39m [ee0ec7bf-7db2-4978-8f07-adb3cb2c2716] [http-nio-8081-exec-1] c.b.config.logging.HttpLoggingFilter - Response payload: {"message":"Forbidden"}
2025-11-17 22:34:22.389 [39mDEBUG[0;39m [3ca62a94-26e4-4764-9d8e-d3238f5f0b20] [http-nio-8081-exec-8] c.b.c.logging.MethodLoggingAspect - Controller enter: SellerOrderController.list(..) args=[null, null, null, null, null, null, demo-store]
2025-11-17 22:34:22.390 [34mINFO [0;39m [3ca62a94-26e4-4764-9d8e-d3238f5f0b20] [http-nio-8081-exec-8] c.b.web.seller.SellerOrderController - Seller list orders: storeId=null status=null from=null to=null page=null limit=null tenant=demo-store
2025-11-17 22:34:22.391 [39mDEBUG[0;39m [3ca62a94-26e4-4764-9d8e-d3238f5f0b20] [http-nio-8081-exec-8] c.b.c.logging.MethodLoggingAspect - Factory enter: FactoryProvider.getSellerFactory(..) args=[demo-store]
2025-11-17 22:34:22.392 [34mINFO [0;39m [3ca62a94-26e4-4764-9d8e-d3238f5f0b20] [http-nio-8081-exec-8] c.b.c.logging.MethodLoggingAspect - Factory exit: FactoryProvider.getSellerFactory(..) (1 ms)
2025-11-17 22:34:22.392 [39mDEBUG[0;39m [3ca62a94-26e4-4764-9d8e-d3238f5f0b20] [http-nio-8081-exec-8] c.b.c.logging.MethodLoggingAspect - Factory result: FactoryProvider.getSellerFactory(..) => DefaultSellerFactory$$SpringCGLIB$$0(com.bharatshop.factory.impl.DefaultSellerFactory@27a57c66)
2025-11-17 22:34:22.392 [39mDEBUG[0;39m [3ca62a94-26e4-4764-9d8e-d3238f5f0b20] [http-nio-8081-exec-8] c.b.c.logging.MethodLoggingAspect - Factory enter: DefaultSellerFactory.orders() args=[]
2025-11-17 22:34:22.400 [39mDEBUG[0;39m [1344e147-266f-42aa-ac7f-8a2164be4331] [http-nio-8081-exec-3] c.b.c.logging.MethodLoggingAspect - Controller enter: SellerStoreController.listStores(..) args=[null, null, null, null, null, null, demo-store]
2025-11-17 22:34:22.398 [34mINFO [0;39m [3ca62a94-26e4-4764-9d8e-d3238f5f0b20] [http-nio-8081-exec-8] c.b.c.logging.MethodLoggingAspect - Factory exit: DefaultSellerFactory.orders() (5 ms)
2025-11-17 22:34:22.401 [34mINFO [0;39m [1344e147-266f-42aa-ac7f-8a2164be4331] [http-nio-8081-exec-3] c.b.c.logging.MethodLoggingAspect - Controller exit: SellerStoreController.listStores(..) -> status=403 (1 ms)
2025-11-17 22:34:22.401 [39mDEBUG[0;39m [3ca62a94-26e4-4764-9d8e-d3238f5f0b20] [http-nio-8081-exec-8] c.b.c.logging.MethodLoggingAspect - Factory result: DefaultSellerFactory.orders() => (com.bharatshop.factory.impl.DefaultSellerFactory$2@8692092)
2025-11-17 22:34:22.401 [39mDEBUG[0;39m [1344e147-266f-42aa-ac7f-8a2164be4331] [http-nio-8081-exec-3] c.b.c.logging.MethodLoggingAspect - Controller result: SellerStoreController.listStores(..) => ResponseEntity(status=403)
2025-11-17 22:34:22.402 [34mINFO [0;39m [1344e147-266f-42aa-ac7f-8a2164be4331] [http-nio-8081-exec-3] c.b.config.logging.HttpLoggingFilter - GET /api/seller/stores -> 403 (4 ms)
2025-11-17 22:34:22.404 [34mINFO [0;39m [1344e147-266f-42aa-ac7f-8a2164be4331] [http-nio-8081-exec-3] c.b.config.logging.HttpLoggingFilter - Headers: auth=present content-type=null accept=application/json, text/plain, */*
2025-11-17 22:34:22.404 [34mINFO [0;39m [1344e147-266f-42aa-ac7f-8a2164be4331] [http-nio-8081-exec-3] c.b.config.logging.HttpLoggingFilter - Response payload: {"message":"Forbidden"}
2025-11-17 22:34:22.426 [39mDEBUG[0;39m [86ed0e37-c171-4cca-a27b-470bdf79f8f3] [http-nio-8081-exec-4] c.b.c.logging.MethodLoggingAspect - Controller enter: SellerStoreController.listStores(..) args=[null, null, null, null, null, null, demo-store]
2025-11-17 22:34:22.428 [34mINFO [0;39m [86ed0e37-c171-4cca-a27b-470bdf79f8f3] [http-nio-8081-exec-4] c.b.c.logging.MethodLoggingAspect - Controller exit: SellerStoreController.listStores(..) -> status=403 (2 ms)
2025-11-17 22:34:22.428 [39mDEBUG[0;39m [86ed0e37-c171-4cca-a27b-470bdf79f8f3] [http-nio-8081-exec-4] c.b.c.logging.MethodLoggingAspect - Controller result: SellerStoreController.listStores(..) => ResponseEntity(status=403)
2025-11-17 22:34:22.430 [34mINFO [0;39m [86ed0e37-c171-4cca-a27b-470bdf79f8f3] [http-nio-8081-exec-4] c.b.config.logging.HttpLoggingFilter - GET /api/seller/stores -> 403 (7 ms)
2025-11-17 22:34:22.430 [34mINFO [0;39m [86ed0e37-c171-4cca-a27b-470bdf79f8f3] [http-nio-8081-exec-4] c.b.config.logging.HttpLoggingFilter - Headers: auth=present content-type=null accept=application/json, text/plain, */*
2025-11-17 22:34:22.432 [34mINFO [0;39m [86ed0e37-c171-4cca-a27b-470bdf79f8f3] [http-nio-8081-exec-4] c.b.config.logging.HttpLoggingFilter - Response payload: {"message":"Forbidden"}
2025-11-17 22:34:22.448 [34mINFO [0;39m [3ca62a94-26e4-4764-9d8e-d3238f5f0b20] [http-nio-8081-exec-8] c.b.web.seller.SellerOrderController - Seller list orders success: count=0
2025-11-17 22:34:22.448 [34mINFO [0;39m [3ca62a94-26e4-4764-9d8e-d3238f5f0b20] [http-nio-8081-exec-8] c.b.c.logging.MethodLoggingAspect - Controller exit: SellerOrderController.list(..) -> status=200 (59 ms)
2025-11-17 22:34:22.448 [39mDEBUG[0;39m [3ca62a94-26e4-4764-9d8e-d3238f5f0b20] [http-nio-8081-exec-8] c.b.c.logging.MethodLoggingAspect - Controller result: SellerOrderController.list(..) => ResponseEntity(status=200)
2025-11-17 22:34:22.471 [34mINFO [0;39m [3ca62a94-26e4-4764-9d8e-d3238f5f0b20] [http-nio-8081-exec-8] c.b.config.logging.HttpLoggingFilter - GET /api/seller/orders -> 200 (170 ms)
2025-11-17 22:34:22.471 [34mINFO [0;39m [3ca62a94-26e4-4764-9d8e-d3238f5f0b20] [http-nio-8081-exec-8] c.b.config.logging.HttpLoggingFilter - Headers: auth=present content-type=null accept=application/json, text/plain, */*
2025-11-17 22:34:22.473 [34mINFO [0;39m [3ca62a94-26e4-4764-9d8e-d3238f5f0b20] [http-nio-8081-exec-8] c.b.config.logging.HttpLoggingFilter - Response payload: []
2025-11-17 22:34:22.494 [39mDEBUG[0;39m [bcfd3871-6dbd-4449-8aab-093428252020] [http-nio-8081-exec-7] c.b.c.logging.MethodLoggingAspect - Controller enter: SellerOrderController.list(..) args=[null, null, null, null, null, null, demo-store]
2025-11-17 22:34:22.496 [34mINFO [0;39m [bcfd3871-6dbd-4449-8aab-093428252020] [http-nio-8081-exec-7] c.b.web.seller.SellerOrderController - Seller list orders: storeId=null status=null from=null to=null page=null limit=null tenant=demo-store
2025-11-17 22:34:22.496 [39mDEBUG[0;39m [bcfd3871-6dbd-4449-8aab-093428252020] [http-nio-8081-exec-7] c.b.c.logging.MethodLoggingAspect - Factory enter: FactoryProvider.getSellerFactory(..) args=[demo-store]
2025-11-17 22:34:22.497 [34mINFO [0;39m [bcfd3871-6dbd-4449-8aab-093428252020] [http-nio-8081-exec-7] c.b.c.logging.MethodLoggingAspect - Factory exit: FactoryProvider.getSellerFactory(..) (1 ms)
2025-11-17 22:34:22.497 [39mDEBUG[0;39m [bcfd3871-6dbd-4449-8aab-093428252020] [http-nio-8081-exec-7] c.b.c.logging.MethodLoggingAspect - Factory result: FactoryProvider.getSellerFactory(..) => DefaultSellerFactory$$SpringCGLIB$$0(com.bharatshop.factory.impl.DefaultSellerFactory@27a57c66)
2025-11-17 22:34:22.497 [39mDEBUG[0;39m [bcfd3871-6dbd-4449-8aab-093428252020] [http-nio-8081-exec-7] c.b.c.logging.MethodLoggingAspect - Factory enter: DefaultSellerFactory.orders() args=[]
2025-11-17 22:34:22.497 [34mINFO [0;39m [bcfd3871-6dbd-4449-8aab-093428252020] [http-nio-8081-exec-7] c.b.c.logging.MethodLoggingAspect - Factory exit: DefaultSellerFactory.orders() (0 ms)
2025-11-17 22:34:22.497 [39mDEBUG[0;39m [bcfd3871-6dbd-4449-8aab-093428252020] [http-nio-8081-exec-7] c.b.c.logging.MethodLoggingAspect - Factory result: DefaultSellerFactory.orders() => (com.bharatshop.factory.impl.DefaultSellerFactory$2@39eff168)
2025-11-17 22:34:22.502 [34mINFO [0;39m [bcfd3871-6dbd-4449-8aab-093428252020] [http-nio-8081-exec-7] c.b.web.seller.SellerOrderController - Seller list orders success: count=0
2025-11-17 22:34:22.502 [34mINFO [0;39m [bcfd3871-6dbd-4449-8aab-093428252020] [http-nio-8081-exec-7] c.b.c.logging.MethodLoggingAspect - Controller exit: SellerOrderController.list(..) -> status=200 (8 ms)
2025-11-17 22:34:22.502 [39mDEBUG[0;39m [bcfd3871-6dbd-4449-8aab-093428252020] [http-nio-8081-exec-7] c.b.c.logging.MethodLoggingAspect - Controller result: SellerOrderController.list(..) => ResponseEntity(status=200)
2025-11-17 22:34:22.506 [34mINFO [0;39m [bcfd3871-6dbd-4449-8aab-093428252020] [http-nio-8081-exec-7] c.b.config.logging.HttpLoggingFilter - GET /api/seller/orders -> 200 (15 ms)
2025-11-17 22:34:22.506 [34mINFO [0;39m [bcfd3871-6dbd-4449-8aab-093428252020] [http-nio-8081-exec-7] c.b.config.logging.HttpLoggingFilter - Headers: auth=present content-type=null accept=application/json, text/plain, */*
2025-11-17 22:34:22.506 [34mINFO [0;39m [bcfd3871-6dbd-4449-8aab-093428252020] [http-nio-8081-exec-7] c.b.config.logging.HttpLoggingFilter - Response payload: []
2025-11-17 22:37:09.452 [39mDEBUG[0;39m [d2f6cd2a-dcd5-4864-b853-3e805a2c0621] [http-nio-8081-exec-6] c.b.c.logging.MethodLoggingAspect - Controller enter: SellerStoreController.listStores(..) args=[null, null, null, null, null, null, demo-store]
2025-11-17 22:37:09.452 [39mDEBUG[0;39m [ffd8ab44-29fb-4aca-987f-eb0e63e39589] [http-nio-8081-exec-5] c.b.c.logging.MethodLoggingAspect - Controller enter: StoreDiscoveryController.globalCategories(..) args=[demo-store]
2025-11-17 22:37:09.454 [34mINFO [0;39m [ffd8ab44-29fb-4aca-987f-eb0e63e39589] [http-nio-8081-exec-5] c.b.web.StoreDiscoveryController - Global categories requested: tenant=demo-store
2025-11-17 22:37:09.454 [34mINFO [0;39m [d2f6cd2a-dcd5-4864-b853-3e805a2c0621] [http-nio-8081-exec-6] c.b.c.logging.MethodLoggingAspect - Controller exit: SellerStoreController.listStores(..) -> status=403 (2 ms)
2025-11-17 22:37:09.454 [39mDEBUG[0;39m [ffd8ab44-29fb-4aca-987f-eb0e63e39589] [http-nio-8081-exec-5] c.b.c.logging.MethodLoggingAspect - Factory enter: FactoryProvider.getFactory(..) args=[demo-store]
2025-11-17 22:37:09.454 [39mDEBUG[0;39m [d2f6cd2a-dcd5-4864-b853-3e805a2c0621] [http-nio-8081-exec-6] c.b.c.logging.MethodLoggingAspect - Controller result: SellerStoreController.listStores(..) => ResponseEntity(status=403)
2025-11-17 22:37:09.454 [34mINFO [0;39m [ffd8ab44-29fb-4aca-987f-eb0e63e39589] [http-nio-8081-exec-5] c.b.c.logging.MethodLoggingAspect - Factory exit: FactoryProvider.getFactory(..) (0 ms)
2025-11-17 22:37:09.454 [39mDEBUG[0;39m [ffd8ab44-29fb-4aca-987f-eb0e63e39589] [http-nio-8081-exec-5] c.b.c.logging.MethodLoggingAspect - Factory result: FactoryProvider.getFactory(..) => DefaultStorefrontFactory$$SpringCGLIB$$0(com.bharatshop.factory.impl.DefaultStorefrontFactory@434c179e)
2025-11-17 22:37:09.454 [39mDEBUG[0;39m [ffd8ab44-29fb-4aca-987f-eb0e63e39589] [http-nio-8081-exec-5] c.b.c.logging.MethodLoggingAspect - Factory enter: DefaultStorefrontFactory.products() args=[]
2025-11-17 22:37:09.456 [34mINFO [0;39m [ffd8ab44-29fb-4aca-987f-eb0e63e39589] [http-nio-8081-exec-5] c.b.c.logging.MethodLoggingAspect - Factory exit: DefaultStorefrontFactory.products() (2 ms)
2025-11-17 22:37:09.456 [39mDEBUG[0;39m [ffd8ab44-29fb-4aca-987f-eb0e63e39589] [http-nio-8081-exec-5] c.b.c.logging.MethodLoggingAspect - Factory result: DefaultStorefrontFactory.products() => (com.bharatshop.factory.impl.DefaultStorefrontFactory$1@391f5ded)
2025-11-17 22:37:09.456 [39mDEBUG[0;39m [ffd8ab44-29fb-4aca-987f-eb0e63e39589] [http-nio-8081-exec-5] c.b.c.logging.MethodLoggingAspect - Service enter: ProductService.categories() args=[]
2025-11-17 22:37:09.456 [34mINFO [0;39m [d2f6cd2a-dcd5-4864-b853-3e805a2c0621] [http-nio-8081-exec-6] c.b.config.logging.HttpLoggingFilter - GET /api/seller/stores -> 403 (7 ms)
2025-11-17 22:37:09.458 [34mINFO [0;39m [d2f6cd2a-dcd5-4864-b853-3e805a2c0621] [http-nio-8081-exec-6] c.b.config.logging.HttpLoggingFilter - Headers: auth=present content-type=null accept=application/json, text/plain, */*
2025-11-17 22:37:09.459 [34mINFO [0;39m [d2f6cd2a-dcd5-4864-b853-3e805a2c0621] [http-nio-8081-exec-6] c.b.config.logging.HttpLoggingFilter - Response payload: {"message":"Forbidden"}
2025-11-17 22:37:09.463 [34mINFO [0;39m [ffd8ab44-29fb-4aca-987f-eb0e63e39589] [http-nio-8081-exec-5] c.b.c.logging.MethodLoggingAspect - Service exit: ProductService.categories() (7 ms)
2025-11-17 22:37:09.466 [39mDEBUG[0;39m [ffd8ab44-29fb-4aca-987f-eb0e63e39589] [http-nio-8081-exec-5] c.b.c.logging.MethodLoggingAspect - Service result: ProductService.categories() => ArrayList[size=4]
2025-11-17 22:37:09.466 [34mINFO [0;39m [ffd8ab44-29fb-4aca-987f-eb0e63e39589] [http-nio-8081-exec-5] c.b.c.logging.MethodLoggingAspect - Controller exit: StoreDiscoveryController.globalCategories(..) -> status=200 (14 ms)
2025-11-17 22:37:09.466 [39mDEBUG[0;39m [ffd8ab44-29fb-4aca-987f-eb0e63e39589] [http-nio-8081-exec-5] c.b.c.logging.MethodLoggingAspect - Controller result: StoreDiscoveryController.globalCategories(..) => ResponseEntity(status=200)
2025-11-17 22:37:09.478 [34mINFO [0;39m [ffd8ab44-29fb-4aca-987f-eb0e63e39589] [http-nio-8081-exec-5] c.b.config.logging.HttpLoggingFilter - GET /api/categories -> 200 (29 ms)
2025-11-17 22:37:09.479 [34mINFO [0;39m [ffd8ab44-29fb-4aca-987f-eb0e63e39589] [http-nio-8081-exec-5] c.b.config.logging.HttpLoggingFilter - Headers: auth=present content-type=null accept=application/json, text/plain, */*
2025-11-17 22:37:09.479 [34mINFO [0;39m [ffd8ab44-29fb-4aca-987f-eb0e63e39589] [http-nio-8081-exec-5] c.b.config.logging.HttpLoggingFilter - Response payload: ["dairy","fruits","medicine","room"]
2025-11-17 22:37:09.502 [39mDEBUG[0;39m [00aeaa6f-aa07-4a48-939b-3cb58e11c9fa] [http-nio-8081-exec-9] c.b.c.logging.MethodLoggingAspect - Controller enter: SellerStoreController.listStores(..) args=[null, null, null, null, null, null, demo-store]
2025-11-17 22:37:09.505 [34mINFO [0;39m [00aeaa6f-aa07-4a48-939b-3cb58e11c9fa] [http-nio-8081-exec-9] c.b.c.logging.MethodLoggingAspect - Controller exit: SellerStoreController.listStores(..) -> status=403 (4 ms)
2025-11-17 22:37:09.508 [39mDEBUG[0;39m [00aeaa6f-aa07-4a48-939b-3cb58e11c9fa] [http-nio-8081-exec-9] c.b.c.logging.MethodLoggingAspect - Controller result: SellerStoreController.listStores(..) => ResponseEntity(status=403)
2025-11-17 22:37:09.510 [34mINFO [0;39m [00aeaa6f-aa07-4a48-939b-3cb58e11c9fa] [http-nio-8081-exec-9] c.b.config.logging.HttpLoggingFilter - GET /api/seller/stores -> 403 (11 ms)
2025-11-17 22:37:09.512 [34mINFO [0;39m [00aeaa6f-aa07-4a48-939b-3cb58e11c9fa] [http-nio-8081-exec-9] c.b.config.logging.HttpLoggingFilter - Headers: auth=present content-type=null accept=application/json, text/plain, */*
2025-11-17 22:37:09.512 [34mINFO [0;39m [00aeaa6f-aa07-4a48-939b-3cb58e11c9fa] [http-nio-8081-exec-9] c.b.config.logging.HttpLoggingFilter - Response payload: {"message":"Forbidden"}
2025-11-17 22:37:09.513 [39mDEBUG[0;39m [01c74e9e-5b8e-427b-8808-5990068eda85] [http-nio-8081-exec-10] c.b.c.logging.MethodLoggingAspect - Controller enter: StoreDiscoveryController.globalCategories(..) args=[demo-store]
2025-11-17 22:37:09.513 [34mINFO [0;39m [01c74e9e-5b8e-427b-8808-5990068eda85] [http-nio-8081-exec-10] c.b.web.StoreDiscoveryController - Global categories requested: tenant=demo-store
2025-11-17 22:37:09.515 [39mDEBUG[0;39m [01c74e9e-5b8e-427b-8808-5990068eda85] [http-nio-8081-exec-10] c.b.c.logging.MethodLoggingAspect - Factory enter: FactoryProvider.getFactory(..) args=[demo-store]
2025-11-17 22:37:09.515 [34mINFO [0;39m [01c74e9e-5b8e-427b-8808-5990068eda85] [http-nio-8081-exec-10] c.b.c.logging.MethodLoggingAspect - Factory exit: FactoryProvider.getFactory(..) (0 ms)
2025-11-17 22:37:09.516 [39mDEBUG[0;39m [01c74e9e-5b8e-427b-8808-5990068eda85] [http-nio-8081-exec-10] c.b.c.logging.MethodLoggingAspect - Factory result: FactoryProvider.getFactory(..) => DefaultStorefrontFactory$$SpringCGLIB$$0(com.bharatshop.factory.impl.DefaultStorefrontFactory@434c179e)
2025-11-17 22:37:09.516 [39mDEBUG[0;39m [01c74e9e-5b8e-427b-8808-5990068eda85] [http-nio-8081-exec-10] c.b.c.logging.MethodLoggingAspect - Factory enter: DefaultStorefrontFactory.products() args=[]
2025-11-17 22:37:09.516 [34mINFO [0;39m [01c74e9e-5b8e-427b-8808-5990068eda85] [http-nio-8081-exec-10] c.b.c.logging.MethodLoggingAspect - Factory exit: DefaultStorefrontFactory.products() (0 ms)
2025-11-17 22:37:09.516 [39mDEBUG[0;39m [01c74e9e-5b8e-427b-8808-5990068eda85] [http-nio-8081-exec-10] c.b.c.logging.MethodLoggingAspect - Factory result: DefaultStorefrontFactory.products() => (com.bharatshop.factory.impl.DefaultStorefrontFactory$1@337498ae)
2025-11-17 22:37:09.516 [39mDEBUG[0;39m [01c74e9e-5b8e-427b-8808-5990068eda85] [http-nio-8081-exec-10] c.b.c.logging.MethodLoggingAspect - Service enter: ProductService.categories() args=[]
2025-11-17 22:37:09.523 [34mINFO [0;39m [01c74e9e-5b8e-427b-8808-5990068eda85] [http-nio-8081-exec-10] c.b.c.logging.MethodLoggingAspect - Service exit: ProductService.categories() (7 ms)
2025-11-17 22:37:09.523 [39mDEBUG[0;39m [01c74e9e-5b8e-427b-8808-5990068eda85] [http-nio-8081-exec-10] c.b.c.logging.MethodLoggingAspect - Service result: ProductService.categories() => ArrayList[size=4]
2025-11-17 22:37:09.525 [34mINFO [0;39m [01c74e9e-5b8e-427b-8808-5990068eda85] [http-nio-8081-exec-10] c.b.c.logging.MethodLoggingAspect - Controller exit: StoreDiscoveryController.globalCategories(..) -> status=200 (12 ms)
2025-11-17 22:37:09.525 [39mDEBUG[0;39m [01c74e9e-5b8e-427b-8808-5990068eda85] [http-nio-8081-exec-10] c.b.c.logging.MethodLoggingAspect - Controller result: StoreDiscoveryController.globalCategories(..) => ResponseEntity(status=200)
2025-11-17 22:37:09.529 [34mINFO [0;39m [01c74e9e-5b8e-427b-8808-5990068eda85] [http-nio-8081-exec-10] c.b.config.logging.HttpLoggingFilter - GET /api/categories -> 200 (17 ms)
2025-11-17 22:37:09.531 [34mINFO [0;39m [01c74e9e-5b8e-427b-8808-5990068eda85] [http-nio-8081-exec-10] c.b.config.logging.HttpLoggingFilter - Headers: auth=present content-type=null accept=application/json, text/plain, */*
2025-11-17 22:37:09.532 [34mINFO [0;39m [01c74e9e-5b8e-427b-8808-5990068eda85] [http-nio-8081-exec-10] c.b.config.logging.HttpLoggingFilter - Response payload: ["dairy","fruits","medicine","room"]
2025-11-17 22:52:58.582 [39mDEBUG[0;39m [8d49b3b1-4f04-4b0a-a0e0-e3173334039d] [http-nio-8081-exec-2] c.b.c.logging.MethodLoggingAspect - Controller enter: AuthController.sendOtp(..) args=[LinkedHashMap({phone=+917355460178, channel=sms})]
2025-11-17 22:52:58.591 [34mINFO [0;39m [8d49b3b1-4f04-4b0a-a0e0-e3173334039d] [http-nio-8081-exec-2] com.bharatshop.web.AuthController - OTP send requested: phone=+917355460178
2025-11-17 22:52:58.591 [39mDEBUG[0;39m [8d49b3b1-4f04-4b0a-a0e0-e3173334039d] [http-nio-8081-exec-2] c.b.c.logging.MethodLoggingAspect - Service enter: AuthService.sendOtp(..) args=[+917355460178]
2025-11-17 22:52:58.591 [34mINFO [0;39m [8d49b3b1-4f04-4b0a-a0e0-e3173334039d] [http-nio-8081-exec-2] com.bharatshop.service.AuthService - Sending OTP to phone=+917355460178
2025-11-17 22:52:58.596 [34mINFO [0;39m [8d49b3b1-4f04-4b0a-a0e0-e3173334039d] [http-nio-8081-exec-2] com.bharatshop.service.AuthService - OTP generated: otpId=14569130-ded4-4e39-ba50-4ea306d51b0c expiresAt=1763400298596
2025-11-17 22:52:58.598 [39mDEBUG[0;39m [8d49b3b1-4f04-4b0a-a0e0-e3173334039d] [http-nio-8081-exec-2] c.b.c.logging.MethodLoggingAspect - Service enter: CompositeNotificationService.sendSms(..) args=[+917355460178, Your Bharatshop OTP is 108017. Valid for 2 minutes.]
2025-11-17 22:52:59.323 [34mINFO [0;39m [8d49b3b1-4f04-4b0a-a0e0-e3173334039d] [http-nio-8081-exec-2] c.b.s.TwilioNotificationService - Twilio SMS sent: phone=+917355460178 status=201
2025-11-17 22:52:59.323 [34mINFO [0;39m [8d49b3b1-4f04-4b0a-a0e0-e3173334039d] [http-nio-8081-exec-2] c.b.c.logging.MethodLoggingAspect - Service exit: CompositeNotificationService.sendSms(..) (725 ms)
2025-11-17 22:52:59.323 [39mDEBUG[0;39m [8d49b3b1-4f04-4b0a-a0e0-e3173334039d] [http-nio-8081-exec-2] c.b.c.logging.MethodLoggingAspect - Service result: CompositeNotificationService.sendSms(..) => null
2025-11-17 22:52:59.431 [34mINFO [0;39m [8d49b3b1-4f04-4b0a-a0e0-e3173334039d] [http-nio-8081-exec-2] c.b.c.logging.MethodLoggingAspect - Service exit: AuthService.sendOtp(..) (840 ms)
2025-11-17 22:52:59.431 [39mDEBUG[0;39m [8d49b3b1-4f04-4b0a-a0e0-e3173334039d] [http-nio-8081-exec-2] c.b.c.logging.MethodLoggingAspect - Service result: AuthService.sendOtp(..) => MapN({success=true, ttlSeconds=120, otp=108017, otpId=14569130-ded4-4e39-ba50-4ea306d51b0c})
2025-11-17 22:52:59.434 [34mINFO [0;39m [8d49b3b1-4f04-4b0a-a0e0-e3173334039d] [http-nio-8081-exec-2] c.b.c.logging.MethodLoggingAspect - Controller exit: AuthController.sendOtp(..) -> status=200 (852 ms)
2025-11-17 22:52:59.434 [39mDEBUG[0;39m [8d49b3b1-4f04-4b0a-a0e0-e3173334039d] [http-nio-8081-exec-2] c.b.c.logging.MethodLoggingAspect - Controller result: AuthController.sendOtp(..) => ResponseEntity(status=200)
2025-11-17 22:52:59.444 [34mINFO [0;39m [8d49b3b1-4f04-4b0a-a0e0-e3173334039d] [http-nio-8081-exec-2] c.b.config.logging.HttpLoggingFilter - POST /api/storefront/auth/otp/send -> 200 (930 ms)
2025-11-17 22:52:59.444 [34mINFO [0;39m [8d49b3b1-4f04-4b0a-a0e0-e3173334039d] [http-nio-8081-exec-2] c.b.config.logging.HttpLoggingFilter - Headers: auth=absent content-type=application/json accept=application/json, text/plain, */*
2025-11-17 22:52:59.444 [34mINFO [0;39m [8d49b3b1-4f04-4b0a-a0e0-e3173334039d] [http-nio-8081-exec-2] c.b.config.logging.HttpLoggingFilter - Request payload: {"phone":"+917355460178","channel":"sms"}
2025-11-17 22:52:59.444 [34mINFO [0;39m [8d49b3b1-4f04-4b0a-a0e0-e3173334039d] [http-nio-8081-exec-2] c.b.config.logging.HttpLoggingFilter - Response payload: {"success":true,"ttlSeconds":120,"otp":"108017","otpId":"14569130-ded4-4e39-ba50-4ea306d51b0c"}
2025-11-17 22:53:17.362 [39mDEBUG[0;39m [d01e7a4f-1f24-49db-8b9c-8748132506ff] [http-nio-8081-exec-1] c.b.c.logging.MethodLoggingAspect - Controller enter: AuthController.verifyOtp(..) args=[LinkedHashMap({phone=+917355460178, otp=108017})]
2025-11-17 22:53:17.363 [34mINFO [0;39m [d01e7a4f-1f24-49db-8b9c-8748132506ff] [http-nio-8081-exec-1] com.bharatshop.web.AuthController - OTP verify requested: phone=+917355460178 otpPresent=true
2025-11-17 22:53:17.363 [39mDEBUG[0;39m [d01e7a4f-1f24-49db-8b9c-8748132506ff] [http-nio-8081-exec-1] c.b.c.logging.MethodLoggingAspect - Service enter: AuthService.verifyOtp(..) args=[+917355460178, 108017]
2025-11-17 22:53:17.363 [34mINFO [0;39m [d01e7a4f-1f24-49db-8b9c-8748132506ff] [http-nio-8081-exec-1] com.bharatshop.service.AuthService - Verifying OTP for phone=+917355460178
2025-11-17 22:53:17.363 [34mINFO [0;39m [d01e7a4f-1f24-49db-8b9c-8748132506ff] [http-nio-8081-exec-1] com.bharatshop.service.AuthService - OTP verification success for phone=+917355460178
2025-11-17 22:53:17.363 [34mINFO [0;39m [d01e7a4f-1f24-49db-8b9c-8748132506ff] [http-nio-8081-exec-1] com.bharatshop.service.AuthService - Login (phone) attempt: phone=+917355460178
2025-11-17 22:53:17.376 [34mINFO [0;39m [d01e7a4f-1f24-49db-8b9c-8748132506ff] [http-nio-8081-exec-1] com.bharatshop.service.AuthService - Session created: userId=01c9a159-a3df-49a3-9158-a53ff21dce3d role=seller
2025-11-17 22:53:17.376 [34mINFO [0;39m [d01e7a4f-1f24-49db-8b9c-8748132506ff] [http-nio-8081-exec-1] com.bharatshop.service.AuthService - Login (phone) success: userId=01c9a159-a3df-49a3-9158-a53ff21dce3d token=eyJhbGciOiJIUzI1NiIsInR5cCI6IkpXVCJ9.eyJzdWIiOiIwMWM5YTE1OS1hM2RmLTQ5YTMtOTE1OC1hNTNmZjIxZGNlM2QiLCJuYW1lIjoiVXNlcjAxNzgiLCJyb2xlIjoic2VsbGVyIiwiaWF0IjoxNzYzNDAwMTk3LCJleHAiOjE3NjM0MDM3OTd9.exJAwQm78LFsdegNQtPDfZDqTBQWCav4kxpigoJgcrw role=SELLER 
2025-11-17 22:53:17.376 [34mINFO [0;39m [d01e7a4f-1f24-49db-8b9c-8748132506ff] [http-nio-8081-exec-1] c.b.c.logging.MethodLoggingAspect - Service exit: AuthService.verifyOtp(..) (13 ms)
2025-11-17 22:53:17.380 [39mDEBUG[0;39m [d01e7a4f-1f24-49db-8b9c-8748132506ff] [http-nio-8081-exec-1] c.b.c.logging.MethodLoggingAspect - Service result: AuthService.verifyOtp(..) => Session(Session[token=eyJhbGciOiJIUzI1NiIsInR5cCI6IkpXVCJ9.eyJzdWIiOiIwMWM5YTE1OS1hM2RmLTQ5YTMtOTE1OC1hNTNmZjIxZGNlM2QiLCJuYW1lIjoiVXNlcjAxNzgiLCJyb2xlIjoic2VsbGVyIiwiaWF0IjoxNzYzNDAwMTk3LCJleHAiOjE3NjM0MDM3OTd9.exJAwQm78LFsdegNQtPDfZDqTBQWCav4kxpigoJgcrw, userId=01c9a159-a3df-49a3-9158-a53ff21dce3d, name=User0178, role=seller])
2025-11-17 22:53:17.383 [39mDEBUG[0;39m [d01e7a4f-1f24-49db-8b9c-8748132506ff] [http-nio-8081-exec-1] c.b.c.logging.MethodLoggingAspect - Service enter: AuthService.getProfile(..) args=[eyJhbGciOiJIUzI1NiIsInR5cCI6IkpXVCJ9.eyJzdWIiOiIwMWM5YTE1OS1hM2RmLTQ5YTMtOTE1OC1hNTNmZjIxZGNlM2QiLCJuYW1lIjoiVXNlcjAxNzgiLCJyb2xlIjoic2VsbGVyIiwiaWF0IjoxNzYzNDAwMTk3LCJleHAiOjE3NjM0MDM3OTd9.exJAwQm78LFsdegNQtPDfZDqTBQWCav4kxpigoJgcrw]
2025-11-17 22:53:17.406 [34mINFO [0;39m [d01e7a4f-1f24-49db-8b9c-8748132506ff] [http-nio-8081-exec-1] c.b.c.logging.MethodLoggingAspect - Service exit: AuthService.getProfile(..) (23 ms)
2025-11-17 22:53:17.406 [39mDEBUG[0;39m [d01e7a4f-1f24-49db-8b9c-8748132506ff] [http-nio-8081-exec-1] c.b.c.logging.MethodLoggingAspect - Service result: AuthService.getProfile(..) => User(com.bharatshop.domain.User@167d2328)
2025-11-17 22:53:17.406 [34mINFO [0;39m [d01e7a4f-1f24-49db-8b9c-8748132506ff] [http-nio-8081-exec-1] com.bharatshop.web.AuthController - OTP verify success: userId=01c9a159-a3df-49a3-9158-a53ff21dce3d tokenPresent=true
2025-11-17 22:53:17.406 [34mINFO [0;39m [d01e7a4f-1f24-49db-8b9c-8748132506ff] [http-nio-8081-exec-1] c.b.c.logging.MethodLoggingAspect - Controller exit: AuthController.verifyOtp(..) -> status=200 (44 ms)
2025-11-17 22:53:17.406 [39mDEBUG[0;39m [d01e7a4f-1f24-49db-8b9c-8748132506ff] [http-nio-8081-exec-1] c.b.c.logging.MethodLoggingAspect - Controller result: AuthController.verifyOtp(..) => ResponseEntity(status=200)
2025-11-17 22:53:17.410 [34mINFO [0;39m [d01e7a4f-1f24-49db-8b9c-8748132506ff] [http-nio-8081-exec-1] c.b.config.logging.HttpLoggingFilter - POST /api/storefront/auth/otp/verify -> 200 (54 ms)
2025-11-17 22:53:17.411 [34mINFO [0;39m [d01e7a4f-1f24-49db-8b9c-8748132506ff] [http-nio-8081-exec-1] c.b.config.logging.HttpLoggingFilter - Headers: auth=absent content-type=application/json accept=application/json, text/plain, */*
2025-11-17 22:53:17.414 [34mINFO [0;39m [d01e7a4f-1f24-49db-8b9c-8748132506ff] [http-nio-8081-exec-1] c.b.config.logging.HttpLoggingFilter - Request payload: {"phone":"+917355460178","otp":"108017"}
2025-11-17 22:53:17.416 [34mINFO [0;39m [d01e7a4f-1f24-49db-8b9c-8748132506ff] [http-nio-8081-exec-1] c.b.config.logging.HttpLoggingFilter - Response payload: {"success":true,"user":{"id":"01c9a159-a3df-49a3-9158-a53ff21dce3d","name":"User0178","phone":"+917355460178","role":"seller"},"token":"eyJhbGciOiJIUzI1NiIsInR5cCI6IkpXVCJ9.eyJzdWIiOiIwMWM5YTE1OS1hM2RmLTQ5YTMtOTE1OC1hNTNmZjIxZGNlM2QiLCJuYW1lIjoiVXNlcjAxNzgiLCJyb2xlIjoic2VsbGVyIiwiaWF0IjoxNzYzNDAwMTk3LCJleHAiOjE3NjM0MDM3OTd9.exJAwQm78LFsdegNQtPDfZDqTBQWCav4kxpigoJgcrw"}
2025-11-17 22:53:17.489 [39mDEBUG[0;39m [5cdc0d11-f5d4-4b41-a5b8-859c237948f3] [http-nio-8081-exec-4] c.b.c.logging.MethodLoggingAspect - Controller enter: StoreDiscoveryController.globalCategories(..) args=[demo-store]
2025-11-17 22:53:17.489 [39mDEBUG[0;39m [51097956-3a90-4178-836a-64a24ffd2846] [http-nio-8081-exec-3] c.b.c.logging.MethodLoggingAspect - Controller enter: SellerStoreController.listStores(..) args=[null, null, null, null, null, null, demo-store]
2025-11-17 22:53:17.489 [34mINFO [0;39m [51097956-3a90-4178-836a-64a24ffd2846] [http-nio-8081-exec-3] c.b.web.seller.SellerStoreController - Seller list stores: search=null page=null limit=null pageSize=null ownerPhone=null status=null tenant=demo-store userId=01c9a159-a3df-49a3-9158-a53ff21dce3d
2025-11-17 22:53:17.489 [39mDEBUG[0;39m [51097956-3a90-4178-836a-64a24ffd2846] [http-nio-8081-exec-3] c.b.c.logging.MethodLoggingAspect - Factory enter: FactoryProvider.getSellerFactory(..) args=[demo-store]
2025-11-17 22:53:17.491 [34mINFO [0;39m [51097956-3a90-4178-836a-64a24ffd2846] [http-nio-8081-exec-3] c.b.c.logging.MethodLoggingAspect - Factory exit: FactoryProvider.getSellerFactory(..) (2 ms)
2025-11-17 22:53:17.508 [34mINFO [0;39m [5cdc0d11-f5d4-4b41-a5b8-859c237948f3] [http-nio-8081-exec-4] c.b.web.StoreDiscoveryController - Global categories requested: tenant=demo-store
2025-11-17 22:53:17.508 [39mDEBUG[0;39m [51097956-3a90-4178-836a-64a24ffd2846] [http-nio-8081-exec-3] c.b.c.logging.MethodLoggingAspect - Factory result: FactoryProvider.getSellerFactory(..) => DefaultSellerFactory$$SpringCGLIB$$0(com.bharatshop.factory.impl.DefaultSellerFactory@27a57c66)
2025-11-17 22:53:17.506 [39mDEBUG[0;39m [343f4e3b-0bbb-4f75-8290-2252ea0d2f1f] [http-nio-8081-exec-8] c.b.c.logging.MethodLoggingAspect - Controller enter: AuthController.profile(..) args=[ContentCachingRequestWrapper(org.springframework.web.util.ContentCachingRequestWrapper@7bf09699)]
2025-11-17 22:53:17.510 [39mDEBUG[0;39m [5cdc0d11-f5d4-4b41-a5b8-859c237948f3] [http-nio-8081-exec-4] c.b.c.logging.MethodLoggingAspect - Factory enter: FactoryProvider.getFactory(..) args=[demo-store]
2025-11-17 22:53:17.510 [34mINFO [0;39m [5cdc0d11-f5d4-4b41-a5b8-859c237948f3] [http-nio-8081-exec-4] c.b.c.logging.MethodLoggingAspect - Factory exit: FactoryProvider.getFactory(..) (0 ms)
2025-11-17 22:53:17.510 [39mDEBUG[0;39m [51097956-3a90-4178-836a-64a24ffd2846] [http-nio-8081-exec-3] c.b.c.logging.MethodLoggingAspect - Factory enter: DefaultSellerFactory.stores() args=[]
2025-11-17 22:53:17.513 [34mINFO [0;39m [51097956-3a90-4178-836a-64a24ffd2846] [http-nio-8081-exec-3] c.b.c.logging.MethodLoggingAspect - Factory exit: DefaultSellerFactory.stores() (3 ms)
2025-11-17 22:53:17.515 [39mDEBUG[0;39m [51097956-3a90-4178-836a-64a24ffd2846] [http-nio-8081-exec-3] c.b.c.logging.MethodLoggingAspect - Factory result: DefaultSellerFactory.stores() => (com.bharatshop.factory.impl.DefaultSellerFactory$5@1fe3499f)
2025-11-17 22:53:17.510 [39mDEBUG[0;39m [5cdc0d11-f5d4-4b41-a5b8-859c237948f3] [http-nio-8081-exec-4] c.b.c.logging.MethodLoggingAspect - Factory result: FactoryProvider.getFactory(..) => DefaultStorefrontFactory$$SpringCGLIB$$0(com.bharatshop.factory.impl.DefaultStorefrontFactory@434c179e)
2025-11-17 22:53:17.517 [39mDEBUG[0;39m [5cdc0d11-f5d4-4b41-a5b8-859c237948f3] [http-nio-8081-exec-4] c.b.c.logging.MethodLoggingAspect - Factory enter: DefaultStorefrontFactory.products() args=[]
2025-11-17 22:53:17.519 [34mINFO [0;39m [5cdc0d11-f5d4-4b41-a5b8-859c237948f3] [http-nio-8081-exec-4] c.b.c.logging.MethodLoggingAspect - Factory exit: DefaultStorefrontFactory.products() (2 ms)
2025-11-17 22:53:17.521 [39mDEBUG[0;39m [5cdc0d11-f5d4-4b41-a5b8-859c237948f3] [http-nio-8081-exec-4] c.b.c.logging.MethodLoggingAspect - Factory result: DefaultStorefrontFactory.products() => (com.bharatshop.factory.impl.DefaultStorefrontFactory$1@558a3a5d)
2025-11-17 22:53:17.521 [39mDEBUG[0;39m [5cdc0d11-f5d4-4b41-a5b8-859c237948f3] [http-nio-8081-exec-4] c.b.c.logging.MethodLoggingAspect - Service enter: ProductService.categories() args=[]
2025-11-17 22:53:17.523 [34mINFO [0;39m [343f4e3b-0bbb-4f75-8290-2252ea0d2f1f] [http-nio-8081-exec-8] com.bharatshop.web.AuthController - Profile requested: tokenPresent=true 
2025-11-17 22:53:17.525 [39mDEBUG[0;39m [343f4e3b-0bbb-4f75-8290-2252ea0d2f1f] [http-nio-8081-exec-8] c.b.c.logging.MethodLoggingAspect - Service enter: AuthService.getProfile(..) args=[eyJhbGciOiJIUzI1NiIsInR5cCI6IkpXVCJ9.eyJzdWIiOiIwMWM5YTE1OS1hM2RmLTQ5YTMtOTE1OC1hNTNmZjIxZGNlM2QiLCJuYW1lIjoiVXNlcjAxNzgiLCJyb2xlIjoic2VsbGVyIiwiaWF0IjoxNzYzNDAwMTk3LCJleHAiOjE3NjM0MDM3OTd9.exJAwQm78LFsdegNQtPDfZDqTBQWCav4kxpigoJgcrw]
2025-11-17 22:53:17.534 [34mINFO [0;39m [5cdc0d11-f5d4-4b41-a5b8-859c237948f3] [http-nio-8081-exec-4] c.b.c.logging.MethodLoggingAspect - Service exit: ProductService.categories() (13 ms)
2025-11-17 22:53:17.534 [39mDEBUG[0;39m [5cdc0d11-f5d4-4b41-a5b8-859c237948f3] [http-nio-8081-exec-4] c.b.c.logging.MethodLoggingAspect - Service result: ProductService.categories() => ArrayList[size=4]
2025-11-17 22:53:17.534 [34mINFO [0;39m [5cdc0d11-f5d4-4b41-a5b8-859c237948f3] [http-nio-8081-exec-4] c.b.c.logging.MethodLoggingAspect - Controller exit: StoreDiscoveryController.globalCategories(..) -> status=200 (47 ms)
2025-11-17 22:53:17.534 [39mDEBUG[0;39m [5cdc0d11-f5d4-4b41-a5b8-859c237948f3] [http-nio-8081-exec-4] c.b.c.logging.MethodLoggingAspect - Controller result: StoreDiscoveryController.globalCategories(..) => ResponseEntity(status=200)
2025-11-17 22:53:17.542 [34mINFO [0;39m [5cdc0d11-f5d4-4b41-a5b8-859c237948f3] [http-nio-8081-exec-4] c.b.config.logging.HttpLoggingFilter - GET /api/categories -> 200 (59 ms)
2025-11-17 22:53:17.542 [34mINFO [0;39m [5cdc0d11-f5d4-4b41-a5b8-859c237948f3] [http-nio-8081-exec-4] c.b.config.logging.HttpLoggingFilter - Headers: auth=present content-type=null accept=application/json, text/plain, */*
2025-11-17 22:53:17.542 [34mINFO [0;39m [5cdc0d11-f5d4-4b41-a5b8-859c237948f3] [http-nio-8081-exec-4] c.b.config.logging.HttpLoggingFilter - Response payload: ["dairy","fruits","medicine","room"]
2025-11-17 22:53:17.554 [34mINFO [0;39m [51097956-3a90-4178-836a-64a24ffd2846] [http-nio-8081-exec-3] c.b.c.logging.MethodLoggingAspect - Controller exit: SellerStoreController.listStores(..) -> status=200 (65 ms)
2025-11-17 22:53:17.554 [39mDEBUG[0;39m [51097956-3a90-4178-836a-64a24ffd2846] [http-nio-8081-exec-3] c.b.c.logging.MethodLoggingAspect - Controller result: SellerStoreController.listStores(..) => ResponseEntity(status=200)
2025-11-17 22:53:17.562 [34mINFO [0;39m [343f4e3b-0bbb-4f75-8290-2252ea0d2f1f] [http-nio-8081-exec-8] c.b.c.logging.MethodLoggingAspect - Service exit: AuthService.getProfile(..) (37 ms)
2025-11-17 22:53:17.564 [34mINFO [0;39m [51097956-3a90-4178-836a-64a24ffd2846] [http-nio-8081-exec-3] c.b.config.logging.HttpLoggingFilter - GET /api/seller/stores -> 200 (77 ms)
2025-11-17 22:53:17.568 [34mINFO [0;39m [51097956-3a90-4178-836a-64a24ffd2846] [http-nio-8081-exec-3] c.b.config.logging.HttpLoggingFilter - Headers: auth=present content-type=null accept=application/json, text/plain, */*
2025-11-17 22:53:17.566 [39mDEBUG[0;39m [343f4e3b-0bbb-4f75-8290-2252ea0d2f1f] [http-nio-8081-exec-8] c.b.c.logging.MethodLoggingAspect - Service result: AuthService.getProfile(..) => User(com.bharatshop.domain.User@49c7c51)
2025-11-17 22:53:17.568 [34mINFO [0;39m [51097956-3a90-4178-836a-64a24ffd2846] [http-nio-8081-exec-3] c.b.config.logging.HttpLoggingFilter - Response payload: {"stores":[{"capabilities":{"orders":true,"bookings":false},"ownerPhone":"+917355460178","name":"eie","orderingDisabled":false,"id":"daa47be6-3b31-4b3f-ad1a-1b7758589fac","ownerId":"01c9a159-a3df-49a3-9158-a53ff21dce3d","category":"dairy","type":"dairy","status":"open"}]}
2025-11-17 22:53:17.571 [34mINFO [0;39m [343f4e3b-0bbb-4f75-8290-2252ea0d2f1f] [http-nio-8081-exec-8] com.bharatshop.web.AuthController - Profile success: userId=01c9a159-a3df-49a3-9158-a53ff21dce3d
2025-11-17 22:53:17.594 [34mINFO [0;39m [343f4e3b-0bbb-4f75-8290-2252ea0d2f1f] [http-nio-8081-exec-8] c.b.c.logging.MethodLoggingAspect - Controller exit: AuthController.profile(..) -> status=200 (88 ms)
2025-11-17 22:53:17.600 [39mDEBUG[0;39m [e2d7dfa8-006d-43bb-9186-cd655d55daa4] [http-nio-8081-exec-7] c.b.c.logging.MethodLoggingAspect - Controller enter: StoreDiscoveryController.globalCategories(..) args=[demo-store]
2025-11-17 22:53:17.610 [39mDEBUG[0;39m [343f4e3b-0bbb-4f75-8290-2252ea0d2f1f] [http-nio-8081-exec-8] c.b.c.logging.MethodLoggingAspect - Controller result: AuthController.profile(..) => ResponseEntity(status=200)
2025-11-17 22:53:17.612 [34mINFO [0;39m [e2d7dfa8-006d-43bb-9186-cd655d55daa4] [http-nio-8081-exec-7] c.b.web.StoreDiscoveryController - Global categories requested: tenant=demo-store
2025-11-17 22:53:17.620 [39mDEBUG[0;39m [e2d7dfa8-006d-43bb-9186-cd655d55daa4] [http-nio-8081-exec-7] c.b.c.logging.MethodLoggingAspect - Factory enter: FactoryProvider.getFactory(..) args=[demo-store]
2025-11-17 22:53:17.622 [34mINFO [0;39m [e2d7dfa8-006d-43bb-9186-cd655d55daa4] [http-nio-8081-exec-7] c.b.c.logging.MethodLoggingAspect - Factory exit: FactoryProvider.getFactory(..) (2 ms)
2025-11-17 22:53:17.622 [34mINFO [0;39m [343f4e3b-0bbb-4f75-8290-2252ea0d2f1f] [http-nio-8081-exec-8] c.b.config.logging.HttpLoggingFilter - GET /api/storefront/auth/profile -> 200 (121 ms)
2025-11-17 22:53:17.624 [34mINFO [0;39m [343f4e3b-0bbb-4f75-8290-2252ea0d2f1f] [http-nio-8081-exec-8] c.b.config.logging.HttpLoggingFilter - Headers: auth=present content-type=null accept=application/json, text/plain, */*
2025-11-17 22:53:17.624 [34mINFO [0;39m [343f4e3b-0bbb-4f75-8290-2252ea0d2f1f] [http-nio-8081-exec-8] c.b.config.logging.HttpLoggingFilter - Response payload: {"id":"01c9a159-a3df-49a3-9158-a53ff21dce3d","name":"User0178","phone":"+917355460178","role":"seller"}
2025-11-17 22:53:17.624 [39mDEBUG[0;39m [e2d7dfa8-006d-43bb-9186-cd655d55daa4] [http-nio-8081-exec-7] c.b.c.logging.MethodLoggingAspect - Factory result: FactoryProvider.getFactory(..) => DefaultStorefrontFactory$$SpringCGLIB$$0(com.bharatshop.factory.impl.DefaultStorefrontFactory@434c179e)
2025-11-17 22:53:17.632 [39mDEBUG[0;39m [6ddfa166-cd24-426e-a668-e2be4cdfd57a] [http-nio-8081-exec-6] c.b.c.logging.MethodLoggingAspect - Controller enter: SellerStoreController.listStores(..) args=[null, null, null, null, null, null, demo-store]
2025-11-17 22:53:17.632 [34mINFO [0;39m [6ddfa166-cd24-426e-a668-e2be4cdfd57a] [http-nio-8081-exec-6] c.b.web.seller.SellerStoreController - Seller list stores: search=null page=null limit=null pageSize=null ownerPhone=null status=null tenant=demo-store userId=01c9a159-a3df-49a3-9158-a53ff21dce3d
2025-11-17 22:53:17.634 [39mDEBUG[0;39m [6ddfa166-cd24-426e-a668-e2be4cdfd57a] [http-nio-8081-exec-6] c.b.c.logging.MethodLoggingAspect - Factory enter: FactoryProvider.getSellerFactory(..) args=[demo-store]
2025-11-17 22:53:17.634 [34mINFO [0;39m [6ddfa166-cd24-426e-a668-e2be4cdfd57a] [http-nio-8081-exec-6] c.b.c.logging.MethodLoggingAspect - Factory exit: FactoryProvider.getSellerFactory(..) (0 ms)
2025-11-17 22:53:17.634 [39mDEBUG[0;39m [6ddfa166-cd24-426e-a668-e2be4cdfd57a] [http-nio-8081-exec-6] c.b.c.logging.MethodLoggingAspect - Factory result: FactoryProvider.getSellerFactory(..) => DefaultSellerFactory$$SpringCGLIB$$0(com.bharatshop.factory.impl.DefaultSellerFactory@27a57c66)
2025-11-17 22:53:17.636 [39mDEBUG[0;39m [6ddfa166-cd24-426e-a668-e2be4cdfd57a] [http-nio-8081-exec-6] c.b.c.logging.MethodLoggingAspect - Factory enter: DefaultSellerFactory.stores() args=[]
2025-11-17 22:53:17.636 [34mINFO [0;39m [6ddfa166-cd24-426e-a668-e2be4cdfd57a] [http-nio-8081-exec-6] c.b.c.logging.MethodLoggingAspect - Factory exit: DefaultSellerFactory.stores() (0 ms)
2025-11-17 22:53:17.636 [39mDEBUG[0;39m [6ddfa166-cd24-426e-a668-e2be4cdfd57a] [http-nio-8081-exec-6] c.b.c.logging.MethodLoggingAspect - Factory result: DefaultSellerFactory.stores() => (com.bharatshop.factory.impl.DefaultSellerFactory$5@5f1965b6)
2025-11-17 22:53:17.626 [39mDEBUG[0;39m [e2d7dfa8-006d-43bb-9186-cd655d55daa4] [http-nio-8081-exec-7] c.b.c.logging.MethodLoggingAspect - Factory enter: DefaultStorefrontFactory.products() args=[]
2025-11-17 22:53:17.642 [34mINFO [0;39m [e2d7dfa8-006d-43bb-9186-cd655d55daa4] [http-nio-8081-exec-7] c.b.c.logging.MethodLoggingAspect - Factory exit: DefaultStorefrontFactory.products() (16 ms)
2025-11-17 22:53:17.660 [39mDEBUG[0;39m [e2d7dfa8-006d-43bb-9186-cd655d55daa4] [http-nio-8081-exec-7] c.b.c.logging.MethodLoggingAspect - Factory result: DefaultStorefrontFactory.products() => (com.bharatshop.factory.impl.DefaultStorefrontFactory$1@580fb140)
2025-11-17 22:53:17.736 [39mDEBUG[0;39m [e2d7dfa8-006d-43bb-9186-cd655d55daa4] [http-nio-8081-exec-7] c.b.c.logging.MethodLoggingAspect - Service enter: ProductService.categories() args=[]
2025-11-17 22:53:17.749 [34mINFO [0;39m [6ddfa166-cd24-426e-a668-e2be4cdfd57a] [http-nio-8081-exec-6] c.b.c.logging.MethodLoggingAspect - Controller exit: SellerStoreController.listStores(..) -> status=200 (117 ms)
2025-11-17 22:53:17.749 [39mDEBUG[0;39m [6ddfa166-cd24-426e-a668-e2be4cdfd57a] [http-nio-8081-exec-6] c.b.c.logging.MethodLoggingAspect - Controller result: SellerStoreController.listStores(..) => ResponseEntity(status=200)
2025-11-17 22:53:17.753 [34mINFO [0;39m [6ddfa166-cd24-426e-a668-e2be4cdfd57a] [http-nio-8081-exec-6] c.b.config.logging.HttpLoggingFilter - GET /api/seller/stores -> 200 (127 ms)
2025-11-17 22:53:17.755 [34mINFO [0;39m [6ddfa166-cd24-426e-a668-e2be4cdfd57a] [http-nio-8081-exec-6] c.b.config.logging.HttpLoggingFilter - Headers: auth=present content-type=null accept=application/json, text/plain, */*
2025-11-17 22:53:17.755 [34mINFO [0;39m [6ddfa166-cd24-426e-a668-e2be4cdfd57a] [http-nio-8081-exec-6] c.b.config.logging.HttpLoggingFilter - Response payload: {"stores":[{"capabilities":{"orders":true,"bookings":false},"ownerPhone":"+917355460178","name":"eie","orderingDisabled":false,"id":"daa47be6-3b31-4b3f-ad1a-1b7758589fac","ownerId":"01c9a159-a3df-49a3-9158-a53ff21dce3d","category":"dairy","type":"dairy","status":"open"}]}
2025-11-17 22:53:17.763 [34mINFO [0;39m [e2d7dfa8-006d-43bb-9186-cd655d55daa4] [http-nio-8081-exec-7] c.b.c.logging.MethodLoggingAspect - Service exit: ProductService.categories() (26 ms)
2025-11-17 22:53:17.765 [39mDEBUG[0;39m [e2d7dfa8-006d-43bb-9186-cd655d55daa4] [http-nio-8081-exec-7] c.b.c.logging.MethodLoggingAspect - Service result: ProductService.categories() => ArrayList[size=4]
2025-11-17 22:53:17.765 [34mINFO [0;39m [e2d7dfa8-006d-43bb-9186-cd655d55daa4] [http-nio-8081-exec-7] c.b.c.logging.MethodLoggingAspect - Controller exit: StoreDiscoveryController.globalCategories(..) -> status=200 (167 ms)
2025-11-17 22:53:17.765 [39mDEBUG[0;39m [e2d7dfa8-006d-43bb-9186-cd655d55daa4] [http-nio-8081-exec-7] c.b.c.logging.MethodLoggingAspect - Controller result: StoreDiscoveryController.globalCategories(..) => ResponseEntity(status=200)
2025-11-17 22:53:17.767 [34mINFO [0;39m [e2d7dfa8-006d-43bb-9186-cd655d55daa4] [http-nio-8081-exec-7] c.b.config.logging.HttpLoggingFilter - GET /api/categories -> 200 (190 ms)
2025-11-17 22:53:17.769 [34mINFO [0;39m [e2d7dfa8-006d-43bb-9186-cd655d55daa4] [http-nio-8081-exec-7] c.b.config.logging.HttpLoggingFilter - Headers: auth=present content-type=null accept=application/json, text/plain, */*
2025-11-17 22:53:17.769 [34mINFO [0;39m [e2d7dfa8-006d-43bb-9186-cd655d55daa4] [http-nio-8081-exec-7] c.b.config.logging.HttpLoggingFilter - Response payload: ["dairy","fruits","medicine","room"]
2025-11-17 22:53:17.774 [39mDEBUG[0;39m [3278b3be-03aa-4837-bb7e-a45dba4a173c] [http-nio-8081-exec-5] c.b.c.logging.MethodLoggingAspect - Controller enter: SellerStoreController.listStores(..) args=[null, null, null, null, null, null, demo-store]
2025-11-17 22:53:17.774 [34mINFO [0;39m [3278b3be-03aa-4837-bb7e-a45dba4a173c] [http-nio-8081-exec-5] c.b.web.seller.SellerStoreController - Seller list stores: search=null page=null limit=null pageSize=null ownerPhone=null status=null tenant=demo-store userId=01c9a159-a3df-49a3-9158-a53ff21dce3d
2025-11-17 22:53:17.774 [39mDEBUG[0;39m [3278b3be-03aa-4837-bb7e-a45dba4a173c] [http-nio-8081-exec-5] c.b.c.logging.MethodLoggingAspect - Factory enter: FactoryProvider.getSellerFactory(..) args=[demo-store]
2025-11-17 22:53:17.774 [34mINFO [0;39m [3278b3be-03aa-4837-bb7e-a45dba4a173c] [http-nio-8081-exec-5] c.b.c.logging.MethodLoggingAspect - Factory exit: FactoryProvider.getSellerFactory(..) (0 ms)
2025-11-17 22:53:17.774 [39mDEBUG[0;39m [3278b3be-03aa-4837-bb7e-a45dba4a173c] [http-nio-8081-exec-5] c.b.c.logging.MethodLoggingAspect - Factory result: FactoryProvider.getSellerFactory(..) => DefaultSellerFactory$$SpringCGLIB$$0(com.bharatshop.factory.impl.DefaultSellerFactory@27a57c66)
2025-11-17 22:53:17.774 [39mDEBUG[0;39m [3278b3be-03aa-4837-bb7e-a45dba4a173c] [http-nio-8081-exec-5] c.b.c.logging.MethodLoggingAspect - Factory enter: DefaultSellerFactory.stores() args=[]
2025-11-17 22:53:17.781 [34mINFO [0;39m [3278b3be-03aa-4837-bb7e-a45dba4a173c] [http-nio-8081-exec-5] c.b.c.logging.MethodLoggingAspect - Factory exit: DefaultSellerFactory.stores() (7 ms)
2025-11-17 22:53:17.802 [39mDEBUG[0;39m [3278b3be-03aa-4837-bb7e-a45dba4a173c] [http-nio-8081-exec-5] c.b.c.logging.MethodLoggingAspect - Factory result: DefaultSellerFactory.stores() => (com.bharatshop.factory.impl.DefaultSellerFactory$5@5de57b6c)
2025-11-17 22:53:17.810 [34mINFO [0;39m [3278b3be-03aa-4837-bb7e-a45dba4a173c] [http-nio-8081-exec-5] c.b.c.logging.MethodLoggingAspect - Controller exit: SellerStoreController.listStores(..) -> status=200 (36 ms)
2025-11-17 22:53:17.810 [39mDEBUG[0;39m [3278b3be-03aa-4837-bb7e-a45dba4a173c] [http-nio-8081-exec-5] c.b.c.logging.MethodLoggingAspect - Controller result: SellerStoreController.listStores(..) => ResponseEntity(status=200)
2025-11-17 22:53:17.814 [34mINFO [0;39m [3278b3be-03aa-4837-bb7e-a45dba4a173c] [http-nio-8081-exec-5] c.b.config.logging.HttpLoggingFilter - GET /api/seller/stores -> 200 (40 ms)
2025-11-17 22:53:17.814 [34mINFO [0;39m [3278b3be-03aa-4837-bb7e-a45dba4a173c] [http-nio-8081-exec-5] c.b.config.logging.HttpLoggingFilter - Headers: auth=present content-type=null accept=application/json, text/plain, */*
2025-11-17 22:53:17.814 [34mINFO [0;39m [3278b3be-03aa-4837-bb7e-a45dba4a173c] [http-nio-8081-exec-5] c.b.config.logging.HttpLoggingFilter - Response payload: {"stores":[{"capabilities":{"orders":true,"bookings":false},"ownerPhone":"+917355460178","name":"eie","orderingDisabled":false,"id":"daa47be6-3b31-4b3f-ad1a-1b7758589fac","ownerId":"01c9a159-a3df-49a3-9158-a53ff21dce3d","category":"dairy","type":"dairy","status":"open"}]}
2025-11-17 22:53:27.784 [39mDEBUG[0;39m [a8140f4e-844f-43a7-8924-92280f057af3] [http-nio-8081-exec-10] c.b.c.logging.MethodLoggingAspect - Controller enter: SellerStoreController.listStores(..) args=[null, null, null, null, null, null, demo-store]
2025-11-17 22:53:27.788 [34mINFO [0;39m [a8140f4e-844f-43a7-8924-92280f057af3] [http-nio-8081-exec-10] c.b.web.seller.SellerStoreController - Seller list stores: search=null page=null limit=null pageSize=null ownerPhone=null status=null tenant=demo-store userId=01c9a159-a3df-49a3-9158-a53ff21dce3d
2025-11-17 22:53:27.788 [39mDEBUG[0;39m [a8140f4e-844f-43a7-8924-92280f057af3] [http-nio-8081-exec-10] c.b.c.logging.MethodLoggingAspect - Factory enter: FactoryProvider.getSellerFactory(..) args=[demo-store]
2025-11-17 22:53:27.790 [34mINFO [0;39m [a8140f4e-844f-43a7-8924-92280f057af3] [http-nio-8081-exec-10] c.b.c.logging.MethodLoggingAspect - Factory exit: FactoryProvider.getSellerFactory(..) (2 ms)
2025-11-17 22:53:27.791 [39mDEBUG[0;39m [a8140f4e-844f-43a7-8924-92280f057af3] [http-nio-8081-exec-10] c.b.c.logging.MethodLoggingAspect - Factory result: FactoryProvider.getSellerFactory(..) => DefaultSellerFactory$$SpringCGLIB$$0(com.bharatshop.factory.impl.DefaultSellerFactory@27a57c66)
2025-11-17 22:53:27.791 [39mDEBUG[0;39m [0860e9f7-f715-43fd-945c-b62315a214d2] [http-nio-8081-exec-9] c.b.c.logging.MethodLoggingAspect - Controller enter: SellerOrderController.list(..) args=[null, null, null, null, null, null, demo-store]
2025-11-17 22:53:27.791 [39mDEBUG[0;39m [a8140f4e-844f-43a7-8924-92280f057af3] [http-nio-8081-exec-10] c.b.c.logging.MethodLoggingAspect - Factory enter: DefaultSellerFactory.stores() args=[]
2025-11-17 22:53:27.791 [34mINFO [0;39m [a8140f4e-844f-43a7-8924-92280f057af3] [http-nio-8081-exec-10] c.b.c.logging.MethodLoggingAspect - Factory exit: DefaultSellerFactory.stores() (0 ms)
2025-11-17 22:53:27.791 [34mINFO [0;39m [0860e9f7-f715-43fd-945c-b62315a214d2] [http-nio-8081-exec-9] c.b.web.seller.SellerOrderController - Seller list orders: storeId=null status=null from=null to=null page=null limit=null tenant=demo-store
2025-11-17 22:53:27.791 [39mDEBUG[0;39m [a8140f4e-844f-43a7-8924-92280f057af3] [http-nio-8081-exec-10] c.b.c.logging.MethodLoggingAspect - Factory result: DefaultSellerFactory.stores() => (com.bharatshop.factory.impl.DefaultSellerFactory$5@2ef14c5c)
2025-11-17 22:53:27.791 [39mDEBUG[0;39m [0860e9f7-f715-43fd-945c-b62315a214d2] [http-nio-8081-exec-9] c.b.c.logging.MethodLoggingAspect - Factory enter: FactoryProvider.getSellerFactory(..) args=[demo-store]
2025-11-17 22:53:27.793 [34mINFO [0;39m [0860e9f7-f715-43fd-945c-b62315a214d2] [http-nio-8081-exec-9] c.b.c.logging.MethodLoggingAspect - Factory exit: FactoryProvider.getSellerFactory(..) (2 ms)
2025-11-17 22:53:27.793 [39mDEBUG[0;39m [0860e9f7-f715-43fd-945c-b62315a214d2] [http-nio-8081-exec-9] c.b.c.logging.MethodLoggingAspect - Factory result: FactoryProvider.getSellerFactory(..) => DefaultSellerFactory$$SpringCGLIB$$0(com.bharatshop.factory.impl.DefaultSellerFactory@27a57c66)
2025-11-17 22:53:27.793 [39mDEBUG[0;39m [0860e9f7-f715-43fd-945c-b62315a214d2] [http-nio-8081-exec-9] c.b.c.logging.MethodLoggingAspect - Factory enter: DefaultSellerFactory.orders() args=[]
2025-11-17 22:53:27.793 [34mINFO [0;39m [0860e9f7-f715-43fd-945c-b62315a214d2] [http-nio-8081-exec-9] c.b.c.logging.MethodLoggingAspect - Factory exit: DefaultSellerFactory.orders() (0 ms)
2025-11-17 22:53:27.795 [39mDEBUG[0;39m [0860e9f7-f715-43fd-945c-b62315a214d2] [http-nio-8081-exec-9] c.b.c.logging.MethodLoggingAspect - Factory result: DefaultSellerFactory.orders() => (com.bharatshop.factory.impl.DefaultSellerFactory$2@1a8e41c6)
2025-11-17 22:53:27.797 [34mINFO [0;39m [a8140f4e-844f-43a7-8924-92280f057af3] [http-nio-8081-exec-10] c.b.c.logging.MethodLoggingAspect - Controller exit: SellerStoreController.listStores(..) -> status=200 (13 ms)
2025-11-17 22:53:27.799 [39mDEBUG[0;39m [a8140f4e-844f-43a7-8924-92280f057af3] [http-nio-8081-exec-10] c.b.c.logging.MethodLoggingAspect - Controller result: SellerStoreController.listStores(..) => ResponseEntity(status=200)
2025-11-17 22:53:27.803 [34mINFO [0;39m [a8140f4e-844f-43a7-8924-92280f057af3] [http-nio-8081-exec-10] c.b.config.logging.HttpLoggingFilter - GET /api/seller/stores -> 200 (23 ms)
2025-11-17 22:53:27.803 [34mINFO [0;39m [a8140f4e-844f-43a7-8924-92280f057af3] [http-nio-8081-exec-10] c.b.config.logging.HttpLoggingFilter - Headers: auth=present content-type=null accept=application/json, text/plain, */*
2025-11-17 22:53:27.805 [34mINFO [0;39m [a8140f4e-844f-43a7-8924-92280f057af3] [http-nio-8081-exec-10] c.b.config.logging.HttpLoggingFilter - Response payload: {"stores":[{"capabilities":{"orders":true,"bookings":false},"ownerPhone":"+917355460178","name":"eie","orderingDisabled":false,"id":"daa47be6-3b31-4b3f-ad1a-1b7758589fac","ownerId":"01c9a159-a3df-49a3-9158-a53ff21dce3d","category":"dairy","type":"dairy","status":"open"}]}
2025-11-17 22:53:27.807 [34mINFO [0;39m [0860e9f7-f715-43fd-945c-b62315a214d2] [http-nio-8081-exec-9] c.b.web.seller.SellerOrderController - Seller list orders success: count=0
2025-11-17 22:53:27.809 [34mINFO [0;39m [0860e9f7-f715-43fd-945c-b62315a214d2] [http-nio-8081-exec-9] c.b.c.logging.MethodLoggingAspect - Controller exit: SellerOrderController.list(..) -> status=200 (18 ms)
2025-11-17 22:53:27.811 [39mDEBUG[0;39m [0860e9f7-f715-43fd-945c-b62315a214d2] [http-nio-8081-exec-9] c.b.c.logging.MethodLoggingAspect - Controller result: SellerOrderController.list(..) => ResponseEntity(status=200)
2025-11-17 22:53:27.814 [34mINFO [0;39m [0860e9f7-f715-43fd-945c-b62315a214d2] [http-nio-8081-exec-9] c.b.config.logging.HttpLoggingFilter - GET /api/seller/orders -> 200 (30 ms)
2025-11-17 22:53:27.853 [34mINFO [0;39m [0860e9f7-f715-43fd-945c-b62315a214d2] [http-nio-8081-exec-9] c.b.config.logging.HttpLoggingFilter - Headers: auth=present content-type=null accept=application/json, text/plain, */*
2025-11-17 22:53:27.857 [34mINFO [0;39m [0860e9f7-f715-43fd-945c-b62315a214d2] [http-nio-8081-exec-9] c.b.config.logging.HttpLoggingFilter - Response payload: []
2025-11-17 22:53:27.891 [39mDEBUG[0;39m [b23c20a5-1c45-469c-b268-1c784c3c91af] [http-nio-8081-exec-1] c.b.c.logging.MethodLoggingAspect - Controller enter: SellerOrderController.list(..) args=[null, null, null, null, null, null, demo-store]
2025-11-17 22:53:27.901 [39mDEBUG[0;39m [fe894827-eb18-477d-a93a-6dbfb1bd0c8c] [http-nio-8081-exec-2] c.b.c.logging.MethodLoggingAspect - Controller enter: SellerStoreController.listStores(..) args=[null, null, null, null, null, null, demo-store]
2025-11-17 22:53:27.925 [34mINFO [0;39m [fe894827-eb18-477d-a93a-6dbfb1bd0c8c] [http-nio-8081-exec-2] c.b.web.seller.SellerStoreController - Seller list stores: search=null page=null limit=null pageSize=null ownerPhone=null status=null tenant=demo-store userId=01c9a159-a3df-49a3-9158-a53ff21dce3d
2025-11-17 22:53:27.925 [39mDEBUG[0;39m [fe894827-eb18-477d-a93a-6dbfb1bd0c8c] [http-nio-8081-exec-2] c.b.c.logging.MethodLoggingAspect - Factory enter: FactoryProvider.getSellerFactory(..) args=[demo-store]
2025-11-17 22:53:27.927 [34mINFO [0;39m [fe894827-eb18-477d-a93a-6dbfb1bd0c8c] [http-nio-8081-exec-2] c.b.c.logging.MethodLoggingAspect - Factory exit: FactoryProvider.getSellerFactory(..) (2 ms)
2025-11-17 22:53:27.927 [39mDEBUG[0;39m [fe894827-eb18-477d-a93a-6dbfb1bd0c8c] [http-nio-8081-exec-2] c.b.c.logging.MethodLoggingAspect - Factory result: FactoryProvider.getSellerFactory(..) => DefaultSellerFactory$$SpringCGLIB$$0(com.bharatshop.factory.impl.DefaultSellerFactory@27a57c66)
2025-11-17 22:53:27.899 [34mINFO [0;39m [b23c20a5-1c45-469c-b268-1c784c3c91af] [http-nio-8081-exec-1] c.b.web.seller.SellerOrderController - Seller list orders: storeId=null status=null from=null to=null page=null limit=null tenant=demo-store
2025-11-17 22:53:27.930 [39mDEBUG[0;39m [fe894827-eb18-477d-a93a-6dbfb1bd0c8c] [http-nio-8081-exec-2] c.b.c.logging.MethodLoggingAspect - Factory enter: DefaultSellerFactory.stores() args=[]
2025-11-17 22:53:27.935 [39mDEBUG[0;39m [b23c20a5-1c45-469c-b268-1c784c3c91af] [http-nio-8081-exec-1] c.b.c.logging.MethodLoggingAspect - Factory enter: FactoryProvider.getSellerFactory(..) args=[demo-store]
2025-11-17 22:53:27.950 [34mINFO [0;39m [b23c20a5-1c45-469c-b268-1c784c3c91af] [http-nio-8081-exec-1] c.b.c.logging.MethodLoggingAspect - Factory exit: FactoryProvider.getSellerFactory(..) (15 ms)
2025-11-17 22:53:27.937 [34mINFO [0;39m [fe894827-eb18-477d-a93a-6dbfb1bd0c8c] [http-nio-8081-exec-2] c.b.c.logging.MethodLoggingAspect - Factory exit: DefaultSellerFactory.stores() (8 ms)
2025-11-17 22:53:27.951 [39mDEBUG[0;39m [b23c20a5-1c45-469c-b268-1c784c3c91af] [http-nio-8081-exec-1] c.b.c.logging.MethodLoggingAspect - Factory result: FactoryProvider.getSellerFactory(..) => DefaultSellerFactory$$SpringCGLIB$$0(com.bharatshop.factory.impl.DefaultSellerFactory@27a57c66)
2025-11-17 22:53:27.953 [39mDEBUG[0;39m [fe894827-eb18-477d-a93a-6dbfb1bd0c8c] [http-nio-8081-exec-2] c.b.c.logging.MethodLoggingAspect - Factory result: DefaultSellerFactory.stores() => (com.bharatshop.factory.impl.DefaultSellerFactory$5@3b984839)
2025-11-17 22:53:27.965 [39mDEBUG[0;39m [b23c20a5-1c45-469c-b268-1c784c3c91af] [http-nio-8081-exec-1] c.b.c.logging.MethodLoggingAspect - Factory enter: DefaultSellerFactory.orders() args=[]
2025-11-17 22:53:27.969 [34mINFO [0;39m [b23c20a5-1c45-469c-b268-1c784c3c91af] [http-nio-8081-exec-1] c.b.c.logging.MethodLoggingAspect - Factory exit: DefaultSellerFactory.orders() (10 ms)
2025-11-17 22:53:27.978 [39mDEBUG[0;39m [b23c20a5-1c45-469c-b268-1c784c3c91af] [http-nio-8081-exec-1] c.b.c.logging.MethodLoggingAspect - Factory result: DefaultSellerFactory.orders() => (com.bharatshop.factory.impl.DefaultSellerFactory$2@6602ca8d)
2025-11-17 22:53:27.996 [34mINFO [0;39m [b23c20a5-1c45-469c-b268-1c784c3c91af] [http-nio-8081-exec-1] c.b.web.seller.SellerOrderController - Seller list orders success: count=0
2025-11-17 22:53:27.996 [34mINFO [0;39m [b23c20a5-1c45-469c-b268-1c784c3c91af] [http-nio-8081-exec-1] c.b.c.logging.MethodLoggingAspect - Controller exit: SellerOrderController.list(..) -> status=200 (105 ms)
2025-11-17 22:53:27.996 [39mDEBUG[0;39m [b23c20a5-1c45-469c-b268-1c784c3c91af] [http-nio-8081-exec-1] c.b.c.logging.MethodLoggingAspect - Controller result: SellerOrderController.list(..) => ResponseEntity(status=200)
2025-11-17 22:53:27.998 [34mINFO [0;39m [fe894827-eb18-477d-a93a-6dbfb1bd0c8c] [http-nio-8081-exec-2] c.b.c.logging.MethodLoggingAspect - Controller exit: SellerStoreController.listStores(..) -> status=200 (97 ms)
2025-11-17 22:53:28.011 [39mDEBUG[0;39m [fe894827-eb18-477d-a93a-6dbfb1bd0c8c] [http-nio-8081-exec-2] c.b.c.logging.MethodLoggingAspect - Controller result: SellerStoreController.listStores(..) => ResponseEntity(status=200)
2025-11-17 22:53:28.002 [34mINFO [0;39m [b23c20a5-1c45-469c-b268-1c784c3c91af] [http-nio-8081-exec-1] c.b.config.logging.HttpLoggingFilter - GET /api/seller/orders -> 200 (116 ms)
2025-11-17 22:53:28.017 [34mINFO [0;39m [b23c20a5-1c45-469c-b268-1c784c3c91af] [http-nio-8081-exec-1] c.b.config.logging.HttpLoggingFilter - Headers: auth=present content-type=null accept=application/json, text/plain, */*
2025-11-17 22:53:28.018 [34mINFO [0;39m [b23c20a5-1c45-469c-b268-1c784c3c91af] [http-nio-8081-exec-1] c.b.config.logging.HttpLoggingFilter - Response payload: []
2025-11-17 22:53:28.018 [34mINFO [0;39m [fe894827-eb18-477d-a93a-6dbfb1bd0c8c] [http-nio-8081-exec-2] c.b.config.logging.HttpLoggingFilter - GET /api/seller/stores -> 200 (125 ms)
2025-11-17 22:53:28.028 [34mINFO [0;39m [fe894827-eb18-477d-a93a-6dbfb1bd0c8c] [http-nio-8081-exec-2] c.b.config.logging.HttpLoggingFilter - Headers: auth=present content-type=null accept=application/json, text/plain, */*
2025-11-17 22:53:28.029 [34mINFO [0;39m [fe894827-eb18-477d-a93a-6dbfb1bd0c8c] [http-nio-8081-exec-2] c.b.config.logging.HttpLoggingFilter - Response payload: {"stores":[{"capabilities":{"orders":true,"bookings":false},"ownerPhone":"+917355460178","name":"eie","orderingDisabled":false,"id":"daa47be6-3b31-4b3f-ad1a-1b7758589fac","ownerId":"01c9a159-a3df-49a3-9158-a53ff21dce3d","category":"dairy","type":"dairy","status":"open"}]}
2025-11-17 22:58:08.572 [39mDEBUG[0;39m [ad117471-e85b-4a4b-b3c8-e232be227a02] [http-nio-8081-exec-4] c.b.c.logging.MethodLoggingAspect - Controller enter: StorefrontCartController.getCart(..) args=[demo-store, guest_1763145312971_qpjhsp]
2025-11-17 22:58:08.574 [34mINFO [0;39m [ad117471-e85b-4a4b-b3c8-e232be227a02] [http-nio-8081-exec-4] c.b.web.StorefrontCartController - Storefront get cart: tenant=demo-store userId=guest-guest_1763145312971_qpjhsp 
2025-11-17 22:58:08.574 [39mDEBUG[0;39m [ad117471-e85b-4a4b-b3c8-e232be227a02] [http-nio-8081-exec-4] c.b.c.logging.MethodLoggingAspect - Service enter: CartService.getCart(..) args=[guest-guest_1763145312971_qpjhsp]
2025-11-17 22:58:08.574 [34mINFO [0;39m [ad117471-e85b-4a4b-b3c8-e232be227a02] [http-nio-8081-exec-4] c.b.c.logging.MethodLoggingAspect - Service exit: CartService.getCart(..) (0 ms)
2025-11-17 22:58:08.574 [39mDEBUG[0;39m [ad117471-e85b-4a4b-b3c8-e232be227a02] [http-nio-8081-exec-4] c.b.c.logging.MethodLoggingAspect - Service result: CartService.getCart(..) => ArrayList[size=0]
2025-11-17 22:58:08.574 [34mINFO [0;39m [ad117471-e85b-4a4b-b3c8-e232be227a02] [http-nio-8081-exec-4] c.b.c.logging.MethodLoggingAspect - Controller exit: StorefrontCartController.getCart(..) -> status=200 (2 ms)
2025-11-17 22:58:08.574 [39mDEBUG[0;39m [ad117471-e85b-4a4b-b3c8-e232be227a02] [http-nio-8081-exec-4] c.b.c.logging.MethodLoggingAspect - Controller result: StorefrontCartController.getCart(..) => ResponseEntity(status=200)
2025-11-17 22:58:08.579 [34mINFO [0;39m [ad117471-e85b-4a4b-b3c8-e232be227a02] [http-nio-8081-exec-4] c.b.config.logging.HttpLoggingFilter - GET /api/storefront/cart -> 200 (7 ms)
2025-11-17 22:58:08.579 [34mINFO [0;39m [ad117471-e85b-4a4b-b3c8-e232be227a02] [http-nio-8081-exec-4] c.b.config.logging.HttpLoggingFilter - Headers: auth=absent content-type=null accept=application/json, text/plain, */*
2025-11-17 22:58:08.579 [34mINFO [0;39m [ad117471-e85b-4a4b-b3c8-e232be227a02] [http-nio-8081-exec-4] c.b.config.logging.HttpLoggingFilter - Response payload: {"totals":{"subtotal":0.0,"itemsCount":0},"items":[]}
2025-11-17 22:58:08.593 [39mDEBUG[0;39m [510d3571-d24e-4c9d-a3a1-9c7b30e0db8b] [http-nio-8081-exec-3] c.b.c.logging.MethodLoggingAspect - Controller enter: StorefrontCartController.getCart(..) args=[demo-store, guest_1763145312971_qpjhsp]
2025-11-17 22:58:08.594 [34mINFO [0;39m [510d3571-d24e-4c9d-a3a1-9c7b30e0db8b] [http-nio-8081-exec-3] c.b.web.StorefrontCartController - Storefront get cart: tenant=demo-store userId=guest-guest_1763145312971_qpjhsp 
2025-11-17 22:58:08.594 [39mDEBUG[0;39m [510d3571-d24e-4c9d-a3a1-9c7b30e0db8b] [http-nio-8081-exec-3] c.b.c.logging.MethodLoggingAspect - Service enter: CartService.getCart(..) args=[guest-guest_1763145312971_qpjhsp]
2025-11-17 22:58:08.594 [34mINFO [0;39m [510d3571-d24e-4c9d-a3a1-9c7b30e0db8b] [http-nio-8081-exec-3] c.b.c.logging.MethodLoggingAspect - Service exit: CartService.getCart(..) (0 ms)
2025-11-17 22:58:08.594 [39mDEBUG[0;39m [510d3571-d24e-4c9d-a3a1-9c7b30e0db8b] [http-nio-8081-exec-3] c.b.c.logging.MethodLoggingAspect - Service result: CartService.getCart(..) => ArrayList[size=0]
2025-11-17 22:58:08.595 [34mINFO [0;39m [510d3571-d24e-4c9d-a3a1-9c7b30e0db8b] [http-nio-8081-exec-3] c.b.c.logging.MethodLoggingAspect - Controller exit: StorefrontCartController.getCart(..) -> status=200 (2 ms)
2025-11-17 22:58:08.595 [39mDEBUG[0;39m [510d3571-d24e-4c9d-a3a1-9c7b30e0db8b] [http-nio-8081-exec-3] c.b.c.logging.MethodLoggingAspect - Controller result: StorefrontCartController.getCart(..) => ResponseEntity(status=200)
2025-11-17 22:58:08.596 [34mINFO [0;39m [510d3571-d24e-4c9d-a3a1-9c7b30e0db8b] [http-nio-8081-exec-3] c.b.config.logging.HttpLoggingFilter - GET /api/storefront/cart -> 200 (5 ms)
2025-11-17 22:58:08.597 [34mINFO [0;39m [510d3571-d24e-4c9d-a3a1-9c7b30e0db8b] [http-nio-8081-exec-3] c.b.config.logging.HttpLoggingFilter - Headers: auth=absent content-type=null accept=application/json, text/plain, */*
2025-11-17 22:58:08.597 [34mINFO [0;39m [510d3571-d24e-4c9d-a3a1-9c7b30e0db8b] [http-nio-8081-exec-3] c.b.config.logging.HttpLoggingFilter - Response payload: {"totals":{"subtotal":0.0,"itemsCount":0},"items":[]}
2025-11-17 22:58:08.642 [39mDEBUG[0;39m [a01c7d9b-0970-40fb-811f-40f057d3f6f9] [http-nio-8081-exec-8] c.b.c.logging.MethodLoggingAspect - Controller enter: OrdersController.bookingDetail(..) args=[demo-store, eed06a00-2239-4934-b10a-d5052adf846a]
2025-11-17 22:58:08.642 [34mINFO [0;39m [a01c7d9b-0970-40fb-811f-40f057d3f6f9] [http-nio-8081-exec-8] c.b.c.logging.MethodLoggingAspect - Controller exit: OrdersController.bookingDetail(..) -> status=401 (0 ms)
2025-11-17 22:58:08.645 [39mDEBUG[0;39m [a01c7d9b-0970-40fb-811f-40f057d3f6f9] [http-nio-8081-exec-8] c.b.c.logging.MethodLoggingAspect - Controller result: OrdersController.bookingDetail(..) => ResponseEntity(status=401)
2025-11-17 22:58:08.648 [34mINFO [0;39m [a01c7d9b-0970-40fb-811f-40f057d3f6f9] [http-nio-8081-exec-8] c.b.config.logging.HttpLoggingFilter - GET /api/storefront/bookings/eed06a00-2239-4934-b10a-d5052adf846a -> 401 (31 ms)
2025-11-17 22:58:08.648 [34mINFO [0;39m [a01c7d9b-0970-40fb-811f-40f057d3f6f9] [http-nio-8081-exec-8] c.b.config.logging.HttpLoggingFilter - Headers: auth=absent content-type=null accept=application/json, text/plain, */*
2025-11-17 22:58:08.648 [34mINFO [0;39m [a01c7d9b-0970-40fb-811f-40f057d3f6f9] [http-nio-8081-exec-8] c.b.config.logging.HttpLoggingFilter - Response payload: {"message":"Unauthorized"}
2025-11-17 22:58:08.663 [39mDEBUG[0;39m [e71af36a-c9ad-4e6b-9172-1d3b724588f0] [http-nio-8081-exec-6] c.b.c.logging.MethodLoggingAspect - Controller enter: OrdersController.bookingDetail(..) args=[demo-store, eed06a00-2239-4934-b10a-d5052adf846a]
2025-11-17 22:58:08.663 [34mINFO [0;39m [e71af36a-c9ad-4e6b-9172-1d3b724588f0] [http-nio-8081-exec-6] c.b.c.logging.MethodLoggingAspect - Controller exit: OrdersController.bookingDetail(..) -> status=401 (0 ms)
2025-11-17 22:58:08.665 [39mDEBUG[0;39m [e71af36a-c9ad-4e6b-9172-1d3b724588f0] [http-nio-8081-exec-6] c.b.c.logging.MethodLoggingAspect - Controller result: OrdersController.bookingDetail(..) => ResponseEntity(status=401)
2025-11-17 22:58:08.665 [34mINFO [0;39m [e71af36a-c9ad-4e6b-9172-1d3b724588f0] [http-nio-8081-exec-6] c.b.config.logging.HttpLoggingFilter - GET /api/storefront/bookings/eed06a00-2239-4934-b10a-d5052adf846a -> 401 (4 ms)
2025-11-17 22:58:08.665 [34mINFO [0;39m [e71af36a-c9ad-4e6b-9172-1d3b724588f0] [http-nio-8081-exec-6] c.b.config.logging.HttpLoggingFilter - Headers: auth=absent content-type=null accept=application/json, text/plain, */*
2025-11-17 22:58:08.665 [34mINFO [0;39m [e71af36a-c9ad-4e6b-9172-1d3b724588f0] [http-nio-8081-exec-6] c.b.config.logging.HttpLoggingFilter - Response payload: {"message":"Unauthorized"}
2025-11-17 23:02:18.166 [34mINFO [0;39m [] [main] c.bharatshop.BharatshopApplication - Starting BharatshopApplication using Java 17.0.12 with PID 83420 (C:\Users\Adarsh\Downloads\bharatshop-backend\target\bharatshop-backend-0.0.1-SNAPSHOT.jar started by Adarsh in C:\Users\Adarsh\Downloads\bharatshop-backend)
2025-11-17 23:02:18.170 [39mDEBUG[0;39m [] [main] c.bharatshop.BharatshopApplication - Running with Spring Boot v3.3.4, Spring v6.1.13
2025-11-17 23:02:18.172 [34mINFO [0;39m [] [main] c.bharatshop.BharatshopApplication - No active profile set, falling back to 1 default profile: "default"
2025-11-17 23:02:20.425 [34mINFO [0;39m [] [main] o.s.d.r.c.RepositoryConfigurationDelegate - Bootstrapping Spring Data JPA repositories in DEFAULT mode.
2025-11-17 23:02:20.528 [34mINFO [0;39m [] [main] o.s.d.r.c.RepositoryConfigurationDelegate - Finished Spring Data repository scanning in 88 ms. Found 6 JPA repository interfaces.
2025-11-17 23:02:21.914 [34mINFO [0;39m [] [main] o.s.b.w.e.tomcat.TomcatWebServer - Tomcat initialized with port 8081 (http)
2025-11-17 23:02:21.931 [34mINFO [0;39m [] [main] o.a.coyote.http11.Http11NioProtocol - Initializing ProtocolHandler ["http-nio-8081"]
2025-11-17 23:02:21.940 [34mINFO [0;39m [] [main] o.a.catalina.core.StandardService - Starting service [Tomcat]
2025-11-17 23:02:21.940 [34mINFO [0;39m [] [main] o.a.catalina.core.StandardEngine - Starting Servlet engine: [Apache Tomcat/10.1.30]
2025-11-17 23:02:22.023 [34mINFO [0;39m [] [main] o.a.c.c.C.[Tomcat].[localhost].[/] - Initializing Spring embedded WebApplicationContext
2025-11-17 23:02:22.023 [34mINFO [0;39m [] [main] o.s.b.w.s.c.ServletWebServerApplicationContext - Root WebApplicationContext: initialization completed in 3763 ms
2025-11-17 23:02:22.277 [34mINFO [0;39m [] [main] com.zaxxer.hikari.HikariDataSource - HikariPool-1 - Starting...
2025-11-17 23:02:22.549 [34mINFO [0;39m [] [main] com.zaxxer.hikari.pool.HikariPool - HikariPool-1 - Added connection conn0: url=jdbc:h2:mem:bharatshop user=SA
2025-11-17 23:02:22.555 [34mINFO [0;39m [] [main] com.zaxxer.hikari.HikariDataSource - HikariPool-1 - Start completed.
2025-11-17 23:02:22.569 [34mINFO [0;39m [] [main] o.s.b.a.h.H2ConsoleAutoConfiguration - H2 console available at '/h2-console'. Database available at 'jdbc:h2:mem:bharatshop'
2025-11-17 23:02:23.422 [34mINFO [0;39m [] [main] o.s.o.j.p.SpringPersistenceUnitInfo - No LoadTimeWeaver setup: ignoring JPA class transformer
2025-11-17 23:02:24.994 [34mINFO [0;39m [] [main] o.s.o.j.LocalContainerEntityManagerFactoryBean - Initialized JPA EntityManagerFactory for persistence unit 'default'
2025-11-17 23:02:25.567 [34mINFO [0;39m [] [main] c.b.config.NotificationConfig - SMS provider: Twilio
2025-11-17 23:02:25.788 [34mINFO [0;39m [] [main] c.b.config.NotificationConfig - Email provider: SMTP
2025-11-17 23:02:25.919 [39mDEBUG[0;39m [] [main] c.b.c.logging.CorrelationIdFilter - Filter 'correlationIdFilter' configured for use
2025-11-17 23:02:25.919 [39mDEBUG[0;39m [] [main] c.b.config.logging.HttpLoggingFilter - Filter 'httpLoggingFilter' configured for use
2025-11-17 23:02:25.934 [39mDEBUG[0;39m [] [main] com.bharatshop.config.TenantFilter - Filter 'tenantFilter' configured for use
2025-11-17 23:02:25.934 [39mDEBUG[0;39m [] [main] c.b.security.TokenAuthFilter - Filter 'tokenAuthFilter' configured for use
2025-11-17 23:02:25.938 [39mDEBUG[0;39m [] [main] c.b.config.IdempotencyFilter - Filter 'idempotencyFilter' configured for use
2025-11-17 23:02:26.701 [31mWARN [0;39m [] [main] o.s.b.a.o.j.JpaBaseConfiguration$JpaWebConfiguration - spring.jpa.open-in-view is enabled by default. Therefore, database queries may be performed during view rendering. Explicitly configure spring.jpa.open-in-view to disable this warning
2025-11-17 23:02:26.769 [31mWARN [0;39m [] [main] o.s.b.a.s.s.UserDetailsServiceAutoConfiguration - 

Using generated security password: c7610786-955a-4b89-a3b1-c764c37ec22e

This generated password is for development use only. Your security configuration must be updated before running your application in production.

2025-11-17 23:02:26.794 [34mINFO [0;39m [] [main] o.s.s.c.a.a.c.InitializeUserDetailsBeanManagerConfigurer$InitializeUserDetailsManagerConfigurer - Global AuthenticationManager configured with UserDetailsService bean with name inMemoryUserDetailsManager
2025-11-17 23:02:27.738 [34mINFO [0;39m [] [main] o.s.b.a.e.web.EndpointLinksResolver - Exposing 4 endpoints beneath base path '/actuator'
2025-11-17 23:02:28.594 [34mINFO [0;39m [] [main] o.a.coyote.http11.Http11NioProtocol - Starting ProtocolHandler ["http-nio-8081"]
2025-11-17 23:02:28.617 [34mINFO [0;39m [] [main] o.s.b.w.e.tomcat.TomcatWebServer - Tomcat started on port 8081 (http) with context path '/'
2025-11-17 23:02:28.643 [34mINFO [0;39m [] [main] c.bharatshop.BharatshopApplication - Started BharatshopApplication in 11.722 seconds (process running for 12.728)
2025-11-17 23:02:28.751 [39mDEBUG[0;39m [] [main] c.b.c.logging.MethodLoggingAspect - Service enter: StoreService.add(..) args=[Store(com.bharatshop.domain.Store@374d3128)]
2025-11-17 23:02:28.893 [34mINFO [0;39m [] [main] c.b.c.logging.MethodLoggingAspect - Service exit: StoreService.add(..) (146 ms)
2025-11-17 23:02:28.893 [39mDEBUG[0;39m [] [main] c.b.c.logging.MethodLoggingAspect - Service result: StoreService.add(..) => Store(com.bharatshop.domain.Store@74aae322)
2025-11-17 23:02:28.893 [39mDEBUG[0;39m [] [main] c.b.c.logging.MethodLoggingAspect - Service enter: StoreService.add(..) args=[Store(com.bharatshop.domain.Store@610576c8)]
2025-11-17 23:02:28.894 [34mINFO [0;39m [] [main] c.b.c.logging.MethodLoggingAspect - Service exit: StoreService.add(..) (1 ms)
2025-11-17 23:02:28.897 [39mDEBUG[0;39m [] [main] c.b.c.logging.MethodLoggingAspect - Service result: StoreService.add(..) => Store(com.bharatshop.domain.Store@5d98522c)
2025-11-17 23:02:28.897 [39mDEBUG[0;39m [] [main] c.b.c.logging.MethodLoggingAspect - Service enter: StoreService.add(..) args=[Store(com.bharatshop.domain.Store@43e869ea)]
2025-11-17 23:02:28.898 [34mINFO [0;39m [] [main] c.b.c.logging.MethodLoggingAspect - Service exit: StoreService.add(..) (1 ms)
2025-11-17 23:02:28.898 [39mDEBUG[0;39m [] [main] c.b.c.logging.MethodLoggingAspect - Service result: StoreService.add(..) => Store(com.bharatshop.domain.Store@5cb2a1ea)
2025-11-17 23:02:28.898 [39mDEBUG[0;39m [] [main] c.b.c.logging.MethodLoggingAspect - Service enter: ProductService.add(..) args=[Product(com.bharatshop.domain.Product@59f0f273)]
2025-11-17 23:02:28.906 [34mINFO [0;39m [] [main] c.b.c.logging.MethodLoggingAspect - Service exit: ProductService.add(..) (8 ms)
2025-11-17 23:02:28.906 [39mDEBUG[0;39m [] [main] c.b.c.logging.MethodLoggingAspect - Service result: ProductService.add(..) => null
2025-11-17 23:02:28.906 [39mDEBUG[0;39m [] [main] c.b.c.logging.MethodLoggingAspect - Service enter: ProductService.add(..) args=[Product(com.bharatshop.domain.Product@edfe8d)]
2025-11-17 23:02:28.911 [34mINFO [0;39m [] [main] c.b.c.logging.MethodLoggingAspect - Service exit: ProductService.add(..) (5 ms)
2025-11-17 23:02:28.912 [39mDEBUG[0;39m [] [main] c.b.c.logging.MethodLoggingAspect - Service result: ProductService.add(..) => null
2025-11-17 23:02:28.912 [39mDEBUG[0;39m [] [main] c.b.c.logging.MethodLoggingAspect - Service enter: ProductService.add(..) args=[Product(com.bharatshop.domain.Product@77422a9f)]
2025-11-17 23:02:28.913 [34mINFO [0;39m [] [main] c.b.c.logging.MethodLoggingAspect - Service exit: ProductService.add(..) (1 ms)
2025-11-17 23:02:28.913 [39mDEBUG[0;39m [] [main] c.b.c.logging.MethodLoggingAspect - Service result: ProductService.add(..) => null
2025-11-17 23:02:28.913 [39mDEBUG[0;39m [] [main] c.b.c.logging.MethodLoggingAspect - Service enter: ProductService.add(..) args=[Product(com.bharatshop.domain.Product@7555782c)]
2025-11-17 23:02:28.918 [34mINFO [0;39m [] [main] c.b.c.logging.MethodLoggingAspect - Service exit: ProductService.add(..) (5 ms)
2025-11-17 23:02:28.918 [39mDEBUG[0;39m [] [main] c.b.c.logging.MethodLoggingAspect - Service result: ProductService.add(..) => null
2025-11-17 23:02:37.800 [34mINFO [0;39m [] [http-nio-8081-exec-1] o.a.c.c.C.[Tomcat].[localhost].[/] - Initializing Spring DispatcherServlet 'dispatcherServlet'
2025-11-17 23:02:37.801 [34mINFO [0;39m [] [http-nio-8081-exec-1] o.s.web.servlet.DispatcherServlet - Initializing Servlet 'dispatcherServlet'
2025-11-17 23:02:37.803 [34mINFO [0;39m [] [http-nio-8081-exec-1] o.s.web.servlet.DispatcherServlet - Completed initialization in 2 ms
2025-11-17 23:02:38.065 [39mDEBUG[0;39m [de41a7df-2693-4ae2-8cc2-48ee273c8a83] [http-nio-8081-exec-1] c.b.c.logging.MethodLoggingAspect - Controller enter: AuthController.profile(..) args=[ContentCachingRequestWrapper(org.springframework.web.util.ContentCachingRequestWrapper@213803d1)]
2025-11-17 23:02:38.065 [34mINFO [0;39m [de41a7df-2693-4ae2-8cc2-48ee273c8a83] [http-nio-8081-exec-1] com.bharatshop.web.AuthController - Profile requested: tokenPresent=true 
2025-11-17 23:02:38.065 [39mDEBUG[0;39m [de41a7df-2693-4ae2-8cc2-48ee273c8a83] [http-nio-8081-exec-1] c.b.c.logging.MethodLoggingAspect - Service enter: AuthService.getProfile(..) args=[eyJhbGciOiJIUzI1NiIsInR5cCI6IkpXVCJ9.eyJzdWIiOiIwMWM5YTE1OS1hM2RmLTQ5YTMtOTE1OC1hNTNmZjIxZGNlM2QiLCJuYW1lIjoiVXNlcjAxNzgiLCJyb2xlIjoic2VsbGVyIiwiaWF0IjoxNzYzNDAwMTk3LCJleHAiOjE3NjM0MDM3OTd9.exJAwQm78LFsdegNQtPDfZDqTBQWCav4kxpigoJgcrw]
2025-11-17 23:02:38.081 [34mINFO [0;39m [de41a7df-2693-4ae2-8cc2-48ee273c8a83] [http-nio-8081-exec-1] c.b.c.logging.MethodLoggingAspect - Service exit: AuthService.getProfile(..) (16 ms)
2025-11-17 23:02:38.081 [39mDEBUG[0;39m [de41a7df-2693-4ae2-8cc2-48ee273c8a83] [http-nio-8081-exec-1] c.b.c.logging.MethodLoggingAspect - Service result: AuthService.getProfile(..) => null
2025-11-17 23:02:38.090 [39mDEBUG[0;39m [a22e8b0f-f8ab-4ff1-9054-244c9a02f16e] [http-nio-8081-exec-2] c.b.c.logging.MethodLoggingAspect - Controller enter: StorefrontCartController.getCart(..) args=[demo-store, guest_1763142291071_p6hkbv]
2025-11-17 23:02:38.090 [34mINFO [0;39m [a22e8b0f-f8ab-4ff1-9054-244c9a02f16e] [http-nio-8081-exec-2] c.b.web.StorefrontCartController - Storefront get cart: tenant=demo-store userId=01c9a159-a3df-49a3-9158-a53ff21dce3d 
2025-11-17 23:02:38.092 [39mDEBUG[0;39m [a22e8b0f-f8ab-4ff1-9054-244c9a02f16e] [http-nio-8081-exec-2] c.b.c.logging.MethodLoggingAspect - Service enter: CartService.getCart(..) args=[01c9a159-a3df-49a3-9158-a53ff21dce3d]
2025-11-17 23:02:38.093 [34mINFO [0;39m [a22e8b0f-f8ab-4ff1-9054-244c9a02f16e] [http-nio-8081-exec-2] c.b.c.logging.MethodLoggingAspect - Service exit: CartService.getCart(..) (1 ms)
2025-11-17 23:02:38.093 [39mDEBUG[0;39m [a22e8b0f-f8ab-4ff1-9054-244c9a02f16e] [http-nio-8081-exec-2] c.b.c.logging.MethodLoggingAspect - Service result: CartService.getCart(..) => ArrayList[size=0]
2025-11-17 23:02:38.096 [34mINFO [0;39m [a22e8b0f-f8ab-4ff1-9054-244c9a02f16e] [http-nio-8081-exec-2] c.b.c.logging.MethodLoggingAspect - Controller exit: StorefrontCartController.getCart(..) -> status=200 (7 ms)
2025-11-17 23:02:38.098 [39mDEBUG[0;39m [a22e8b0f-f8ab-4ff1-9054-244c9a02f16e] [http-nio-8081-exec-2] c.b.c.logging.MethodLoggingAspect - Controller result: StorefrontCartController.getCart(..) => ResponseEntity(status=200)
2025-11-17 23:02:38.098 [34mINFO [0;39m [de41a7df-2693-4ae2-8cc2-48ee273c8a83] [http-nio-8081-exec-1] c.b.c.logging.MethodLoggingAspect - Controller exit: AuthController.profile(..) -> status=401 (31 ms)
2025-11-17 23:02:38.098 [39mDEBUG[0;39m [de41a7df-2693-4ae2-8cc2-48ee273c8a83] [http-nio-8081-exec-1] c.b.c.logging.MethodLoggingAspect - Controller result: AuthController.profile(..) => ResponseEntity(status=401)
2025-11-17 23:02:38.186 [34mINFO [0;39m [de41a7df-2693-4ae2-8cc2-48ee273c8a83] [http-nio-8081-exec-1] c.b.config.logging.HttpLoggingFilter - GET /api/storefront/auth/profile -> 401 (158 ms)
2025-11-17 23:02:38.188 [34mINFO [0;39m [de41a7df-2693-4ae2-8cc2-48ee273c8a83] [http-nio-8081-exec-1] c.b.config.logging.HttpLoggingFilter - Headers: auth=present content-type=null accept=application/json, text/plain, */*
2025-11-17 23:02:38.188 [34mINFO [0;39m [de41a7df-2693-4ae2-8cc2-48ee273c8a83] [http-nio-8081-exec-1] c.b.config.logging.HttpLoggingFilter - Response payload: {"message":"Unauthorized"}
2025-11-17 23:02:38.220 [39mDEBUG[0;39m [d65b7855-b8f4-4f70-977b-43dac97ad6a9] [http-nio-8081-exec-3] c.b.c.logging.MethodLoggingAspect - Controller enter: AuthController.profile(..) args=[ContentCachingRequestWrapper(org.springframework.web.util.ContentCachingRequestWrapper@4823f843)]
2025-11-17 23:02:38.226 [34mINFO [0;39m [d65b7855-b8f4-4f70-977b-43dac97ad6a9] [http-nio-8081-exec-3] com.bharatshop.web.AuthController - Profile requested: tokenPresent=true 
2025-11-17 23:02:38.228 [39mDEBUG[0;39m [d65b7855-b8f4-4f70-977b-43dac97ad6a9] [http-nio-8081-exec-3] c.b.c.logging.MethodLoggingAspect - Service enter: AuthService.getProfile(..) args=[eyJhbGciOiJIUzI1NiIsInR5cCI6IkpXVCJ9.eyJzdWIiOiIwMWM5YTE1OS1hM2RmLTQ5YTMtOTE1OC1hNTNmZjIxZGNlM2QiLCJuYW1lIjoiVXNlcjAxNzgiLCJyb2xlIjoic2VsbGVyIiwiaWF0IjoxNzYzNDAwMTk3LCJleHAiOjE3NjM0MDM3OTd9.exJAwQm78LFsdegNQtPDfZDqTBQWCav4kxpigoJgcrw]
2025-11-17 23:02:38.233 [34mINFO [0;39m [d65b7855-b8f4-4f70-977b-43dac97ad6a9] [http-nio-8081-exec-3] c.b.c.logging.MethodLoggingAspect - Service exit: AuthService.getProfile(..) (5 ms)
2025-11-17 23:02:38.236 [39mDEBUG[0;39m [d65b7855-b8f4-4f70-977b-43dac97ad6a9] [http-nio-8081-exec-3] c.b.c.logging.MethodLoggingAspect - Service result: AuthService.getProfile(..) => null
2025-11-17 23:02:38.238 [34mINFO [0;39m [d65b7855-b8f4-4f70-977b-43dac97ad6a9] [http-nio-8081-exec-3] c.b.c.logging.MethodLoggingAspect - Controller exit: AuthController.profile(..) -> status=401 (18 ms)
2025-11-17 23:02:38.241 [34mINFO [0;39m [a22e8b0f-f8ab-4ff1-9054-244c9a02f16e] [http-nio-8081-exec-2] c.b.config.logging.HttpLoggingFilter - GET /api/storefront/cart -> 200 (217 ms)
2025-11-17 23:02:38.241 [39mDEBUG[0;39m [d65b7855-b8f4-4f70-977b-43dac97ad6a9] [http-nio-8081-exec-3] c.b.c.logging.MethodLoggingAspect - Controller result: AuthController.profile(..) => ResponseEntity(status=401)
2025-11-17 23:02:38.241 [34mINFO [0;39m [a22e8b0f-f8ab-4ff1-9054-244c9a02f16e] [http-nio-8081-exec-2] c.b.config.logging.HttpLoggingFilter - Headers: auth=present content-type=null accept=application/json, text/plain, */*
2025-11-17 23:02:38.243 [34mINFO [0;39m [a22e8b0f-f8ab-4ff1-9054-244c9a02f16e] [http-nio-8081-exec-2] c.b.config.logging.HttpLoggingFilter - Response payload: {"totals":{"subtotal":0.0,"itemsCount":0},"items":[]}
2025-11-17 23:02:38.244 [34mINFO [0;39m [d65b7855-b8f4-4f70-977b-43dac97ad6a9] [http-nio-8081-exec-3] c.b.config.logging.HttpLoggingFilter - GET /api/storefront/auth/profile -> 401 (27 ms)
2025-11-17 23:02:38.244 [34mINFO [0;39m [d65b7855-b8f4-4f70-977b-43dac97ad6a9] [http-nio-8081-exec-3] c.b.config.logging.HttpLoggingFilter - Headers: auth=present content-type=null accept=application/json, text/plain, */*
2025-11-17 23:02:38.244 [34mINFO [0;39m [d65b7855-b8f4-4f70-977b-43dac97ad6a9] [http-nio-8081-exec-3] c.b.config.logging.HttpLoggingFilter - Response payload: {"message":"Unauthorized"}
2025-11-17 23:02:38.265 [39mDEBUG[0;39m [adb1ef87-791d-4597-b775-4768b406f47f] [http-nio-8081-exec-4] c.b.c.logging.MethodLoggingAspect - Controller enter: StorefrontCartController.getCart(..) args=[demo-store, guest_1763142291071_p6hkbv]
2025-11-17 23:02:38.265 [39mDEBUG[0;39m [3127891a-5bd2-4bd2-8b58-426fe10647a5] [http-nio-8081-exec-5] c.b.c.logging.MethodLoggingAspect - Controller enter: SellerStoreController.listStores(..) args=[null, null, null, null, null, null, demo-store]
2025-11-17 23:02:38.267 [34mINFO [0;39m [adb1ef87-791d-4597-b775-4768b406f47f] [http-nio-8081-exec-4] c.b.web.StorefrontCartController - Storefront get cart: tenant=demo-store userId=01c9a159-a3df-49a3-9158-a53ff21dce3d 
2025-11-17 23:02:38.269 [39mDEBUG[0;39m [adb1ef87-791d-4597-b775-4768b406f47f] [http-nio-8081-exec-4] c.b.c.logging.MethodLoggingAspect - Service enter: CartService.getCart(..) args=[01c9a159-a3df-49a3-9158-a53ff21dce3d]
2025-11-17 23:02:38.271 [34mINFO [0;39m [3127891a-5bd2-4bd2-8b58-426fe10647a5] [http-nio-8081-exec-5] c.b.c.logging.MethodLoggingAspect - Controller exit: SellerStoreController.listStores(..) -> status=401 (6 ms)
2025-11-17 23:02:38.271 [34mINFO [0;39m [adb1ef87-791d-4597-b775-4768b406f47f] [http-nio-8081-exec-4] c.b.c.logging.MethodLoggingAspect - Service exit: CartService.getCart(..) (2 ms)
2025-11-17 23:02:38.271 [39mDEBUG[0;39m [3127891a-5bd2-4bd2-8b58-426fe10647a5] [http-nio-8081-exec-5] c.b.c.logging.MethodLoggingAspect - Controller result: SellerStoreController.listStores(..) => ResponseEntity(status=401)
2025-11-17 23:02:38.271 [39mDEBUG[0;39m [adb1ef87-791d-4597-b775-4768b406f47f] [http-nio-8081-exec-4] c.b.c.logging.MethodLoggingAspect - Service result: CartService.getCart(..) => ArrayList[size=0]
2025-11-17 23:02:38.271 [34mINFO [0;39m [adb1ef87-791d-4597-b775-4768b406f47f] [http-nio-8081-exec-4] c.b.c.logging.MethodLoggingAspect - Controller exit: StorefrontCartController.getCart(..) -> status=200 (6 ms)
2025-11-17 23:02:38.271 [39mDEBUG[0;39m [adb1ef87-791d-4597-b775-4768b406f47f] [http-nio-8081-exec-4] c.b.c.logging.MethodLoggingAspect - Controller result: StorefrontCartController.getCart(..) => ResponseEntity(status=200)
2025-11-17 23:02:38.273 [34mINFO [0;39m [3127891a-5bd2-4bd2-8b58-426fe10647a5] [http-nio-8081-exec-5] c.b.config.logging.HttpLoggingFilter - GET /api/seller/stores -> 401 (11 ms)
2025-11-17 23:02:38.273 [34mINFO [0;39m [adb1ef87-791d-4597-b775-4768b406f47f] [http-nio-8081-exec-4] c.b.config.logging.HttpLoggingFilter - GET /api/storefront/cart -> 200 (11 ms)
2025-11-17 23:02:38.273 [34mINFO [0;39m [3127891a-5bd2-4bd2-8b58-426fe10647a5] [http-nio-8081-exec-5] c.b.config.logging.HttpLoggingFilter - Headers: auth=absent content-type=null accept=application/json, text/plain, */*
2025-11-17 23:02:38.273 [34mINFO [0;39m [adb1ef87-791d-4597-b775-4768b406f47f] [http-nio-8081-exec-4] c.b.config.logging.HttpLoggingFilter - Headers: auth=present content-type=null accept=application/json, text/plain, */*
2025-11-17 23:02:38.273 [34mINFO [0;39m [adb1ef87-791d-4597-b775-4768b406f47f] [http-nio-8081-exec-4] c.b.config.logging.HttpLoggingFilter - Response payload: {"totals":{"subtotal":0.0,"itemsCount":0},"items":[]}
2025-11-17 23:02:42.499 [39mDEBUG[0;39m [92051bec-f916-4c94-bee4-9b0393939894] [http-nio-8081-exec-6] c.b.c.logging.MethodLoggingAspect - Controller enter: StoreDiscoveryController.stores(..) args=[demo-store, null, null]
2025-11-17 23:02:42.506 [34mINFO [0;39m [92051bec-f916-4c94-bee4-9b0393939894] [http-nio-8081-exec-6] c.b.web.StoreDiscoveryController - Discover stores: tenant=demo-store search=null category=null
2025-11-17 23:02:42.508 [39mDEBUG[0;39m [92051bec-f916-4c94-bee4-9b0393939894] [http-nio-8081-exec-6] c.b.c.logging.MethodLoggingAspect - Factory enter: FactoryProvider.getFactory(..) args=[demo-store]
2025-11-17 23:02:42.508 [34mINFO [0;39m [92051bec-f916-4c94-bee4-9b0393939894] [http-nio-8081-exec-6] c.b.c.logging.MethodLoggingAspect - Factory exit: FactoryProvider.getFactory(..) (0 ms)
2025-11-17 23:02:42.510 [39mDEBUG[0;39m [92051bec-f916-4c94-bee4-9b0393939894] [http-nio-8081-exec-6] c.b.c.logging.MethodLoggingAspect - Factory result: FactoryProvider.getFactory(..) => DefaultStorefrontFactory$$SpringCGLIB$$0(com.bharatshop.factory.impl.DefaultStorefrontFactory@7b031f53)
2025-11-17 23:02:42.510 [39mDEBUG[0;39m [92051bec-f916-4c94-bee4-9b0393939894] [http-nio-8081-exec-6] c.b.c.logging.MethodLoggingAspect - Factory enter: DefaultStorefrontFactory.stores() args=[]
2025-11-17 23:02:42.512 [34mINFO [0;39m [92051bec-f916-4c94-bee4-9b0393939894] [http-nio-8081-exec-6] c.b.c.logging.MethodLoggingAspect - Factory exit: DefaultStorefrontFactory.stores() (2 ms)
2025-11-17 23:02:42.512 [39mDEBUG[0;39m [92051bec-f916-4c94-bee4-9b0393939894] [http-nio-8081-exec-6] c.b.c.logging.MethodLoggingAspect - Factory result: DefaultStorefrontFactory.stores() => (com.bharatshop.factory.impl.DefaultStorefrontFactory$2@183aa1ea)
2025-11-17 23:02:42.513 [39mDEBUG[0;39m [92051bec-f916-4c94-bee4-9b0393939894] [http-nio-8081-exec-6] c.b.c.logging.MethodLoggingAspect - Service enter: StoreService.list(..) args=[null, null]
2025-11-17 23:02:42.623 [34mINFO [0;39m [92051bec-f916-4c94-bee4-9b0393939894] [http-nio-8081-exec-6] c.b.c.logging.MethodLoggingAspect - Service exit: StoreService.list(..) (110 ms)
2025-11-17 23:02:42.623 [39mDEBUG[0;39m [92051bec-f916-4c94-bee4-9b0393939894] [http-nio-8081-exec-6] c.b.c.logging.MethodLoggingAspect - Service result: StoreService.list(..) => ArrayList[size=3]
2025-11-17 23:02:42.623 [34mINFO [0;39m [92051bec-f916-4c94-bee4-9b0393939894] [http-nio-8081-exec-6] c.b.c.logging.MethodLoggingAspect - Controller exit: StoreDiscoveryController.stores(..) -> status=200 (124 ms)
2025-11-17 23:02:42.625 [39mDEBUG[0;39m [92051bec-f916-4c94-bee4-9b0393939894] [http-nio-8081-exec-6] c.b.c.logging.MethodLoggingAspect - Controller result: StoreDiscoveryController.stores(..) => ResponseEntity(status=200)
2025-11-17 23:02:42.644 [34mINFO [0;39m [92051bec-f916-4c94-bee4-9b0393939894] [http-nio-8081-exec-6] c.b.config.logging.HttpLoggingFilter - GET /api/stores -> 200 (148 ms)
2025-11-17 23:02:42.644 [34mINFO [0;39m [92051bec-f916-4c94-bee4-9b0393939894] [http-nio-8081-exec-6] c.b.config.logging.HttpLoggingFilter - Headers: auth=absent content-type=null accept=application/json, text/plain, */*
2025-11-17 23:02:42.644 [34mINFO [0;39m [92051bec-f916-4c94-bee4-9b0393939894] [http-nio-8081-exec-6] c.b.config.logging.HttpLoggingFilter - Response payload: [{"id":"ac629ad1-964b-4d66-ba81-0a028f0a95b0","name":"City Pharmacy","area":"Brigade","category":"pharmacy","status":"open","orderingDisabled":false,"updatedAt":"2025-11-17T17:32:28.894464Z"},{"id":"0257505e-bcc4-4b56-993c-e6e6d65ba740","name":"Fresh Mart","area":"MG Road","category":"grocery","status":"open","orderingDisabled":false,"updatedAt":"2025-11-17T17:32:28.842022Z"},{"id":"c0c3bb67-ba5e-4fdd-a4de-bcfab1fc0979","name":"Sunrise Hotel","area":"Beach","category":"hospitality","status":"open","orderingDisabled":false,"updatedAt":"2025-11-17T17:32:28.898784Z"}]
2025-11-17 23:08:11.239 [34mINFO [0;39m [] [main] c.bharatshop.BharatshopApplication - Starting BharatshopApplication using Java 17.0.12 with PID 52552 (C:\Users\Adarsh\Downloads\bharatshop-backend\target\bharatshop-backend-0.0.1-SNAPSHOT.jar started by Adarsh in C:\Users\Adarsh\Downloads\bharatshop-backend)
2025-11-17 23:08:11.242 [39mDEBUG[0;39m [] [main] c.bharatshop.BharatshopApplication - Running with Spring Boot v3.3.4, Spring v6.1.13
2025-11-17 23:08:11.244 [34mINFO [0;39m [] [main] c.bharatshop.BharatshopApplication - No active profile set, falling back to 1 default profile: "default"
2025-11-17 23:08:12.953 [34mINFO [0;39m [] [main] o.s.d.r.c.RepositoryConfigurationDelegate - Bootstrapping Spring Data JPA repositories in DEFAULT mode.
2025-11-17 23:08:13.075 [34mINFO [0;39m [] [main] o.s.d.r.c.RepositoryConfigurationDelegate - Finished Spring Data repository scanning in 108 ms. Found 7 JPA repository interfaces.
2025-11-17 23:08:14.495 [34mINFO [0;39m [] [main] o.s.b.w.e.tomcat.TomcatWebServer - Tomcat initialized with port 8081 (http)
2025-11-17 23:08:14.512 [34mINFO [0;39m [] [main] o.a.coyote.http11.Http11NioProtocol - Initializing ProtocolHandler ["http-nio-8081"]
2025-11-17 23:08:14.517 [34mINFO [0;39m [] [main] o.a.catalina.core.StandardService - Starting service [Tomcat]
2025-11-17 23:08:14.519 [34mINFO [0;39m [] [main] o.a.catalina.core.StandardEngine - Starting Servlet engine: [Apache Tomcat/10.1.30]
2025-11-17 23:08:14.659 [34mINFO [0;39m [] [main] o.a.c.c.C.[Tomcat].[localhost].[/] - Initializing Spring embedded WebApplicationContext
2025-11-17 23:08:14.661 [34mINFO [0;39m [] [main] o.s.b.w.s.c.ServletWebServerApplicationContext - Root WebApplicationContext: initialization completed in 3339 ms
2025-11-17 23:08:14.949 [34mINFO [0;39m [] [main] com.zaxxer.hikari.HikariDataSource - HikariPool-1 - Starting...
2025-11-17 23:08:15.208 [34mINFO [0;39m [] [main] com.zaxxer.hikari.pool.HikariPool - HikariPool-1 - Added connection conn0: url=jdbc:h2:mem:bharatshop user=SA
2025-11-17 23:08:15.213 [34mINFO [0;39m [] [main] com.zaxxer.hikari.HikariDataSource - HikariPool-1 - Start completed.
2025-11-17 23:08:15.231 [34mINFO [0;39m [] [main] o.s.b.a.h.H2ConsoleAutoConfiguration - H2 console available at '/h2-console'. Database available at 'jdbc:h2:mem:bharatshop'
2025-11-17 23:08:16.036 [34mINFO [0;39m [] [main] o.s.o.j.p.SpringPersistenceUnitInfo - No LoadTimeWeaver setup: ignoring JPA class transformer
2025-11-17 23:08:17.752 [34mINFO [0;39m [] [main] o.s.o.j.LocalContainerEntityManagerFactoryBean - Initialized JPA EntityManagerFactory for persistence unit 'default'
2025-11-17 23:08:18.303 [34mINFO [0;39m [] [main] c.b.config.NotificationConfig - SMS provider: Twilio
2025-11-17 23:08:18.499 [34mINFO [0;39m [] [main] c.b.config.NotificationConfig - Email provider: SMTP
2025-11-17 23:08:18.656 [39mDEBUG[0;39m [] [main] c.b.c.logging.CorrelationIdFilter - Filter 'correlationIdFilter' configured for use
2025-11-17 23:08:18.657 [39mDEBUG[0;39m [] [main] c.b.config.logging.HttpLoggingFilter - Filter 'httpLoggingFilter' configured for use
2025-11-17 23:08:18.661 [39mDEBUG[0;39m [] [main] com.bharatshop.config.TenantFilter - Filter 'tenantFilter' configured for use
2025-11-17 23:08:18.661 [39mDEBUG[0;39m [] [main] c.b.security.TokenAuthFilter - Filter 'tokenAuthFilter' configured for use
2025-11-17 23:08:18.664 [39mDEBUG[0;39m [] [main] c.b.config.IdempotencyFilter - Filter 'idempotencyFilter' configured for use
2025-11-17 23:08:19.544 [31mWARN [0;39m [] [main] o.s.b.a.o.j.JpaBaseConfiguration$JpaWebConfiguration - spring.jpa.open-in-view is enabled by default. Therefore, database queries may be performed during view rendering. Explicitly configure spring.jpa.open-in-view to disable this warning
2025-11-17 23:08:19.605 [31mWARN [0;39m [] [main] o.s.b.a.s.s.UserDetailsServiceAutoConfiguration - 

Using generated security password: 76262be3-f774-4d51-9e74-a3b8537ebf93

This generated password is for development use only. Your security configuration must be updated before running your application in production.

2025-11-17 23:08:19.622 [34mINFO [0;39m [] [main] o.s.s.c.a.a.c.InitializeUserDetailsBeanManagerConfigurer$InitializeUserDetailsManagerConfigurer - Global AuthenticationManager configured with UserDetailsService bean with name inMemoryUserDetailsManager
2025-11-17 23:08:20.511 [34mINFO [0;39m [] [main] o.s.b.a.e.web.EndpointLinksResolver - Exposing 4 endpoints beneath base path '/actuator'
2025-11-17 23:08:21.313 [34mINFO [0;39m [] [main] o.a.coyote.http11.Http11NioProtocol - Starting ProtocolHandler ["http-nio-8081"]
2025-11-17 23:08:21.342 [34mINFO [0;39m [] [main] o.s.b.w.e.tomcat.TomcatWebServer - Tomcat started on port 8081 (http) with context path '/'
2025-11-17 23:08:21.367 [34mINFO [0;39m [] [main] c.bharatshop.BharatshopApplication - Started BharatshopApplication in 11.083 seconds (process running for 11.868)
2025-11-17 23:08:21.435 [39mDEBUG[0;39m [] [main] c.b.c.logging.MethodLoggingAspect - Service enter: StoreService.add(..) args=[Store(com.bharatshop.domain.Store@2f29400e)]
2025-11-17 23:08:21.596 [34mINFO [0;39m [] [main] c.b.c.logging.MethodLoggingAspect - Service exit: StoreService.add(..) (167 ms)
2025-11-17 23:08:21.596 [39mDEBUG[0;39m [] [main] c.b.c.logging.MethodLoggingAspect - Service result: StoreService.add(..) => Store(com.bharatshop.domain.Store@462b3fc7)
2025-11-17 23:08:21.596 [39mDEBUG[0;39m [] [main] c.b.c.logging.MethodLoggingAspect - Service enter: StoreService.add(..) args=[Store(com.bharatshop.domain.Store@7959747d)]
2025-11-17 23:08:21.599 [34mINFO [0;39m [] [http-nio-8081-exec-1] o.a.c.c.C.[Tomcat].[localhost].[/] - Initializing Spring DispatcherServlet 'dispatcherServlet'
2025-11-17 23:08:21.599 [34mINFO [0;39m [] [http-nio-8081-exec-1] o.s.web.servlet.DispatcherServlet - Initializing Servlet 'dispatcherServlet'
2025-11-17 23:08:21.599 [34mINFO [0;39m [] [main] c.b.c.logging.MethodLoggingAspect - Service exit: StoreService.add(..) (3 ms)
2025-11-17 23:08:21.599 [34mINFO [0;39m [] [http-nio-8081-exec-1] o.s.web.servlet.DispatcherServlet - Completed initialization in 0 ms
2025-11-17 23:08:21.599 [39mDEBUG[0;39m [] [main] c.b.c.logging.MethodLoggingAspect - Service result: StoreService.add(..) => Store(com.bharatshop.domain.Store@31419d4a)
2025-11-17 23:08:21.599 [39mDEBUG[0;39m [] [main] c.b.c.logging.MethodLoggingAspect - Service enter: StoreService.add(..) args=[Store(com.bharatshop.domain.Store@220f2d1b)]
2025-11-17 23:08:21.606 [34mINFO [0;39m [] [main] c.b.c.logging.MethodLoggingAspect - Service exit: StoreService.add(..) (7 ms)
2025-11-17 23:08:21.606 [39mDEBUG[0;39m [] [main] c.b.c.logging.MethodLoggingAspect - Service result: StoreService.add(..) => Store(com.bharatshop.domain.Store@2b82254b)
2025-11-17 23:08:21.606 [39mDEBUG[0;39m [] [main] c.b.c.logging.MethodLoggingAspect - Service enter: ProductService.add(..) args=[Product(com.bharatshop.domain.Product@3d6f549c)]
2025-11-17 23:08:21.613 [34mINFO [0;39m [] [main] c.b.c.logging.MethodLoggingAspect - Service exit: ProductService.add(..) (7 ms)
2025-11-17 23:08:21.613 [39mDEBUG[0;39m [] [main] c.b.c.logging.MethodLoggingAspect - Service result: ProductService.add(..) => null
2025-11-17 23:08:21.614 [39mDEBUG[0;39m [] [main] c.b.c.logging.MethodLoggingAspect - Service enter: ProductService.add(..) args=[Product(com.bharatshop.domain.Product@7e3c5dbb)]
2025-11-17 23:08:21.616 [34mINFO [0;39m [] [main] c.b.c.logging.MethodLoggingAspect - Service exit: ProductService.add(..) (2 ms)
2025-11-17 23:08:21.616 [39mDEBUG[0;39m [] [main] c.b.c.logging.MethodLoggingAspect - Service result: ProductService.add(..) => null
2025-11-17 23:08:21.616 [39mDEBUG[0;39m [] [main] c.b.c.logging.MethodLoggingAspect - Service enter: ProductService.add(..) args=[Product(com.bharatshop.domain.Product@510579b9)]
2025-11-17 23:08:21.620 [34mINFO [0;39m [] [main] c.b.c.logging.MethodLoggingAspect - Service exit: ProductService.add(..) (4 ms)
2025-11-17 23:08:21.620 [39mDEBUG[0;39m [] [main] c.b.c.logging.MethodLoggingAspect - Service result: ProductService.add(..) => null
2025-11-17 23:08:21.620 [39mDEBUG[0;39m [] [main] c.b.c.logging.MethodLoggingAspect - Service enter: ProductService.add(..) args=[Product(com.bharatshop.domain.Product@7b7bfa82)]
2025-11-17 23:08:21.624 [34mINFO [0;39m [] [main] c.b.c.logging.MethodLoggingAspect - Service exit: ProductService.add(..) (4 ms)
2025-11-17 23:08:21.624 [39mDEBUG[0;39m [] [main] c.b.c.logging.MethodLoggingAspect - Service result: ProductService.add(..) => null
2025-11-17 23:08:21.714 [34mINFO [0;39m [7be8f345-79b6-4b1d-8260-1af21fbb4504] [http-nio-8081-exec-1] c.b.config.logging.HttpLoggingFilter - GET /api/storefront/rooms?ide_webview_request_time=1763401099197 -> 400 (31 ms)
2025-11-17 23:08:21.717 [34mINFO [0;39m [7be8f345-79b6-4b1d-8260-1af21fbb4504] [http-nio-8081-exec-1] c.b.config.logging.HttpLoggingFilter - Headers: auth=absent content-type=null accept=text/html,application/xhtml+xml,application/xml;q=0.9,image/avif,image/webp,image/apng,*/*;q=0.8,application/signed-exchange;v=b3;q=0.7
2025-11-17 23:08:21.717 [34mINFO [0;39m [7be8f345-79b6-4b1d-8260-1af21fbb4504] [http-nio-8081-exec-1] c.b.config.logging.HttpLoggingFilter - Response payload: {"code":"VALIDATION_ERROR","message":"Missing X-Tenant-Domain header","details":{"header":"X-Tenant-Domain"}}
2025-11-17 23:08:21.813 [34mINFO [0;39m [e77b0852-fac9-4014-ab61-cdb677cd226f] [http-nio-8081-exec-2] c.b.config.logging.HttpLoggingFilter - GET /@vite/client -> 404 (19 ms)
2025-11-17 23:08:21.814 [34mINFO [0;39m [e77b0852-fac9-4014-ab61-cdb677cd226f] [http-nio-8081-exec-2] c.b.config.logging.HttpLoggingFilter - Headers: auth=absent content-type=null accept=*/*
2025-11-17 23:10:37.696 [34mINFO [0;39m [] [main] c.bharatshop.BharatshopApplication - Starting BharatshopApplication using Java 17.0.12 with PID 87884 (C:\Users\Adarsh\Downloads\bharatshop-backend\target\bharatshop-backend-0.0.1-SNAPSHOT.jar started by Adarsh in C:\Users\Adarsh\Downloads\bharatshop-backend)
2025-11-17 23:10:37.701 [39mDEBUG[0;39m [] [main] c.bharatshop.BharatshopApplication - Running with Spring Boot v3.3.4, Spring v6.1.13
2025-11-17 23:10:37.703 [34mINFO [0;39m [] [main] c.bharatshop.BharatshopApplication - No active profile set, falling back to 1 default profile: "default"
2025-11-17 23:10:39.322 [34mINFO [0;39m [] [main] o.s.d.r.c.RepositoryConfigurationDelegate - Bootstrapping Spring Data JPA repositories in DEFAULT mode.
2025-11-17 23:10:39.409 [34mINFO [0;39m [] [main] o.s.d.r.c.RepositoryConfigurationDelegate - Finished Spring Data repository scanning in 75 ms. Found 7 JPA repository interfaces.
2025-11-17 23:10:40.754 [34mINFO [0;39m [] [main] o.s.b.w.e.tomcat.TomcatWebServer - Tomcat initialized with port 8081 (http)
2025-11-17 23:10:40.773 [34mINFO [0;39m [] [main] o.a.coyote.http11.Http11NioProtocol - Initializing ProtocolHandler ["http-nio-8081"]
2025-11-17 23:10:40.779 [34mINFO [0;39m [] [main] o.a.catalina.core.StandardService - Starting service [Tomcat]
2025-11-17 23:10:40.781 [34mINFO [0;39m [] [main] o.a.catalina.core.StandardEngine - Starting Servlet engine: [Apache Tomcat/10.1.30]
2025-11-17 23:10:40.848 [34mINFO [0;39m [] [main] o.a.c.c.C.[Tomcat].[localhost].[/] - Initializing Spring embedded WebApplicationContext
2025-11-17 23:10:40.848 [34mINFO [0;39m [] [main] o.s.b.w.s.c.ServletWebServerApplicationContext - Root WebApplicationContext: initialization completed in 3080 ms
2025-11-17 23:10:41.107 [34mINFO [0;39m [] [main] com.zaxxer.hikari.HikariDataSource - HikariPool-1 - Starting...
2025-11-17 23:10:41.364 [34mINFO [0;39m [] [main] com.zaxxer.hikari.pool.HikariPool - HikariPool-1 - Added connection conn0: url=jdbc:h2:mem:bharatshop user=SA
2025-11-17 23:10:41.367 [34mINFO [0;39m [] [main] com.zaxxer.hikari.HikariDataSource - HikariPool-1 - Start completed.
2025-11-17 23:10:41.385 [34mINFO [0;39m [] [main] o.s.b.a.h.H2ConsoleAutoConfiguration - H2 console available at '/h2-console'. Database available at 'jdbc:h2:mem:bharatshop'
2025-11-17 23:10:42.151 [34mINFO [0;39m [] [main] o.s.o.j.p.SpringPersistenceUnitInfo - No LoadTimeWeaver setup: ignoring JPA class transformer
2025-11-17 23:10:43.570 [34mINFO [0;39m [] [main] o.s.o.j.LocalContainerEntityManagerFactoryBean - Initialized JPA EntityManagerFactory for persistence unit 'default'
2025-11-17 23:10:44.000 [34mINFO [0;39m [] [main] c.b.config.NotificationConfig - SMS provider: Twilio
2025-11-17 23:10:44.186 [34mINFO [0;39m [] [main] c.b.config.NotificationConfig - Email provider: SMTP
2025-11-17 23:10:44.310 [39mDEBUG[0;39m [] [main] c.b.c.logging.CorrelationIdFilter - Filter 'correlationIdFilter' configured for use
2025-11-17 23:10:44.310 [39mDEBUG[0;39m [] [main] c.b.config.logging.HttpLoggingFilter - Filter 'httpLoggingFilter' configured for use
2025-11-17 23:10:44.323 [39mDEBUG[0;39m [] [main] com.bharatshop.config.TenantFilter - Filter 'tenantFilter' configured for use
2025-11-17 23:10:44.324 [39mDEBUG[0;39m [] [main] c.b.security.TokenAuthFilter - Filter 'tokenAuthFilter' configured for use
2025-11-17 23:10:44.327 [39mDEBUG[0;39m [] [main] c.b.config.IdempotencyFilter - Filter 'idempotencyFilter' configured for use
2025-11-17 23:10:45.421 [31mWARN [0;39m [] [main] o.s.b.a.o.j.JpaBaseConfiguration$JpaWebConfiguration - spring.jpa.open-in-view is enabled by default. Therefore, database queries may be performed during view rendering. Explicitly configure spring.jpa.open-in-view to disable this warning
2025-11-17 23:10:45.563 [31mWARN [0;39m [] [main] o.s.b.a.s.s.UserDetailsServiceAutoConfiguration - 

Using generated security password: 4060cdbc-785f-4f26-bdaa-e955866401ba

This generated password is for development use only. Your security configuration must be updated before running your application in production.

2025-11-17 23:10:45.603 [34mINFO [0;39m [] [main] o.s.s.c.a.a.c.InitializeUserDetailsBeanManagerConfigurer$InitializeUserDetailsManagerConfigurer - Global AuthenticationManager configured with UserDetailsService bean with name inMemoryUserDetailsManager
2025-11-17 23:10:47.006 [34mINFO [0;39m [] [main] o.s.b.a.e.web.EndpointLinksResolver - Exposing 4 endpoints beneath base path '/actuator'
2025-11-17 23:10:48.062 [34mINFO [0;39m [] [main] o.a.coyote.http11.Http11NioProtocol - Starting ProtocolHandler ["http-nio-8081"]
2025-11-17 23:10:48.086 [34mINFO [0;39m [] [main] o.s.b.w.e.tomcat.TomcatWebServer - Tomcat started on port 8081 (http) with context path '/'
2025-11-17 23:10:48.150 [34mINFO [0;39m [] [main] c.bharatshop.BharatshopApplication - Started BharatshopApplication in 11.296 seconds (process running for 12.063)
2025-11-17 23:10:48.269 [39mDEBUG[0;39m [] [main] c.b.c.logging.MethodLoggingAspect - Service enter: StoreService.add(..) args=[Store(com.bharatshop.domain.Store@6aca85da)]
2025-11-17 23:10:48.278 [34mINFO [0;39m [] [http-nio-8081-exec-1] o.a.c.c.C.[Tomcat].[localhost].[/] - Initializing Spring DispatcherServlet 'dispatcherServlet'
2025-11-17 23:10:48.280 [34mINFO [0;39m [] [http-nio-8081-exec-1] o.s.web.servlet.DispatcherServlet - Initializing Servlet 'dispatcherServlet'
2025-11-17 23:10:48.284 [34mINFO [0;39m [] [http-nio-8081-exec-1] o.s.web.servlet.DispatcherServlet - Completed initialization in 4 ms
2025-11-17 23:10:48.449 [34mINFO [0;39m [3b6ea3e9-69dd-4d8a-b1fb-fbbad2366094] [http-nio-8081-exec-1] c.b.config.logging.HttpLoggingFilter - GET /?ide_webview_request_time=1763401245804 -> 404 (34 ms)
2025-11-17 23:10:48.450 [34mINFO [0;39m [3b6ea3e9-69dd-4d8a-b1fb-fbbad2366094] [http-nio-8081-exec-1] c.b.config.logging.HttpLoggingFilter - Headers: auth=absent content-type=null accept=text/html,application/xhtml+xml,application/xml;q=0.9,image/avif,image/webp,image/apng,*/*;q=0.8,application/signed-exchange;v=b3;q=0.7
2025-11-17 23:10:48.498 [34mINFO [0;39m [] [main] c.b.c.logging.MethodLoggingAspect - Service exit: StoreService.add(..) (231 ms)
2025-11-17 23:10:48.501 [39mDEBUG[0;39m [] [main] c.b.c.logging.MethodLoggingAspect - Service result: StoreService.add(..) => Store(com.bharatshop.domain.Store@7ff167c4)
2025-11-17 23:10:48.501 [39mDEBUG[0;39m [] [main] c.b.c.logging.MethodLoggingAspect - Service enter: StoreService.add(..) args=[Store(com.bharatshop.domain.Store@1be7b7de)]
2025-11-17 23:10:48.505 [34mINFO [0;39m [] [main] c.b.c.logging.MethodLoggingAspect - Service exit: StoreService.add(..) (4 ms)
2025-11-17 23:10:48.505 [39mDEBUG[0;39m [] [main] c.b.c.logging.MethodLoggingAspect - Service result: StoreService.add(..) => Store(com.bharatshop.domain.Store@2f1e3e1c)
2025-11-17 23:10:48.507 [39mDEBUG[0;39m [] [main] c.b.c.logging.MethodLoggingAspect - Service enter: StoreService.add(..) args=[Store(com.bharatshop.domain.Store@31f151ff)]
2025-11-17 23:10:48.510 [34mINFO [0;39m [] [main] c.b.c.logging.MethodLoggingAspect - Service exit: StoreService.add(..) (3 ms)
2025-11-17 23:10:48.510 [39mDEBUG[0;39m [] [main] c.b.c.logging.MethodLoggingAspect - Service result: StoreService.add(..) => Store(com.bharatshop.domain.Store@117bb3a4)
2025-11-17 23:10:48.513 [39mDEBUG[0;39m [] [main] c.b.c.logging.MethodLoggingAspect - Service enter: ProductService.add(..) args=[Product(com.bharatshop.domain.Product@4d78dd9d)]
2025-11-17 23:10:48.519 [34mINFO [0;39m [] [main] c.b.c.logging.MethodLoggingAspect - Service exit: ProductService.add(..) (7 ms)
2025-11-17 23:10:48.519 [39mDEBUG[0;39m [] [main] c.b.c.logging.MethodLoggingAspect - Service result: ProductService.add(..) => null
2025-11-17 23:10:48.519 [39mDEBUG[0;39m [] [main] c.b.c.logging.MethodLoggingAspect - Service enter: ProductService.add(..) args=[Product(com.bharatshop.domain.Product@9a1b870)]
2025-11-17 23:10:48.522 [34mINFO [0;39m [] [main] c.b.c.logging.MethodLoggingAspect - Service exit: ProductService.add(..) (3 ms)
2025-11-17 23:10:48.524 [39mDEBUG[0;39m [] [main] c.b.c.logging.MethodLoggingAspect - Service result: ProductService.add(..) => null
2025-11-17 23:10:48.524 [39mDEBUG[0;39m [] [main] c.b.c.logging.MethodLoggingAspect - Service enter: ProductService.add(..) args=[Product(com.bharatshop.domain.Product@6df37cc4)]
2025-11-17 23:10:48.529 [34mINFO [0;39m [] [main] c.b.c.logging.MethodLoggingAspect - Service exit: ProductService.add(..) (5 ms)
2025-11-17 23:10:48.529 [39mDEBUG[0;39m [] [main] c.b.c.logging.MethodLoggingAspect - Service result: ProductService.add(..) => null
2025-11-17 23:10:48.531 [39mDEBUG[0;39m [] [main] c.b.c.logging.MethodLoggingAspect - Service enter: ProductService.add(..) args=[Product(com.bharatshop.domain.Product@54d20609)]
2025-11-17 23:10:48.535 [34mINFO [0;39m [] [main] c.b.c.logging.MethodLoggingAspect - Service exit: ProductService.add(..) (4 ms)
2025-11-17 23:10:48.535 [39mDEBUG[0;39m [] [main] c.b.c.logging.MethodLoggingAspect - Service result: ProductService.add(..) => null
2025-11-17 23:10:48.634 [34mINFO [0;39m [c9751613-5ac9-4a55-8013-e2bc0490de17] [http-nio-8081-exec-3] c.b.config.logging.HttpLoggingFilter - GET /@vite/client -> 404 (7 ms)
2025-11-17 23:10:48.634 [34mINFO [0;39m [c9751613-5ac9-4a55-8013-e2bc0490de17] [http-nio-8081-exec-3] c.b.config.logging.HttpLoggingFilter - Headers: auth=absent content-type=null accept=*/*
2025-11-17 23:13:33.338 [34mINFO [0;39m [] [main] c.bharatshop.BharatshopApplication - Starting BharatshopApplication using Java 17.0.12 with PID 80916 (C:\Users\Adarsh\Downloads\bharatshop-backend\target\bharatshop-backend-0.0.1-SNAPSHOT.jar started by Adarsh in C:\Users\Adarsh\Downloads\bharatshop-backend)
2025-11-17 23:13:33.339 [39mDEBUG[0;39m [] [main] c.bharatshop.BharatshopApplication - Running with Spring Boot v3.3.4, Spring v6.1.13
2025-11-17 23:13:33.344 [34mINFO [0;39m [] [main] c.bharatshop.BharatshopApplication - No active profile set, falling back to 1 default profile: "default"
2025-11-17 23:13:35.646 [34mINFO [0;39m [] [main] o.s.d.r.c.RepositoryConfigurationDelegate - Bootstrapping Spring Data JPA repositories in DEFAULT mode.
2025-11-17 23:13:35.742 [34mINFO [0;39m [] [main] o.s.d.r.c.RepositoryConfigurationDelegate - Finished Spring Data repository scanning in 85 ms. Found 7 JPA repository interfaces.
2025-11-17 23:13:37.145 [34mINFO [0;39m [] [main] o.s.b.w.e.tomcat.TomcatWebServer - Tomcat initialized with port 8081 (http)
2025-11-17 23:13:37.157 [34mINFO [0;39m [] [main] o.a.coyote.http11.Http11NioProtocol - Initializing ProtocolHandler ["http-nio-8081"]
2025-11-17 23:13:37.161 [34mINFO [0;39m [] [main] o.a.catalina.core.StandardService - Starting service [Tomcat]
2025-11-17 23:13:37.162 [34mINFO [0;39m [] [main] o.a.catalina.core.StandardEngine - Starting Servlet engine: [Apache Tomcat/10.1.30]
2025-11-17 23:13:37.241 [34mINFO [0;39m [] [main] o.a.c.c.C.[Tomcat].[localhost].[/] - Initializing Spring embedded WebApplicationContext
2025-11-17 23:13:37.241 [34mINFO [0;39m [] [main] o.s.b.w.s.c.ServletWebServerApplicationContext - Root WebApplicationContext: initialization completed in 3806 ms
2025-11-17 23:13:37.477 [34mINFO [0;39m [] [main] com.zaxxer.hikari.HikariDataSource - HikariPool-1 - Starting...
2025-11-17 23:13:37.761 [34mINFO [0;39m [] [main] com.zaxxer.hikari.pool.HikariPool - HikariPool-1 - Added connection conn0: url=jdbc:h2:mem:bharatshop user=SA
2025-11-17 23:13:37.768 [34mINFO [0;39m [] [main] com.zaxxer.hikari.HikariDataSource - HikariPool-1 - Start completed.
2025-11-17 23:13:37.781 [34mINFO [0;39m [] [main] o.s.b.a.h.H2ConsoleAutoConfiguration - H2 console available at '/h2-console'. Database available at 'jdbc:h2:mem:bharatshop'
2025-11-17 23:13:38.552 [34mINFO [0;39m [] [main] o.s.o.j.p.SpringPersistenceUnitInfo - No LoadTimeWeaver setup: ignoring JPA class transformer
2025-11-17 23:13:40.273 [34mINFO [0;39m [] [main] o.s.o.j.LocalContainerEntityManagerFactoryBean - Initialized JPA EntityManagerFactory for persistence unit 'default'
2025-11-17 23:13:40.811 [34mINFO [0;39m [] [main] c.b.config.NotificationConfig - SMS provider: Twilio
2025-11-17 23:13:41.038 [34mINFO [0;39m [] [main] c.b.config.NotificationConfig - Email provider: SMTP
2025-11-17 23:13:41.178 [39mDEBUG[0;39m [] [main] c.b.c.logging.CorrelationIdFilter - Filter 'correlationIdFilter' configured for use
2025-11-17 23:13:41.180 [39mDEBUG[0;39m [] [main] c.b.config.logging.HttpLoggingFilter - Filter 'httpLoggingFilter' configured for use
2025-11-17 23:13:41.182 [39mDEBUG[0;39m [] [main] com.bharatshop.config.TenantFilter - Filter 'tenantFilter' configured for use
2025-11-17 23:13:41.182 [39mDEBUG[0;39m [] [main] c.b.security.TokenAuthFilter - Filter 'tokenAuthFilter' configured for use
2025-11-17 23:13:41.187 [39mDEBUG[0;39m [] [main] c.b.config.IdempotencyFilter - Filter 'idempotencyFilter' configured for use
2025-11-17 23:13:42.009 [31mWARN [0;39m [] [main] o.s.b.a.o.j.JpaBaseConfiguration$JpaWebConfiguration - spring.jpa.open-in-view is enabled by default. Therefore, database queries may be performed during view rendering. Explicitly configure spring.jpa.open-in-view to disable this warning
2025-11-17 23:13:42.062 [31mWARN [0;39m [] [main] o.s.b.a.s.s.UserDetailsServiceAutoConfiguration - 

Using generated security password: 91824437-bc34-440d-84df-36223ea7cee2

This generated password is for development use only. Your security configuration must be updated before running your application in production.

2025-11-17 23:13:42.076 [34mINFO [0;39m [] [main] o.s.s.c.a.a.c.InitializeUserDetailsBeanManagerConfigurer$InitializeUserDetailsManagerConfigurer - Global AuthenticationManager configured with UserDetailsService bean with name inMemoryUserDetailsManager
2025-11-17 23:13:42.860 [34mINFO [0;39m [] [main] o.s.b.a.e.web.EndpointLinksResolver - Exposing 4 endpoints beneath base path '/actuator'
2025-11-17 23:13:43.864 [34mINFO [0;39m [] [main] o.a.coyote.http11.Http11NioProtocol - Starting ProtocolHandler ["http-nio-8081"]
2025-11-17 23:13:43.884 [34mINFO [0;39m [] [main] o.s.b.w.e.tomcat.TomcatWebServer - Tomcat started on port 8081 (http) with context path '/'
2025-11-17 23:13:43.917 [34mINFO [0;39m [] [main] c.bharatshop.BharatshopApplication - Started BharatshopApplication in 12.013 seconds (process running for 13.154)
2025-11-17 23:13:44.003 [39mDEBUG[0;39m [] [main] c.b.c.logging.MethodLoggingAspect - Service enter: StoreService.add(..) args=[Store(com.bharatshop.domain.Store@3413effc)]
2025-11-17 23:13:44.075 [34mINFO [0;39m [] [http-nio-8081-exec-1] o.a.c.c.C.[Tomcat].[localhost].[/] - Initializing Spring DispatcherServlet 'dispatcherServlet'
2025-11-17 23:13:44.075 [34mINFO [0;39m [] [http-nio-8081-exec-1] o.s.web.servlet.DispatcherServlet - Initializing Servlet 'dispatcherServlet'
2025-11-17 23:13:44.076 [34mINFO [0;39m [] [http-nio-8081-exec-1] o.s.web.servlet.DispatcherServlet - Completed initialization in 1 ms
2025-11-17 23:13:44.223 [34mINFO [0;39m [] [main] c.b.c.logging.MethodLoggingAspect - Service exit: StoreService.add(..) (222 ms)
2025-11-17 23:13:44.223 [39mDEBUG[0;39m [] [main] c.b.c.logging.MethodLoggingAspect - Service result: StoreService.add(..) => Store(com.bharatshop.domain.Store@3d6f549c)
2025-11-17 23:13:44.223 [39mDEBUG[0;39m [] [main] c.b.c.logging.MethodLoggingAspect - Service enter: StoreService.add(..) args=[Store(com.bharatshop.domain.Store@39090979)]
2025-11-17 23:13:44.227 [34mINFO [0;39m [] [main] c.b.c.logging.MethodLoggingAspect - Service exit: StoreService.add(..) (4 ms)
2025-11-17 23:13:44.227 [34mINFO [0;39m [7225a26c-437e-45db-9ad0-c50c5bb0162c] [http-nio-8081-exec-1] c.b.config.logging.HttpLoggingFilter - GET /?ide_webview_request_time=1763401423692 -> 404 (26 ms)
2025-11-17 23:13:44.227 [39mDEBUG[0;39m [] [main] c.b.c.logging.MethodLoggingAspect - Service result: StoreService.add(..) => Store(com.bharatshop.domain.Store@402e48d)
2025-11-17 23:13:44.227 [39mDEBUG[0;39m [] [main] c.b.c.logging.MethodLoggingAspect - Service enter: StoreService.add(..) args=[Store(com.bharatshop.domain.Store@1daf79ab)]
2025-11-17 23:13:44.227 [34mINFO [0;39m [7225a26c-437e-45db-9ad0-c50c5bb0162c] [http-nio-8081-exec-1] c.b.config.logging.HttpLoggingFilter - Headers: auth=absent content-type=null accept=text/html,application/xhtml+xml,application/xml;q=0.9,image/avif,image/webp,image/apng,*/*;q=0.8,application/signed-exchange;v=b3;q=0.7
2025-11-17 23:13:44.232 [34mINFO [0;39m [] [main] c.b.c.logging.MethodLoggingAspect - Service exit: StoreService.add(..) (5 ms)
2025-11-17 23:13:44.233 [39mDEBUG[0;39m [] [main] c.b.c.logging.MethodLoggingAspect - Service result: StoreService.add(..) => Store(com.bharatshop.domain.Store@42985121)
2025-11-17 23:13:44.234 [39mDEBUG[0;39m [] [main] c.b.c.logging.MethodLoggingAspect - Service enter: ProductService.add(..) args=[Product(com.bharatshop.domain.Product@497f0cb2)]
2025-11-17 23:13:44.238 [34mINFO [0;39m [] [main] c.b.c.logging.MethodLoggingAspect - Service exit: ProductService.add(..) (4 ms)
2025-11-17 23:13:44.241 [39mDEBUG[0;39m [] [main] c.b.c.logging.MethodLoggingAspect - Service result: ProductService.add(..) => null
2025-11-17 23:13:44.242 [39mDEBUG[0;39m [] [main] c.b.c.logging.MethodLoggingAspect - Service enter: ProductService.add(..) args=[Product(com.bharatshop.domain.Product@56d9bc5f)]
2025-11-17 23:13:44.244 [34mINFO [0;39m [] [main] c.b.c.logging.MethodLoggingAspect - Service exit: ProductService.add(..) (2 ms)
2025-11-17 23:13:44.244 [39mDEBUG[0;39m [] [main] c.b.c.logging.MethodLoggingAspect - Service result: ProductService.add(..) => null
2025-11-17 23:13:44.244 [39mDEBUG[0;39m [] [main] c.b.c.logging.MethodLoggingAspect - Service enter: ProductService.add(..) args=[Product(com.bharatshop.domain.Product@18e69455)]
2025-11-17 23:13:44.249 [34mINFO [0;39m [] [main] c.b.c.logging.MethodLoggingAspect - Service exit: ProductService.add(..) (5 ms)
2025-11-17 23:13:44.249 [39mDEBUG[0;39m [] [main] c.b.c.logging.MethodLoggingAspect - Service result: ProductService.add(..) => null
2025-11-17 23:13:44.249 [39mDEBUG[0;39m [] [main] c.b.c.logging.MethodLoggingAspect - Service enter: ProductService.add(..) args=[Product(com.bharatshop.domain.Product@24555012)]
2025-11-17 23:13:44.251 [34mINFO [0;39m [] [main] c.b.c.logging.MethodLoggingAspect - Service exit: ProductService.add(..) (2 ms)
2025-11-17 23:13:44.251 [39mDEBUG[0;39m [] [main] c.b.c.logging.MethodLoggingAspect - Service result: ProductService.add(..) => null
2025-11-17 23:13:44.363 [34mINFO [0;39m [d8c8802b-8e5c-4f09-ba85-b3710dccda32] [http-nio-8081-exec-2] c.b.config.logging.HttpLoggingFilter - GET /@vite/client -> 404 (10 ms)
2025-11-17 23:13:44.363 [34mINFO [0;39m [d8c8802b-8e5c-4f09-ba85-b3710dccda32] [http-nio-8081-exec-2] c.b.config.logging.HttpLoggingFilter - Headers: auth=absent content-type=null accept=*/*
2025-11-17 23:17:40.957 [34mINFO [0;39m [] [main] c.bharatshop.BharatshopApplication - Starting BharatshopApplication using Java 17.0.12 with PID 49372 (C:\Users\Adarsh\Downloads\bharatshop-backend\target\bharatshop-backend-0.0.1-SNAPSHOT.jar started by Adarsh in C:\Users\Adarsh\Downloads\bharatshop-backend)
2025-11-17 23:17:40.961 [39mDEBUG[0;39m [] [main] c.bharatshop.BharatshopApplication - Running with Spring Boot v3.3.4, Spring v6.1.13
2025-11-17 23:17:40.961 [34mINFO [0;39m [] [main] c.bharatshop.BharatshopApplication - The following 1 profile is active: "mysql"
2025-11-17 23:17:43.635 [34mINFO [0;39m [] [main] o.s.d.r.c.RepositoryConfigurationDelegate - Bootstrapping Spring Data JPA repositories in DEFAULT mode.
2025-11-17 23:17:43.802 [34mINFO [0;39m [] [main] o.s.d.r.c.RepositoryConfigurationDelegate - Finished Spring Data repository scanning in 146 ms. Found 7 JPA repository interfaces.
2025-11-17 23:17:45.235 [34mINFO [0;39m [] [main] o.s.b.w.e.tomcat.TomcatWebServer - Tomcat initialized with port 8081 (http)
2025-11-17 23:17:45.258 [34mINFO [0;39m [] [main] o.a.coyote.http11.Http11NioProtocol - Initializing ProtocolHandler ["http-nio-8081"]
2025-11-17 23:17:45.264 [34mINFO [0;39m [] [main] o.a.catalina.core.StandardService - Starting service [Tomcat]
2025-11-17 23:17:45.268 [34mINFO [0;39m [] [main] o.a.catalina.core.StandardEngine - Starting Servlet engine: [Apache Tomcat/10.1.30]
2025-11-17 23:17:45.369 [34mINFO [0;39m [] [main] o.a.c.c.C.[Tomcat].[localhost].[/] - Initializing Spring embedded WebApplicationContext
2025-11-17 23:17:45.369 [34mINFO [0;39m [] [main] o.s.b.w.s.c.ServletWebServerApplicationContext - Root WebApplicationContext: initialization completed in 4338 ms
2025-11-17 23:17:45.743 [34mINFO [0;39m [] [main] com.zaxxer.hikari.HikariDataSource - HikariPool-1 - Starting...
2025-11-17 23:17:46.190 [34mINFO [0;39m [] [main] com.zaxxer.hikari.pool.HikariPool - HikariPool-1 - Added connection com.mysql.cj.jdbc.ConnectionImpl@7fb44737
2025-11-17 23:17:46.190 [34mINFO [0;39m [] [main] com.zaxxer.hikari.HikariDataSource - HikariPool-1 - Start completed.
2025-11-17 23:17:46.211 [34mINFO [0;39m [] [main] o.s.b.a.h.H2ConsoleAutoConfiguration - H2 console available at '/h2-console'. Database available at 'jdbc:mysql://localhost:3306/bharatshop?createDatabaseIfNotExist=true&useSSL=false&allowPublicKeyRetrieval=true&serverTimezone=UTC'
2025-11-17 23:17:47.282 [34mINFO [0;39m [] [main] o.s.o.j.p.SpringPersistenceUnitInfo - No LoadTimeWeaver setup: ignoring JPA class transformer
2025-11-17 23:17:47.387 [31mWARN [0;39m [] [main] org.hibernate.orm.deprecation - HHH90000025: MySQLDialect does not need to be specified explicitly using 'hibernate.dialect' (remove the property setting and it will be selected by default)
2025-11-17 23:17:49.139 [34mINFO [0;39m [] [main] o.s.o.j.LocalContainerEntityManagerFactoryBean - Initialized JPA EntityManagerFactory for persistence unit 'default'
2025-11-17 23:17:49.591 [34mINFO [0;39m [] [main] c.b.config.NotificationConfig - SMS provider: Twilio
2025-11-17 23:17:49.746 [34mINFO [0;39m [] [main] c.b.config.NotificationConfig - Email provider: SMTP
2025-11-17 23:17:49.853 [39mDEBUG[0;39m [] [main] c.b.c.logging.CorrelationIdFilter - Filter 'correlationIdFilter' configured for use
2025-11-17 23:17:49.853 [39mDEBUG[0;39m [] [main] c.b.config.logging.HttpLoggingFilter - Filter 'httpLoggingFilter' configured for use
2025-11-17 23:17:49.866 [39mDEBUG[0;39m [] [main] com.bharatshop.config.TenantFilter - Filter 'tenantFilter' configured for use
2025-11-17 23:17:49.866 [39mDEBUG[0;39m [] [main] c.b.security.TokenAuthFilter - Filter 'tokenAuthFilter' configured for use
2025-11-17 23:17:49.872 [39mDEBUG[0;39m [] [main] c.b.config.IdempotencyFilter - Filter 'idempotencyFilter' configured for use
2025-11-17 23:17:50.497 [31mWARN [0;39m [] [main] o.s.b.a.o.j.JpaBaseConfiguration$JpaWebConfiguration - spring.jpa.open-in-view is enabled by default. Therefore, database queries may be performed during view rendering. Explicitly configure spring.jpa.open-in-view to disable this warning
2025-11-17 23:17:50.539 [31mWARN [0;39m [] [main] o.s.b.a.s.s.UserDetailsServiceAutoConfiguration - 

Using generated security password: 0898675f-2bd7-458e-ad60-1863fa0d236a

This generated password is for development use only. Your security configuration must be updated before running your application in production.

2025-11-17 23:17:50.554 [34mINFO [0;39m [] [main] o.s.s.c.a.a.c.InitializeUserDetailsBeanManagerConfigurer$InitializeUserDetailsManagerConfigurer - Global AuthenticationManager configured with UserDetailsService bean with name inMemoryUserDetailsManager
2025-11-17 23:17:51.192 [34mINFO [0;39m [] [main] o.s.b.a.e.web.EndpointLinksResolver - Exposing 4 endpoints beneath base path '/actuator'
2025-11-17 23:17:51.935 [34mINFO [0;39m [] [main] o.a.coyote.http11.Http11NioProtocol - Starting ProtocolHandler ["http-nio-8081"]
2025-11-17 23:17:51.953 [34mINFO [0;39m [] [main] o.s.b.w.e.tomcat.TomcatWebServer - Tomcat started on port 8081 (http) with context path '/'
2025-11-17 23:17:51.972 [34mINFO [0;39m [] [main] c.bharatshop.BharatshopApplication - Started BharatshopApplication in 12.034 seconds (process running for 12.776)
2025-11-17 23:17:52.038 [39mDEBUG[0;39m [] [main] c.b.c.logging.MethodLoggingAspect - Service enter: StoreService.add(..) args=[Store(com.bharatshop.domain.Store@14170abd)]
2025-11-17 23:17:52.214 [34mINFO [0;39m [] [main] c.b.c.logging.MethodLoggingAspect - Service exit: StoreService.add(..) (176 ms)
2025-11-17 23:17:52.219 [39mDEBUG[0;39m [] [main] c.b.c.logging.MethodLoggingAspect - Service result: StoreService.add(..) => Store(com.bharatshop.domain.Store@373efaa2)
2025-11-17 23:17:52.219 [39mDEBUG[0;39m [] [main] c.b.c.logging.MethodLoggingAspect - Service enter: StoreService.add(..) args=[Store(com.bharatshop.domain.Store@7dc779bb)]
2025-11-17 23:17:52.231 [34mINFO [0;39m [] [main] c.b.c.logging.MethodLoggingAspect - Service exit: StoreService.add(..) (12 ms)
2025-11-17 23:17:52.231 [39mDEBUG[0;39m [] [main] c.b.c.logging.MethodLoggingAspect - Service result: StoreService.add(..) => Store(com.bharatshop.domain.Store@391720c3)
2025-11-17 23:17:52.231 [39mDEBUG[0;39m [] [main] c.b.c.logging.MethodLoggingAspect - Service enter: StoreService.add(..) args=[Store(com.bharatshop.domain.Store@6559f04e)]
2025-11-17 23:17:52.244 [34mINFO [0;39m [] [main] c.b.c.logging.MethodLoggingAspect - Service exit: StoreService.add(..) (13 ms)
2025-11-17 23:17:52.244 [39mDEBUG[0;39m [] [main] c.b.c.logging.MethodLoggingAspect - Service result: StoreService.add(..) => Store(com.bharatshop.domain.Store@33458d84)
2025-11-17 23:17:52.244 [39mDEBUG[0;39m [] [main] c.b.c.logging.MethodLoggingAspect - Service enter: ProductService.add(..) args=[Product(com.bharatshop.domain.Product@23338420)]
2025-11-17 23:17:52.261 [34mINFO [0;39m [] [main] c.b.c.logging.MethodLoggingAspect - Service exit: ProductService.add(..) (17 ms)
2025-11-17 23:17:52.261 [39mDEBUG[0;39m [] [main] c.b.c.logging.MethodLoggingAspect - Service result: ProductService.add(..) => null
2025-11-17 23:17:52.265 [39mDEBUG[0;39m [] [main] c.b.c.logging.MethodLoggingAspect - Service enter: ProductService.add(..) args=[Product(com.bharatshop.domain.Product@787239f5)]
2025-11-17 23:17:52.273 [34mINFO [0;39m [] [main] c.b.c.logging.MethodLoggingAspect - Service exit: ProductService.add(..) (8 ms)
2025-11-17 23:17:52.273 [39mDEBUG[0;39m [] [main] c.b.c.logging.MethodLoggingAspect - Service result: ProductService.add(..) => null
2025-11-17 23:17:52.273 [39mDEBUG[0;39m [] [main] c.b.c.logging.MethodLoggingAspect - Service enter: ProductService.add(..) args=[Product(com.bharatshop.domain.Product@31ebc5fa)]
2025-11-17 23:17:52.287 [34mINFO [0;39m [] [main] c.b.c.logging.MethodLoggingAspect - Service exit: ProductService.add(..) (14 ms)
2025-11-17 23:17:52.287 [39mDEBUG[0;39m [] [main] c.b.c.logging.MethodLoggingAspect - Service result: ProductService.add(..) => null
2025-11-17 23:17:52.287 [39mDEBUG[0;39m [] [main] c.b.c.logging.MethodLoggingAspect - Service enter: ProductService.add(..) args=[Product(com.bharatshop.domain.Product@3f4b52fa)]
2025-11-17 23:17:52.297 [34mINFO [0;39m [] [main] c.b.c.logging.MethodLoggingAspect - Service exit: ProductService.add(..) (10 ms)
2025-11-17 23:17:52.297 [39mDEBUG[0;39m [] [main] c.b.c.logging.MethodLoggingAspect - Service result: ProductService.add(..) => null
2025-11-17 23:17:58.142 [34mINFO [0;39m [] [http-nio-8081-exec-1] o.a.c.c.C.[Tomcat].[localhost].[/] - Initializing Spring DispatcherServlet 'dispatcherServlet'
2025-11-17 23:17:58.146 [34mINFO [0;39m [] [http-nio-8081-exec-1] o.s.web.servlet.DispatcherServlet - Initializing Servlet 'dispatcherServlet'
2025-11-17 23:17:58.147 [34mINFO [0;39m [] [http-nio-8081-exec-1] o.s.web.servlet.DispatcherServlet - Completed initialization in 1 ms
2025-11-17 23:18:01.725 [34mINFO [0;39m [a279de55-6e28-4a6f-b7ec-4248765f7327] [http-nio-8081-exec-1] c.b.config.logging.HttpLoggingFilter - GET /actuator/health?ide_webview_request_time=1763401677983 -> 200 (3447 ms)
2025-11-17 23:18:01.726 [34mINFO [0;39m [a279de55-6e28-4a6f-b7ec-4248765f7327] [http-nio-8081-exec-1] c.b.config.logging.HttpLoggingFilter - Headers: auth=absent content-type=null accept=text/html,application/xhtml+xml,application/xml;q=0.9,image/avif,image/webp,image/apng,*/*;q=0.8,application/signed-exchange;v=b3;q=0.7
2025-11-17 23:18:01.726 [34mINFO [0;39m [a279de55-6e28-4a6f-b7ec-4248765f7327] [http-nio-8081-exec-1] c.b.config.logging.HttpLoggingFilter - Response payload: {"status":"UP","components":{"db":{"status":"UP","details":{"database":"MySQL","validationQuery":"isValid()"}},"diskSpace":{"status":"UP","details":{"total":511023509504,"free":237028413440,"threshold":10485760,"path":"C:\\Users\\Adarsh\\Downloads\\bharatshop-backend\\.","exists":true}},"mail":{"status":"UP","details":{"location":"smtp.gmail.com:587"}},"ping":{"status":"UP"}}}
2025-11-17 23:18:01.824 [34mINFO [0;39m [b41d4461-3249-4ec2-898e-24e50cebe389] [http-nio-8081-exec-2] c.b.config.logging.HttpLoggingFilter - GET /@vite/client -> 404 (18 ms)
2025-11-17 23:18:01.826 [34mINFO [0;39m [b41d4461-3249-4ec2-898e-24e50cebe389] [http-nio-8081-exec-2] c.b.config.logging.HttpLoggingFilter - Headers: auth=absent content-type=null accept=*/*
2025-11-17 23:37:38.528 [39mDEBUG[0;39m [6bd8f118-92e6-428f-846a-a384c215c77d] [http-nio-8081-exec-4] c.b.c.logging.MethodLoggingAspect - Controller enter: AuthController.sendOtp(..) args=[LinkedHashMap({phone=+917355460178, channel=sms})]
2025-11-17 23:37:38.530 [34mINFO [0;39m [6bd8f118-92e6-428f-846a-a384c215c77d] [http-nio-8081-exec-4] com.bharatshop.web.AuthController - OTP send requested: phone=+917355460178
2025-11-17 23:37:38.530 [39mDEBUG[0;39m [6bd8f118-92e6-428f-846a-a384c215c77d] [http-nio-8081-exec-4] c.b.c.logging.MethodLoggingAspect - Service enter: AuthService.sendOtp(..) args=[+917355460178]
2025-11-17 23:37:38.532 [34mINFO [0;39m [6bd8f118-92e6-428f-846a-a384c215c77d] [http-nio-8081-exec-4] com.bharatshop.service.AuthService - Sending OTP to phone=+917355460178
2025-11-17 23:37:38.534 [34mINFO [0;39m [6bd8f118-92e6-428f-846a-a384c215c77d] [http-nio-8081-exec-4] com.bharatshop.service.AuthService - OTP generated: otpId=05ca692b-d1a6-4f2a-9352-7a41addb21b8 expiresAt=1763402978534
2025-11-17 23:37:38.536 [39mDEBUG[0;39m [6bd8f118-92e6-428f-846a-a384c215c77d] [http-nio-8081-exec-4] c.b.c.logging.MethodLoggingAspect - Service enter: CompositeNotificationService.sendSms(..) args=[+917355460178, Your Bharatshop OTP is 335689. Valid for 2 minutes.]
2025-11-17 23:37:40.390 [34mINFO [0;39m [6bd8f118-92e6-428f-846a-a384c215c77d] [http-nio-8081-exec-4] c.b.s.TwilioNotificationService - Twilio SMS sent: phone=+917355460178 status=201
2025-11-17 23:37:40.393 [34mINFO [0;39m [6bd8f118-92e6-428f-846a-a384c215c77d] [http-nio-8081-exec-4] c.b.c.logging.MethodLoggingAspect - Service exit: CompositeNotificationService.sendSms(..) (1859 ms)
2025-11-17 23:37:40.394 [39mDEBUG[0;39m [6bd8f118-92e6-428f-846a-a384c215c77d] [http-nio-8081-exec-4] c.b.c.logging.MethodLoggingAspect - Service result: CompositeNotificationService.sendSms(..) => null
2025-11-17 23:37:40.600 [34mINFO [0;39m [6bd8f118-92e6-428f-846a-a384c215c77d] [http-nio-8081-exec-4] c.b.c.logging.MethodLoggingAspect - Service exit: AuthService.sendOtp(..) (2070 ms)
2025-11-17 23:37:40.600 [39mDEBUG[0;39m [6bd8f118-92e6-428f-846a-a384c215c77d] [http-nio-8081-exec-4] c.b.c.logging.MethodLoggingAspect - Service result: AuthService.sendOtp(..) => MapN({otpId=05ca692b-d1a6-4f2a-9352-7a41addb21b8, otp=335689, ttlSeconds=120, success=true})
2025-11-17 23:37:40.602 [34mINFO [0;39m [6bd8f118-92e6-428f-846a-a384c215c77d] [http-nio-8081-exec-4] c.b.c.logging.MethodLoggingAspect - Controller exit: AuthController.sendOtp(..) -> status=200 (2072 ms)
2025-11-17 23:37:40.602 [39mDEBUG[0;39m [6bd8f118-92e6-428f-846a-a384c215c77d] [http-nio-8081-exec-4] c.b.c.logging.MethodLoggingAspect - Controller result: AuthController.sendOtp(..) => ResponseEntity(status=200)
2025-11-17 23:37:40.606 [34mINFO [0;39m [6bd8f118-92e6-428f-846a-a384c215c77d] [http-nio-8081-exec-4] c.b.config.logging.HttpLoggingFilter - POST /api/storefront/auth/otp/send -> 200 (2221 ms)
2025-11-17 23:37:40.606 [34mINFO [0;39m [6bd8f118-92e6-428f-846a-a384c215c77d] [http-nio-8081-exec-4] c.b.config.logging.HttpLoggingFilter - Headers: auth=absent content-type=application/json accept=application/json, text/plain, */*
2025-11-17 23:37:40.606 [34mINFO [0;39m [6bd8f118-92e6-428f-846a-a384c215c77d] [http-nio-8081-exec-4] c.b.config.logging.HttpLoggingFilter - Request payload: {"phone":"+917355460178","channel":"sms"}
2025-11-17 23:37:40.608 [34mINFO [0;39m [6bd8f118-92e6-428f-846a-a384c215c77d] [http-nio-8081-exec-4] c.b.config.logging.HttpLoggingFilter - Response payload: {"otpId":"05ca692b-d1a6-4f2a-9352-7a41addb21b8","otp":"335689","ttlSeconds":120,"success":true}
2025-11-17 23:37:54.747 [39mDEBUG[0;39m [ca785fd1-8237-4103-9c34-4bdfa0c9ddec] [http-nio-8081-exec-5] c.b.c.logging.MethodLoggingAspect - Controller enter: AuthController.verifyOtp(..) args=[LinkedHashMap({phone=+917355460178, otp=335689})]
2025-11-17 23:37:54.747 [34mINFO [0;39m [ca785fd1-8237-4103-9c34-4bdfa0c9ddec] [http-nio-8081-exec-5] com.bharatshop.web.AuthController - OTP verify requested: phone=+917355460178 otpPresent=true
2025-11-17 23:37:54.747 [39mDEBUG[0;39m [ca785fd1-8237-4103-9c34-4bdfa0c9ddec] [http-nio-8081-exec-5] c.b.c.logging.MethodLoggingAspect - Service enter: AuthService.verifyOtp(..) args=[+917355460178, 335689]
2025-11-17 23:37:54.749 [34mINFO [0;39m [ca785fd1-8237-4103-9c34-4bdfa0c9ddec] [http-nio-8081-exec-5] com.bharatshop.service.AuthService - Verifying OTP for phone=+917355460178
2025-11-17 23:37:54.753 [34mINFO [0;39m [ca785fd1-8237-4103-9c34-4bdfa0c9ddec] [http-nio-8081-exec-5] com.bharatshop.service.AuthService - OTP verification success for phone=+917355460178
2025-11-17 23:37:54.756 [34mINFO [0;39m [ca785fd1-8237-4103-9c34-4bdfa0c9ddec] [http-nio-8081-exec-5] com.bharatshop.service.AuthService - Login (phone) attempt: phone=+917355460178
2025-11-17 23:37:54.825 [34mINFO [0;39m [ca785fd1-8237-4103-9c34-4bdfa0c9ddec] [http-nio-8081-exec-5] com.bharatshop.service.AuthService - Session created: userId=3f0d8353-817c-47aa-b362-d996bf9d8bd8 role=consumer
2025-11-17 23:37:54.825 [34mINFO [0;39m [ca785fd1-8237-4103-9c34-4bdfa0c9ddec] [http-nio-8081-exec-5] com.bharatshop.service.AuthService - Login (phone) success: userId=3f0d8353-817c-47aa-b362-d996bf9d8bd8 token=eyJhbGciOiJIUzI1NiIsInR5cCI6IkpXVCJ9.eyJzdWIiOiIzZjBkODM1My04MTdjLTQ3YWEtYjM2Mi1kOTk2YmY5ZDhiZDgiLCJuYW1lIjoiVXNlcjAxNzgiLCJyb2xlIjoiY29uc3VtZXIiLCJpYXQiOjE3NjM0MDI4NzQsImV4cCI6MTc2MzQwNjQ3NH0.2tfvSOWHP7ZroydZpm9LuOPUU6KTrYSPBze3AEjehxI role=USER 
2025-11-17 23:37:54.827 [34mINFO [0;39m [ca785fd1-8237-4103-9c34-4bdfa0c9ddec] [http-nio-8081-exec-5] c.b.c.logging.MethodLoggingAspect - Service exit: AuthService.verifyOtp(..) (78 ms)
2025-11-17 23:37:54.834 [39mDEBUG[0;39m [ca785fd1-8237-4103-9c34-4bdfa0c9ddec] [http-nio-8081-exec-5] c.b.c.logging.MethodLoggingAspect - Service result: AuthService.verifyOtp(..) => Session(Session[token=eyJhbGciOiJIUzI1NiIsInR5cCI6IkpXVCJ9.eyJzdWIiOiIzZjBkODM1My04MTdjLTQ3YWEtYjM2Mi1kOTk2YmY5ZDhiZDgiLCJuYW1lIjoiVXNlcjAxNzgiLCJyb2xlIjoiY29uc3VtZXIiLCJpYXQiOjE3NjM0MDI4NzQsImV4cCI6MTc2MzQwNjQ3NH0.2tfvSOWHP7ZroydZpm9LuOPUU6KTrYSPBze3AEjehxI, userId=3f0d8353-817c-47aa-b362-d996bf9d8bd8, name=User0178, role=consumer])
2025-11-17 23:37:54.836 [39mDEBUG[0;39m [ca785fd1-8237-4103-9c34-4bdfa0c9ddec] [http-nio-8081-exec-5] c.b.c.logging.MethodLoggingAspect - Service enter: AuthService.getProfile(..) args=[eyJhbGciOiJIUzI1NiIsInR5cCI6IkpXVCJ9.eyJzdWIiOiIzZjBkODM1My04MTdjLTQ3YWEtYjM2Mi1kOTk2YmY5ZDhiZDgiLCJuYW1lIjoiVXNlcjAxNzgiLCJyb2xlIjoiY29uc3VtZXIiLCJpYXQiOjE3NjM0MDI4NzQsImV4cCI6MTc2MzQwNjQ3NH0.2tfvSOWHP7ZroydZpm9LuOPUU6KTrYSPBze3AEjehxI]
2025-11-17 23:37:54.898 [34mINFO [0;39m [ca785fd1-8237-4103-9c34-4bdfa0c9ddec] [http-nio-8081-exec-5] c.b.c.logging.MethodLoggingAspect - Service exit: AuthService.getProfile(..) (62 ms)
2025-11-17 23:37:54.901 [39mDEBUG[0;39m [ca785fd1-8237-4103-9c34-4bdfa0c9ddec] [http-nio-8081-exec-5] c.b.c.logging.MethodLoggingAspect - Service result: AuthService.getProfile(..) => User(com.bharatshop.domain.User@46857ac6)
2025-11-17 23:37:54.901 [34mINFO [0;39m [ca785fd1-8237-4103-9c34-4bdfa0c9ddec] [http-nio-8081-exec-5] com.bharatshop.web.AuthController - OTP verify success: userId=3f0d8353-817c-47aa-b362-d996bf9d8bd8 tokenPresent=true
2025-11-17 23:37:54.901 [34mINFO [0;39m [ca785fd1-8237-4103-9c34-4bdfa0c9ddec] [http-nio-8081-exec-5] c.b.c.logging.MethodLoggingAspect - Controller exit: AuthController.verifyOtp(..) -> status=200 (154 ms)
2025-11-17 23:37:54.904 [39mDEBUG[0;39m [ca785fd1-8237-4103-9c34-4bdfa0c9ddec] [http-nio-8081-exec-5] c.b.c.logging.MethodLoggingAspect - Controller result: AuthController.verifyOtp(..) => ResponseEntity(status=200)
2025-11-17 23:37:54.908 [34mINFO [0;39m [ca785fd1-8237-4103-9c34-4bdfa0c9ddec] [http-nio-8081-exec-5] c.b.config.logging.HttpLoggingFilter - POST /api/storefront/auth/otp/verify -> 200 (165 ms)
2025-11-17 23:37:54.908 [34mINFO [0;39m [ca785fd1-8237-4103-9c34-4bdfa0c9ddec] [http-nio-8081-exec-5] c.b.config.logging.HttpLoggingFilter - Headers: auth=absent content-type=application/json accept=application/json, text/plain, */*
2025-11-17 23:37:54.908 [34mINFO [0;39m [ca785fd1-8237-4103-9c34-4bdfa0c9ddec] [http-nio-8081-exec-5] c.b.config.logging.HttpLoggingFilter - Request payload: {"phone":"+917355460178","otp":"335689"}
2025-11-17 23:37:54.908 [34mINFO [0;39m [ca785fd1-8237-4103-9c34-4bdfa0c9ddec] [http-nio-8081-exec-5] c.b.config.logging.HttpLoggingFilter - Response payload: {"token":"eyJhbGciOiJIUzI1NiIsInR5cCI6IkpXVCJ9.eyJzdWIiOiIzZjBkODM1My04MTdjLTQ3YWEtYjM2Mi1kOTk2YmY5ZDhiZDgiLCJuYW1lIjoiVXNlcjAxNzgiLCJyb2xlIjoiY29uc3VtZXIiLCJpYXQiOjE3NjM0MDI4NzQsImV4cCI6MTc2MzQwNjQ3NH0.2tfvSOWHP7ZroydZpm9LuOPUU6KTrYSPBze3AEjehxI","user":{"id":"3f0d8353-817c-47aa-b362-d996bf9d8bd8","name":"User0178","phone":"+917355460178","role":"consumer"},"success":true}
2025-11-17 23:37:55.131 [39mDEBUG[0;39m [0e985911-efff-473f-b27c-d0f868126d9f] [http-nio-8081-exec-6] c.b.c.logging.MethodLoggingAspect - Controller enter: AuthController.profile(..) args=[ContentCachingRequestWrapper(org.springframework.web.util.ContentCachingRequestWrapper@95423ea)]
2025-11-17 23:37:55.131 [34mINFO [0;39m [0e985911-efff-473f-b27c-d0f868126d9f] [http-nio-8081-exec-6] com.bharatshop.web.AuthController - Profile requested: tokenPresent=true 
2025-11-17 23:37:55.133 [39mDEBUG[0;39m [0e985911-efff-473f-b27c-d0f868126d9f] [http-nio-8081-exec-6] c.b.c.logging.MethodLoggingAspect - Service enter: AuthService.getProfile(..) args=[eyJhbGciOiJIUzI1NiIsInR5cCI6IkpXVCJ9.eyJzdWIiOiIzZjBkODM1My04MTdjLTQ3YWEtYjM2Mi1kOTk2YmY5ZDhiZDgiLCJuYW1lIjoiVXNlcjAxNzgiLCJyb2xlIjoiY29uc3VtZXIiLCJpYXQiOjE3NjM0MDI4NzQsImV4cCI6MTc2MzQwNjQ3NH0.2tfvSOWHP7ZroydZpm9LuOPUU6KTrYSPBze3AEjehxI]
2025-11-17 23:37:55.151 [34mINFO [0;39m [0e985911-efff-473f-b27c-d0f868126d9f] [http-nio-8081-exec-6] c.b.c.logging.MethodLoggingAspect - Service exit: AuthService.getProfile(..) (18 ms)
2025-11-17 23:37:55.151 [39mDEBUG[0;39m [0e985911-efff-473f-b27c-d0f868126d9f] [http-nio-8081-exec-6] c.b.c.logging.MethodLoggingAspect - Service result: AuthService.getProfile(..) => User(com.bharatshop.domain.User@3894eb2d)
2025-11-17 23:37:55.151 [34mINFO [0;39m [0e985911-efff-473f-b27c-d0f868126d9f] [http-nio-8081-exec-6] com.bharatshop.web.AuthController - Profile success: userId=3f0d8353-817c-47aa-b362-d996bf9d8bd8
2025-11-17 23:37:55.153 [34mINFO [0;39m [0e985911-efff-473f-b27c-d0f868126d9f] [http-nio-8081-exec-6] c.b.c.logging.MethodLoggingAspect - Controller exit: AuthController.profile(..) -> status=200 (22 ms)
2025-11-17 23:37:55.153 [39mDEBUG[0;39m [0e985911-efff-473f-b27c-d0f868126d9f] [http-nio-8081-exec-6] c.b.c.logging.MethodLoggingAspect - Controller result: AuthController.profile(..) => ResponseEntity(status=200)
2025-11-17 23:37:55.164 [34mINFO [0;39m [0e985911-efff-473f-b27c-d0f868126d9f] [http-nio-8081-exec-6] c.b.config.logging.HttpLoggingFilter - GET /api/storefront/auth/profile -> 200 (34 ms)
2025-11-17 23:37:55.166 [34mINFO [0;39m [0e985911-efff-473f-b27c-d0f868126d9f] [http-nio-8081-exec-6] c.b.config.logging.HttpLoggingFilter - Headers: auth=present content-type=null accept=application/json, text/plain, */*
2025-11-17 23:37:55.167 [34mINFO [0;39m [0e985911-efff-473f-b27c-d0f868126d9f] [http-nio-8081-exec-6] c.b.config.logging.HttpLoggingFilter - Response payload: {"id":"3f0d8353-817c-47aa-b362-d996bf9d8bd8","name":"User0178","phone":"+917355460178","role":"consumer"}
2025-11-17 23:37:55.332 [39mDEBUG[0;39m [51a0fdd8-54be-46d2-bee9-a4561afe1995] [http-nio-8081-exec-7] c.b.c.logging.MethodLoggingAspect - Controller enter: StoreDiscoveryController.globalCategories(..) args=[demo-store]
2025-11-17 23:37:55.334 [34mINFO [0;39m [51a0fdd8-54be-46d2-bee9-a4561afe1995] [http-nio-8081-exec-7] c.b.web.StoreDiscoveryController - Global categories requested: tenant=demo-store
2025-11-17 23:37:55.338 [39mDEBUG[0;39m [51a0fdd8-54be-46d2-bee9-a4561afe1995] [http-nio-8081-exec-7] c.b.c.logging.MethodLoggingAspect - Factory enter: FactoryProvider.getFactory(..) args=[demo-store]
2025-11-17 23:37:55.340 [34mINFO [0;39m [51a0fdd8-54be-46d2-bee9-a4561afe1995] [http-nio-8081-exec-7] c.b.c.logging.MethodLoggingAspect - Factory exit: FactoryProvider.getFactory(..) (4 ms)
2025-11-17 23:37:55.362 [39mDEBUG[0;39m [51a0fdd8-54be-46d2-bee9-a4561afe1995] [http-nio-8081-exec-7] c.b.c.logging.MethodLoggingAspect - Factory result: FactoryProvider.getFactory(..) => DefaultStorefrontFactory$$SpringCGLIB$$0(com.bharatshop.factory.impl.DefaultStorefrontFactory@4e8036bb)
2025-11-17 23:37:55.365 [39mDEBUG[0;39m [51a0fdd8-54be-46d2-bee9-a4561afe1995] [http-nio-8081-exec-7] c.b.c.logging.MethodLoggingAspect - Factory enter: DefaultStorefrontFactory.products() args=[]
2025-11-17 23:37:55.369 [34mINFO [0;39m [51a0fdd8-54be-46d2-bee9-a4561afe1995] [http-nio-8081-exec-7] c.b.c.logging.MethodLoggingAspect - Factory exit: DefaultStorefrontFactory.products() (4 ms)
2025-11-17 23:37:55.371 [39mDEBUG[0;39m [51a0fdd8-54be-46d2-bee9-a4561afe1995] [http-nio-8081-exec-7] c.b.c.logging.MethodLoggingAspect - Factory result: DefaultStorefrontFactory.products() => (com.bharatshop.factory.impl.DefaultStorefrontFactory$1@7f05e18f)
2025-11-17 23:37:55.373 [39mDEBUG[0;39m [51a0fdd8-54be-46d2-bee9-a4561afe1995] [http-nio-8081-exec-7] c.b.c.logging.MethodLoggingAspect - Service enter: ProductService.categories() args=[]
2025-11-17 23:37:55.410 [34mINFO [0;39m [51a0fdd8-54be-46d2-bee9-a4561afe1995] [http-nio-8081-exec-7] c.b.c.logging.MethodLoggingAspect - Service exit: ProductService.categories() (37 ms)
2025-11-17 23:37:55.411 [39mDEBUG[0;39m [51a0fdd8-54be-46d2-bee9-a4561afe1995] [http-nio-8081-exec-7] c.b.c.logging.MethodLoggingAspect - Service result: ProductService.categories() => ArrayList[size=4]
2025-11-17 23:37:55.411 [34mINFO [0;39m [51a0fdd8-54be-46d2-bee9-a4561afe1995] [http-nio-8081-exec-7] c.b.c.logging.MethodLoggingAspect - Controller exit: StoreDiscoveryController.globalCategories(..) -> status=200 (79 ms)
2025-11-17 23:37:55.411 [39mDEBUG[0;39m [51a0fdd8-54be-46d2-bee9-a4561afe1995] [http-nio-8081-exec-7] c.b.c.logging.MethodLoggingAspect - Controller result: StoreDiscoveryController.globalCategories(..) => ResponseEntity(status=200)
2025-11-17 23:37:55.421 [34mINFO [0;39m [51a0fdd8-54be-46d2-bee9-a4561afe1995] [http-nio-8081-exec-7] c.b.config.logging.HttpLoggingFilter - GET /api/categories -> 200 (107 ms)
2025-11-17 23:37:55.421 [34mINFO [0;39m [51a0fdd8-54be-46d2-bee9-a4561afe1995] [http-nio-8081-exec-7] c.b.config.logging.HttpLoggingFilter - Headers: auth=present content-type=null accept=application/json, text/plain, */*
2025-11-17 23:37:55.423 [34mINFO [0;39m [51a0fdd8-54be-46d2-bee9-a4561afe1995] [http-nio-8081-exec-7] c.b.config.logging.HttpLoggingFilter - Response payload: ["dairy","fruits","medicine","room"]
2025-11-17 23:37:55.445 [39mDEBUG[0;39m [c838f67b-43d2-467c-aaee-e63802e40ce9] [http-nio-8081-exec-8] c.b.c.logging.MethodLoggingAspect - Controller enter: StoreDiscoveryController.globalCategories(..) args=[demo-store]
2025-11-17 23:37:55.449 [34mINFO [0;39m [c838f67b-43d2-467c-aaee-e63802e40ce9] [http-nio-8081-exec-8] c.b.web.StoreDiscoveryController - Global categories requested: tenant=demo-store
2025-11-17 23:37:55.451 [39mDEBUG[0;39m [c838f67b-43d2-467c-aaee-e63802e40ce9] [http-nio-8081-exec-8] c.b.c.logging.MethodLoggingAspect - Factory enter: FactoryProvider.getFactory(..) args=[demo-store]
2025-11-17 23:37:55.453 [34mINFO [0;39m [c838f67b-43d2-467c-aaee-e63802e40ce9] [http-nio-8081-exec-8] c.b.c.logging.MethodLoggingAspect - Factory exit: FactoryProvider.getFactory(..) (2 ms)
2025-11-17 23:37:55.453 [39mDEBUG[0;39m [c838f67b-43d2-467c-aaee-e63802e40ce9] [http-nio-8081-exec-8] c.b.c.logging.MethodLoggingAspect - Factory result: FactoryProvider.getFactory(..) => DefaultStorefrontFactory$$SpringCGLIB$$0(com.bharatshop.factory.impl.DefaultStorefrontFactory@4e8036bb)
2025-11-17 23:37:55.455 [39mDEBUG[0;39m [c838f67b-43d2-467c-aaee-e63802e40ce9] [http-nio-8081-exec-8] c.b.c.logging.MethodLoggingAspect - Factory enter: DefaultStorefrontFactory.products() args=[]
2025-11-17 23:37:55.455 [34mINFO [0;39m [c838f67b-43d2-467c-aaee-e63802e40ce9] [http-nio-8081-exec-8] c.b.c.logging.MethodLoggingAspect - Factory exit: DefaultStorefrontFactory.products() (2 ms)
2025-11-17 23:37:55.457 [39mDEBUG[0;39m [c838f67b-43d2-467c-aaee-e63802e40ce9] [http-nio-8081-exec-8] c.b.c.logging.MethodLoggingAspect - Factory result: DefaultStorefrontFactory.products() => (com.bharatshop.factory.impl.DefaultStorefrontFactory$1@1dfab63e)
2025-11-17 23:37:55.459 [39mDEBUG[0;39m [c838f67b-43d2-467c-aaee-e63802e40ce9] [http-nio-8081-exec-8] c.b.c.logging.MethodLoggingAspect - Service enter: ProductService.categories() args=[]
2025-11-17 23:37:55.473 [34mINFO [0;39m [c838f67b-43d2-467c-aaee-e63802e40ce9] [http-nio-8081-exec-8] c.b.c.logging.MethodLoggingAspect - Service exit: ProductService.categories() (14 ms)
2025-11-17 23:37:55.473 [39mDEBUG[0;39m [c838f67b-43d2-467c-aaee-e63802e40ce9] [http-nio-8081-exec-8] c.b.c.logging.MethodLoggingAspect - Service result: ProductService.categories() => ArrayList[size=4]
2025-11-17 23:37:55.473 [34mINFO [0;39m [c838f67b-43d2-467c-aaee-e63802e40ce9] [http-nio-8081-exec-8] c.b.c.logging.MethodLoggingAspect - Controller exit: StoreDiscoveryController.globalCategories(..) -> status=200 (28 ms)
2025-11-17 23:37:55.473 [39mDEBUG[0;39m [c838f67b-43d2-467c-aaee-e63802e40ce9] [http-nio-8081-exec-8] c.b.c.logging.MethodLoggingAspect - Controller result: StoreDiscoveryController.globalCategories(..) => ResponseEntity(status=200)
2025-11-17 23:37:55.476 [34mINFO [0;39m [c838f67b-43d2-467c-aaee-e63802e40ce9] [http-nio-8081-exec-8] c.b.config.logging.HttpLoggingFilter - GET /api/categories -> 200 (39 ms)
2025-11-17 23:37:55.476 [34mINFO [0;39m [c838f67b-43d2-467c-aaee-e63802e40ce9] [http-nio-8081-exec-8] c.b.config.logging.HttpLoggingFilter - Headers: auth=present content-type=null accept=application/json, text/plain, */*
2025-11-17 23:37:55.476 [34mINFO [0;39m [c838f67b-43d2-467c-aaee-e63802e40ce9] [http-nio-8081-exec-8] c.b.config.logging.HttpLoggingFilter - Response payload: ["dairy","fruits","medicine","room"]
2025-11-17 23:39:02.024 [39mDEBUG[0;39m [02edd473-be2a-4f2c-89c4-b3fbcdc9e4ff] [http-nio-8081-exec-9] c.b.c.logging.MethodLoggingAspect - Controller enter: SellerStoreController.createStore(..) args=[null, null, null, null, null, LinkedHashMap({name=abc, category=fruits, type=Store, area=balrampur, city=Balrampur, address=Near Major Chauraha Balrampur, phone=7355460178, pincode=271201, description=})]
2025-11-17 23:39:02.026 [34mINFO [0;39m [02edd473-be2a-4f2c-89c4-b3fbcdc9e4ff] [http-nio-8081-exec-9] c.b.web.seller.SellerStoreController - Seller create store requested: name=null city=null area=null category=null imagePresent=false
2025-11-17 23:39:02.067 [39mDEBUG[0;39m [02edd473-be2a-4f2c-89c4-b3fbcdc9e4ff] [http-nio-8081-exec-9] c.b.c.logging.MethodLoggingAspect - Factory enter: FactoryProvider.getSellerFactory(..) args=[null]
2025-11-17 23:39:02.069 [34mINFO [0;39m [02edd473-be2a-4f2c-89c4-b3fbcdc9e4ff] [http-nio-8081-exec-9] c.b.c.logging.MethodLoggingAspect - Factory exit: FactoryProvider.getSellerFactory(..) (2 ms)
2025-11-17 23:39:02.069 [39mDEBUG[0;39m [02edd473-be2a-4f2c-89c4-b3fbcdc9e4ff] [http-nio-8081-exec-9] c.b.c.logging.MethodLoggingAspect - Factory result: FactoryProvider.getSellerFactory(..) => DefaultSellerFactory$$SpringCGLIB$$0(com.bharatshop.factory.impl.DefaultSellerFactory@8cd00bc)
2025-11-17 23:39:02.069 [39mDEBUG[0;39m [02edd473-be2a-4f2c-89c4-b3fbcdc9e4ff] [http-nio-8081-exec-9] c.b.c.logging.MethodLoggingAspect - Factory enter: DefaultSellerFactory.stores() args=[]
2025-11-17 23:39:02.071 [34mINFO [0;39m [02edd473-be2a-4f2c-89c4-b3fbcdc9e4ff] [http-nio-8081-exec-9] c.b.c.logging.MethodLoggingAspect - Factory exit: DefaultSellerFactory.stores() (2 ms)
2025-11-17 23:39:02.071 [39mDEBUG[0;39m [02edd473-be2a-4f2c-89c4-b3fbcdc9e4ff] [http-nio-8081-exec-9] c.b.c.logging.MethodLoggingAspect - Factory result: DefaultSellerFactory.stores() => (com.bharatshop.factory.impl.DefaultSellerFactory$5@2e3a2bd2)
2025-11-17 23:39:02.073 [39mDEBUG[0;39m [02edd473-be2a-4f2c-89c4-b3fbcdc9e4ff] [http-nio-8081-exec-9] c.b.c.logging.MethodLoggingAspect - Service enter: StoreService.add(..) args=[Store(com.bharatshop.domain.Store@64b2eeef)]
2025-11-17 23:39:02.112 [34mINFO [0;39m [02edd473-be2a-4f2c-89c4-b3fbcdc9e4ff] [http-nio-8081-exec-9] c.b.c.logging.MethodLoggingAspect - Service exit: StoreService.add(..) (39 ms)
2025-11-17 23:39:02.114 [39mDEBUG[0;39m [02edd473-be2a-4f2c-89c4-b3fbcdc9e4ff] [http-nio-8081-exec-9] c.b.c.logging.MethodLoggingAspect - Service result: StoreService.add(..) => Store(com.bharatshop.domain.Store@5e26b4fa)
2025-11-17 23:39:02.114 [34mINFO [0;39m [02edd473-be2a-4f2c-89c4-b3fbcdc9e4ff] [http-nio-8081-exec-9] c.b.web.seller.SellerStoreController - Seller create store success: id=6efcb9fc-3334-464e-9de7-dc8f57ba9929 name=abc 
2025-11-17 23:39:02.116 [39mDEBUG[0;39m [02edd473-be2a-4f2c-89c4-b3fbcdc9e4ff] [http-nio-8081-exec-9] c.b.c.logging.MethodLoggingAspect - Service enter: AuthService.upgradeRoleForUser(..) args=[3f0d8353-817c-47aa-b362-d996bf9d8bd8, SELLER]
2025-11-17 23:39:02.155 [34mINFO [0;39m [02edd473-be2a-4f2c-89c4-b3fbcdc9e4ff] [http-nio-8081-exec-9] com.bharatshop.service.AuthService - User role upgraded: userId=3f0d8353-817c-47aa-b362-d996bf9d8bd8 role=SELLER
2025-11-17 23:39:02.155 [34mINFO [0;39m [02edd473-be2a-4f2c-89c4-b3fbcdc9e4ff] [http-nio-8081-exec-9] c.b.c.logging.MethodLoggingAspect - Service exit: AuthService.upgradeRoleForUser(..) (39 ms)
2025-11-17 23:39:02.155 [39mDEBUG[0;39m [02edd473-be2a-4f2c-89c4-b3fbcdc9e4ff] [http-nio-8081-exec-9] c.b.c.logging.MethodLoggingAspect - Service result: AuthService.upgradeRoleForUser(..) => User(com.bharatshop.domain.User@10b4438e)
2025-11-17 23:39:02.160 [34mINFO [0;39m [02edd473-be2a-4f2c-89c4-b3fbcdc9e4ff] [http-nio-8081-exec-9] c.b.c.logging.MethodLoggingAspect - Controller exit: SellerStoreController.createStore(..) -> status=200 (136 ms)
2025-11-17 23:39:02.160 [39mDEBUG[0;39m [02edd473-be2a-4f2c-89c4-b3fbcdc9e4ff] [http-nio-8081-exec-9] c.b.c.logging.MethodLoggingAspect - Controller result: SellerStoreController.createStore(..) => ResponseEntity(status=200)
2025-11-17 23:39:02.162 [34mINFO [0;39m [02edd473-be2a-4f2c-89c4-b3fbcdc9e4ff] [http-nio-8081-exec-9] c.b.config.logging.HttpLoggingFilter - POST /api/seller/stores -> 200 (171 ms)
2025-11-17 23:39:02.165 [34mINFO [0;39m [02edd473-be2a-4f2c-89c4-b3fbcdc9e4ff] [http-nio-8081-exec-9] c.b.config.logging.HttpLoggingFilter - Headers: auth=present content-type=application/json accept=application/json, text/plain, */*
2025-11-17 23:39:02.165 [34mINFO [0;39m [02edd473-be2a-4f2c-89c4-b3fbcdc9e4ff] [http-nio-8081-exec-9] c.b.config.logging.HttpLoggingFilter - Request payload: {"name":"abc","category":"fruits","type":"Store","area":"balrampur","city":"Balrampur","address":"Near Major Chauraha Balrampur","phone":"7355460178","pincode":"271201","description":""}
2025-11-17 23:39:02.165 [34mINFO [0;39m [02edd473-be2a-4f2c-89c4-b3fbcdc9e4ff] [http-nio-8081-exec-9] c.b.config.logging.HttpLoggingFilter - Response payload: {"name":"abc","id":"6efcb9fc-3334-464e-9de7-dc8f57ba9929","status":"open"}
2025-11-17 23:39:02.192 [39mDEBUG[0;39m [eea45462-e85b-45e7-85d5-69530b06f787] [http-nio-8081-exec-10] c.b.c.logging.MethodLoggingAspect - Controller enter: AuthController.profile(..) args=[ContentCachingRequestWrapper(org.springframework.web.util.ContentCachingRequestWrapper@47877f92)]
2025-11-17 23:39:02.193 [34mINFO [0;39m [eea45462-e85b-45e7-85d5-69530b06f787] [http-nio-8081-exec-10] com.bharatshop.web.AuthController - Profile requested: tokenPresent=true 
2025-11-17 23:39:02.193 [39mDEBUG[0;39m [eea45462-e85b-45e7-85d5-69530b06f787] [http-nio-8081-exec-10] c.b.c.logging.MethodLoggingAspect - Service enter: AuthService.getProfile(..) args=[eyJhbGciOiJIUzI1NiIsInR5cCI6IkpXVCJ9.eyJzdWIiOiIzZjBkODM1My04MTdjLTQ3YWEtYjM2Mi1kOTk2YmY5ZDhiZDgiLCJuYW1lIjoiVXNlcjAxNzgiLCJyb2xlIjoiY29uc3VtZXIiLCJpYXQiOjE3NjM0MDI4NzQsImV4cCI6MTc2MzQwNjQ3NH0.2tfvSOWHP7ZroydZpm9LuOPUU6KTrYSPBze3AEjehxI]
2025-11-17 23:39:02.205 [34mINFO [0;39m [eea45462-e85b-45e7-85d5-69530b06f787] [http-nio-8081-exec-10] c.b.c.logging.MethodLoggingAspect - Service exit: AuthService.getProfile(..) (12 ms)
2025-11-17 23:39:02.207 [39mDEBUG[0;39m [eea45462-e85b-45e7-85d5-69530b06f787] [http-nio-8081-exec-10] c.b.c.logging.MethodLoggingAspect - Service result: AuthService.getProfile(..) => User(com.bharatshop.domain.User@3357a618)
2025-11-17 23:39:02.208 [34mINFO [0;39m [eea45462-e85b-45e7-85d5-69530b06f787] [http-nio-8081-exec-10] com.bharatshop.web.AuthController - Profile success: userId=3f0d8353-817c-47aa-b362-d996bf9d8bd8
2025-11-17 23:39:02.208 [34mINFO [0;39m [eea45462-e85b-45e7-85d5-69530b06f787] [http-nio-8081-exec-10] c.b.c.logging.MethodLoggingAspect - Controller exit: AuthController.profile(..) -> status=200 (16 ms)
2025-11-17 23:39:02.210 [39mDEBUG[0;39m [eea45462-e85b-45e7-85d5-69530b06f787] [http-nio-8081-exec-10] c.b.c.logging.MethodLoggingAspect - Controller result: AuthController.profile(..) => ResponseEntity(status=200)
2025-11-17 23:39:02.212 [34mINFO [0;39m [eea45462-e85b-45e7-85d5-69530b06f787] [http-nio-8081-exec-10] c.b.config.logging.HttpLoggingFilter - GET /api/storefront/auth/profile -> 200 (24 ms)
2025-11-17 23:39:02.214 [34mINFO [0;39m [eea45462-e85b-45e7-85d5-69530b06f787] [http-nio-8081-exec-10] c.b.config.logging.HttpLoggingFilter - Headers: auth=present content-type=null accept=application/json, text/plain, */*
2025-11-17 23:39:02.215 [34mINFO [0;39m [eea45462-e85b-45e7-85d5-69530b06f787] [http-nio-8081-exec-10] c.b.config.logging.HttpLoggingFilter - Response payload: {"id":"3f0d8353-817c-47aa-b362-d996bf9d8bd8","name":"User0178","phone":"+917355460178","role":"seller"}
2025-11-17 23:39:02.490 [39mDEBUG[0;39m [7a986fe7-c8eb-4402-a880-706ed1685aab] [http-nio-8081-exec-1] c.b.c.logging.MethodLoggingAspect - Controller enter: SellerStoreController.listStores(..) args=[null, null, null, null, null, null, demo-store]
2025-11-17 23:39:02.492 [34mINFO [0;39m [7a986fe7-c8eb-4402-a880-706ed1685aab] [http-nio-8081-exec-1] c.b.c.logging.MethodLoggingAspect - Controller exit: SellerStoreController.listStores(..) -> status=403 (2 ms)
2025-11-17 23:39:02.492 [39mDEBUG[0;39m [7a986fe7-c8eb-4402-a880-706ed1685aab] [http-nio-8081-exec-1] c.b.c.logging.MethodLoggingAspect - Controller result: SellerStoreController.listStores(..) => ResponseEntity(status=403)
2025-11-17 23:39:02.496 [34mINFO [0;39m [7a986fe7-c8eb-4402-a880-706ed1685aab] [http-nio-8081-exec-1] c.b.config.logging.HttpLoggingFilter - GET /api/seller/stores -> 403 (10 ms)
2025-11-17 23:39:02.496 [34mINFO [0;39m [7a986fe7-c8eb-4402-a880-706ed1685aab] [http-nio-8081-exec-1] c.b.config.logging.HttpLoggingFilter - Headers: auth=present content-type=null accept=application/json, text/plain, */*
2025-11-17 23:39:02.498 [34mINFO [0;39m [7a986fe7-c8eb-4402-a880-706ed1685aab] [http-nio-8081-exec-1] c.b.config.logging.HttpLoggingFilter - Response payload: {"message":"Forbidden"}
2025-11-17 23:39:02.635 [39mDEBUG[0;39m [0bd42738-3eda-477a-9157-2843bed5f7f7] [http-nio-8081-exec-2] c.b.c.logging.MethodLoggingAspect - Controller enter: SellerOrderController.list(..) args=[null, null, null, null, null, null, demo-store]
2025-11-17 23:39:02.635 [34mINFO [0;39m [0bd42738-3eda-477a-9157-2843bed5f7f7] [http-nio-8081-exec-2] c.b.web.seller.SellerOrderController - Seller list orders: storeId=null status=null from=null to=null page=null limit=null tenant=demo-store
2025-11-17 23:39:02.637 [39mDEBUG[0;39m [0bd42738-3eda-477a-9157-2843bed5f7f7] [http-nio-8081-exec-2] c.b.c.logging.MethodLoggingAspect - Factory enter: FactoryProvider.getSellerFactory(..) args=[demo-store]
2025-11-17 23:39:02.637 [34mINFO [0;39m [0bd42738-3eda-477a-9157-2843bed5f7f7] [http-nio-8081-exec-2] c.b.c.logging.MethodLoggingAspect - Factory exit: FactoryProvider.getSellerFactory(..) (0 ms)
2025-11-17 23:39:02.639 [39mDEBUG[0;39m [0bd42738-3eda-477a-9157-2843bed5f7f7] [http-nio-8081-exec-2] c.b.c.logging.MethodLoggingAspect - Factory result: FactoryProvider.getSellerFactory(..) => DefaultSellerFactory$$SpringCGLIB$$0(com.bharatshop.factory.impl.DefaultSellerFactory@8cd00bc)
2025-11-17 23:39:02.639 [39mDEBUG[0;39m [dc16ae5d-76cd-44be-90dc-13b846fb3e6d] [http-nio-8081-exec-3] c.b.c.logging.MethodLoggingAspect - Controller enter: SellerStoreController.listStores(..) args=[null, null, null, null, null, null, demo-store]
2025-11-17 23:39:02.639 [39mDEBUG[0;39m [0bd42738-3eda-477a-9157-2843bed5f7f7] [http-nio-8081-exec-2] c.b.c.logging.MethodLoggingAspect - Factory enter: DefaultSellerFactory.orders() args=[]
2025-11-17 23:39:02.639 [34mINFO [0;39m [dc16ae5d-76cd-44be-90dc-13b846fb3e6d] [http-nio-8081-exec-3] c.b.c.logging.MethodLoggingAspect - Controller exit: SellerStoreController.listStores(..) -> status=403 (0 ms)
2025-11-17 23:39:02.639 [39mDEBUG[0;39m [dc16ae5d-76cd-44be-90dc-13b846fb3e6d] [http-nio-8081-exec-3] c.b.c.logging.MethodLoggingAspect - Controller result: SellerStoreController.listStores(..) => ResponseEntity(status=403)
2025-11-17 23:39:02.642 [34mINFO [0;39m [0bd42738-3eda-477a-9157-2843bed5f7f7] [http-nio-8081-exec-2] c.b.c.logging.MethodLoggingAspect - Factory exit: DefaultSellerFactory.orders() (3 ms)
2025-11-17 23:39:02.642 [34mINFO [0;39m [dc16ae5d-76cd-44be-90dc-13b846fb3e6d] [http-nio-8081-exec-3] c.b.config.logging.HttpLoggingFilter - GET /api/seller/stores -> 403 (9 ms)
2025-11-17 23:39:02.644 [39mDEBUG[0;39m [0bd42738-3eda-477a-9157-2843bed5f7f7] [http-nio-8081-exec-2] c.b.c.logging.MethodLoggingAspect - Factory result: DefaultSellerFactory.orders() => (com.bharatshop.factory.impl.DefaultSellerFactory$2@5d8467c7)
2025-11-17 23:39:02.644 [34mINFO [0;39m [dc16ae5d-76cd-44be-90dc-13b846fb3e6d] [http-nio-8081-exec-3] c.b.config.logging.HttpLoggingFilter - Headers: auth=present content-type=null accept=application/json, text/plain, */*
2025-11-17 23:39:02.646 [34mINFO [0;39m [dc16ae5d-76cd-44be-90dc-13b846fb3e6d] [http-nio-8081-exec-3] c.b.config.logging.HttpLoggingFilter - Response payload: {"message":"Forbidden"}
2025-11-17 23:39:02.670 [39mDEBUG[0;39m [6a12a10d-4244-4b06-a932-86f0e849c96e] [http-nio-8081-exec-4] c.b.c.logging.MethodLoggingAspect - Controller enter: SellerStoreController.listStores(..) args=[null, null, null, null, null, null, demo-store]
2025-11-17 23:39:02.670 [34mINFO [0;39m [6a12a10d-4244-4b06-a932-86f0e849c96e] [http-nio-8081-exec-4] c.b.c.logging.MethodLoggingAspect - Controller exit: SellerStoreController.listStores(..) -> status=403 (0 ms)
2025-11-17 23:39:02.670 [39mDEBUG[0;39m [6a12a10d-4244-4b06-a932-86f0e849c96e] [http-nio-8081-exec-4] c.b.c.logging.MethodLoggingAspect - Controller result: SellerStoreController.listStores(..) => ResponseEntity(status=403)
2025-11-17 23:39:02.675 [34mINFO [0;39m [0bd42738-3eda-477a-9157-2843bed5f7f7] [http-nio-8081-exec-2] c.b.web.seller.SellerOrderController - Seller list orders success: count=0
2025-11-17 23:39:02.675 [34mINFO [0;39m [0bd42738-3eda-477a-9157-2843bed5f7f7] [http-nio-8081-exec-2] c.b.c.logging.MethodLoggingAspect - Controller exit: SellerOrderController.list(..) -> status=200 (40 ms)
2025-11-17 23:39:02.675 [39mDEBUG[0;39m [0bd42738-3eda-477a-9157-2843bed5f7f7] [http-nio-8081-exec-2] c.b.c.logging.MethodLoggingAspect - Controller result: SellerOrderController.list(..) => ResponseEntity(status=200)
2025-11-17 23:39:02.675 [34mINFO [0;39m [6a12a10d-4244-4b06-a932-86f0e849c96e] [http-nio-8081-exec-4] c.b.config.logging.HttpLoggingFilter - GET /api/seller/stores -> 403 (11 ms)
2025-11-17 23:39:02.675 [34mINFO [0;39m [6a12a10d-4244-4b06-a932-86f0e849c96e] [http-nio-8081-exec-4] c.b.config.logging.HttpLoggingFilter - Headers: auth=present content-type=null accept=application/json, text/plain, */*
2025-11-17 23:39:02.675 [34mINFO [0;39m [6a12a10d-4244-4b06-a932-86f0e849c96e] [http-nio-8081-exec-4] c.b.config.logging.HttpLoggingFilter - Response payload: {"message":"Forbidden"}
2025-11-17 23:39:02.678 [34mINFO [0;39m [0bd42738-3eda-477a-9157-2843bed5f7f7] [http-nio-8081-exec-2] c.b.config.logging.HttpLoggingFilter - GET /api/seller/orders -> 200 (49 ms)
2025-11-17 23:39:02.678 [34mINFO [0;39m [0bd42738-3eda-477a-9157-2843bed5f7f7] [http-nio-8081-exec-2] c.b.config.logging.HttpLoggingFilter - Headers: auth=present content-type=null accept=application/json, text/plain, */*
2025-11-17 23:39:02.678 [34mINFO [0;39m [0bd42738-3eda-477a-9157-2843bed5f7f7] [http-nio-8081-exec-2] c.b.config.logging.HttpLoggingFilter - Response payload: []
2025-11-17 23:39:02.697 [39mDEBUG[0;39m [6040c883-9c6d-4130-b739-2da27b42eae1] [http-nio-8081-exec-5] c.b.c.logging.MethodLoggingAspect - Controller enter: SellerOrderController.list(..) args=[null, null, null, null, null, null, demo-store]
2025-11-17 23:39:02.699 [34mINFO [0;39m [6040c883-9c6d-4130-b739-2da27b42eae1] [http-nio-8081-exec-5] c.b.web.seller.SellerOrderController - Seller list orders: storeId=null status=null from=null to=null page=null limit=null tenant=demo-store
2025-11-17 23:39:02.701 [39mDEBUG[0;39m [6040c883-9c6d-4130-b739-2da27b42eae1] [http-nio-8081-exec-5] c.b.c.logging.MethodLoggingAspect - Factory enter: FactoryProvider.getSellerFactory(..) args=[demo-store]
2025-11-17 23:39:02.701 [34mINFO [0;39m [6040c883-9c6d-4130-b739-2da27b42eae1] [http-nio-8081-exec-5] c.b.c.logging.MethodLoggingAspect - Factory exit: FactoryProvider.getSellerFactory(..) (0 ms)
2025-11-17 23:39:02.701 [39mDEBUG[0;39m [6040c883-9c6d-4130-b739-2da27b42eae1] [http-nio-8081-exec-5] c.b.c.logging.MethodLoggingAspect - Factory result: FactoryProvider.getSellerFactory(..) => DefaultSellerFactory$$SpringCGLIB$$0(com.bharatshop.factory.impl.DefaultSellerFactory@8cd00bc)
2025-11-17 23:39:02.701 [39mDEBUG[0;39m [6040c883-9c6d-4130-b739-2da27b42eae1] [http-nio-8081-exec-5] c.b.c.logging.MethodLoggingAspect - Factory enter: DefaultSellerFactory.orders() args=[]
2025-11-17 23:39:02.701 [34mINFO [0;39m [6040c883-9c6d-4130-b739-2da27b42eae1] [http-nio-8081-exec-5] c.b.c.logging.MethodLoggingAspect - Factory exit: DefaultSellerFactory.orders() (0 ms)
2025-11-17 23:39:02.701 [39mDEBUG[0;39m [6040c883-9c6d-4130-b739-2da27b42eae1] [http-nio-8081-exec-5] c.b.c.logging.MethodLoggingAspect - Factory result: DefaultSellerFactory.orders() => (com.bharatshop.factory.impl.DefaultSellerFactory$2@2f20da48)
2025-11-17 23:39:02.714 [34mINFO [0;39m [6040c883-9c6d-4130-b739-2da27b42eae1] [http-nio-8081-exec-5] c.b.web.seller.SellerOrderController - Seller list orders success: count=0
2025-11-17 23:39:02.714 [34mINFO [0;39m [6040c883-9c6d-4130-b739-2da27b42eae1] [http-nio-8081-exec-5] c.b.c.logging.MethodLoggingAspect - Controller exit: SellerOrderController.list(..) -> status=200 (17 ms)
2025-11-17 23:39:02.714 [39mDEBUG[0;39m [6040c883-9c6d-4130-b739-2da27b42eae1] [http-nio-8081-exec-5] c.b.c.logging.MethodLoggingAspect - Controller result: SellerOrderController.list(..) => ResponseEntity(status=200)
2025-11-17 23:39:02.720 [34mINFO [0;39m [6040c883-9c6d-4130-b739-2da27b42eae1] [http-nio-8081-exec-5] c.b.config.logging.HttpLoggingFilter - GET /api/seller/orders -> 200 (24 ms)
2025-11-17 23:39:02.721 [34mINFO [0;39m [6040c883-9c6d-4130-b739-2da27b42eae1] [http-nio-8081-exec-5] c.b.config.logging.HttpLoggingFilter - Headers: auth=present content-type=null accept=application/json, text/plain, */*
2025-11-17 23:39:02.721 [34mINFO [0;39m [6040c883-9c6d-4130-b739-2da27b42eae1] [http-nio-8081-exec-5] c.b.config.logging.HttpLoggingFilter - Response payload: []
2025-11-17 23:39:43.586 [39mDEBUG[0;39m [44126823-4807-4bc3-bb11-7e699500d330] [http-nio-8081-exec-7] c.b.c.logging.MethodLoggingAspect - Controller enter: SellerStoreController.listStores(..) args=[null, null, null, null, null, null, demo-store]
2025-11-17 23:39:43.590 [34mINFO [0;39m [44126823-4807-4bc3-bb11-7e699500d330] [http-nio-8081-exec-7] c.b.c.logging.MethodLoggingAspect - Controller exit: SellerStoreController.listStores(..) -> status=403 (4 ms)
2025-11-17 23:39:43.590 [39mDEBUG[0;39m [44126823-4807-4bc3-bb11-7e699500d330] [http-nio-8081-exec-7] c.b.c.logging.MethodLoggingAspect - Controller result: SellerStoreController.listStores(..) => ResponseEntity(status=403)
2025-11-17 23:39:43.594 [34mINFO [0;39m [44126823-4807-4bc3-bb11-7e699500d330] [http-nio-8081-exec-7] c.b.config.logging.HttpLoggingFilter - GET /api/seller/stores -> 403 (12 ms)
2025-11-17 23:39:43.595 [34mINFO [0;39m [44126823-4807-4bc3-bb11-7e699500d330] [http-nio-8081-exec-7] c.b.config.logging.HttpLoggingFilter - Headers: auth=present content-type=null accept=application/json, text/plain, */*
2025-11-17 23:39:43.595 [34mINFO [0;39m [44126823-4807-4bc3-bb11-7e699500d330] [http-nio-8081-exec-7] c.b.config.logging.HttpLoggingFilter - Response payload: {"message":"Forbidden"}
2025-11-17 23:39:43.584 [39mDEBUG[0;39m [b36fa89d-7ff5-4788-bb1b-184db21330f2] [http-nio-8081-exec-6] c.b.c.logging.MethodLoggingAspect - Controller enter: StoreDiscoveryController.globalCategories(..) args=[demo-store]
2025-11-17 23:39:43.598 [34mINFO [0;39m [b36fa89d-7ff5-4788-bb1b-184db21330f2] [http-nio-8081-exec-6] c.b.web.StoreDiscoveryController - Global categories requested: tenant=demo-store
2025-11-17 23:39:43.609 [39mDEBUG[0;39m [b36fa89d-7ff5-4788-bb1b-184db21330f2] [http-nio-8081-exec-6] c.b.c.logging.MethodLoggingAspect - Factory enter: FactoryProvider.getFactory(..) args=[demo-store]
2025-11-17 23:39:43.613 [34mINFO [0;39m [b36fa89d-7ff5-4788-bb1b-184db21330f2] [http-nio-8081-exec-6] c.b.c.logging.MethodLoggingAspect - Factory exit: FactoryProvider.getFactory(..) (4 ms)
2025-11-17 23:39:43.616 [39mDEBUG[0;39m [b36fa89d-7ff5-4788-bb1b-184db21330f2] [http-nio-8081-exec-6] c.b.c.logging.MethodLoggingAspect - Factory result: FactoryProvider.getFactory(..) => DefaultStorefrontFactory$$SpringCGLIB$$0(com.bharatshop.factory.impl.DefaultStorefrontFactory@4e8036bb)
2025-11-17 23:39:43.618 [39mDEBUG[0;39m [b36fa89d-7ff5-4788-bb1b-184db21330f2] [http-nio-8081-exec-6] c.b.c.logging.MethodLoggingAspect - Factory enter: DefaultStorefrontFactory.products() args=[]
2025-11-17 23:39:43.618 [34mINFO [0;39m [b36fa89d-7ff5-4788-bb1b-184db21330f2] [http-nio-8081-exec-6] c.b.c.logging.MethodLoggingAspect - Factory exit: DefaultStorefrontFactory.products() (0 ms)
2025-11-17 23:39:43.620 [39mDEBUG[0;39m [b36fa89d-7ff5-4788-bb1b-184db21330f2] [http-nio-8081-exec-6] c.b.c.logging.MethodLoggingAspect - Factory result: DefaultStorefrontFactory.products() => (com.bharatshop.factory.impl.DefaultStorefrontFactory$1@390942bb)
2025-11-17 23:39:43.620 [39mDEBUG[0;39m [b36fa89d-7ff5-4788-bb1b-184db21330f2] [http-nio-8081-exec-6] c.b.c.logging.MethodLoggingAspect - Service enter: ProductService.categories() args=[]
2025-11-17 23:39:43.634 [39mDEBUG[0;39m [9b91277c-8a72-4b58-a537-0e6f44de8bf0] [http-nio-8081-exec-8] c.b.c.logging.MethodLoggingAspect - Controller enter: SellerStoreController.listStores(..) args=[null, null, null, null, null, null, demo-store]
2025-11-17 23:39:43.638 [34mINFO [0;39m [9b91277c-8a72-4b58-a537-0e6f44de8bf0] [http-nio-8081-exec-8] c.b.c.logging.MethodLoggingAspect - Controller exit: SellerStoreController.listStores(..) -> status=403 (4 ms)
2025-11-17 23:39:43.638 [39mDEBUG[0;39m [9b91277c-8a72-4b58-a537-0e6f44de8bf0] [http-nio-8081-exec-8] c.b.c.logging.MethodLoggingAspect - Controller result: SellerStoreController.listStores(..) => ResponseEntity(status=403)
2025-11-17 23:39:43.642 [34mINFO [0;39m [9b91277c-8a72-4b58-a537-0e6f44de8bf0] [http-nio-8081-exec-8] c.b.config.logging.HttpLoggingFilter - GET /api/seller/stores -> 403 (11 ms)
2025-11-17 23:39:43.642 [34mINFO [0;39m [9b91277c-8a72-4b58-a537-0e6f44de8bf0] [http-nio-8081-exec-8] c.b.config.logging.HttpLoggingFilter - Headers: auth=present content-type=null accept=application/json, text/plain, */*
2025-11-17 23:39:43.642 [34mINFO [0;39m [9b91277c-8a72-4b58-a537-0e6f44de8bf0] [http-nio-8081-exec-8] c.b.config.logging.HttpLoggingFilter - Response payload: {"message":"Forbidden"}
2025-11-17 23:39:43.659 [34mINFO [0;39m [b36fa89d-7ff5-4788-bb1b-184db21330f2] [http-nio-8081-exec-6] c.b.c.logging.MethodLoggingAspect - Service exit: ProductService.categories() (39 ms)
2025-11-17 23:39:43.659 [39mDEBUG[0;39m [b36fa89d-7ff5-4788-bb1b-184db21330f2] [http-nio-8081-exec-6] c.b.c.logging.MethodLoggingAspect - Service result: ProductService.categories() => ArrayList[size=4]
2025-11-17 23:39:43.661 [34mINFO [0;39m [b36fa89d-7ff5-4788-bb1b-184db21330f2] [http-nio-8081-exec-6] c.b.c.logging.MethodLoggingAspect - Controller exit: StoreDiscoveryController.globalCategories(..) -> status=200 (77 ms)
2025-11-17 23:39:43.661 [39mDEBUG[0;39m [b36fa89d-7ff5-4788-bb1b-184db21330f2] [http-nio-8081-exec-6] c.b.c.logging.MethodLoggingAspect - Controller result: StoreDiscoveryController.globalCategories(..) => ResponseEntity(status=200)
2025-11-17 23:39:43.665 [34mINFO [0;39m [b36fa89d-7ff5-4788-bb1b-184db21330f2] [http-nio-8081-exec-6] c.b.config.logging.HttpLoggingFilter - GET /api/categories -> 200 (83 ms)
2025-11-17 23:39:43.666 [34mINFO [0;39m [b36fa89d-7ff5-4788-bb1b-184db21330f2] [http-nio-8081-exec-6] c.b.config.logging.HttpLoggingFilter - Headers: auth=present content-type=null accept=application/json, text/plain, */*
2025-11-17 23:39:43.666 [34mINFO [0;39m [b36fa89d-7ff5-4788-bb1b-184db21330f2] [http-nio-8081-exec-6] c.b.config.logging.HttpLoggingFilter - Response payload: ["dairy","fruits","medicine","room"]
2025-11-17 23:39:43.684 [39mDEBUG[0;39m [1862bff7-ce94-4b09-b8ec-63a15763e59a] [http-nio-8081-exec-9] c.b.c.logging.MethodLoggingAspect - Controller enter: StoreDiscoveryController.globalCategories(..) args=[demo-store]
2025-11-17 23:39:43.686 [34mINFO [0;39m [1862bff7-ce94-4b09-b8ec-63a15763e59a] [http-nio-8081-exec-9] c.b.web.StoreDiscoveryController - Global categories requested: tenant=demo-store
2025-11-17 23:39:43.686 [39mDEBUG[0;39m [1862bff7-ce94-4b09-b8ec-63a15763e59a] [http-nio-8081-exec-9] c.b.c.logging.MethodLoggingAspect - Factory enter: FactoryProvider.getFactory(..) args=[demo-store]
2025-11-17 23:39:43.686 [34mINFO [0;39m [1862bff7-ce94-4b09-b8ec-63a15763e59a] [http-nio-8081-exec-9] c.b.c.logging.MethodLoggingAspect - Factory exit: FactoryProvider.getFactory(..) (0 ms)
2025-11-17 23:39:43.686 [39mDEBUG[0;39m [1862bff7-ce94-4b09-b8ec-63a15763e59a] [http-nio-8081-exec-9] c.b.c.logging.MethodLoggingAspect - Factory result: FactoryProvider.getFactory(..) => DefaultStorefrontFactory$$SpringCGLIB$$0(com.bharatshop.factory.impl.DefaultStorefrontFactory@4e8036bb)
2025-11-17 23:39:43.687 [39mDEBUG[0;39m [1862bff7-ce94-4b09-b8ec-63a15763e59a] [http-nio-8081-exec-9] c.b.c.logging.MethodLoggingAspect - Factory enter: DefaultStorefrontFactory.products() args=[]
2025-11-17 23:39:43.687 [34mINFO [0;39m [1862bff7-ce94-4b09-b8ec-63a15763e59a] [http-nio-8081-exec-9] c.b.c.logging.MethodLoggingAspect - Factory exit: DefaultStorefrontFactory.products() (0 ms)
2025-11-17 23:39:43.687 [39mDEBUG[0;39m [1862bff7-ce94-4b09-b8ec-63a15763e59a] [http-nio-8081-exec-9] c.b.c.logging.MethodLoggingAspect - Factory result: DefaultStorefrontFactory.products() => (com.bharatshop.factory.impl.DefaultStorefrontFactory$1@5104122f)
2025-11-17 23:39:43.687 [39mDEBUG[0;39m [1862bff7-ce94-4b09-b8ec-63a15763e59a] [http-nio-8081-exec-9] c.b.c.logging.MethodLoggingAspect - Service enter: ProductService.categories() args=[]
2025-11-17 23:39:43.699 [34mINFO [0;39m [1862bff7-ce94-4b09-b8ec-63a15763e59a] [http-nio-8081-exec-9] c.b.c.logging.MethodLoggingAspect - Service exit: ProductService.categories() (12 ms)
2025-11-17 23:39:43.699 [39mDEBUG[0;39m [1862bff7-ce94-4b09-b8ec-63a15763e59a] [http-nio-8081-exec-9] c.b.c.logging.MethodLoggingAspect - Service result: ProductService.categories() => ArrayList[size=4]
2025-11-17 23:39:43.699 [34mINFO [0;39m [1862bff7-ce94-4b09-b8ec-63a15763e59a] [http-nio-8081-exec-9] c.b.c.logging.MethodLoggingAspect - Controller exit: StoreDiscoveryController.globalCategories(..) -> status=200 (15 ms)
2025-11-17 23:39:43.699 [39mDEBUG[0;39m [1862bff7-ce94-4b09-b8ec-63a15763e59a] [http-nio-8081-exec-9] c.b.c.logging.MethodLoggingAspect - Controller result: StoreDiscoveryController.globalCategories(..) => ResponseEntity(status=200)
2025-11-17 23:39:43.705 [34mINFO [0;39m [1862bff7-ce94-4b09-b8ec-63a15763e59a] [http-nio-8081-exec-9] c.b.config.logging.HttpLoggingFilter - GET /api/categories -> 200 (23 ms)
2025-11-17 23:39:43.707 [34mINFO [0;39m [1862bff7-ce94-4b09-b8ec-63a15763e59a] [http-nio-8081-exec-9] c.b.config.logging.HttpLoggingFilter - Headers: auth=present content-type=null accept=application/json, text/plain, */*
2025-11-17 23:39:43.707 [34mINFO [0;39m [1862bff7-ce94-4b09-b8ec-63a15763e59a] [http-nio-8081-exec-9] c.b.config.logging.HttpLoggingFilter - Response payload: ["dairy","fruits","medicine","room"]
2025-11-17 23:40:59.740 [39mDEBUG[0;39m [a7fdc3f3-f7e8-40ef-ab6e-1f7a6442ffe9] [http-nio-8081-exec-10] c.b.c.logging.MethodLoggingAspect - Controller enter: AuthController.sendOtp(..) args=[LinkedHashMap({phone=+917275559071, channel=sms})]
2025-11-17 23:40:59.742 [34mINFO [0;39m [a7fdc3f3-f7e8-40ef-ab6e-1f7a6442ffe9] [http-nio-8081-exec-10] com.bharatshop.web.AuthController - OTP send requested: phone=+917275559071
2025-11-17 23:40:59.742 [39mDEBUG[0;39m [a7fdc3f3-f7e8-40ef-ab6e-1f7a6442ffe9] [http-nio-8081-exec-10] c.b.c.logging.MethodLoggingAspect - Service enter: AuthService.sendOtp(..) args=[+917275559071]
2025-11-17 23:40:59.742 [34mINFO [0;39m [a7fdc3f3-f7e8-40ef-ab6e-1f7a6442ffe9] [http-nio-8081-exec-10] com.bharatshop.service.AuthService - Sending OTP to phone=+917275559071
2025-11-17 23:40:59.742 [34mINFO [0;39m [a7fdc3f3-f7e8-40ef-ab6e-1f7a6442ffe9] [http-nio-8081-exec-10] com.bharatshop.service.AuthService - OTP generated: otpId=d8b1bf9e-509d-4e18-9f4f-b40cecd83ff1 expiresAt=1763403179742
2025-11-17 23:40:59.742 [39mDEBUG[0;39m [a7fdc3f3-f7e8-40ef-ab6e-1f7a6442ffe9] [http-nio-8081-exec-10] c.b.c.logging.MethodLoggingAspect - Service enter: CompositeNotificationService.sendSms(..) args=[+917275559071, Your Bharatshop OTP is 465218. Valid for 2 minutes.]
2025-11-17 23:41:00.068 [31mWARN [0;39m [a7fdc3f3-f7e8-40ef-ab6e-1f7a6442ffe9] [http-nio-8081-exec-10] c.b.s.TwilioNotificationService - Twilio SMS failed: phone=+917275559071 status=400 body={"code":21608,"message":"The number +91727555XXXX is unverified. Trial accounts cannot send messages to unverified numbers; verify +91727555XXXX at twilio.com/user/account/phone-numbers/verified, or purchase a Twilio number to send messages to unverified numbers","more_info":"https://www.twilio.com/docs/errors/21608","status":400}
2025-11-17 23:41:00.068 [34mINFO [0;39m [a7fdc3f3-f7e8-40ef-ab6e-1f7a6442ffe9] [http-nio-8081-exec-10] c.b.c.logging.MethodLoggingAspect - Service exit: CompositeNotificationService.sendSms(..) (326 ms)
2025-11-17 23:41:00.068 [39mDEBUG[0;39m [a7fdc3f3-f7e8-40ef-ab6e-1f7a6442ffe9] [http-nio-8081-exec-10] c.b.c.logging.MethodLoggingAspect - Service result: CompositeNotificationService.sendSms(..) => null
2025-11-17 23:41:00.077 [34mINFO [0;39m [a7fdc3f3-f7e8-40ef-ab6e-1f7a6442ffe9] [http-nio-8081-exec-10] c.b.c.logging.MethodLoggingAspect - Service exit: AuthService.sendOtp(..) (334 ms)
2025-11-17 23:41:00.077 [39mDEBUG[0;39m [a7fdc3f3-f7e8-40ef-ab6e-1f7a6442ffe9] [http-nio-8081-exec-10] c.b.c.logging.MethodLoggingAspect - Service result: AuthService.sendOtp(..) => MapN({otpId=d8b1bf9e-509d-4e18-9f4f-b40cecd83ff1, otp=465218, ttlSeconds=120, success=true})
2025-11-17 23:41:00.077 [34mINFO [0;39m [a7fdc3f3-f7e8-40ef-ab6e-1f7a6442ffe9] [http-nio-8081-exec-10] c.b.c.logging.MethodLoggingAspect - Controller exit: AuthController.sendOtp(..) -> status=200 (337 ms)
2025-11-17 23:41:00.079 [39mDEBUG[0;39m [a7fdc3f3-f7e8-40ef-ab6e-1f7a6442ffe9] [http-nio-8081-exec-10] c.b.c.logging.MethodLoggingAspect - Controller result: AuthController.sendOtp(..) => ResponseEntity(status=200)
2025-11-17 23:41:00.079 [34mINFO [0;39m [a7fdc3f3-f7e8-40ef-ab6e-1f7a6442ffe9] [http-nio-8081-exec-10] c.b.config.logging.HttpLoggingFilter - POST /api/storefront/auth/otp/send -> 200 (342 ms)
2025-11-17 23:41:00.079 [34mINFO [0;39m [a7fdc3f3-f7e8-40ef-ab6e-1f7a6442ffe9] [http-nio-8081-exec-10] c.b.config.logging.HttpLoggingFilter - Headers: auth=absent content-type=application/json accept=application/json, text/plain, */*
2025-11-17 23:41:00.082 [34mINFO [0;39m [a7fdc3f3-f7e8-40ef-ab6e-1f7a6442ffe9] [http-nio-8081-exec-10] c.b.config.logging.HttpLoggingFilter - Request payload: {"phone":"+917275559071","channel":"sms"}
2025-11-17 23:41:00.082 [34mINFO [0;39m [a7fdc3f3-f7e8-40ef-ab6e-1f7a6442ffe9] [http-nio-8081-exec-10] c.b.config.logging.HttpLoggingFilter - Response payload: {"otpId":"d8b1bf9e-509d-4e18-9f4f-b40cecd83ff1","otp":"465218","ttlSeconds":120,"success":true}
2025-11-17 23:41:26.031 [39mDEBUG[0;39m [20fedb1d-9202-4ecc-ad03-14088d59182d] [http-nio-8081-exec-1] c.b.c.logging.MethodLoggingAspect - Controller enter: AuthController.verifyOtp(..) args=[LinkedHashMap({phone=+917275559071, otp=465218})]
2025-11-17 23:41:26.031 [34mINFO [0;39m [20fedb1d-9202-4ecc-ad03-14088d59182d] [http-nio-8081-exec-1] com.bharatshop.web.AuthController - OTP verify requested: phone=+917275559071 otpPresent=true
2025-11-17 23:41:26.031 [39mDEBUG[0;39m [20fedb1d-9202-4ecc-ad03-14088d59182d] [http-nio-8081-exec-1] c.b.c.logging.MethodLoggingAspect - Service enter: AuthService.verifyOtp(..) args=[+917275559071, 465218]
2025-11-17 23:41:26.031 [34mINFO [0;39m [20fedb1d-9202-4ecc-ad03-14088d59182d] [http-nio-8081-exec-1] com.bharatshop.service.AuthService - Verifying OTP for phone=+917275559071
2025-11-17 23:41:26.031 [34mINFO [0;39m [20fedb1d-9202-4ecc-ad03-14088d59182d] [http-nio-8081-exec-1] com.bharatshop.service.AuthService - OTP verification success for phone=+917275559071
2025-11-17 23:41:26.031 [34mINFO [0;39m [20fedb1d-9202-4ecc-ad03-14088d59182d] [http-nio-8081-exec-1] com.bharatshop.service.AuthService - Login (phone) attempt: phone=+917275559071
2025-11-17 23:41:26.083 [34mINFO [0;39m [20fedb1d-9202-4ecc-ad03-14088d59182d] [http-nio-8081-exec-1] com.bharatshop.service.AuthService - Session created: userId=eaaab555-6d5d-4d98-8310-b05f8ab7e1e5 role=consumer
2025-11-17 23:41:26.083 [34mINFO [0;39m [20fedb1d-9202-4ecc-ad03-14088d59182d] [http-nio-8081-exec-1] com.bharatshop.service.AuthService - Login (phone) success: userId=eaaab555-6d5d-4d98-8310-b05f8ab7e1e5 token=eyJhbGciOiJIUzI1NiIsInR5cCI6IkpXVCJ9.eyJzdWIiOiJlYWFhYjU1NS02ZDVkLTRkOTgtODMxMC1iMDVmOGFiN2UxZTUiLCJuYW1lIjoiVXNlcjkwNzEiLCJyb2xlIjoiY29uc3VtZXIiLCJpYXQiOjE3NjM0MDMwODYsImV4cCI6MTc2MzQwNjY4Nn0.e7s-n1WWLwoLndtgT-LJJx4pW1edKxjr7yChhOdyTQg role=USER 
2025-11-17 23:41:26.083 [34mINFO [0;39m [20fedb1d-9202-4ecc-ad03-14088d59182d] [http-nio-8081-exec-1] c.b.c.logging.MethodLoggingAspect - Service exit: AuthService.verifyOtp(..) (52 ms)
2025-11-17 23:41:26.083 [39mDEBUG[0;39m [20fedb1d-9202-4ecc-ad03-14088d59182d] [http-nio-8081-exec-1] c.b.c.logging.MethodLoggingAspect - Service result: AuthService.verifyOtp(..) => Session(Session[token=eyJhbGciOiJIUzI1NiIsInR5cCI6IkpXVCJ9.eyJzdWIiOiJlYWFhYjU1NS02ZDVkLTRkOTgtODMxMC1iMDVmOGFiN2UxZTUiLCJuYW1lIjoiVXNlcjkwNzEiLCJyb2xlIjoiY29uc3VtZXIiLCJpYXQiOjE3NjM0MDMwODYsImV4cCI6MTc2MzQwNjY4Nn0.e7s-n1WWLwoLndtgT-LJJx4pW1edKxjr7yChhOdyTQg, userId=eaaab555-6d5d-4d98-8310-b05f8ab7e1e5, name=User9071, role=consumer])
2025-11-17 23:41:26.083 [39mDEBUG[0;39m [20fedb1d-9202-4ecc-ad03-14088d59182d] [http-nio-8081-exec-1] c.b.c.logging.MethodLoggingAspect - Service enter: AuthService.getProfile(..) args=[eyJhbGciOiJIUzI1NiIsInR5cCI6IkpXVCJ9.eyJzdWIiOiJlYWFhYjU1NS02ZDVkLTRkOTgtODMxMC1iMDVmOGFiN2UxZTUiLCJuYW1lIjoiVXNlcjkwNzEiLCJyb2xlIjoiY29uc3VtZXIiLCJpYXQiOjE3NjM0MDMwODYsImV4cCI6MTc2MzQwNjY4Nn0.e7s-n1WWLwoLndtgT-LJJx4pW1edKxjr7yChhOdyTQg]
2025-11-17 23:41:26.083 [34mINFO [0;39m [20fedb1d-9202-4ecc-ad03-14088d59182d] [http-nio-8081-exec-1] c.b.c.logging.MethodLoggingAspect - Service exit: AuthService.getProfile(..) (0 ms)
2025-11-17 23:41:26.083 [39mDEBUG[0;39m [20fedb1d-9202-4ecc-ad03-14088d59182d] [http-nio-8081-exec-1] c.b.c.logging.MethodLoggingAspect - Service result: AuthService.getProfile(..) => User(com.bharatshop.domain.User@602adadd)
2025-11-17 23:41:26.091 [34mINFO [0;39m [20fedb1d-9202-4ecc-ad03-14088d59182d] [http-nio-8081-exec-1] com.bharatshop.web.AuthController - OTP verify success: userId=eaaab555-6d5d-4d98-8310-b05f8ab7e1e5 tokenPresent=true
2025-11-17 23:41:26.091 [34mINFO [0;39m [20fedb1d-9202-4ecc-ad03-14088d59182d] [http-nio-8081-exec-1] c.b.c.logging.MethodLoggingAspect - Controller exit: AuthController.verifyOtp(..) -> status=200 (60 ms)
2025-11-17 23:41:26.091 [39mDEBUG[0;39m [20fedb1d-9202-4ecc-ad03-14088d59182d] [http-nio-8081-exec-1] c.b.c.logging.MethodLoggingAspect - Controller result: AuthController.verifyOtp(..) => ResponseEntity(status=200)
2025-11-17 23:41:26.095 [34mINFO [0;39m [20fedb1d-9202-4ecc-ad03-14088d59182d] [http-nio-8081-exec-1] c.b.config.logging.HttpLoggingFilter - POST /api/storefront/auth/otp/verify -> 200 (69 ms)
2025-11-17 23:41:26.095 [34mINFO [0;39m [20fedb1d-9202-4ecc-ad03-14088d59182d] [http-nio-8081-exec-1] c.b.config.logging.HttpLoggingFilter - Headers: auth=absent content-type=application/json accept=application/json, text/plain, */*
2025-11-17 23:41:26.095 [34mINFO [0;39m [20fedb1d-9202-4ecc-ad03-14088d59182d] [http-nio-8081-exec-1] c.b.config.logging.HttpLoggingFilter - Request payload: {"phone":"+917275559071","otp":"465218"}
2025-11-17 23:41:26.095 [34mINFO [0;39m [20fedb1d-9202-4ecc-ad03-14088d59182d] [http-nio-8081-exec-1] c.b.config.logging.HttpLoggingFilter - Response payload: {"token":"eyJhbGciOiJIUzI1NiIsInR5cCI6IkpXVCJ9.eyJzdWIiOiJlYWFhYjU1NS02ZDVkLTRkOTgtODMxMC1iMDVmOGFiN2UxZTUiLCJuYW1lIjoiVXNlcjkwNzEiLCJyb2xlIjoiY29uc3VtZXIiLCJpYXQiOjE3NjM0MDMwODYsImV4cCI6MTc2MzQwNjY4Nn0.e7s-n1WWLwoLndtgT-LJJx4pW1edKxjr7yChhOdyTQg","user":{"id":"eaaab555-6d5d-4d98-8310-b05f8ab7e1e5","name":"User9071","phone":"+917275559071","role":"consumer"},"success":true}
2025-11-17 23:41:26.163 [39mDEBUG[0;39m [65b55f07-ce20-4231-974d-980ea5e0ae1e] [http-nio-8081-exec-3] c.b.c.logging.MethodLoggingAspect - Controller enter: AuthController.profile(..) args=[ContentCachingRequestWrapper(org.springframework.web.util.ContentCachingRequestWrapper@469d689f)]
2025-11-17 23:41:26.163 [34mINFO [0;39m [65b55f07-ce20-4231-974d-980ea5e0ae1e] [http-nio-8081-exec-3] com.bharatshop.web.AuthController - Profile requested: tokenPresent=true 
2025-11-17 23:41:26.165 [39mDEBUG[0;39m [65b55f07-ce20-4231-974d-980ea5e0ae1e] [http-nio-8081-exec-3] c.b.c.logging.MethodLoggingAspect - Service enter: AuthService.getProfile(..) args=[eyJhbGciOiJIUzI1NiIsInR5cCI6IkpXVCJ9.eyJzdWIiOiJlYWFhYjU1NS02ZDVkLTRkOTgtODMxMC1iMDVmOGFiN2UxZTUiLCJuYW1lIjoiVXNlcjkwNzEiLCJyb2xlIjoiY29uc3VtZXIiLCJpYXQiOjE3NjM0MDMwODYsImV4cCI6MTc2MzQwNjY4Nn0.e7s-n1WWLwoLndtgT-LJJx4pW1edKxjr7yChhOdyTQg]
2025-11-17 23:41:26.173 [34mINFO [0;39m [65b55f07-ce20-4231-974d-980ea5e0ae1e] [http-nio-8081-exec-3] c.b.c.logging.MethodLoggingAspect - Service exit: AuthService.getProfile(..) (10 ms)
2025-11-17 23:41:26.173 [39mDEBUG[0;39m [65b55f07-ce20-4231-974d-980ea5e0ae1e] [http-nio-8081-exec-3] c.b.c.logging.MethodLoggingAspect - Service result: AuthService.getProfile(..) => User(com.bharatshop.domain.User@63be767a)
2025-11-17 23:41:26.173 [34mINFO [0;39m [65b55f07-ce20-4231-974d-980ea5e0ae1e] [http-nio-8081-exec-3] com.bharatshop.web.AuthController - Profile success: userId=eaaab555-6d5d-4d98-8310-b05f8ab7e1e5
2025-11-17 23:41:26.173 [34mINFO [0;39m [65b55f07-ce20-4231-974d-980ea5e0ae1e] [http-nio-8081-exec-3] c.b.c.logging.MethodLoggingAspect - Controller exit: AuthController.profile(..) -> status=200 (10 ms)
2025-11-17 23:41:26.173 [39mDEBUG[0;39m [65b55f07-ce20-4231-974d-980ea5e0ae1e] [http-nio-8081-exec-3] c.b.c.logging.MethodLoggingAspect - Controller result: AuthController.profile(..) => ResponseEntity(status=200)
2025-11-17 23:41:26.175 [34mINFO [0;39m [65b55f07-ce20-4231-974d-980ea5e0ae1e] [http-nio-8081-exec-3] c.b.config.logging.HttpLoggingFilter - GET /api/storefront/auth/profile -> 200 (15 ms)
2025-11-17 23:41:26.178 [34mINFO [0;39m [65b55f07-ce20-4231-974d-980ea5e0ae1e] [http-nio-8081-exec-3] c.b.config.logging.HttpLoggingFilter - Headers: auth=present content-type=null accept=application/json, text/plain, */*
2025-11-17 23:41:26.180 [34mINFO [0;39m [65b55f07-ce20-4231-974d-980ea5e0ae1e] [http-nio-8081-exec-3] c.b.config.logging.HttpLoggingFilter - Response payload: {"id":"eaaab555-6d5d-4d98-8310-b05f8ab7e1e5","name":"User9071","phone":"+917275559071","role":"consumer"}
2025-11-17 23:41:45.567 [39mDEBUG[0;39m [e7a5faf0-5cc4-40b8-af5d-654979961aa9] [http-nio-8081-exec-4] c.b.c.logging.MethodLoggingAspect - Controller enter: StoreDiscoveryController.globalCategories(..) args=[demo-store]
2025-11-17 23:41:45.569 [34mINFO [0;39m [e7a5faf0-5cc4-40b8-af5d-654979961aa9] [http-nio-8081-exec-4] c.b.web.StoreDiscoveryController - Global categories requested: tenant=demo-store
2025-11-17 23:41:45.571 [39mDEBUG[0;39m [e7a5faf0-5cc4-40b8-af5d-654979961aa9] [http-nio-8081-exec-4] c.b.c.logging.MethodLoggingAspect - Factory enter: FactoryProvider.getFactory(..) args=[demo-store]
2025-11-17 23:41:45.571 [34mINFO [0;39m [e7a5faf0-5cc4-40b8-af5d-654979961aa9] [http-nio-8081-exec-4] c.b.c.logging.MethodLoggingAspect - Factory exit: FactoryProvider.getFactory(..) (0 ms)
2025-11-17 23:41:45.571 [39mDEBUG[0;39m [e7a5faf0-5cc4-40b8-af5d-654979961aa9] [http-nio-8081-exec-4] c.b.c.logging.MethodLoggingAspect - Factory result: FactoryProvider.getFactory(..) => DefaultStorefrontFactory$$SpringCGLIB$$0(com.bharatshop.factory.impl.DefaultStorefrontFactory@4e8036bb)
2025-11-17 23:41:45.572 [39mDEBUG[0;39m [e7a5faf0-5cc4-40b8-af5d-654979961aa9] [http-nio-8081-exec-4] c.b.c.logging.MethodLoggingAspect - Factory enter: DefaultStorefrontFactory.products() args=[]
2025-11-17 23:41:45.572 [34mINFO [0;39m [e7a5faf0-5cc4-40b8-af5d-654979961aa9] [http-nio-8081-exec-4] c.b.c.logging.MethodLoggingAspect - Factory exit: DefaultStorefrontFactory.products() (0 ms)
2025-11-17 23:41:45.572 [39mDEBUG[0;39m [e7a5faf0-5cc4-40b8-af5d-654979961aa9] [http-nio-8081-exec-4] c.b.c.logging.MethodLoggingAspect - Factory result: DefaultStorefrontFactory.products() => (com.bharatshop.factory.impl.DefaultStorefrontFactory$1@67c6fbb7)
2025-11-17 23:41:45.574 [39mDEBUG[0;39m [e7a5faf0-5cc4-40b8-af5d-654979961aa9] [http-nio-8081-exec-4] c.b.c.logging.MethodLoggingAspect - Service enter: ProductService.categories() args=[]
2025-11-17 23:41:45.589 [34mINFO [0;39m [e7a5faf0-5cc4-40b8-af5d-654979961aa9] [http-nio-8081-exec-4] c.b.c.logging.MethodLoggingAspect - Service exit: ProductService.categories() (15 ms)
2025-11-17 23:41:45.589 [39mDEBUG[0;39m [e7a5faf0-5cc4-40b8-af5d-654979961aa9] [http-nio-8081-exec-4] c.b.c.logging.MethodLoggingAspect - Service result: ProductService.categories() => ArrayList[size=4]
2025-11-17 23:41:45.589 [34mINFO [0;39m [e7a5faf0-5cc4-40b8-af5d-654979961aa9] [http-nio-8081-exec-4] c.b.c.logging.MethodLoggingAspect - Controller exit: StoreDiscoveryController.globalCategories(..) -> status=200 (22 ms)
2025-11-17 23:41:45.591 [39mDEBUG[0;39m [e7a5faf0-5cc4-40b8-af5d-654979961aa9] [http-nio-8081-exec-4] c.b.c.logging.MethodLoggingAspect - Controller result: StoreDiscoveryController.globalCategories(..) => ResponseEntity(status=200)
2025-11-17 23:41:45.593 [34mINFO [0;39m [e7a5faf0-5cc4-40b8-af5d-654979961aa9] [http-nio-8081-exec-4] c.b.config.logging.HttpLoggingFilter - GET /api/categories -> 200 (28 ms)
2025-11-17 23:41:45.628 [34mINFO [0;39m [e7a5faf0-5cc4-40b8-af5d-654979961aa9] [http-nio-8081-exec-4] c.b.config.logging.HttpLoggingFilter - Headers: auth=present content-type=null accept=application/json, text/plain, */*
2025-11-17 23:41:45.636 [34mINFO [0;39m [e7a5faf0-5cc4-40b8-af5d-654979961aa9] [http-nio-8081-exec-4] c.b.config.logging.HttpLoggingFilter - Response payload: ["dairy","fruits","medicine","room"]
2025-11-17 23:41:45.722 [39mDEBUG[0;39m [2cf13ab0-afc0-4f77-986a-428794cf0059] [http-nio-8081-exec-2] c.b.c.logging.MethodLoggingAspect - Controller enter: StoreDiscoveryController.globalCategories(..) args=[demo-store]
2025-11-17 23:41:45.722 [34mINFO [0;39m [2cf13ab0-afc0-4f77-986a-428794cf0059] [http-nio-8081-exec-2] c.b.web.StoreDiscoveryController - Global categories requested: tenant=demo-store
2025-11-17 23:41:45.724 [39mDEBUG[0;39m [2cf13ab0-afc0-4f77-986a-428794cf0059] [http-nio-8081-exec-2] c.b.c.logging.MethodLoggingAspect - Factory enter: FactoryProvider.getFactory(..) args=[demo-store]
2025-11-17 23:41:45.724 [34mINFO [0;39m [2cf13ab0-afc0-4f77-986a-428794cf0059] [http-nio-8081-exec-2] c.b.c.logging.MethodLoggingAspect - Factory exit: FactoryProvider.getFactory(..) (0 ms)
2025-11-17 23:41:45.724 [39mDEBUG[0;39m [2cf13ab0-afc0-4f77-986a-428794cf0059] [http-nio-8081-exec-2] c.b.c.logging.MethodLoggingAspect - Factory result: FactoryProvider.getFactory(..) => DefaultStorefrontFactory$$SpringCGLIB$$0(com.bharatshop.factory.impl.DefaultStorefrontFactory@4e8036bb)
2025-11-17 23:41:45.724 [39mDEBUG[0;39m [2cf13ab0-afc0-4f77-986a-428794cf0059] [http-nio-8081-exec-2] c.b.c.logging.MethodLoggingAspect - Factory enter: DefaultStorefrontFactory.products() args=[]
2025-11-17 23:41:45.725 [34mINFO [0;39m [2cf13ab0-afc0-4f77-986a-428794cf0059] [http-nio-8081-exec-2] c.b.c.logging.MethodLoggingAspect - Factory exit: DefaultStorefrontFactory.products() (1 ms)
2025-11-17 23:41:45.725 [39mDEBUG[0;39m [2cf13ab0-afc0-4f77-986a-428794cf0059] [http-nio-8081-exec-2] c.b.c.logging.MethodLoggingAspect - Factory result: DefaultStorefrontFactory.products() => (com.bharatshop.factory.impl.DefaultStorefrontFactory$1@22ae3c60)
2025-11-17 23:41:45.725 [39mDEBUG[0;39m [2cf13ab0-afc0-4f77-986a-428794cf0059] [http-nio-8081-exec-2] c.b.c.logging.MethodLoggingAspect - Service enter: ProductService.categories() args=[]
2025-11-17 23:41:45.741 [34mINFO [0;39m [2cf13ab0-afc0-4f77-986a-428794cf0059] [http-nio-8081-exec-2] c.b.c.logging.MethodLoggingAspect - Service exit: ProductService.categories() (16 ms)
2025-11-17 23:41:45.743 [39mDEBUG[0;39m [2cf13ab0-afc0-4f77-986a-428794cf0059] [http-nio-8081-exec-2] c.b.c.logging.MethodLoggingAspect - Service result: ProductService.categories() => ArrayList[size=4]
2025-11-17 23:41:45.743 [34mINFO [0;39m [2cf13ab0-afc0-4f77-986a-428794cf0059] [http-nio-8081-exec-2] c.b.c.logging.MethodLoggingAspect - Controller exit: StoreDiscoveryController.globalCategories(..) -> status=200 (21 ms)
2025-11-17 23:41:45.743 [39mDEBUG[0;39m [2cf13ab0-afc0-4f77-986a-428794cf0059] [http-nio-8081-exec-2] c.b.c.logging.MethodLoggingAspect - Controller result: StoreDiscoveryController.globalCategories(..) => ResponseEntity(status=200)
2025-11-17 23:41:45.748 [34mINFO [0;39m [2cf13ab0-afc0-4f77-986a-428794cf0059] [http-nio-8081-exec-2] c.b.config.logging.HttpLoggingFilter - GET /api/categories -> 200 (29 ms)
2025-11-17 23:41:45.750 [34mINFO [0;39m [2cf13ab0-afc0-4f77-986a-428794cf0059] [http-nio-8081-exec-2] c.b.config.logging.HttpLoggingFilter - Headers: auth=present content-type=null accept=application/json, text/plain, */*
2025-11-17 23:41:45.750 [34mINFO [0;39m [2cf13ab0-afc0-4f77-986a-428794cf0059] [http-nio-8081-exec-2] c.b.config.logging.HttpLoggingFilter - Response payload: ["dairy","fruits","medicine","room"]
2025-11-17 23:42:35.187 [39mDEBUG[0;39m [477339f0-724e-4332-a898-d7d6846ecc16] [http-nio-8081-exec-5] c.b.c.logging.MethodLoggingAspect - Controller enter: SellerStoreController.createStore(..) args=[null, null, null, null, null, LinkedHashMap({name=aef, category=dairy, type=Store, area=balrampur, city=Balrampur, address=Near Major Chauraha Balrampur, phone=7275559071, pincode=271201, description=})]
2025-11-17 23:42:35.198 [34mINFO [0;39m [477339f0-724e-4332-a898-d7d6846ecc16] [http-nio-8081-exec-5] c.b.web.seller.SellerStoreController - Seller create store requested: name=null city=null area=null category=null imagePresent=false
2025-11-17 23:42:35.249 [39mDEBUG[0;39m [477339f0-724e-4332-a898-d7d6846ecc16] [http-nio-8081-exec-5] c.b.c.logging.MethodLoggingAspect - Factory enter: FactoryProvider.getSellerFactory(..) args=[null]
2025-11-17 23:42:35.249 [34mINFO [0;39m [477339f0-724e-4332-a898-d7d6846ecc16] [http-nio-8081-exec-5] c.b.c.logging.MethodLoggingAspect - Factory exit: FactoryProvider.getSellerFactory(..) (0 ms)
2025-11-17 23:42:35.251 [39mDEBUG[0;39m [477339f0-724e-4332-a898-d7d6846ecc16] [http-nio-8081-exec-5] c.b.c.logging.MethodLoggingAspect - Factory result: FactoryProvider.getSellerFactory(..) => DefaultSellerFactory$$SpringCGLIB$$0(com.bharatshop.factory.impl.DefaultSellerFactory@8cd00bc)
2025-11-17 23:42:35.253 [39mDEBUG[0;39m [477339f0-724e-4332-a898-d7d6846ecc16] [http-nio-8081-exec-5] c.b.c.logging.MethodLoggingAspect - Factory enter: DefaultSellerFactory.stores() args=[]
2025-11-17 23:42:35.253 [34mINFO [0;39m [477339f0-724e-4332-a898-d7d6846ecc16] [http-nio-8081-exec-5] c.b.c.logging.MethodLoggingAspect - Factory exit: DefaultSellerFactory.stores() (0 ms)
2025-11-17 23:42:35.253 [39mDEBUG[0;39m [477339f0-724e-4332-a898-d7d6846ecc16] [http-nio-8081-exec-5] c.b.c.logging.MethodLoggingAspect - Factory result: DefaultSellerFactory.stores() => (com.bharatshop.factory.impl.DefaultSellerFactory$5@11866540)
2025-11-17 23:42:35.255 [39mDEBUG[0;39m [477339f0-724e-4332-a898-d7d6846ecc16] [http-nio-8081-exec-5] c.b.c.logging.MethodLoggingAspect - Service enter: StoreService.add(..) args=[Store(com.bharatshop.domain.Store@7e155b5e)]
2025-11-17 23:42:35.272 [34mINFO [0;39m [477339f0-724e-4332-a898-d7d6846ecc16] [http-nio-8081-exec-5] c.b.c.logging.MethodLoggingAspect - Service exit: StoreService.add(..) (17 ms)
2025-11-17 23:42:35.274 [39mDEBUG[0;39m [477339f0-724e-4332-a898-d7d6846ecc16] [http-nio-8081-exec-5] c.b.c.logging.MethodLoggingAspect - Service result: StoreService.add(..) => Store(com.bharatshop.domain.Store@4fcabdd3)
2025-11-17 23:42:35.274 [34mINFO [0;39m [477339f0-724e-4332-a898-d7d6846ecc16] [http-nio-8081-exec-5] c.b.web.seller.SellerStoreController - Seller create store success: id=32eaf4f3-52e0-4f70-bc41-f0ec9a7207d8 name=aef 
2025-11-17 23:42:35.274 [39mDEBUG[0;39m [477339f0-724e-4332-a898-d7d6846ecc16] [http-nio-8081-exec-5] c.b.c.logging.MethodLoggingAspect - Service enter: AuthService.upgradeRoleForUser(..) args=[eaaab555-6d5d-4d98-8310-b05f8ab7e1e5, SELLER]
2025-11-17 23:42:35.288 [34mINFO [0;39m [477339f0-724e-4332-a898-d7d6846ecc16] [http-nio-8081-exec-5] com.bharatshop.service.AuthService - User role upgraded: userId=eaaab555-6d5d-4d98-8310-b05f8ab7e1e5 role=SELLER
2025-11-17 23:42:35.291 [34mINFO [0;39m [477339f0-724e-4332-a898-d7d6846ecc16] [http-nio-8081-exec-5] c.b.c.logging.MethodLoggingAspect - Service exit: AuthService.upgradeRoleForUser(..) (14 ms)
2025-11-17 23:42:35.291 [39mDEBUG[0;39m [477339f0-724e-4332-a898-d7d6846ecc16] [http-nio-8081-exec-5] c.b.c.logging.MethodLoggingAspect - Service result: AuthService.upgradeRoleForUser(..) => User(com.bharatshop.domain.User@2616665f)
2025-11-17 23:42:35.291 [34mINFO [0;39m [477339f0-724e-4332-a898-d7d6846ecc16] [http-nio-8081-exec-5] c.b.c.logging.MethodLoggingAspect - Controller exit: SellerStoreController.createStore(..) -> status=200 (104 ms)
2025-11-17 23:42:35.291 [39mDEBUG[0;39m [477339f0-724e-4332-a898-d7d6846ecc16] [http-nio-8081-exec-5] c.b.c.logging.MethodLoggingAspect - Controller result: SellerStoreController.createStore(..) => ResponseEntity(status=200)
2025-11-17 23:42:35.291 [34mINFO [0;39m [477339f0-724e-4332-a898-d7d6846ecc16] [http-nio-8081-exec-5] c.b.config.logging.HttpLoggingFilter - POST /api/seller/stores -> 200 (112 ms)
2025-11-17 23:42:35.291 [34mINFO [0;39m [477339f0-724e-4332-a898-d7d6846ecc16] [http-nio-8081-exec-5] c.b.config.logging.HttpLoggingFilter - Headers: auth=present content-type=application/json accept=application/json, text/plain, */*
2025-11-17 23:42:35.291 [34mINFO [0;39m [477339f0-724e-4332-a898-d7d6846ecc16] [http-nio-8081-exec-5] c.b.config.logging.HttpLoggingFilter - Request payload: {"name":"aef","category":"dairy","type":"Store","area":"balrampur","city":"Balrampur","address":"Near Major Chauraha Balrampur","phone":"7275559071","pincode":"271201","description":""}
2025-11-17 23:42:35.291 [34mINFO [0;39m [477339f0-724e-4332-a898-d7d6846ecc16] [http-nio-8081-exec-5] c.b.config.logging.HttpLoggingFilter - Response payload: {"name":"aef","id":"32eaf4f3-52e0-4f70-bc41-f0ec9a7207d8","status":"open"}
2025-11-17 23:42:35.317 [39mDEBUG[0;39m [e01b805d-346f-404d-a481-25aad5099367] [http-nio-8081-exec-7] c.b.c.logging.MethodLoggingAspect - Controller enter: AuthController.profile(..) args=[ContentCachingRequestWrapper(org.springframework.web.util.ContentCachingRequestWrapper@7c8a7f61)]
2025-11-17 23:42:35.319 [34mINFO [0;39m [e01b805d-346f-404d-a481-25aad5099367] [http-nio-8081-exec-7] com.bharatshop.web.AuthController - Profile requested: tokenPresent=true 
2025-11-17 23:42:35.319 [39mDEBUG[0;39m [e01b805d-346f-404d-a481-25aad5099367] [http-nio-8081-exec-7] c.b.c.logging.MethodLoggingAspect - Service enter: AuthService.getProfile(..) args=[eyJhbGciOiJIUzI1NiIsInR5cCI6IkpXVCJ9.eyJzdWIiOiJlYWFhYjU1NS02ZDVkLTRkOTgtODMxMC1iMDVmOGFiN2UxZTUiLCJuYW1lIjoiVXNlcjkwNzEiLCJyb2xlIjoiY29uc3VtZXIiLCJpYXQiOjE3NjM0MDMwODYsImV4cCI6MTc2MzQwNjY4Nn0.e7s-n1WWLwoLndtgT-LJJx4pW1edKxjr7yChhOdyTQg]
2025-11-17 23:42:35.329 [34mINFO [0;39m [e01b805d-346f-404d-a481-25aad5099367] [http-nio-8081-exec-7] c.b.c.logging.MethodLoggingAspect - Service exit: AuthService.getProfile(..) (10 ms)
2025-11-17 23:42:35.331 [39mDEBUG[0;39m [e01b805d-346f-404d-a481-25aad5099367] [http-nio-8081-exec-7] c.b.c.logging.MethodLoggingAspect - Service result: AuthService.getProfile(..) => User(com.bharatshop.domain.User@63bbb7b8)
2025-11-17 23:42:35.331 [34mINFO [0;39m [e01b805d-346f-404d-a481-25aad5099367] [http-nio-8081-exec-7] com.bharatshop.web.AuthController - Profile success: userId=eaaab555-6d5d-4d98-8310-b05f8ab7e1e5
2025-11-17 23:42:35.331 [34mINFO [0;39m [e01b805d-346f-404d-a481-25aad5099367] [http-nio-8081-exec-7] c.b.c.logging.MethodLoggingAspect - Controller exit: AuthController.profile(..) -> status=200 (14 ms)
2025-11-17 23:42:35.334 [39mDEBUG[0;39m [e01b805d-346f-404d-a481-25aad5099367] [http-nio-8081-exec-7] c.b.c.logging.MethodLoggingAspect - Controller result: AuthController.profile(..) => ResponseEntity(status=200)
2025-11-17 23:42:35.338 [34mINFO [0;39m [e01b805d-346f-404d-a481-25aad5099367] [http-nio-8081-exec-7] c.b.config.logging.HttpLoggingFilter - GET /api/storefront/auth/profile -> 200 (23 ms)
2025-11-17 23:42:35.343 [34mINFO [0;39m [e01b805d-346f-404d-a481-25aad5099367] [http-nio-8081-exec-7] c.b.config.logging.HttpLoggingFilter - Headers: auth=present content-type=null accept=application/json, text/plain, */*
2025-11-17 23:42:35.345 [34mINFO [0;39m [e01b805d-346f-404d-a481-25aad5099367] [http-nio-8081-exec-7] c.b.config.logging.HttpLoggingFilter - Response payload: {"id":"eaaab555-6d5d-4d98-8310-b05f8ab7e1e5","name":"User9071","phone":"+917275559071","role":"seller"}
2025-11-17 23:42:35.449 [39mDEBUG[0;39m [a281e4ba-2896-41f4-b922-394b8412c31d] [http-nio-8081-exec-8] c.b.c.logging.MethodLoggingAspect - Controller enter: SellerStoreController.listStores(..) args=[null, null, null, null, null, null, demo-store]
2025-11-17 23:42:35.449 [34mINFO [0;39m [a281e4ba-2896-41f4-b922-394b8412c31d] [http-nio-8081-exec-8] c.b.c.logging.MethodLoggingAspect - Controller exit: SellerStoreController.listStores(..) -> status=403 (0 ms)
2025-11-17 23:42:35.452 [39mDEBUG[0;39m [a281e4ba-2896-41f4-b922-394b8412c31d] [http-nio-8081-exec-8] c.b.c.logging.MethodLoggingAspect - Controller result: SellerStoreController.listStores(..) => ResponseEntity(status=403)
2025-11-17 23:42:35.455 [34mINFO [0;39m [a281e4ba-2896-41f4-b922-394b8412c31d] [http-nio-8081-exec-8] c.b.config.logging.HttpLoggingFilter - GET /api/seller/stores -> 403 (10 ms)
2025-11-17 23:42:35.455 [34mINFO [0;39m [a281e4ba-2896-41f4-b922-394b8412c31d] [http-nio-8081-exec-8] c.b.config.logging.HttpLoggingFilter - Headers: auth=present content-type=null accept=application/json, text/plain, */*
2025-11-17 23:42:35.457 [34mINFO [0;39m [a281e4ba-2896-41f4-b922-394b8412c31d] [http-nio-8081-exec-8] c.b.config.logging.HttpLoggingFilter - Response payload: {"message":"Forbidden"}
2025-11-17 23:42:35.465 [39mDEBUG[0;39m [48f89605-8f57-4fff-babd-9ce0984c6cc7] [http-nio-8081-exec-6] c.b.c.logging.MethodLoggingAspect - Controller enter: SellerOrderController.list(..) args=[null, null, null, null, null, null, demo-store]
2025-11-17 23:42:35.477 [34mINFO [0;39m [48f89605-8f57-4fff-babd-9ce0984c6cc7] [http-nio-8081-exec-6] c.b.web.seller.SellerOrderController - Seller list orders: storeId=null status=null from=null to=null page=null limit=null tenant=demo-store
2025-11-17 23:42:35.478 [39mDEBUG[0;39m [48f89605-8f57-4fff-babd-9ce0984c6cc7] [http-nio-8081-exec-6] c.b.c.logging.MethodLoggingAspect - Factory enter: FactoryProvider.getSellerFactory(..) args=[demo-store]
2025-11-17 23:42:35.478 [34mINFO [0;39m [48f89605-8f57-4fff-babd-9ce0984c6cc7] [http-nio-8081-exec-6] c.b.c.logging.MethodLoggingAspect - Factory exit: FactoryProvider.getSellerFactory(..) (0 ms)
2025-11-17 23:42:35.479 [39mDEBUG[0;39m [48f89605-8f57-4fff-babd-9ce0984c6cc7] [http-nio-8081-exec-6] c.b.c.logging.MethodLoggingAspect - Factory result: FactoryProvider.getSellerFactory(..) => DefaultSellerFactory$$SpringCGLIB$$0(com.bharatshop.factory.impl.DefaultSellerFactory@8cd00bc)
2025-11-17 23:42:35.479 [39mDEBUG[0;39m [48f89605-8f57-4fff-babd-9ce0984c6cc7] [http-nio-8081-exec-6] c.b.c.logging.MethodLoggingAspect - Factory enter: DefaultSellerFactory.orders() args=[]
2025-11-17 23:42:35.480 [34mINFO [0;39m [48f89605-8f57-4fff-babd-9ce0984c6cc7] [http-nio-8081-exec-6] c.b.c.logging.MethodLoggingAspect - Factory exit: DefaultSellerFactory.orders() (1 ms)
2025-11-17 23:42:35.480 [39mDEBUG[0;39m [48f89605-8f57-4fff-babd-9ce0984c6cc7] [http-nio-8081-exec-6] c.b.c.logging.MethodLoggingAspect - Factory result: DefaultSellerFactory.orders() => (com.bharatshop.factory.impl.DefaultSellerFactory$2@4f1afd16)
2025-11-17 23:42:35.485 [39mDEBUG[0;39m [a123b28e-3f9c-40da-a186-8f23ce72db9d] [http-nio-8081-exec-9] c.b.c.logging.MethodLoggingAspect - Controller enter: SellerStoreController.listStores(..) args=[null, null, null, null, null, null, demo-store]
2025-11-17 23:42:35.485 [34mINFO [0;39m [a123b28e-3f9c-40da-a186-8f23ce72db9d] [http-nio-8081-exec-9] c.b.c.logging.MethodLoggingAspect - Controller exit: SellerStoreController.listStores(..) -> status=403 (0 ms)
2025-11-17 23:42:35.487 [39mDEBUG[0;39m [a123b28e-3f9c-40da-a186-8f23ce72db9d] [http-nio-8081-exec-9] c.b.c.logging.MethodLoggingAspect - Controller result: SellerStoreController.listStores(..) => ResponseEntity(status=403)
2025-11-17 23:42:35.490 [34mINFO [0;39m [a123b28e-3f9c-40da-a186-8f23ce72db9d] [http-nio-8081-exec-9] c.b.config.logging.HttpLoggingFilter - GET /api/seller/stores -> 403 (7 ms)
2025-11-17 23:42:35.494 [34mINFO [0;39m [a123b28e-3f9c-40da-a186-8f23ce72db9d] [http-nio-8081-exec-9] c.b.config.logging.HttpLoggingFilter - Headers: auth=present content-type=null accept=application/json, text/plain, */*
2025-11-17 23:42:35.496 [34mINFO [0;39m [a123b28e-3f9c-40da-a186-8f23ce72db9d] [http-nio-8081-exec-9] c.b.config.logging.HttpLoggingFilter - Response payload: {"message":"Forbidden"}
2025-11-17 23:42:35.510 [34mINFO [0;39m [48f89605-8f57-4fff-babd-9ce0984c6cc7] [http-nio-8081-exec-6] c.b.web.seller.SellerOrderController - Seller list orders success: count=0
2025-11-17 23:42:35.516 [34mINFO [0;39m [48f89605-8f57-4fff-babd-9ce0984c6cc7] [http-nio-8081-exec-6] c.b.c.logging.MethodLoggingAspect - Controller exit: SellerOrderController.list(..) -> status=200 (51 ms)
2025-11-17 23:42:35.516 [39mDEBUG[0;39m [48f89605-8f57-4fff-babd-9ce0984c6cc7] [http-nio-8081-exec-6] c.b.c.logging.MethodLoggingAspect - Controller result: SellerOrderController.list(..) => ResponseEntity(status=200)
2025-11-17 23:42:35.585 [34mINFO [0;39m [48f89605-8f57-4fff-babd-9ce0984c6cc7] [http-nio-8081-exec-6] c.b.config.logging.HttpLoggingFilter - GET /api/seller/orders -> 200 (124 ms)
2025-11-17 23:42:35.587 [34mINFO [0;39m [48f89605-8f57-4fff-babd-9ce0984c6cc7] [http-nio-8081-exec-6] c.b.config.logging.HttpLoggingFilter - Headers: auth=present content-type=null accept=application/json, text/plain, */*
2025-11-17 23:42:35.587 [34mINFO [0;39m [48f89605-8f57-4fff-babd-9ce0984c6cc7] [http-nio-8081-exec-6] c.b.config.logging.HttpLoggingFilter - Response payload: []
2025-11-17 23:42:35.595 [39mDEBUG[0;39m [21c61e45-9d6e-4476-a1bc-6f2dad98693f] [http-nio-8081-exec-10] c.b.c.logging.MethodLoggingAspect - Controller enter: SellerStoreController.listStores(..) args=[null, null, null, null, null, null, demo-store]
2025-11-17 23:42:35.597 [34mINFO [0;39m [21c61e45-9d6e-4476-a1bc-6f2dad98693f] [http-nio-8081-exec-10] c.b.c.logging.MethodLoggingAspect - Controller exit: SellerStoreController.listStores(..) -> status=403 (2 ms)
2025-11-17 23:42:35.597 [39mDEBUG[0;39m [21c61e45-9d6e-4476-a1bc-6f2dad98693f] [http-nio-8081-exec-10] c.b.c.logging.MethodLoggingAspect - Controller result: SellerStoreController.listStores(..) => ResponseEntity(status=403)
2025-11-17 23:42:35.602 [34mINFO [0;39m [21c61e45-9d6e-4476-a1bc-6f2dad98693f] [http-nio-8081-exec-10] c.b.config.logging.HttpLoggingFilter - GET /api/seller/stores -> 403 (9 ms)
2025-11-17 23:42:35.602 [34mINFO [0;39m [21c61e45-9d6e-4476-a1bc-6f2dad98693f] [http-nio-8081-exec-10] c.b.config.logging.HttpLoggingFilter - Headers: auth=present content-type=null accept=application/json, text/plain, */*
2025-11-17 23:42:35.602 [34mINFO [0;39m [21c61e45-9d6e-4476-a1bc-6f2dad98693f] [http-nio-8081-exec-10] c.b.config.logging.HttpLoggingFilter - Response payload: {"message":"Forbidden"}
2025-11-17 23:42:35.614 [39mDEBUG[0;39m [7298d268-dc23-4539-8dc5-44aef094d33b] [http-nio-8081-exec-1] c.b.c.logging.MethodLoggingAspect - Controller enter: SellerOrderController.list(..) args=[null, null, null, null, null, null, demo-store]
2025-11-17 23:42:35.614 [34mINFO [0;39m [7298d268-dc23-4539-8dc5-44aef094d33b] [http-nio-8081-exec-1] c.b.web.seller.SellerOrderController - Seller list orders: storeId=null status=null from=null to=null page=null limit=null tenant=demo-store
2025-11-17 23:42:35.614 [39mDEBUG[0;39m [7298d268-dc23-4539-8dc5-44aef094d33b] [http-nio-8081-exec-1] c.b.c.logging.MethodLoggingAspect - Factory enter: FactoryProvider.getSellerFactory(..) args=[demo-store]
2025-11-17 23:42:35.616 [34mINFO [0;39m [7298d268-dc23-4539-8dc5-44aef094d33b] [http-nio-8081-exec-1] c.b.c.logging.MethodLoggingAspect - Factory exit: FactoryProvider.getSellerFactory(..) (2 ms)
2025-11-17 23:42:35.616 [39mDEBUG[0;39m [7298d268-dc23-4539-8dc5-44aef094d33b] [http-nio-8081-exec-1] c.b.c.logging.MethodLoggingAspect - Factory result: FactoryProvider.getSellerFactory(..) => DefaultSellerFactory$$SpringCGLIB$$0(com.bharatshop.factory.impl.DefaultSellerFactory@8cd00bc)
2025-11-17 23:42:35.616 [39mDEBUG[0;39m [7298d268-dc23-4539-8dc5-44aef094d33b] [http-nio-8081-exec-1] c.b.c.logging.MethodLoggingAspect - Factory enter: DefaultSellerFactory.orders() args=[]
2025-11-17 23:42:35.616 [34mINFO [0;39m [7298d268-dc23-4539-8dc5-44aef094d33b] [http-nio-8081-exec-1] c.b.c.logging.MethodLoggingAspect - Factory exit: DefaultSellerFactory.orders() (0 ms)
2025-11-17 23:42:35.616 [39mDEBUG[0;39m [7298d268-dc23-4539-8dc5-44aef094d33b] [http-nio-8081-exec-1] c.b.c.logging.MethodLoggingAspect - Factory result: DefaultSellerFactory.orders() => (com.bharatshop.factory.impl.DefaultSellerFactory$2@6af56534)
2025-11-17 23:42:35.628 [34mINFO [0;39m [7298d268-dc23-4539-8dc5-44aef094d33b] [http-nio-8081-exec-1] c.b.web.seller.SellerOrderController - Seller list orders success: count=0
2025-11-17 23:42:35.628 [34mINFO [0;39m [7298d268-dc23-4539-8dc5-44aef094d33b] [http-nio-8081-exec-1] c.b.c.logging.MethodLoggingAspect - Controller exit: SellerOrderController.list(..) -> status=200 (14 ms)
2025-11-17 23:42:35.630 [39mDEBUG[0;39m [7298d268-dc23-4539-8dc5-44aef094d33b] [http-nio-8081-exec-1] c.b.c.logging.MethodLoggingAspect - Controller result: SellerOrderController.list(..) => ResponseEntity(status=200)
2025-11-17 23:42:35.632 [34mINFO [0;39m [7298d268-dc23-4539-8dc5-44aef094d33b] [http-nio-8081-exec-1] c.b.config.logging.HttpLoggingFilter - GET /api/seller/orders -> 200 (22 ms)
2025-11-17 23:42:35.632 [34mINFO [0;39m [7298d268-dc23-4539-8dc5-44aef094d33b] [http-nio-8081-exec-1] c.b.config.logging.HttpLoggingFilter - Headers: auth=present content-type=null accept=application/json, text/plain, */*
2025-11-17 23:42:35.632 [34mINFO [0;39m [7298d268-dc23-4539-8dc5-44aef094d33b] [http-nio-8081-exec-1] c.b.config.logging.HttpLoggingFilter - Response payload: []
2025-11-17 23:44:46.802 [39mDEBUG[0;39m [88a77464-368f-4b78-92b7-455f14fdcbd2] [http-nio-8081-exec-3] c.b.c.logging.MethodLoggingAspect - Controller enter: StoreDiscoveryController.stores(..) args=[demo-store, null, null]
2025-11-17 23:44:46.802 [34mINFO [0;39m [88a77464-368f-4b78-92b7-455f14fdcbd2] [http-nio-8081-exec-3] c.b.web.StoreDiscoveryController - Discover stores: tenant=demo-store search=null category=null
2025-11-17 23:44:46.802 [39mDEBUG[0;39m [88a77464-368f-4b78-92b7-455f14fdcbd2] [http-nio-8081-exec-3] c.b.c.logging.MethodLoggingAspect - Factory enter: FactoryProvider.getFactory(..) args=[demo-store]
2025-11-17 23:44:46.802 [34mINFO [0;39m [88a77464-368f-4b78-92b7-455f14fdcbd2] [http-nio-8081-exec-3] c.b.c.logging.MethodLoggingAspect - Factory exit: FactoryProvider.getFactory(..) (0 ms)
2025-11-17 23:44:46.802 [39mDEBUG[0;39m [88a77464-368f-4b78-92b7-455f14fdcbd2] [http-nio-8081-exec-3] c.b.c.logging.MethodLoggingAspect - Factory result: FactoryProvider.getFactory(..) => DefaultStorefrontFactory$$SpringCGLIB$$0(com.bharatshop.factory.impl.DefaultStorefrontFactory@4e8036bb)
2025-11-17 23:44:46.802 [39mDEBUG[0;39m [88a77464-368f-4b78-92b7-455f14fdcbd2] [http-nio-8081-exec-3] c.b.c.logging.MethodLoggingAspect - Factory enter: DefaultStorefrontFactory.stores() args=[]
2025-11-17 23:44:46.806 [34mINFO [0;39m [88a77464-368f-4b78-92b7-455f14fdcbd2] [http-nio-8081-exec-3] c.b.c.logging.MethodLoggingAspect - Factory exit: DefaultStorefrontFactory.stores() (4 ms)
2025-11-17 23:44:46.806 [39mDEBUG[0;39m [88a77464-368f-4b78-92b7-455f14fdcbd2] [http-nio-8081-exec-3] c.b.c.logging.MethodLoggingAspect - Factory result: DefaultStorefrontFactory.stores() => (com.bharatshop.factory.impl.DefaultStorefrontFactory$2@78ba3cf4)
2025-11-17 23:44:46.806 [39mDEBUG[0;39m [88a77464-368f-4b78-92b7-455f14fdcbd2] [http-nio-8081-exec-3] c.b.c.logging.MethodLoggingAspect - Service enter: StoreService.list(..) args=[null, null]
2025-11-17 23:44:46.823 [34mINFO [0;39m [88a77464-368f-4b78-92b7-455f14fdcbd2] [http-nio-8081-exec-3] c.b.c.logging.MethodLoggingAspect - Service exit: StoreService.list(..) (17 ms)
2025-11-17 23:44:46.823 [39mDEBUG[0;39m [88a77464-368f-4b78-92b7-455f14fdcbd2] [http-nio-8081-exec-3] c.b.c.logging.MethodLoggingAspect - Service result: StoreService.list(..) => ArrayList[size=5]
2025-11-17 23:44:46.825 [34mINFO [0;39m [88a77464-368f-4b78-92b7-455f14fdcbd2] [http-nio-8081-exec-3] c.b.c.logging.MethodLoggingAspect - Controller exit: StoreDiscoveryController.stores(..) -> status=200 (23 ms)
2025-11-17 23:44:46.825 [39mDEBUG[0;39m [88a77464-368f-4b78-92b7-455f14fdcbd2] [http-nio-8081-exec-3] c.b.c.logging.MethodLoggingAspect - Controller result: StoreDiscoveryController.stores(..) => ResponseEntity(status=200)
2025-11-17 23:44:46.836 [34mINFO [0;39m [88a77464-368f-4b78-92b7-455f14fdcbd2] [http-nio-8081-exec-3] c.b.config.logging.HttpLoggingFilter - GET /api/stores?city=Balrampur&lat=27.4235392&lon=82.1854208&lng=82.1854208 -> 200 (37 ms)
2025-11-17 23:44:46.839 [34mINFO [0;39m [88a77464-368f-4b78-92b7-455f14fdcbd2] [http-nio-8081-exec-3] c.b.config.logging.HttpLoggingFilter - Headers: auth=present content-type=null accept=application/json, text/plain, */*
2025-11-17 23:44:46.839 [34mINFO [0;39m [88a77464-368f-4b78-92b7-455f14fdcbd2] [http-nio-8081-exec-3] c.b.config.logging.HttpLoggingFilter - Response payload: [{"id":"6caf1897-9059-4c64-8e85-bc84082e92fe","name":"City Pharmacy","area":"Brigade","category":"pharmacy","status":"open","orderingDisabled":false,"updatedAt":"2025-11-17T17:47:52.225052Z"},{"id":"ce8ef6ee-1fb9-4eb9-84fd-22c632ea02a7","name":"Fresh Mart","area":"MG Road","category":"grocery","status":"open","orderingDisabled":false,"updatedAt":"2025-11-17T17:47:52.143369Z"},{"id":"957a5aaa-5e64-4d0a-8187-93e45b4e14b0","name":"Sunrise Hotel","area":"Beach","category":"hospitality","status":"open","orderingDisabled":false,"updatedAt":"2025-11-17T17:47:52.236202Z"},{"id":"6efcb9fc-3334-464e-9de7-dc8f57ba9929","name":"abc","area":"balrampur","category":"fruits","ownerId":"3f0d8353-817c-47aa-b362-d996bf9d8bd8","ownerPhone":"+917355460178","status":"open","orderingDisabled":false,"updatedAt":"2025-11-17T18:09:02.081659Z"},{"id":"32eaf4f3-52e0-4f70-bc41-f0ec9a7207d8","name":"aef","area":"balrampur","category":"dairy","ownerId":"eaaab555-6d5d-4d98-8310-b05f8ab7e1e5","ownerPhone":"+917275559071","status":"open","orderingDisabled":false,"updatedAt":"2025-11-17T18:12:35.261487Z"}]
2025-11-17 23:44:49.333 [39mDEBUG[0;39m [b18443ac-5d17-4b78-9f8d-bb9e49a394d9] [http-nio-8081-exec-4] c.b.c.logging.MethodLoggingAspect - Controller enter: SellerStoreController.listStores(..) args=[null, null, null, null, null, null, demo-store]
2025-11-17 23:44:49.335 [34mINFO [0;39m [b18443ac-5d17-4b78-9f8d-bb9e49a394d9] [http-nio-8081-exec-4] c.b.c.logging.MethodLoggingAspect - Controller exit: SellerStoreController.listStores(..) -> status=403 (2 ms)
2025-11-17 23:44:49.335 [39mDEBUG[0;39m [b18443ac-5d17-4b78-9f8d-bb9e49a394d9] [http-nio-8081-exec-4] c.b.c.logging.MethodLoggingAspect - Controller result: SellerStoreController.listStores(..) => ResponseEntity(status=403)
2025-11-17 23:44:49.337 [34mINFO [0;39m [b18443ac-5d17-4b78-9f8d-bb9e49a394d9] [http-nio-8081-exec-4] c.b.config.logging.HttpLoggingFilter - GET /api/seller/stores -> 403 (6 ms)
2025-11-17 23:44:49.339 [34mINFO [0;39m [b18443ac-5d17-4b78-9f8d-bb9e49a394d9] [http-nio-8081-exec-4] c.b.config.logging.HttpLoggingFilter - Headers: auth=present content-type=null accept=application/json, text/plain, */*
2025-11-17 23:44:49.339 [34mINFO [0;39m [b18443ac-5d17-4b78-9f8d-bb9e49a394d9] [http-nio-8081-exec-4] c.b.config.logging.HttpLoggingFilter - Response payload: {"message":"Forbidden"}
2025-11-17 23:44:49.371 [39mDEBUG[0;39m [28566438-bc2b-4c3b-a626-77aec782ddf7] [http-nio-8081-exec-2] c.b.c.logging.MethodLoggingAspect - Controller enter: SellerStoreController.listStores(..) args=[null, null, null, null, null, null, demo-store]
2025-11-17 23:44:49.373 [34mINFO [0;39m [28566438-bc2b-4c3b-a626-77aec782ddf7] [http-nio-8081-exec-2] c.b.c.logging.MethodLoggingAspect - Controller exit: SellerStoreController.listStores(..) -> status=403 (2 ms)
2025-11-17 23:44:49.375 [39mDEBUG[0;39m [28566438-bc2b-4c3b-a626-77aec782ddf7] [http-nio-8081-exec-2] c.b.c.logging.MethodLoggingAspect - Controller result: SellerStoreController.listStores(..) => ResponseEntity(status=403)
2025-11-17 23:44:49.375 [34mINFO [0;39m [28566438-bc2b-4c3b-a626-77aec782ddf7] [http-nio-8081-exec-2] c.b.config.logging.HttpLoggingFilter - GET /api/seller/stores -> 403 (6 ms)
2025-11-17 23:44:49.377 [34mINFO [0;39m [28566438-bc2b-4c3b-a626-77aec782ddf7] [http-nio-8081-exec-2] c.b.config.logging.HttpLoggingFilter - Headers: auth=present content-type=null accept=application/json, text/plain, */*
2025-11-17 23:44:49.379 [34mINFO [0;39m [28566438-bc2b-4c3b-a626-77aec782ddf7] [http-nio-8081-exec-2] c.b.config.logging.HttpLoggingFilter - Response payload: {"message":"Forbidden"}
2025-11-17 23:44:51.635 [39mDEBUG[0;39m [a2c9f048-6653-41df-8339-4c4976e2ffe6] [http-nio-8081-exec-7] c.b.c.logging.MethodLoggingAspect - Controller enter: SellerStoreController.listStores(..) args=[null, null, null, null, null, null, demo-store]
2025-11-17 23:44:51.676 [39mDEBUG[0;39m [516a069f-3e84-4f32-80a3-d4cf6ee8563a] [http-nio-8081-exec-5] c.b.c.logging.MethodLoggingAspect - Controller enter: SellerOrderController.list(..) args=[null, null, null, null, null, null, demo-store]
2025-11-17 23:44:51.696 [34mINFO [0;39m [a2c9f048-6653-41df-8339-4c4976e2ffe6] [http-nio-8081-exec-7] c.b.c.logging.MethodLoggingAspect - Controller exit: SellerStoreController.listStores(..) -> status=403 (61 ms)
2025-11-17 23:44:51.696 [39mDEBUG[0;39m [a2c9f048-6653-41df-8339-4c4976e2ffe6] [http-nio-8081-exec-7] c.b.c.logging.MethodLoggingAspect - Controller result: SellerStoreController.listStores(..) => ResponseEntity(status=403)
2025-11-17 23:44:51.696 [34mINFO [0;39m [516a069f-3e84-4f32-80a3-d4cf6ee8563a] [http-nio-8081-exec-5] c.b.web.seller.SellerOrderController - Seller list orders: storeId=null status=null from=null to=null page=null limit=null tenant=demo-store
2025-11-17 23:44:51.702 [39mDEBUG[0;39m [516a069f-3e84-4f32-80a3-d4cf6ee8563a] [http-nio-8081-exec-5] c.b.c.logging.MethodLoggingAspect - Factory enter: FactoryProvider.getSellerFactory(..) args=[demo-store]
2025-11-17 23:44:51.702 [34mINFO [0;39m [516a069f-3e84-4f32-80a3-d4cf6ee8563a] [http-nio-8081-exec-5] c.b.c.logging.MethodLoggingAspect - Factory exit: FactoryProvider.getSellerFactory(..) (0 ms)
2025-11-17 23:44:51.704 [39mDEBUG[0;39m [516a069f-3e84-4f32-80a3-d4cf6ee8563a] [http-nio-8081-exec-5] c.b.c.logging.MethodLoggingAspect - Factory result: FactoryProvider.getSellerFactory(..) => DefaultSellerFactory$$SpringCGLIB$$0(com.bharatshop.factory.impl.DefaultSellerFactory@8cd00bc)
2025-11-17 23:44:51.704 [34mINFO [0;39m [a2c9f048-6653-41df-8339-4c4976e2ffe6] [http-nio-8081-exec-7] c.b.config.logging.HttpLoggingFilter - GET /api/seller/stores -> 403 (71 ms)
2025-11-17 23:44:51.704 [34mINFO [0;39m [a2c9f048-6653-41df-8339-4c4976e2ffe6] [http-nio-8081-exec-7] c.b.config.logging.HttpLoggingFilter - Headers: auth=present content-type=null accept=application/json, text/plain, */*
2025-11-17 23:44:51.704 [39mDEBUG[0;39m [516a069f-3e84-4f32-80a3-d4cf6ee8563a] [http-nio-8081-exec-5] c.b.c.logging.MethodLoggingAspect - Factory enter: DefaultSellerFactory.orders() args=[]
2025-11-17 23:44:51.704 [34mINFO [0;39m [a2c9f048-6653-41df-8339-4c4976e2ffe6] [http-nio-8081-exec-7] c.b.config.logging.HttpLoggingFilter - Response payload: {"message":"Forbidden"}
2025-11-17 23:44:51.704 [34mINFO [0;39m [516a069f-3e84-4f32-80a3-d4cf6ee8563a] [http-nio-8081-exec-5] c.b.c.logging.MethodLoggingAspect - Factory exit: DefaultSellerFactory.orders() (0 ms)
2025-11-17 23:44:51.706 [39mDEBUG[0;39m [516a069f-3e84-4f32-80a3-d4cf6ee8563a] [http-nio-8081-exec-5] c.b.c.logging.MethodLoggingAspect - Factory result: DefaultSellerFactory.orders() => (com.bharatshop.factory.impl.DefaultSellerFactory$2@3e4f74d9)
2025-11-17 23:44:51.716 [34mINFO [0;39m [516a069f-3e84-4f32-80a3-d4cf6ee8563a] [http-nio-8081-exec-5] c.b.web.seller.SellerOrderController - Seller list orders success: count=0
2025-11-17 23:44:51.718 [34mINFO [0;39m [516a069f-3e84-4f32-80a3-d4cf6ee8563a] [http-nio-8081-exec-5] c.b.c.logging.MethodLoggingAspect - Controller exit: SellerOrderController.list(..) -> status=200 (42 ms)
2025-11-17 23:44:51.718 [39mDEBUG[0;39m [516a069f-3e84-4f32-80a3-d4cf6ee8563a] [http-nio-8081-exec-5] c.b.c.logging.MethodLoggingAspect - Controller result: SellerOrderController.list(..) => ResponseEntity(status=200)
2025-11-17 23:44:51.724 [39mDEBUG[0;39m [a5a81b00-d0cc-4534-87e0-897080dcd718] [http-nio-8081-exec-8] c.b.c.logging.MethodLoggingAspect - Controller enter: SellerStoreController.listStores(..) args=[null, null, null, null, null, null, demo-store]
2025-11-17 23:44:51.724 [34mINFO [0;39m [a5a81b00-d0cc-4534-87e0-897080dcd718] [http-nio-8081-exec-8] c.b.c.logging.MethodLoggingAspect - Controller exit: SellerStoreController.listStores(..) -> status=403 (0 ms)
2025-11-17 23:44:51.724 [39mDEBUG[0;39m [a5a81b00-d0cc-4534-87e0-897080dcd718] [http-nio-8081-exec-8] c.b.c.logging.MethodLoggingAspect - Controller result: SellerStoreController.listStores(..) => ResponseEntity(status=403)
2025-11-17 23:44:51.726 [34mINFO [0;39m [516a069f-3e84-4f32-80a3-d4cf6ee8563a] [http-nio-8081-exec-5] c.b.config.logging.HttpLoggingFilter - GET /api/seller/orders -> 200 (95 ms)
2025-11-17 23:44:51.726 [34mINFO [0;39m [a5a81b00-d0cc-4534-87e0-897080dcd718] [http-nio-8081-exec-8] c.b.config.logging.HttpLoggingFilter - GET /api/seller/stores -> 403 (4 ms)
2025-11-17 23:44:51.726 [34mINFO [0;39m [a5a81b00-d0cc-4534-87e0-897080dcd718] [http-nio-8081-exec-8] c.b.config.logging.HttpLoggingFilter - Headers: auth=present content-type=null accept=application/json, text/plain, */*
2025-11-17 23:44:51.728 [34mINFO [0;39m [a5a81b00-d0cc-4534-87e0-897080dcd718] [http-nio-8081-exec-8] c.b.config.logging.HttpLoggingFilter - Response payload: {"message":"Forbidden"}
2025-11-17 23:44:51.726 [34mINFO [0;39m [516a069f-3e84-4f32-80a3-d4cf6ee8563a] [http-nio-8081-exec-5] c.b.config.logging.HttpLoggingFilter - Headers: auth=present content-type=null accept=application/json, text/plain, */*
2025-11-17 23:44:51.728 [34mINFO [0;39m [516a069f-3e84-4f32-80a3-d4cf6ee8563a] [http-nio-8081-exec-5] c.b.config.logging.HttpLoggingFilter - Response payload: []
2025-11-17 23:44:51.746 [39mDEBUG[0;39m [6392d366-bfa4-4765-9966-acddcbc24a96] [http-nio-8081-exec-9] c.b.c.logging.MethodLoggingAspect - Controller enter: SellerOrderController.list(..) args=[null, null, null, null, null, null, demo-store]
2025-11-17 23:44:51.746 [34mINFO [0;39m [6392d366-bfa4-4765-9966-acddcbc24a96] [http-nio-8081-exec-9] c.b.web.seller.SellerOrderController - Seller list orders: storeId=null status=null from=null to=null page=null limit=null tenant=demo-store
2025-11-17 23:44:51.746 [39mDEBUG[0;39m [6392d366-bfa4-4765-9966-acddcbc24a96] [http-nio-8081-exec-9] c.b.c.logging.MethodLoggingAspect - Factory enter: FactoryProvider.getSellerFactory(..) args=[demo-store]
2025-11-17 23:44:51.749 [34mINFO [0;39m [6392d366-bfa4-4765-9966-acddcbc24a96] [http-nio-8081-exec-9] c.b.c.logging.MethodLoggingAspect - Factory exit: FactoryProvider.getSellerFactory(..) (3 ms)
2025-11-17 23:44:51.750 [39mDEBUG[0;39m [6392d366-bfa4-4765-9966-acddcbc24a96] [http-nio-8081-exec-9] c.b.c.logging.MethodLoggingAspect - Factory result: FactoryProvider.getSellerFactory(..) => DefaultSellerFactory$$SpringCGLIB$$0(com.bharatshop.factory.impl.DefaultSellerFactory@8cd00bc)
2025-11-17 23:44:51.750 [39mDEBUG[0;39m [6392d366-bfa4-4765-9966-acddcbc24a96] [http-nio-8081-exec-9] c.b.c.logging.MethodLoggingAspect - Factory enter: DefaultSellerFactory.orders() args=[]
2025-11-17 23:44:51.750 [34mINFO [0;39m [6392d366-bfa4-4765-9966-acddcbc24a96] [http-nio-8081-exec-9] c.b.c.logging.MethodLoggingAspect - Factory exit: DefaultSellerFactory.orders() (0 ms)
2025-11-17 23:44:51.750 [39mDEBUG[0;39m [6392d366-bfa4-4765-9966-acddcbc24a96] [http-nio-8081-exec-9] c.b.c.logging.MethodLoggingAspect - Factory result: DefaultSellerFactory.orders() => (com.bharatshop.factory.impl.DefaultSellerFactory$2@779e1b6b)
2025-11-17 23:44:51.761 [34mINFO [0;39m [6392d366-bfa4-4765-9966-acddcbc24a96] [http-nio-8081-exec-9] c.b.web.seller.SellerOrderController - Seller list orders success: count=0
2025-11-17 23:44:51.761 [34mINFO [0;39m [6392d366-bfa4-4765-9966-acddcbc24a96] [http-nio-8081-exec-9] c.b.c.logging.MethodLoggingAspect - Controller exit: SellerOrderController.list(..) -> status=200 (15 ms)
2025-11-17 23:44:51.761 [39mDEBUG[0;39m [6392d366-bfa4-4765-9966-acddcbc24a96] [http-nio-8081-exec-9] c.b.c.logging.MethodLoggingAspect - Controller result: SellerOrderController.list(..) => ResponseEntity(status=200)
2025-11-17 23:44:51.761 [34mINFO [0;39m [6392d366-bfa4-4765-9966-acddcbc24a96] [http-nio-8081-exec-9] c.b.config.logging.HttpLoggingFilter - GET /api/seller/orders -> 200 (17 ms)
2025-11-17 23:44:51.761 [34mINFO [0;39m [6392d366-bfa4-4765-9966-acddcbc24a96] [http-nio-8081-exec-9] c.b.config.logging.HttpLoggingFilter - Headers: auth=present content-type=null accept=application/json, text/plain, */*
2025-11-17 23:44:51.761 [34mINFO [0;39m [6392d366-bfa4-4765-9966-acddcbc24a96] [http-nio-8081-exec-9] c.b.config.logging.HttpLoggingFilter - Response payload: []
2025-11-17 23:44:54.086 [39mDEBUG[0;39m [ec21809c-7342-4903-94b0-8c4f0079553e] [http-nio-8081-exec-6] c.b.c.logging.MethodLoggingAspect - Controller enter: StoreDiscoveryController.globalCategories(..) args=[demo-store]
2025-11-17 23:44:54.089 [34mINFO [0;39m [ec21809c-7342-4903-94b0-8c4f0079553e] [http-nio-8081-exec-6] c.b.web.StoreDiscoveryController - Global categories requested: tenant=demo-store
2025-11-17 23:44:54.090 [39mDEBUG[0;39m [ec21809c-7342-4903-94b0-8c4f0079553e] [http-nio-8081-exec-6] c.b.c.logging.MethodLoggingAspect - Factory enter: FactoryProvider.getFactory(..) args=[demo-store]
2025-11-17 23:44:54.092 [34mINFO [0;39m [ec21809c-7342-4903-94b0-8c4f0079553e] [http-nio-8081-exec-6] c.b.c.logging.MethodLoggingAspect - Factory exit: FactoryProvider.getFactory(..) (2 ms)
2025-11-17 23:44:54.093 [39mDEBUG[0;39m [ec21809c-7342-4903-94b0-8c4f0079553e] [http-nio-8081-exec-6] c.b.c.logging.MethodLoggingAspect - Factory result: FactoryProvider.getFactory(..) => DefaultStorefrontFactory$$SpringCGLIB$$0(com.bharatshop.factory.impl.DefaultStorefrontFactory@4e8036bb)
2025-11-17 23:44:54.093 [39mDEBUG[0;39m [ec21809c-7342-4903-94b0-8c4f0079553e] [http-nio-8081-exec-6] c.b.c.logging.MethodLoggingAspect - Factory enter: DefaultStorefrontFactory.products() args=[]
2025-11-17 23:44:54.095 [34mINFO [0;39m [ec21809c-7342-4903-94b0-8c4f0079553e] [http-nio-8081-exec-6] c.b.c.logging.MethodLoggingAspect - Factory exit: DefaultStorefrontFactory.products() (2 ms)
2025-11-17 23:44:54.097 [39mDEBUG[0;39m [ec21809c-7342-4903-94b0-8c4f0079553e] [http-nio-8081-exec-6] c.b.c.logging.MethodLoggingAspect - Factory result: DefaultStorefrontFactory.products() => (com.bharatshop.factory.impl.DefaultStorefrontFactory$1@75402928)
2025-11-17 23:44:54.098 [39mDEBUG[0;39m [ec21809c-7342-4903-94b0-8c4f0079553e] [http-nio-8081-exec-6] c.b.c.logging.MethodLoggingAspect - Service enter: ProductService.categories() args=[]
2025-11-17 23:44:54.101 [39mDEBUG[0;39m [d4bb0f06-1224-4841-ab1b-8ee610737b3c] [http-nio-8081-exec-10] c.b.c.logging.MethodLoggingAspect - Controller enter: SellerStoreController.listStores(..) args=[null, null, null, null, null, null, demo-store]
2025-11-17 23:44:54.101 [34mINFO [0;39m [d4bb0f06-1224-4841-ab1b-8ee610737b3c] [http-nio-8081-exec-10] c.b.c.logging.MethodLoggingAspect - Controller exit: SellerStoreController.listStores(..) -> status=403 (0 ms)
2025-11-17 23:44:54.101 [39mDEBUG[0;39m [d4bb0f06-1224-4841-ab1b-8ee610737b3c] [http-nio-8081-exec-10] c.b.c.logging.MethodLoggingAspect - Controller result: SellerStoreController.listStores(..) => ResponseEntity(status=403)
2025-11-17 23:44:54.103 [34mINFO [0;39m [d4bb0f06-1224-4841-ab1b-8ee610737b3c] [http-nio-8081-exec-10] c.b.config.logging.HttpLoggingFilter - GET /api/seller/stores -> 403 (3 ms)
2025-11-17 23:44:54.110 [34mINFO [0;39m [d4bb0f06-1224-4841-ab1b-8ee610737b3c] [http-nio-8081-exec-10] c.b.config.logging.HttpLoggingFilter - Headers: auth=present content-type=null accept=application/json, text/plain, */*
2025-11-17 23:44:54.110 [34mINFO [0;39m [d4bb0f06-1224-4841-ab1b-8ee610737b3c] [http-nio-8081-exec-10] c.b.config.logging.HttpLoggingFilter - Response payload: {"message":"Forbidden"}
2025-11-17 23:44:54.131 [34mINFO [0;39m [ec21809c-7342-4903-94b0-8c4f0079553e] [http-nio-8081-exec-6] c.b.c.logging.MethodLoggingAspect - Service exit: ProductService.categories() (33 ms)
2025-11-17 23:44:54.134 [39mDEBUG[0;39m [ec21809c-7342-4903-94b0-8c4f0079553e] [http-nio-8081-exec-6] c.b.c.logging.MethodLoggingAspect - Service result: ProductService.categories() => ArrayList[size=4]
2025-11-17 23:44:54.136 [34mINFO [0;39m [ec21809c-7342-4903-94b0-8c4f0079553e] [http-nio-8081-exec-6] c.b.c.logging.MethodLoggingAspect - Controller exit: StoreDiscoveryController.globalCategories(..) -> status=200 (48 ms)
2025-11-17 23:44:54.136 [39mDEBUG[0;39m [23351032-31d6-44a1-8a6e-2636335ae426] [http-nio-8081-exec-1] c.b.c.logging.MethodLoggingAspect - Controller enter: SellerStoreController.listStores(..) args=[null, null, null, null, null, null, demo-store]
2025-11-17 23:44:54.139 [34mINFO [0;39m [23351032-31d6-44a1-8a6e-2636335ae426] [http-nio-8081-exec-1] c.b.c.logging.MethodLoggingAspect - Controller exit: SellerStoreController.listStores(..) -> status=403 (3 ms)
2025-11-17 23:44:54.136 [39mDEBUG[0;39m [ec21809c-7342-4903-94b0-8c4f0079553e] [http-nio-8081-exec-6] c.b.c.logging.MethodLoggingAspect - Controller result: StoreDiscoveryController.globalCategories(..) => ResponseEntity(status=200)
2025-11-17 23:44:54.139 [39mDEBUG[0;39m [23351032-31d6-44a1-8a6e-2636335ae426] [http-nio-8081-exec-1] c.b.c.logging.MethodLoggingAspect - Controller result: SellerStoreController.listStores(..) => ResponseEntity(status=403)
2025-11-17 23:44:54.141 [34mINFO [0;39m [ec21809c-7342-4903-94b0-8c4f0079553e] [http-nio-8081-exec-6] c.b.config.logging.HttpLoggingFilter - GET /api/categories -> 200 (56 ms)
2025-11-17 23:44:54.141 [34mINFO [0;39m [23351032-31d6-44a1-8a6e-2636335ae426] [http-nio-8081-exec-1] c.b.config.logging.HttpLoggingFilter - GET /api/seller/stores -> 403 (7 ms)
2025-11-17 23:44:54.143 [34mINFO [0;39m [ec21809c-7342-4903-94b0-8c4f0079553e] [http-nio-8081-exec-6] c.b.config.logging.HttpLoggingFilter - Headers: auth=present content-type=null accept=application/json, text/plain, */*
2025-11-17 23:44:54.143 [34mINFO [0;39m [23351032-31d6-44a1-8a6e-2636335ae426] [http-nio-8081-exec-1] c.b.config.logging.HttpLoggingFilter - Headers: auth=present content-type=null accept=application/json, text/plain, */*
2025-11-17 23:44:54.145 [34mINFO [0;39m [ec21809c-7342-4903-94b0-8c4f0079553e] [http-nio-8081-exec-6] c.b.config.logging.HttpLoggingFilter - Response payload: ["dairy","fruits","medicine","room"]
2025-11-17 23:44:54.145 [34mINFO [0;39m [23351032-31d6-44a1-8a6e-2636335ae426] [http-nio-8081-exec-1] c.b.config.logging.HttpLoggingFilter - Response payload: {"message":"Forbidden"}
2025-11-17 23:44:54.175 [39mDEBUG[0;39m [ca6ddd09-56ed-4d3a-8063-60f975b00d5d] [http-nio-8081-exec-3] c.b.c.logging.MethodLoggingAspect - Controller enter: StoreDiscoveryController.globalCategories(..) args=[demo-store]
2025-11-17 23:44:54.175 [34mINFO [0;39m [ca6ddd09-56ed-4d3a-8063-60f975b00d5d] [http-nio-8081-exec-3] c.b.web.StoreDiscoveryController - Global categories requested: tenant=demo-store
2025-11-17 23:44:54.177 [39mDEBUG[0;39m [ca6ddd09-56ed-4d3a-8063-60f975b00d5d] [http-nio-8081-exec-3] c.b.c.logging.MethodLoggingAspect - Factory enter: FactoryProvider.getFactory(..) args=[demo-store]
2025-11-17 23:44:54.177 [34mINFO [0;39m [ca6ddd09-56ed-4d3a-8063-60f975b00d5d] [http-nio-8081-exec-3] c.b.c.logging.MethodLoggingAspect - Factory exit: FactoryProvider.getFactory(..) (0 ms)
2025-11-17 23:44:54.177 [39mDEBUG[0;39m [ca6ddd09-56ed-4d3a-8063-60f975b00d5d] [http-nio-8081-exec-3] c.b.c.logging.MethodLoggingAspect - Factory result: FactoryProvider.getFactory(..) => DefaultStorefrontFactory$$SpringCGLIB$$0(com.bharatshop.factory.impl.DefaultStorefrontFactory@4e8036bb)
2025-11-17 23:44:54.177 [39mDEBUG[0;39m [ca6ddd09-56ed-4d3a-8063-60f975b00d5d] [http-nio-8081-exec-3] c.b.c.logging.MethodLoggingAspect - Factory enter: DefaultStorefrontFactory.products() args=[]
2025-11-17 23:44:54.177 [34mINFO [0;39m [ca6ddd09-56ed-4d3a-8063-60f975b00d5d] [http-nio-8081-exec-3] c.b.c.logging.MethodLoggingAspect - Factory exit: DefaultStorefrontFactory.products() (0 ms)
2025-11-17 23:44:54.179 [39mDEBUG[0;39m [ca6ddd09-56ed-4d3a-8063-60f975b00d5d] [http-nio-8081-exec-3] c.b.c.logging.MethodLoggingAspect - Factory result: DefaultStorefrontFactory.products() => (com.bharatshop.factory.impl.DefaultStorefrontFactory$1@1707db25)
2025-11-17 23:44:54.179 [39mDEBUG[0;39m [ca6ddd09-56ed-4d3a-8063-60f975b00d5d] [http-nio-8081-exec-3] c.b.c.logging.MethodLoggingAspect - Service enter: ProductService.categories() args=[]
2025-11-17 23:44:54.189 [34mINFO [0;39m [ca6ddd09-56ed-4d3a-8063-60f975b00d5d] [http-nio-8081-exec-3] c.b.c.logging.MethodLoggingAspect - Service exit: ProductService.categories() (10 ms)
2025-11-17 23:44:54.189 [39mDEBUG[0;39m [ca6ddd09-56ed-4d3a-8063-60f975b00d5d] [http-nio-8081-exec-3] c.b.c.logging.MethodLoggingAspect - Service result: ProductService.categories() => ArrayList[size=4]
2025-11-17 23:44:54.191 [34mINFO [0;39m [ca6ddd09-56ed-4d3a-8063-60f975b00d5d] [http-nio-8081-exec-3] c.b.c.logging.MethodLoggingAspect - Controller exit: StoreDiscoveryController.globalCategories(..) -> status=200 (16 ms)
2025-11-17 23:44:54.191 [39mDEBUG[0;39m [ca6ddd09-56ed-4d3a-8063-60f975b00d5d] [http-nio-8081-exec-3] c.b.c.logging.MethodLoggingAspect - Controller result: StoreDiscoveryController.globalCategories(..) => ResponseEntity(status=200)
2025-11-17 23:44:54.193 [34mINFO [0;39m [ca6ddd09-56ed-4d3a-8063-60f975b00d5d] [http-nio-8081-exec-3] c.b.config.logging.HttpLoggingFilter - GET /api/categories -> 200 (20 ms)
2025-11-17 23:44:54.193 [34mINFO [0;39m [ca6ddd09-56ed-4d3a-8063-60f975b00d5d] [http-nio-8081-exec-3] c.b.config.logging.HttpLoggingFilter - Headers: auth=present content-type=null accept=application/json, text/plain, */*
2025-11-17 23:44:54.195 [34mINFO [0;39m [ca6ddd09-56ed-4d3a-8063-60f975b00d5d] [http-nio-8081-exec-3] c.b.config.logging.HttpLoggingFilter - Response payload: ["dairy","fruits","medicine","room"]
2025-11-17 23:45:13.975 [39mDEBUG[0;39m [2cf09bfe-f8fd-44c5-b5f4-3783ed96d58c] [http-nio-8081-exec-2] c.b.c.logging.MethodLoggingAspect - Controller enter: AuthController.profile(..) args=[ContentCachingRequestWrapper(org.springframework.web.util.ContentCachingRequestWrapper@3c05423a)]
2025-11-17 23:45:13.977 [34mINFO [0;39m [2cf09bfe-f8fd-44c5-b5f4-3783ed96d58c] [http-nio-8081-exec-2] com.bharatshop.web.AuthController - Profile requested: tokenPresent=true 
2025-11-17 23:45:13.979 [39mDEBUG[0;39m [2cf09bfe-f8fd-44c5-b5f4-3783ed96d58c] [http-nio-8081-exec-2] c.b.c.logging.MethodLoggingAspect - Service enter: AuthService.getProfile(..) args=[eyJhbGciOiJIUzI1NiIsInR5cCI6IkpXVCJ9.eyJzdWIiOiJlYWFhYjU1NS02ZDVkLTRkOTgtODMxMC1iMDVmOGFiN2UxZTUiLCJuYW1lIjoiVXNlcjkwNzEiLCJyb2xlIjoiY29uc3VtZXIiLCJpYXQiOjE3NjM0MDMwODYsImV4cCI6MTc2MzQwNjY4Nn0.e7s-n1WWLwoLndtgT-LJJx4pW1edKxjr7yChhOdyTQg]
2025-11-17 23:45:13.981 [39mDEBUG[0;39m [00f3e64a-2c2c-47ee-9801-fad838e19586] [http-nio-8081-exec-4] c.b.c.logging.MethodLoggingAspect - Controller enter: StorefrontCartController.getCart(..) args=[demo-store, guest_1763142291071_p6hkbv]
2025-11-17 23:45:13.984 [34mINFO [0;39m [00f3e64a-2c2c-47ee-9801-fad838e19586] [http-nio-8081-exec-4] c.b.web.StorefrontCartController - Storefront get cart: tenant=demo-store userId=eaaab555-6d5d-4d98-8310-b05f8ab7e1e5 
2025-11-17 23:45:13.984 [39mDEBUG[0;39m [00f3e64a-2c2c-47ee-9801-fad838e19586] [http-nio-8081-exec-4] c.b.c.logging.MethodLoggingAspect - Service enter: CartService.getCart(..) args=[eaaab555-6d5d-4d98-8310-b05f8ab7e1e5]
2025-11-17 23:45:13.986 [34mINFO [0;39m [00f3e64a-2c2c-47ee-9801-fad838e19586] [http-nio-8081-exec-4] c.b.c.logging.MethodLoggingAspect - Service exit: CartService.getCart(..) (2 ms)
2025-11-17 23:45:13.986 [39mDEBUG[0;39m [00f3e64a-2c2c-47ee-9801-fad838e19586] [http-nio-8081-exec-4] c.b.c.logging.MethodLoggingAspect - Service result: CartService.getCart(..) => ArrayList[size=0]
2025-11-17 23:45:13.989 [34mINFO [0;39m [00f3e64a-2c2c-47ee-9801-fad838e19586] [http-nio-8081-exec-4] c.b.c.logging.MethodLoggingAspect - Controller exit: StorefrontCartController.getCart(..) -> status=200 (8 ms)
2025-11-17 23:45:13.990 [39mDEBUG[0;39m [00f3e64a-2c2c-47ee-9801-fad838e19586] [http-nio-8081-exec-4] c.b.c.logging.MethodLoggingAspect - Controller result: StorefrontCartController.getCart(..) => ResponseEntity(status=200)
2025-11-17 23:45:13.994 [34mINFO [0;39m [2cf09bfe-f8fd-44c5-b5f4-3783ed96d58c] [http-nio-8081-exec-2] c.b.c.logging.MethodLoggingAspect - Service exit: AuthService.getProfile(..) (15 ms)
2025-11-17 23:45:13.996 [39mDEBUG[0;39m [2cf09bfe-f8fd-44c5-b5f4-3783ed96d58c] [http-nio-8081-exec-2] c.b.c.logging.MethodLoggingAspect - Service result: AuthService.getProfile(..) => User(com.bharatshop.domain.User@206183f7)
2025-11-17 23:45:13.998 [34mINFO [0;39m [2cf09bfe-f8fd-44c5-b5f4-3783ed96d58c] [http-nio-8081-exec-2] com.bharatshop.web.AuthController - Profile success: userId=eaaab555-6d5d-4d98-8310-b05f8ab7e1e5
2025-11-17 23:45:13.998 [34mINFO [0;39m [2cf09bfe-f8fd-44c5-b5f4-3783ed96d58c] [http-nio-8081-exec-2] c.b.c.logging.MethodLoggingAspect - Controller exit: AuthController.profile(..) -> status=200 (23 ms)
2025-11-17 23:45:13.998 [39mDEBUG[0;39m [2cf09bfe-f8fd-44c5-b5f4-3783ed96d58c] [http-nio-8081-exec-2] c.b.c.logging.MethodLoggingAspect - Controller result: AuthController.profile(..) => ResponseEntity(status=200)
2025-11-17 23:45:14.000 [34mINFO [0;39m [00f3e64a-2c2c-47ee-9801-fad838e19586] [http-nio-8081-exec-4] c.b.config.logging.HttpLoggingFilter - GET /api/storefront/cart -> 200 (23 ms)
2025-11-17 23:45:14.000 [34mINFO [0;39m [00f3e64a-2c2c-47ee-9801-fad838e19586] [http-nio-8081-exec-4] c.b.config.logging.HttpLoggingFilter - Headers: auth=present content-type=null accept=application/json, text/plain, */*
2025-11-17 23:45:14.000 [34mINFO [0;39m [00f3e64a-2c2c-47ee-9801-fad838e19586] [http-nio-8081-exec-4] c.b.config.logging.HttpLoggingFilter - Response payload: {"totals":{"subtotal":0.0,"itemsCount":0},"items":[]}
2025-11-17 23:45:14.000 [34mINFO [0;39m [2cf09bfe-f8fd-44c5-b5f4-3783ed96d58c] [http-nio-8081-exec-2] c.b.config.logging.HttpLoggingFilter - GET /api/storefront/auth/profile -> 200 (25 ms)
2025-11-17 23:45:14.002 [34mINFO [0;39m [2cf09bfe-f8fd-44c5-b5f4-3783ed96d58c] [http-nio-8081-exec-2] c.b.config.logging.HttpLoggingFilter - Headers: auth=present content-type=null accept=application/json, text/plain, */*
2025-11-17 23:45:14.002 [34mINFO [0;39m [2cf09bfe-f8fd-44c5-b5f4-3783ed96d58c] [http-nio-8081-exec-2] c.b.config.logging.HttpLoggingFilter - Response payload: {"id":"eaaab555-6d5d-4d98-8310-b05f8ab7e1e5","name":"User9071","phone":"+917275559071","role":"seller"}
2025-11-17 23:45:14.032 [39mDEBUG[0;39m [76a2a95b-b14e-42b7-beca-f11c94ef3d70] [http-nio-8081-exec-8] c.b.c.logging.MethodLoggingAspect - Controller enter: AuthController.profile(..) args=[ContentCachingRequestWrapper(org.springframework.web.util.ContentCachingRequestWrapper@76426367)]
2025-11-17 23:45:14.032 [34mINFO [0;39m [76a2a95b-b14e-42b7-beca-f11c94ef3d70] [http-nio-8081-exec-8] com.bharatshop.web.AuthController - Profile requested: tokenPresent=true 
2025-11-17 23:45:14.034 [39mDEBUG[0;39m [76a2a95b-b14e-42b7-beca-f11c94ef3d70] [http-nio-8081-exec-8] c.b.c.logging.MethodLoggingAspect - Service enter: AuthService.getProfile(..) args=[eyJhbGciOiJIUzI1NiIsInR5cCI6IkpXVCJ9.eyJzdWIiOiJlYWFhYjU1NS02ZDVkLTRkOTgtODMxMC1iMDVmOGFiN2UxZTUiLCJuYW1lIjoiVXNlcjkwNzEiLCJyb2xlIjoiY29uc3VtZXIiLCJpYXQiOjE3NjM0MDMwODYsImV4cCI6MTc2MzQwNjY4Nn0.e7s-n1WWLwoLndtgT-LJJx4pW1edKxjr7yChhOdyTQg]
2025-11-17 23:45:14.042 [39mDEBUG[0;39m [23cf1389-701b-447f-9be8-e91a70b468f3] [http-nio-8081-exec-7] c.b.c.logging.MethodLoggingAspect - Controller enter: StorefrontCartController.getCart(..) args=[demo-store, guest_1763142291071_p6hkbv]
2025-11-17 23:45:14.044 [34mINFO [0;39m [76a2a95b-b14e-42b7-beca-f11c94ef3d70] [http-nio-8081-exec-8] c.b.c.logging.MethodLoggingAspect - Service exit: AuthService.getProfile(..) (10 ms)
2025-11-17 23:45:14.044 [39mDEBUG[0;39m [76a2a95b-b14e-42b7-beca-f11c94ef3d70] [http-nio-8081-exec-8] c.b.c.logging.MethodLoggingAspect - Service result: AuthService.getProfile(..) => User(com.bharatshop.domain.User@7076cfb7)
2025-11-17 23:45:14.044 [34mINFO [0;39m [76a2a95b-b14e-42b7-beca-f11c94ef3d70] [http-nio-8081-exec-8] com.bharatshop.web.AuthController - Profile success: userId=eaaab555-6d5d-4d98-8310-b05f8ab7e1e5
2025-11-17 23:45:14.044 [34mINFO [0;39m [23cf1389-701b-447f-9be8-e91a70b468f3] [http-nio-8081-exec-7] c.b.web.StorefrontCartController - Storefront get cart: tenant=demo-store userId=eaaab555-6d5d-4d98-8310-b05f8ab7e1e5 
2025-11-17 23:45:14.044 [34mINFO [0;39m [76a2a95b-b14e-42b7-beca-f11c94ef3d70] [http-nio-8081-exec-8] c.b.c.logging.MethodLoggingAspect - Controller exit: AuthController.profile(..) -> status=200 (12 ms)
2025-11-17 23:45:14.046 [39mDEBUG[0;39m [76a2a95b-b14e-42b7-beca-f11c94ef3d70] [http-nio-8081-exec-8] c.b.c.logging.MethodLoggingAspect - Controller result: AuthController.profile(..) => ResponseEntity(status=200)
2025-11-17 23:45:14.048 [34mINFO [0;39m [76a2a95b-b14e-42b7-beca-f11c94ef3d70] [http-nio-8081-exec-8] c.b.config.logging.HttpLoggingFilter - GET /api/storefront/auth/profile -> 200 (18 ms)
2025-11-17 23:45:14.046 [39mDEBUG[0;39m [23cf1389-701b-447f-9be8-e91a70b468f3] [http-nio-8081-exec-7] c.b.c.logging.MethodLoggingAspect - Service enter: CartService.getCart(..) args=[eaaab555-6d5d-4d98-8310-b05f8ab7e1e5]
2025-11-17 23:45:14.048 [34mINFO [0;39m [76a2a95b-b14e-42b7-beca-f11c94ef3d70] [http-nio-8081-exec-8] c.b.config.logging.HttpLoggingFilter - Headers: auth=present content-type=null accept=application/json, text/plain, */*
2025-11-17 23:45:14.050 [34mINFO [0;39m [23cf1389-701b-447f-9be8-e91a70b468f3] [http-nio-8081-exec-7] c.b.c.logging.MethodLoggingAspect - Service exit: CartService.getCart(..) (4 ms)
2025-11-17 23:45:14.050 [34mINFO [0;39m [76a2a95b-b14e-42b7-beca-f11c94ef3d70] [http-nio-8081-exec-8] c.b.config.logging.HttpLoggingFilter - Response payload: {"id":"eaaab555-6d5d-4d98-8310-b05f8ab7e1e5","name":"User9071","phone":"+917275559071","role":"seller"}
2025-11-17 23:45:14.050 [39mDEBUG[0;39m [23cf1389-701b-447f-9be8-e91a70b468f3] [http-nio-8081-exec-7] c.b.c.logging.MethodLoggingAspect - Service result: CartService.getCart(..) => ArrayList[size=0]
2025-11-17 23:45:14.053 [34mINFO [0;39m [23cf1389-701b-447f-9be8-e91a70b468f3] [http-nio-8081-exec-7] c.b.c.logging.MethodLoggingAspect - Controller exit: StorefrontCartController.getCart(..) -> status=200 (11 ms)
2025-11-17 23:45:14.054 [39mDEBUG[0;39m [23cf1389-701b-447f-9be8-e91a70b468f3] [http-nio-8081-exec-7] c.b.c.logging.MethodLoggingAspect - Controller result: StorefrontCartController.getCart(..) => ResponseEntity(status=200)
2025-11-17 23:45:14.056 [34mINFO [0;39m [23cf1389-701b-447f-9be8-e91a70b468f3] [http-nio-8081-exec-7] c.b.config.logging.HttpLoggingFilter - GET /api/storefront/cart -> 200 (18 ms)
2025-11-17 23:45:14.059 [34mINFO [0;39m [23cf1389-701b-447f-9be8-e91a70b468f3] [http-nio-8081-exec-7] c.b.config.logging.HttpLoggingFilter - Headers: auth=present content-type=null accept=application/json, text/plain, */*
2025-11-17 23:45:14.061 [34mINFO [0;39m [23cf1389-701b-447f-9be8-e91a70b468f3] [http-nio-8081-exec-7] c.b.config.logging.HttpLoggingFilter - Response payload: {"totals":{"subtotal":0.0,"itemsCount":0},"items":[]}
2025-11-17 23:45:14.223 [39mDEBUG[0;39m [0698defa-41b7-40d3-93ae-13acd8f32746] [http-nio-8081-exec-9] c.b.c.logging.MethodLoggingAspect - Controller enter: StoreDiscoveryController.globalCategories(..) args=[demo-store]
2025-11-17 23:45:14.223 [39mDEBUG[0;39m [254d7c95-4436-48db-a1bd-2ba62aeb9587] [http-nio-8081-exec-5] c.b.c.logging.MethodLoggingAspect - Controller enter: SellerStoreController.listStores(..) args=[null, null, null, null, null, null, demo-store]
2025-11-17 23:45:14.226 [34mINFO [0;39m [0698defa-41b7-40d3-93ae-13acd8f32746] [http-nio-8081-exec-9] c.b.web.StoreDiscoveryController - Global categories requested: tenant=demo-store
2025-11-17 23:45:14.227 [34mINFO [0;39m [254d7c95-4436-48db-a1bd-2ba62aeb9587] [http-nio-8081-exec-5] c.b.c.logging.MethodLoggingAspect - Controller exit: SellerStoreController.listStores(..) -> status=403 (4 ms)
2025-11-17 23:45:14.227 [39mDEBUG[0;39m [0698defa-41b7-40d3-93ae-13acd8f32746] [http-nio-8081-exec-9] c.b.c.logging.MethodLoggingAspect - Factory enter: FactoryProvider.getFactory(..) args=[demo-store]
2025-11-17 23:45:14.227 [39mDEBUG[0;39m [254d7c95-4436-48db-a1bd-2ba62aeb9587] [http-nio-8081-exec-5] c.b.c.logging.MethodLoggingAspect - Controller result: SellerStoreController.listStores(..) => ResponseEntity(status=403)
2025-11-17 23:45:14.227 [34mINFO [0;39m [0698defa-41b7-40d3-93ae-13acd8f32746] [http-nio-8081-exec-9] c.b.c.logging.MethodLoggingAspect - Factory exit: FactoryProvider.getFactory(..) (0 ms)
2025-11-17 23:45:14.229 [39mDEBUG[0;39m [0698defa-41b7-40d3-93ae-13acd8f32746] [http-nio-8081-exec-9] c.b.c.logging.MethodLoggingAspect - Factory result: FactoryProvider.getFactory(..) => DefaultStorefrontFactory$$SpringCGLIB$$0(com.bharatshop.factory.impl.DefaultStorefrontFactory@4e8036bb)
2025-11-17 23:45:14.229 [39mDEBUG[0;39m [0698defa-41b7-40d3-93ae-13acd8f32746] [http-nio-8081-exec-9] c.b.c.logging.MethodLoggingAspect - Factory enter: DefaultStorefrontFactory.products() args=[]
2025-11-17 23:45:14.231 [34mINFO [0;39m [0698defa-41b7-40d3-93ae-13acd8f32746] [http-nio-8081-exec-9] c.b.c.logging.MethodLoggingAspect - Factory exit: DefaultStorefrontFactory.products() (2 ms)
2025-11-17 23:45:14.232 [39mDEBUG[0;39m [0698defa-41b7-40d3-93ae-13acd8f32746] [http-nio-8081-exec-9] c.b.c.logging.MethodLoggingAspect - Factory result: DefaultStorefrontFactory.products() => (com.bharatshop.factory.impl.DefaultStorefrontFactory$1@64bf42f1)
2025-11-17 23:45:14.232 [39mDEBUG[0;39m [0698defa-41b7-40d3-93ae-13acd8f32746] [http-nio-8081-exec-9] c.b.c.logging.MethodLoggingAspect - Service enter: ProductService.categories() args=[]
2025-11-17 23:45:14.234 [34mINFO [0;39m [254d7c95-4436-48db-a1bd-2ba62aeb9587] [http-nio-8081-exec-5] c.b.config.logging.HttpLoggingFilter - GET /api/seller/stores -> 403 (13 ms)
2025-11-17 23:45:14.236 [34mINFO [0;39m [254d7c95-4436-48db-a1bd-2ba62aeb9587] [http-nio-8081-exec-5] c.b.config.logging.HttpLoggingFilter - Headers: auth=present content-type=null accept=application/json, text/plain, */*
2025-11-17 23:45:14.242 [34mINFO [0;39m [254d7c95-4436-48db-a1bd-2ba62aeb9587] [http-nio-8081-exec-5] c.b.config.logging.HttpLoggingFilter - Response payload: {"message":"Forbidden"}
2025-11-17 23:45:14.248 [34mINFO [0;39m [0698defa-41b7-40d3-93ae-13acd8f32746] [http-nio-8081-exec-9] c.b.c.logging.MethodLoggingAspect - Service exit: ProductService.categories() (16 ms)
2025-11-17 23:45:14.248 [39mDEBUG[0;39m [0698defa-41b7-40d3-93ae-13acd8f32746] [http-nio-8081-exec-9] c.b.c.logging.MethodLoggingAspect - Service result: ProductService.categories() => ArrayList[size=4]
2025-11-17 23:45:14.250 [34mINFO [0;39m [0698defa-41b7-40d3-93ae-13acd8f32746] [http-nio-8081-exec-9] c.b.c.logging.MethodLoggingAspect - Controller exit: StoreDiscoveryController.globalCategories(..) -> status=200 (27 ms)
2025-11-17 23:45:14.250 [39mDEBUG[0;39m [0698defa-41b7-40d3-93ae-13acd8f32746] [http-nio-8081-exec-9] c.b.c.logging.MethodLoggingAspect - Controller result: StoreDiscoveryController.globalCategories(..) => ResponseEntity(status=200)
2025-11-17 23:45:14.252 [34mINFO [0;39m [0698defa-41b7-40d3-93ae-13acd8f32746] [http-nio-8081-exec-9] c.b.config.logging.HttpLoggingFilter - GET /api/categories -> 200 (31 ms)
2025-11-17 23:45:14.252 [34mINFO [0;39m [0698defa-41b7-40d3-93ae-13acd8f32746] [http-nio-8081-exec-9] c.b.config.logging.HttpLoggingFilter - Headers: auth=present content-type=null accept=application/json, text/plain, */*
2025-11-17 23:45:14.258 [34mINFO [0;39m [0698defa-41b7-40d3-93ae-13acd8f32746] [http-nio-8081-exec-9] c.b.config.logging.HttpLoggingFilter - Response payload: ["dairy","fruits","medicine","room"]
2025-11-17 23:45:14.266 [39mDEBUG[0;39m [dd3fb38f-bbc4-4292-b98c-d87bf9e8485a] [http-nio-8081-exec-10] c.b.c.logging.MethodLoggingAspect - Controller enter: SellerStoreController.listStores(..) args=[null, null, null, null, null, null, demo-store]
2025-11-17 23:45:14.268 [34mINFO [0;39m [dd3fb38f-bbc4-4292-b98c-d87bf9e8485a] [http-nio-8081-exec-10] c.b.c.logging.MethodLoggingAspect - Controller exit: SellerStoreController.listStores(..) -> status=403 (2 ms)
2025-11-17 23:45:14.268 [39mDEBUG[0;39m [dd3fb38f-bbc4-4292-b98c-d87bf9e8485a] [http-nio-8081-exec-10] c.b.c.logging.MethodLoggingAspect - Controller result: SellerStoreController.listStores(..) => ResponseEntity(status=403)
2025-11-17 23:45:14.275 [39mDEBUG[0;39m [c6018cc0-7a9c-4e6a-8030-21dfe781ff82] [http-nio-8081-exec-1] c.b.c.logging.MethodLoggingAspect - Controller enter: StoreDiscoveryController.globalCategories(..) args=[demo-store]
2025-11-17 23:45:14.275 [34mINFO [0;39m [dd3fb38f-bbc4-4292-b98c-d87bf9e8485a] [http-nio-8081-exec-10] c.b.config.logging.HttpLoggingFilter - GET /api/seller/stores -> 403 (9 ms)
2025-11-17 23:45:14.275 [34mINFO [0;39m [c6018cc0-7a9c-4e6a-8030-21dfe781ff82] [http-nio-8081-exec-1] c.b.web.StoreDiscoveryController - Global categories requested: tenant=demo-store
2025-11-17 23:45:14.275 [34mINFO [0;39m [dd3fb38f-bbc4-4292-b98c-d87bf9e8485a] [http-nio-8081-exec-10] c.b.config.logging.HttpLoggingFilter - Headers: auth=present content-type=null accept=application/json, text/plain, */*
2025-11-17 23:45:14.278 [34mINFO [0;39m [dd3fb38f-bbc4-4292-b98c-d87bf9e8485a] [http-nio-8081-exec-10] c.b.config.logging.HttpLoggingFilter - Response payload: {"message":"Forbidden"}
2025-11-17 23:45:14.275 [39mDEBUG[0;39m [c6018cc0-7a9c-4e6a-8030-21dfe781ff82] [http-nio-8081-exec-1] c.b.c.logging.MethodLoggingAspect - Factory enter: FactoryProvider.getFactory(..) args=[demo-store]
2025-11-17 23:45:14.278 [34mINFO [0;39m [c6018cc0-7a9c-4e6a-8030-21dfe781ff82] [http-nio-8081-exec-1] c.b.c.logging.MethodLoggingAspect - Factory exit: FactoryProvider.getFactory(..) (3 ms)
2025-11-17 23:45:14.280 [39mDEBUG[0;39m [c6018cc0-7a9c-4e6a-8030-21dfe781ff82] [http-nio-8081-exec-1] c.b.c.logging.MethodLoggingAspect - Factory result: FactoryProvider.getFactory(..) => DefaultStorefrontFactory$$SpringCGLIB$$0(com.bharatshop.factory.impl.DefaultStorefrontFactory@4e8036bb)
2025-11-17 23:45:14.281 [39mDEBUG[0;39m [c6018cc0-7a9c-4e6a-8030-21dfe781ff82] [http-nio-8081-exec-1] c.b.c.logging.MethodLoggingAspect - Factory enter: DefaultStorefrontFactory.products() args=[]
2025-11-17 23:45:14.281 [34mINFO [0;39m [c6018cc0-7a9c-4e6a-8030-21dfe781ff82] [http-nio-8081-exec-1] c.b.c.logging.MethodLoggingAspect - Factory exit: DefaultStorefrontFactory.products() (0 ms)
2025-11-17 23:45:14.283 [39mDEBUG[0;39m [c6018cc0-7a9c-4e6a-8030-21dfe781ff82] [http-nio-8081-exec-1] c.b.c.logging.MethodLoggingAspect - Factory result: DefaultStorefrontFactory.products() => (com.bharatshop.factory.impl.DefaultStorefrontFactory$1@54ea50ba)
2025-11-17 23:45:14.283 [39mDEBUG[0;39m [c6018cc0-7a9c-4e6a-8030-21dfe781ff82] [http-nio-8081-exec-1] c.b.c.logging.MethodLoggingAspect - Service enter: ProductService.categories() args=[]
2025-11-17 23:45:14.294 [34mINFO [0;39m [c6018cc0-7a9c-4e6a-8030-21dfe781ff82] [http-nio-8081-exec-1] c.b.c.logging.MethodLoggingAspect - Service exit: ProductService.categories() (11 ms)
2025-11-17 23:45:14.296 [39mDEBUG[0;39m [c6018cc0-7a9c-4e6a-8030-21dfe781ff82] [http-nio-8081-exec-1] c.b.c.logging.MethodLoggingAspect - Service result: ProductService.categories() => ArrayList[size=4]
2025-11-17 23:45:14.302 [34mINFO [0;39m [c6018cc0-7a9c-4e6a-8030-21dfe781ff82] [http-nio-8081-exec-1] c.b.c.logging.MethodLoggingAspect - Controller exit: StoreDiscoveryController.globalCategories(..) -> status=200 (27 ms)
2025-11-17 23:45:14.306 [39mDEBUG[0;39m [c6018cc0-7a9c-4e6a-8030-21dfe781ff82] [http-nio-8081-exec-1] c.b.c.logging.MethodLoggingAspect - Controller result: StoreDiscoveryController.globalCategories(..) => ResponseEntity(status=200)
2025-11-17 23:45:14.310 [39mDEBUG[0;39m [b9e512ce-44d3-4ded-887d-51b471d506f8] [http-nio-8081-exec-6] c.b.c.logging.MethodLoggingAspect - Controller enter: SellerStoreController.listStores(..) args=[null, null, null, null, null, null, demo-store]
2025-11-17 23:45:14.314 [34mINFO [0;39m [c6018cc0-7a9c-4e6a-8030-21dfe781ff82] [http-nio-8081-exec-1] c.b.config.logging.HttpLoggingFilter - GET /api/categories -> 200 (41 ms)
2025-11-17 23:45:14.314 [34mINFO [0;39m [b9e512ce-44d3-4ded-887d-51b471d506f8] [http-nio-8081-exec-6] c.b.c.logging.MethodLoggingAspect - Controller exit: SellerStoreController.listStores(..) -> status=403 (4 ms)
2025-11-17 23:45:14.314 [34mINFO [0;39m [c6018cc0-7a9c-4e6a-8030-21dfe781ff82] [http-nio-8081-exec-1] c.b.config.logging.HttpLoggingFilter - Headers: auth=present content-type=null accept=application/json, text/plain, */*
2025-11-17 23:45:14.314 [39mDEBUG[0;39m [b9e512ce-44d3-4ded-887d-51b471d506f8] [http-nio-8081-exec-6] c.b.c.logging.MethodLoggingAspect - Controller result: SellerStoreController.listStores(..) => ResponseEntity(status=403)
2025-11-17 23:45:14.314 [34mINFO [0;39m [c6018cc0-7a9c-4e6a-8030-21dfe781ff82] [http-nio-8081-exec-1] c.b.config.logging.HttpLoggingFilter - Response payload: ["dairy","fruits","medicine","room"]
2025-11-17 23:45:14.316 [34mINFO [0;39m [b9e512ce-44d3-4ded-887d-51b471d506f8] [http-nio-8081-exec-6] c.b.config.logging.HttpLoggingFilter - GET /api/seller/stores -> 403 (10 ms)
2025-11-17 23:45:14.327 [34mINFO [0;39m [b9e512ce-44d3-4ded-887d-51b471d506f8] [http-nio-8081-exec-6] c.b.config.logging.HttpLoggingFilter - Headers: auth=present content-type=null accept=application/json, text/plain, */*
2025-11-17 23:45:14.329 [34mINFO [0;39m [b9e512ce-44d3-4ded-887d-51b471d506f8] [http-nio-8081-exec-6] c.b.config.logging.HttpLoggingFilter - Response payload: {"message":"Forbidden"}
