2026-01-10 00:21:54.869 [31mWARN [0;39m [] [HikariPool-1 housekeeper] com.zaxxer.hikari.pool.HikariPool - HikariPool-1 - Thread starvation or clock leap detected (housekeeper delta=58m27s292ms423µs900ns).
2026-01-10 01:04:45.221 [34mINFO [0;39m [6d6d3aa9-aea0-476c-8ebd-7ff1c1f24484] [http-nio-8081-exec-5] c.b.config.logging.HttpLoggingFilter - GET /api/user/me -> 404 (150 ms)
2026-01-10 01:04:45.221 [34mINFO [0;39m [6d6d3aa9-aea0-476c-8ebd-7ff1c1f24484] [http-nio-8081-exec-5] c.b.config.logging.HttpLoggingFilter - Headers: auth=present content-type=null accept=null
2026-01-10 01:11:29.098 [34mINFO [0;39m [] [main] c.bharatshop.BharatshopApplication - Starting BharatshopApplication using Java 17.0.12 with PID 13880 (C:\Users\Adarsh\Downloads\bharatshop-backend\target\classes started by Adarsh in C:\Users\Adarsh\Downloads\bharatshop-backend)
2026-01-10 01:11:29.102 [39mDEBUG[0;39m [] [main] c.bharatshop.BharatshopApplication - Running with Spring Boot v3.3.4, Spring v6.1.13
2026-01-10 01:11:29.105 [34mINFO [0;39m [] [main] c.bharatshop.BharatshopApplication - No active profile set, falling back to 1 default profile: "default"
2026-01-10 01:11:32.002 [34mINFO [0;39m [] [main] o.s.d.r.c.RepositoryConfigurationDelegate - Bootstrapping Spring Data JPA repositories in DEFAULT mode.
2026-01-10 01:11:32.257 [34mINFO [0;39m [] [main] o.s.d.r.c.RepositoryConfigurationDelegate - Finished Spring Data repository scanning in 236 ms. Found 16 JPA repository interfaces.
2026-01-10 01:11:34.208 [34mINFO [0;39m [] [main] o.s.b.w.e.tomcat.TomcatWebServer - Tomcat initialized with port 8080 (http)
2026-01-10 01:11:34.233 [34mINFO [0;39m [] [main] o.a.coyote.http11.Http11NioProtocol - Initializing ProtocolHandler ["http-nio-8080"]
2026-01-10 01:11:34.241 [34mINFO [0;39m [] [main] o.a.catalina.core.StandardService - Starting service [Tomcat]
2026-01-10 01:11:34.241 [34mINFO [0;39m [] [main] o.a.catalina.core.StandardEngine - Starting Servlet engine: [Apache Tomcat/10.1.30]
2026-01-10 01:11:34.476 [34mINFO [0;39m [] [main] o.a.c.c.C.[Tomcat].[localhost].[/] - Initializing Spring embedded WebApplicationContext
2026-01-10 01:11:34.476 [34mINFO [0;39m [] [main] o.s.b.w.s.c.ServletWebServerApplicationContext - Root WebApplicationContext: initialization completed in 5273 ms
2026-01-10 01:11:34.871 [34mINFO [0;39m [] [main] com.zaxxer.hikari.HikariDataSource - HikariPool-1 - Starting...
2026-01-10 01:11:35.364 [34mINFO [0;39m [] [main] com.zaxxer.hikari.pool.HikariPool - HikariPool-1 - Added connection conn0: url=jdbc:h2:mem:bharatshop user=SA
2026-01-10 01:11:35.373 [34mINFO [0;39m [] [main] com.zaxxer.hikari.HikariDataSource - HikariPool-1 - Start completed.
2026-01-10 01:11:35.399 [34mINFO [0;39m [] [main] o.s.b.a.h.H2ConsoleAutoConfiguration - H2 console available at '/h2-console'. Database available at 'jdbc:h2:mem:bharatshop'
2026-01-10 01:11:36.913 [34mINFO [0;39m [] [main] o.s.o.j.p.SpringPersistenceUnitInfo - No LoadTimeWeaver setup: ignoring JPA class transformer
2026-01-10 01:11:40.345 [34mINFO [0;39m [] [main] o.s.o.j.LocalContainerEntityManagerFactoryBean - Initialized JPA EntityManagerFactory for persistence unit 'default'
2026-01-10 01:11:41.157 [34mINFO [0;39m [] [main] o.s.d.j.r.query.QueryEnhancerFactory - Hibernate is in classpath; If applicable, HQL parser will be used.
2026-01-10 01:11:42.040 [34mINFO [0;39m [] [main] c.b.config.NotificationConfig - SMS provider: LOG (fallback)
2026-01-10 01:11:42.042 [34mINFO [0;39m [] [main] c.b.config.NotificationConfig - Email provider: LOG (fallback)
2026-01-10 01:11:42.218 [39mDEBUG[0;39m [] [main] c.b.c.logging.CorrelationIdFilter - Filter 'correlationIdFilter' configured for use
2026-01-10 01:11:42.218 [39mDEBUG[0;39m [] [main] c.b.config.logging.HttpLoggingFilter - Filter 'httpLoggingFilter' configured for use
2026-01-10 01:11:42.222 [39mDEBUG[0;39m [] [main] com.bharatshop.config.TenantFilter - Filter 'tenantFilter' configured for use
2026-01-10 01:11:42.224 [39mDEBUG[0;39m [] [main] c.b.security.TokenAuthFilter - Filter 'tokenAuthFilter' configured for use
2026-01-10 01:11:42.226 [39mDEBUG[0;39m [] [main] c.b.config.IdempotencyFilter - Filter 'idempotencyFilter' configured for use
2026-01-10 01:11:43.749 [31mWARN [0;39m [] [main] o.s.b.a.o.j.JpaBaseConfiguration$JpaWebConfiguration - spring.jpa.open-in-view is enabled by default. Therefore, database queries may be performed during view rendering. Explicitly configure spring.jpa.open-in-view to disable this warning
2026-01-10 01:11:43.831 [31mWARN [0;39m [] [main] o.s.b.a.s.s.UserDetailsServiceAutoConfiguration - 

Using generated security password: 3b076c70-00d2-45e7-a44b-6a3c670e2bb8

This generated password is for development use only. Your security configuration must be updated before running your application in production.

2026-01-10 01:11:43.862 [34mINFO [0;39m [] [main] o.s.s.c.a.a.c.InitializeUserDetailsBeanManagerConfigurer$InitializeUserDetailsManagerConfigurer - Global AuthenticationManager configured with UserDetailsService bean with name inMemoryUserDetailsManager
2026-01-10 01:11:44.981 [34mINFO [0;39m [] [main] o.s.b.a.e.web.EndpointLinksResolver - Exposing 4 endpoints beneath base path '/actuator'
2026-01-10 01:11:46.312 [34mINFO [0;39m [] [main] o.a.coyote.http11.Http11NioProtocol - Starting ProtocolHandler ["http-nio-8080"]
2026-01-10 01:11:46.373 [34mINFO [0;39m [] [main] o.s.b.w.e.tomcat.TomcatWebServer - Tomcat started on port 8080 (http) with context path '/'
2026-01-10 01:11:46.413 [34mINFO [0;39m [] [main] c.bharatshop.BharatshopApplication - Started BharatshopApplication in 18.853 seconds (process running for 19.881)
2026-01-10 01:11:46.528 [39mDEBUG[0;39m [] [main] c.b.c.logging.MethodLoggingAspect - Service enter: StoreService.add(..) args=[Store(com.bharatshop.domain.Store@46c87d4b)]
2026-01-10 01:11:46.753 [34mINFO [0;39m [] [main] c.b.c.logging.MethodLoggingAspect - Service exit: StoreService.add(..) (225 ms)
2026-01-10 01:11:46.753 [39mDEBUG[0;39m [] [main] c.b.c.logging.MethodLoggingAspect - Service result: StoreService.add(..) => Store(com.bharatshop.domain.Store@76b9605)
2026-01-10 01:11:46.753 [39mDEBUG[0;39m [] [main] c.b.c.logging.MethodLoggingAspect - Service enter: StoreService.add(..) args=[Store(com.bharatshop.domain.Store@2933edb6)]
2026-01-10 01:11:46.760 [34mINFO [0;39m [] [main] c.b.c.logging.MethodLoggingAspect - Service exit: StoreService.add(..) (7 ms)
2026-01-10 01:11:46.760 [39mDEBUG[0;39m [] [main] c.b.c.logging.MethodLoggingAspect - Service result: StoreService.add(..) => Store(com.bharatshop.domain.Store@55d41b85)
2026-01-10 01:11:46.763 [39mDEBUG[0;39m [] [main] c.b.c.logging.MethodLoggingAspect - Service enter: StoreService.add(..) args=[Store(com.bharatshop.domain.Store@567400fb)]
2026-01-10 01:11:46.766 [34mINFO [0;39m [] [main] c.b.c.logging.MethodLoggingAspect - Service exit: StoreService.add(..) (6 ms)
2026-01-10 01:11:46.766 [39mDEBUG[0;39m [] [main] c.b.c.logging.MethodLoggingAspect - Service result: StoreService.add(..) => Store(com.bharatshop.domain.Store@21faf535)
2026-01-10 01:11:46.768 [39mDEBUG[0;39m [] [main] c.b.c.logging.MethodLoggingAspect - Service enter: ProductService.add(..) args=[Product(com.bharatshop.domain.Product@5de993d)]
2026-01-10 01:11:46.778 [34mINFO [0;39m [] [main] c.b.c.logging.MethodLoggingAspect - Service exit: ProductService.add(..) (10 ms)
2026-01-10 01:11:46.778 [39mDEBUG[0;39m [] [main] c.b.c.logging.MethodLoggingAspect - Service result: ProductService.add(..) => null
2026-01-10 01:11:46.778 [39mDEBUG[0;39m [] [main] c.b.c.logging.MethodLoggingAspect - Service enter: ProductService.add(..) args=[Product(com.bharatshop.domain.Product@7f25d1d3)]
2026-01-10 01:11:46.782 [34mINFO [0;39m [] [main] c.b.c.logging.MethodLoggingAspect - Service exit: ProductService.add(..) (4 ms)
2026-01-10 01:11:46.782 [39mDEBUG[0;39m [] [main] c.b.c.logging.MethodLoggingAspect - Service result: ProductService.add(..) => null
2026-01-10 01:11:46.784 [39mDEBUG[0;39m [] [main] c.b.c.logging.MethodLoggingAspect - Service enter: ProductService.add(..) args=[Product(com.bharatshop.domain.Product@40d686d7)]
2026-01-10 01:11:46.789 [34mINFO [0;39m [] [main] c.b.c.logging.MethodLoggingAspect - Service exit: ProductService.add(..) (5 ms)
2026-01-10 01:11:46.789 [39mDEBUG[0;39m [] [main] c.b.c.logging.MethodLoggingAspect - Service result: ProductService.add(..) => null
2026-01-10 01:11:46.789 [39mDEBUG[0;39m [] [main] c.b.c.logging.MethodLoggingAspect - Service enter: ProductService.add(..) args=[Product(com.bharatshop.domain.Product@6f800942)]
2026-01-10 01:11:46.792 [34mINFO [0;39m [] [main] c.b.c.logging.MethodLoggingAspect - Service exit: ProductService.add(..) (3 ms)
2026-01-10 01:11:46.792 [39mDEBUG[0;39m [] [main] c.b.c.logging.MethodLoggingAspect - Service result: ProductService.add(..) => null
2026-01-10 01:12:07.276 [34mINFO [0;39m [] [http-nio-8080-exec-1] o.a.c.c.C.[Tomcat].[localhost].[/] - Initializing Spring DispatcherServlet 'dispatcherServlet'
2026-01-10 01:12:07.277 [34mINFO [0;39m [] [http-nio-8080-exec-1] o.s.web.servlet.DispatcherServlet - Initializing Servlet 'dispatcherServlet'
2026-01-10 01:12:07.278 [34mINFO [0;39m [] [http-nio-8080-exec-1] o.s.web.servlet.DispatcherServlet - Completed initialization in 0 ms
2026-01-10 01:12:07.381 [34mINFO [0;39m [b894a994-62c4-4203-90ae-819df228b4ff] [http-nio-8080-exec-1] c.b.config.logging.HttpLoggingFilter - POST /api/storefront/auth/register -> 400 (10 ms)
2026-01-10 01:12:07.383 [34mINFO [0;39m [b894a994-62c4-4203-90ae-819df228b4ff] [http-nio-8080-exec-1] c.b.config.logging.HttpLoggingFilter - Headers: auth=absent content-type=application/json accept=null
2026-01-10 01:12:07.383 [34mINFO [0;39m [b894a994-62c4-4203-90ae-819df228b4ff] [http-nio-8080-exec-1] c.b.config.logging.HttpLoggingFilter - Response payload: {"code":"VALIDATION_ERROR","message":"Missing X-Tenant-Domain header","details":{"header":"X-Tenant-Domain"}}
2026-01-10 01:12:19.218 [39mDEBUG[0;39m [752b696f-0c92-4a63-bbcb-fd10eb6af388] [http-nio-8080-exec-2] c.b.c.logging.MethodLoggingAspect - Controller enter: AuthController.register(..) args=[RegisterRequest(com.bharatshop.dto.RegisterRequest@12dbb3cd)]
2026-01-10 01:12:19.225 [34mINFO [0;39m [752b696f-0c92-4a63-bbcb-fd10eb6af388] [http-nio-8080-exec-2] com.bharatshop.web.AuthController - Register storefront user: email=testuser@example.com
2026-01-10 01:12:19.226 [39mDEBUG[0;39m [752b696f-0c92-4a63-bbcb-fd10eb6af388] [http-nio-8080-exec-2] c.b.c.logging.MethodLoggingAspect - Service enter: AuthService.register(..) args=[Test User, testuser@example.com, password123]
2026-01-10 01:12:19.226 [34mINFO [0;39m [752b696f-0c92-4a63-bbcb-fd10eb6af388] [http-nio-8080-exec-2] com.bharatshop.service.AuthService - Registering user: name=Test User, email=testuser@example.com
2026-01-10 01:12:19.555 [39mDEBUG[0;39m [752b696f-0c92-4a63-bbcb-fd10eb6af388] [http-nio-8080-exec-2] c.b.c.logging.MethodLoggingAspect - Service enter: UserRoleService.initializeCustomerRole(..) args=[51938274-0d3c-4a3f-8078-68d298bc13a4]
2026-01-10 01:12:19.589 [34mINFO [0;39m [752b696f-0c92-4a63-bbcb-fd10eb6af388] [http-nio-8080-exec-2] c.b.c.logging.MethodLoggingAspect - Service exit: UserRoleService.initializeCustomerRole(..) (34 ms)
2026-01-10 01:12:19.589 [39mDEBUG[0;39m [752b696f-0c92-4a63-bbcb-fd10eb6af388] [http-nio-8080-exec-2] c.b.c.logging.MethodLoggingAspect - Service result: UserRoleService.initializeCustomerRole(..) => null
2026-01-10 01:12:19.657 [34mINFO [0;39m [752b696f-0c92-4a63-bbcb-fd10eb6af388] [http-nio-8080-exec-2] com.bharatshop.service.AuthService - Session created: userId=51938274-0d3c-4a3f-8078-68d298bc13a4 role=consumer
2026-01-10 01:12:19.657 [34mINFO [0;39m [752b696f-0c92-4a63-bbcb-fd10eb6af388] [http-nio-8080-exec-2] com.bharatshop.service.AuthService - User registered: id=51938274-0d3c-4a3f-8078-68d298bc13a4, token=eyJhbGciOiJIUzI1NiIsInR5cCI6IkpXVCJ9.eyJzdWIiOiI1MTkzODI3NC0wZDNjLTRhM2YtODA3OC02OGQyOThiYzEzYTQiLCJuYW1lIjoiVGVzdCBVc2VyIiwicm9sZSI6ImNvbnN1bWVyIiwidGVuYW50SWQiOiJkZWZhdWx0IiwiYWN0aXZlUm9sZSI6ImNvbnN1bWVyIiwiaWF0IjoxNzY3OTg3NzM5LCJleHAiOjE3Njc5OTEzMzl9.EiUnabt5kiccHvOZg7ikv1s6eEzfcXXBdDC292bACMo
2026-01-10 01:12:19.657 [34mINFO [0;39m [752b696f-0c92-4a63-bbcb-fd10eb6af388] [http-nio-8080-exec-2] c.b.c.logging.MethodLoggingAspect - Service exit: AuthService.register(..) (431 ms)
2026-01-10 01:12:19.666 [39mDEBUG[0;39m [752b696f-0c92-4a63-bbcb-fd10eb6af388] [http-nio-8080-exec-2] c.b.c.logging.MethodLoggingAspect - Service result: AuthService.register(..) => Session(Session[token=eyJhbGciOiJIUzI1NiIsInR5cCI6IkpXVCJ9.eyJzdWIiOiI1MTkzODI3NC0wZDNjLTRhM2YtODA3OC02OGQyOThiYzEzYTQiLCJuYW1lIjoiVGVzdCBVc2VyIiwicm9sZSI6ImNvbnN1bWVyIiwidGVuYW50SWQiOiJkZWZhdWx0IiwiYWN0aXZlUm9sZSI6ImNvbnN1bWVyIiwiaWF0IjoxNzY3OTg3NzM5LCJleHAiOjE3Njc5OTEzMzl9.EiUnabt5kiccHvOZg7ikv1s6eEzfcXXBdDC292bACMo, userId=51938274-0d3c-4a3f-8078-68d298bc13a4, name=Test User, role=consumer])
2026-01-10 01:12:19.666 [39mDEBUG[0;39m [752b696f-0c92-4a63-bbcb-fd10eb6af388] [http-nio-8080-exec-2] c.b.c.logging.MethodLoggingAspect - Service enter: AuthService.getProfile(..) args=[eyJhbGciOiJIUzI1NiIsInR5cCI6IkpXVCJ9.eyJzdWIiOiI1MTkzODI3NC0wZDNjLTRhM2YtODA3OC02OGQyOThiYzEzYTQiLCJuYW1lIjoiVGVzdCBVc2VyIiwicm9sZSI6ImNvbnN1bWVyIiwidGVuYW50SWQiOiJkZWZhdWx0IiwiYWN0aXZlUm9sZSI6ImNvbnN1bWVyIiwiaWF0IjoxNzY3OTg3NzM5LCJleHAiOjE3Njc5OTEzMzl9.EiUnabt5kiccHvOZg7ikv1s6eEzfcXXBdDC292bACMo]
2026-01-10 01:12:19.714 [34mINFO [0;39m [752b696f-0c92-4a63-bbcb-fd10eb6af388] [http-nio-8080-exec-2] c.b.c.logging.MethodLoggingAspect - Service exit: AuthService.getProfile(..) (48 ms)
2026-01-10 01:12:19.714 [39mDEBUG[0;39m [752b696f-0c92-4a63-bbcb-fd10eb6af388] [http-nio-8080-exec-2] c.b.c.logging.MethodLoggingAspect - Service result: AuthService.getProfile(..) => User(com.bharatshop.domain.User@7b13ab05)
2026-01-10 01:12:19.714 [34mINFO [0;39m [752b696f-0c92-4a63-bbcb-fd10eb6af388] [http-nio-8080-exec-2] com.bharatshop.web.AuthController - Storefront register success: userId=51938274-0d3c-4a3f-8078-68d298bc13a4 tokenPresent=true
2026-01-10 01:12:19.722 [34mINFO [0;39m [752b696f-0c92-4a63-bbcb-fd10eb6af388] [http-nio-8080-exec-2] c.b.c.logging.MethodLoggingAspect - Controller exit: AuthController.register(..) -> status=200 (504 ms)
2026-01-10 01:12:19.722 [39mDEBUG[0;39m [752b696f-0c92-4a63-bbcb-fd10eb6af388] [http-nio-8080-exec-2] c.b.c.logging.MethodLoggingAspect - Controller result: AuthController.register(..) => ResponseEntity(status=200)
2026-01-10 01:12:19.778 [34mINFO [0;39m [752b696f-0c92-4a63-bbcb-fd10eb6af388] [http-nio-8080-exec-2] c.b.config.logging.HttpLoggingFilter - POST /api/storefront/auth/register -> 200 (849 ms)
2026-01-10 01:12:19.780 [34mINFO [0;39m [752b696f-0c92-4a63-bbcb-fd10eb6af388] [http-nio-8080-exec-2] c.b.config.logging.HttpLoggingFilter - Headers: auth=absent content-type=application/json accept=null
2026-01-10 01:12:19.780 [34mINFO [0;39m [752b696f-0c92-4a63-bbcb-fd10eb6af388] [http-nio-8080-exec-2] c.b.config.logging.HttpLoggingFilter - Request payload: {"name":"Test User","email":"testuser@example.com","phone":"1234567890","password":"password123"}
2026-01-10 01:12:19.780 [34mINFO [0;39m [752b696f-0c92-4a63-bbcb-fd10eb6af388] [http-nio-8080-exec-2] c.b.config.logging.HttpLoggingFilter - Response payload: {"token":"eyJhbGciOiJIUzI1NiIsInR5cCI6IkpXVCJ9.eyJzdWIiOiI1MTkzODI3NC0wZDNjLTRhM2YtODA3OC02OGQyOThiYzEzYTQiLCJuYW1lIjoiVGVzdCBVc2VyIiwicm9sZSI6ImNvbnN1bWVyIiwidGVuYW50SWQiOiJkZWZhdWx0IiwiYWN0aXZlUm9sZSI6ImNvbnN1bWVyIiwiaWF0IjoxNzY3OTg3NzM5LCJleHAiOjE3Njc5OTEzMzl9.EiUnabt5kiccHvOZg7ikv1s6eEzfcXXBdDC292bACMo","user":{"id":"51938274-0d3c-4a3f-8078-68d298bc13a4","name":"Test User","email":"testuser@example.com","role":"consumer"}}
2026-01-10 01:12:33.727 [39mDEBUG[0;39m [2e0f0cbd-b5a5-48e4-aae1-b75fb801544c] [http-nio-8080-exec-3] c.b.c.logging.MethodLoggingAspect - Controller enter: AuthController.register(..) args=[RegisterRequest(com.bharatshop.dto.RegisterRequest@5f340d26)]
2026-01-10 01:12:33.727 [34mINFO [0;39m [2e0f0cbd-b5a5-48e4-aae1-b75fb801544c] [http-nio-8080-exec-3] com.bharatshop.web.AuthController - Register storefront user: email=testuser@example.com
2026-01-10 01:12:33.727 [39mDEBUG[0;39m [2e0f0cbd-b5a5-48e4-aae1-b75fb801544c] [http-nio-8080-exec-3] c.b.c.logging.MethodLoggingAspect - Service enter: AuthService.register(..) args=[Test User, testuser@example.com, password123]
2026-01-10 01:12:33.727 [34mINFO [0;39m [2e0f0cbd-b5a5-48e4-aae1-b75fb801544c] [http-nio-8080-exec-3] com.bharatshop.service.AuthService - Registering user: name=Test User, email=testuser@example.com
2026-01-10 01:12:33.742 [31mWARN [0;39m [2e0f0cbd-b5a5-48e4-aae1-b75fb801544c] [http-nio-8080-exec-3] com.bharatshop.service.AuthService - Registration failed: email already registered: testuser@example.com
2026-01-10 01:12:33.744 [1;31mERROR[0;39m [2e0f0cbd-b5a5-48e4-aae1-b75fb801544c] [http-nio-8080-exec-3] c.b.c.logging.MethodLoggingAspect - Unhandled exception: java.lang.IllegalArgumentException: Email already registered
2026-01-10 01:12:33.744 [1;31mERROR[0;39m [2e0f0cbd-b5a5-48e4-aae1-b75fb801544c] [http-nio-8080-exec-3] c.b.c.logging.MethodLoggingAspect - Service error: AuthService.register(..) (17 ms) - java.lang.IllegalArgumentException: Email already registered
2026-01-10 01:12:33.744 [1;31mERROR[0;39m [2e0f0cbd-b5a5-48e4-aae1-b75fb801544c] [http-nio-8080-exec-3] c.b.c.logging.MethodLoggingAspect - Unhandled exception: java.lang.IllegalArgumentException: Email already registered
2026-01-10 01:12:33.744 [1;31mERROR[0;39m [2e0f0cbd-b5a5-48e4-aae1-b75fb801544c] [http-nio-8080-exec-3] c.b.c.logging.MethodLoggingAspect - Controller error: AuthController.register(..) (17 ms) - java.lang.IllegalArgumentException: Email already registered
2026-01-10 01:12:33.748 [31mWARN [0;39m [2e0f0cbd-b5a5-48e4-aae1-b75fb801544c] [http-nio-8080-exec-3] c.b.config.GlobalExceptionHandler - Bad request: Email already registered
2026-01-10 01:12:33.752 [34mINFO [0;39m [2e0f0cbd-b5a5-48e4-aae1-b75fb801544c] [http-nio-8080-exec-3] c.b.config.logging.HttpLoggingFilter - POST /api/storefront/auth/register -> 400 (27 ms)
2026-01-10 01:12:33.752 [34mINFO [0;39m [2e0f0cbd-b5a5-48e4-aae1-b75fb801544c] [http-nio-8080-exec-3] c.b.config.logging.HttpLoggingFilter - Headers: auth=absent content-type=application/json accept=null
2026-01-10 01:12:33.752 [34mINFO [0;39m [2e0f0cbd-b5a5-48e4-aae1-b75fb801544c] [http-nio-8080-exec-3] c.b.config.logging.HttpLoggingFilter - Request payload: {"name":"Test User","email":"testuser@example.com","phone":"1234567890","password":"password123"}
2026-01-10 01:12:33.754 [34mINFO [0;39m [2e0f0cbd-b5a5-48e4-aae1-b75fb801544c] [http-nio-8080-exec-3] c.b.config.logging.HttpLoggingFilter - Response payload: {"code":"BAD_REQUEST","message":"Email already registered"}
2026-01-10 01:12:46.698 [39mDEBUG[0;39m [9c0a335d-1a8c-4b43-a51e-520db72ff147] [http-nio-8080-exec-4] c.b.c.logging.MethodLoggingAspect - Controller enter: AuthController.register(..) args=[RegisterRequest(com.bharatshop.dto.RegisterRequest@632a310d)]
2026-01-10 01:12:46.699 [34mINFO [0;39m [9c0a335d-1a8c-4b43-a51e-520db72ff147] [http-nio-8080-exec-4] com.bharatshop.web.AuthController - Register storefront user: email=testuser2@example.com
2026-01-10 01:12:46.699 [39mDEBUG[0;39m [9c0a335d-1a8c-4b43-a51e-520db72ff147] [http-nio-8080-exec-4] c.b.c.logging.MethodLoggingAspect - Service enter: AuthService.register(..) args=[Test User2, testuser2@example.com, password123]
2026-01-10 01:12:46.699 [34mINFO [0;39m [9c0a335d-1a8c-4b43-a51e-520db72ff147] [http-nio-8080-exec-4] com.bharatshop.service.AuthService - Registering user: name=Test User2, email=testuser2@example.com
2026-01-10 01:12:46.879 [39mDEBUG[0;39m [9c0a335d-1a8c-4b43-a51e-520db72ff147] [http-nio-8080-exec-4] c.b.c.logging.MethodLoggingAspect - Service enter: UserRoleService.initializeCustomerRole(..) args=[7aabee85-e657-4510-9dcd-370ef55898c8]
2026-01-10 01:12:46.892 [34mINFO [0;39m [9c0a335d-1a8c-4b43-a51e-520db72ff147] [http-nio-8080-exec-4] c.b.c.logging.MethodLoggingAspect - Service exit: UserRoleService.initializeCustomerRole(..) (13 ms)
2026-01-10 01:12:46.892 [39mDEBUG[0;39m [9c0a335d-1a8c-4b43-a51e-520db72ff147] [http-nio-8080-exec-4] c.b.c.logging.MethodLoggingAspect - Service result: UserRoleService.initializeCustomerRole(..) => null
2026-01-10 01:12:46.898 [34mINFO [0;39m [9c0a335d-1a8c-4b43-a51e-520db72ff147] [http-nio-8080-exec-4] com.bharatshop.service.AuthService - Session created: userId=7aabee85-e657-4510-9dcd-370ef55898c8 role=consumer
2026-01-10 01:12:46.899 [34mINFO [0;39m [9c0a335d-1a8c-4b43-a51e-520db72ff147] [http-nio-8080-exec-4] com.bharatshop.service.AuthService - User registered: id=7aabee85-e657-4510-9dcd-370ef55898c8, token=eyJhbGciOiJIUzI1NiIsInR5cCI6IkpXVCJ9.eyJzdWIiOiI3YWFiZWU4NS1lNjU3LTQ1MTAtOWRjZC0zNzBlZjU1ODk4YzgiLCJuYW1lIjoiVGVzdCBVc2VyMiIsInJvbGUiOiJjb25zdW1lciIsInRlbmFudElkIjoiZGVmYXVsdCIsImFjdGl2ZVJvbGUiOiJjb25zdW1lciIsImlhdCI6MTc2Nzk4Nzc2NiwiZXhwIjoxNzY3OTkxMzY2fQ.gXKcsCmn1z5_BY0yhKSajs-Stz7THipYX61ofgeXOpg
2026-01-10 01:12:46.899 [34mINFO [0;39m [9c0a335d-1a8c-4b43-a51e-520db72ff147] [http-nio-8080-exec-4] c.b.c.logging.MethodLoggingAspect - Service exit: AuthService.register(..) (200 ms)
2026-01-10 01:12:46.899 [39mDEBUG[0;39m [9c0a335d-1a8c-4b43-a51e-520db72ff147] [http-nio-8080-exec-4] c.b.c.logging.MethodLoggingAspect - Service result: AuthService.register(..) => Session(Session[token=eyJhbGciOiJIUzI1NiIsInR5cCI6IkpXVCJ9.eyJzdWIiOiI3YWFiZWU4NS1lNjU3LTQ1MTAtOWRjZC0zNzBlZjU1ODk4YzgiLCJuYW1lIjoiVGVzdCBVc2VyMiIsInJvbGUiOiJjb25zdW1lciIsInRlbmFudElkIjoiZGVmYXVsdCIsImFjdGl2ZVJvbGUiOiJjb25zdW1lciIsImlhdCI6MTc2Nzk4Nzc2NiwiZXhwIjoxNzY3OTkxMzY2fQ.gXKcsCmn1z5_BY0yhKSajs-Stz7THipYX61ofgeXOpg, userId=7aabee85-e657-4510-9dcd-370ef55898c8, name=Test User2, role=consumer])
2026-01-10 01:12:46.901 [39mDEBUG[0;39m [9c0a335d-1a8c-4b43-a51e-520db72ff147] [http-nio-8080-exec-4] c.b.c.logging.MethodLoggingAspect - Service enter: AuthService.getProfile(..) args=[eyJhbGciOiJIUzI1NiIsInR5cCI6IkpXVCJ9.eyJzdWIiOiI3YWFiZWU4NS1lNjU3LTQ1MTAtOWRjZC0zNzBlZjU1ODk4YzgiLCJuYW1lIjoiVGVzdCBVc2VyMiIsInJvbGUiOiJjb25zdW1lciIsInRlbmFudElkIjoiZGVmYXVsdCIsImFjdGl2ZVJvbGUiOiJjb25zdW1lciIsImlhdCI6MTc2Nzk4Nzc2NiwiZXhwIjoxNzY3OTkxMzY2fQ.gXKcsCmn1z5_BY0yhKSajs-Stz7THipYX61ofgeXOpg]
2026-01-10 01:12:46.903 [34mINFO [0;39m [9c0a335d-1a8c-4b43-a51e-520db72ff147] [http-nio-8080-exec-4] c.b.c.logging.MethodLoggingAspect - Service exit: AuthService.getProfile(..) (2 ms)
2026-01-10 01:12:46.903 [39mDEBUG[0;39m [9c0a335d-1a8c-4b43-a51e-520db72ff147] [http-nio-8080-exec-4] c.b.c.logging.MethodLoggingAspect - Service result: AuthService.getProfile(..) => User(com.bharatshop.domain.User@41ef1bc8)
2026-01-10 01:12:46.903 [34mINFO [0;39m [9c0a335d-1a8c-4b43-a51e-520db72ff147] [http-nio-8080-exec-4] com.bharatshop.web.AuthController - Storefront register success: userId=7aabee85-e657-4510-9dcd-370ef55898c8 tokenPresent=true
2026-01-10 01:12:46.905 [34mINFO [0;39m [9c0a335d-1a8c-4b43-a51e-520db72ff147] [http-nio-8080-exec-4] c.b.c.logging.MethodLoggingAspect - Controller exit: AuthController.register(..) -> status=200 (207 ms)
2026-01-10 01:12:46.905 [39mDEBUG[0;39m [9c0a335d-1a8c-4b43-a51e-520db72ff147] [http-nio-8080-exec-4] c.b.c.logging.MethodLoggingAspect - Controller result: AuthController.register(..) => ResponseEntity(status=200)
2026-01-10 01:12:46.907 [34mINFO [0;39m [9c0a335d-1a8c-4b43-a51e-520db72ff147] [http-nio-8080-exec-4] c.b.config.logging.HttpLoggingFilter - POST /api/storefront/auth/register -> 200 (211 ms)
2026-01-10 01:12:46.907 [34mINFO [0;39m [9c0a335d-1a8c-4b43-a51e-520db72ff147] [http-nio-8080-exec-4] c.b.config.logging.HttpLoggingFilter - Headers: auth=absent content-type=application/json accept=null
2026-01-10 01:12:46.907 [34mINFO [0;39m [9c0a335d-1a8c-4b43-a51e-520db72ff147] [http-nio-8080-exec-4] c.b.config.logging.HttpLoggingFilter - Request payload: {"name":"Test User2","email":"testuser2@example.com","phone":"1234567891","password":"password123"}
2026-01-10 01:12:46.907 [34mINFO [0;39m [9c0a335d-1a8c-4b43-a51e-520db72ff147] [http-nio-8080-exec-4] c.b.config.logging.HttpLoggingFilter - Response payload: {"token":"eyJhbGciOiJIUzI1NiIsInR5cCI6IkpXVCJ9.eyJzdWIiOiI3YWFiZWU4NS1lNjU3LTQ1MTAtOWRjZC0zNzBlZjU1ODk4YzgiLCJuYW1lIjoiVGVzdCBVc2VyMiIsInJvbGUiOiJjb25zdW1lciIsInRlbmFudElkIjoiZGVmYXVsdCIsImFjdGl2ZVJvbGUiOiJjb25zdW1lciIsImlhdCI6MTc2Nzk4Nzc2NiwiZXhwIjoxNzY3OTkxMzY2fQ.gXKcsCmn1z5_BY0yhKSajs-Stz7THipYX61ofgeXOpg","user":{"id":"7aabee85-e657-4510-9dcd-370ef55898c8","name":"Test User2","email":"testuser2@example.com","role":"consumer"}}
2026-01-10 01:12:58.214 [39mDEBUG[0;39m [2d48d3b2-c033-45bf-9ae8-581600da3dcf] [http-nio-8080-exec-5] c.b.c.logging.MethodLoggingAspect - Service enter: UserRoleService.getUserRoleEntities(..) args=[7aabee85-e657-4510-9dcd-370ef55898c8]
2026-01-10 01:12:58.219 [34mINFO [0;39m [2d48d3b2-c033-45bf-9ae8-581600da3dcf] [http-nio-8080-exec-5] c.b.c.logging.MethodLoggingAspect - Service exit: UserRoleService.getUserRoleEntities(..) (5 ms)
2026-01-10 01:12:58.221 [39mDEBUG[0;39m [2d48d3b2-c033-45bf-9ae8-581600da3dcf] [http-nio-8080-exec-5] c.b.c.logging.MethodLoggingAspect - Service result: UserRoleService.getUserRoleEntities(..) => ArrayList[size=1]
2026-01-10 01:12:58.228 [34mINFO [0;39m [2d48d3b2-c033-45bf-9ae8-581600da3dcf] [http-nio-8080-exec-5] c.b.config.logging.HttpLoggingFilter - GET /api/user/me -> 200 (33 ms)
2026-01-10 01:12:58.229 [34mINFO [0;39m [2d48d3b2-c033-45bf-9ae8-581600da3dcf] [http-nio-8080-exec-5] c.b.config.logging.HttpLoggingFilter - Headers: auth=present content-type=null accept=null
2026-01-10 01:12:58.230 [34mINFO [0;39m [2d48d3b2-c033-45bf-9ae8-581600da3dcf] [http-nio-8080-exec-5] c.b.config.logging.HttpLoggingFilter - Response payload: {"tenant_id":"default","allowed_roles":["CUSTOMER"],"name":"Test User2","created_at":"2026-01-09T19:42:46.877182Z","active_role":"consumer","id":"7aabee85-e657-4510-9dcd-370ef55898c8","email":"testuser2@example.com"}
2026-01-10 01:13:09.805 [39mDEBUG[0;39m [a3e5a1dd-1f80-435c-beea-e7f139cbc8e5] [http-nio-8080-exec-6] c.b.c.logging.MethodLoggingAspect - Service enter: UserRoleService.getUserRoleEntities(..) args=[7aabee85-e657-4510-9dcd-370ef55898c8]
2026-01-10 01:13:09.808 [34mINFO [0;39m [a3e5a1dd-1f80-435c-beea-e7f139cbc8e5] [http-nio-8080-exec-6] c.b.c.logging.MethodLoggingAspect - Service exit: UserRoleService.getUserRoleEntities(..) (3 ms)
2026-01-10 01:13:09.808 [39mDEBUG[0;39m [a3e5a1dd-1f80-435c-beea-e7f139cbc8e5] [http-nio-8080-exec-6] c.b.c.logging.MethodLoggingAspect - Service result: UserRoleService.getUserRoleEntities(..) => ArrayList[size=1]
2026-01-10 01:13:09.809 [34mINFO [0;39m [a3e5a1dd-1f80-435c-beea-e7f139cbc8e5] [http-nio-8080-exec-6] c.b.config.logging.HttpLoggingFilter - GET /api/user/me -> 200 (10 ms)
2026-01-10 01:13:09.811 [34mINFO [0;39m [a3e5a1dd-1f80-435c-beea-e7f139cbc8e5] [http-nio-8080-exec-6] c.b.config.logging.HttpLoggingFilter - Headers: auth=present content-type=null accept=null
2026-01-10 01:13:09.811 [34mINFO [0;39m [a3e5a1dd-1f80-435c-beea-e7f139cbc8e5] [http-nio-8080-exec-6] c.b.config.logging.HttpLoggingFilter - Response payload: {"tenant_id":"default","allowed_roles":["CUSTOMER"],"name":"Test User2","created_at":"2026-01-09T19:42:46.877182Z","active_role":"consumer","id":"7aabee85-e657-4510-9dcd-370ef55898c8","email":"testuser2@example.com"}
2026-01-10 01:13:24.610 [34mINFO [0;39m [ab64d0a7-2d8f-4a32-8df8-e568eaa2de45] [http-nio-8080-exec-7] c.b.config.logging.HttpLoggingFilter - POST /api/storefront/auth/register-seller -> 404 (11 ms)
2026-01-10 01:13:24.610 [34mINFO [0;39m [ab64d0a7-2d8f-4a32-8df8-e568eaa2de45] [http-nio-8080-exec-7] c.b.config.logging.HttpLoggingFilter - Headers: auth=absent content-type=application/json accept=null
2026-01-10 01:14:13.114 [39mDEBUG[0;39m [16145cba-1746-426d-a5c0-d35b42937a8b] [http-nio-8080-exec-8] c.b.c.logging.MethodLoggingAspect - Controller enter: SellerAuthController.register(..) args=[SellerRegisterRequest(com.bharatshop.dto.SellerRegisterRequest@4e6a4309)]
2026-01-10 01:14:13.114 [34mINFO [0;39m [16145cba-1746-426d-a5c0-d35b42937a8b] [http-nio-8080-exec-8] c.b.web.SellerAuthController - Register/upgrade seller: email=testseller@example.com phone=null
2026-01-10 01:14:13.114 [39mDEBUG[0;39m [16145cba-1746-426d-a5c0-d35b42937a8b] [http-nio-8080-exec-8] c.b.c.logging.MethodLoggingAspect - Service enter: AuthService.registerOrUpgradeSeller(..) args=[Test Seller, testseller@example.com, null, password123]
2026-01-10 01:14:13.287 [34mINFO [0;39m [16145cba-1746-426d-a5c0-d35b42937a8b] [http-nio-8080-exec-8] com.bharatshop.service.AuthService - Session created: userId=27dc1381-8b3b-48e8-b6c3-22d5c7c8f1a2 role=seller
2026-01-10 01:14:13.289 [34mINFO [0;39m [16145cba-1746-426d-a5c0-d35b42937a8b] [http-nio-8080-exec-8] com.bharatshop.service.AuthService - Created new SELLER: userId=27dc1381-8b3b-48e8-b6c3-22d5c7c8f1a2 email=testseller@example.com phone=null tokenPresent=true
2026-01-10 01:14:13.289 [34mINFO [0;39m [16145cba-1746-426d-a5c0-d35b42937a8b] [http-nio-8080-exec-8] c.b.c.logging.MethodLoggingAspect - Service exit: AuthService.registerOrUpgradeSeller(..) (175 ms)
2026-01-10 01:14:13.289 [39mDEBUG[0;39m [16145cba-1746-426d-a5c0-d35b42937a8b] [http-nio-8080-exec-8] c.b.c.logging.MethodLoggingAspect - Service result: AuthService.registerOrUpgradeSeller(..) => Session(Session[token=eyJhbGciOiJIUzI1NiIsInR5cCI6IkpXVCJ9.eyJzdWIiOiIyN2RjMTM4MS04YjNiLTQ4ZTgtYjZjMy0yMmQ1YzdjOGYxYTIiLCJuYW1lIjoiVGVzdCBTZWxsZXIiLCJyb2xlIjoic2VsbGVyIiwidGVuYW50SWQiOiJkZWZhdWx0IiwiYWN0aXZlUm9sZSI6InNlbGxlciIsImlhdCI6MTc2Nzk4Nzg1MywiZXhwIjoxNzY3OTkxNDUzfQ.iLumOcNIpi3LfuDh7glFTc-sMGNKcFWbYioy3BSAIY4, userId=27dc1381-8b3b-48e8-b6c3-22d5c7c8f1a2, name=Test Seller, role=seller])
2026-01-10 01:14:13.291 [39mDEBUG[0;39m [16145cba-1746-426d-a5c0-d35b42937a8b] [http-nio-8080-exec-8] c.b.c.logging.MethodLoggingAspect - Service enter: AuthService.getProfile(..) args=[eyJhbGciOiJIUzI1NiIsInR5cCI6IkpXVCJ9.eyJzdWIiOiIyN2RjMTM4MS04YjNiLTQ4ZTgtYjZjMy0yMmQ1YzdjOGYxYTIiLCJuYW1lIjoiVGVzdCBTZWxsZXIiLCJyb2xlIjoic2VsbGVyIiwidGVuYW50SWQiOiJkZWZhdWx0IiwiYWN0aXZlUm9sZSI6InNlbGxlciIsImlhdCI6MTc2Nzk4Nzg1MywiZXhwIjoxNzY3OTkxNDUzfQ.iLumOcNIpi3LfuDh7glFTc-sMGNKcFWbYioy3BSAIY4]
2026-01-10 01:14:13.293 [34mINFO [0;39m [16145cba-1746-426d-a5c0-d35b42937a8b] [http-nio-8080-exec-8] c.b.c.logging.MethodLoggingAspect - Service exit: AuthService.getProfile(..) (2 ms)
2026-01-10 01:14:13.295 [39mDEBUG[0;39m [16145cba-1746-426d-a5c0-d35b42937a8b] [http-nio-8080-exec-8] c.b.c.logging.MethodLoggingAspect - Service result: AuthService.getProfile(..) => User(com.bharatshop.domain.User@7a37b83b)
2026-01-10 01:14:13.295 [34mINFO [0;39m [16145cba-1746-426d-a5c0-d35b42937a8b] [http-nio-8080-exec-8] c.b.web.SellerAuthController - Seller register/upgrade success: userId=27dc1381-8b3b-48e8-b6c3-22d5c7c8f1a2 role=seller
2026-01-10 01:14:13.295 [34mINFO [0;39m [16145cba-1746-426d-a5c0-d35b42937a8b] [http-nio-8080-exec-8] c.b.c.logging.MethodLoggingAspect - Controller exit: SellerAuthController.register(..) -> status=200 (181 ms)
2026-01-10 01:14:13.295 [39mDEBUG[0;39m [16145cba-1746-426d-a5c0-d35b42937a8b] [http-nio-8080-exec-8] c.b.c.logging.MethodLoggingAspect - Controller result: SellerAuthController.register(..) => ResponseEntity(status=200)
2026-01-10 01:14:13.300 [34mINFO [0;39m [16145cba-1746-426d-a5c0-d35b42937a8b] [http-nio-8080-exec-8] c.b.config.logging.HttpLoggingFilter - POST /api/auth/seller/register -> 200 (190 ms)
2026-01-10 01:14:13.300 [34mINFO [0;39m [16145cba-1746-426d-a5c0-d35b42937a8b] [http-nio-8080-exec-8] c.b.config.logging.HttpLoggingFilter - Headers: auth=absent content-type=application/json accept=null
2026-01-10 01:14:13.302 [34mINFO [0;39m [16145cba-1746-426d-a5c0-d35b42937a8b] [http-nio-8080-exec-8] c.b.config.logging.HttpLoggingFilter - Request payload: {"name":"Test Seller","email":"testseller@example.com","password":"password123"}
2026-01-10 01:14:13.302 [34mINFO [0;39m [16145cba-1746-426d-a5c0-d35b42937a8b] [http-nio-8080-exec-8] c.b.config.logging.HttpLoggingFilter - Response payload: {"token":"eyJhbGciOiJIUzI1NiIsInR5cCI6IkpXVCJ9.eyJzdWIiOiIyN2RjMTM4MS04YjNiLTQ4ZTgtYjZjMy0yMmQ1YzdjOGYxYTIiLCJuYW1lIjoiVGVzdCBTZWxsZXIiLCJyb2xlIjoic2VsbGVyIiwidGVuYW50SWQiOiJkZWZhdWx0IiwiYWN0aXZlUm9sZSI6InNlbGxlciIsImlhdCI6MTc2Nzk4Nzg1MywiZXhwIjoxNzY3OTkxNDUzfQ.iLumOcNIpi3LfuDh7glFTc-sMGNKcFWbYioy3BSAIY4","user":{"id":"27dc1381-8b3b-48e8-b6c3-22d5c7c8f1a2","name":"Test Seller","email":"testseller@example.com","role":"seller"}}
2026-01-10 01:14:24.331 [39mDEBUG[0;39m [7a4d11ee-8327-4431-a7b9-e1f2d17752b6] [http-nio-8080-exec-9] c.b.c.logging.MethodLoggingAspect - Service enter: UserRoleService.getUserRoleEntities(..) args=[27dc1381-8b3b-48e8-b6c3-22d5c7c8f1a2]
2026-01-10 01:14:24.333 [34mINFO [0;39m [7a4d11ee-8327-4431-a7b9-e1f2d17752b6] [http-nio-8080-exec-9] c.b.c.logging.MethodLoggingAspect - Service exit: UserRoleService.getUserRoleEntities(..) (2 ms)
2026-01-10 01:14:24.335 [39mDEBUG[0;39m [7a4d11ee-8327-4431-a7b9-e1f2d17752b6] [http-nio-8080-exec-9] c.b.c.logging.MethodLoggingAspect - Service result: UserRoleService.getUserRoleEntities(..) => ArrayList[size=0]
2026-01-10 01:14:24.335 [34mINFO [0;39m [7a4d11ee-8327-4431-a7b9-e1f2d17752b6] [http-nio-8080-exec-9] c.b.config.logging.HttpLoggingFilter - GET /api/user/me -> 200 (8 ms)
2026-01-10 01:14:24.335 [34mINFO [0;39m [7a4d11ee-8327-4431-a7b9-e1f2d17752b6] [http-nio-8080-exec-9] c.b.config.logging.HttpLoggingFilter - Headers: auth=present content-type=null accept=null
2026-01-10 01:14:24.335 [34mINFO [0;39m [7a4d11ee-8327-4431-a7b9-e1f2d17752b6] [http-nio-8080-exec-9] c.b.config.logging.HttpLoggingFilter - Response payload: {"tenant_id":"default","allowed_roles":[],"name":"Test Seller","created_at":"2026-01-09T19:44:13.285597Z","active_role":"seller","id":"27dc1381-8b3b-48e8-b6c3-22d5c7c8f1a2","email":"testseller@example.com"}
2026-01-10 01:14:46.805 [34mINFO [0;39m [fa4e4f6f-3ec5-45f1-813a-eed99012ff72] [http-nio-8080-exec-10] c.b.config.logging.HttpLoggingFilter - POST /api/user/switch-role -> 400 (6 ms)
2026-01-10 01:14:46.805 [34mINFO [0;39m [fa4e4f6f-3ec5-45f1-813a-eed99012ff72] [http-nio-8080-exec-10] c.b.config.logging.HttpLoggingFilter - Headers: auth=present content-type=application/json accept=null
2026-01-10 01:14:46.805 [34mINFO [0;39m [fa4e4f6f-3ec5-45f1-813a-eed99012ff72] [http-nio-8080-exec-10] c.b.config.logging.HttpLoggingFilter - Request payload: {"userId":"27dc1381-8b3b-48e8-b6c3-22d5c7c8f1a2","targetRole":"CUSTOMER"}
2026-01-10 01:14:46.805 [34mINFO [0;39m [fa4e4f6f-3ec5-45f1-813a-eed99012ff72] [http-nio-8080-exec-10] c.b.config.logging.HttpLoggingFilter - Response payload: {"error":"Role is required"}
2026-01-10 01:15:09.284 [39mDEBUG[0;39m [6c813811-dc2a-4168-bf47-29ae0df237b1] [http-nio-8080-exec-1] c.b.c.logging.MethodLoggingAspect - Service enter: UserRoleService.switchUserRole(..) args=[27dc1381-8b3b-48e8-b6c3-22d5c7c8f1a2, CUSTOMER]
2026-01-10 01:15:09.289 [1;31mERROR[0;39m [6c813811-dc2a-4168-bf47-29ae0df237b1] [http-nio-8080-exec-1] c.b.c.logging.MethodLoggingAspect - Unhandled exception: java.lang.RuntimeException: User does not have role: CUSTOMER
2026-01-10 01:15:09.289 [1;31mERROR[0;39m [6c813811-dc2a-4168-bf47-29ae0df237b1] [http-nio-8080-exec-1] c.b.c.logging.MethodLoggingAspect - Service error: UserRoleService.switchUserRole(..) (5 ms) - java.lang.RuntimeException: User does not have role: CUSTOMER
2026-01-10 01:15:09.294 [34mINFO [0;39m [6c813811-dc2a-4168-bf47-29ae0df237b1] [http-nio-8080-exec-1] c.b.config.logging.HttpLoggingFilter - POST /api/user/switch-role -> 500 (18 ms)
2026-01-10 01:15:09.294 [34mINFO [0;39m [6c813811-dc2a-4168-bf47-29ae0df237b1] [http-nio-8080-exec-1] c.b.config.logging.HttpLoggingFilter - Headers: auth=present content-type=application/json accept=null
2026-01-10 01:15:09.294 [34mINFO [0;39m [6c813811-dc2a-4168-bf47-29ae0df237b1] [http-nio-8080-exec-1] c.b.config.logging.HttpLoggingFilter - Request payload: {"role":"CUSTOMER"}
2026-01-10 01:15:09.294 [34mINFO [0;39m [6c813811-dc2a-4168-bf47-29ae0df237b1] [http-nio-8080-exec-1] c.b.config.logging.HttpLoggingFilter - Response payload: {"error":"Failed to switch role: User does not have role: CUSTOMER"}
2026-01-10 01:15:21.000 [39mDEBUG[0;39m [fa324922-cc0d-4a1a-91fd-349d59743e3d] [http-nio-8080-exec-2] c.b.c.logging.MethodLoggingAspect - Service enter: UserRoleService.switchUserRole(..) args=[7aabee85-e657-4510-9dcd-370ef55898c8, SELLER]
2026-01-10 01:15:21.006 [1;31mERROR[0;39m [fa324922-cc0d-4a1a-91fd-349d59743e3d] [http-nio-8080-exec-2] c.b.c.logging.MethodLoggingAspect - Unhandled exception: java.lang.RuntimeException: User does not have role: SELLER
2026-01-10 01:15:21.006 [1;31mERROR[0;39m [fa324922-cc0d-4a1a-91fd-349d59743e3d] [http-nio-8080-exec-2] c.b.c.logging.MethodLoggingAspect - Service error: UserRoleService.switchUserRole(..) (6 ms) - java.lang.RuntimeException: User does not have role: SELLER
2026-01-10 01:15:21.009 [34mINFO [0;39m [fa324922-cc0d-4a1a-91fd-349d59743e3d] [http-nio-8080-exec-2] c.b.config.logging.HttpLoggingFilter - POST /api/user/switch-role -> 500 (12 ms)
2026-01-10 01:15:21.009 [34mINFO [0;39m [fa324922-cc0d-4a1a-91fd-349d59743e3d] [http-nio-8080-exec-2] c.b.config.logging.HttpLoggingFilter - Headers: auth=present content-type=application/json accept=null
2026-01-10 01:15:21.009 [34mINFO [0;39m [fa324922-cc0d-4a1a-91fd-349d59743e3d] [http-nio-8080-exec-2] c.b.config.logging.HttpLoggingFilter - Request payload: {"role":"SELLER"}
2026-01-10 01:15:21.009 [34mINFO [0;39m [fa324922-cc0d-4a1a-91fd-349d59743e3d] [http-nio-8080-exec-2] c.b.config.logging.HttpLoggingFilter - Response payload: {"error":"Failed to switch role: User does not have role: SELLER"}
2026-01-10 01:15:44.376 [34mINFO [0;39m [dee7d06f-792f-45cd-9a7d-6af403627cf4] [http-nio-8080-exec-3] c.b.config.logging.HttpLoggingFilter - POST /api/user/add-role -> 404 (4 ms)
2026-01-10 01:15:44.376 [34mINFO [0;39m [dee7d06f-792f-45cd-9a7d-6af403627cf4] [http-nio-8080-exec-3] c.b.config.logging.HttpLoggingFilter - Headers: auth=present content-type=application/json accept=null
2026-01-10 01:16:13.732 [39mDEBUG[0;39m [19b7ae3a-f055-4122-9df2-7195801484ee] [http-nio-8080-exec-4] c.b.c.logging.MethodLoggingAspect - Controller enter: AuthController.register(..) args=[RegisterRequest(com.bharatshop.dto.RegisterRequest@37443714)]
2026-01-10 01:16:13.732 [34mINFO [0;39m [19b7ae3a-f055-4122-9df2-7195801484ee] [http-nio-8080-exec-4] com.bharatshop.web.AuthController - Register storefront user: email=multirole@example.com
2026-01-10 01:16:13.732 [39mDEBUG[0;39m [19b7ae3a-f055-4122-9df2-7195801484ee] [http-nio-8080-exec-4] c.b.c.logging.MethodLoggingAspect - Service enter: AuthService.register(..) args=[Multi Role User, multirole@example.com, password123]
2026-01-10 01:16:13.732 [34mINFO [0;39m [19b7ae3a-f055-4122-9df2-7195801484ee] [http-nio-8080-exec-4] com.bharatshop.service.AuthService - Registering user: name=Multi Role User, email=multirole@example.com
2026-01-10 01:16:13.908 [39mDEBUG[0;39m [19b7ae3a-f055-4122-9df2-7195801484ee] [http-nio-8080-exec-4] c.b.c.logging.MethodLoggingAspect - Service enter: UserRoleService.initializeCustomerRole(..) args=[d0ebcf80-4743-47b0-a0cf-ac29374359fd]
2026-01-10 01:16:13.923 [34mINFO [0;39m [19b7ae3a-f055-4122-9df2-7195801484ee] [http-nio-8080-exec-4] c.b.c.logging.MethodLoggingAspect - Service exit: UserRoleService.initializeCustomerRole(..) (15 ms)
2026-01-10 01:16:13.923 [39mDEBUG[0;39m [19b7ae3a-f055-4122-9df2-7195801484ee] [http-nio-8080-exec-4] c.b.c.logging.MethodLoggingAspect - Service result: UserRoleService.initializeCustomerRole(..) => null
2026-01-10 01:16:13.927 [34mINFO [0;39m [19b7ae3a-f055-4122-9df2-7195801484ee] [http-nio-8080-exec-4] com.bharatshop.service.AuthService - Session created: userId=d0ebcf80-4743-47b0-a0cf-ac29374359fd role=consumer
2026-01-10 01:16:13.927 [34mINFO [0;39m [19b7ae3a-f055-4122-9df2-7195801484ee] [http-nio-8080-exec-4] com.bharatshop.service.AuthService - User registered: id=d0ebcf80-4743-47b0-a0cf-ac29374359fd, token=eyJhbGciOiJIUzI1NiIsInR5cCI6IkpXVCJ9.eyJzdWIiOiJkMGViY2Y4MC00NzQzLTQ3YjAtYTBjZi1hYzI5Mzc0MzU5ZmQiLCJuYW1lIjoiTXVsdGkgUm9sZSBVc2VyIiwicm9sZSI6ImNvbnN1bWVyIiwidGVuYW50SWQiOiJkZWZhdWx0IiwiYWN0aXZlUm9sZSI6ImNvbnN1bWVyIiwiaWF0IjoxNzY3OTg3OTczLCJleHAiOjE3Njc5OTE1NzN9.XPihIZqvl6zhTcHKPoNCdyuF3EMoyUycsqpeuD7VcE0
2026-01-10 01:16:13.927 [34mINFO [0;39m [19b7ae3a-f055-4122-9df2-7195801484ee] [http-nio-8080-exec-4] c.b.c.logging.MethodLoggingAspect - Service exit: AuthService.register(..) (195 ms)
2026-01-10 01:16:13.929 [39mDEBUG[0;39m [19b7ae3a-f055-4122-9df2-7195801484ee] [http-nio-8080-exec-4] c.b.c.logging.MethodLoggingAspect - Service result: AuthService.register(..) => Session(Session[token=eyJhbGciOiJIUzI1NiIsInR5cCI6IkpXVCJ9.eyJzdWIiOiJkMGViY2Y4MC00NzQzLTQ3YjAtYTBjZi1hYzI5Mzc0MzU5ZmQiLCJuYW1lIjoiTXVsdGkgUm9sZSBVc2VyIiwicm9sZSI6ImNvbnN1bWVyIiwidGVuYW50SWQiOiJkZWZhdWx0IiwiYWN0aXZlUm9sZSI6ImNvbnN1bWVyIiwiaWF0IjoxNzY3OTg3OTczLCJleHAiOjE3Njc5OTE1NzN9.XPihIZqvl6zhTcHKPoNCdyuF3EMoyUycsqpeuD7VcE0, userId=d0ebcf80-4743-47b0-a0cf-ac29374359fd, name=Multi Role User, role=consumer])
2026-01-10 01:16:13.929 [39mDEBUG[0;39m [19b7ae3a-f055-4122-9df2-7195801484ee] [http-nio-8080-exec-4] c.b.c.logging.MethodLoggingAspect - Service enter: AuthService.getProfile(..) args=[eyJhbGciOiJIUzI1NiIsInR5cCI6IkpXVCJ9.eyJzdWIiOiJkMGViY2Y4MC00NzQzLTQ3YjAtYTBjZi1hYzI5Mzc0MzU5ZmQiLCJuYW1lIjoiTXVsdGkgUm9sZSBVc2VyIiwicm9sZSI6ImNvbnN1bWVyIiwidGVuYW50SWQiOiJkZWZhdWx0IiwiYWN0aXZlUm9sZSI6ImNvbnN1bWVyIiwiaWF0IjoxNzY3OTg3OTczLCJleHAiOjE3Njc5OTE1NzN9.XPihIZqvl6zhTcHKPoNCdyuF3EMoyUycsqpeuD7VcE0]
2026-01-10 01:16:13.931 [34mINFO [0;39m [19b7ae3a-f055-4122-9df2-7195801484ee] [http-nio-8080-exec-4] c.b.c.logging.MethodLoggingAspect - Service exit: AuthService.getProfile(..) (2 ms)
2026-01-10 01:16:13.931 [39mDEBUG[0;39m [19b7ae3a-f055-4122-9df2-7195801484ee] [http-nio-8080-exec-4] c.b.c.logging.MethodLoggingAspect - Service result: AuthService.getProfile(..) => User(com.bharatshop.domain.User@5de648cf)
2026-01-10 01:16:13.931 [34mINFO [0;39m [19b7ae3a-f055-4122-9df2-7195801484ee] [http-nio-8080-exec-4] com.bharatshop.web.AuthController - Storefront register success: userId=d0ebcf80-4743-47b0-a0cf-ac29374359fd tokenPresent=true
2026-01-10 01:16:13.931 [34mINFO [0;39m [19b7ae3a-f055-4122-9df2-7195801484ee] [http-nio-8080-exec-4] c.b.c.logging.MethodLoggingAspect - Controller exit: AuthController.register(..) -> status=200 (199 ms)
2026-01-10 01:16:13.933 [39mDEBUG[0;39m [19b7ae3a-f055-4122-9df2-7195801484ee] [http-nio-8080-exec-4] c.b.c.logging.MethodLoggingAspect - Controller result: AuthController.register(..) => ResponseEntity(status=200)
2026-01-10 01:16:13.933 [34mINFO [0;39m [19b7ae3a-f055-4122-9df2-7195801484ee] [http-nio-8080-exec-4] c.b.config.logging.HttpLoggingFilter - POST /api/storefront/auth/register -> 200 (203 ms)
2026-01-10 01:16:13.935 [34mINFO [0;39m [19b7ae3a-f055-4122-9df2-7195801484ee] [http-nio-8080-exec-4] c.b.config.logging.HttpLoggingFilter - Headers: auth=absent content-type=application/json accept=null
2026-01-10 01:16:13.935 [34mINFO [0;39m [19b7ae3a-f055-4122-9df2-7195801484ee] [http-nio-8080-exec-4] c.b.config.logging.HttpLoggingFilter - Request payload: {"name":"Multi Role User","email":"multirole@example.com","phone":"1234567893","password":"password123"}
2026-01-10 01:16:13.935 [34mINFO [0;39m [19b7ae3a-f055-4122-9df2-7195801484ee] [http-nio-8080-exec-4] c.b.config.logging.HttpLoggingFilter - Response payload: {"token":"eyJhbGciOiJIUzI1NiIsInR5cCI6IkpXVCJ9.eyJzdWIiOiJkMGViY2Y4MC00NzQzLTQ3YjAtYTBjZi1hYzI5Mzc0MzU5ZmQiLCJuYW1lIjoiTXVsdGkgUm9sZSBVc2VyIiwicm9sZSI6ImNvbnN1bWVyIiwidGVuYW50SWQiOiJkZWZhdWx0IiwiYWN0aXZlUm9sZSI6ImNvbnN1bWVyIiwiaWF0IjoxNzY3OTg3OTczLCJleHAiOjE3Njc5OTE1NzN9.XPihIZqvl6zhTcHKPoNCdyuF3EMoyUycsqpeuD7VcE0","user":{"id":"d0ebcf80-4743-47b0-a0cf-ac29374359fd","name":"Multi Role User","email":"multirole@example.com","role":"consumer"}}
2026-01-10 01:16:27.026 [39mDEBUG[0;39m [db7794e3-b5f2-4a55-a962-ae934e3c2e0e] [http-nio-8080-exec-5] c.b.c.logging.MethodLoggingAspect - Controller enter: SellerAuthController.register(..) args=[SellerRegisterRequest(com.bharatshop.dto.SellerRegisterRequest@60dcff72)]
2026-01-10 01:16:27.027 [34mINFO [0;39m [db7794e3-b5f2-4a55-a962-ae934e3c2e0e] [http-nio-8080-exec-5] c.b.web.SellerAuthController - Register/upgrade seller: email=multirole@example.com phone=null
2026-01-10 01:16:27.027 [39mDEBUG[0;39m [db7794e3-b5f2-4a55-a962-ae934e3c2e0e] [http-nio-8080-exec-5] c.b.c.logging.MethodLoggingAspect - Service enter: AuthService.registerOrUpgradeSeller(..) args=[Multi Role User, multirole@example.com, null, password123]
2026-01-10 01:16:27.036 [34mINFO [0;39m [db7794e3-b5f2-4a55-a962-ae934e3c2e0e] [http-nio-8080-exec-5] com.bharatshop.service.AuthService - Upgraded existing user to SELLER via email: userId=d0ebcf80-4743-47b0-a0cf-ac29374359fd
2026-01-10 01:16:27.036 [34mINFO [0;39m [db7794e3-b5f2-4a55-a962-ae934e3c2e0e] [http-nio-8080-exec-5] com.bharatshop.service.AuthService - Session created: userId=d0ebcf80-4743-47b0-a0cf-ac29374359fd role=seller
2026-01-10 01:16:27.038 [34mINFO [0;39m [db7794e3-b5f2-4a55-a962-ae934e3c2e0e] [http-nio-8080-exec-5] c.b.c.logging.MethodLoggingAspect - Service exit: AuthService.registerOrUpgradeSeller(..) (11 ms)
2026-01-10 01:16:27.038 [39mDEBUG[0;39m [db7794e3-b5f2-4a55-a962-ae934e3c2e0e] [http-nio-8080-exec-5] c.b.c.logging.MethodLoggingAspect - Service result: AuthService.registerOrUpgradeSeller(..) => Session(Session[token=eyJhbGciOiJIUzI1NiIsInR5cCI6IkpXVCJ9.eyJzdWIiOiJkMGViY2Y4MC00NzQzLTQ3YjAtYTBjZi1hYzI5Mzc0MzU5ZmQiLCJuYW1lIjoiTXVsdGkgUm9sZSBVc2VyIiwicm9sZSI6InNlbGxlciIsInRlbmFudElkIjoiZGVmYXVsdCIsImFjdGl2ZVJvbGUiOiJzZWxsZXIiLCJpYXQiOjE3Njc5ODc5ODcsImV4cCI6MTc2Nzk5MTU4N30.AZeKSuVET4BhzfIUCtCS6zx3mIE4NcFwUYKOvA5lRJ4, userId=d0ebcf80-4743-47b0-a0cf-ac29374359fd, name=Multi Role User, role=seller])
2026-01-10 01:16:27.038 [39mDEBUG[0;39m [db7794e3-b5f2-4a55-a962-ae934e3c2e0e] [http-nio-8080-exec-5] c.b.c.logging.MethodLoggingAspect - Service enter: AuthService.getProfile(..) args=[eyJhbGciOiJIUzI1NiIsInR5cCI6IkpXVCJ9.eyJzdWIiOiJkMGViY2Y4MC00NzQzLTQ3YjAtYTBjZi1hYzI5Mzc0MzU5ZmQiLCJuYW1lIjoiTXVsdGkgUm9sZSBVc2VyIiwicm9sZSI6InNlbGxlciIsInRlbmFudElkIjoiZGVmYXVsdCIsImFjdGl2ZVJvbGUiOiJzZWxsZXIiLCJpYXQiOjE3Njc5ODc5ODcsImV4cCI6MTc2Nzk5MTU4N30.AZeKSuVET4BhzfIUCtCS6zx3mIE4NcFwUYKOvA5lRJ4]
2026-01-10 01:16:27.040 [34mINFO [0;39m [db7794e3-b5f2-4a55-a962-ae934e3c2e0e] [http-nio-8080-exec-5] c.b.c.logging.MethodLoggingAspect - Service exit: AuthService.getProfile(..) (2 ms)
2026-01-10 01:16:27.040 [39mDEBUG[0;39m [db7794e3-b5f2-4a55-a962-ae934e3c2e0e] [http-nio-8080-exec-5] c.b.c.logging.MethodLoggingAspect - Service result: AuthService.getProfile(..) => User(com.bharatshop.domain.User@1c606748)
2026-01-10 01:16:27.042 [34mINFO [0;39m [db7794e3-b5f2-4a55-a962-ae934e3c2e0e] [http-nio-8080-exec-5] c.b.web.SellerAuthController - Seller register/upgrade success: userId=d0ebcf80-4743-47b0-a0cf-ac29374359fd role=seller
2026-01-10 01:16:27.042 [34mINFO [0;39m [db7794e3-b5f2-4a55-a962-ae934e3c2e0e] [http-nio-8080-exec-5] c.b.c.logging.MethodLoggingAspect - Controller exit: SellerAuthController.register(..) -> status=200 (20 ms)
2026-01-10 01:16:27.045 [39mDEBUG[0;39m [db7794e3-b5f2-4a55-a962-ae934e3c2e0e] [http-nio-8080-exec-5] c.b.c.logging.MethodLoggingAspect - Controller result: SellerAuthController.register(..) => ResponseEntity(status=200)
2026-01-10 01:16:27.047 [34mINFO [0;39m [db7794e3-b5f2-4a55-a962-ae934e3c2e0e] [http-nio-8080-exec-5] c.b.config.logging.HttpLoggingFilter - POST /api/auth/seller/register -> 200 (25 ms)
2026-01-10 01:16:27.047 [34mINFO [0;39m [db7794e3-b5f2-4a55-a962-ae934e3c2e0e] [http-nio-8080-exec-5] c.b.config.logging.HttpLoggingFilter - Headers: auth=absent content-type=application/json accept=null
2026-01-10 01:16:27.047 [34mINFO [0;39m [db7794e3-b5f2-4a55-a962-ae934e3c2e0e] [http-nio-8080-exec-5] c.b.config.logging.HttpLoggingFilter - Request payload: {"name":"Multi Role User","email":"multirole@example.com","password":"password123"}
2026-01-10 01:16:27.047 [34mINFO [0;39m [db7794e3-b5f2-4a55-a962-ae934e3c2e0e] [http-nio-8080-exec-5] c.b.config.logging.HttpLoggingFilter - Response payload: {"token":"eyJhbGciOiJIUzI1NiIsInR5cCI6IkpXVCJ9.eyJzdWIiOiJkMGViY2Y4MC00NzQzLTQ3YjAtYTBjZi1hYzI5Mzc0MzU5ZmQiLCJuYW1lIjoiTXVsdGkgUm9sZSBVc2VyIiwicm9sZSI6InNlbGxlciIsInRlbmFudElkIjoiZGVmYXVsdCIsImFjdGl2ZVJvbGUiOiJzZWxsZXIiLCJpYXQiOjE3Njc5ODc5ODcsImV4cCI6MTc2Nzk5MTU4N30.AZeKSuVET4BhzfIUCtCS6zx3mIE4NcFwUYKOvA5lRJ4","user":{"id":"d0ebcf80-4743-47b0-a0cf-ac29374359fd","name":"Multi Role User","email":"multirole@example.com","role":"seller"}}
2026-01-10 01:16:37.307 [39mDEBUG[0;39m [7d5a9458-43d4-4513-b434-fd0bf8f29b0f] [http-nio-8080-exec-6] c.b.c.logging.MethodLoggingAspect - Service enter: UserRoleService.getUserRoleEntities(..) args=[d0ebcf80-4743-47b0-a0cf-ac29374359fd]
2026-01-10 01:16:37.312 [34mINFO [0;39m [7d5a9458-43d4-4513-b434-fd0bf8f29b0f] [http-nio-8080-exec-6] c.b.c.logging.MethodLoggingAspect - Service exit: UserRoleService.getUserRoleEntities(..) (5 ms)
2026-01-10 01:16:37.313 [39mDEBUG[0;39m [7d5a9458-43d4-4513-b434-fd0bf8f29b0f] [http-nio-8080-exec-6] c.b.c.logging.MethodLoggingAspect - Service result: UserRoleService.getUserRoleEntities(..) => ArrayList[size=1]
2026-01-10 01:16:37.315 [34mINFO [0;39m [7d5a9458-43d4-4513-b434-fd0bf8f29b0f] [http-nio-8080-exec-6] c.b.config.logging.HttpLoggingFilter - GET /api/user/me -> 200 (10 ms)
2026-01-10 01:16:37.315 [34mINFO [0;39m [7d5a9458-43d4-4513-b434-fd0bf8f29b0f] [http-nio-8080-exec-6] c.b.config.logging.HttpLoggingFilter - Headers: auth=present content-type=null accept=null
2026-01-10 01:16:37.316 [34mINFO [0;39m [7d5a9458-43d4-4513-b434-fd0bf8f29b0f] [http-nio-8080-exec-6] c.b.config.logging.HttpLoggingFilter - Response payload: {"tenant_id":"default","allowed_roles":["CUSTOMER"],"name":"Multi Role User","created_at":"2026-01-09T19:46:13.906710Z","active_role":"seller","id":"d0ebcf80-4743-47b0-a0cf-ac29374359fd","email":"multirole@example.com"}
2026-01-10 01:16:50.515 [39mDEBUG[0;39m [0535a0f8-cec1-4665-a410-2ab18e4c8f21] [http-nio-8080-exec-7] c.b.c.logging.MethodLoggingAspect - Service enter: UserRoleService.switchUserRole(..) args=[d0ebcf80-4743-47b0-a0cf-ac29374359fd, CUSTOMER]
2026-01-10 01:16:50.524 [34mINFO [0;39m [0535a0f8-cec1-4665-a410-2ab18e4c8f21] [http-nio-8080-exec-7] c.b.c.logging.MethodLoggingAspect - Service exit: UserRoleService.switchUserRole(..) (9 ms)
2026-01-10 01:16:50.524 [39mDEBUG[0;39m [0535a0f8-cec1-4665-a410-2ab18e4c8f21] [http-nio-8080-exec-7] c.b.c.logging.MethodLoggingAspect - Service result: UserRoleService.switchUserRole(..) => UserRoleEntity(com.bharatshop.entity.UserRoleEntity@e66db11)
2026-01-10 01:16:50.529 [34mINFO [0;39m [0535a0f8-cec1-4665-a410-2ab18e4c8f21] [http-nio-8080-exec-7] c.b.config.logging.HttpLoggingFilter - POST /api/user/switch-role -> 200 (19 ms)
2026-01-10 01:16:50.532 [34mINFO [0;39m [0535a0f8-cec1-4665-a410-2ab18e4c8f21] [http-nio-8080-exec-7] c.b.config.logging.HttpLoggingFilter - Headers: auth=present content-type=application/json accept=null
2026-01-10 01:16:50.532 [34mINFO [0;39m [0535a0f8-cec1-4665-a410-2ab18e4c8f21] [http-nio-8080-exec-7] c.b.config.logging.HttpLoggingFilter - Request payload: {"role":"CUSTOMER"}
2026-01-10 01:16:50.532 [34mINFO [0;39m [0535a0f8-cec1-4665-a410-2ab18e4c8f21] [http-nio-8080-exec-7] c.b.config.logging.HttpLoggingFilter - Response payload: {"success":true,"active_role":"CUSTOMER","message":"Role switched successfully","token":"eyJhbGciOiJIUzI1NiIsInR5cCI6IkpXVCJ9.eyJzdWIiOiJkMGViY2Y4MC00NzQzLTQ3YjAtYTBjZi1hYzI5Mzc0MzU5ZmQiLCJuYW1lIjoiTXVsdGkgUm9sZSBVc2VyIiwicm9sZSI6IkNVU1RPTUVSIiwidGVuYW50SWQiOiJkZWZhdWx0IiwiYWN0aXZlUm9sZSI6IkNVU1RPTUVSIiwiaWF0IjoxNzY3OTg4MDEwLCJleHAiOjE3Njc5OTE2MTB9.XKNfsUORHf63o2-w5BQi-7wEvYvToO9Qp7RHe-8vNuM"}
2026-01-10 01:17:02.672 [39mDEBUG[0;39m [4a0bcdba-8839-4321-89f1-9cacbc201c34] [http-nio-8080-exec-8] c.b.c.logging.MethodLoggingAspect - Service enter: UserRoleService.switchUserRole(..) args=[d0ebcf80-4743-47b0-a0cf-ac29374359fd, CUSTOMER]
2026-01-10 01:17:02.681 [34mINFO [0;39m [4a0bcdba-8839-4321-89f1-9cacbc201c34] [http-nio-8080-exec-8] c.b.c.logging.MethodLoggingAspect - Service exit: UserRoleService.switchUserRole(..) (9 ms)
2026-01-10 01:17:02.681 [39mDEBUG[0;39m [4a0bcdba-8839-4321-89f1-9cacbc201c34] [http-nio-8080-exec-8] c.b.c.logging.MethodLoggingAspect - Service result: UserRoleService.switchUserRole(..) => UserRoleEntity(com.bharatshop.entity.UserRoleEntity@5f580ed3)
2026-01-10 01:17:02.684 [34mINFO [0;39m [4a0bcdba-8839-4321-89f1-9cacbc201c34] [http-nio-8080-exec-8] c.b.config.logging.HttpLoggingFilter - POST /api/user/switch-role -> 200 (17 ms)
2026-01-10 01:17:02.684 [34mINFO [0;39m [4a0bcdba-8839-4321-89f1-9cacbc201c34] [http-nio-8080-exec-8] c.b.config.logging.HttpLoggingFilter - Headers: auth=present content-type=application/json accept=null
2026-01-10 01:17:02.684 [34mINFO [0;39m [4a0bcdba-8839-4321-89f1-9cacbc201c34] [http-nio-8080-exec-8] c.b.config.logging.HttpLoggingFilter - Request payload: {"role":"CUSTOMER"}
2026-01-10 01:17:02.684 [34mINFO [0;39m [4a0bcdba-8839-4321-89f1-9cacbc201c34] [http-nio-8080-exec-8] c.b.config.logging.HttpLoggingFilter - Response payload: {"success":true,"active_role":"CUSTOMER","message":"Role switched successfully","token":"eyJhbGciOiJIUzI1NiIsInR5cCI6IkpXVCJ9.eyJzdWIiOiJkMGViY2Y4MC00NzQzLTQ3YjAtYTBjZi1hYzI5Mzc0MzU5ZmQiLCJuYW1lIjoiTXVsdGkgUm9sZSBVc2VyIiwicm9sZSI6IkNVU1RPTUVSIiwidGVuYW50SWQiOiJkZWZhdWx0IiwiYWN0aXZlUm9sZSI6IkNVU1RPTUVSIiwiaWF0IjoxNzY3OTg4MDIyLCJleHAiOjE3Njc5OTE2MjJ9.fTWvbNAXsyXylcnsO36tVvgr_8WXVso2gflJOn2l-zU"}
2026-01-10 01:17:13.359 [39mDEBUG[0;39m [262195f9-6ca1-4926-9a0b-9b0f15ed6793] [http-nio-8080-exec-9] c.b.c.logging.MethodLoggingAspect - Service enter: UserRoleService.getUserRoleEntities(..) args=[d0ebcf80-4743-47b0-a0cf-ac29374359fd]
2026-01-10 01:17:13.364 [34mINFO [0;39m [262195f9-6ca1-4926-9a0b-9b0f15ed6793] [http-nio-8080-exec-9] c.b.c.logging.MethodLoggingAspect - Service exit: UserRoleService.getUserRoleEntities(..) (5 ms)
2026-01-10 01:17:13.364 [39mDEBUG[0;39m [262195f9-6ca1-4926-9a0b-9b0f15ed6793] [http-nio-8080-exec-9] c.b.c.logging.MethodLoggingAspect - Service result: UserRoleService.getUserRoleEntities(..) => ArrayList[size=1]
2026-01-10 01:17:13.366 [34mINFO [0;39m [262195f9-6ca1-4926-9a0b-9b0f15ed6793] [http-nio-8080-exec-9] c.b.config.logging.HttpLoggingFilter - GET /api/user/me -> 200 (9 ms)
2026-01-10 01:17:13.366 [34mINFO [0;39m [262195f9-6ca1-4926-9a0b-9b0f15ed6793] [http-nio-8080-exec-9] c.b.config.logging.HttpLoggingFilter - Headers: auth=present content-type=null accept=null
2026-01-10 01:17:13.366 [34mINFO [0;39m [262195f9-6ca1-4926-9a0b-9b0f15ed6793] [http-nio-8080-exec-9] c.b.config.logging.HttpLoggingFilter - Response payload: {"tenant_id":"default","allowed_roles":["CUSTOMER"],"name":"Multi Role User","created_at":"2026-01-09T19:46:13.906710Z","active_role":"CUSTOMER","id":"d0ebcf80-4743-47b0-a0cf-ac29374359fd","email":"multirole@example.com"}
2026-01-10 01:17:24.865 [39mDEBUG[0;39m [955bae14-4aa5-4450-99d7-ee46629bd55f] [http-nio-8080-exec-10] c.b.c.logging.MethodLoggingAspect - Service enter: UserRoleService.switchUserRole(..) args=[d0ebcf80-4743-47b0-a0cf-ac29374359fd, SELLER]
2026-01-10 01:17:24.868 [1;31mERROR[0;39m [955bae14-4aa5-4450-99d7-ee46629bd55f] [http-nio-8080-exec-10] c.b.c.logging.MethodLoggingAspect - Unhandled exception: java.lang.RuntimeException: User does not have role: SELLER
2026-01-10 01:17:24.872 [1;31mERROR[0;39m [955bae14-4aa5-4450-99d7-ee46629bd55f] [http-nio-8080-exec-10] c.b.c.logging.MethodLoggingAspect - Service error: UserRoleService.switchUserRole(..) (7 ms) - java.lang.RuntimeException: User does not have role: SELLER
2026-01-10 01:17:24.874 [34mINFO [0;39m [955bae14-4aa5-4450-99d7-ee46629bd55f] [http-nio-8080-exec-10] c.b.config.logging.HttpLoggingFilter - POST /api/user/switch-role -> 500 (15 ms)
2026-01-10 01:17:24.874 [34mINFO [0;39m [955bae14-4aa5-4450-99d7-ee46629bd55f] [http-nio-8080-exec-10] c.b.config.logging.HttpLoggingFilter - Headers: auth=present content-type=application/json accept=null
2026-01-10 01:17:24.874 [34mINFO [0;39m [955bae14-4aa5-4450-99d7-ee46629bd55f] [http-nio-8080-exec-10] c.b.config.logging.HttpLoggingFilter - Request payload: {"role":"SELLER"}
2026-01-10 01:17:24.874 [34mINFO [0;39m [955bae14-4aa5-4450-99d7-ee46629bd55f] [http-nio-8080-exec-10] c.b.config.logging.HttpLoggingFilter - Response payload: {"error":"Failed to switch role: User does not have role: SELLER"}
2026-01-10 01:17:37.164 [39mDEBUG[0;39m [15cad2cb-df17-4e86-8fa5-8d4567b70d83] [http-nio-8080-exec-1] c.b.c.logging.MethodLoggingAspect - Service enter: UserRoleService.getUserRoleEntities(..) args=[d0ebcf80-4743-47b0-a0cf-ac29374359fd]
2026-01-10 01:17:37.166 [34mINFO [0;39m [15cad2cb-df17-4e86-8fa5-8d4567b70d83] [http-nio-8080-exec-1] c.b.c.logging.MethodLoggingAspect - Service exit: UserRoleService.getUserRoleEntities(..) (2 ms)
2026-01-10 01:17:37.166 [39mDEBUG[0;39m [15cad2cb-df17-4e86-8fa5-8d4567b70d83] [http-nio-8080-exec-1] c.b.c.logging.MethodLoggingAspect - Service result: UserRoleService.getUserRoleEntities(..) => ArrayList[size=1]
2026-01-10 01:17:37.168 [34mINFO [0;39m [15cad2cb-df17-4e86-8fa5-8d4567b70d83] [http-nio-8080-exec-1] c.b.config.logging.HttpLoggingFilter - GET /api/user/me -> 200 (10 ms)
2026-01-10 01:17:37.168 [34mINFO [0;39m [15cad2cb-df17-4e86-8fa5-8d4567b70d83] [http-nio-8080-exec-1] c.b.config.logging.HttpLoggingFilter - Headers: auth=present content-type=null accept=null
2026-01-10 01:17:37.169 [34mINFO [0;39m [15cad2cb-df17-4e86-8fa5-8d4567b70d83] [http-nio-8080-exec-1] c.b.config.logging.HttpLoggingFilter - Response payload: {"tenant_id":"default","allowed_roles":["CUSTOMER"],"name":"Multi Role User","created_at":"2026-01-09T19:46:13.906710Z","active_role":"seller","id":"d0ebcf80-4743-47b0-a0cf-ac29374359fd","email":"multirole@example.com"}
2026-01-10 01:17:49.577 [39mDEBUG[0;39m [7552882b-debb-4908-b6c4-e9bc437928eb] [http-nio-8080-exec-2] c.b.c.logging.MethodLoggingAspect - Service enter: UserRoleService.switchUserRole(..) args=[d0ebcf80-4743-47b0-a0cf-ac29374359fd, SELLER]
2026-01-10 01:17:49.585 [1;31mERROR[0;39m [7552882b-debb-4908-b6c4-e9bc437928eb] [http-nio-8080-exec-2] c.b.c.logging.MethodLoggingAspect - Unhandled exception: java.lang.RuntimeException: User does not have role: SELLER
2026-01-10 01:17:49.585 [1;31mERROR[0;39m [7552882b-debb-4908-b6c4-e9bc437928eb] [http-nio-8080-exec-2] c.b.c.logging.MethodLoggingAspect - Service error: UserRoleService.switchUserRole(..) (8 ms) - java.lang.RuntimeException: User does not have role: SELLER
2026-01-10 01:17:49.587 [34mINFO [0;39m [7552882b-debb-4908-b6c4-e9bc437928eb] [http-nio-8080-exec-2] c.b.config.logging.HttpLoggingFilter - POST /api/user/switch-role -> 500 (12 ms)
2026-01-10 01:17:49.587 [34mINFO [0;39m [7552882b-debb-4908-b6c4-e9bc437928eb] [http-nio-8080-exec-2] c.b.config.logging.HttpLoggingFilter - Headers: auth=present content-type=application/json accept=null
2026-01-10 01:17:49.587 [34mINFO [0;39m [7552882b-debb-4908-b6c4-e9bc437928eb] [http-nio-8080-exec-2] c.b.config.logging.HttpLoggingFilter - Request payload: {"role":"SELLER"}
2026-01-10 01:17:49.587 [34mINFO [0;39m [7552882b-debb-4908-b6c4-e9bc437928eb] [http-nio-8080-exec-2] c.b.config.logging.HttpLoggingFilter - Response payload: {"error":"Failed to switch role: User does not have role: SELLER"}
2026-01-10 01:19:46.790 [34mINFO [0;39m [460552a8-8b8b-4d90-9f74-ae4de48cd25b] [http-nio-8080-exec-3] c.b.config.logging.HttpLoggingFilter - GET /api/user/me -> 401 (0 ms)
2026-01-10 01:19:46.790 [34mINFO [0;39m [460552a8-8b8b-4d90-9f74-ae4de48cd25b] [http-nio-8080-exec-3] c.b.config.logging.HttpLoggingFilter - Headers: auth=present content-type=null accept=null
2026-01-10 01:19:46.790 [34mINFO [0;39m [460552a8-8b8b-4d90-9f74-ae4de48cd25b] [http-nio-8080-exec-3] c.b.config.logging.HttpLoggingFilter - Response payload: {"error":"Invalid token"}
2026-01-10 01:20:23.284 [34mINFO [0;39m [4b048b3c-30ec-43ea-9529-ba27d3a13cab] [http-nio-8080-exec-4] c.b.config.logging.HttpLoggingFilter - POST /api/storefront/auth/register -> 400 (0 ms)
2026-01-10 01:20:23.284 [34mINFO [0;39m [4b048b3c-30ec-43ea-9529-ba27d3a13cab] [http-nio-8080-exec-4] c.b.config.logging.HttpLoggingFilter - Headers: auth=absent content-type=application/json accept=null
2026-01-10 01:20:23.286 [34mINFO [0;39m [4b048b3c-30ec-43ea-9529-ba27d3a13cab] [http-nio-8080-exec-4] c.b.config.logging.HttpLoggingFilter - Response payload: {"code":"VALIDATION_ERROR","message":"Missing X-Tenant-Domain header","details":{"header":"X-Tenant-Domain"}}
2026-01-10 01:20:42.372 [39mDEBUG[0;39m [f0e9af54-b56c-4daf-badf-a16349f48a03] [http-nio-8080-exec-5] c.b.c.logging.MethodLoggingAspect - Controller enter: AuthController.register(..) args=[RegisterRequest(com.bharatshop.dto.RegisterRequest@406e9cc8)]
2026-01-10 01:20:42.374 [34mINFO [0;39m [f0e9af54-b56c-4daf-badf-a16349f48a03] [http-nio-8080-exec-5] com.bharatshop.web.AuthController - Register storefront user: email=completetest@example.com
2026-01-10 01:20:42.374 [39mDEBUG[0;39m [f0e9af54-b56c-4daf-badf-a16349f48a03] [http-nio-8080-exec-5] c.b.c.logging.MethodLoggingAspect - Service enter: AuthService.register(..) args=[Complete Test User, completetest@example.com, password123]
2026-01-10 01:20:42.374 [34mINFO [0;39m [f0e9af54-b56c-4daf-badf-a16349f48a03] [http-nio-8080-exec-5] com.bharatshop.service.AuthService - Registering user: name=Complete Test User, email=completetest@example.com
2026-01-10 01:20:42.532 [39mDEBUG[0;39m [f0e9af54-b56c-4daf-badf-a16349f48a03] [http-nio-8080-exec-5] c.b.c.logging.MethodLoggingAspect - Service enter: UserRoleService.initializeCustomerRole(..) args=[375183be-409f-49fc-ace3-3f284d8c1db1]
2026-01-10 01:20:42.548 [34mINFO [0;39m [f0e9af54-b56c-4daf-badf-a16349f48a03] [http-nio-8080-exec-5] c.b.c.logging.MethodLoggingAspect - Service exit: UserRoleService.initializeCustomerRole(..) (16 ms)
2026-01-10 01:20:42.548 [39mDEBUG[0;39m [f0e9af54-b56c-4daf-badf-a16349f48a03] [http-nio-8080-exec-5] c.b.c.logging.MethodLoggingAspect - Service result: UserRoleService.initializeCustomerRole(..) => null
2026-01-10 01:20:42.553 [34mINFO [0;39m [f0e9af54-b56c-4daf-badf-a16349f48a03] [http-nio-8080-exec-5] com.bharatshop.service.AuthService - Session created: userId=375183be-409f-49fc-ace3-3f284d8c1db1 role=consumer
2026-01-10 01:20:42.553 [34mINFO [0;39m [f0e9af54-b56c-4daf-badf-a16349f48a03] [http-nio-8080-exec-5] com.bharatshop.service.AuthService - User registered: id=375183be-409f-49fc-ace3-3f284d8c1db1, token=eyJhbGciOiJIUzI1NiIsInR5cCI6IkpXVCJ9.eyJzdWIiOiIzNzUxODNiZS00MDlmLTQ5ZmMtYWNlMy0zZjI4NGQ4YzFkYjEiLCJuYW1lIjoiQ29tcGxldGUgVGVzdCBVc2VyIiwicm9sZSI6ImNvbnN1bWVyIiwidGVuYW50SWQiOiJkZWZhdWx0IiwiYWN0aXZlUm9sZSI6ImNvbnN1bWVyIiwiaWF0IjoxNzY3OTg4MjQyLCJleHAiOjE3Njc5OTE4NDJ9.KGbasC5dvXbBjvX-zo--5t-oMBXOQo_zYrSFF3aOWBM
2026-01-10 01:20:42.553 [34mINFO [0;39m [f0e9af54-b56c-4daf-badf-a16349f48a03] [http-nio-8080-exec-5] c.b.c.logging.MethodLoggingAspect - Service exit: AuthService.register(..) (179 ms)
2026-01-10 01:20:42.553 [39mDEBUG[0;39m [f0e9af54-b56c-4daf-badf-a16349f48a03] [http-nio-8080-exec-5] c.b.c.logging.MethodLoggingAspect - Service result: AuthService.register(..) => Session(Session[token=eyJhbGciOiJIUzI1NiIsInR5cCI6IkpXVCJ9.eyJzdWIiOiIzNzUxODNiZS00MDlmLTQ5ZmMtYWNlMy0zZjI4NGQ4YzFkYjEiLCJuYW1lIjoiQ29tcGxldGUgVGVzdCBVc2VyIiwicm9sZSI6ImNvbnN1bWVyIiwidGVuYW50SWQiOiJkZWZhdWx0IiwiYWN0aXZlUm9sZSI6ImNvbnN1bWVyIiwiaWF0IjoxNzY3OTg4MjQyLCJleHAiOjE3Njc5OTE4NDJ9.KGbasC5dvXbBjvX-zo--5t-oMBXOQo_zYrSFF3aOWBM, userId=375183be-409f-49fc-ace3-3f284d8c1db1, name=Complete Test User, role=consumer])
2026-01-10 01:20:42.553 [39mDEBUG[0;39m [f0e9af54-b56c-4daf-badf-a16349f48a03] [http-nio-8080-exec-5] c.b.c.logging.MethodLoggingAspect - Service enter: AuthService.getProfile(..) args=[eyJhbGciOiJIUzI1NiIsInR5cCI6IkpXVCJ9.eyJzdWIiOiIzNzUxODNiZS00MDlmLTQ5ZmMtYWNlMy0zZjI4NGQ4YzFkYjEiLCJuYW1lIjoiQ29tcGxldGUgVGVzdCBVc2VyIiwicm9sZSI6ImNvbnN1bWVyIiwidGVuYW50SWQiOiJkZWZhdWx0IiwiYWN0aXZlUm9sZSI6ImNvbnN1bWVyIiwiaWF0IjoxNzY3OTg4MjQyLCJleHAiOjE3Njc5OTE4NDJ9.KGbasC5dvXbBjvX-zo--5t-oMBXOQo_zYrSFF3aOWBM]
2026-01-10 01:20:42.556 [34mINFO [0;39m [f0e9af54-b56c-4daf-badf-a16349f48a03] [http-nio-8080-exec-5] c.b.c.logging.MethodLoggingAspect - Service exit: AuthService.getProfile(..) (3 ms)
2026-01-10 01:20:42.556 [39mDEBUG[0;39m [f0e9af54-b56c-4daf-badf-a16349f48a03] [http-nio-8080-exec-5] c.b.c.logging.MethodLoggingAspect - Service result: AuthService.getProfile(..) => User(com.bharatshop.domain.User@becb99a)
2026-01-10 01:20:42.556 [34mINFO [0;39m [f0e9af54-b56c-4daf-badf-a16349f48a03] [http-nio-8080-exec-5] com.bharatshop.web.AuthController - Storefront register success: userId=375183be-409f-49fc-ace3-3f284d8c1db1 tokenPresent=true
2026-01-10 01:20:42.558 [34mINFO [0;39m [f0e9af54-b56c-4daf-badf-a16349f48a03] [http-nio-8080-exec-5] c.b.c.logging.MethodLoggingAspect - Controller exit: AuthController.register(..) -> status=200 (186 ms)
2026-01-10 01:20:42.558 [39mDEBUG[0;39m [f0e9af54-b56c-4daf-badf-a16349f48a03] [http-nio-8080-exec-5] c.b.c.logging.MethodLoggingAspect - Controller result: AuthController.register(..) => ResponseEntity(status=200)
2026-01-10 01:20:42.558 [34mINFO [0;39m [f0e9af54-b56c-4daf-badf-a16349f48a03] [http-nio-8080-exec-5] c.b.config.logging.HttpLoggingFilter - POST /api/storefront/auth/register -> 200 (188 ms)
2026-01-10 01:20:42.558 [34mINFO [0;39m [f0e9af54-b56c-4daf-badf-a16349f48a03] [http-nio-8080-exec-5] c.b.config.logging.HttpLoggingFilter - Headers: auth=absent content-type=application/json accept=null
2026-01-10 01:20:42.561 [34mINFO [0;39m [f0e9af54-b56c-4daf-badf-a16349f48a03] [http-nio-8080-exec-5] c.b.config.logging.HttpLoggingFilter - Request payload: {
    "email":  "completetest@example.com",
    "name":  "Complete Test User",
    "password":  "password123"
}
2026-01-10 01:20:42.561 [34mINFO [0;39m [f0e9af54-b56c-4daf-badf-a16349f48a03] [http-nio-8080-exec-5] c.b.config.logging.HttpLoggingFilter - Response payload: {"token":"eyJhbGciOiJIUzI1NiIsInR5cCI6IkpXVCJ9.eyJzdWIiOiIzNzUxODNiZS00MDlmLTQ5ZmMtYWNlMy0zZjI4NGQ4YzFkYjEiLCJuYW1lIjoiQ29tcGxldGUgVGVzdCBVc2VyIiwicm9sZSI6ImNvbnN1bWVyIiwidGVuYW50SWQiOiJkZWZhdWx0IiwiYWN0aXZlUm9sZSI6ImNvbnN1bWVyIiwiaWF0IjoxNzY3OTg4MjQyLCJleHAiOjE3Njc5OTE4NDJ9.KGbasC5dvXbBjvX-zo--5t-oMBXOQo_zYrSFF3aOWBM","user":{"id":"375183be-409f-49fc-ace3-3f284d8c1db1","name":"Complete Test User","email":"completetest@example.com","role":"consumer"}}
2026-01-10 01:20:55.104 [39mDEBUG[0;39m [d1555d4a-df92-4204-a3dd-53f6e8459266] [http-nio-8080-exec-6] c.b.c.logging.MethodLoggingAspect - Service enter: UserRoleService.getUserRoleEntities(..) args=[375183be-409f-49fc-ace3-3f284d8c1db1]
2026-01-10 01:20:55.104 [34mINFO [0;39m [d1555d4a-df92-4204-a3dd-53f6e8459266] [http-nio-8080-exec-6] c.b.c.logging.MethodLoggingAspect - Service exit: UserRoleService.getUserRoleEntities(..) (0 ms)
2026-01-10 01:20:55.104 [39mDEBUG[0;39m [d1555d4a-df92-4204-a3dd-53f6e8459266] [http-nio-8080-exec-6] c.b.c.logging.MethodLoggingAspect - Service result: UserRoleService.getUserRoleEntities(..) => ArrayList[size=1]
2026-01-10 01:20:55.104 [34mINFO [0;39m [d1555d4a-df92-4204-a3dd-53f6e8459266] [http-nio-8080-exec-6] c.b.config.logging.HttpLoggingFilter - GET /api/user/me -> 200 (5 ms)
2026-01-10 01:20:55.104 [34mINFO [0;39m [d1555d4a-df92-4204-a3dd-53f6e8459266] [http-nio-8080-exec-6] c.b.config.logging.HttpLoggingFilter - Headers: auth=present content-type=null accept=null
2026-01-10 01:20:55.104 [34mINFO [0;39m [d1555d4a-df92-4204-a3dd-53f6e8459266] [http-nio-8080-exec-6] c.b.config.logging.HttpLoggingFilter - Response payload: {"tenant_id":"default","allowed_roles":["CUSTOMER"],"name":"Complete Test User","created_at":"2026-01-09T19:50:42.528539Z","active_role":"consumer","id":"375183be-409f-49fc-ace3-3f284d8c1db1","email":"completetest@example.com"}
2026-01-10 01:21:13.425 [31mWARN [0;39m [3f8c0c07-daa9-462a-916c-d8fb712482bc] [http-nio-8080-exec-7] c.b.config.GlobalExceptionHandler - Unsupported media type: application/x-www-form-urlencoded;charset=UTF-8
2026-01-10 01:21:13.425 [34mINFO [0;39m [3f8c0c07-daa9-462a-916c-d8fb712482bc] [http-nio-8080-exec-7] c.b.config.logging.HttpLoggingFilter - POST /api/auth/seller/register -> 415 (5 ms)
2026-01-10 01:21:13.425 [34mINFO [0;39m [3f8c0c07-daa9-462a-916c-d8fb712482bc] [http-nio-8080-exec-7] c.b.config.logging.HttpLoggingFilter - Headers: auth=present content-type=application/x-www-form-urlencoded accept=null
2026-01-10 01:21:13.428 [34mINFO [0;39m [3f8c0c07-daa9-462a-916c-d8fb712482bc] [http-nio-8080-exec-7] c.b.config.logging.HttpLoggingFilter - Response payload: {"code":"UNSUPPORTED_MEDIA_TYPE","message":"Unsupported media type"}
2026-01-10 01:21:31.007 [31mWARN [0;39m [c9f2687a-36a6-4d5c-b79e-31af4d5fe26f] [http-nio-8080-exec-8] c.b.config.GlobalExceptionHandler - Malformed JSON: Required request body is missing: public org.springframework.http.ResponseEntity<?> com.bharatshop.web.SellerAuthController.register(com.bharatshop.dto.SellerRegisterRequest)
2026-01-10 01:21:31.007 [34mINFO [0;39m [c9f2687a-36a6-4d5c-b79e-31af4d5fe26f] [http-nio-8080-exec-8] c.b.config.logging.HttpLoggingFilter - POST /api/auth/seller/register -> 400 (2 ms)
2026-01-10 01:21:31.009 [34mINFO [0;39m [c9f2687a-36a6-4d5c-b79e-31af4d5fe26f] [http-nio-8080-exec-8] c.b.config.logging.HttpLoggingFilter - Headers: auth=present content-type=application/json accept=null
2026-01-10 01:21:31.009 [34mINFO [0;39m [c9f2687a-36a6-4d5c-b79e-31af4d5fe26f] [http-nio-8080-exec-8] c.b.config.logging.HttpLoggingFilter - Response payload: {"code":"BAD_REQUEST","message":"Malformed JSON request"}
2026-01-10 01:21:48.320 [31mWARN [0;39m [4f65ca82-ff9b-47f2-ade7-23dfdedaf54b] [http-nio-8080-exec-9] c.b.config.GlobalExceptionHandler - Unsupported media type: application/x-www-form-urlencoded;charset=UTF-8
2026-01-10 01:21:48.320 [34mINFO [0;39m [4f65ca82-ff9b-47f2-ade7-23dfdedaf54b] [http-nio-8080-exec-9] c.b.config.logging.HttpLoggingFilter - POST /api/auth/seller/register -> 415 (0 ms)
2026-01-10 01:21:48.320 [34mINFO [0;39m [4f65ca82-ff9b-47f2-ade7-23dfdedaf54b] [http-nio-8080-exec-9] c.b.config.logging.HttpLoggingFilter - Headers: auth=present content-type=application/x-www-form-urlencoded accept=null
2026-01-10 01:21:48.320 [34mINFO [0;39m [4f65ca82-ff9b-47f2-ade7-23dfdedaf54b] [http-nio-8080-exec-9] c.b.config.logging.HttpLoggingFilter - Response payload: {"code":"UNSUPPORTED_MEDIA_TYPE","message":"Unsupported media type"}
2026-01-10 01:22:28.615 [39mDEBUG[0;39m [b041e67c-7ba7-4046-aae1-7190b4e0ade5] [http-nio-8080-exec-10] c.b.c.logging.MethodLoggingAspect - Controller enter: SellerAuthController.register(..) args=[SellerRegisterRequest(com.bharatshop.dto.SellerRegisterRequest@6eaf2e6e)]
2026-01-10 01:22:28.615 [34mINFO [0;39m [b041e67c-7ba7-4046-aae1-7190b4e0ade5] [http-nio-8080-exec-10] c.b.web.SellerAuthController - Register/upgrade seller: email=completetest@example.com phone=
2026-01-10 01:22:28.616 [39mDEBUG[0;39m [b041e67c-7ba7-4046-aae1-7190b4e0ade5] [http-nio-8080-exec-10] c.b.c.logging.MethodLoggingAspect - Service enter: AuthService.registerOrUpgradeSeller(..) args=[Complete Test User, completetest@example.com, , password123]
2026-01-10 01:22:28.622 [34mINFO [0;39m [b041e67c-7ba7-4046-aae1-7190b4e0ade5] [http-nio-8080-exec-10] com.bharatshop.service.AuthService - Upgraded existing user to SELLER via email: userId=375183be-409f-49fc-ace3-3f284d8c1db1
2026-01-10 01:22:28.623 [34mINFO [0;39m [b041e67c-7ba7-4046-aae1-7190b4e0ade5] [http-nio-8080-exec-10] com.bharatshop.service.AuthService - Session created: userId=375183be-409f-49fc-ace3-3f284d8c1db1 role=seller
2026-01-10 01:22:28.623 [34mINFO [0;39m [b041e67c-7ba7-4046-aae1-7190b4e0ade5] [http-nio-8080-exec-10] c.b.c.logging.MethodLoggingAspect - Service exit: AuthService.registerOrUpgradeSeller(..) (7 ms)
2026-01-10 01:22:28.623 [39mDEBUG[0;39m [b041e67c-7ba7-4046-aae1-7190b4e0ade5] [http-nio-8080-exec-10] c.b.c.logging.MethodLoggingAspect - Service result: AuthService.registerOrUpgradeSeller(..) => Session(Session[token=eyJhbGciOiJIUzI1NiIsInR5cCI6IkpXVCJ9.eyJzdWIiOiIzNzUxODNiZS00MDlmLTQ5ZmMtYWNlMy0zZjI4NGQ4YzFkYjEiLCJuYW1lIjoiQ29tcGxldGUgVGVzdCBVc2VyIiwicm9sZSI6InNlbGxlciIsInRlbmFudElkIjoiZGVmYXVsdCIsImFjdGl2ZVJvbGUiOiJzZWxsZXIiLCJpYXQiOjE3Njc5ODgzNDgsImV4cCI6MTc2Nzk5MTk0OH0.ux6qYFVEhh8iIT8K0JABZ4KCdv7VJJQcmHl9K_ouXC0, userId=375183be-409f-49fc-ace3-3f284d8c1db1, name=Complete Test User, role=seller])
2026-01-10 01:22:28.623 [39mDEBUG[0;39m [b041e67c-7ba7-4046-aae1-7190b4e0ade5] [http-nio-8080-exec-10] c.b.c.logging.MethodLoggingAspect - Service enter: AuthService.getProfile(..) args=[eyJhbGciOiJIUzI1NiIsInR5cCI6IkpXVCJ9.eyJzdWIiOiIzNzUxODNiZS00MDlmLTQ5ZmMtYWNlMy0zZjI4NGQ4YzFkYjEiLCJuYW1lIjoiQ29tcGxldGUgVGVzdCBVc2VyIiwicm9sZSI6InNlbGxlciIsInRlbmFudElkIjoiZGVmYXVsdCIsImFjdGl2ZVJvbGUiOiJzZWxsZXIiLCJpYXQiOjE3Njc5ODgzNDgsImV4cCI6MTc2Nzk5MTk0OH0.ux6qYFVEhh8iIT8K0JABZ4KCdv7VJJQcmHl9K_ouXC0]
2026-01-10 01:22:28.624 [34mINFO [0;39m [b041e67c-7ba7-4046-aae1-7190b4e0ade5] [http-nio-8080-exec-10] c.b.c.logging.MethodLoggingAspect - Service exit: AuthService.getProfile(..) (1 ms)
2026-01-10 01:22:28.625 [39mDEBUG[0;39m [b041e67c-7ba7-4046-aae1-7190b4e0ade5] [http-nio-8080-exec-10] c.b.c.logging.MethodLoggingAspect - Service result: AuthService.getProfile(..) => User(com.bharatshop.domain.User@5a6cca14)
2026-01-10 01:22:28.625 [34mINFO [0;39m [b041e67c-7ba7-4046-aae1-7190b4e0ade5] [http-nio-8080-exec-10] c.b.web.SellerAuthController - Seller register/upgrade success: userId=375183be-409f-49fc-ace3-3f284d8c1db1 role=seller
2026-01-10 01:22:28.626 [34mINFO [0;39m [b041e67c-7ba7-4046-aae1-7190b4e0ade5] [http-nio-8080-exec-10] c.b.c.logging.MethodLoggingAspect - Controller exit: SellerAuthController.register(..) -> status=200 (11 ms)
2026-01-10 01:22:28.626 [39mDEBUG[0;39m [b041e67c-7ba7-4046-aae1-7190b4e0ade5] [http-nio-8080-exec-10] c.b.c.logging.MethodLoggingAspect - Controller result: SellerAuthController.register(..) => ResponseEntity(status=200)
2026-01-10 01:22:28.627 [34mINFO [0;39m [b041e67c-7ba7-4046-aae1-7190b4e0ade5] [http-nio-8080-exec-10] c.b.config.logging.HttpLoggingFilter - POST /api/auth/seller/register -> 200 (14 ms)
2026-01-10 01:22:28.628 [34mINFO [0;39m [b041e67c-7ba7-4046-aae1-7190b4e0ade5] [http-nio-8080-exec-10] c.b.config.logging.HttpLoggingFilter - Headers: auth=present content-type=application/json accept=null
2026-01-10 01:22:28.628 [34mINFO [0;39m [b041e67c-7ba7-4046-aae1-7190b4e0ade5] [http-nio-8080-exec-10] c.b.config.logging.HttpLoggingFilter - Request payload: {
    "email":  "completetest@example.com",
    "name":  "Complete Test User",
    "password":  "password123",
    "phone":  ""
}
2026-01-10 01:22:28.628 [34mINFO [0;39m [b041e67c-7ba7-4046-aae1-7190b4e0ade5] [http-nio-8080-exec-10] c.b.config.logging.HttpLoggingFilter - Response payload: {"token":"eyJhbGciOiJIUzI1NiIsInR5cCI6IkpXVCJ9.eyJzdWIiOiIzNzUxODNiZS00MDlmLTQ5ZmMtYWNlMy0zZjI4NGQ4YzFkYjEiLCJuYW1lIjoiQ29tcGxldGUgVGVzdCBVc2VyIiwicm9sZSI6InNlbGxlciIsInRlbmFudElkIjoiZGVmYXVsdCIsImFjdGl2ZVJvbGUiOiJzZWxsZXIiLCJpYXQiOjE3Njc5ODgzNDgsImV4cCI6MTc2Nzk5MTk0OH0.ux6qYFVEhh8iIT8K0JABZ4KCdv7VJJQcmHl9K_ouXC0","user":{"id":"375183be-409f-49fc-ace3-3f284d8c1db1","name":"Complete Test User","email":"completetest@example.com","role":"seller"}}
2026-01-10 01:22:42.805 [39mDEBUG[0;39m [f2facb79-ad49-43b2-bc08-c78199cdf5b7] [http-nio-8080-exec-1] c.b.c.logging.MethodLoggingAspect - Service enter: UserRoleService.getUserRoleEntities(..) args=[375183be-409f-49fc-ace3-3f284d8c1db1]
2026-01-10 01:22:42.809 [34mINFO [0;39m [f2facb79-ad49-43b2-bc08-c78199cdf5b7] [http-nio-8080-exec-1] c.b.c.logging.MethodLoggingAspect - Service exit: UserRoleService.getUserRoleEntities(..) (4 ms)
2026-01-10 01:22:42.809 [39mDEBUG[0;39m [f2facb79-ad49-43b2-bc08-c78199cdf5b7] [http-nio-8080-exec-1] c.b.c.logging.MethodLoggingAspect - Service result: UserRoleService.getUserRoleEntities(..) => ArrayList[size=1]
2026-01-10 01:22:42.809 [34mINFO [0;39m [f2facb79-ad49-43b2-bc08-c78199cdf5b7] [http-nio-8080-exec-1] c.b.config.logging.HttpLoggingFilter - GET /api/user/me -> 200 (8 ms)
2026-01-10 01:22:42.809 [34mINFO [0;39m [f2facb79-ad49-43b2-bc08-c78199cdf5b7] [http-nio-8080-exec-1] c.b.config.logging.HttpLoggingFilter - Headers: auth=present content-type=null accept=null
2026-01-10 01:22:42.809 [34mINFO [0;39m [f2facb79-ad49-43b2-bc08-c78199cdf5b7] [http-nio-8080-exec-1] c.b.config.logging.HttpLoggingFilter - Response payload: {"tenant_id":"default","allowed_roles":["CUSTOMER"],"name":"Complete Test User","created_at":"2026-01-09T19:50:42.528539Z","active_role":"seller","id":"375183be-409f-49fc-ace3-3f284d8c1db1","email":"completetest@example.com"}
2026-01-10 01:22:59.474 [39mDEBUG[0;39m [9625dd79-9140-496e-96c2-7fbd6533e5c9] [http-nio-8080-exec-2] c.b.c.logging.MethodLoggingAspect - Service enter: UserRoleService.switchUserRole(..) args=[375183be-409f-49fc-ace3-3f284d8c1db1, CUSTOMER]
2026-01-10 01:22:59.481 [34mINFO [0;39m [9625dd79-9140-496e-96c2-7fbd6533e5c9] [http-nio-8080-exec-2] c.b.c.logging.MethodLoggingAspect - Service exit: UserRoleService.switchUserRole(..) (7 ms)
2026-01-10 01:22:59.483 [39mDEBUG[0;39m [9625dd79-9140-496e-96c2-7fbd6533e5c9] [http-nio-8080-exec-2] c.b.c.logging.MethodLoggingAspect - Service result: UserRoleService.switchUserRole(..) => UserRoleEntity(com.bharatshop.entity.UserRoleEntity@23283172)
2026-01-10 01:22:59.486 [34mINFO [0;39m [9625dd79-9140-496e-96c2-7fbd6533e5c9] [http-nio-8080-exec-2] c.b.config.logging.HttpLoggingFilter - POST /api/user/switch-role -> 200 (14 ms)
2026-01-10 01:22:59.486 [34mINFO [0;39m [9625dd79-9140-496e-96c2-7fbd6533e5c9] [http-nio-8080-exec-2] c.b.config.logging.HttpLoggingFilter - Headers: auth=present content-type=application/json accept=null
2026-01-10 01:22:59.487 [34mINFO [0;39m [9625dd79-9140-496e-96c2-7fbd6533e5c9] [http-nio-8080-exec-2] c.b.config.logging.HttpLoggingFilter - Request payload: {
    "role":  "CUSTOMER"
}
2026-01-10 01:22:59.487 [34mINFO [0;39m [9625dd79-9140-496e-96c2-7fbd6533e5c9] [http-nio-8080-exec-2] c.b.config.logging.HttpLoggingFilter - Response payload: {"success":true,"active_role":"CUSTOMER","message":"Role switched successfully","token":"eyJhbGciOiJIUzI1NiIsInR5cCI6IkpXVCJ9.eyJzdWIiOiIzNzUxODNiZS00MDlmLTQ5ZmMtYWNlMy0zZjI4NGQ4YzFkYjEiLCJuYW1lIjoiQ29tcGxldGUgVGVzdCBVc2VyIiwicm9sZSI6IkNVU1RPTUVSIiwidGVuYW50SWQiOiJkZWZhdWx0IiwiYWN0aXZlUm9sZSI6IkNVU1RPTUVSIiwiaWF0IjoxNzY3OTg4Mzc5LCJleHAiOjE3Njc5OTE5Nzl9.Ode-3ZZShLGXNF1G053g48oEc4RvbwZRombvuRhs-rA"}
2026-01-10 01:23:15.863 [39mDEBUG[0;39m [8950c73b-3e9e-4e13-bd35-461e0ecaf5d9] [http-nio-8080-exec-3] c.b.c.logging.MethodLoggingAspect - Service enter: UserRoleService.switchUserRole(..) args=[375183be-409f-49fc-ace3-3f284d8c1db1, SELLER]
2026-01-10 01:23:15.871 [1;31mERROR[0;39m [8950c73b-3e9e-4e13-bd35-461e0ecaf5d9] [http-nio-8080-exec-3] c.b.c.logging.MethodLoggingAspect - Unhandled exception: java.lang.RuntimeException: User does not have role: SELLER
2026-01-10 01:23:15.871 [1;31mERROR[0;39m [8950c73b-3e9e-4e13-bd35-461e0ecaf5d9] [http-nio-8080-exec-3] c.b.c.logging.MethodLoggingAspect - Service error: UserRoleService.switchUserRole(..) (8 ms) - java.lang.RuntimeException: User does not have role: SELLER
2026-01-10 01:23:15.875 [34mINFO [0;39m [8950c73b-3e9e-4e13-bd35-461e0ecaf5d9] [http-nio-8080-exec-3] c.b.config.logging.HttpLoggingFilter - POST /api/user/switch-role -> 500 (12 ms)
2026-01-10 01:23:15.875 [34mINFO [0;39m [8950c73b-3e9e-4e13-bd35-461e0ecaf5d9] [http-nio-8080-exec-3] c.b.config.logging.HttpLoggingFilter - Headers: auth=present content-type=application/json accept=null
2026-01-10 01:23:15.875 [34mINFO [0;39m [8950c73b-3e9e-4e13-bd35-461e0ecaf5d9] [http-nio-8080-exec-3] c.b.config.logging.HttpLoggingFilter - Request payload: {
    "role":  "SELLER"
}
2026-01-10 01:23:15.875 [34mINFO [0;39m [8950c73b-3e9e-4e13-bd35-461e0ecaf5d9] [http-nio-8080-exec-3] c.b.config.logging.HttpLoggingFilter - Response payload: {"error":"Failed to switch role: User does not have role: SELLER"}
2026-01-10 01:23:33.176 [39mDEBUG[0;39m [4f5cdfe5-96b1-4065-8eaf-c811f3995680] [http-nio-8080-exec-4] c.b.c.logging.MethodLoggingAspect - Service enter: UserRoleService.getUserRoleEntities(..) args=[375183be-409f-49fc-ace3-3f284d8c1db1]
2026-01-10 01:23:33.183 [34mINFO [0;39m [4f5cdfe5-96b1-4065-8eaf-c811f3995680] [http-nio-8080-exec-4] c.b.c.logging.MethodLoggingAspect - Service exit: UserRoleService.getUserRoleEntities(..) (7 ms)
2026-01-10 01:23:33.184 [39mDEBUG[0;39m [4f5cdfe5-96b1-4065-8eaf-c811f3995680] [http-nio-8080-exec-4] c.b.c.logging.MethodLoggingAspect - Service result: UserRoleService.getUserRoleEntities(..) => ArrayList[size=1]
2026-01-10 01:23:33.184 [34mINFO [0;39m [4f5cdfe5-96b1-4065-8eaf-c811f3995680] [http-nio-8080-exec-4] c.b.config.logging.HttpLoggingFilter - GET /api/user/me -> 200 (8 ms)
2026-01-10 01:23:33.184 [34mINFO [0;39m [4f5cdfe5-96b1-4065-8eaf-c811f3995680] [http-nio-8080-exec-4] c.b.config.logging.HttpLoggingFilter - Headers: auth=present content-type=null accept=null
2026-01-10 01:23:33.184 [34mINFO [0;39m [4f5cdfe5-96b1-4065-8eaf-c811f3995680] [http-nio-8080-exec-4] c.b.config.logging.HttpLoggingFilter - Response payload: {"tenant_id":"default","allowed_roles":["CUSTOMER"],"name":"Complete Test User","created_at":"2026-01-09T19:50:42.528539Z","active_role":"CUSTOMER","id":"375183be-409f-49fc-ace3-3f284d8c1db1","email":"completetest@example.com"}
2026-01-10 01:23:54.736 [39mDEBUG[0;39m [c7faa364-435e-4489-aa70-d39682121580] [http-nio-8080-exec-5] c.b.c.logging.MethodLoggingAspect - Controller enter: SellerStoreController.listStores(..) args=[null, null, null, null, null, null, default]
2026-01-10 01:23:54.737 [34mINFO [0;39m [c7faa364-435e-4489-aa70-d39682121580] [http-nio-8080-exec-5] c.b.web.seller.SellerStoreController - Seller list stores: search=null page=null limit=null pageSize=null ownerPhone=null status=null tenant=default userId=375183be-409f-49fc-ace3-3f284d8c1db1
2026-01-10 01:23:54.737 [39mDEBUG[0;39m [c7faa364-435e-4489-aa70-d39682121580] [http-nio-8080-exec-5] c.b.c.logging.MethodLoggingAspect - Factory enter: FactoryProvider.getSellerFactory(..) args=[default]
2026-01-10 01:23:54.737 [34mINFO [0;39m [c7faa364-435e-4489-aa70-d39682121580] [http-nio-8080-exec-5] c.b.c.logging.MethodLoggingAspect - Factory exit: FactoryProvider.getSellerFactory(..) (0 ms)
2026-01-10 01:23:54.737 [39mDEBUG[0;39m [c7faa364-435e-4489-aa70-d39682121580] [http-nio-8080-exec-5] c.b.c.logging.MethodLoggingAspect - Factory result: FactoryProvider.getSellerFactory(..) => DefaultSellerFactory$$SpringCGLIB$$0(com.bharatshop.factory.impl.DefaultSellerFactory@3947bad4)
2026-01-10 01:23:54.737 [39mDEBUG[0;39m [c7faa364-435e-4489-aa70-d39682121580] [http-nio-8080-exec-5] c.b.c.logging.MethodLoggingAspect - Factory enter: DefaultSellerFactory.stores() args=[]
2026-01-10 01:23:54.737 [34mINFO [0;39m [c7faa364-435e-4489-aa70-d39682121580] [http-nio-8080-exec-5] c.b.c.logging.MethodLoggingAspect - Factory exit: DefaultSellerFactory.stores() (0 ms)
2026-01-10 01:23:54.737 [39mDEBUG[0;39m [c7faa364-435e-4489-aa70-d39682121580] [http-nio-8080-exec-5] c.b.c.logging.MethodLoggingAspect - Factory result: DefaultSellerFactory.stores() => (com.bharatshop.factory.impl.DefaultSellerFactory$5@734684d1)
2026-01-10 01:23:54.745 [34mINFO [0;39m [c7faa364-435e-4489-aa70-d39682121580] [http-nio-8080-exec-5] c.b.c.logging.MethodLoggingAspect - Controller exit: SellerStoreController.listStores(..) -> status=200 (9 ms)
2026-01-10 01:23:54.745 [39mDEBUG[0;39m [c7faa364-435e-4489-aa70-d39682121580] [http-nio-8080-exec-5] c.b.c.logging.MethodLoggingAspect - Controller result: SellerStoreController.listStores(..) => ResponseEntity(status=200)
2026-01-10 01:23:54.749 [34mINFO [0;39m [c7faa364-435e-4489-aa70-d39682121580] [http-nio-8080-exec-5] c.b.config.logging.HttpLoggingFilter - GET /api/seller/stores -> 200 (17 ms)
2026-01-10 01:23:54.749 [34mINFO [0;39m [c7faa364-435e-4489-aa70-d39682121580] [http-nio-8080-exec-5] c.b.config.logging.HttpLoggingFilter - Headers: auth=present content-type=null accept=null
2026-01-10 01:23:54.749 [34mINFO [0;39m [c7faa364-435e-4489-aa70-d39682121580] [http-nio-8080-exec-5] c.b.config.logging.HttpLoggingFilter - Response payload: {"stores":[]}
2026-01-10 01:23:54.953 [39mDEBUG[0;39m [aa684957-5b1f-4312-961c-ce853dfdee37] [http-nio-8080-exec-6] c.b.c.logging.MethodLoggingAspect - Controller enter: StorefrontProductController.list(..) args=[null, null]
2026-01-10 01:23:54.953 [34mINFO [0;39m [aa684957-5b1f-4312-961c-ce853dfdee37] [http-nio-8080-exec-6] c.b.web.StorefrontProductController - Storefront list products: tenant=default category=null search=null 
2026-01-10 01:23:54.953 [39mDEBUG[0;39m [aa684957-5b1f-4312-961c-ce853dfdee37] [http-nio-8080-exec-6] c.b.c.logging.MethodLoggingAspect - Factory enter: FactoryProvider.getFactory() args=[]
2026-01-10 01:23:54.953 [34mINFO [0;39m [aa684957-5b1f-4312-961c-ce853dfdee37] [http-nio-8080-exec-6] c.b.c.logging.MethodLoggingAspect - Factory exit: FactoryProvider.getFactory() (0 ms)
2026-01-10 01:23:54.953 [39mDEBUG[0;39m [aa684957-5b1f-4312-961c-ce853dfdee37] [http-nio-8080-exec-6] c.b.c.logging.MethodLoggingAspect - Factory result: FactoryProvider.getFactory() => DefaultStorefrontFactory$$SpringCGLIB$$0(com.bharatshop.factory.impl.DefaultStorefrontFactory@6ca257de)
2026-01-10 01:23:54.953 [39mDEBUG[0;39m [aa684957-5b1f-4312-961c-ce853dfdee37] [http-nio-8080-exec-6] c.b.c.logging.MethodLoggingAspect - Factory enter: DefaultStorefrontFactory.products() args=[]
2026-01-10 01:23:54.958 [34mINFO [0;39m [aa684957-5b1f-4312-961c-ce853dfdee37] [http-nio-8080-exec-6] c.b.c.logging.MethodLoggingAspect - Factory exit: DefaultStorefrontFactory.products() (5 ms)
2026-01-10 01:23:54.958 [39mDEBUG[0;39m [aa684957-5b1f-4312-961c-ce853dfdee37] [http-nio-8080-exec-6] c.b.c.logging.MethodLoggingAspect - Factory result: DefaultStorefrontFactory.products() => (com.bharatshop.factory.impl.DefaultStorefrontFactory$1@283c2879)
2026-01-10 01:23:54.958 [39mDEBUG[0;39m [aa684957-5b1f-4312-961c-ce853dfdee37] [http-nio-8080-exec-6] c.b.c.logging.MethodLoggingAspect - Service enter: ProductService.getAll(..) args=[null, null]
2026-01-10 01:23:54.968 [34mINFO [0;39m [aa684957-5b1f-4312-961c-ce853dfdee37] [http-nio-8080-exec-6] c.b.c.logging.MethodLoggingAspect - Service exit: ProductService.getAll(..) (10 ms)
2026-01-10 01:23:54.968 [39mDEBUG[0;39m [aa684957-5b1f-4312-961c-ce853dfdee37] [http-nio-8080-exec-6] c.b.c.logging.MethodLoggingAspect - Service result: ProductService.getAll(..) => ArrayList[size=4]
2026-01-10 01:23:54.968 [34mINFO [0;39m [aa684957-5b1f-4312-961c-ce853dfdee37] [http-nio-8080-exec-6] c.b.c.logging.MethodLoggingAspect - Controller exit: StorefrontProductController.list(..) -> status=200 (15 ms)
2026-01-10 01:23:54.968 [39mDEBUG[0;39m [aa684957-5b1f-4312-961c-ce853dfdee37] [http-nio-8080-exec-6] c.b.c.logging.MethodLoggingAspect - Controller result: StorefrontProductController.list(..) => ResponseEntity(status=200)
2026-01-10 01:23:54.974 [34mINFO [0;39m [aa684957-5b1f-4312-961c-ce853dfdee37] [http-nio-8080-exec-6] c.b.config.logging.HttpLoggingFilter - GET /api/storefront/products -> 200 (24 ms)
2026-01-10 01:23:54.974 [34mINFO [0;39m [aa684957-5b1f-4312-961c-ce853dfdee37] [http-nio-8080-exec-6] c.b.config.logging.HttpLoggingFilter - Headers: auth=present content-type=null accept=null
2026-01-10 01:23:54.974 [34mINFO [0;39m [aa684957-5b1f-4312-961c-ce853dfdee37] [http-nio-8080-exec-6] c.b.config.logging.HttpLoggingFilter - Response payload: [{"id":"b428348a-dadc-41d6-abfe-1f17ba6d54e0","name":"Apples","price":120.0,"category":"fruits","storeId":"a5a1c2ad-9072-45da-91ce-96418715c97f","active":true},{"id":"8ba3363c-bd6e-4cd1-b1d2-b06a8f9c9c2b","name":"Milk","price":60.0,"category":"dairy","storeId":"a5a1c2ad-9072-45da-91ce-96418715c97f","active":true},{"id":"c31e634f-6ed9-4b52-8d4e-b400b20acb2d","name":"Paracetamol","price":35.0,"category":"medicine","storeId":"68140aca-7524-4c70-9948-734a51f99386","active":true},{"id":"44fc8f6b-5159-4d03-9e80-25fe481486da","name":"Room Deluxe","price":2500.0,"category":"room","storeId":"2a48bfeb-663d-4d10-963b-63f59e9e6e71","active":true}]
2026-01-10 01:24:17.920 [39mDEBUG[0;39m [159c815d-016d-4e5d-9804-1acd0e8e13e1] [http-nio-8080-exec-7] c.b.c.logging.MethodLoggingAspect - Controller enter: StorefrontProductController.list(..) args=[null, null]
2026-01-10 01:24:17.920 [34mINFO [0;39m [159c815d-016d-4e5d-9804-1acd0e8e13e1] [http-nio-8080-exec-7] c.b.web.StorefrontProductController - Storefront list products: tenant=different-tenant category=null search=null 
2026-01-10 01:24:17.920 [39mDEBUG[0;39m [159c815d-016d-4e5d-9804-1acd0e8e13e1] [http-nio-8080-exec-7] c.b.c.logging.MethodLoggingAspect - Factory enter: FactoryProvider.getFactory() args=[]
2026-01-10 01:24:17.922 [34mINFO [0;39m [159c815d-016d-4e5d-9804-1acd0e8e13e1] [http-nio-8080-exec-7] c.b.c.logging.MethodLoggingAspect - Factory exit: FactoryProvider.getFactory() (2 ms)
2026-01-10 01:24:17.922 [39mDEBUG[0;39m [159c815d-016d-4e5d-9804-1acd0e8e13e1] [http-nio-8080-exec-7] c.b.c.logging.MethodLoggingAspect - Factory result: FactoryProvider.getFactory() => DefaultStorefrontFactory$$SpringCGLIB$$0(com.bharatshop.factory.impl.DefaultStorefrontFactory@6ca257de)
2026-01-10 01:24:17.922 [39mDEBUG[0;39m [159c815d-016d-4e5d-9804-1acd0e8e13e1] [http-nio-8080-exec-7] c.b.c.logging.MethodLoggingAspect - Factory enter: DefaultStorefrontFactory.products() args=[]
2026-01-10 01:24:17.922 [34mINFO [0;39m [159c815d-016d-4e5d-9804-1acd0e8e13e1] [http-nio-8080-exec-7] c.b.c.logging.MethodLoggingAspect - Factory exit: DefaultStorefrontFactory.products() (0 ms)
2026-01-10 01:24:17.922 [39mDEBUG[0;39m [159c815d-016d-4e5d-9804-1acd0e8e13e1] [http-nio-8080-exec-7] c.b.c.logging.MethodLoggingAspect - Factory result: DefaultStorefrontFactory.products() => (com.bharatshop.factory.impl.DefaultStorefrontFactory$1@30bd25af)
2026-01-10 01:24:17.924 [39mDEBUG[0;39m [159c815d-016d-4e5d-9804-1acd0e8e13e1] [http-nio-8080-exec-7] c.b.c.logging.MethodLoggingAspect - Service enter: ProductService.getAll(..) args=[null, null]
2026-01-10 01:24:17.927 [34mINFO [0;39m [159c815d-016d-4e5d-9804-1acd0e8e13e1] [http-nio-8080-exec-7] c.b.c.logging.MethodLoggingAspect - Service exit: ProductService.getAll(..) (3 ms)
2026-01-10 01:24:17.929 [39mDEBUG[0;39m [159c815d-016d-4e5d-9804-1acd0e8e13e1] [http-nio-8080-exec-7] c.b.c.logging.MethodLoggingAspect - Service result: ProductService.getAll(..) => ArrayList[size=4]
2026-01-10 01:24:17.929 [34mINFO [0;39m [159c815d-016d-4e5d-9804-1acd0e8e13e1] [http-nio-8080-exec-7] c.b.c.logging.MethodLoggingAspect - Controller exit: StorefrontProductController.list(..) -> status=200 (9 ms)
2026-01-10 01:24:17.929 [39mDEBUG[0;39m [159c815d-016d-4e5d-9804-1acd0e8e13e1] [http-nio-8080-exec-7] c.b.c.logging.MethodLoggingAspect - Controller result: StorefrontProductController.list(..) => ResponseEntity(status=200)
2026-01-10 01:24:17.932 [34mINFO [0;39m [159c815d-016d-4e5d-9804-1acd0e8e13e1] [http-nio-8080-exec-7] c.b.config.logging.HttpLoggingFilter - GET /api/storefront/products -> 200 (14 ms)
2026-01-10 01:24:17.932 [34mINFO [0;39m [159c815d-016d-4e5d-9804-1acd0e8e13e1] [http-nio-8080-exec-7] c.b.config.logging.HttpLoggingFilter - Headers: auth=present content-type=null accept=null
2026-01-10 01:24:17.932 [34mINFO [0;39m [159c815d-016d-4e5d-9804-1acd0e8e13e1] [http-nio-8080-exec-7] c.b.config.logging.HttpLoggingFilter - Response payload: [{"id":"b428348a-dadc-41d6-abfe-1f17ba6d54e0","name":"Apples","price":120.0,"category":"fruits","storeId":"a5a1c2ad-9072-45da-91ce-96418715c97f","active":true},{"id":"8ba3363c-bd6e-4cd1-b1d2-b06a8f9c9c2b","name":"Milk","price":60.0,"category":"dairy","storeId":"a5a1c2ad-9072-45da-91ce-96418715c97f","active":true},{"id":"c31e634f-6ed9-4b52-8d4e-b400b20acb2d","name":"Paracetamol","price":35.0,"category":"medicine","storeId":"68140aca-7524-4c70-9948-734a51f99386","active":true},{"id":"44fc8f6b-5159-4d03-9e80-25fe481486da","name":"Room Deluxe","price":2500.0,"category":"room","storeId":"2a48bfeb-663d-4d10-963b-63f59e9e6e71","active":true}]
2026-01-10 01:24:18.236 [39mDEBUG[0;39m [ab6c417a-09ba-4466-9e0f-a5d5674bdd64] [http-nio-8080-exec-8] c.b.c.logging.MethodLoggingAspect - Controller enter: StorefrontProductController.list(..) args=[null, null]
2026-01-10 01:24:18.238 [34mINFO [0;39m [ab6c417a-09ba-4466-9e0f-a5d5674bdd64] [http-nio-8080-exec-8] c.b.web.StorefrontProductController - Storefront list products: tenant=default category=null search=null 
2026-01-10 01:24:18.238 [39mDEBUG[0;39m [ab6c417a-09ba-4466-9e0f-a5d5674bdd64] [http-nio-8080-exec-8] c.b.c.logging.MethodLoggingAspect - Factory enter: FactoryProvider.getFactory() args=[]
2026-01-10 01:24:18.238 [34mINFO [0;39m [ab6c417a-09ba-4466-9e0f-a5d5674bdd64] [http-nio-8080-exec-8] c.b.c.logging.MethodLoggingAspect - Factory exit: FactoryProvider.getFactory() (0 ms)
2026-01-10 01:24:18.238 [39mDEBUG[0;39m [ab6c417a-09ba-4466-9e0f-a5d5674bdd64] [http-nio-8080-exec-8] c.b.c.logging.MethodLoggingAspect - Factory result: FactoryProvider.getFactory() => DefaultStorefrontFactory$$SpringCGLIB$$0(com.bharatshop.factory.impl.DefaultStorefrontFactory@6ca257de)
2026-01-10 01:24:18.238 [39mDEBUG[0;39m [ab6c417a-09ba-4466-9e0f-a5d5674bdd64] [http-nio-8080-exec-8] c.b.c.logging.MethodLoggingAspect - Factory enter: DefaultStorefrontFactory.products() args=[]
2026-01-10 01:24:18.238 [34mINFO [0;39m [ab6c417a-09ba-4466-9e0f-a5d5674bdd64] [http-nio-8080-exec-8] c.b.c.logging.MethodLoggingAspect - Factory exit: DefaultStorefrontFactory.products() (0 ms)
2026-01-10 01:24:18.240 [39mDEBUG[0;39m [ab6c417a-09ba-4466-9e0f-a5d5674bdd64] [http-nio-8080-exec-8] c.b.c.logging.MethodLoggingAspect - Factory result: DefaultStorefrontFactory.products() => (com.bharatshop.factory.impl.DefaultStorefrontFactory$1@729f8122)
2026-01-10 01:24:18.240 [39mDEBUG[0;39m [ab6c417a-09ba-4466-9e0f-a5d5674bdd64] [http-nio-8080-exec-8] c.b.c.logging.MethodLoggingAspect - Service enter: ProductService.getAll(..) args=[null, null]
2026-01-10 01:24:18.246 [34mINFO [0;39m [ab6c417a-09ba-4466-9e0f-a5d5674bdd64] [http-nio-8080-exec-8] c.b.c.logging.MethodLoggingAspect - Service exit: ProductService.getAll(..) (6 ms)
2026-01-10 01:24:18.246 [39mDEBUG[0;39m [ab6c417a-09ba-4466-9e0f-a5d5674bdd64] [http-nio-8080-exec-8] c.b.c.logging.MethodLoggingAspect - Service result: ProductService.getAll(..) => ArrayList[size=4]
2026-01-10 01:24:18.246 [34mINFO [0;39m [ab6c417a-09ba-4466-9e0f-a5d5674bdd64] [http-nio-8080-exec-8] c.b.c.logging.MethodLoggingAspect - Controller exit: StorefrontProductController.list(..) -> status=200 (10 ms)
2026-01-10 01:24:18.246 [39mDEBUG[0;39m [ab6c417a-09ba-4466-9e0f-a5d5674bdd64] [http-nio-8080-exec-8] c.b.c.logging.MethodLoggingAspect - Controller result: StorefrontProductController.list(..) => ResponseEntity(status=200)
2026-01-10 01:24:18.249 [34mINFO [0;39m [ab6c417a-09ba-4466-9e0f-a5d5674bdd64] [http-nio-8080-exec-8] c.b.config.logging.HttpLoggingFilter - GET /api/storefront/products -> 200 (13 ms)
2026-01-10 01:24:18.249 [34mINFO [0;39m [ab6c417a-09ba-4466-9e0f-a5d5674bdd64] [http-nio-8080-exec-8] c.b.config.logging.HttpLoggingFilter - Headers: auth=present content-type=null accept=null
2026-01-10 01:24:18.249 [34mINFO [0;39m [ab6c417a-09ba-4466-9e0f-a5d5674bdd64] [http-nio-8080-exec-8] c.b.config.logging.HttpLoggingFilter - Response payload: [{"id":"b428348a-dadc-41d6-abfe-1f17ba6d54e0","name":"Apples","price":120.0,"category":"fruits","storeId":"a5a1c2ad-9072-45da-91ce-96418715c97f","active":true},{"id":"8ba3363c-bd6e-4cd1-b1d2-b06a8f9c9c2b","name":"Milk","price":60.0,"category":"dairy","storeId":"a5a1c2ad-9072-45da-91ce-96418715c97f","active":true},{"id":"c31e634f-6ed9-4b52-8d4e-b400b20acb2d","name":"Paracetamol","price":35.0,"category":"medicine","storeId":"68140aca-7524-4c70-9948-734a51f99386","active":true},{"id":"44fc8f6b-5159-4d03-9e80-25fe481486da","name":"Room Deluxe","price":2500.0,"category":"room","storeId":"2a48bfeb-663d-4d10-963b-63f59e9e6e71","active":true}]
2026-01-10 01:24:37.945 [39mDEBUG[0;39m [bcc5fdc9-ce32-4f62-9ff5-163d2f890098] [http-nio-8080-exec-9] c.b.c.logging.MethodLoggingAspect - Controller enter: AuthController.register(..) args=[RegisterRequest(com.bharatshop.dto.RegisterRequest@77036adb)]
2026-01-10 01:24:37.945 [34mINFO [0;39m [bcc5fdc9-ce32-4f62-9ff5-163d2f890098] [http-nio-8080-exec-9] com.bharatshop.web.AuthController - Register storefront user: email=fulltest@example.com
2026-01-10 01:24:37.947 [39mDEBUG[0;39m [bcc5fdc9-ce32-4f62-9ff5-163d2f890098] [http-nio-8080-exec-9] c.b.c.logging.MethodLoggingAspect - Service enter: AuthService.register(..) args=[Full Test User, fulltest@example.com, password123]
2026-01-10 01:24:37.947 [34mINFO [0;39m [bcc5fdc9-ce32-4f62-9ff5-163d2f890098] [http-nio-8080-exec-9] com.bharatshop.service.AuthService - Registering user: name=Full Test User, email=fulltest@example.com
2026-01-10 01:24:38.127 [39mDEBUG[0;39m [bcc5fdc9-ce32-4f62-9ff5-163d2f890098] [http-nio-8080-exec-9] c.b.c.logging.MethodLoggingAspect - Service enter: UserRoleService.initializeCustomerRole(..) args=[2509ecaa-785e-49fc-89a0-ec136046f2be]
2026-01-10 01:24:38.137 [34mINFO [0;39m [bcc5fdc9-ce32-4f62-9ff5-163d2f890098] [http-nio-8080-exec-9] c.b.c.logging.MethodLoggingAspect - Service exit: UserRoleService.initializeCustomerRole(..) (10 ms)
2026-01-10 01:24:38.144 [39mDEBUG[0;39m [bcc5fdc9-ce32-4f62-9ff5-163d2f890098] [http-nio-8080-exec-9] c.b.c.logging.MethodLoggingAspect - Service result: UserRoleService.initializeCustomerRole(..) => null
2026-01-10 01:24:38.152 [34mINFO [0;39m [bcc5fdc9-ce32-4f62-9ff5-163d2f890098] [http-nio-8080-exec-9] com.bharatshop.service.AuthService - Session created: userId=2509ecaa-785e-49fc-89a0-ec136046f2be role=consumer
2026-01-10 01:24:38.152 [34mINFO [0;39m [bcc5fdc9-ce32-4f62-9ff5-163d2f890098] [http-nio-8080-exec-9] com.bharatshop.service.AuthService - User registered: id=2509ecaa-785e-49fc-89a0-ec136046f2be, token=eyJhbGciOiJIUzI1NiIsInR5cCI6IkpXVCJ9.eyJzdWIiOiIyNTA5ZWNhYS03ODVlLTQ5ZmMtODlhMC1lYzEzNjA0NmYyYmUiLCJuYW1lIjoiRnVsbCBUZXN0IFVzZXIiLCJyb2xlIjoiY29uc3VtZXIiLCJ0ZW5hbnRJZCI6ImRlZmF1bHQiLCJhY3RpdmVSb2xlIjoiY29uc3VtZXIiLCJpYXQiOjE3Njc5ODg0NzgsImV4cCI6MTc2Nzk5MjA3OH0.W5cyYSGaU1ge3zAXhR8WrUXdz6o-LGHDH-HBSA4qsDM
2026-01-10 01:24:38.161 [34mINFO [0;39m [bcc5fdc9-ce32-4f62-9ff5-163d2f890098] [http-nio-8080-exec-9] c.b.c.logging.MethodLoggingAspect - Service exit: AuthService.register(..) (214 ms)
2026-01-10 01:24:38.161 [39mDEBUG[0;39m [bcc5fdc9-ce32-4f62-9ff5-163d2f890098] [http-nio-8080-exec-9] c.b.c.logging.MethodLoggingAspect - Service result: AuthService.register(..) => Session(Session[token=eyJhbGciOiJIUzI1NiIsInR5cCI6IkpXVCJ9.eyJzdWIiOiIyNTA5ZWNhYS03ODVlLTQ5ZmMtODlhMC1lYzEzNjA0NmYyYmUiLCJuYW1lIjoiRnVsbCBUZXN0IFVzZXIiLCJyb2xlIjoiY29uc3VtZXIiLCJ0ZW5hbnRJZCI6ImRlZmF1bHQiLCJhY3RpdmVSb2xlIjoiY29uc3VtZXIiLCJpYXQiOjE3Njc5ODg0NzgsImV4cCI6MTc2Nzk5MjA3OH0.W5cyYSGaU1ge3zAXhR8WrUXdz6o-LGHDH-HBSA4qsDM, userId=2509ecaa-785e-49fc-89a0-ec136046f2be, name=Full Test User, role=consumer])
2026-01-10 01:24:38.174 [39mDEBUG[0;39m [bcc5fdc9-ce32-4f62-9ff5-163d2f890098] [http-nio-8080-exec-9] c.b.c.logging.MethodLoggingAspect - Service enter: AuthService.getProfile(..) args=[eyJhbGciOiJIUzI1NiIsInR5cCI6IkpXVCJ9.eyJzdWIiOiIyNTA5ZWNhYS03ODVlLTQ5ZmMtODlhMC1lYzEzNjA0NmYyYmUiLCJuYW1lIjoiRnVsbCBUZXN0IFVzZXIiLCJyb2xlIjoiY29uc3VtZXIiLCJ0ZW5hbnRJZCI6ImRlZmF1bHQiLCJhY3RpdmVSb2xlIjoiY29uc3VtZXIiLCJpYXQiOjE3Njc5ODg0NzgsImV4cCI6MTc2Nzk5MjA3OH0.W5cyYSGaU1ge3zAXhR8WrUXdz6o-LGHDH-HBSA4qsDM]
2026-01-10 01:24:38.180 [34mINFO [0;39m [bcc5fdc9-ce32-4f62-9ff5-163d2f890098] [http-nio-8080-exec-9] c.b.c.logging.MethodLoggingAspect - Service exit: AuthService.getProfile(..) (6 ms)
2026-01-10 01:24:38.181 [39mDEBUG[0;39m [bcc5fdc9-ce32-4f62-9ff5-163d2f890098] [http-nio-8080-exec-9] c.b.c.logging.MethodLoggingAspect - Service result: AuthService.getProfile(..) => User(com.bharatshop.domain.User@52d57de6)
2026-01-10 01:24:38.187 [34mINFO [0;39m [bcc5fdc9-ce32-4f62-9ff5-163d2f890098] [http-nio-8080-exec-9] com.bharatshop.web.AuthController - Storefront register success: userId=2509ecaa-785e-49fc-89a0-ec136046f2be tokenPresent=true
2026-01-10 01:24:38.189 [34mINFO [0;39m [bcc5fdc9-ce32-4f62-9ff5-163d2f890098] [http-nio-8080-exec-9] c.b.c.logging.MethodLoggingAspect - Controller exit: AuthController.register(..) -> status=200 (242 ms)
2026-01-10 01:24:38.189 [39mDEBUG[0;39m [bcc5fdc9-ce32-4f62-9ff5-163d2f890098] [http-nio-8080-exec-9] c.b.c.logging.MethodLoggingAspect - Controller result: AuthController.register(..) => ResponseEntity(status=200)
2026-01-10 01:24:38.191 [34mINFO [0;39m [bcc5fdc9-ce32-4f62-9ff5-163d2f890098] [http-nio-8080-exec-9] c.b.config.logging.HttpLoggingFilter - POST /api/storefront/auth/register -> 200 (248 ms)
2026-01-10 01:24:38.198 [34mINFO [0;39m [bcc5fdc9-ce32-4f62-9ff5-163d2f890098] [http-nio-8080-exec-9] c.b.config.logging.HttpLoggingFilter - Headers: auth=absent content-type=application/json accept=null
2026-01-10 01:24:38.205 [34mINFO [0;39m [bcc5fdc9-ce32-4f62-9ff5-163d2f890098] [http-nio-8080-exec-9] c.b.config.logging.HttpLoggingFilter - Request payload: {
    "email":  "fulltest@example.com",
    "name":  "Full Test User",
    "password":  "password123",
    "phone":  "9876543210"
}
2026-01-10 01:24:38.205 [34mINFO [0;39m [bcc5fdc9-ce32-4f62-9ff5-163d2f890098] [http-nio-8080-exec-9] c.b.config.logging.HttpLoggingFilter - Response payload: {"token":"eyJhbGciOiJIUzI1NiIsInR5cCI6IkpXVCJ9.eyJzdWIiOiIyNTA5ZWNhYS03ODVlLTQ5ZmMtODlhMC1lYzEzNjA0NmYyYmUiLCJuYW1lIjoiRnVsbCBUZXN0IFVzZXIiLCJyb2xlIjoiY29uc3VtZXIiLCJ0ZW5hbnRJZCI6ImRlZmF1bHQiLCJhY3RpdmVSb2xlIjoiY29uc3VtZXIiLCJpYXQiOjE3Njc5ODg0NzgsImV4cCI6MTc2Nzk5MjA3OH0.W5cyYSGaU1ge3zAXhR8WrUXdz6o-LGHDH-HBSA4qsDM","user":{"id":"2509ecaa-785e-49fc-89a0-ec136046f2be","name":"Full Test User","email":"fulltest@example.com","role":"consumer"}}
2026-01-10 01:25:01.789 [39mDEBUG[0;39m [d507673b-39f5-4b4a-9aa6-381108ee5a97] [http-nio-8080-exec-10] c.b.c.logging.MethodLoggingAspect - Service enter: UserRoleService.getUserRoleEntities(..) args=[2509ecaa-785e-49fc-89a0-ec136046f2be]
2026-01-10 01:25:01.791 [34mINFO [0;39m [d507673b-39f5-4b4a-9aa6-381108ee5a97] [http-nio-8080-exec-10] c.b.c.logging.MethodLoggingAspect - Service exit: UserRoleService.getUserRoleEntities(..) (2 ms)
2026-01-10 01:25:01.793 [39mDEBUG[0;39m [d507673b-39f5-4b4a-9aa6-381108ee5a97] [http-nio-8080-exec-10] c.b.c.logging.MethodLoggingAspect - Service result: UserRoleService.getUserRoleEntities(..) => ArrayList[size=1]
2026-01-10 01:25:01.795 [34mINFO [0;39m [d507673b-39f5-4b4a-9aa6-381108ee5a97] [http-nio-8080-exec-10] c.b.config.logging.HttpLoggingFilter - GET /api/user/me -> 200 (9 ms)
2026-01-10 01:25:01.795 [34mINFO [0;39m [d507673b-39f5-4b4a-9aa6-381108ee5a97] [http-nio-8080-exec-10] c.b.config.logging.HttpLoggingFilter - Headers: auth=present content-type=null accept=null
2026-01-10 01:25:01.795 [34mINFO [0;39m [d507673b-39f5-4b4a-9aa6-381108ee5a97] [http-nio-8080-exec-10] c.b.config.logging.HttpLoggingFilter - Response payload: {"tenant_id":"default","allowed_roles":["CUSTOMER"],"name":"Full Test User","created_at":"2026-01-09T19:54:38.118826Z","active_role":"consumer","id":"2509ecaa-785e-49fc-89a0-ec136046f2be","email":"fulltest@example.com"}
2026-01-10 01:25:02.034 [39mDEBUG[0;39m [b03394f8-986e-49f4-9251-73bbbe8248b7] [http-nio-8080-exec-1] c.b.c.logging.MethodLoggingAspect - Controller enter: SellerAuthController.register(..) args=[SellerRegisterRequest(com.bharatshop.dto.SellerRegisterRequest@2606d34)]
2026-01-10 01:25:02.034 [34mINFO [0;39m [b03394f8-986e-49f4-9251-73bbbe8248b7] [http-nio-8080-exec-1] c.b.web.SellerAuthController - Register/upgrade seller: email=fulltest@example.com phone=9876543210
2026-01-10 01:25:02.038 [39mDEBUG[0;39m [b03394f8-986e-49f4-9251-73bbbe8248b7] [http-nio-8080-exec-1] c.b.c.logging.MethodLoggingAspect - Service enter: AuthService.registerOrUpgradeSeller(..) args=[Full Test User, fulltest@example.com, 9876543210, password123]
2026-01-10 01:25:02.041 [34mINFO [0;39m [b03394f8-986e-49f4-9251-73bbbe8248b7] [http-nio-8080-exec-1] com.bharatshop.service.AuthService - Upgraded existing user to SELLER via email: userId=2509ecaa-785e-49fc-89a0-ec136046f2be
2026-01-10 01:25:02.041 [34mINFO [0;39m [b03394f8-986e-49f4-9251-73bbbe8248b7] [http-nio-8080-exec-1] com.bharatshop.service.AuthService - Session created: userId=2509ecaa-785e-49fc-89a0-ec136046f2be role=seller
2026-01-10 01:25:02.045 [34mINFO [0;39m [b03394f8-986e-49f4-9251-73bbbe8248b7] [http-nio-8080-exec-1] c.b.c.logging.MethodLoggingAspect - Service exit: AuthService.registerOrUpgradeSeller(..) (3 ms)
2026-01-10 01:25:02.045 [39mDEBUG[0;39m [b03394f8-986e-49f4-9251-73bbbe8248b7] [http-nio-8080-exec-1] c.b.c.logging.MethodLoggingAspect - Service result: AuthService.registerOrUpgradeSeller(..) => Session(Session[token=eyJhbGciOiJIUzI1NiIsInR5cCI6IkpXVCJ9.eyJzdWIiOiIyNTA5ZWNhYS03ODVlLTQ5ZmMtODlhMC1lYzEzNjA0NmYyYmUiLCJuYW1lIjoiRnVsbCBUZXN0IFVzZXIiLCJyb2xlIjoic2VsbGVyIiwidGVuYW50SWQiOiJkZWZhdWx0IiwiYWN0aXZlUm9sZSI6InNlbGxlciIsImlhdCI6MTc2Nzk4ODUwMiwiZXhwIjoxNzY3OTkyMTAyfQ.3CPEAFjDJ7N6ZilCY75hsBFu8kKNGr9T7lFH-YWWBKo, userId=2509ecaa-785e-49fc-89a0-ec136046f2be, name=Full Test User, role=seller])
2026-01-10 01:25:02.045 [39mDEBUG[0;39m [b03394f8-986e-49f4-9251-73bbbe8248b7] [http-nio-8080-exec-1] c.b.c.logging.MethodLoggingAspect - Service enter: AuthService.getProfile(..) args=[eyJhbGciOiJIUzI1NiIsInR5cCI6IkpXVCJ9.eyJzdWIiOiIyNTA5ZWNhYS03ODVlLTQ5ZmMtODlhMC1lYzEzNjA0NmYyYmUiLCJuYW1lIjoiRnVsbCBUZXN0IFVzZXIiLCJyb2xlIjoic2VsbGVyIiwidGVuYW50SWQiOiJkZWZhdWx0IiwiYWN0aXZlUm9sZSI6InNlbGxlciIsImlhdCI6MTc2Nzk4ODUwMiwiZXhwIjoxNzY3OTkyMTAyfQ.3CPEAFjDJ7N6ZilCY75hsBFu8kKNGr9T7lFH-YWWBKo]
2026-01-10 01:25:02.046 [34mINFO [0;39m [b03394f8-986e-49f4-9251-73bbbe8248b7] [http-nio-8080-exec-1] c.b.c.logging.MethodLoggingAspect - Service exit: AuthService.getProfile(..) (1 ms)
2026-01-10 01:25:02.046 [39mDEBUG[0;39m [b03394f8-986e-49f4-9251-73bbbe8248b7] [http-nio-8080-exec-1] c.b.c.logging.MethodLoggingAspect - Service result: AuthService.getProfile(..) => User(com.bharatshop.domain.User@7b671be8)
2026-01-10 01:25:02.046 [34mINFO [0;39m [b03394f8-986e-49f4-9251-73bbbe8248b7] [http-nio-8080-exec-1] c.b.web.SellerAuthController - Seller register/upgrade success: userId=2509ecaa-785e-49fc-89a0-ec136046f2be role=seller
2026-01-10 01:25:02.054 [34mINFO [0;39m [b03394f8-986e-49f4-9251-73bbbe8248b7] [http-nio-8080-exec-1] c.b.c.logging.MethodLoggingAspect - Controller exit: SellerAuthController.register(..) -> status=200 (20 ms)
2026-01-10 01:25:02.054 [39mDEBUG[0;39m [b03394f8-986e-49f4-9251-73bbbe8248b7] [http-nio-8080-exec-1] c.b.c.logging.MethodLoggingAspect - Controller result: SellerAuthController.register(..) => ResponseEntity(status=200)
2026-01-10 01:25:02.056 [34mINFO [0;39m [b03394f8-986e-49f4-9251-73bbbe8248b7] [http-nio-8080-exec-1] c.b.config.logging.HttpLoggingFilter - POST /api/auth/seller/register -> 200 (22 ms)
2026-01-10 01:25:02.056 [34mINFO [0;39m [b03394f8-986e-49f4-9251-73bbbe8248b7] [http-nio-8080-exec-1] c.b.config.logging.HttpLoggingFilter - Headers: auth=present content-type=application/json accept=null
2026-01-10 01:25:02.056 [34mINFO [0;39m [b03394f8-986e-49f4-9251-73bbbe8248b7] [http-nio-8080-exec-1] c.b.config.logging.HttpLoggingFilter - Request payload: {
    "email":  "fulltest@example.com",
    "name":  "Full Test User",
    "password":  "password123",
    "phone":  "9876543210"
}
2026-01-10 01:25:02.058 [34mINFO [0;39m [b03394f8-986e-49f4-9251-73bbbe8248b7] [http-nio-8080-exec-1] c.b.config.logging.HttpLoggingFilter - Response payload: {"token":"eyJhbGciOiJIUzI1NiIsInR5cCI6IkpXVCJ9.eyJzdWIiOiIyNTA5ZWNhYS03ODVlLTQ5ZmMtODlhMC1lYzEzNjA0NmYyYmUiLCJuYW1lIjoiRnVsbCBUZXN0IFVzZXIiLCJyb2xlIjoic2VsbGVyIiwidGVuYW50SWQiOiJkZWZhdWx0IiwiYWN0aXZlUm9sZSI6InNlbGxlciIsImlhdCI6MTc2Nzk4ODUwMiwiZXhwIjoxNzY3OTkyMTAyfQ.3CPEAFjDJ7N6ZilCY75hsBFu8kKNGr9T7lFH-YWWBKo","user":{"id":"2509ecaa-785e-49fc-89a0-ec136046f2be","name":"Full Test User","email":"fulltest@example.com","role":"seller"}}
2026-01-10 01:25:30.153 [39mDEBUG[0;39m [611ff4c8-9e23-4fdf-b582-2816a98e8b76] [http-nio-8080-exec-2] c.b.c.logging.MethodLoggingAspect - Service enter: UserRoleService.getUserRoleEntities(..) args=[2509ecaa-785e-49fc-89a0-ec136046f2be]
2026-01-10 01:25:30.155 [34mINFO [0;39m [611ff4c8-9e23-4fdf-b582-2816a98e8b76] [http-nio-8080-exec-2] c.b.c.logging.MethodLoggingAspect - Service exit: UserRoleService.getUserRoleEntities(..) (2 ms)
2026-01-10 01:25:30.157 [39mDEBUG[0;39m [611ff4c8-9e23-4fdf-b582-2816a98e8b76] [http-nio-8080-exec-2] c.b.c.logging.MethodLoggingAspect - Service result: UserRoleService.getUserRoleEntities(..) => ArrayList[size=1]
2026-01-10 01:25:30.157 [34mINFO [0;39m [611ff4c8-9e23-4fdf-b582-2816a98e8b76] [http-nio-8080-exec-2] c.b.config.logging.HttpLoggingFilter - GET /api/user/me -> 200 (8 ms)
2026-01-10 01:25:30.157 [34mINFO [0;39m [611ff4c8-9e23-4fdf-b582-2816a98e8b76] [http-nio-8080-exec-2] c.b.config.logging.HttpLoggingFilter - Headers: auth=present content-type=null accept=null
2026-01-10 01:25:30.157 [34mINFO [0;39m [611ff4c8-9e23-4fdf-b582-2816a98e8b76] [http-nio-8080-exec-2] c.b.config.logging.HttpLoggingFilter - Response payload: {"tenant_id":"default","allowed_roles":["CUSTOMER"],"name":"Full Test User","created_at":"2026-01-09T19:54:38.118826Z","active_role":"seller","id":"2509ecaa-785e-49fc-89a0-ec136046f2be","email":"fulltest@example.com"}
2026-01-10 01:25:30.390 [39mDEBUG[0;39m [972a6b3b-dc76-46b2-8277-f1e002b2dd0d] [http-nio-8080-exec-3] c.b.c.logging.MethodLoggingAspect - Service enter: UserRoleService.switchUserRole(..) args=[2509ecaa-785e-49fc-89a0-ec136046f2be, CUSTOMER]
2026-01-10 01:25:30.397 [34mINFO [0;39m [972a6b3b-dc76-46b2-8277-f1e002b2dd0d] [http-nio-8080-exec-3] c.b.c.logging.MethodLoggingAspect - Service exit: UserRoleService.switchUserRole(..) (7 ms)
2026-01-10 01:25:30.397 [39mDEBUG[0;39m [972a6b3b-dc76-46b2-8277-f1e002b2dd0d] [http-nio-8080-exec-3] c.b.c.logging.MethodLoggingAspect - Service result: UserRoleService.switchUserRole(..) => UserRoleEntity(com.bharatshop.entity.UserRoleEntity@5eba468b)
2026-01-10 01:25:30.399 [34mINFO [0;39m [972a6b3b-dc76-46b2-8277-f1e002b2dd0d] [http-nio-8080-exec-3] c.b.config.logging.HttpLoggingFilter - POST /api/user/switch-role -> 200 (11 ms)
2026-01-10 01:25:30.399 [34mINFO [0;39m [972a6b3b-dc76-46b2-8277-f1e002b2dd0d] [http-nio-8080-exec-3] c.b.config.logging.HttpLoggingFilter - Headers: auth=present content-type=application/json accept=null
2026-01-10 01:25:30.399 [34mINFO [0;39m [972a6b3b-dc76-46b2-8277-f1e002b2dd0d] [http-nio-8080-exec-3] c.b.config.logging.HttpLoggingFilter - Request payload: {
    "role":  "CUSTOMER"
}
2026-01-10 01:25:30.399 [34mINFO [0;39m [972a6b3b-dc76-46b2-8277-f1e002b2dd0d] [http-nio-8080-exec-3] c.b.config.logging.HttpLoggingFilter - Response payload: {"success":true,"active_role":"CUSTOMER","message":"Role switched successfully","token":"eyJhbGciOiJIUzI1NiIsInR5cCI6IkpXVCJ9.eyJzdWIiOiIyNTA5ZWNhYS03ODVlLTQ5ZmMtODlhMC1lYzEzNjA0NmYyYmUiLCJuYW1lIjoiRnVsbCBUZXN0IFVzZXIiLCJyb2xlIjoiQ1VTVE9NRVIiLCJ0ZW5hbnRJZCI6ImRlZmF1bHQiLCJhY3RpdmVSb2xlIjoiQ1VTVE9NRVIiLCJpYXQiOjE3Njc5ODg1MzAsImV4cCI6MTc2Nzk5MjEzMH0._1FQE6NpXPuiSQaossZ7emr3PJLfxz_2L0X0EwfXT-4"}
2026-01-10 01:25:50.111 [39mDEBUG[0;39m [6df142c2-69c8-4b17-b53e-62e6f73da9a0] [http-nio-8080-exec-4] c.b.c.logging.MethodLoggingAspect - Service enter: UserRoleService.switchUserRole(..) args=[2509ecaa-785e-49fc-89a0-ec136046f2be, CUSTOMER]
2026-01-10 01:25:50.120 [34mINFO [0;39m [6df142c2-69c8-4b17-b53e-62e6f73da9a0] [http-nio-8080-exec-4] c.b.c.logging.MethodLoggingAspect - Service exit: UserRoleService.switchUserRole(..) (9 ms)
2026-01-10 01:25:50.120 [39mDEBUG[0;39m [6df142c2-69c8-4b17-b53e-62e6f73da9a0] [http-nio-8080-exec-4] c.b.c.logging.MethodLoggingAspect - Service result: UserRoleService.switchUserRole(..) => UserRoleEntity(com.bharatshop.entity.UserRoleEntity@7768fbac)
2026-01-10 01:25:50.120 [34mINFO [0;39m [6df142c2-69c8-4b17-b53e-62e6f73da9a0] [http-nio-8080-exec-4] c.b.config.logging.HttpLoggingFilter - POST /api/user/switch-role -> 200 (10 ms)
2026-01-10 01:25:50.120 [34mINFO [0;39m [6df142c2-69c8-4b17-b53e-62e6f73da9a0] [http-nio-8080-exec-4] c.b.config.logging.HttpLoggingFilter - Headers: auth=present content-type=application/json accept=null
2026-01-10 01:25:50.120 [34mINFO [0;39m [6df142c2-69c8-4b17-b53e-62e6f73da9a0] [http-nio-8080-exec-4] c.b.config.logging.HttpLoggingFilter - Request payload: {
    "role":  "CUSTOMER"
}
2026-01-10 01:25:50.120 [34mINFO [0;39m [6df142c2-69c8-4b17-b53e-62e6f73da9a0] [http-nio-8080-exec-4] c.b.config.logging.HttpLoggingFilter - Response payload: {"success":true,"active_role":"CUSTOMER","message":"Role switched successfully","token":"eyJhbGciOiJIUzI1NiIsInR5cCI6IkpXVCJ9.eyJzdWIiOiIyNTA5ZWNhYS03ODVlLTQ5ZmMtODlhMC1lYzEzNjA0NmYyYmUiLCJuYW1lIjoiRnVsbCBUZXN0IFVzZXIiLCJyb2xlIjoiQ1VTVE9NRVIiLCJ0ZW5hbnRJZCI6ImRlZmF1bHQiLCJhY3RpdmVSb2xlIjoiQ1VTVE9NRVIiLCJpYXQiOjE3Njc5ODg1NTAsImV4cCI6MTc2Nzk5MjE1MH0.9WIhwWGdk5u3RgCcW1JCJ9xJMbAbAXL9b8sCzBWGExg"}
2026-01-10 01:25:50.571 [39mDEBUG[0;39m [955af4f0-96f2-48b0-a5fd-24655eb132e5] [http-nio-8080-exec-5] c.b.c.logging.MethodLoggingAspect - Service enter: UserRoleService.switchUserRole(..) args=[2509ecaa-785e-49fc-89a0-ec136046f2be, SELLER]
2026-01-10 01:25:50.576 [1;31mERROR[0;39m [955af4f0-96f2-48b0-a5fd-24655eb132e5] [http-nio-8080-exec-5] c.b.c.logging.MethodLoggingAspect - Unhandled exception: java.lang.RuntimeException: User does not have role: SELLER
2026-01-10 01:25:50.576 [1;31mERROR[0;39m [955af4f0-96f2-48b0-a5fd-24655eb132e5] [http-nio-8080-exec-5] c.b.c.logging.MethodLoggingAspect - Service error: UserRoleService.switchUserRole(..) (5 ms) - java.lang.RuntimeException: User does not have role: SELLER
2026-01-10 01:25:50.577 [34mINFO [0;39m [955af4f0-96f2-48b0-a5fd-24655eb132e5] [http-nio-8080-exec-5] c.b.config.logging.HttpLoggingFilter - POST /api/user/switch-role -> 500 (8 ms)
2026-01-10 01:25:50.577 [34mINFO [0;39m [955af4f0-96f2-48b0-a5fd-24655eb132e5] [http-nio-8080-exec-5] c.b.config.logging.HttpLoggingFilter - Headers: auth=present content-type=application/json accept=null
2026-01-10 01:25:50.577 [34mINFO [0;39m [955af4f0-96f2-48b0-a5fd-24655eb132e5] [http-nio-8080-exec-5] c.b.config.logging.HttpLoggingFilter - Request payload: {
    "role":  "SELLER"
}
2026-01-10 01:25:50.577 [34mINFO [0;39m [955af4f0-96f2-48b0-a5fd-24655eb132e5] [http-nio-8080-exec-5] c.b.config.logging.HttpLoggingFilter - Response payload: {"error":"Failed to switch role: User does not have role: SELLER"}
2026-01-10 01:26:56.273 [39mDEBUG[0;39m [63fe3c34-623d-4b74-a9b6-93bc0bd7933c] [http-nio-8080-exec-6] c.b.c.logging.MethodLoggingAspect - Service enter: UserRoleService.getUserRoleEntities(..) args=[2509ecaa-785e-49fc-89a0-ec136046f2be]
2026-01-10 01:26:56.278 [34mINFO [0;39m [63fe3c34-623d-4b74-a9b6-93bc0bd7933c] [http-nio-8080-exec-6] c.b.c.logging.MethodLoggingAspect - Service exit: UserRoleService.getUserRoleEntities(..) (5 ms)
2026-01-10 01:26:56.278 [39mDEBUG[0;39m [63fe3c34-623d-4b74-a9b6-93bc0bd7933c] [http-nio-8080-exec-6] c.b.c.logging.MethodLoggingAspect - Service result: UserRoleService.getUserRoleEntities(..) => ArrayList[size=1]
2026-01-10 01:26:56.279 [34mINFO [0;39m [63fe3c34-623d-4b74-a9b6-93bc0bd7933c] [http-nio-8080-exec-6] c.b.config.logging.HttpLoggingFilter - GET /api/user/me -> 200 (8 ms)
2026-01-10 01:26:56.279 [34mINFO [0;39m [63fe3c34-623d-4b74-a9b6-93bc0bd7933c] [http-nio-8080-exec-6] c.b.config.logging.HttpLoggingFilter - Headers: auth=present content-type=null accept=null
2026-01-10 01:26:56.279 [34mINFO [0;39m [63fe3c34-623d-4b74-a9b6-93bc0bd7933c] [http-nio-8080-exec-6] c.b.config.logging.HttpLoggingFilter - Response payload: {"tenant_id":"default","allowed_roles":["CUSTOMER"],"name":"Full Test User","created_at":"2026-01-09T19:54:38.118826Z","active_role":"seller","id":"2509ecaa-785e-49fc-89a0-ec136046f2be","email":"fulltest@example.com"}
2026-01-10 01:26:56.779 [39mDEBUG[0;39m [82c1f6c7-35c8-457d-b05b-09d7aaeaf26e] [http-nio-8080-exec-7] c.b.c.logging.MethodLoggingAspect - Controller enter: SellerAuthController.register(..) args=[SellerRegisterRequest(com.bharatshop.dto.SellerRegisterRequest@6d54e305)]
2026-01-10 01:26:56.781 [34mINFO [0;39m [82c1f6c7-35c8-457d-b05b-09d7aaeaf26e] [http-nio-8080-exec-7] c.b.web.SellerAuthController - Register/upgrade seller: email=directseller@example.com phone=1234567890
2026-01-10 01:26:56.781 [39mDEBUG[0;39m [82c1f6c7-35c8-457d-b05b-09d7aaeaf26e] [http-nio-8080-exec-7] c.b.c.logging.MethodLoggingAspect - Service enter: AuthService.registerOrUpgradeSeller(..) args=[Direct Seller Test, directseller@example.com, 1234567890, password123]
2026-01-10 01:26:56.955 [34mINFO [0;39m [82c1f6c7-35c8-457d-b05b-09d7aaeaf26e] [http-nio-8080-exec-7] com.bharatshop.service.AuthService - Session created: userId=5302ea10-11af-4254-96a1-c2c725031552 role=seller
2026-01-10 01:26:56.955 [34mINFO [0;39m [82c1f6c7-35c8-457d-b05b-09d7aaeaf26e] [http-nio-8080-exec-7] com.bharatshop.service.AuthService - Created new SELLER: userId=5302ea10-11af-4254-96a1-c2c725031552 email=directseller@example.com phone=1234567890 tokenPresent=true
2026-01-10 01:26:56.957 [34mINFO [0;39m [82c1f6c7-35c8-457d-b05b-09d7aaeaf26e] [http-nio-8080-exec-7] c.b.c.logging.MethodLoggingAspect - Service exit: AuthService.registerOrUpgradeSeller(..) (176 ms)
2026-01-10 01:26:56.957 [39mDEBUG[0;39m [82c1f6c7-35c8-457d-b05b-09d7aaeaf26e] [http-nio-8080-exec-7] c.b.c.logging.MethodLoggingAspect - Service result: AuthService.registerOrUpgradeSeller(..) => Session(Session[token=eyJhbGciOiJIUzI1NiIsInR5cCI6IkpXVCJ9.eyJzdWIiOiI1MzAyZWExMC0xMWFmLTQyNTQtOTZhMS1jMmM3MjUwMzE1NTIiLCJuYW1lIjoiRGlyZWN0IFNlbGxlciBUZXN0Iiwicm9sZSI6InNlbGxlciIsInRlbmFudElkIjoiZGVmYXVsdCIsImFjdGl2ZVJvbGUiOiJzZWxsZXIiLCJpYXQiOjE3Njc5ODg2MTYsImV4cCI6MTc2Nzk5MjIxNn0.q69iqXoM1sxA0tC3EF1gIcVJTShgLEkxIude0AbbcIw, userId=5302ea10-11af-4254-96a1-c2c725031552, name=Direct Seller Test, role=seller])
2026-01-10 01:26:56.957 [39mDEBUG[0;39m [82c1f6c7-35c8-457d-b05b-09d7aaeaf26e] [http-nio-8080-exec-7] c.b.c.logging.MethodLoggingAspect - Service enter: AuthService.getProfile(..) args=[eyJhbGciOiJIUzI1NiIsInR5cCI6IkpXVCJ9.eyJzdWIiOiI1MzAyZWExMC0xMWFmLTQyNTQtOTZhMS1jMmM3MjUwMzE1NTIiLCJuYW1lIjoiRGlyZWN0IFNlbGxlciBUZXN0Iiwicm9sZSI6InNlbGxlciIsInRlbmFudElkIjoiZGVmYXVsdCIsImFjdGl2ZVJvbGUiOiJzZWxsZXIiLCJpYXQiOjE3Njc5ODg2MTYsImV4cCI6MTc2Nzk5MjIxNn0.q69iqXoM1sxA0tC3EF1gIcVJTShgLEkxIude0AbbcIw]
2026-01-10 01:26:56.959 [34mINFO [0;39m [82c1f6c7-35c8-457d-b05b-09d7aaeaf26e] [http-nio-8080-exec-7] c.b.c.logging.MethodLoggingAspect - Service exit: AuthService.getProfile(..) (2 ms)
2026-01-10 01:26:56.959 [39mDEBUG[0;39m [82c1f6c7-35c8-457d-b05b-09d7aaeaf26e] [http-nio-8080-exec-7] c.b.c.logging.MethodLoggingAspect - Service result: AuthService.getProfile(..) => User(com.bharatshop.domain.User@5a0fd660)
2026-01-10 01:26:56.959 [34mINFO [0;39m [82c1f6c7-35c8-457d-b05b-09d7aaeaf26e] [http-nio-8080-exec-7] c.b.web.SellerAuthController - Seller register/upgrade success: userId=5302ea10-11af-4254-96a1-c2c725031552 role=seller
2026-01-10 01:26:56.959 [34mINFO [0;39m [82c1f6c7-35c8-457d-b05b-09d7aaeaf26e] [http-nio-8080-exec-7] c.b.c.logging.MethodLoggingAspect - Controller exit: SellerAuthController.register(..) -> status=200 (180 ms)
2026-01-10 01:26:56.959 [39mDEBUG[0;39m [82c1f6c7-35c8-457d-b05b-09d7aaeaf26e] [http-nio-8080-exec-7] c.b.c.logging.MethodLoggingAspect - Controller result: SellerAuthController.register(..) => ResponseEntity(status=200)
2026-01-10 01:26:56.963 [34mINFO [0;39m [82c1f6c7-35c8-457d-b05b-09d7aaeaf26e] [http-nio-8080-exec-7] c.b.config.logging.HttpLoggingFilter - POST /api/auth/seller/register -> 200 (187 ms)
2026-01-10 01:26:56.963 [34mINFO [0;39m [82c1f6c7-35c8-457d-b05b-09d7aaeaf26e] [http-nio-8080-exec-7] c.b.config.logging.HttpLoggingFilter - Headers: auth=absent content-type=application/json accept=null
2026-01-10 01:26:56.963 [34mINFO [0;39m [82c1f6c7-35c8-457d-b05b-09d7aaeaf26e] [http-nio-8080-exec-7] c.b.config.logging.HttpLoggingFilter - Request payload: {
    "email":  "directseller@example.com",
    "name":  "Direct Seller Test",
    "password":  "password123",
    "phone":  "1234567890"
}
2026-01-10 01:26:56.964 [34mINFO [0;39m [82c1f6c7-35c8-457d-b05b-09d7aaeaf26e] [http-nio-8080-exec-7] c.b.config.logging.HttpLoggingFilter - Response payload: {"token":"eyJhbGciOiJIUzI1NiIsInR5cCI6IkpXVCJ9.eyJzdWIiOiI1MzAyZWExMC0xMWFmLTQyNTQtOTZhMS1jMmM3MjUwMzE1NTIiLCJuYW1lIjoiRGlyZWN0IFNlbGxlciBUZXN0Iiwicm9sZSI6InNlbGxlciIsInRlbmFudElkIjoiZGVmYXVsdCIsImFjdGl2ZVJvbGUiOiJzZWxsZXIiLCJpYXQiOjE3Njc5ODg2MTYsImV4cCI6MTc2Nzk5MjIxNn0.q69iqXoM1sxA0tC3EF1gIcVJTShgLEkxIude0AbbcIw","user":{"id":"5302ea10-11af-4254-96a1-c2c725031552","name":"Direct Seller Test","email":"directseller@example.com","phone":"1234567890","role":"seller"}}
2026-01-10 01:27:29.392 [39mDEBUG[0;39m [fd705f3e-ab73-45e5-b5af-59e541877199] [http-nio-8080-exec-8] c.b.c.logging.MethodLoggingAspect - Controller enter: SellerAuthController.register(..) args=[SellerRegisterRequest(com.bharatshop.dto.SellerRegisterRequest@4b552eff)]
2026-01-10 01:27:29.394 [34mINFO [0;39m [fd705f3e-ab73-45e5-b5af-59e541877199] [http-nio-8080-exec-8] c.b.web.SellerAuthController - Register/upgrade seller: email=directseller@example.com phone=1234567890
2026-01-10 01:27:29.394 [39mDEBUG[0;39m [fd705f3e-ab73-45e5-b5af-59e541877199] [http-nio-8080-exec-8] c.b.c.logging.MethodLoggingAspect - Service enter: AuthService.registerOrUpgradeSeller(..) args=[Direct Seller Test, directseller@example.com, 1234567890, password123]
2026-01-10 01:27:29.397 [34mINFO [0;39m [fd705f3e-ab73-45e5-b5af-59e541877199] [http-nio-8080-exec-8] com.bharatshop.service.AuthService - Session created: userId=5302ea10-11af-4254-96a1-c2c725031552 role=seller
2026-01-10 01:27:29.397 [34mINFO [0;39m [fd705f3e-ab73-45e5-b5af-59e541877199] [http-nio-8080-exec-8] c.b.c.logging.MethodLoggingAspect - Service exit: AuthService.registerOrUpgradeSeller(..) (3 ms)
2026-01-10 01:27:29.397 [39mDEBUG[0;39m [fd705f3e-ab73-45e5-b5af-59e541877199] [http-nio-8080-exec-8] c.b.c.logging.MethodLoggingAspect - Service result: AuthService.registerOrUpgradeSeller(..) => Session(Session[token=eyJhbGciOiJIUzI1NiIsInR5cCI6IkpXVCJ9.eyJzdWIiOiI1MzAyZWExMC0xMWFmLTQyNTQtOTZhMS1jMmM3MjUwMzE1NTIiLCJuYW1lIjoiRGlyZWN0IFNlbGxlciBUZXN0Iiwicm9sZSI6InNlbGxlciIsInRlbmFudElkIjoiZGVmYXVsdCIsImFjdGl2ZVJvbGUiOiJzZWxsZXIiLCJpYXQiOjE3Njc5ODg2NDksImV4cCI6MTc2Nzk5MjI0OX0.e-GBaRU5ZEvReqlioriZRPjRhgvY5SLQs-O4YWtX1ig, userId=5302ea10-11af-4254-96a1-c2c725031552, name=Direct Seller Test, role=seller])
2026-01-10 01:27:29.397 [39mDEBUG[0;39m [fd705f3e-ab73-45e5-b5af-59e541877199] [http-nio-8080-exec-8] c.b.c.logging.MethodLoggingAspect - Service enter: AuthService.getProfile(..) args=[eyJhbGciOiJIUzI1NiIsInR5cCI6IkpXVCJ9.eyJzdWIiOiI1MzAyZWExMC0xMWFmLTQyNTQtOTZhMS1jMmM3MjUwMzE1NTIiLCJuYW1lIjoiRGlyZWN0IFNlbGxlciBUZXN0Iiwicm9sZSI6InNlbGxlciIsInRlbmFudElkIjoiZGVmYXVsdCIsImFjdGl2ZVJvbGUiOiJzZWxsZXIiLCJpYXQiOjE3Njc5ODg2NDksImV4cCI6MTc2Nzk5MjI0OX0.e-GBaRU5ZEvReqlioriZRPjRhgvY5SLQs-O4YWtX1ig]
2026-01-10 01:27:29.400 [34mINFO [0;39m [fd705f3e-ab73-45e5-b5af-59e541877199] [http-nio-8080-exec-8] c.b.c.logging.MethodLoggingAspect - Service exit: AuthService.getProfile(..) (3 ms)
2026-01-10 01:27:29.400 [39mDEBUG[0;39m [fd705f3e-ab73-45e5-b5af-59e541877199] [http-nio-8080-exec-8] c.b.c.logging.MethodLoggingAspect - Service result: AuthService.getProfile(..) => User(com.bharatshop.domain.User@51365861)
2026-01-10 01:27:29.400 [34mINFO [0;39m [fd705f3e-ab73-45e5-b5af-59e541877199] [http-nio-8080-exec-8] c.b.web.SellerAuthController - Seller register/upgrade success: userId=5302ea10-11af-4254-96a1-c2c725031552 role=seller
2026-01-10 01:27:29.400 [34mINFO [0;39m [fd705f3e-ab73-45e5-b5af-59e541877199] [http-nio-8080-exec-8] c.b.c.logging.MethodLoggingAspect - Controller exit: SellerAuthController.register(..) -> status=200 (8 ms)
2026-01-10 01:27:29.400 [39mDEBUG[0;39m [fd705f3e-ab73-45e5-b5af-59e541877199] [http-nio-8080-exec-8] c.b.c.logging.MethodLoggingAspect - Controller result: SellerAuthController.register(..) => ResponseEntity(status=200)
2026-01-10 01:27:29.402 [34mINFO [0;39m [fd705f3e-ab73-45e5-b5af-59e541877199] [http-nio-8080-exec-8] c.b.config.logging.HttpLoggingFilter - POST /api/auth/seller/register -> 200 (10 ms)
2026-01-10 01:27:29.402 [34mINFO [0;39m [fd705f3e-ab73-45e5-b5af-59e541877199] [http-nio-8080-exec-8] c.b.config.logging.HttpLoggingFilter - Headers: auth=absent content-type=application/json accept=null
2026-01-10 01:27:29.402 [34mINFO [0;39m [fd705f3e-ab73-45e5-b5af-59e541877199] [http-nio-8080-exec-8] c.b.config.logging.HttpLoggingFilter - Request payload: {
    "email":  "directseller@example.com",
    "name":  "Direct Seller Test",
    "password":  "password123",
    "phone":  "1234567890"
}
2026-01-10 01:27:29.402 [34mINFO [0;39m [fd705f3e-ab73-45e5-b5af-59e541877199] [http-nio-8080-exec-8] c.b.config.logging.HttpLoggingFilter - Response payload: {"token":"eyJhbGciOiJIUzI1NiIsInR5cCI6IkpXVCJ9.eyJzdWIiOiI1MzAyZWExMC0xMWFmLTQyNTQtOTZhMS1jMmM3MjUwMzE1NTIiLCJuYW1lIjoiRGlyZWN0IFNlbGxlciBUZXN0Iiwicm9sZSI6InNlbGxlciIsInRlbmFudElkIjoiZGVmYXVsdCIsImFjdGl2ZVJvbGUiOiJzZWxsZXIiLCJpYXQiOjE3Njc5ODg2NDksImV4cCI6MTc2Nzk5MjI0OX0.e-GBaRU5ZEvReqlioriZRPjRhgvY5SLQs-O4YWtX1ig","user":{"id":"5302ea10-11af-4254-96a1-c2c725031552","name":"Direct Seller Test","email":"directseller@example.com","phone":"1234567890","role":"seller"}}
2026-01-10 01:27:29.755 [39mDEBUG[0;39m [08365121-c0c7-4fa2-9b17-3c1ae383e56e] [http-nio-8080-exec-9] c.b.c.logging.MethodLoggingAspect - Service enter: UserRoleService.getUserRoleEntities(..) args=[5302ea10-11af-4254-96a1-c2c725031552]
2026-01-10 01:27:29.756 [34mINFO [0;39m [08365121-c0c7-4fa2-9b17-3c1ae383e56e] [http-nio-8080-exec-9] c.b.c.logging.MethodLoggingAspect - Service exit: UserRoleService.getUserRoleEntities(..) (1 ms)
2026-01-10 01:27:29.759 [39mDEBUG[0;39m [08365121-c0c7-4fa2-9b17-3c1ae383e56e] [http-nio-8080-exec-9] c.b.c.logging.MethodLoggingAspect - Service result: UserRoleService.getUserRoleEntities(..) => ArrayList[size=0]
2026-01-10 01:27:29.759 [34mINFO [0;39m [08365121-c0c7-4fa2-9b17-3c1ae383e56e] [http-nio-8080-exec-9] c.b.config.logging.HttpLoggingFilter - GET /api/user/me -> 200 (6 ms)
2026-01-10 01:27:29.759 [34mINFO [0;39m [08365121-c0c7-4fa2-9b17-3c1ae383e56e] [http-nio-8080-exec-9] c.b.config.logging.HttpLoggingFilter - Headers: auth=present content-type=null accept=null
2026-01-10 01:27:29.759 [34mINFO [0;39m [08365121-c0c7-4fa2-9b17-3c1ae383e56e] [http-nio-8080-exec-9] c.b.config.logging.HttpLoggingFilter - Response payload: {"tenant_id":"default","allowed_roles":[],"phone":"1234567890","name":"Direct Seller Test","created_at":"2026-01-09T19:56:56.953053Z","active_role":"seller","id":"5302ea10-11af-4254-96a1-c2c725031552","email":"directseller@example.com"}
2026-01-10 01:27:48.635 [39mDEBUG[0;39m [b52ff05b-1fea-4232-858f-7e5eaab88910] [http-nio-8080-exec-10] c.b.c.logging.MethodLoggingAspect - Service enter: UserRoleService.getUserRoleEntities(..) args=[5302ea10-11af-4254-96a1-c2c725031552]
2026-01-10 01:27:48.637 [34mINFO [0;39m [b52ff05b-1fea-4232-858f-7e5eaab88910] [http-nio-8080-exec-10] c.b.c.logging.MethodLoggingAspect - Service exit: UserRoleService.getUserRoleEntities(..) (2 ms)
2026-01-10 01:27:48.637 [39mDEBUG[0;39m [b52ff05b-1fea-4232-858f-7e5eaab88910] [http-nio-8080-exec-10] c.b.c.logging.MethodLoggingAspect - Service result: UserRoleService.getUserRoleEntities(..) => ArrayList[size=0]
2026-01-10 01:27:48.640 [34mINFO [0;39m [b52ff05b-1fea-4232-858f-7e5eaab88910] [http-nio-8080-exec-10] c.b.config.logging.HttpLoggingFilter - GET /api/user/me -> 200 (7 ms)
2026-01-10 01:27:48.640 [34mINFO [0;39m [b52ff05b-1fea-4232-858f-7e5eaab88910] [http-nio-8080-exec-10] c.b.config.logging.HttpLoggingFilter - Headers: auth=present content-type=null accept=null
2026-01-10 01:27:48.640 [34mINFO [0;39m [b52ff05b-1fea-4232-858f-7e5eaab88910] [http-nio-8080-exec-10] c.b.config.logging.HttpLoggingFilter - Response payload: {"tenant_id":"default","allowed_roles":[],"phone":"1234567890","name":"Direct Seller Test","created_at":"2026-01-09T19:56:56.953053Z","active_role":"seller","id":"5302ea10-11af-4254-96a1-c2c725031552","email":"directseller@example.com"}
2026-01-10 01:27:48.875 [39mDEBUG[0;39m [be77fd37-f470-412d-8b53-43e70bd2928d] [http-nio-8080-exec-1] c.b.c.logging.MethodLoggingAspect - Service enter: UserRoleService.switchUserRole(..) args=[5302ea10-11af-4254-96a1-c2c725031552, CUSTOMER]
2026-01-10 01:27:48.881 [1;31mERROR[0;39m [be77fd37-f470-412d-8b53-43e70bd2928d] [http-nio-8080-exec-1] c.b.c.logging.MethodLoggingAspect - Unhandled exception: java.lang.RuntimeException: User does not have role: CUSTOMER
2026-01-10 01:27:48.881 [1;31mERROR[0;39m [be77fd37-f470-412d-8b53-43e70bd2928d] [http-nio-8080-exec-1] c.b.c.logging.MethodLoggingAspect - Service error: UserRoleService.switchUserRole(..) (6 ms) - java.lang.RuntimeException: User does not have role: CUSTOMER
2026-01-10 01:27:48.883 [34mINFO [0;39m [be77fd37-f470-412d-8b53-43e70bd2928d] [http-nio-8080-exec-1] c.b.config.logging.HttpLoggingFilter - POST /api/user/switch-role -> 500 (10 ms)
2026-01-10 01:27:48.883 [34mINFO [0;39m [be77fd37-f470-412d-8b53-43e70bd2928d] [http-nio-8080-exec-1] c.b.config.logging.HttpLoggingFilter - Headers: auth=present content-type=application/json accept=null
2026-01-10 01:27:48.883 [34mINFO [0;39m [be77fd37-f470-412d-8b53-43e70bd2928d] [http-nio-8080-exec-1] c.b.config.logging.HttpLoggingFilter - Request payload: {
    "role":  "CUSTOMER"
}
2026-01-10 01:27:48.883 [34mINFO [0;39m [be77fd37-f470-412d-8b53-43e70bd2928d] [http-nio-8080-exec-1] c.b.config.logging.HttpLoggingFilter - Response payload: {"error":"Failed to switch role: User does not have role: CUSTOMER"}
2026-01-10 01:28:10.335 [39mDEBUG[0;39m [3fd78f56-2ea1-4cc9-9442-4dfdd9e65a63] [http-nio-8080-exec-3] c.b.c.logging.MethodLoggingAspect - Service enter: UserRoleService.switchUserRole(..) args=[5302ea10-11af-4254-96a1-c2c725031552, CUSTOMER]
2026-01-10 01:28:10.341 [1;31mERROR[0;39m [3fd78f56-2ea1-4cc9-9442-4dfdd9e65a63] [http-nio-8080-exec-3] c.b.c.logging.MethodLoggingAspect - Unhandled exception: java.lang.RuntimeException: User does not have role: CUSTOMER
2026-01-10 01:28:10.341 [1;31mERROR[0;39m [3fd78f56-2ea1-4cc9-9442-4dfdd9e65a63] [http-nio-8080-exec-3] c.b.c.logging.MethodLoggingAspect - Service error: UserRoleService.switchUserRole(..) (6 ms) - java.lang.RuntimeException: User does not have role: CUSTOMER
2026-01-10 01:28:10.341 [34mINFO [0;39m [3fd78f56-2ea1-4cc9-9442-4dfdd9e65a63] [http-nio-8080-exec-3] c.b.config.logging.HttpLoggingFilter - POST /api/user/switch-role -> 500 (9 ms)
2026-01-10 01:28:10.341 [34mINFO [0;39m [3fd78f56-2ea1-4cc9-9442-4dfdd9e65a63] [http-nio-8080-exec-3] c.b.config.logging.HttpLoggingFilter - Headers: auth=present content-type=application/json accept=null
2026-01-10 01:28:10.341 [34mINFO [0;39m [3fd78f56-2ea1-4cc9-9442-4dfdd9e65a63] [http-nio-8080-exec-3] c.b.config.logging.HttpLoggingFilter - Request payload: {
    "role":  "CUSTOMER"
}
2026-01-10 01:28:10.341 [34mINFO [0;39m [3fd78f56-2ea1-4cc9-9442-4dfdd9e65a63] [http-nio-8080-exec-3] c.b.config.logging.HttpLoggingFilter - Response payload: {"error":"Failed to switch role: User does not have role: CUSTOMER"}
2026-01-10 01:28:10.845 [34mINFO [0;39m [77e82eae-7f13-43a1-b5ce-ae3b24092f02] [http-nio-8080-exec-4] c.b.config.logging.HttpLoggingFilter - POST /api/user/switch-role -> 401 (2 ms)
2026-01-10 01:28:10.845 [34mINFO [0;39m [77e82eae-7f13-43a1-b5ce-ae3b24092f02] [http-nio-8080-exec-4] c.b.config.logging.HttpLoggingFilter - Headers: auth=present content-type=application/json accept=null
2026-01-10 01:28:10.845 [34mINFO [0;39m [77e82eae-7f13-43a1-b5ce-ae3b24092f02] [http-nio-8080-exec-4] c.b.config.logging.HttpLoggingFilter - Request payload: {
    "role":  "SELLER"
}
2026-01-10 01:28:10.845 [34mINFO [0;39m [77e82eae-7f13-43a1-b5ce-ae3b24092f02] [http-nio-8080-exec-4] c.b.config.logging.HttpLoggingFilter - Response payload: {"error":"Invalid token"}
2026-01-10 01:28:34.931 [34mINFO [0;39m [f0fc6ed0-fad3-4c83-9b4c-f6b0e9fad601] [http-nio-8080-exec-5] c.b.config.logging.HttpLoggingFilter - POST /api/user/switch-role -> 401 (3 ms)
2026-01-10 01:28:34.931 [34mINFO [0;39m [f0fc6ed0-fad3-4c83-9b4c-f6b0e9fad601] [http-nio-8080-exec-5] c.b.config.logging.HttpLoggingFilter - Headers: auth=present content-type=application/json accept=null
2026-01-10 01:28:34.933 [34mINFO [0;39m [f0fc6ed0-fad3-4c83-9b4c-f6b0e9fad601] [http-nio-8080-exec-5] c.b.config.logging.HttpLoggingFilter - Request payload: {
    "role":  "SELLER"
}
2026-01-10 01:28:34.933 [34mINFO [0;39m [f0fc6ed0-fad3-4c83-9b4c-f6b0e9fad601] [http-nio-8080-exec-5] c.b.config.logging.HttpLoggingFilter - Response payload: {"error":"Invalid token"}
2026-01-10 01:28:35.062 [34mINFO [0;39m [6477f083-bcb7-4a76-8935-7670be98f4b6] [http-nio-8080-exec-6] c.b.config.logging.HttpLoggingFilter - GET /api/user/me -> 401 (2 ms)
2026-01-10 01:28:35.062 [34mINFO [0;39m [6477f083-bcb7-4a76-8935-7670be98f4b6] [http-nio-8080-exec-6] c.b.config.logging.HttpLoggingFilter - Headers: auth=present content-type=null accept=null
2026-01-10 01:28:35.062 [34mINFO [0;39m [6477f083-bcb7-4a76-8935-7670be98f4b6] [http-nio-8080-exec-6] c.b.config.logging.HttpLoggingFilter - Response payload: {"error":"Invalid token"}
2026-01-10 01:32:33.426 [39mDEBUG[0;39m [92807018-ec2a-40fa-a368-ada3460ec3cf] [http-nio-8080-exec-8] c.b.c.logging.MethodLoggingAspect - Controller enter: StorefrontProductController.list(..) args=[null, null]
2026-01-10 01:32:33.426 [34mINFO [0;39m [92807018-ec2a-40fa-a368-ada3460ec3cf] [http-nio-8080-exec-8] c.b.web.StorefrontProductController - Storefront list products: tenant=default category=null search=null 
2026-01-10 01:32:33.426 [39mDEBUG[0;39m [92807018-ec2a-40fa-a368-ada3460ec3cf] [http-nio-8080-exec-8] c.b.c.logging.MethodLoggingAspect - Factory enter: FactoryProvider.getFactory() args=[]
2026-01-10 01:32:33.426 [34mINFO [0;39m [92807018-ec2a-40fa-a368-ada3460ec3cf] [http-nio-8080-exec-8] c.b.c.logging.MethodLoggingAspect - Factory exit: FactoryProvider.getFactory() (0 ms)
2026-01-10 01:32:33.426 [39mDEBUG[0;39m [92807018-ec2a-40fa-a368-ada3460ec3cf] [http-nio-8080-exec-8] c.b.c.logging.MethodLoggingAspect - Factory result: FactoryProvider.getFactory() => DefaultStorefrontFactory$$SpringCGLIB$$0(com.bharatshop.factory.impl.DefaultStorefrontFactory@6ca257de)
2026-01-10 01:32:33.426 [39mDEBUG[0;39m [92807018-ec2a-40fa-a368-ada3460ec3cf] [http-nio-8080-exec-8] c.b.c.logging.MethodLoggingAspect - Factory enter: DefaultStorefrontFactory.products() args=[]
2026-01-10 01:32:33.426 [34mINFO [0;39m [92807018-ec2a-40fa-a368-ada3460ec3cf] [http-nio-8080-exec-8] c.b.c.logging.MethodLoggingAspect - Factory exit: DefaultStorefrontFactory.products() (0 ms)
2026-01-10 01:32:33.426 [39mDEBUG[0;39m [92807018-ec2a-40fa-a368-ada3460ec3cf] [http-nio-8080-exec-8] c.b.c.logging.MethodLoggingAspect - Factory result: DefaultStorefrontFactory.products() => (com.bharatshop.factory.impl.DefaultStorefrontFactory$1@1ea1daef)
2026-01-10 01:32:33.426 [39mDEBUG[0;39m [92807018-ec2a-40fa-a368-ada3460ec3cf] [http-nio-8080-exec-8] c.b.c.logging.MethodLoggingAspect - Service enter: ProductService.getAll(..) args=[null, null]
2026-01-10 01:32:33.432 [34mINFO [0;39m [92807018-ec2a-40fa-a368-ada3460ec3cf] [http-nio-8080-exec-8] c.b.c.logging.MethodLoggingAspect - Service exit: ProductService.getAll(..) (6 ms)
2026-01-10 01:32:33.432 [39mDEBUG[0;39m [92807018-ec2a-40fa-a368-ada3460ec3cf] [http-nio-8080-exec-8] c.b.c.logging.MethodLoggingAspect - Service result: ProductService.getAll(..) => ArrayList[size=4]
2026-01-10 01:32:33.432 [34mINFO [0;39m [92807018-ec2a-40fa-a368-ada3460ec3cf] [http-nio-8080-exec-8] c.b.c.logging.MethodLoggingAspect - Controller exit: StorefrontProductController.list(..) -> status=200 (6 ms)
2026-01-10 01:32:33.432 [39mDEBUG[0;39m [92807018-ec2a-40fa-a368-ada3460ec3cf] [http-nio-8080-exec-8] c.b.c.logging.MethodLoggingAspect - Controller result: StorefrontProductController.list(..) => ResponseEntity(status=200)
2026-01-10 01:32:33.437 [34mINFO [0;39m [92807018-ec2a-40fa-a368-ada3460ec3cf] [http-nio-8080-exec-8] c.b.config.logging.HttpLoggingFilter - GET /api/storefront/products -> 200 (13 ms)
2026-01-10 01:32:33.437 [34mINFO [0;39m [92807018-ec2a-40fa-a368-ada3460ec3cf] [http-nio-8080-exec-8] c.b.config.logging.HttpLoggingFilter - Headers: auth=absent content-type=null accept=null
2026-01-10 01:32:33.437 [34mINFO [0;39m [92807018-ec2a-40fa-a368-ada3460ec3cf] [http-nio-8080-exec-8] c.b.config.logging.HttpLoggingFilter - Response payload: [{"id":"b428348a-dadc-41d6-abfe-1f17ba6d54e0","name":"Apples","price":120.0,"category":"fruits","storeId":"a5a1c2ad-9072-45da-91ce-96418715c97f","active":true},{"id":"8ba3363c-bd6e-4cd1-b1d2-b06a8f9c9c2b","name":"Milk","price":60.0,"category":"dairy","storeId":"a5a1c2ad-9072-45da-91ce-96418715c97f","active":true},{"id":"c31e634f-6ed9-4b52-8d4e-b400b20acb2d","name":"Paracetamol","price":35.0,"category":"medicine","storeId":"68140aca-7524-4c70-9948-734a51f99386","active":true},{"id":"44fc8f6b-5159-4d03-9e80-25fe481486da","name":"Room Deluxe","price":2500.0,"category":"room","storeId":"2a48bfeb-663d-4d10-963b-63f59e9e6e71","active":true}]
2026-01-10 01:32:33.721 [39mDEBUG[0;39m [ddc1ca9c-c996-4762-b644-a87a4ad2b59a] [http-nio-8080-exec-9] c.b.c.logging.MethodLoggingAspect - Controller enter: StorefrontCartController.getCart(..) args=[default, null]
2026-01-10 01:32:33.723 [34mINFO [0;39m [ddc1ca9c-c996-4762-b644-a87a4ad2b59a] [http-nio-8080-exec-9] c.b.web.StorefrontCartController - Storefront get cart: tenant=default userId=guest 
2026-01-10 01:32:33.723 [39mDEBUG[0;39m [ddc1ca9c-c996-4762-b644-a87a4ad2b59a] [http-nio-8080-exec-9] c.b.c.logging.MethodLoggingAspect - Service enter: CartService.getCart(..) args=[guest]
2026-01-10 01:32:33.723 [34mINFO [0;39m [ddc1ca9c-c996-4762-b644-a87a4ad2b59a] [http-nio-8080-exec-9] c.b.c.logging.MethodLoggingAspect - Service exit: CartService.getCart(..) (0 ms)
2026-01-10 01:32:33.723 [39mDEBUG[0;39m [ddc1ca9c-c996-4762-b644-a87a4ad2b59a] [http-nio-8080-exec-9] c.b.c.logging.MethodLoggingAspect - Service result: CartService.getCart(..) => ArrayList[size=0]
2026-01-10 01:32:33.725 [34mINFO [0;39m [ddc1ca9c-c996-4762-b644-a87a4ad2b59a] [http-nio-8080-exec-9] c.b.c.logging.MethodLoggingAspect - Controller exit: StorefrontCartController.getCart(..) -> status=200 (4 ms)
2026-01-10 01:32:33.725 [39mDEBUG[0;39m [ddc1ca9c-c996-4762-b644-a87a4ad2b59a] [http-nio-8080-exec-9] c.b.c.logging.MethodLoggingAspect - Controller result: StorefrontCartController.getCart(..) => ResponseEntity(status=200)
2026-01-10 01:32:33.731 [34mINFO [0;39m [ddc1ca9c-c996-4762-b644-a87a4ad2b59a] [http-nio-8080-exec-9] c.b.config.logging.HttpLoggingFilter - GET /api/storefront/cart -> 200 (12 ms)
2026-01-10 01:32:33.731 [34mINFO [0;39m [ddc1ca9c-c996-4762-b644-a87a4ad2b59a] [http-nio-8080-exec-9] c.b.config.logging.HttpLoggingFilter - Headers: auth=present content-type=null accept=null
2026-01-10 01:32:33.732 [34mINFO [0;39m [ddc1ca9c-c996-4762-b644-a87a4ad2b59a] [http-nio-8080-exec-9] c.b.config.logging.HttpLoggingFilter - Response payload: {"totals":{"subtotal":0.0,"itemsCount":0},"items":[]}
2026-01-10 01:33:06.992 [39mDEBUG[0;39m [8ef575fe-ea4e-4a1d-baef-1bc061b8eea6] [http-nio-8080-exec-1] c.b.c.logging.MethodLoggingAspect - Controller enter: SellerStoreController.listStores(..) args=[null, null, null, null, null, null, default]
2026-01-10 01:33:06.992 [1;31mERROR[0;39m [8ef575fe-ea4e-4a1d-baef-1bc061b8eea6] [http-nio-8080-exec-1] c.b.c.logging.MethodLoggingAspect - Unhandled exception: com.bharatshop.error.UnauthorizedException: Unauthorized
2026-01-10 01:33:07.000 [1;31mERROR[0;39m [8ef575fe-ea4e-4a1d-baef-1bc061b8eea6] [http-nio-8080-exec-1] c.b.c.logging.MethodLoggingAspect - Controller error: SellerStoreController.listStores(..) (8 ms) - com.bharatshop.error.UnauthorizedException: Unauthorized
2026-01-10 01:33:07.000 [31mWARN [0;39m [8ef575fe-ea4e-4a1d-baef-1bc061b8eea6] [http-nio-8080-exec-1] c.b.config.GlobalExceptionHandler - API error: code=UNAUTHORIZED message=Unauthorized
2026-01-10 01:33:07.000 [34mINFO [0;39m [8ef575fe-ea4e-4a1d-baef-1bc061b8eea6] [http-nio-8080-exec-1] c.b.config.logging.HttpLoggingFilter - GET /api/seller/stores -> 401 (8 ms)
2026-01-10 01:33:07.000 [34mINFO [0;39m [8ef575fe-ea4e-4a1d-baef-1bc061b8eea6] [http-nio-8080-exec-1] c.b.config.logging.HttpLoggingFilter - Headers: auth=present content-type=null accept=null
2026-01-10 01:33:07.000 [34mINFO [0;39m [8ef575fe-ea4e-4a1d-baef-1bc061b8eea6] [http-nio-8080-exec-1] c.b.config.logging.HttpLoggingFilter - Response payload: {"code":"UNAUTHORIZED","message":"Unauthorized"}
2026-01-10 01:33:07.345 [39mDEBUG[0;39m [1017d720-6f78-4976-8b08-af0eefaada95] [http-nio-8080-exec-2] c.b.c.logging.MethodLoggingAspect - Controller enter: SellerOrderController.list(..) args=[null, null, null, null, null, null, default]
2026-01-10 01:33:07.347 [1;31mERROR[0;39m [1017d720-6f78-4976-8b08-af0eefaada95] [http-nio-8080-exec-2] c.b.c.logging.MethodLoggingAspect - Unhandled exception: com.bharatshop.error.UnauthorizedException: Unauthorized
2026-01-10 01:33:07.347 [1;31mERROR[0;39m [1017d720-6f78-4976-8b08-af0eefaada95] [http-nio-8080-exec-2] c.b.c.logging.MethodLoggingAspect - Controller error: SellerOrderController.list(..) (2 ms) - com.bharatshop.error.UnauthorizedException: Unauthorized
2026-01-10 01:33:07.347 [31mWARN [0;39m [1017d720-6f78-4976-8b08-af0eefaada95] [http-nio-8080-exec-2] c.b.config.GlobalExceptionHandler - API error: code=UNAUTHORIZED message=Unauthorized
2026-01-10 01:33:07.347 [34mINFO [0;39m [1017d720-6f78-4976-8b08-af0eefaada95] [http-nio-8080-exec-2] c.b.config.logging.HttpLoggingFilter - GET /api/seller/orders -> 401 (10 ms)
2026-01-10 01:33:07.347 [34mINFO [0;39m [1017d720-6f78-4976-8b08-af0eefaada95] [http-nio-8080-exec-2] c.b.config.logging.HttpLoggingFilter - Headers: auth=present content-type=null accept=null
2026-01-10 01:33:07.347 [34mINFO [0;39m [1017d720-6f78-4976-8b08-af0eefaada95] [http-nio-8080-exec-2] c.b.config.logging.HttpLoggingFilter - Response payload: {"code":"UNAUTHORIZED","message":"Unauthorized"}
2026-01-10 01:33:07.643 [34mINFO [0;39m [51cf84d8-6ff7-43b9-bffa-3caf90b4d7de] [http-nio-8080-exec-3] c.b.config.logging.HttpLoggingFilter - GET /api/riders -> 404 (6 ms)
2026-01-10 01:33:07.643 [34mINFO [0;39m [51cf84d8-6ff7-43b9-bffa-3caf90b4d7de] [http-nio-8080-exec-3] c.b.config.logging.HttpLoggingFilter - Headers: auth=present content-type=null accept=null
2026-01-10 01:33:45.109 [39mDEBUG[0;39m [49677ad6-89f7-40d6-b13b-40c4517be297] [http-nio-8080-exec-4] c.b.c.logging.MethodLoggingAspect - Controller enter: ZoneController.list(..) args=[null]
2026-01-10 01:33:45.112 [34mINFO [0;39m [49677ad6-89f7-40d6-b13b-40c4517be297] [http-nio-8080-exec-4] c.b.c.logging.MethodLoggingAspect - Controller exit: ZoneController.list(..) -> status=200 (3 ms)
2026-01-10 01:33:45.112 [39mDEBUG[0;39m [49677ad6-89f7-40d6-b13b-40c4517be297] [http-nio-8080-exec-4] c.b.c.logging.MethodLoggingAspect - Controller result: ZoneController.list(..) => ResponseEntity(status=200)
2026-01-10 01:33:45.114 [34mINFO [0;39m [49677ad6-89f7-40d6-b13b-40c4517be297] [http-nio-8080-exec-4] c.b.config.logging.HttpLoggingFilter - GET /api/zones -> 200 (7 ms)
2026-01-10 01:33:45.114 [34mINFO [0;39m [49677ad6-89f7-40d6-b13b-40c4517be297] [http-nio-8080-exec-4] c.b.config.logging.HttpLoggingFilter - Headers: auth=present content-type=null accept=null
2026-01-10 01:33:45.114 [34mINFO [0;39m [49677ad6-89f7-40d6-b13b-40c4517be297] [http-nio-8080-exec-4] c.b.config.logging.HttpLoggingFilter - Response payload: []
2026-01-10 01:33:45.371 [34mINFO [0;39m [9caefea4-c309-4835-9ae3-0572b700310a] [http-nio-8080-exec-5] c.b.config.logging.HttpLoggingFilter - GET /api/serviceable?lat=28.6139&lng=77.2090 -> 404 (0 ms)
2026-01-10 01:33:45.371 [34mINFO [0;39m [9caefea4-c309-4835-9ae3-0572b700310a] [http-nio-8080-exec-5] c.b.config.logging.HttpLoggingFilter - Headers: auth=absent content-type=null accept=null
2026-01-10 01:33:45.648 [34mINFO [0;39m [3ef34603-9f37-4234-a435-192347561f38] [http-nio-8080-exec-6] c.b.config.logging.HttpLoggingFilter - GET /api/i18n -> 404 (2 ms)
2026-01-10 01:33:45.650 [34mINFO [0;39m [3ef34603-9f37-4234-a435-192347561f38] [http-nio-8080-exec-6] c.b.config.logging.HttpLoggingFilter - Headers: auth=absent content-type=null accept=null
2026-01-10 05:07:01.062 [31mWARN [0;39m [] [HikariPool-1 housekeeper] com.zaxxer.hikari.pool.HikariPool - HikariPool-1 - Thread starvation or clock leap detected (housekeeper delta=3h31m25s244ms637µs400ns).
2026-01-10 19:39:27.470 [31mWARN [0;39m [] [HikariPool-1 housekeeper] com.zaxxer.hikari.pool.HikariPool - HikariPool-1 - Thread starvation or clock leap detected (housekeeper delta=14h32m30s735ms772µs700ns).
